ISO-10303-21;
HEADER;
FILE_DESCRIPTION(('Open CASCADE Model'),'2;1');
FILE_NAME('Open CASCADE Shape Model','2026-09-05T04:29:48',('Author'),(
    'Open CASCADE'),'Open CASCADE STEP processor 7.8','Open CASCADE 7.8'
  ,'Unknown');
FILE_SCHEMA(('AUTOMOTIVE_DESIGN { 1 0 10303 214 1 1 1 1 }'));
ENDSEC;
DATA;
#1 = APPLICATION_PROTOCOL_DEFINITION('international standard',
  'automotive_design',2000,#2);
#2 = APPLICATION_CONTEXT(
  'core data for automotive mechanical design processes');
#3 = SHAPE_DEFINITION_REPRESENTATION(#4,#10);
#4 = PRODUCT_DEFINITION_SHAPE('','',#5);
#5 = PRODUCT_DEFINITION('design','',#6,#9);
#6 = PRODUCT_DEFINITION_FORMATION('','',#7);
#7 = PRODUCT('Open CASCADE STEP translator 7.8 73',
  'Open CASCADE STEP translator 7.8 73','',(#8));
#8 = PRODUCT_CONTEXT('',#2,'mechanical');
#9 = PRODUCT_DEFINITION_CONTEXT('part definition',#2,'design');
#10 = ADVANCED_BREP_SHAPE_REPRESENTATION('',(#11,#15),#5100);
#11 = AXIS2_PLACEMENT_3D('',#12,#13,#14);
#12 = CARTESIAN_POINT('',(0.,0.,0.));
#13 = DIRECTION('',(0.,0.,1.));
#14 = DIRECTION('',(1.,0.,-0.));
#15 = MANIFOLD_SOLID_BREP('',#16);
#16 = CLOSED_SHELL('',(#17,#2039,#2206,#2655,#2706,#2757,#2969,#3090,
    #3280,#3379,#3555,#3610,#3665,#3797,#3973,#4028,#4083,#4215,#4391,
    #4446,#4501,#4633,#4809,#4864,#4919,#5063));
#17 = ADVANCED_FACE('',(#18,#662,#1028,#1274,#1529,#1793),#57,.T.);
#18 = FACE_BOUND('',#19,.T.);
#19 = EDGE_LOOP('',(#20,#241,#273,#351));
#20 = ORIENTED_EDGE('',*,*,#21,.T.);
#21 = EDGE_CURVE('',#22,#24,#26,.T.);
#22 = VERTEX_POINT('',#23);
#23 = CARTESIAN_POINT('',(-35.09999999534,4.440892098501E-15,-134.));
#24 = VERTEX_POINT('',#25);
#25 = CARTESIAN_POINT('',(35.1,0.,-134.));
#26 = SURFACE_CURVE('',#27,(#56,#204),.PCURVE_S1.);
#27 = B_SPLINE_CURVE_WITH_KNOTS('',14,(#28,#29,#30,#31,#32,#33,#34,#35,
    #36,#37,#38,#39,#40,#41,#42,#43,#44,#45,#46,#47,#48,#49,#50,#51,#52,
    #53,#54,#55),.UNSPECIFIED.,.T.,.F.,(15,13,15),(0.,0.5,1.),
  .UNSPECIFIED.);
#28 = CARTESIAN_POINT('',(35.1,-2.526528164824E-14,-134.));
#29 = CARTESIAN_POINT('',(35.100000000002,5.688526697754,-134.));
#30 = CARTESIAN_POINT('',(33.196576480474,11.377054445386,-134.));
#31 = CARTESIAN_POINT('',(29.38972822475,16.705682949218,-134.));
#32 = CARTESIAN_POINT('',(23.821777192709,21.31453220762,-134.));
#33 = CARTESIAN_POINT('',(16.777354717983,24.875981716772,-134.));
#34 = CARTESIAN_POINT('',(8.667814734469,27.12701994193,-134.));
#35 = CARTESIAN_POINT('',(-3.146633087425E-08,27.897072112849,-134.));
#36 = CARTESIAN_POINT('',(-8.667814540826,27.127020980862,-134.));
#37 = CARTESIAN_POINT('',(-16.77735532517,24.875981942444,-134.));
#38 = CARTESIAN_POINT('',(-23.82177626384,21.314529723648,-134.));
#39 = CARTESIAN_POINT('',(-29.38972889724,16.705685751247,-134.));
#40 = CARTESIAN_POINT('',(-33.19657629598,11.377053320335,-134.));
#41 = CARTESIAN_POINT('',(-35.09999999534,5.688526660168,-134.));
#42 = CARTESIAN_POINT('',(-35.09999999534,-5.688526660168,-134.));
#43 = CARTESIAN_POINT('',(-33.19657629598,-11.37705332033,-134.));
#44 = CARTESIAN_POINT('',(-29.38972889724,-16.70568575124,-134.));
#45 = CARTESIAN_POINT('',(-23.82177626384,-21.31452972364,-134.));
#46 = CARTESIAN_POINT('',(-16.77735532517,-24.87598194244,-134.));
#47 = CARTESIAN_POINT('',(-8.667814540826,-27.12702098086,-134.));
#48 = CARTESIAN_POINT('',(-3.146637617135E-08,-27.89707211284,-134.));
#49 = CARTESIAN_POINT('',(8.667814734469,-27.12701994193,-134.));
#50 = CARTESIAN_POINT('',(16.777354717983,-24.87598171677,-134.));
#51 = CARTESIAN_POINT('',(23.82177719271,-21.31453220761,-134.));
#52 = CARTESIAN_POINT('',(29.38972822475,-16.70568294921,-134.));
#53 = CARTESIAN_POINT('',(33.196576480473,-11.37705444539,-134.));
#54 = CARTESIAN_POINT('',(35.100000000003,-5.688526697748,-134.));
#55 = CARTESIAN_POINT('',(35.1,1.736728226372E-14,-134.));
#56 = PCURVE('',#57,#198);
#57 = ( BOUNDED_SURFACE() B_SPLINE_SURFACE(14,4,(
    (#58,#59,#60,#61,#62)
    ,(#63,#64,#65,#66,#67)
    ,(#68,#69,#70,#71,#72)
    ,(#73,#74,#75,#76,#77)
    ,(#78,#79,#80,#81,#82)
    ,(#83,#84,#85,#86,#87)
    ,(#88,#89,#90,#91,#92)
    ,(#93,#94,#95,#96,#97)
    ,(#98,#99,#100,#101,#102)
    ,(#103,#104,#105,#106,#107)
    ,(#108,#109,#110,#111,#112)
    ,(#113,#114,#115,#116,#117)
    ,(#118,#119,#120,#121,#122)
    ,(#123,#124,#125,#126,#127)
    ,(#128,#129,#130,#131,#132)
    ,(#133,#134,#135,#136,#137)
    ,(#138,#139,#140,#141,#142)
    ,(#143,#144,#145,#146,#147)
    ,(#148,#149,#150,#151,#152)
    ,(#153,#154,#155,#156,#157)
    ,(#158,#159,#160,#161,#162)
    ,(#163,#164,#165,#166,#167)
    ,(#168,#169,#170,#171,#172)
    ,(#173,#174,#175,#176,#177)
    ,(#178,#179,#180,#181,#182)
    ,(#183,#184,#185,#186,#187)
    ,(#188,#189,#190,#191,#192)
    ,(#193,#194,#195,#196,#197
)),.UNSPECIFIED.,.T.,.F.,.F.) B_SPLINE_SURFACE_WITH_KNOTS((15,13,15),(5,
5),(0.,0.5,1.),(0.,1.),.UNSPECIFIED.) GEOMETRIC_REPRESENTATION_ITEM() 
RATIONAL_B_SPLINE_SURFACE((
    (1.,1.,1.,1.,1.)
    ,(1.,1.,1.,1.,1.)
    ,(1.,1.,1.,1.,1.)
    ,(1.,1.,1.,1.,1.)
    ,(1.,1.,1.,1.,1.)
    ,(1.,1.,1.,1.,1.)
    ,(1.,1.,1.,1.,1.)
    ,(1.,1.,1.,1.,1.)
    ,(1.,1.,1.,1.,1.)
    ,(1.,1.,1.,1.,1.)
    ,(1.,1.,1.,1.,1.)
    ,(1.,1.,1.,1.,1.)
    ,(1.,1.,1.,1.,1.)
    ,(1.,1.,1.,1.,1.)
    ,(1.,1.,1.,1.,1.)
    ,(1.,1.,1.,1.,1.)
    ,(1.,1.,1.,1.,1.)
    ,(1.,1.,1.,1.,1.)
    ,(1.,1.,1.,1.,1.)
    ,(1.,1.,1.,1.,1.)
    ,(1.,1.,1.,1.,1.)
    ,(1.,1.,1.,1.,1.)
    ,(1.,1.,1.,1.,1.)
    ,(1.,1.,1.,1.,1.)
    ,(1.,1.,1.,1.,1.)
    ,(1.,1.,1.,1.,1.)
    ,(1.,1.,1.,1.,1.)
,(1.,1.,1.,1.,1.))) REPRESENTATION_ITEM('') SURFACE() );
#58 = CARTESIAN_POINT('',(35.1,-2.526528164824E-14,-134.));
#59 = CARTESIAN_POINT('',(81.760837080153,-8.349631432644E-15,
    -76.09157987452));
#60 = CARTESIAN_POINT('',(36.354567428881,4.16214942914E-14,
    5.923158805326));
#61 = CARTESIAN_POINT('',(51.998719407027,-9.17837277314E-15,
    65.036627364389));
#62 = CARTESIAN_POINT('',(30.24,2.58226646963E-15,134.));
#63 = CARTESIAN_POINT('',(35.100000000002,5.688526697754,-134.));
#64 = CARTESIAN_POINT('',(81.760837080146,13.250675343601,
    -76.09157987452));
#65 = CARTESIAN_POINT('',(36.354567428884,5.891849783606,5.923158805326)
  );
#66 = CARTESIAN_POINT('',(51.998719407026,8.427239418686,65.036627364389
    ));
#67 = CARTESIAN_POINT('',(30.240000000001,4.900884539604,134.));
#68 = CARTESIAN_POINT('',(33.196576480474,11.377054445386,-134.));
#69 = CARTESIAN_POINT('',(77.327061209793,26.501347369064,
    -76.09157987452));
#70 = CARTESIAN_POINT('',(34.383110344124,11.783699777349,5.923158805326
    ));
#71 = CARTESIAN_POINT('',(49.178902290257,16.854481220251,
    65.036627364389));
#72 = CARTESIAN_POINT('',(28.600127429332,9.801769983716,134.));
#73 = CARTESIAN_POINT('',(29.38972822475,16.705682949218,-134.));
#74 = CARTESIAN_POINT('',(68.459513063207,38.913710846632,
    -76.09157987452));
#75 = CARTESIAN_POINT('',(30.440195892857,17.302791251468,5.923158805326
    ));
#76 = CARTESIAN_POINT('',(43.539265331325,24.748547860378,
    65.036627364389));
#77 = CARTESIAN_POINT('',(25.320381239784,14.392588387019,134.));
#78 = CARTESIAN_POINT('',(23.821777192709,21.31453220762,-134.));
#79 = CARTESIAN_POINT('',(55.489692929149,49.649380123126,
    -76.09157987452));
#80 = CARTESIAN_POINT('',(24.673229954672,22.076367058619,5.923158805326
    ));
#81 = CARTESIAN_POINT('',(35.290653559058,31.576310189771,
    65.036627364389));
#82 = CARTESIAN_POINT('',(20.523377273719,18.363289286565,134.));
#83 = CARTESIAN_POINT('',(16.777354717983,24.875981716772,-134.));
#84 = CARTESIAN_POINT('',(39.08064901523,57.945337667237,-76.09157987452
    ));
#85 = CARTESIAN_POINT('',(17.377022964416,25.765116661747,5.923158805326
    ));
#86 = CARTESIAN_POINT('',(24.85472733751,36.852397589582,65.036627364389
    ));
#87 = CARTESIAN_POINT('',(14.454336372417,21.431615017526,134.));
#88 = CARTESIAN_POINT('',(8.667814734469,27.12701994193,-134.));
#89 = CARTESIAN_POINT('',(20.190531990515,63.188835722565,
    -76.09157987452));
#90 = CARTESIAN_POINT('',(8.977625004256,28.096613037584,5.923158805326)
  );
#91 = CARTESIAN_POINT('',(12.840891248709,40.187186857369,
    65.036627364389));
#92 = CARTESIAN_POINT('',(7.467655771235,23.370971026894,134.));
#93 = CARTESIAN_POINT('',(-3.146633087425E-08,27.897072112849,-134.));
#94 = CARTESIAN_POINT('',(5.699579655815E-08,64.982552696615,
    -76.09157987452));
#95 = CARTESIAN_POINT('',(-1.276043384448E-08,28.894186128972,
    5.923158805326));
#96 = CARTESIAN_POINT('',(-6.532247455171E-08,41.327979429179,
    65.036627364389));
#97 = CARTESIAN_POINT('',(-2.710945956608E-08,24.034400589531,134.));
#98 = CARTESIAN_POINT('',(-8.667814540826,27.127020980862,-134.));
#99 = CARTESIAN_POINT('',(-20.19053234127,63.188833840701,
    -76.09157987452));
#100 = CARTESIAN_POINT('',(-8.97762492573,28.096613458873,5.923158805326
    ));
#101 = CARTESIAN_POINT('',(-12.84089084671,40.18718901415,
    65.036627364389));
#102 = CARTESIAN_POINT('',(-7.467655604404,23.370971921974,134.));
#103 = CARTESIAN_POINT('',(-16.77735532517,24.875981942444,-134.));
#104 = CARTESIAN_POINT('',(-39.08064791537,57.945337258451,
    -76.09157987452));
#105 = CARTESIAN_POINT('',(-17.37702321064,25.76511675327,5.923158805326
    ));
#106 = CARTESIAN_POINT('',(-24.85472859802,36.852398058065,
    65.036627364389));
#107 = CARTESIAN_POINT('',(-14.45433689553,21.431615211952,134.));
#108 = CARTESIAN_POINT('',(-23.82177626384,21.314529723648,-134.));
#109 = CARTESIAN_POINT('',(-55.48969461166,49.649384622488,
    -76.09157987452));
#110 = CARTESIAN_POINT('',(-24.673229578,22.076366051337,5.923158805326)
  );
#111 = CARTESIAN_POINT('',(-35.29065163077,31.576305033154,
    65.036627364389));
#112 = CARTESIAN_POINT('',(-20.52337647346,18.363287146528,134.));
#113 = CARTESIAN_POINT('',(-29.38972889724,16.705685751247,-134.));
#114 = CARTESIAN_POINT('',(-68.45951184507,38.91370577117,
    -76.09157987452));
#115 = CARTESIAN_POINT('',(-30.44019616556,17.302792387715,
    5.923158805326));
#116 = CARTESIAN_POINT('',(-43.53926672739,24.748553677273,
    65.036627364389));
#117 = CARTESIAN_POINT('',(-25.32038181916,14.392590801074,134.));
#118 = CARTESIAN_POINT('',(-33.19657629598,11.377053320335,-134.));
#119 = CARTESIAN_POINT('',(-77.32706154397,26.501349406914,
    -76.09157987452));
#120 = CARTESIAN_POINT('',(-34.38311026931,11.783699321142,
    5.923158805326));
#121 = CARTESIAN_POINT('',(-49.17890190725,16.854478884687,
    65.036627364389));
#122 = CARTESIAN_POINT('',(-28.60012727038,9.801769014442,134.));
#123 = CARTESIAN_POINT('',(-35.09999999534,5.688526660168,-134.));
#124 = CARTESIAN_POINT('',(-81.76083708857,13.250675411693,
    -76.09157987452));
#125 = CARTESIAN_POINT('',(-36.35456742699,5.891849768356,5.923158805326
    ));
#126 = CARTESIAN_POINT('',(-51.99871939737,8.427239340662,
    65.036627364389));
#127 = CARTESIAN_POINT('',(-30.23999999599,4.900884507221,134.));
#128 = CARTESIAN_POINT('',(-35.09999999534,-5.688526660168,-134.));
#129 = CARTESIAN_POINT('',(-81.76083708857,-13.25067541169,
    -76.09157987452));
#130 = CARTESIAN_POINT('',(-36.35456742699,-5.891849768356,
    5.923158805326));
#131 = CARTESIAN_POINT('',(-51.99871939737,-8.427239340662,
    65.036627364389));
#132 = CARTESIAN_POINT('',(-30.23999999599,-4.900884507221,134.));
#133 = CARTESIAN_POINT('',(-33.19657629598,-11.37705332033,-134.));
#134 = CARTESIAN_POINT('',(-77.32706154396,-26.50134940691,
    -76.09157987452));
#135 = CARTESIAN_POINT('',(-34.38311026931,-11.78369932114,
    5.923158805326));
#136 = CARTESIAN_POINT('',(-49.17890190725,-16.85447888468,
    65.036627364389));
#137 = CARTESIAN_POINT('',(-28.60012727038,-9.801769014442,134.));
#138 = CARTESIAN_POINT('',(-29.38972889724,-16.70568575124,-134.));
#139 = CARTESIAN_POINT('',(-68.45951184508,-38.91370577116,
    -76.09157987452));
#140 = CARTESIAN_POINT('',(-30.44019616556,-17.30279238771,
    5.923158805326));
#141 = CARTESIAN_POINT('',(-43.53926672739,-24.74855367727,
    65.036627364389));
#142 = CARTESIAN_POINT('',(-25.32038181916,-14.39259080107,134.));
#143 = CARTESIAN_POINT('',(-23.82177626384,-21.31452972364,-134.));
#144 = CARTESIAN_POINT('',(-55.48969461166,-49.64938462249,
    -76.09157987452));
#145 = CARTESIAN_POINT('',(-24.673229578,-22.07636605133,5.923158805326)
  );
#146 = CARTESIAN_POINT('',(-35.29065163077,-31.57630503315,
    65.036627364389));
#147 = CARTESIAN_POINT('',(-20.52337647346,-18.36328714652,134.));
#148 = CARTESIAN_POINT('',(-16.77735532517,-24.87598194244,-134.));
#149 = CARTESIAN_POINT('',(-39.08064791537,-57.94533725845,
    -76.09157987452));
#150 = CARTESIAN_POINT('',(-17.37702321064,-25.76511675327,
    5.923158805326));
#151 = CARTESIAN_POINT('',(-24.85472859802,-36.85239805806,
    65.036627364389));
#152 = CARTESIAN_POINT('',(-14.45433689553,-21.43161521195,134.));
#153 = CARTESIAN_POINT('',(-8.667814540826,-27.12702098086,-134.));
#154 = CARTESIAN_POINT('',(-20.19053234127,-63.18883384069,
    -76.09157987452));
#155 = CARTESIAN_POINT('',(-8.977624925729,-28.09661345887,
    5.923158805326));
#156 = CARTESIAN_POINT('',(-12.84089084671,-40.18718901415,
    65.036627364389));
#157 = CARTESIAN_POINT('',(-7.467655604404,-23.37097192197,134.));
#158 = CARTESIAN_POINT('',(-3.146637617135E-08,-27.89707211284,-134.));
#159 = CARTESIAN_POINT('',(5.699798695812E-08,-64.98255269661,
    -76.09157987452));
#160 = CARTESIAN_POINT('',(-1.276185049236E-08,-28.89418612897,
    5.923158805326));
#161 = CARTESIAN_POINT('',(-6.532208323988E-08,-41.32797942917,
    65.036627364389));
#162 = CARTESIAN_POINT('',(-2.710948399098E-08,-24.03440058953,134.));
#163 = CARTESIAN_POINT('',(8.667814734469,-27.12701994193,-134.));
#164 = CARTESIAN_POINT('',(20.190531990521,-63.18883572257,
    -76.09157987452));
#165 = CARTESIAN_POINT('',(8.977625004255,-28.09661303758,5.923158805326
    ));
#166 = CARTESIAN_POINT('',(12.840891248709,-40.18718685736,
    65.036627364389));
#167 = CARTESIAN_POINT('',(7.467655771235,-23.37097102689,134.));
#168 = CARTESIAN_POINT('',(16.777354717983,-24.87598171677,-134.));
#169 = CARTESIAN_POINT('',(39.080649015224,-57.94533766723,
    -76.09157987452));
#170 = CARTESIAN_POINT('',(17.377022964417,-25.76511666174,
    5.923158805326));
#171 = CARTESIAN_POINT('',(24.85472733751,-36.85239758958,
    65.036627364389));
#172 = CARTESIAN_POINT('',(14.454336372416,-21.43161501752,134.));
#173 = CARTESIAN_POINT('',(23.82177719271,-21.31453220761,-134.));
#174 = CARTESIAN_POINT('',(55.489692929145,-49.64938012312,
    -76.09157987452));
#175 = CARTESIAN_POINT('',(24.673229954673,-22.07636705861,
    5.923158805326));
#176 = CARTESIAN_POINT('',(35.290653559058,-31.57631018977,
    65.036627364389));
#177 = CARTESIAN_POINT('',(20.523377273719,-18.36328928656,134.));
#178 = CARTESIAN_POINT('',(29.38972822475,-16.70568294921,-134.));
#179 = CARTESIAN_POINT('',(68.459513063219,-38.91371084665,
    -76.09157987452));
#180 = CARTESIAN_POINT('',(30.440195892855,-17.30279125146,
    5.923158805326));
#181 = CARTESIAN_POINT('',(43.539265331325,-24.74854786037,
    65.036627364389));
#182 = CARTESIAN_POINT('',(25.320381239785,-14.39258838701,134.));
#183 = CARTESIAN_POINT('',(33.196576480473,-11.37705444539,-134.));
#184 = CARTESIAN_POINT('',(77.327061209782,-26.50134736903,
    -76.09157987452));
#185 = CARTESIAN_POINT('',(34.383110344125,-11.78369977735,
    5.923158805326));
#186 = CARTESIAN_POINT('',(49.178902290258,-16.85448122026,
    65.036627364389));
#187 = CARTESIAN_POINT('',(28.600127429331,-9.801769983726,134.));
#188 = CARTESIAN_POINT('',(35.100000000003,-5.688526697748,-134.));
#189 = CARTESIAN_POINT('',(81.760837080149,-13.25067534361,
    -76.09157987452));
#190 = CARTESIAN_POINT('',(36.354567428885,-5.891849783601,
    5.923158805326));
#191 = CARTESIAN_POINT('',(51.998719407025,-8.427239418677,
    65.036627364389));
#192 = CARTESIAN_POINT('',(30.240000000002,-4.900884539597,134.));
#193 = CARTESIAN_POINT('',(35.1,1.736728226372E-14,-134.));
#194 = CARTESIAN_POINT('',(81.760837080153,-3.265418011057E-14,
    -76.09157987452));
#195 = CARTESIAN_POINT('',(36.354567428881,1.627200124006E-14,
    5.923158805326));
#196 = CARTESIAN_POINT('',(51.998719407026,-1.820148566052E-14,
    65.036627364389));
#197 = CARTESIAN_POINT('',(30.24,-1.162858844686E-14,134.));
#198 = DEFINITIONAL_REPRESENTATION('',(#199),#203);
#199 = LINE('',#200,#201);
#200 = CARTESIAN_POINT('',(0.,0.));
#201 = VECTOR('',#202,1.);
#202 = DIRECTION('',(1.,0.));
#203 = ( GEOMETRIC_REPRESENTATION_CONTEXT(2) 
PARAMETRIC_REPRESENTATION_CONTEXT() REPRESENTATION_CONTEXT('2D SPACE',''
  ) );
#204 = PCURVE('',#205,#210);
#205 = PLANE('',#206);
#206 = AXIS2_PLACEMENT_3D('',#207,#208,#209);
#207 = CARTESIAN_POINT('',(35.1,-2.526528164824E-14,-134.));
#208 = DIRECTION('',(-0.,0.,-1.));
#209 = DIRECTION('',(-0.9991164548,-4.202748799849E-02,0.));
#210 = DEFINITIONAL_REPRESENTATION('',(#211),#240);
#211 = B_SPLINE_CURVE_WITH_KNOTS('',14,(#212,#213,#214,#215,#216,#217,
    #218,#219,#220,#221,#222,#223,#224,#225,#226,#227,#228,#229,#230,
    #231,#232,#233,#234,#235,#236,#237,#238,#239),.UNSPECIFIED.,.F.,.F.,
  (15,13,15),(0.,0.5,1.),.UNSPECIFIED.);
#212 = CARTESIAN_POINT('',(0.,0.));
#213 = CARTESIAN_POINT('',(-0.239074487521,5.683500627296));
#214 = CARTESIAN_POINT('',(1.423592739651,11.446998412666));
#215 = CARTESIAN_POINT('',(5.003128602379,16.930911101741));
#216 = CARTESIAN_POINT('',(10.372461741118,21.76969522868));
#217 = CARTESIAN_POINT('',(17.260981373678,25.624057417226));
#218 = CARTESIAN_POINT('',(25.268750730075,28.213930342697));
#219 = CARTESIAN_POINT('',(33.89654373151,29.347588618765));
#220 = CARTESIAN_POINT('',(42.589063149675,28.942504332025));
#221 = CARTESIAN_POINT('',(50.786044304366,27.034277816331));
#222 = CARTESIAN_POINT('',(57.973920069108,23.772031618003));
#223 = CARTESIAN_POINT('',(63.730651299425,19.401266830047));
#224 = CARTESIAN_POINT('',(67.758084211954,14.237334720103));
#225 = CARTESIAN_POINT('',(69.898900636388,8.633830247041));
#226 = CARTESIAN_POINT('',(70.377049608267,-2.733170932445));
#227 = CARTESIAN_POINT('',(68.714382155711,-8.496667638869));
#228 = CARTESIAN_POINT('',(65.134847314259,-13.98058421553));
#229 = CARTESIAN_POINT('',(59.765512353416,-18.81936312844));
#230 = CARTESIAN_POINT('',(52.87699436944,-22.67372795968));
#231 = CARTESIAN_POINT('',(44.869224247091,-25.26360173135));
#232 = CARTESIAN_POINT('',(36.241431458342,-26.39725895862));
#233 = CARTESIAN_POINT('',(27.548911740164,-25.99217364465));
#234 = CARTESIAN_POINT('',(19.351931419783,-24.08394790784));
#235 = CARTESIAN_POINT('',(12.164054234216,-20.82170448132));
#236 = CARTESIAN_POINT('',(6.407324381688,-16.45093434473));
#237 = CARTESIAN_POINT('',(2.379890777976,-11.28700619442));
#238 = CARTESIAN_POINT('',(0.239074487516,-5.68350062729));
#239 = CARTESIAN_POINT('',(-2.13162820728E-14,4.196643033083E-14));
#240 = ( GEOMETRIC_REPRESENTATION_CONTEXT(2) 
PARAMETRIC_REPRESENTATION_CONTEXT() REPRESENTATION_CONTEXT('2D SPACE',''
  ) );
#241 = ORIENTED_EDGE('',*,*,#242,.T.);
#242 = EDGE_CURVE('',#24,#243,#245,.T.);
#243 = VERTEX_POINT('',#244);
#244 = CARTESIAN_POINT('',(30.24,0.,134.));
#245 = SURFACE_CURVE('',#246,(#252,#259),.PCURVE_S1.);
#246 = ( BOUNDED_CURVE() B_SPLINE_CURVE(4,(#247,#248,#249,#250,#251),
.UNSPECIFIED.,.F.,.F.) B_SPLINE_CURVE_WITH_KNOTS((5,5),(0.,1.),
.PIECEWISE_BEZIER_KNOTS.) CURVE() GEOMETRIC_REPRESENTATION_ITEM() 
RATIONAL_B_SPLINE_CURVE((1.,1.,1.,1.,1.)) REPRESENTATION_ITEM('') );
#247 = CARTESIAN_POINT('',(35.1,-2.526528164824E-14,-134.));
#248 = CARTESIAN_POINT('',(81.760837080153,-8.349631432644E-15,
    -76.09157987452));
#249 = CARTESIAN_POINT('',(36.354567428881,4.16214942914E-14,
    5.923158805326));
#250 = CARTESIAN_POINT('',(51.998719407027,-9.17837277314E-15,
    65.036627364389));
#251 = CARTESIAN_POINT('',(30.24,2.58226646963E-15,134.));
#252 = PCURVE('',#57,#253);
#253 = DEFINITIONAL_REPRESENTATION('',(#254),#258);
#254 = LINE('',#255,#256);
#255 = CARTESIAN_POINT('',(1.,0.));
#256 = VECTOR('',#257,1.);
#257 = DIRECTION('',(0.,1.));
#258 = ( GEOMETRIC_REPRESENTATION_CONTEXT(2) 
PARAMETRIC_REPRESENTATION_CONTEXT() REPRESENTATION_CONTEXT('2D SPACE',''
  ) );
#259 = PCURVE('',#260,#265);
#260 = PLANE('',#261);
#261 = AXIS2_PLACEMENT_3D('',#262,#263,#264);
#262 = CARTESIAN_POINT('',(-108.,0.,-160.8));
#263 = DIRECTION('',(0.,1.,0.));
#264 = DIRECTION('',(0.,0.,1.));
#265 = DEFINITIONAL_REPRESENTATION('',(#266),#272);
#266 = ( BOUNDED_CURVE() B_SPLINE_CURVE(4,(#267,#268,#269,#270,#271),
.UNSPECIFIED.,.F.,.F.) B_SPLINE_CURVE_WITH_KNOTS((5,5),(0.,1.),
.PIECEWISE_BEZIER_KNOTS.) CURVE() GEOMETRIC_REPRESENTATION_ITEM() 
RATIONAL_B_SPLINE_CURVE((1.,1.,1.,1.,1.)) REPRESENTATION_ITEM('') );
#267 = CARTESIAN_POINT('',(26.8,143.1));
#268 = CARTESIAN_POINT('',(84.708420125471,189.76083708015));
#269 = CARTESIAN_POINT('',(166.72315880532,144.35456742888));
#270 = CARTESIAN_POINT('',(225.83662736438,159.99871940702));
#271 = CARTESIAN_POINT('',(294.8,138.24));
#272 = ( GEOMETRIC_REPRESENTATION_CONTEXT(2) 
PARAMETRIC_REPRESENTATION_CONTEXT() REPRESENTATION_CONTEXT('2D SPACE',''
  ) );
#273 = ORIENTED_EDGE('',*,*,#274,.F.);
#274 = EDGE_CURVE('',#275,#243,#277,.T.);
#275 = VERTEX_POINT('',#276);
#276 = CARTESIAN_POINT('',(-30.23999999599,4.440892098501E-15,134.));
#277 = SURFACE_CURVE('',#278,(#307,#314),.PCURVE_S1.);
#278 = B_SPLINE_CURVE_WITH_KNOTS('',14,(#279,#280,#281,#282,#283,#284,
    #285,#286,#287,#288,#289,#290,#291,#292,#293,#294,#295,#296,#297,
    #298,#299,#300,#301,#302,#303,#304,#305,#306),.UNSPECIFIED.,.T.,.F.,
  (15,13,15),(0.,0.5,1.),.UNSPECIFIED.);
#279 = CARTESIAN_POINT('',(30.24,2.58226646963E-15,134.));
#280 = CARTESIAN_POINT('',(30.240000000001,4.900884539604,134.));
#281 = CARTESIAN_POINT('',(28.600127429332,9.801769983716,134.));
#282 = CARTESIAN_POINT('',(25.320381239784,14.392588387019,134.));
#283 = CARTESIAN_POINT('',(20.523377273719,18.363289286565,134.));
#284 = CARTESIAN_POINT('',(14.454336372417,21.431615017526,134.));
#285 = CARTESIAN_POINT('',(7.467655771235,23.370971026894,134.));
#286 = CARTESIAN_POINT('',(-2.710945956608E-08,24.034400589531,134.));
#287 = CARTESIAN_POINT('',(-7.467655604404,23.370971921974,134.));
#288 = CARTESIAN_POINT('',(-14.45433689553,21.431615211952,134.));
#289 = CARTESIAN_POINT('',(-20.52337647346,18.363287146528,134.));
#290 = CARTESIAN_POINT('',(-25.32038181916,14.392590801074,134.));
#291 = CARTESIAN_POINT('',(-28.60012727038,9.801769014442,134.));
#292 = CARTESIAN_POINT('',(-30.23999999599,4.900884507221,134.));
#293 = CARTESIAN_POINT('',(-30.23999999599,-4.900884507221,134.));
#294 = CARTESIAN_POINT('',(-28.60012727038,-9.801769014442,134.));
#295 = CARTESIAN_POINT('',(-25.32038181916,-14.39259080107,134.));
#296 = CARTESIAN_POINT('',(-20.52337647346,-18.36328714652,134.));
#297 = CARTESIAN_POINT('',(-14.45433689553,-21.43161521195,134.));
#298 = CARTESIAN_POINT('',(-7.467655604404,-23.37097192197,134.));
#299 = CARTESIAN_POINT('',(-2.710948399098E-08,-24.03440058953,134.));
#300 = CARTESIAN_POINT('',(7.467655771235,-23.37097102689,134.));
#301 = CARTESIAN_POINT('',(14.454336372416,-21.43161501752,134.));
#302 = CARTESIAN_POINT('',(20.523377273719,-18.36328928656,134.));
#303 = CARTESIAN_POINT('',(25.320381239785,-14.39258838701,134.));
#304 = CARTESIAN_POINT('',(28.600127429331,-9.801769983726,134.));
#305 = CARTESIAN_POINT('',(30.240000000002,-4.900884539597,134.));
#306 = CARTESIAN_POINT('',(30.24,-1.162858844686E-14,134.));
#307 = PCURVE('',#57,#308);
#308 = DEFINITIONAL_REPRESENTATION('',(#309),#313);
#309 = LINE('',#310,#311);
#310 = CARTESIAN_POINT('',(0.,1.));
#311 = VECTOR('',#312,1.);
#312 = DIRECTION('',(1.,0.));
#313 = ( GEOMETRIC_REPRESENTATION_CONTEXT(2) 
PARAMETRIC_REPRESENTATION_CONTEXT() REPRESENTATION_CONTEXT('2D SPACE',''
  ) );
#314 = PCURVE('',#315,#320);
#315 = PLANE('',#316);
#316 = AXIS2_PLACEMENT_3D('',#317,#318,#319);
#317 = CARTESIAN_POINT('',(30.24,2.58226646963E-15,134.));
#318 = DIRECTION('',(0.,0.,1.));
#319 = DIRECTION('',(-0.9991164548,4.202748799849E-02,0.));
#320 = DEFINITIONAL_REPRESENTATION('',(#321),#350);
#321 = B_SPLINE_CURVE_WITH_KNOTS('',14,(#322,#323,#324,#325,#326,#327,
    #328,#329,#330,#331,#332,#333,#334,#335,#336,#337,#338,#339,#340,
    #341,#342,#343,#344,#345,#346,#347,#348,#349),.UNSPECIFIED.,.F.,.F.,
  (15,13,15),(0.,0.5,1.),.UNSPECIFIED.);
#322 = CARTESIAN_POINT('',(0.,0.));
#323 = CARTESIAN_POINT('',(0.205971866169,-4.896554386595));
#324 = CARTESIAN_POINT('',(2.050367439485,-9.724189952115));
#325 = CARTESIAN_POINT('',(5.520156390378,-14.17311266623));
#326 = CARTESIAN_POINT('',(10.479800571017,-17.93869924544));
#327 = CARTESIAN_POINT('',(16.672433223197,-20.74924742829));
#328 = CARTESIAN_POINT('',(23.73444703768,-22.39325729385));
#329 = CARTESIAN_POINT('',(31.223387102571,-22.74225387204));
#330 = CARTESIAN_POINT('',(38.656562428263,-21.76556456855));
#331 = CARTESIAN_POINT('',(45.555564379825,-19.53428870373));
#332 = CARTESIAN_POINT('',(51.49028756602,-16.21360515681));
#333 = CARTESIAN_POINT('',(56.116176147669,-12.04481101646));
#334 = CARTESIAN_POINT('',(59.200083087997,-7.320205965795));
#335 = CARTESIAN_POINT('',(60.632535047122,-2.35473188026));
#336 = CARTESIAN_POINT('',(60.220591317504,7.43837682822));
#337 = CARTESIAN_POINT('',(58.37619562876,12.266011451166));
#338 = CARTESIAN_POINT('',(54.906407273351,16.714937576656));
#339 = CARTESIAN_POINT('',(49.946761905693,20.480519547818));
#340 = CARTESIAN_POINT('',(43.754130477608,23.291070118685));
#341 = CARTESIAN_POINT('',(36.692115944335,24.935080655283));
#342 = CARTESIAN_POINT('',(29.203176137916,25.284076348474));
#343 = CARTESIAN_POINT('',(21.770000628988,24.307386141401));
#344 = CARTESIAN_POINT('',(14.870999337323,22.076111005611));
#345 = CARTESIAN_POINT('',(8.936274730809,18.755429735477));
#346 = CARTESIAN_POINT('',(4.310387718973,14.586631103036));
#347 = CARTESIAN_POINT('',(1.226479898776,9.86202940169));
#348 = CARTESIAN_POINT('',(-0.205971866172,4.896554386587));
#349 = CARTESIAN_POINT('',(3.552713678801E-15,1.443289932013E-14));
#350 = ( GEOMETRIC_REPRESENTATION_CONTEXT(2) 
PARAMETRIC_REPRESENTATION_CONTEXT() REPRESENTATION_CONTEXT('2D SPACE',''
  ) );
#351 = ORIENTED_EDGE('',*,*,#352,.F.);
#352 = EDGE_CURVE('',#22,#275,#353,.T.);
#353 = SURFACE_CURVE('',#354,(#453,#555),.PCURVE_S1.);
#354 = B_SPLINE_CURVE_WITH_KNOTS('',7,(#355,#356,#357,#358,#359,#360,
    #361,#362,#363,#364,#365,#366,#367,#368,#369,#370,#371,#372,#373,
    #374,#375,#376,#377,#378,#379,#380,#381,#382,#383,#384,#385,#386,
    #387,#388,#389,#390,#391,#392,#393,#394,#395,#396,#397,#398,#399,
    #400,#401,#402,#403,#404,#405,#406,#407,#408,#409,#410,#411,#412,
    #413,#414,#415,#416,#417,#418,#419,#420,#421,#422,#423,#424,#425,
    #426,#427,#428,#429,#430,#431,#432,#433,#434,#435,#436,#437,#438,
    #439,#440,#441,#442,#443,#444,#445,#446,#447,#448,#449,#450,#451,
    #452),.UNSPECIFIED.,.F.,.F.,(8,6,6,6,6,6,6,6,6,6,6,6,6,6,6,6,8),(0.,
    2.764449169361E-02,0.14587118856,0.222804140835,0.374604813444,
    0.468957114067,0.520463665519,0.544589590377,0.570629925923,
    0.613461628949,0.656985134429,0.67667367402,0.69336736195,
    0.729590239059,0.800825331258,0.955436493651,1.),.UNSPECIFIED.);
#355 = CARTESIAN_POINT('',(-35.09999999534,0.,-134.));
#356 = CARTESIAN_POINT('',(-35.78036255408,0.,-133.1556362177));
#357 = CARTESIAN_POINT('',(-36.44815092987,0.,-132.3011373391));
#358 = CARTESIAN_POINT('',(-37.10309816375,0.,-131.4366645174));
#359 = CARTESIAN_POINT('',(-37.74495990686,0.,-130.562400112));
#360 = CARTESIAN_POINT('',(-38.37351560264,0.,-129.6785485634));
#361 = CARTESIAN_POINT('',(-38.98856966908,0.,-128.785337268));
#362 = CARTESIAN_POINT('',(-42.16187651411,0.,-124.0240826424));
#363 = CARTESIAN_POINT('',(-44.48465887971,0.,-119.9971994054));
#364 = CARTESIAN_POINT('',(-46.54268008446,0.,-115.8248712771));
#365 = CARTESIAN_POINT('',(-48.33468439334,0.,-111.5316642603));
#366 = CARTESIAN_POINT('',(-49.87049211585,0.,-107.1428797702));
#367 = CARTESIAN_POINT('',(-51.16652941285,0.,-102.6826701289));
#368 = CARTESIAN_POINT('',(-52.94295063573,0.,-95.23795259239));
#369 = CARTESIAN_POINT('',(-53.55034266879,0.,-92.28117564277));
#370 = CARTESIAN_POINT('',(-54.07047675483,0.,-89.30724180401));
#371 = CARTESIAN_POINT('',(-54.50944816187,0.,-86.32034521338));
#372 = CARTESIAN_POINT('',(-54.87343795762,0.,-83.32394050485));
#373 = CARTESIAN_POINT('',(-55.16845901547,0.,-80.32070314229));
#374 = CARTESIAN_POINT('',(-55.85755896921,0.,-71.37687788216));
#375 = CARTESIAN_POINT('',(-56.06845427613,0.,-65.4243734144));
#376 = CARTESIAN_POINT('',(-56.07742597763,0.,-59.46680385839));
#377 = CARTESIAN_POINT('',(-55.92299613751,0.,-53.51224940953));
#378 = CARTESIAN_POINT('',(-55.63762412094,0.,-47.56505197897));
#379 = CARTESIAN_POINT('',(-55.24833266243,0.,-41.62579535896));
#380 = CARTESIAN_POINT('',(-54.48456722436,0.,-32.00266817112));
#381 = CARTESIAN_POINT('',(-54.16029749749,0.,-28.31660053344));
#382 = CARTESIAN_POINT('',(-53.80991377468,0.,-24.63288899932));
#383 = CARTESIAN_POINT('',(-53.43815979339,0.,-20.9513008893));
#384 = CARTESIAN_POINT('',(-53.04920344915,0.,-17.27155691396));
#385 = CARTESIAN_POINT('',(-52.64668331321,0.,-13.59332659316));
#386 = CARTESIAN_POINT('',(-52.00828896114,0.,-7.908912550778));
#387 = CARTESIAN_POINT('',(-51.77974567586,0.,-5.901948293793));
#388 = CARTESIAN_POINT('',(-51.54860157173,0.,-3.895281336651));
#389 = CARTESIAN_POINT('',(-51.31532159093,0.,-1.888862099519));
#390 = CARTESIAN_POINT('',(-51.08032678859,0.,0.117355801216));
#391 = CARTESIAN_POINT('',(-50.84399433282,0.,2.123415552946));
#392 = CARTESIAN_POINT('',(-50.49548775404,0.,5.068950165576));
#393 = CARTESIAN_POINT('',(-50.38409766783,0.,6.008517100371));
#394 = CARTESIAN_POINT('',(-50.27252153395,0.,6.948061959107));
#395 = CARTESIAN_POINT('',(-50.16079151676,0.,7.887588517859));
#396 = CARTESIAN_POINT('',(-50.04893765708,0.,8.827100320901));
#397 = CARTESIAN_POINT('',(-49.93698787216,0.,9.766600680699));
#398 = CARTESIAN_POINT('',(-49.70405917273,0.,11.720134087526));
#399 = CARTESIAN_POINT('',(-49.58306866397,0.,12.7341657395));
#400 = CARTESIAN_POINT('',(-49.46202887956,0.,13.748191503192));
#401 = CARTESIAN_POINT('',(-49.34096931217,0.,14.762214896304));
#402 = CARTESIAN_POINT('',(-49.21991649694,0.,15.776239084881));
#403 = CARTESIAN_POINT('',(-49.0988940115,0.,16.790266883315));
#404 = CARTESIAN_POINT('',(-48.77894589691,0.,19.472205438009));
#405 = CARTESIAN_POINT('',(-48.58010711438,0.,21.140126548048));
#406 = CARTESIAN_POINT('',(-48.38149768231,0.,22.808074975074));
#407 = CARTESIAN_POINT('',(-48.18318714912,0.,24.476058957116));
#408 = CARTESIAN_POINT('',(-47.98522251148,0.,26.144084014682));
#409 = CARTESIAN_POINT('',(-47.78762766798,0.,27.812152885832));
#410 = CARTESIAN_POINT('',(-47.38999257306,0.,31.175320798498));
#411 = CARTESIAN_POINT('',(-47.18996435875,0.,32.870421307833));
#412 = CARTESIAN_POINT('',(-46.99031850017,0.,34.565566871139));
#413 = CARTESIAN_POINT('',(-46.79102998839,0.,36.260754439243));
#414 = CARTESIAN_POINT('',(-46.59204794909,0.,37.955977962963));
#415 = CARTESIAN_POINT('',(-46.39329505621,0.,39.651228324165));
#416 = CARTESIAN_POINT('',(-46.1048144079,0.,42.113372923481));
#417 = CARTESIAN_POINT('',(-46.01498740165,0.,42.880255565389));
#418 = CARTESIAN_POINT('',(-45.92517627777,0.,43.647140062633));
#419 = CARTESIAN_POINT('',(-45.83537024448,0.,44.414025151287));
#420 = CARTESIAN_POINT('',(-45.74555736724,0.,45.180909433409));
#421 = CARTESIAN_POINT('',(-45.65572456885,0.,45.947791377043));
#422 = CARTESIAN_POINT('',(-45.48966047741,0.,47.364896365258));
#423 = CARTESIAN_POINT('',(-45.41343877739,0.,48.015120533126));
#424 = CARTESIAN_POINT('',(-45.33718385865,0.,48.665340804475));
#425 = CARTESIAN_POINT('',(-45.26088645114,0.,49.315556090284));
#426 = CARTESIAN_POINT('',(-45.18453668552,0.,49.96576522786));
#427 = CARTESIAN_POINT('',(-45.10812409308,0.,50.615966980838));
#428 = CARTESIAN_POINT('',(-44.86567304226,0.,52.676984498516));
#429 = CARTESIAN_POINT('',(-44.69936058425,0.,54.087767909302));
#430 = CARTESIAN_POINT('',(-44.53258709524,0.,55.498497040457));
#431 = CARTESIAN_POINT('',(-44.36522612106,0.,56.909156774531));
#432 = CARTESIAN_POINT('',(-44.19713788982,0.,58.319730107709));
#433 = CARTESIAN_POINT('',(-44.02816931192,0.,59.730198149806));
#434 = CARTESIAN_POINT('',(-43.52380566735,0.,63.914086805382));
#435 = CARTESIAN_POINT('',(-43.18541023919,0.,66.687137718349));
#436 = CARTESIAN_POINT('',(-42.84170132077,0.,69.459546201739));
#437 = CARTESIAN_POINT('',(-42.49121793792,0.,72.231119696832));
#438 = CARTESIAN_POINT('',(-42.13230867758,0.,75.001620286037));
#439 = CARTESIAN_POINT('',(-41.76314653534,0.,77.770766590384));
#440 = CARTESIAN_POINT('',(-40.553967585,0.,86.544852694613));
#441 = CARTESIAN_POINT('',(-39.66862865359,0.,92.543144508015));
#442 = CARTESIAN_POINT('',(-38.70543139235,0.,98.530529375564));
#443 = CARTESIAN_POINT('',(-37.64099502,0.,104.5018843993));
#444 = CARTESIAN_POINT('',(-36.45001824417,0.,110.44976286512));
#445 = CARTESIAN_POINT('',(-35.10874634655,0.,116.36503783529));
#446 = CARTESIAN_POINT('',(-33.16256226272,0.,123.93002907502));
#447 = CARTESIAN_POINT('',(-32.71305633812,0.,125.61900966807));
#448 = CARTESIAN_POINT('',(-32.24903309191,0.,127.30410533102));
#449 = CARTESIAN_POINT('',(-31.77007370763,0.,128.98503919692));
#450 = CARTESIAN_POINT('',(-31.2757979407,0.,130.66152706227));
#451 = CARTESIAN_POINT('',(-30.76586926108,0.,132.33327883792));
#452 = CARTESIAN_POINT('',(-30.23999999599,0.,134.));
#453 = PCURVE('',#57,#454);
#454 = DEFINITIONAL_REPRESENTATION('',(#455),#554);
#455 = B_SPLINE_CURVE_WITH_KNOTS('',7,(#456,#457,#458,#459,#460,#461,
    #462,#463,#464,#465,#466,#467,#468,#469,#470,#471,#472,#473,#474,
    #475,#476,#477,#478,#479,#480,#481,#482,#483,#484,#485,#486,#487,
    #488,#489,#490,#491,#492,#493,#494,#495,#496,#497,#498,#499,#500,
    #501,#502,#503,#504,#505,#506,#507,#508,#509,#510,#511,#512,#513,
    #514,#515,#516,#517,#518,#519,#520,#521,#522,#523,#524,#525,#526,
    #527,#528,#529,#530,#531,#532,#533,#534,#535,#536,#537,#538,#539,
    #540,#541,#542,#543,#544,#545,#546,#547,#548,#549,#550,#551,#552,
    #553),.UNSPECIFIED.,.F.,.F.,(8,6,6,6,6,6,6,6,6,6,6,6,6,6,6,6,8),(0.,
    2.764449169361E-02,0.14587118856,0.222804140835,0.374604813444,
    0.468957114067,0.520463665519,0.544589590377,0.570629925923,
    0.613461628949,0.656985134429,0.67667367402,0.69336736195,
    0.729590239059,0.800825331258,0.955436493651,1.),.UNSPECIFIED.);
#456 = CARTESIAN_POINT('',(0.5,0.));
#457 = CARTESIAN_POINT('',(0.5,3.645254784953E-03));
#458 = CARTESIAN_POINT('',(0.5,7.314904102287E-03));
#459 = CARTESIAN_POINT('',(0.5,1.100817104033E-02));
#460 = CARTESIAN_POINT('',(0.5,1.472422646076E-02));
#461 = CARTESIAN_POINT('',(0.5,1.846218667321E-02));
#462 = CARTESIAN_POINT('',(0.5,2.222111110985E-02));
#463 = CARTESIAN_POINT('',(0.5,4.216110566476E-02));
#464 = CARTESIAN_POINT('',(0.5,5.869303000618E-02));
#465 = CARTESIAN_POINT('',(0.5,7.550519232269E-02));
#466 = CARTESIAN_POINT('',(0.5,9.25134994462E-02));
#467 = CARTESIAN_POINT('',(0.5,0.109641433939));
#468 = CARTESIAN_POINT('',(0.5,0.126822105402));
#469 = CARTESIAN_POINT('',(0.5,0.155178068746));
#470 = CARTESIAN_POINT('',(0.5,0.166358615226));
#471 = CARTESIAN_POINT('',(0.5,0.177530421421));
#472 = CARTESIAN_POINT('',(0.5,0.188685030217));
#473 = CARTESIAN_POINT('',(0.5,0.199816603609));
#474 = CARTESIAN_POINT('',(0.5,0.210921847055));
#475 = CARTESIAN_POINT('',(0.5,0.243858917649));
#476 = CARTESIAN_POINT('',(0.5,0.265603442904));
#477 = CARTESIAN_POINT('',(0.5,0.287237600393));
#478 = CARTESIAN_POINT('',(0.5,0.308772231569));
#479 = CARTESIAN_POINT('',(0.5,0.330225255423));
#480 = CARTESIAN_POINT('',(0.5,0.351622738028));
#481 = CARTESIAN_POINT('',(0.5,0.386287120626));
#482 = CARTESIAN_POINT('',(0.5,0.399563850231));
#483 = CARTESIAN_POINT('',(0.5,0.412836606445));
#484 = CARTESIAN_POINT('',(0.5,0.426111290512));
#485 = CARTESIAN_POINT('',(0.5,0.439393389509));
#486 = CARTESIAN_POINT('',(0.5,0.452688032408));
#487 = CARTESIAN_POINT('',(0.5,0.473266950982));
#488 = CARTESIAN_POINT('',(0.5,0.480539016881));
#489 = CARTESIAN_POINT('',(0.5,0.487816941455));
#490 = CARTESIAN_POINT('',(0.5,0.495101408413));
#491 = CARTESIAN_POINT('',(0.5,0.50239304142));
#492 = CARTESIAN_POINT('',(0.5,0.509692404092));
#493 = CARTESIAN_POINT('',(0.5,0.520422914266));
#494 = CARTESIAN_POINT('',(0.5,0.523847634238));
#495 = CARTESIAN_POINT('',(0.5,0.527274211231));
#496 = CARTESIAN_POINT('',(0.5,0.530702693255));
#497 = CARTESIAN_POINT('',(0.5,0.53413312501));
#498 = CARTESIAN_POINT('',(0.5,0.537565547895));
#499 = CARTESIAN_POINT('',(0.5,0.54470697852));
#500 = CARTESIAN_POINT('',(0.5,0.548416320961));
#501 = CARTESIAN_POINT('',(0.5,0.552128075228));
#502 = CARTESIAN_POINT('',(0.5,0.555842284408));
#503 = CARTESIAN_POINT('',(0.5,0.559558986766));
#504 = CARTESIAN_POINT('',(0.5,0.563278215754));
#505 = CARTESIAN_POINT('',(0.5,0.57312167064));
#506 = CARTESIAN_POINT('',(0.5,0.579250254259));
#507 = CARTESIAN_POINT('',(0.5,0.585385877561));
#508 = CARTESIAN_POINT('',(0.5,0.591528630861));
#509 = CARTESIAN_POINT('',(0.5,0.597678566749));
#510 = CARTESIAN_POINT('',(0.5,0.603835698753));
#511 = CARTESIAN_POINT('',(0.5,0.616263864852));
#512 = CARTESIAN_POINT('',(0.5,0.622535132563));
#513 = CARTESIAN_POINT('',(0.5,0.628813774927));
#514 = CARTESIAN_POINT('',(0.5,0.635099720981));
#515 = CARTESIAN_POINT('',(0.5,0.641392855561));
#516 = CARTESIAN_POINT('',(0.5,0.647693017862));
#517 = CARTESIAN_POINT('',(0.5,0.656853062182));
#518 = CARTESIAN_POINT('',(0.5,0.659707519937));
#519 = CARTESIAN_POINT('',(0.5,0.662563354062));
#520 = CARTESIAN_POINT('',(0.5,0.665420543351));
#521 = CARTESIAN_POINT('',(0.5,0.668279064587));
#522 = CARTESIAN_POINT('',(0.5,0.671138892547));
#523 = CARTESIAN_POINT('',(0.5,0.676425900344));
#524 = CARTESIAN_POINT('',(0.5,0.678852720517));
#525 = CARTESIAN_POINT('',(0.5,0.681280443916));
#526 = CARTESIAN_POINT('',(0.5,0.683709052861));
#527 = CARTESIAN_POINT('',(0.5,0.686138528593));
#528 = CARTESIAN_POINT('',(0.5,0.688568851277));
#529 = CARTESIAN_POINT('',(0.5,0.696275239468));
#530 = CARTESIAN_POINT('',(0.5,0.701554367647));
#531 = CARTESIAN_POINT('',(0.5,0.706837171567));
#532 = CARTESIAN_POINT('',(0.5,0.712123412963));
#533 = CARTESIAN_POINT('',(0.5,0.717412828281));
#534 = CARTESIAN_POINT('',(0.5,0.722705128673));
#535 = CARTESIAN_POINT('',(0.5,0.738412774392));
#536 = CARTESIAN_POINT('',(0.5,0.748835460709));
#537 = CARTESIAN_POINT('',(0.5,0.759265711371));
#538 = CARTESIAN_POINT('',(0.5,0.76970073393));
#539 = CARTESIAN_POINT('',(0.5,0.780137292186));
#540 = CARTESIAN_POINT('',(0.5,0.790571727457));
#541 = CARTESIAN_POINT('',(0.5,0.823633891385));
#542 = CARTESIAN_POINT('',(0.5,0.846237136371));
#543 = CARTESIAN_POINT('',(0.5,0.868771072711));
#544 = CARTESIAN_POINT('',(0.5,0.891182475584));
#545 = CARTESIAN_POINT('',(0.5,0.913405455087));
#546 = CARTESIAN_POINT('',(0.5,0.935368346554));
#547 = CARTESIAN_POINT('',(0.5,0.963234881821));
#548 = CARTESIAN_POINT('',(0.5,0.969442044998));
#549 = CARTESIAN_POINT('',(0.5,0.975619705948));
#550 = CARTESIAN_POINT('',(0.5,0.981766083078));
#551 = CARTESIAN_POINT('',(0.5,0.987879409861));
#552 = CARTESIAN_POINT('',(0.5,0.993957947899));
#553 = CARTESIAN_POINT('',(0.5,1.));
#554 = ( GEOMETRIC_REPRESENTATION_CONTEXT(2) 
PARAMETRIC_REPRESENTATION_CONTEXT() REPRESENTATION_CONTEXT('2D SPACE',''
  ) );
#555 = PCURVE('',#556,#561);
#556 = PLANE('',#557);
#557 = AXIS2_PLACEMENT_3D('',#558,#559,#560);
#558 = CARTESIAN_POINT('',(-108.,0.,-160.8));
#559 = DIRECTION('',(0.,1.,0.));
#560 = DIRECTION('',(0.,0.,1.));
#561 = DEFINITIONAL_REPRESENTATION('',(#562),#661);
#562 = B_SPLINE_CURVE_WITH_KNOTS('',7,(#563,#564,#565,#566,#567,#568,
    #569,#570,#571,#572,#573,#574,#575,#576,#577,#578,#579,#580,#581,
    #582,#583,#584,#585,#586,#587,#588,#589,#590,#591,#592,#593,#594,
    #595,#596,#597,#598,#599,#600,#601,#602,#603,#604,#605,#606,#607,
    #608,#609,#610,#611,#612,#613,#614,#615,#616,#617,#618,#619,#620,
    #621,#622,#623,#624,#625,#626,#627,#628,#629,#630,#631,#632,#633,
    #634,#635,#636,#637,#638,#639,#640,#641,#642,#643,#644,#645,#646,
    #647,#648,#649,#650,#651,#652,#653,#654,#655,#656,#657,#658,#659,
    #660),.UNSPECIFIED.,.F.,.F.,(8,6,6,6,6,6,6,6,6,6,6,6,6,6,6,6,8),(0.,
    2.764449169361E-02,0.14587118856,0.222804140835,0.374604813444,
    0.468957114067,0.520463665519,0.544589590377,0.570629925923,
    0.613461628949,0.656985134429,0.67667367402,0.69336736195,
    0.729590239059,0.800825331258,0.955436493651,1.),.UNSPECIFIED.);
#563 = CARTESIAN_POINT('',(26.8,72.900000004651));
#564 = CARTESIAN_POINT('',(27.644363782206,72.219637445915));
#565 = CARTESIAN_POINT('',(28.498862660811,71.551849070128));
#566 = CARTESIAN_POINT('',(29.363335482581,70.896901836245));
#567 = CARTESIAN_POINT('',(30.237599887998,70.255040093136));
#568 = CARTESIAN_POINT('',(31.121451436535,69.626484397354));
#569 = CARTESIAN_POINT('',(32.014662731925,69.011430330915));
#570 = CARTESIAN_POINT('',(36.775917357562,65.838123485889));
#571 = CARTESIAN_POINT('',(40.802800594558,63.515341120286));
#572 = CARTESIAN_POINT('',(44.975128722853,61.45731991554));
#573 = CARTESIAN_POINT('',(49.268335739648,59.665315606656));
#574 = CARTESIAN_POINT('',(53.657120229752,58.129507884142));
#575 = CARTESIAN_POINT('',(58.117329871041,56.833470587147));
#576 = CARTESIAN_POINT('',(65.562047407608,55.057049364266));
#577 = CARTESIAN_POINT('',(68.518824357224,54.449657331202));
#578 = CARTESIAN_POINT('',(71.492758195983,53.929523245163));
#579 = CARTESIAN_POINT('',(74.479654786618,53.490551838126));
#580 = CARTESIAN_POINT('',(77.476059495145,53.126562042375));
#581 = CARTESIAN_POINT('',(80.479296857705,52.831540984525));
#582 = CARTESIAN_POINT('',(89.423122117833,52.142441030781));
#583 = CARTESIAN_POINT('',(95.375626585591,51.931545723861));
#584 = CARTESIAN_POINT('',(101.3331961416,51.922574022365));
#585 = CARTESIAN_POINT('',(107.28775059046,52.077003862487));
#586 = CARTESIAN_POINT('',(113.23494802102,52.362375879052));
#587 = CARTESIAN_POINT('',(119.17420464103,52.751667337565));
#588 = CARTESIAN_POINT('',(128.79733182887,53.515432775639));
#589 = CARTESIAN_POINT('',(132.48339946655,53.83970250251));
#590 = CARTESIAN_POINT('',(136.16711100067,54.190086225315));
#591 = CARTESIAN_POINT('',(139.8486991107,54.561840206608));
#592 = CARTESIAN_POINT('',(143.52844308603,54.950796550846));
#593 = CARTESIAN_POINT('',(147.20667340683,55.353316686782));
#594 = CARTESIAN_POINT('',(152.89108744922,55.991711038858));
#595 = CARTESIAN_POINT('',(154.8980517062,56.220254324133));
#596 = CARTESIAN_POINT('',(156.90471866334,56.451398428264));
#597 = CARTESIAN_POINT('',(158.91113790048,56.68467840907));
#598 = CARTESIAN_POINT('',(160.91735580121,56.919673211409));
#599 = CARTESIAN_POINT('',(162.92341555294,57.156005667178));
#600 = CARTESIAN_POINT('',(165.86895016557,57.504512245953));
#601 = CARTESIAN_POINT('',(166.80851710037,57.615902332169));
#602 = CARTESIAN_POINT('',(167.7480619591,57.727478466048));
#603 = CARTESIAN_POINT('',(168.68758851785,57.839208483232));
#604 = CARTESIAN_POINT('',(169.6271003209,57.951062342913));
#605 = CARTESIAN_POINT('',(170.56660068069,58.063012127835));
#606 = CARTESIAN_POINT('',(172.52013408752,58.295940827263));
#607 = CARTESIAN_POINT('',(173.5341657395,58.416931336029));
#608 = CARTESIAN_POINT('',(174.54819150319,58.537971120432));
#609 = CARTESIAN_POINT('',(175.5622148963,58.659030687821));
#610 = CARTESIAN_POINT('',(176.57623908488,58.780083503053));
#611 = CARTESIAN_POINT('',(177.59026688331,58.901105988495));
#612 = CARTESIAN_POINT('',(180.272205438,59.221054103081));
#613 = CARTESIAN_POINT('',(181.94012654804,59.419892885617));
#614 = CARTESIAN_POINT('',(183.60807497507,59.618502317688));
#615 = CARTESIAN_POINT('',(185.27605895711,59.816812850871));
#616 = CARTESIAN_POINT('',(186.94408401468,60.014777488517));
#617 = CARTESIAN_POINT('',(188.61215288583,60.212372332016));
#618 = CARTESIAN_POINT('',(191.97532079849,60.610007426935));
#619 = CARTESIAN_POINT('',(193.67042130783,60.810035641246));
#620 = CARTESIAN_POINT('',(195.36556687113,61.009681499826));
#621 = CARTESIAN_POINT('',(197.06075443924,61.208970011601));
#622 = CARTESIAN_POINT('',(198.75597796296,61.407952050903));
#623 = CARTESIAN_POINT('',(200.45122832416,61.606704943789));
#624 = CARTESIAN_POINT('',(202.91337292348,61.895185592094));
#625 = CARTESIAN_POINT('',(203.68025556538,61.98501259835));
#626 = CARTESIAN_POINT('',(204.44714006263,62.074823722223));
#627 = CARTESIAN_POINT('',(205.21402515128,62.16462975552));
#628 = CARTESIAN_POINT('',(205.9809094334,62.254442632754));
#629 = CARTESIAN_POINT('',(206.74779137704,62.344275431148));
#630 = CARTESIAN_POINT('',(208.16489636525,62.51033952259));
#631 = CARTESIAN_POINT('',(208.81512053312,62.586561222604));
#632 = CARTESIAN_POINT('',(209.46534080447,62.66281614135));
#633 = CARTESIAN_POINT('',(210.11555609028,62.739113548853));
#634 = CARTESIAN_POINT('',(210.76576522786,62.815463314474));
#635 = CARTESIAN_POINT('',(211.41596698083,62.891875906919));
#636 = CARTESIAN_POINT('',(213.47698449851,63.134326957731));
#637 = CARTESIAN_POINT('',(214.8877679093,63.300639415749));
#638 = CARTESIAN_POINT('',(216.29849704045,63.467412904757));
#639 = CARTESIAN_POINT('',(217.70915677453,63.634773878935));
#640 = CARTESIAN_POINT('',(219.1197301077,63.802862110173));
#641 = CARTESIAN_POINT('',(220.5301981498,63.971830688076));
#642 = CARTESIAN_POINT('',(224.71408680538,64.476194332644));
#643 = CARTESIAN_POINT('',(227.48713771834,64.81458976081));
#644 = CARTESIAN_POINT('',(230.25954620173,65.158298679227));
#645 = CARTESIAN_POINT('',(233.03111969683,65.508782062077));
#646 = CARTESIAN_POINT('',(235.80162028603,65.867691322419));
#647 = CARTESIAN_POINT('',(238.57076659038,66.236853464656));
#648 = CARTESIAN_POINT('',(247.34485269461,67.446032414995));
#649 = CARTESIAN_POINT('',(253.34314450801,68.33137134641));
#650 = CARTESIAN_POINT('',(259.33052937556,69.294568607643));
#651 = CARTESIAN_POINT('',(265.3018843993,70.359004979992));
#652 = CARTESIAN_POINT('',(271.24976286512,71.549981755823));
#653 = CARTESIAN_POINT('',(277.16503783529,72.891253653444));
#654 = CARTESIAN_POINT('',(284.73002907502,74.837437737279));
#655 = CARTESIAN_POINT('',(286.41900966807,75.286943661877));
#656 = CARTESIAN_POINT('',(288.10410533102,75.750966908087));
#657 = CARTESIAN_POINT('',(289.78503919692,76.229926292363));
#658 = CARTESIAN_POINT('',(291.46152706227,76.724202059295));
#659 = CARTESIAN_POINT('',(293.13327883792,77.234130738917));
#660 = CARTESIAN_POINT('',(294.8,77.760000004007));
#661 = ( GEOMETRIC_REPRESENTATION_CONTEXT(2) 
PARAMETRIC_REPRESENTATION_CONTEXT() REPRESENTATION_CONTEXT('2D SPACE',''
  ) );
#662 = FACE_BOUND('',#663,.T.);
#663 = EDGE_LOOP('',(#664,#799,#866,#963));
#664 = ORIENTED_EDGE('',*,*,#665,.T.);
#665 = EDGE_CURVE('',#666,#668,#670,.T.);
#666 = VERTEX_POINT('',#667);
#667 = CARTESIAN_POINT('',(30.5,-26.29281167784,-113.));
#668 = VERTEX_POINT('',#669);
#669 = CARTESIAN_POINT('',(-30.5,-26.29281167903,-113.));
#670 = SURFACE_CURVE('',#671,(#710,#752),.PCURVE_S1.);
#671 = B_SPLINE_CURVE_WITH_KNOTS('',7,(#672,#673,#674,#675,#676,#677,
    #678,#679,#680,#681,#682,#683,#684,#685,#686,#687,#688,#689,#690,
    #691,#692,#693,#694,#695,#696,#697,#698,#699,#700,#701,#702,#703,
    #704,#705,#706,#707,#708,#709),.UNSPECIFIED.,.F.,.F.,(8,6,6,6,6,6,8)
  ,(0.,0.133302166841,0.233945687563,0.500001402446,0.766057032227,
    0.866700477771,1.),.UNSPECIFIED.);
#672 = CARTESIAN_POINT('',(30.5,-26.29281167784,-113.));
#673 = CARTESIAN_POINT('',(29.459955017657,-26.922110079,-113.));
#674 = CARTESIAN_POINT('',(28.401058846207,-27.52020723499,-113.));
#675 = CARTESIAN_POINT('',(27.325063208972,-28.08754589996,-113.));
#676 = CARTESIAN_POINT('',(26.233572054209,-28.62456010294,-113.));
#677 = CARTESIAN_POINT('',(25.128044100455,-29.13167977579,-113.));
#678 = CARTESIAN_POINT('',(24.009791890318,-29.60932850155,-113.));
#679 = CARTESIAN_POINT('',(22.026964115803,-30.39659801877,-113.));
#680 = CARTESIAN_POINT('',(21.167374665407,-30.71870927487,-113.));
#681 = CARTESIAN_POINT('',(20.301718105266,-31.02442106492,-113.));
#682 = CARTESIAN_POINT('',(19.43047456738,-31.3138954788,-113.));
#683 = CARTESIAN_POINT('',(18.554095371415,-31.58728414762,-113.));
#684 = CARTESIAN_POINT('',(17.67300318409,-31.84472860841,-113.));
#685 = CARTESIAN_POINT('',(14.446967999794,-32.72512598702,-113.));
#686 = CARTESIAN_POINT('',(12.076441755067,-33.25331243407,-113.));
#687 = CARTESIAN_POINT('',(9.682938464869,-33.67349525672,-113.));
#688 = CARTESIAN_POINT('',(7.272851622989,-33.98739758948,-113.));
#689 = CARTESIAN_POINT('',(4.852101084644,-34.19622653358,-113.));
#690 = CARTESIAN_POINT('',(2.426133882976,-34.30065837691,-113.));
#691 = CARTESIAN_POINT('',(-2.42631215328,-34.30065177125,-113.));
#692 = CARTESIAN_POINT('',(-4.852278293651,-34.19621338975,-113.));
#693 = CARTESIAN_POINT('',(-7.273027491983,-33.98737794808,-113.));
#694 = CARTESIAN_POINT('',(-9.683112710978,-33.6734691333,-113.));
#695 = CARTESIAN_POINT('',(-12.07661408124,-33.25327982026,-113.));
#696 = CARTESIAN_POINT('',(-14.44713808453,-32.72508685224,-113.));
#697 = CARTESIAN_POINT('',(-17.67316930903,-31.84468051571,-113.));
#698 = CARTESIAN_POINT('',(-18.5542600876,-31.58723367728,-113.));
#699 = CARTESIAN_POINT('',(-19.43063782576,-31.3138426359,-113.));
#700 = CARTESIAN_POINT('',(-20.301879855,-31.02436585371,-113.));
#701 = CARTESIAN_POINT('',(-21.16753485362,-30.71865169884,-113.));
#702 = CARTESIAN_POINT('',(-22.0271226873,-30.39653808079,-113.));
#703 = CARTESIAN_POINT('',(-24.00992499876,-29.60927164332,-113.));
#704 = CARTESIAN_POINT('',(-25.12815376145,-29.1316294705,-113.));
#705 = CARTESIAN_POINT('',(-26.23365866819,-28.62451748673,-113.));
#706 = CARTESIAN_POINT('',(-27.32512724679,-28.08751213332,-113.));
#707 = CARTESIAN_POINT('',(-28.4011008599,-27.52018350362,-113.));
#708 = CARTESIAN_POINT('',(-29.45997565111,-26.92209759446,-113.));
#709 = CARTESIAN_POINT('',(-30.5,-26.29281167903,-113.));
#710 = PCURVE('',#57,#711);
#711 = DEFINITIONAL_REPRESENTATION('',(#712),#751);
#712 = B_SPLINE_CURVE_WITH_KNOTS('',7,(#713,#714,#715,#716,#717,#718,
    #719,#720,#721,#722,#723,#724,#725,#726,#727,#728,#729,#730,#731,
    #732,#733,#734,#735,#736,#737,#738,#739,#740,#741,#742,#743,#744,
    #745,#746,#747,#748,#749,#750),.UNSPECIFIED.,.F.,.F.,(8,6,6,6,6,6,8)
  ,(0.,0.133302166841,0.233945687563,0.500001402446,0.766057032227,
    0.866700477771,1.),.UNSPECIFIED.);
#713 = CARTESIAN_POINT('',(0.860988444373,8.649485594998E-02));
#714 = CARTESIAN_POINT('',(0.85644164207,8.649485594998E-02));
#715 = CARTESIAN_POINT('',(0.85193938871,8.649485594998E-02));
#716 = CARTESIAN_POINT('',(0.84747880443,8.649485594998E-02));
#717 = CARTESIAN_POINT('',(0.843057187404,8.649485594998E-02));
#718 = CARTESIAN_POINT('',(0.838671912425,8.649485594998E-02));
#719 = CARTESIAN_POINT('',(0.834320348577,8.649485594998E-02));
#720 = CARTESIAN_POINT('',(0.826737766333,8.649485594998E-02));
#721 = CARTESIAN_POINT('',(0.823493469561,8.649485594998E-02));
#722 = CARTESIAN_POINT('',(0.82026577654,8.649485594998E-02));
#723 = CARTESIAN_POINT('',(0.817053605445,8.649485594998E-02));
#724 = CARTESIAN_POINT('',(0.813855905281,8.649485594998E-02));
#725 = CARTESIAN_POINT('',(0.810671639398,8.649485594998E-02));
#726 = CARTESIAN_POINT('',(0.799114785642,8.649485594998E-02));
#727 = CARTESIAN_POINT('',(0.790817427826,8.649485594998E-02));
#728 = CARTESIAN_POINT('',(0.782587169145,8.649485594998E-02));
#729 = CARTESIAN_POINT('',(0.774406775511,8.649485594998E-02));
#730 = CARTESIAN_POINT('',(0.766259918579,8.649485594998E-02));
#731 = CARTESIAN_POINT('',(0.758130239285,8.649485594998E-02));
#732 = CARTESIAN_POINT('',(0.741869163316,8.649485594998E-02));
#733 = CARTESIAN_POINT('',(0.733739485751,8.649485594998E-02));
#734 = CARTESIAN_POINT('',(0.725592629689,8.649485594998E-02));
#735 = CARTESIAN_POINT('',(0.717412236068,8.649485594998E-02));
#736 = CARTESIAN_POINT('',(0.709181976537,8.649485594998E-02));
#737 = CARTESIAN_POINT('',(0.700884616995,8.649485594998E-02));
#738 = CARTESIAN_POINT('',(0.689327760959,8.649485594998E-02));
#739 = CARTESIAN_POINT('',(0.686143495314,8.649485594998E-02));
#740 = CARTESIAN_POINT('',(0.68294579527,8.649485594998E-02));
#741 = CARTESIAN_POINT('',(0.679733624175,8.649485594998E-02));
#742 = CARTESIAN_POINT('',(0.676505931035,8.649485594998E-02));
#743 = CARTESIAN_POINT('',(0.673261634024,8.649485594998E-02));
#744 = CARTESIAN_POINT('',(0.665679133438,8.649485594998E-02));
#745 = CARTESIAN_POINT('',(0.661327652578,8.649485594998E-02));
#746 = CARTESIAN_POINT('',(0.656942461717,8.649485594998E-02));
#747 = CARTESIAN_POINT('',(0.652520930092,8.649485594998E-02));
#748 = CARTESIAN_POINT('',(0.648060432649,8.649485594998E-02));
#749 = CARTESIAN_POINT('',(0.64355826772,8.649485594998E-02));
#750 = CARTESIAN_POINT('',(0.639011555622,8.649485594998E-02));
#751 = ( GEOMETRIC_REPRESENTATION_CONTEXT(2) 
PARAMETRIC_REPRESENTATION_CONTEXT() REPRESENTATION_CONTEXT('2D SPACE',''
  ) );
#752 = PCURVE('',#753,#758);
#753 = PLANE('',#754);
#754 = AXIS2_PLACEMENT_3D('',#755,#756,#757);
#755 = CARTESIAN_POINT('',(-30.5,-142.,-113.));
#756 = DIRECTION('',(0.,0.,1.));
#757 = DIRECTION('',(1.,0.,0.));
#758 = DEFINITIONAL_REPRESENTATION('',(#759),#798);
#759 = B_SPLINE_CURVE_WITH_KNOTS('',7,(#760,#761,#762,#763,#764,#765,
    #766,#767,#768,#769,#770,#771,#772,#773,#774,#775,#776,#777,#778,
    #779,#780,#781,#782,#783,#784,#785,#786,#787,#788,#789,#790,#791,
    #792,#793,#794,#795,#796,#797),.UNSPECIFIED.,.F.,.F.,(8,6,6,6,6,6,8)
  ,(0.,0.133302166841,0.233945687563,0.500001402446,0.766057032227,
    0.866700477771,1.),.UNSPECIFIED.);
#760 = CARTESIAN_POINT('',(61.,115.70718832215));
#761 = CARTESIAN_POINT('',(59.959955017657,115.077889921));
#762 = CARTESIAN_POINT('',(58.901058846207,114.479792765));
#763 = CARTESIAN_POINT('',(57.825063208972,113.91245410003));
#764 = CARTESIAN_POINT('',(56.733572054209,113.37543989705));
#765 = CARTESIAN_POINT('',(55.628044100455,112.8683202242));
#766 = CARTESIAN_POINT('',(54.509791890318,112.39067149844));
#767 = CARTESIAN_POINT('',(52.526964115803,111.60340198122));
#768 = CARTESIAN_POINT('',(51.667374665407,111.28129072512));
#769 = CARTESIAN_POINT('',(50.801718105266,110.97557893507));
#770 = CARTESIAN_POINT('',(49.93047456738,110.6861045212));
#771 = CARTESIAN_POINT('',(49.054095371415,110.41271585237));
#772 = CARTESIAN_POINT('',(48.17300318409,110.15527139158));
#773 = CARTESIAN_POINT('',(44.946967999794,109.27487401297));
#774 = CARTESIAN_POINT('',(42.576441755067,108.74668756592));
#775 = CARTESIAN_POINT('',(40.182938464869,108.32650474327));
#776 = CARTESIAN_POINT('',(37.772851622989,108.01260241051));
#777 = CARTESIAN_POINT('',(35.352101084644,107.80377346642));
#778 = CARTESIAN_POINT('',(32.926133882976,107.69934162308));
#779 = CARTESIAN_POINT('',(28.07368784672,107.69934822875));
#780 = CARTESIAN_POINT('',(25.647721706349,107.80378661024));
#781 = CARTESIAN_POINT('',(23.226972508017,108.01262205191));
#782 = CARTESIAN_POINT('',(20.816887289022,108.32653086669));
#783 = CARTESIAN_POINT('',(18.423385918754,108.74672017973));
#784 = CARTESIAN_POINT('',(16.052861915469,109.27491314775));
#785 = CARTESIAN_POINT('',(12.826830690969,110.15531948428));
#786 = CARTESIAN_POINT('',(11.945739912391,110.41276632271));
#787 = CARTESIAN_POINT('',(11.069362174238,110.68615736409));
#788 = CARTESIAN_POINT('',(10.198120144997,110.97563414628));
#789 = CARTESIAN_POINT('',(9.332465146376,111.28134830115));
#790 = CARTESIAN_POINT('',(8.472877312694,111.6034619192));
#791 = CARTESIAN_POINT('',(6.490075001239,112.39072835667));
#792 = CARTESIAN_POINT('',(5.371846238541,112.86837052949));
#793 = CARTESIAN_POINT('',(4.266341331803,113.37548251326));
#794 = CARTESIAN_POINT('',(3.174872753201,113.91248786667));
#795 = CARTESIAN_POINT('',(2.0988991401,114.47981649637));
#796 = CARTESIAN_POINT('',(1.040024348888,115.07790240553));
#797 = CARTESIAN_POINT('',(0.,115.70718832096));
#798 = ( GEOMETRIC_REPRESENTATION_CONTEXT(2) 
PARAMETRIC_REPRESENTATION_CONTEXT() REPRESENTATION_CONTEXT('2D SPACE',''
  ) );
#799 = ORIENTED_EDGE('',*,*,#800,.T.);
#800 = EDGE_CURVE('',#668,#801,#803,.T.);
#801 = VERTEX_POINT('',#802);
#802 = CARTESIAN_POINT('',(-30.5,-33.87539940067,-61.));
#803 = SURFACE_CURVE('',#804,(#821,#841),.PCURVE_S1.);
#804 = B_SPLINE_CURVE_WITH_KNOTS('',8,(#805,#806,#807,#808,#809,#810,
    #811,#812,#813,#814,#815,#816,#817,#818,#819,#820),.UNSPECIFIED.,.F.
  ,.F.,(9,7,9),(0.,0.494238242555,1.),.UNSPECIFIED.);
#805 = CARTESIAN_POINT('',(-30.5,-26.29281167903,-113.));
#806 = CARTESIAN_POINT('',(-30.5,-27.47530970587,-109.9563866859));
#807 = CARTESIAN_POINT('',(-30.5,-28.51460162751,-106.858239545));
#808 = CARTESIAN_POINT('',(-30.5,-29.42454222024,-103.7180861211));
#809 = CARTESIAN_POINT('',(-30.5,-30.21641750334,-100.545983016));
#810 = CARTESIAN_POINT('',(-30.5,-30.90089718268,-97.35005854901));
#811 = CARTESIAN_POINT('',(-30.5,-31.48769182312,-94.13642440547));
#812 = CARTESIAN_POINT('',(-30.5,-31.98576644327,-90.90925465641));
#813 = CARTESIAN_POINT('',(-30.5,-32.83037680506,-84.3567271353));
#814 = CARTESIAN_POINT('',(-30.5,-33.1729466371,-81.03209980251));
#815 = CARTESIAN_POINT('',(-30.5,-33.43958690002,-77.70006734091));
#816 = CARTESIAN_POINT('',(-30.5,-33.63793448695,-74.36323900374));
#817 = CARTESIAN_POINT('',(-30.5,-33.77483538664,-71.02364501774));
#818 = CARTESIAN_POINT('',(-30.5,-33.85645253937,-67.68274294777));
#819 = CARTESIAN_POINT('',(-30.5,-33.88831663985,-64.34142038408));
#820 = CARTESIAN_POINT('',(-30.5,-33.87539940067,-61.));
#821 = PCURVE('',#57,#822);
#822 = DEFINITIONAL_REPRESENTATION('',(#823),#840);
#823 = B_SPLINE_CURVE_WITH_KNOTS('',8,(#824,#825,#826,#827,#828,#829,
    #830,#831,#832,#833,#834,#835,#836,#837,#838,#839),.UNSPECIFIED.,.F.
  ,.F.,(9,7,9),(0.,0.494238242555,1.),.UNSPECIFIED.);
#824 = CARTESIAN_POINT('',(0.639011555622,8.649485594998E-02));
#825 = CARTESIAN_POINT('',(0.642535154106,9.854205082926E-02));
#826 = CARTESIAN_POINT('',(0.645419200365,0.110674545142));
#827 = CARTESIAN_POINT('',(0.647812374495,0.122849670303));
#828 = CARTESIAN_POINT('',(0.649808041771,0.13503730259));
#829 = CARTESIAN_POINT('',(0.651476025989,0.147215852017));
#830 = CARTESIAN_POINT('',(0.65286797596,0.159371680298));
#831 = CARTESIAN_POINT('',(0.654024604582,0.171498161044));
#832 = CARTESIAN_POINT('',(0.655953394347,0.195974944473));
#833 = CARTESIAN_POINT('',(0.656715601538,0.208319146386));
#834 = CARTESIAN_POINT('',(0.657298839062,0.220625292964));
#835 = CARTESIAN_POINT('',(0.657727968378,0.23289225279));
#836 = CARTESIAN_POINT('',(0.658022297077,0.245120434487));
#837 = CARTESIAN_POINT('',(0.658197382002,0.25731173109));
#838 = CARTESIAN_POINT('',(0.65826581397,0.269469523785));
#839 = CARTESIAN_POINT('',(0.658238078427,0.281598695231));
#840 = ( GEOMETRIC_REPRESENTATION_CONTEXT(2) 
PARAMETRIC_REPRESENTATION_CONTEXT() REPRESENTATION_CONTEXT('2D SPACE',''
  ) );
#841 = PCURVE('',#842,#847);
#842 = PLANE('',#843);
#843 = AXIS2_PLACEMENT_3D('',#844,#845,#846);
#844 = CARTESIAN_POINT('',(-30.5,-142.,-113.));
#845 = DIRECTION('',(1.,0.,0.));
#846 = DIRECTION('',(0.,0.,1.));
#847 = DEFINITIONAL_REPRESENTATION('',(#848),#865);
#848 = B_SPLINE_CURVE_WITH_KNOTS('',8,(#849,#850,#851,#852,#853,#854,
    #855,#856,#857,#858,#859,#860,#861,#862,#863,#864),.UNSPECIFIED.,.F.
  ,.F.,(9,7,9),(0.,0.494238242555,1.),.UNSPECIFIED.);
#849 = CARTESIAN_POINT('',(0.,-115.7071883209));
#850 = CARTESIAN_POINT('',(3.043613314008,-114.5246902941));
#851 = CARTESIAN_POINT('',(6.14176045495,-113.4853983724));
#852 = CARTESIAN_POINT('',(9.281913878877,-112.5754577797));
#853 = CARTESIAN_POINT('',(12.454016983929,-111.7835824966));
#854 = CARTESIAN_POINT('',(15.649941450985,-111.0991028173));
#855 = CARTESIAN_POINT('',(18.863575594528,-110.5123081768));
#856 = CARTESIAN_POINT('',(22.090745343586,-110.0142335567));
#857 = CARTESIAN_POINT('',(28.643272864692,-109.1696231949));
#858 = CARTESIAN_POINT('',(31.967900197489,-108.8270533628));
#859 = CARTESIAN_POINT('',(35.299932659084,-108.5604130999));
#860 = CARTESIAN_POINT('',(38.636760996259,-108.362065513));
#861 = CARTESIAN_POINT('',(41.976354982257,-108.2251646133));
#862 = CARTESIAN_POINT('',(45.317257052222,-108.1435474606));
#863 = CARTESIAN_POINT('',(48.658579615913,-108.1116833601));
#864 = CARTESIAN_POINT('',(52.,-108.1246005993));
#865 = ( GEOMETRIC_REPRESENTATION_CONTEXT(2) 
PARAMETRIC_REPRESENTATION_CONTEXT() REPRESENTATION_CONTEXT('2D SPACE',''
  ) );
#866 = ORIENTED_EDGE('',*,*,#867,.F.);
#867 = EDGE_CURVE('',#868,#801,#870,.T.);
#868 = VERTEX_POINT('',#869);
#869 = CARTESIAN_POINT('',(30.5,-33.87539939869,-61.));
#870 = SURFACE_CURVE('',#871,(#898,#928),.PCURVE_S1.);
#871 = B_SPLINE_CURVE_WITH_KNOTS('',7,(#872,#873,#874,#875,#876,#877,
    #878,#879,#880,#881,#882,#883,#884,#885,#886,#887,#888,#889,#890,
    #891,#892,#893,#894,#895,#896,#897),.UNSPECIFIED.,.F.,.F.,(8,6,6,6,8
    ),(0.,0.135956406334,0.50000167709,0.864046815107,1.),
  .UNSPECIFIED.);
#872 = CARTESIAN_POINT('',(30.5,-33.87539939869,-61.));
#873 = CARTESIAN_POINT('',(29.394527790961,-34.3945638418,-61.));
#874 = CARTESIAN_POINT('',(28.277045292943,-34.88813301406,-61.));
#875 = CARTESIAN_POINT('',(27.148551792163,-35.35642544557,-61.));
#876 = CARTESIAN_POINT('',(26.009978501425,-35.79974309095,-61.));
#877 = CARTESIAN_POINT('',(24.862188827899,-36.21837169962,-61.));
#878 = CARTESIAN_POINT('',(23.705978640916,-36.6125811861,-61.));
#879 = CARTESIAN_POINT('',(19.425540386899,-37.97348085014,-61.));
#880 = CARTESIAN_POINT('',(16.254529321853,-38.79086270911,-61.));
#881 = CARTESIAN_POINT('',(13.042188209156,-39.44004858285,-61.));
#882 = CARTESIAN_POINT('',(9.800367453771,-39.92442828377,-61.));
#883 = CARTESIAN_POINT('',(6.539813993313,-40.24644308779,-61.));
#884 = CARTESIAN_POINT('',(3.270161609256,-40.40749977534,-61.));
#885 = CARTESIAN_POINT('',(-3.27037133776,-40.40749087105,-61.));
#886 = CARTESIAN_POINT('',(-6.540022088372,-40.24642539834,-61.));
#887 = CARTESIAN_POINT('',(-9.80057348848,-39.92440188067,-61.));
#888 = CARTESIAN_POINT('',(-13.0423917486,-39.44001349426,-61.));
#889 = CARTESIAN_POINT('',(-16.25472990195,-38.79081892189,-61.));
#890 = CARTESIAN_POINT('',(-19.42573749377,-37.97342831381,-61.));
#891 = CARTESIAN_POINT('',(-23.706143016,-36.61252514433,-61.));
#892 = CARTESIAN_POINT('',(-24.86232480951,-36.21832210577,-61.));
#893 = CARTESIAN_POINT('',(-26.01008641293,-35.79970107664,-61.));
#894 = CARTESIAN_POINT('',(-27.14863200917,-35.35639216028,-61.));
#895 = CARTESIAN_POINT('',(-28.27709824932,-34.88810962675,-61.));
#896 = CARTESIAN_POINT('',(-29.39455398487,-34.39455154262,-61.));
#897 = CARTESIAN_POINT('',(-30.5,-33.87539940067,-61.));
#898 = PCURVE('',#57,#899);
#899 = DEFINITIONAL_REPRESENTATION('',(#900),#927);
#900 = B_SPLINE_CURVE_WITH_KNOTS('',7,(#901,#902,#903,#904,#905,#906,
    #907,#908,#909,#910,#911,#912,#913,#914,#915,#916,#917,#918,#919,
    #920,#921,#922,#923,#924,#925,#926),.UNSPECIFIED.,.F.,.F.,(8,6,6,6,8
    ),(0.,0.135956406334,0.50000167709,0.864046815107,1.),
  .UNSPECIFIED.);
#901 = CARTESIAN_POINT('',(0.841761921579,0.281598695231));
#902 = CARTESIAN_POINT('',(0.83801085836,0.281598695231));
#903 = CARTESIAN_POINT('',(0.8342861102,0.281598695231));
#904 = CARTESIAN_POINT('',(0.830585974188,0.281598695231));
#905 = CARTESIAN_POINT('',(0.826908832559,0.281598695231));
#906 = CARTESIAN_POINT('',(0.823253119631,0.281598695231));
#907 = CARTESIAN_POINT('',(0.819617288744,0.281598695231));
#908 = CARTESIAN_POINT('',(0.806313312215,0.281598695231));
#909 = CARTESIAN_POINT('',(0.796760307865,0.281598695231));
#910 = CARTESIAN_POINT('',(0.787308019772,0.281598695231));
#911 = CARTESIAN_POINT('',(0.777930544368,0.281598695231));
#912 = CARTESIAN_POINT('',(0.768603487852,0.281598695231));
#913 = CARTESIAN_POINT('',(0.759302469679,0.281598695231));
#914 = CARTESIAN_POINT('',(0.740696933713,0.281598695231));
#915 = CARTESIAN_POINT('',(0.731395917795,0.281598695231));
#916 = CARTESIAN_POINT('',(0.722068862417,0.281598695231));
#917 = CARTESIAN_POINT('',(0.712691387033,0.281598695231));
#918 = CARTESIAN_POINT('',(0.703239097835,0.281598695231));
#919 = CARTESIAN_POINT('',(0.693686091237,0.281598695231));
#920 = CARTESIAN_POINT('',(0.680382194364,0.281598695231));
#921 = CARTESIAN_POINT('',(0.676746447271,0.281598695231));
#922 = CARTESIAN_POINT('',(0.673090818934,0.281598695231));
#923 = CARTESIAN_POINT('',(0.669413762799,0.281598695231));
#924 = CARTESIAN_POINT('',(0.665713713294,0.281598695231));
#925 = CARTESIAN_POINT('',(0.661989052765,0.281598695231));
#926 = CARTESIAN_POINT('',(0.658238078427,0.281598695231));
#927 = ( GEOMETRIC_REPRESENTATION_CONTEXT(2) 
PARAMETRIC_REPRESENTATION_CONTEXT() REPRESENTATION_CONTEXT('2D SPACE',''
  ) );
#928 = PCURVE('',#929,#934);
#929 = PLANE('',#930);
#930 = AXIS2_PLACEMENT_3D('',#931,#932,#933);
#931 = CARTESIAN_POINT('',(-30.5,-142.,-61.));
#932 = DIRECTION('',(0.,0.,1.));
#933 = DIRECTION('',(1.,0.,0.));
#934 = DEFINITIONAL_REPRESENTATION('',(#935),#962);
#935 = B_SPLINE_CURVE_WITH_KNOTS('',7,(#936,#937,#938,#939,#940,#941,
    #942,#943,#944,#945,#946,#947,#948,#949,#950,#951,#952,#953,#954,
    #955,#956,#957,#958,#959,#960,#961),.UNSPECIFIED.,.F.,.F.,(8,6,6,6,8
    ),(0.,0.135956406334,0.50000167709,0.864046815107,1.),
  .UNSPECIFIED.);
#936 = CARTESIAN_POINT('',(61.,108.1246006013));
#937 = CARTESIAN_POINT('',(59.894527790961,107.60543615819));
#938 = CARTESIAN_POINT('',(58.777045292943,107.11186698593));
#939 = CARTESIAN_POINT('',(57.648551792163,106.64357455442));
#940 = CARTESIAN_POINT('',(56.509978501425,106.20025690904));
#941 = CARTESIAN_POINT('',(55.362188827899,105.78162830037));
#942 = CARTESIAN_POINT('',(54.205978640916,105.38741881389));
#943 = CARTESIAN_POINT('',(49.925540386899,104.02651914985));
#944 = CARTESIAN_POINT('',(46.754529321853,103.20913729088));
#945 = CARTESIAN_POINT('',(43.542188209156,102.55995141715));
#946 = CARTESIAN_POINT('',(40.300367453771,102.07557171622));
#947 = CARTESIAN_POINT('',(37.039813993313,101.7535569122));
#948 = CARTESIAN_POINT('',(33.770161609256,101.59250022465));
#949 = CARTESIAN_POINT('',(27.22962866224,101.59250912894));
#950 = CARTESIAN_POINT('',(23.959977911628,101.75357460165));
#951 = CARTESIAN_POINT('',(20.69942651152,102.07559811932));
#952 = CARTESIAN_POINT('',(17.457608251395,102.55998650573));
#953 = CARTESIAN_POINT('',(14.245270098047,103.2091810781));
#954 = CARTESIAN_POINT('',(11.074262506228,104.02657168618));
#955 = CARTESIAN_POINT('',(6.793856983999,105.38747485566));
#956 = CARTESIAN_POINT('',(5.637675190489,105.78167789423));
#957 = CARTESIAN_POINT('',(4.489913587068,106.20029892335));
#958 = CARTESIAN_POINT('',(3.351367990822,106.64360783971));
#959 = CARTESIAN_POINT('',(2.222901750673,107.11189037324));
#960 = CARTESIAN_POINT('',(1.105446015123,107.60544845737));
#961 = CARTESIAN_POINT('',(0.,108.12460059932));
#962 = ( GEOMETRIC_REPRESENTATION_CONTEXT(2) 
PARAMETRIC_REPRESENTATION_CONTEXT() REPRESENTATION_CONTEXT('2D SPACE',''
  ) );
#963 = ORIENTED_EDGE('',*,*,#964,.F.);
#964 = EDGE_CURVE('',#666,#868,#965,.T.);
#965 = SURFACE_CURVE('',#966,(#983,#1003),.PCURVE_S1.);
#966 = B_SPLINE_CURVE_WITH_KNOTS('',8,(#967,#968,#969,#970,#971,#972,
    #973,#974,#975,#976,#977,#978,#979,#980,#981,#982),.UNSPECIFIED.,.F.
  ,.F.,(9,7,9),(0.,0.494238241554,1.),.UNSPECIFIED.);
#967 = CARTESIAN_POINT('',(30.5,-26.29281167784,-113.));
#968 = CARTESIAN_POINT('',(30.5,-27.47530970335,-109.9563866925));
#969 = CARTESIAN_POINT('',(30.5,-28.51460162349,-106.858239558));
#970 = CARTESIAN_POINT('',(30.5,-29.42454221486,-103.7180861406));
#971 = CARTESIAN_POINT('',(30.5,-30.21641749686,-100.5459830421));
#972 = CARTESIAN_POINT('',(30.5,-30.90089717539,-97.35005858166));
#973 = CARTESIAN_POINT('',(30.5,-31.48769181531,-94.13642444477));
#974 = CARTESIAN_POINT('',(30.5,-31.98576643524,-90.90925470238));
#975 = CARTESIAN_POINT('',(30.5,-32.83037679884,-84.35672718147));
#976 = CARTESIAN_POINT('',(30.5,-33.17294663222,-81.03209984216));
#977 = CARTESIAN_POINT('',(30.5,-33.43958689617,-77.70006737398));
#978 = CARTESIAN_POINT('',(30.5,-33.63793448386,-74.36323903021));
#979 = CARTESIAN_POINT('',(30.5,-33.77483538409,-71.02364503761));
#980 = CARTESIAN_POINT('',(30.5,-33.85645253716,-67.68274296101));
#981 = CARTESIAN_POINT('',(30.5,-33.88831663783,-64.34142039071));
#982 = CARTESIAN_POINT('',(30.5,-33.87539939869,-61.));
#983 = PCURVE('',#57,#984);
#984 = DEFINITIONAL_REPRESENTATION('',(#985),#1002);
#985 = B_SPLINE_CURVE_WITH_KNOTS('',8,(#986,#987,#988,#989,#990,#991,
    #992,#993,#994,#995,#996,#997,#998,#999,#1000,#1001),.UNSPECIFIED.,
  .F.,.F.,(9,7,9),(0.,0.494238241554,1.),.UNSPECIFIED.);
#986 = CARTESIAN_POINT('',(0.860988444373,8.649485594998E-02));
#987 = CARTESIAN_POINT('',(0.857464845898,9.854205080327E-02));
#988 = CARTESIAN_POINT('',(0.854580799645,0.110674545091));
#989 = CARTESIAN_POINT('',(0.852187625519,0.122849670228));
#990 = CARTESIAN_POINT('',(0.850191958246,0.13503730249));
#991 = CARTESIAN_POINT('',(0.84852397403,0.147215851893));
#992 = CARTESIAN_POINT('',(0.84713202406,0.15937168015));
#993 = CARTESIAN_POINT('',(0.845975395438,0.171498160871));
#994 = CARTESIAN_POINT('',(0.844046605668,0.195974944301));
#995 = CARTESIAN_POINT('',(0.843284398474,0.208319146239));
#996 = CARTESIAN_POINT('',(0.842701160948,0.220625292842));
#997 = CARTESIAN_POINT('',(0.84227203163,0.232892252693));
#998 = CARTESIAN_POINT('',(0.84197770293,0.245120434414));
#999 = CARTESIAN_POINT('',(0.841802618004,0.257311731042));
#1000 = CARTESIAN_POINT('',(0.841734186036,0.269469523761));
#1001 = CARTESIAN_POINT('',(0.841761921579,0.281598695231));
#1002 = ( GEOMETRIC_REPRESENTATION_CONTEXT(2) 
PARAMETRIC_REPRESENTATION_CONTEXT() REPRESENTATION_CONTEXT('2D SPACE',''
  ) );
#1003 = PCURVE('',#1004,#1009);
#1004 = PLANE('',#1005);
#1005 = AXIS2_PLACEMENT_3D('',#1006,#1007,#1008);
#1006 = CARTESIAN_POINT('',(30.5,-142.,-113.));
#1007 = DIRECTION('',(1.,0.,0.));
#1008 = DIRECTION('',(0.,0.,1.));
#1009 = DEFINITIONAL_REPRESENTATION('',(#1010),#1027);
#1010 = B_SPLINE_CURVE_WITH_KNOTS('',8,(#1011,#1012,#1013,#1014,#1015,
    #1016,#1017,#1018,#1019,#1020,#1021,#1022,#1023,#1024,#1025,#1026),
  .UNSPECIFIED.,.F.,.F.,(9,7,9),(0.,0.494238241554,1.),.UNSPECIFIED.);
#1011 = CARTESIAN_POINT('',(0.,-115.7071883221));
#1012 = CARTESIAN_POINT('',(3.04361330744,-114.5246902966));
#1013 = CARTESIAN_POINT('',(6.14176044191,-113.4853983765));
#1014 = CARTESIAN_POINT('',(9.281913859356,-112.5754577851));
#1015 = CARTESIAN_POINT('',(12.454016957881,-111.7835825031));
#1016 = CARTESIAN_POINT('',(15.649941418338,-111.0991028246));
#1017 = CARTESIAN_POINT('',(18.86357555523,-110.5123081846));
#1018 = CARTESIAN_POINT('',(22.090745297619,-110.0142335647));
#1019 = CARTESIAN_POINT('',(28.643272818526,-109.1696232011));
#1020 = CARTESIAN_POINT('',(31.96790015784,-108.8270533677));
#1021 = CARTESIAN_POINT('',(35.299932626018,-108.5604131038));
#1022 = CARTESIAN_POINT('',(38.636760969782,-108.3620655161));
#1023 = CARTESIAN_POINT('',(41.976354962386,-108.2251646159));
#1024 = CARTESIAN_POINT('',(45.317257038986,-108.1435474628));
#1025 = CARTESIAN_POINT('',(48.658579609285,-108.1116833621));
#1026 = CARTESIAN_POINT('',(52.,-108.1246006013));
#1027 = ( GEOMETRIC_REPRESENTATION_CONTEXT(2) 
PARAMETRIC_REPRESENTATION_CONTEXT() REPRESENTATION_CONTEXT('2D SPACE',''
  ) );
#1028 = FACE_BOUND('',#1029,.T.);
#1029 = EDGE_LOOP('',(#1030,#1120,#1154,#1242));
#1030 = ORIENTED_EDGE('',*,*,#1031,.T.);
#1031 = EDGE_CURVE('',#1032,#1034,#1036,.T.);
#1032 = VERTEX_POINT('',#1033);
#1033 = CARTESIAN_POINT('',(24.,-35.9812568814,-43.));
#1034 = VERTEX_POINT('',#1035);
#1035 = CARTESIAN_POINT('',(-24.,-35.98125688274,-43.));
#1036 = SURFACE_CURVE('',#1037,(#1061,#1088),.PCURVE_S1.);
#1037 = B_SPLINE_CURVE_WITH_KNOTS('',8,(#1038,#1039,#1040,#1041,#1042,
    #1043,#1044,#1045,#1046,#1047,#1048,#1049,#1050,#1051,#1052,#1053,
    #1054,#1055,#1056,#1057,#1058,#1059,#1060),.UNSPECIFIED.,.F.,.F.,(9,
    7,7,9),(0.,0.500020808532,0.859653655046,1.),.UNSPECIFIED.);
#1038 = CARTESIAN_POINT('',(24.,-35.9812568814,-43.));
#1039 = CARTESIAN_POINT('',(21.114741189975,-36.98508968457,-43.));
#1040 = CARTESIAN_POINT('',(18.177436183151,-37.83710402437,-43.));
#1041 = CARTESIAN_POINT('',(15.198846941167,-38.54178907098,-43.));
#1042 = CARTESIAN_POINT('',(12.188757234064,-39.10225243898,-43.));
#1043 = CARTESIAN_POINT('',(9.15611076108,-39.52088056065,-43.));
#1044 = CARTESIAN_POINT('',(6.10902505138,-39.79935688416,-43.));
#1045 = CARTESIAN_POINT('',(3.054804639923,-39.93864822744,-43.));
#1046 = CARTESIAN_POINT('',(-2.197303946534,-39.9386410773,-43.));
#1047 = CARTESIAN_POINT('',(-4.394382374273,-39.86658035325,-43.));
#1048 = CARTESIAN_POINT('',(-6.588754511831,-39.72247659762,-43.));
#1049 = CARTESIAN_POINT('',(-8.777679528555,-39.50608957237,-43.));
#1050 = CARTESIAN_POINT('',(-10.95826540971,-39.21697099158,-43.));
#1051 = CARTESIAN_POINT('',(-13.1274689213,-38.85447489612,-43.));
#1052 = CARTESIAN_POINT('',(-15.28209090153,-38.41773151126,-43.));
#1053 = CARTESIAN_POINT('',(-18.25260246064,-37.70571978224,-43.));
#1054 = CARTESIAN_POINT('',(-19.08368489003,-37.4943762493,-43.));
#1055 = CARTESIAN_POINT('',(-19.91180588528,-37.27148804341,-43.));
#1056 = CARTESIAN_POINT('',(-20.73674720647,-37.03698485917,-43.));
#1057 = CARTESIAN_POINT('',(-21.5582806124,-36.79079191058,-43.));
#1058 = CARTESIAN_POINT('',(-22.37616781739,-36.53282981074,-43.));
#1059 = CARTESIAN_POINT('',(-23.19016044802,-36.26301445143,-43.));
#1060 = CARTESIAN_POINT('',(-24.,-35.98125688274,-43.));
#1061 = PCURVE('',#57,#1062);
#1062 = DEFINITIONAL_REPRESENTATION('',(#1063),#1087);
#1063 = B_SPLINE_CURVE_WITH_KNOTS('',8,(#1064,#1065,#1066,#1067,#1068,
    #1069,#1070,#1071,#1072,#1073,#1074,#1075,#1076,#1077,#1078,#1079,
    #1080,#1081,#1082,#1083,#1084,#1085,#1086),.UNSPECIFIED.,.F.,.F.,(9,
    7,7,9),(0.,0.500020808532,0.859653655046,1.),.UNSPECIFIED.);
#1064 = CARTESIAN_POINT('',(0.821448940444,0.346665875715));
#1065 = CARTESIAN_POINT('',(0.812231731664,0.346665875715));
#1066 = CARTESIAN_POINT('',(0.803142140312,0.346665875715));
#1067 = CARTESIAN_POINT('',(0.794153204293,0.346665875715));
#1068 = CARTESIAN_POINT('',(0.785243268604,0.346665875715));
#1069 = CARTESIAN_POINT('',(0.776392583703,0.346665875715));
#1070 = CARTESIAN_POINT('',(0.767582051968,0.346665875715));
#1071 = CARTESIAN_POINT('',(0.758791866886,0.346665875715));
#1072 = CARTESIAN_POINT('',(0.743676059163,0.346665875715));
#1073 = CARTESIAN_POINT('',(0.73735276363,0.346665875715));
#1074 = CARTESIAN_POINT('',(0.731022055571,0.346665875715));
#1075 = CARTESIAN_POINT('',(0.724676593857,0.346665875715));
#1076 = CARTESIAN_POINT('',(0.718309200015,0.346665875715));
#1077 = CARTESIAN_POINT('',(0.711912564652,0.346665875715));
#1078 = CARTESIAN_POINT('',(0.705478914311,0.346665875715));
#1079 = CARTESIAN_POINT('',(0.696471108259,0.346665875715));
#1080 = CARTESIAN_POINT('',(0.693935689734,0.346665875715));
#1081 = CARTESIAN_POINT('',(0.691392896677,0.346665875715));
#1082 = CARTESIAN_POINT('',(0.688842242325,0.346665875715));
#1083 = CARTESIAN_POINT('',(0.686283235958,0.346665875715));
#1084 = CARTESIAN_POINT('',(0.683715379153,0.346665875715));
#1085 = CARTESIAN_POINT('',(0.68113816204,0.346665875715));
#1086 = CARTESIAN_POINT('',(0.678551059558,0.346665875715));
#1087 = ( GEOMETRIC_REPRESENTATION_CONTEXT(2) 
PARAMETRIC_REPRESENTATION_CONTEXT() REPRESENTATION_CONTEXT('2D SPACE',''
  ) );
#1088 = PCURVE('',#1089,#1094);
#1089 = PLANE('',#1090);
#1090 = AXIS2_PLACEMENT_3D('',#1091,#1092,#1093);
#1091 = CARTESIAN_POINT('',(-24.,-60.,-43.));
#1092 = DIRECTION('',(0.,0.,1.));
#1093 = DIRECTION('',(1.,0.,0.));
#1094 = DEFINITIONAL_REPRESENTATION('',(#1095),#1119);
#1095 = B_SPLINE_CURVE_WITH_KNOTS('',8,(#1096,#1097,#1098,#1099,#1100,
    #1101,#1102,#1103,#1104,#1105,#1106,#1107,#1108,#1109,#1110,#1111,
    #1112,#1113,#1114,#1115,#1116,#1117,#1118),.UNSPECIFIED.,.F.,.F.,(9,
    7,7,9),(0.,0.500020808532,0.859653655046,1.),.UNSPECIFIED.);
#1096 = CARTESIAN_POINT('',(48.,24.018743118592));
#1097 = CARTESIAN_POINT('',(45.114741189975,23.014910315429));
#1098 = CARTESIAN_POINT('',(42.177436183151,22.162895975627));
#1099 = CARTESIAN_POINT('',(39.198846941167,21.458210929017));
#1100 = CARTESIAN_POINT('',(36.188757234064,20.897747561016));
#1101 = CARTESIAN_POINT('',(33.15611076108,20.479119439341));
#1102 = CARTESIAN_POINT('',(30.10902505138,20.200643115832));
#1103 = CARTESIAN_POINT('',(27.054804639923,20.061351772555));
#1104 = CARTESIAN_POINT('',(21.802696053466,20.061358922696));
#1105 = CARTESIAN_POINT('',(19.605617625727,20.133419646749));
#1106 = CARTESIAN_POINT('',(17.411245488169,20.277523402374));
#1107 = CARTESIAN_POINT('',(15.222320471445,20.49391042763));
#1108 = CARTESIAN_POINT('',(13.041734590286,20.783029008412));
#1109 = CARTESIAN_POINT('',(10.872531078694,21.145525103872));
#1110 = CARTESIAN_POINT('',(8.717909098465,21.582268488734));
#1111 = CARTESIAN_POINT('',(5.747397539356,22.294280217755));
#1112 = CARTESIAN_POINT('',(4.916315109961,22.505623750697));
#1113 = CARTESIAN_POINT('',(4.088194114716,22.728511956581));
#1114 = CARTESIAN_POINT('',(3.263252793528,22.96301514083));
#1115 = CARTESIAN_POINT('',(2.441719387594,23.20920808942));
#1116 = CARTESIAN_POINT('',(1.623832182607,23.46717018926));
#1117 = CARTESIAN_POINT('',(0.809839551971,23.736985548567));
#1118 = CARTESIAN_POINT('',(0.,24.018743117252));
#1119 = ( GEOMETRIC_REPRESENTATION_CONTEXT(2) 
PARAMETRIC_REPRESENTATION_CONTEXT() REPRESENTATION_CONTEXT('2D SPACE',''
  ) );
#1120 = ORIENTED_EDGE('',*,*,#1121,.T.);
#1121 = EDGE_CURVE('',#1034,#1122,#1124,.T.);
#1122 = VERTEX_POINT('',#1123);
#1123 = CARTESIAN_POINT('',(-24.,-35.64409933583,-37.));
#1124 = SURFACE_CURVE('',#1125,(#1131,#1140),.PCURVE_S1.);
#1125 = B_SPLINE_CURVE_WITH_KNOTS('',4,(#1126,#1127,#1128,#1129,#1130),
  .UNSPECIFIED.,.F.,.F.,(5,5),(0.,1.),.PIECEWISE_BEZIER_KNOTS.);
#1126 = CARTESIAN_POINT('',(-24.,-35.98125688274,-43.));
#1127 = CARTESIAN_POINT('',(-24.,-35.90553788462,-41.49953523098));
#1128 = CARTESIAN_POINT('',(-24.,-35.82376457463,-39.99937610949));
#1129 = CARTESIAN_POINT('',(-24.,-35.73646201542,-38.49953228545));
#1130 = CARTESIAN_POINT('',(-24.,-35.64409933583,-37.));
#1131 = PCURVE('',#57,#1132);
#1132 = DEFINITIONAL_REPRESENTATION('',(#1133),#1139);
#1133 = B_SPLINE_CURVE_WITH_KNOTS('',4,(#1134,#1135,#1136,#1137,#1138),
  .UNSPECIFIED.,.F.,.F.,(5,5),(0.,1.),.PIECEWISE_BEZIER_KNOTS.);
#1134 = CARTESIAN_POINT('',(0.678551059558,0.346665875715));
#1135 = CARTESIAN_POINT('',(0.678420105052,0.352074588033));
#1136 = CARTESIAN_POINT('',(0.678278083553,0.357480343313));
#1137 = CARTESIAN_POINT('',(0.67812568116,0.362883817359));
#1138 = CARTESIAN_POINT('',(0.677963486177,0.36828566464));
#1139 = ( GEOMETRIC_REPRESENTATION_CONTEXT(2) 
PARAMETRIC_REPRESENTATION_CONTEXT() REPRESENTATION_CONTEXT('2D SPACE',''
  ) );
#1140 = PCURVE('',#1141,#1146);
#1141 = PLANE('',#1142);
#1142 = AXIS2_PLACEMENT_3D('',#1143,#1144,#1145);
#1143 = CARTESIAN_POINT('',(-24.,-60.,-43.));
#1144 = DIRECTION('',(1.,0.,0.));
#1145 = DIRECTION('',(0.,0.,1.));
#1146 = DEFINITIONAL_REPRESENTATION('',(#1147),#1153);
#1147 = B_SPLINE_CURVE_WITH_KNOTS('',4,(#1148,#1149,#1150,#1151,#1152),
  .UNSPECIFIED.,.F.,.F.,(5,5),(0.,1.),.PIECEWISE_BEZIER_KNOTS.);
#1148 = CARTESIAN_POINT('',(0.,-24.01874311725));
#1149 = CARTESIAN_POINT('',(1.500464769019,-24.09446211537));
#1150 = CARTESIAN_POINT('',(3.00062389051,-24.17623542536));
#1151 = CARTESIAN_POINT('',(4.500467714545,-24.26353798458));
#1152 = CARTESIAN_POINT('',(6.,-24.35590066416));
#1153 = ( GEOMETRIC_REPRESENTATION_CONTEXT(2) 
PARAMETRIC_REPRESENTATION_CONTEXT() REPRESENTATION_CONTEXT('2D SPACE',''
  ) );
#1154 = ORIENTED_EDGE('',*,*,#1155,.F.);
#1155 = EDGE_CURVE('',#1156,#1122,#1158,.T.);
#1156 = VERTEX_POINT('',#1157);
#1157 = CARTESIAN_POINT('',(24.,-35.64409933492,-37.));
#1158 = SURFACE_CURVE('',#1159,(#1183,#1210),.PCURVE_S1.);
#1159 = B_SPLINE_CURVE_WITH_KNOTS('',8,(#1160,#1161,#1162,#1163,#1164,
    #1165,#1166,#1167,#1168,#1169,#1170,#1171,#1172,#1173,#1174,#1175,
    #1176,#1177,#1178,#1179,#1180,#1181,#1182),.UNSPECIFIED.,.F.,.F.,(9,
    7,7,9),(0.,0.500021428329,0.860252568712,1.),.UNSPECIFIED.);
#1160 = CARTESIAN_POINT('',(24.,-35.64409933492,-37.));
#1161 = CARTESIAN_POINT('',(21.116803847651,-36.65670296916,-37.));
#1162 = CARTESIAN_POINT('',(18.180578790088,-37.51602916399,-37.));
#1163 = CARTESIAN_POINT('',(15.202323765613,-38.22668190162,-37.));
#1164 = CARTESIAN_POINT('',(12.192023318838,-38.79183924021,-37.));
#1165 = CARTESIAN_POINT('',(9.158793620824,-39.21394485071,-37.));
#1166 = CARTESIAN_POINT('',(6.11089637812,-39.49472361157,-37.));
#1167 = CARTESIAN_POINT('',(3.055752947788,-39.63516860393,-37.));
#1168 = CARTESIAN_POINT('',(-2.201638361163,-39.63516144664,-37.));
#1169 = CARTESIAN_POINT('',(-4.403046750424,-39.56226216287,-37.));
#1170 = CARTESIAN_POINT('',(-6.601692013368,-39.41648209183,-37.));
#1171 = CARTESIAN_POINT('',(-8.794775076402,-39.19757307585,-37.));
#1172 = CARTESIAN_POINT('',(-10.97933933936,-38.90507269867,-37.));
#1173 = CARTESIAN_POINT('',(-13.1522706456,-38.5383152376,-37.));
#1174 = CARTESIAN_POINT('',(-15.31029227471,-38.09640416952,-37.));
#1175 = CARTESIAN_POINT('',(-18.28001191351,-37.37709416274,-37.));
#1176 = CARTESIAN_POINT('',(-19.10728524306,-37.16455718145,-37.));
#1177 = CARTESIAN_POINT('',(-19.93156501566,-36.94046849865,-37.));
#1178 = CARTESIAN_POINT('',(-20.7526311508,-36.70475695676,-37.));
#1179 = CARTESIAN_POINT('',(-21.57025337418,-36.45734690771,-37.));
#1180 = CARTESIAN_POINT('',(-22.3841911737,-36.19815809181,-37.));
#1181 = CARTESIAN_POINT('',(-23.19419375551,-35.9271055166,-37.));
#1182 = CARTESIAN_POINT('',(-24.,-35.64409933583,-37.));
#1183 = PCURVE('',#57,#1184);
#1184 = DEFINITIONAL_REPRESENTATION('',(#1185),#1209);
#1185 = B_SPLINE_CURVE_WITH_KNOTS('',8,(#1186,#1187,#1188,#1189,#1190,
    #1191,#1192,#1193,#1194,#1195,#1196,#1197,#1198,#1199,#1200,#1201,
    #1202,#1203,#1204,#1205,#1206,#1207,#1208),.UNSPECIFIED.,.F.,.F.,(9,
    7,7,9),(0.,0.500021428329,0.860252568712,1.),.UNSPECIFIED.);
#1186 = CARTESIAN_POINT('',(0.822036513825,0.36828566464));
#1187 = CARTESIAN_POINT('',(0.812738771131,0.36828566464));
#1188 = CARTESIAN_POINT('',(0.803571890657,0.36828566464));
#1189 = CARTESIAN_POINT('',(0.794508125628,0.36828566464));
#1190 = CARTESIAN_POINT('',(0.785525277697,0.36828566464));
#1191 = CARTESIAN_POINT('',(0.776603119687,0.36828566464));
#1192 = CARTESIAN_POINT('',(0.767722101752,0.36828566464));
#1193 = CARTESIAN_POINT('',(0.758861934867,0.36828566464));
#1194 = CARTESIAN_POINT('',(0.743615067679,0.36828566464));
#1195 = CARTESIAN_POINT('',(0.737230798305,0.36828566464));
#1196 = CARTESIAN_POINT('',(0.730838897254,0.36828566464));
#1197 = CARTESIAN_POINT('',(0.724431807059,0.36828566464));
#1198 = CARTESIAN_POINT('',(0.718002141633,0.36828566464));
#1199 = CARTESIAN_POINT('',(0.711542378198,0.36828566464));
#1200 = CARTESIAN_POINT('',(0.705044506912,0.36828566464));
#1201 = CARTESIAN_POINT('',(0.695960633411,0.36828566464));
#1202 = CARTESIAN_POINT('',(0.693414618491,0.36828566464));
#1203 = CARTESIAN_POINT('',(0.690861100541,0.36828566464));
#1204 = CARTESIAN_POINT('',(0.688299586474,0.36828566464));
#1205 = CARTESIAN_POINT('',(0.685729579185,0.36828566464));
#1206 = CARTESIAN_POINT('',(0.683150573719,0.36828566464));
#1207 = CARTESIAN_POINT('',(0.680562053436,0.36828566464));
#1208 = CARTESIAN_POINT('',(0.677963486177,0.36828566464));
#1209 = ( GEOMETRIC_REPRESENTATION_CONTEXT(2) 
PARAMETRIC_REPRESENTATION_CONTEXT() REPRESENTATION_CONTEXT('2D SPACE',''
  ) );
#1210 = PCURVE('',#1211,#1216);
#1211 = PLANE('',#1212);
#1212 = AXIS2_PLACEMENT_3D('',#1213,#1214,#1215);
#1213 = CARTESIAN_POINT('',(-24.,-60.,-37.));
#1214 = DIRECTION('',(0.,0.,1.));
#1215 = DIRECTION('',(1.,0.,0.));
#1216 = DEFINITIONAL_REPRESENTATION('',(#1217),#1241);
#1217 = B_SPLINE_CURVE_WITH_KNOTS('',8,(#1218,#1219,#1220,#1221,#1222,
    #1223,#1224,#1225,#1226,#1227,#1228,#1229,#1230,#1231,#1232,#1233,
    #1234,#1235,#1236,#1237,#1238,#1239,#1240),.UNSPECIFIED.,.F.,.F.,(9,
    7,7,9),(0.,0.500021428329,0.860252568712,1.),.UNSPECIFIED.);
#1218 = CARTESIAN_POINT('',(48.,24.355900665079));
#1219 = CARTESIAN_POINT('',(45.116803847651,23.343297030836));
#1220 = CARTESIAN_POINT('',(42.180578790088,22.483970836007));
#1221 = CARTESIAN_POINT('',(39.202323765613,21.773318098371));
#1222 = CARTESIAN_POINT('',(36.192023318838,21.208160759788));
#1223 = CARTESIAN_POINT('',(33.158793620824,20.786055149282));
#1224 = CARTESIAN_POINT('',(30.11089637812,20.505276388428));
#1225 = CARTESIAN_POINT('',(27.055752947788,20.364831396068));
#1226 = CARTESIAN_POINT('',(21.798361638837,20.364838553353));
#1227 = CARTESIAN_POINT('',(19.596953249576,20.437737837123));
#1228 = CARTESIAN_POINT('',(17.398307986632,20.583517908166));
#1229 = CARTESIAN_POINT('',(15.205224923598,20.802426924142));
#1230 = CARTESIAN_POINT('',(13.020660660638,21.094927301324));
#1231 = CARTESIAN_POINT('',(10.847729354391,21.461684762396));
#1232 = CARTESIAN_POINT('',(8.689707725288,21.903595830475));
#1233 = CARTESIAN_POINT('',(5.719988086488,22.622905837256));
#1234 = CARTESIAN_POINT('',(4.892714756936,22.835442818543));
#1235 = CARTESIAN_POINT('',(4.068434984336,23.05953150135));
#1236 = CARTESIAN_POINT('',(3.247368849196,23.295243043237));
#1237 = CARTESIAN_POINT('',(2.42974662582,23.542653092281));
#1238 = CARTESIAN_POINT('',(1.615808826295,23.801841908186));
#1239 = CARTESIAN_POINT('',(0.805806244481,24.072894483391));
#1240 = CARTESIAN_POINT('',(0.,24.355900664169));
#1241 = ( GEOMETRIC_REPRESENTATION_CONTEXT(2) 
PARAMETRIC_REPRESENTATION_CONTEXT() REPRESENTATION_CONTEXT('2D SPACE',''
  ) );
#1242 = ORIENTED_EDGE('',*,*,#1243,.F.);
#1243 = EDGE_CURVE('',#1032,#1156,#1244,.T.);
#1244 = SURFACE_CURVE('',#1245,(#1251,#1260),.PCURVE_S1.);
#1245 = B_SPLINE_CURVE_WITH_KNOTS('',4,(#1246,#1247,#1248,#1249,#1250),
  .UNSPECIFIED.,.F.,.F.,(5,5),(0.,1.),.PIECEWISE_BEZIER_KNOTS.);
#1246 = CARTESIAN_POINT('',(24.,-35.9812568814,-43.));
#1247 = CARTESIAN_POINT('',(24.,-35.90553788338,-41.49953523098));
#1248 = CARTESIAN_POINT('',(24.,-35.82376457349,-39.99937610949));
#1249 = CARTESIAN_POINT('',(24.,-35.73646201439,-38.49953228545));
#1250 = CARTESIAN_POINT('',(24.,-35.64409933492,-37.));
#1251 = PCURVE('',#57,#1252);
#1252 = DEFINITIONAL_REPRESENTATION('',(#1253),#1259);
#1253 = B_SPLINE_CURVE_WITH_KNOTS('',4,(#1254,#1255,#1256,#1257,#1258),
  .UNSPECIFIED.,.F.,.F.,(5,5),(0.,1.),.PIECEWISE_BEZIER_KNOTS.);
#1254 = CARTESIAN_POINT('',(0.821448940444,0.346665875715));
#1255 = CARTESIAN_POINT('',(0.821579894951,0.352074588033));
#1256 = CARTESIAN_POINT('',(0.821721916449,0.357480343313));
#1257 = CARTESIAN_POINT('',(0.821874318842,0.362883817359));
#1258 = CARTESIAN_POINT('',(0.822036513825,0.36828566464));
#1259 = ( GEOMETRIC_REPRESENTATION_CONTEXT(2) 
PARAMETRIC_REPRESENTATION_CONTEXT() REPRESENTATION_CONTEXT('2D SPACE',''
  ) );
#1260 = PCURVE('',#1261,#1266);
#1261 = PLANE('',#1262);
#1262 = AXIS2_PLACEMENT_3D('',#1263,#1264,#1265);
#1263 = CARTESIAN_POINT('',(24.,-60.,-43.));
#1264 = DIRECTION('',(1.,0.,0.));
#1265 = DIRECTION('',(0.,0.,1.));
#1266 = DEFINITIONAL_REPRESENTATION('',(#1267),#1273);
#1267 = B_SPLINE_CURVE_WITH_KNOTS('',4,(#1268,#1269,#1270,#1271,#1272),
  .UNSPECIFIED.,.F.,.F.,(5,5),(0.,1.),.PIECEWISE_BEZIER_KNOTS.);
#1268 = CARTESIAN_POINT('',(0.,-24.01874311859));
#1269 = CARTESIAN_POINT('',(1.500464769018,-24.09446211661));
#1270 = CARTESIAN_POINT('',(3.000623890508,-24.1762354265));
#1271 = CARTESIAN_POINT('',(4.500467714544,-24.2635379856));
#1272 = CARTESIAN_POINT('',(6.,-24.35590066507));
#1273 = ( GEOMETRIC_REPRESENTATION_CONTEXT(2) 
PARAMETRIC_REPRESENTATION_CONTEXT() REPRESENTATION_CONTEXT('2D SPACE',''
  ) );
#1274 = FACE_BOUND('',#1275,.T.);
#1275 = EDGE_LOOP('',(#1276,#1366,#1400,#1497));
#1276 = ORIENTED_EDGE('',*,*,#1277,.T.);
#1277 = EDGE_CURVE('',#1278,#1280,#1282,.T.);
#1278 = VERTEX_POINT('',#1279);
#1279 = CARTESIAN_POINT('',(24.,-31.70241672753,9.));
#1280 = VERTEX_POINT('',#1281);
#1281 = CARTESIAN_POINT('',(-24.,-31.70241672302,9.));
#1282 = SURFACE_CURVE('',#1283,(#1307,#1334),.PCURVE_S1.);
#1283 = B_SPLINE_CURVE_WITH_KNOTS('',8,(#1284,#1285,#1286,#1287,#1288,
    #1289,#1290,#1291,#1292,#1293,#1294,#1295,#1296,#1297,#1298,#1299,
    #1300,#1301,#1302,#1303,#1304,#1305,#1306),.UNSPECIFIED.,.F.,.F.,(9,
    7,7,9),(0.,0.500031663263,0.861286729517,1.),.UNSPECIFIED.);
#1284 = CARTESIAN_POINT('',(24.,-31.70241672753,9.));
#1285 = CARTESIAN_POINT('',(21.145557034156,-32.82956729928,9.));
#1286 = CARTESIAN_POINT('',(18.224233221018,-33.78411917149,9.));
#1287 = CARTESIAN_POINT('',(15.250477220549,-34.57234605839,9.));
#1288 = CARTESIAN_POINT('',(12.237146845524,-35.1984071123,9.));
#1289 = CARTESIAN_POINT('',(9.195799473759,-35.66556812562,9.));
#1290 = CARTESIAN_POINT('',(6.136699284425,-35.97615015968,9.));
#1291 = CARTESIAN_POINT('',(3.068850688909,-36.13153704616,9.));
#1292 = CARTESIAN_POINT('',(-2.217297746644,-36.13152985032,9.));
#1293 = CARTESIAN_POINT('',(-4.434307449092,-36.05042000321,9.));
#1294 = CARTESIAN_POINT('',(-6.64793522844,-35.8882270714,9.));
#1295 = CARTESIAN_POINT('',(-8.854747669255,-35.64461215841,9.));
#1296 = CARTESIAN_POINT('',(-11.05107127173,-35.31894266512,9.));
#1297 = CARTESIAN_POINT('',(-13.23299391314,-34.91031872513,9.));
#1298 = CARTESIAN_POINT('',(-15.39635744873,-34.4175347548,9.));
#1299 = CARTESIAN_POINT('',(-18.3585903532,-33.61679251755,9.));
#1300 = CARTESIAN_POINT('',(-19.17702440875,-33.38199007181,9.));
#1301 = CARTESIAN_POINT('',(-19.99177528961,-33.13445863845,9.));
#1302 = CARTESIAN_POINT('',(-20.80256458279,-32.87410517306,9.));
#1303 = CARTESIAN_POINT('',(-21.6090985539,-32.60083119627,9.));
#1304 = CARTESIAN_POINT('',(-22.41106808193,-32.31453264343,9.));
#1305 = CARTESIAN_POINT('',(-23.20814859398,-32.01509971435,9.));
#1306 = CARTESIAN_POINT('',(-24.,-31.70241672302,9.));
#1307 = PCURVE('',#57,#1308);
#1308 = DEFINITIONAL_REPRESENTATION('',(#1309),#1333);
#1309 = B_SPLINE_CURVE_WITH_KNOTS('',8,(#1310,#1311,#1312,#1313,#1314,
    #1315,#1316,#1317,#1318,#1319,#1320,#1321,#1322,#1323,#1324,#1325,
    #1326,#1327,#1328,#1329,#1330,#1331,#1332),.UNSPECIFIED.,.F.,.F.,(9,
    7,7,9),(0.,0.500031663263,0.861286729517,1.),.UNSPECIFIED.);
#1310 = CARTESIAN_POINT('',(0.829632457043,0.534766019914));
#1311 = CARTESIAN_POINT('',(0.819282942517,0.534766019914));
#1312 = CARTESIAN_POINT('',(0.809111466349,0.534766019914));
#1313 = CARTESIAN_POINT('',(0.799078426806,0.534766019914));
#1314 = CARTESIAN_POINT('',(0.789153819502,0.534766019914));
#1315 = CARTESIAN_POINT('',(0.779310566706,0.534766019914));
#1316 = CARTESIAN_POINT('',(0.769522680507,0.534766019914));
#1317 = CARTESIAN_POINT('',(0.759762933946,0.534766019914));
#1318 = CARTESIAN_POINT('',(0.742946111227,0.534766019914));
#1319 = CARTESIAN_POINT('',(0.735893138484,0.534766019914));
#1320 = CARTESIAN_POINT('',(0.728829810704,0.534766019914));
#1321 = CARTESIAN_POINT('',(0.721745959405,0.534766019914));
#1322 = CARTESIAN_POINT('',(0.714631628465,0.534766019914));
#1323 = CARTESIAN_POINT('',(0.70747665089,0.534766019914));
#1324 = CARTESIAN_POINT('',(0.700270138641,0.534766019914));
#1325 = CARTESIAN_POINT('',(0.690207931486,0.534766019914));
#1326 = CARTESIAN_POINT('',(0.687406902301,0.534766019914));
#1327 = CARTESIAN_POINT('',(0.684595883363,0.534766019914));
#1328 = CARTESIAN_POINT('',(0.681774215139,0.534766019914));
#1329 = CARTESIAN_POINT('',(0.678941232888,0.534766019914));
#1330 = CARTESIAN_POINT('',(0.676096260304,0.534766019914));
#1331 = CARTESIAN_POINT('',(0.67323860316,0.534766019914));
#1332 = CARTESIAN_POINT('',(0.670367542947,0.534766019914));
#1333 = ( GEOMETRIC_REPRESENTATION_CONTEXT(2) 
PARAMETRIC_REPRESENTATION_CONTEXT() REPRESENTATION_CONTEXT('2D SPACE',''
  ) );
#1334 = PCURVE('',#1335,#1340);
#1335 = PLANE('',#1336);
#1336 = AXIS2_PLACEMENT_3D('',#1337,#1338,#1339);
#1337 = CARTESIAN_POINT('',(-24.,-60.,9.));
#1338 = DIRECTION('',(0.,0.,1.));
#1339 = DIRECTION('',(1.,0.,0.));
#1340 = DEFINITIONAL_REPRESENTATION('',(#1341),#1365);
#1341 = B_SPLINE_CURVE_WITH_KNOTS('',8,(#1342,#1343,#1344,#1345,#1346,
    #1347,#1348,#1349,#1350,#1351,#1352,#1353,#1354,#1355,#1356,#1357,
    #1358,#1359,#1360,#1361,#1362,#1363,#1364),.UNSPECIFIED.,.F.,.F.,(9,
    7,7,9),(0.,0.500031663263,0.861286729517,1.),.UNSPECIFIED.);
#1342 = CARTESIAN_POINT('',(48.,28.297583272469));
#1343 = CARTESIAN_POINT('',(45.145557034156,27.170432700713));
#1344 = CARTESIAN_POINT('',(42.224233221018,26.215880828502));
#1345 = CARTESIAN_POINT('',(39.250477220549,25.427653941608));
#1346 = CARTESIAN_POINT('',(36.237146845524,24.801592887696));
#1347 = CARTESIAN_POINT('',(33.195799473759,24.334431874377));
#1348 = CARTESIAN_POINT('',(30.136699284425,24.02384984032));
#1349 = CARTESIAN_POINT('',(27.068850688909,23.868462953837));
#1350 = CARTESIAN_POINT('',(21.782702253356,23.868470149675));
#1351 = CARTESIAN_POINT('',(19.565692550908,23.949579996783));
#1352 = CARTESIAN_POINT('',(17.35206477156,24.111772928597));
#1353 = CARTESIAN_POINT('',(15.145252330745,24.355387841583));
#1354 = CARTESIAN_POINT('',(12.948928728269,24.681057334871));
#1355 = CARTESIAN_POINT('',(10.767006086854,25.089681274867));
#1356 = CARTESIAN_POINT('',(8.603642551267,25.582465245194));
#1357 = CARTESIAN_POINT('',(5.641409646796,26.383207482445));
#1358 = CARTESIAN_POINT('',(4.822975591243,26.618009928181));
#1359 = CARTESIAN_POINT('',(4.008224710381,26.86554136155));
#1360 = CARTESIAN_POINT('',(3.197435417205,27.125894826939));
#1361 = CARTESIAN_POINT('',(2.390901446093,27.39916880373));
#1362 = CARTESIAN_POINT('',(1.588931918063,27.685467356567));
#1363 = CARTESIAN_POINT('',(0.791851406019,27.984900285645));
#1364 = CARTESIAN_POINT('',(0.,28.297583276977));
#1365 = ( GEOMETRIC_REPRESENTATION_CONTEXT(2) 
PARAMETRIC_REPRESENTATION_CONTEXT() REPRESENTATION_CONTEXT('2D SPACE',''
  ) );
#1366 = ORIENTED_EDGE('',*,*,#1367,.T.);
#1367 = EDGE_CURVE('',#1280,#1368,#1370,.T.);
#1368 = VERTEX_POINT('',#1369);
#1369 = CARTESIAN_POINT('',(-24.,-31.11203497141,15.));
#1370 = SURFACE_CURVE('',#1371,(#1377,#1386),.PCURVE_S1.);
#1371 = B_SPLINE_CURVE_WITH_KNOTS('',4,(#1372,#1373,#1374,#1375,#1376),
  .UNSPECIFIED.,.F.,.F.,(5,5),(0.,1.),.PIECEWISE_BEZIER_KNOTS.);
#1372 = CARTESIAN_POINT('',(-24.,-31.70241672302,9.));
#1373 = CARTESIAN_POINT('',(-24.,-31.55537546753,10.500054488447));
#1374 = CARTESIAN_POINT('',(-24.,-31.40787392203,12.000063827588));
#1375 = CARTESIAN_POINT('',(-24.,-31.26005874902,13.500042215048));
#1376 = CARTESIAN_POINT('',(-24.,-31.11203497141,15.));
#1377 = PCURVE('',#57,#1378);
#1378 = DEFINITIONAL_REPRESENTATION('',(#1379),#1385);
#1379 = B_SPLINE_CURVE_WITH_KNOTS('',4,(#1380,#1381,#1382,#1383,#1384),
  .UNSPECIFIED.,.F.,.F.,(5,5),(0.,1.),.PIECEWISE_BEZIER_KNOTS.);
#1380 = CARTESIAN_POINT('',(0.670367542947,0.534766019914));
#1381 = CARTESIAN_POINT('',(0.670056823346,0.54024461678));
#1382 = CARTESIAN_POINT('',(0.669742172259,0.54572894345));
#1383 = CARTESIAN_POINT('',(0.6694238018,0.551219247233));
#1384 = CARTESIAN_POINT('',(0.669101860725,0.556715699129));
#1385 = ( GEOMETRIC_REPRESENTATION_CONTEXT(2) 
PARAMETRIC_REPRESENTATION_CONTEXT() REPRESENTATION_CONTEXT('2D SPACE',''
  ) );
#1386 = PCURVE('',#1387,#1392);
#1387 = PLANE('',#1388);
#1388 = AXIS2_PLACEMENT_3D('',#1389,#1390,#1391);
#1389 = CARTESIAN_POINT('',(-24.,-60.,9.));
#1390 = DIRECTION('',(1.,0.,0.));
#1391 = DIRECTION('',(0.,0.,1.));
#1392 = DEFINITIONAL_REPRESENTATION('',(#1393),#1399);
#1393 = B_SPLINE_CURVE_WITH_KNOTS('',4,(#1394,#1395,#1396,#1397,#1398),
  .UNSPECIFIED.,.F.,.F.,(5,5),(0.,1.),.PIECEWISE_BEZIER_KNOTS.);
#1394 = CARTESIAN_POINT('',(0.,-28.29758327697));
#1395 = CARTESIAN_POINT('',(1.500054488447,-28.44462453247));
#1396 = CARTESIAN_POINT('',(3.000063827588,-28.59212607797));
#1397 = CARTESIAN_POINT('',(4.500042215048,-28.73994125097));
#1398 = CARTESIAN_POINT('',(6.,-28.88796502858));
#1399 = ( GEOMETRIC_REPRESENTATION_CONTEXT(2) 
PARAMETRIC_REPRESENTATION_CONTEXT() REPRESENTATION_CONTEXT('2D SPACE',''
  ) );
#1400 = ORIENTED_EDGE('',*,*,#1401,.F.);
#1401 = EDGE_CURVE('',#1402,#1368,#1404,.T.);
#1402 = VERTEX_POINT('',#1403);
#1403 = CARTESIAN_POINT('',(24.,-31.11203497675,15.));
#1404 = SURFACE_CURVE('',#1405,(#1432,#1462),.PCURVE_S1.);
#1405 = B_SPLINE_CURVE_WITH_KNOTS('',7,(#1406,#1407,#1408,#1409,#1410,
    #1411,#1412,#1413,#1414,#1415,#1416,#1417,#1418,#1419,#1420,#1421,
    #1422,#1423,#1424,#1425,#1426,#1427,#1428,#1429,#1430,#1431),
  .UNSPECIFIED.,.F.,.F.,(8,6,6,6,8),(0.,0.138045706352,0.500002181234,
    0.858901424581,1.),.UNSPECIFIED.);
#1406 = CARTESIAN_POINT('',(24.,-31.11203497675,15.));
#1407 = CARTESIAN_POINT('',(23.101078158216,-31.47373326279,15.));
#1408 = CARTESIAN_POINT('',(22.194987710881,-31.81760492613,15.));
#1409 = CARTESIAN_POINT('',(21.282290321886,-32.14384021573,15.));
#1410 = CARTESIAN_POINT('',(20.36351501685,-32.45261749259,15.));
#1411 = CARTESIAN_POINT('',(19.43915836262,-32.74410362973,15.));
#1412 = CARTESIAN_POINT('',(18.509684646786,-33.01845441224,15.));
#1413 = CARTESIAN_POINT('',(15.126157952876,-33.95061541354,15.));
#1414 = CARTESIAN_POINT('',(12.644885843614,-34.50852525706,15.));
#1415 = CARTESIAN_POINT('',(10.139115550956,-34.95231299104,15.));
#1416 = CARTESIAN_POINT('',(7.615675420631,-35.28382703025,15.));
#1417 = CARTESIAN_POINT('',(5.080880420416,-35.50436401198,15.));
#1418 = CARTESIAN_POINT('',(2.540532801691,-35.61465158478,15.));
#1419 = CARTESIAN_POINT('',(-2.519259550508,-35.61464469716,15.));
#1420 = CARTESIAN_POINT('',(-5.038159831865,-35.50620548193,15.));
#1421 = CARTESIAN_POINT('',(-7.551643324643,-35.28936995552,15.));
#1422 = CARTESIAN_POINT('',(-10.05405433025,-34.96343589547,15.));
#1423 = CARTESIAN_POINT('',(-12.53924620423,-34.52714993173,15.));
#1424 = CARTESIAN_POINT('',(-15.00058050879,-33.97872289338,15.));
#1425 = CARTESIAN_POINT('',(-18.38631597692,-33.05473216244,15.));
#1426 = CARTESIAN_POINT('',(-19.33692095192,-32.77624997603,15.));
#1427 = CARTESIAN_POINT('',(-20.2822229555,-32.47988049333,15.));
#1428 = CARTESIAN_POINT('',(-21.22172826952,-32.16545822348,15.));
#1429 = CARTESIAN_POINT('',(-22.15490813069,-31.83280553458,15.));
#1430 = CARTESIAN_POINT('',(-23.08119852799,-31.48173220446,15.));
#1431 = CARTESIAN_POINT('',(-24.,-31.11203497141,15.));
#1432 = PCURVE('',#57,#1433);
#1433 = DEFINITIONAL_REPRESENTATION('',(#1434),#1461);
#1434 = B_SPLINE_CURVE_WITH_KNOTS('',7,(#1435,#1436,#1437,#1438,#1439,
    #1440,#1441,#1442,#1443,#1444,#1445,#1446,#1447,#1448,#1449,#1450,
    #1451,#1452,#1453,#1454,#1455,#1456,#1457,#1458,#1459,#1460),
  .UNSPECIFIED.,.F.,.F.,(8,6,6,6,8),(0.,0.138045706352,0.500002181234,
    0.858901424581,1.),.UNSPECIFIED.);
#1435 = CARTESIAN_POINT('',(0.830898139263,0.556715699129));
#1436 = CARTESIAN_POINT('',(0.827577019832,0.556715699129));
#1437 = CARTESIAN_POINT('',(0.824274460458,0.556715699129));
#1438 = CARTESIAN_POINT('',(0.820989269492,0.556715699129));
#1439 = CARTESIAN_POINT('',(0.81772030647,0.556715699129));
#1440 = CARTESIAN_POINT('',(0.814466464084,0.556715699129));
#1441 = CARTESIAN_POINT('',(0.811226650155,0.556715699129));
#1442 = CARTESIAN_POINT('',(0.799538873992,0.556715699129));
#1443 = CARTESIAN_POINT('',(0.791167945974,0.556715699129));
#1444 = CARTESIAN_POINT('',(0.782865855735,0.556715699129));
#1445 = CARTESIAN_POINT('',(0.774614919706,0.556715699129));
#1446 = CARTESIAN_POINT('',(0.766398391686,0.556715699129));
#1447 = CARTESIAN_POINT('',(0.758199495421,0.556715699129));
#1448 = CARTESIAN_POINT('',(0.741869163385,0.556715699129));
#1449 = CARTESIAN_POINT('',(0.73373948589,0.556715699129));
#1450 = CARTESIAN_POINT('',(0.725592629885,0.556715699129));
#1451 = CARTESIAN_POINT('',(0.717412236293,0.556715699129));
#1452 = CARTESIAN_POINT('',(0.70918197675,0.556715699129));
#1453 = CARTESIAN_POINT('',(0.700884617141,0.556715699129));
#1454 = CARTESIAN_POINT('',(0.689203135893,0.556715699129));
#1455 = CARTESIAN_POINT('',(0.685893253681,0.556715699129));
#1456 = CARTESIAN_POINT('',(0.682568816205,0.556715699129));
#1457 = CARTESIAN_POINT('',(0.679228659068,0.556715699129));
#1458 = CARTESIAN_POINT('',(0.675871601563,0.556715699129));
#1459 = CARTESIAN_POINT('',(0.672496426616,0.556715699129));
#1460 = CARTESIAN_POINT('',(0.669101860725,0.556715699129));
#1461 = ( GEOMETRIC_REPRESENTATION_CONTEXT(2) 
PARAMETRIC_REPRESENTATION_CONTEXT() REPRESENTATION_CONTEXT('2D SPACE',''
  ) );
#1462 = PCURVE('',#1463,#1468);
#1463 = PLANE('',#1464);
#1464 = AXIS2_PLACEMENT_3D('',#1465,#1466,#1467);
#1465 = CARTESIAN_POINT('',(-24.,-60.,15.));
#1466 = DIRECTION('',(0.,0.,1.));
#1467 = DIRECTION('',(1.,0.,0.));
#1468 = DEFINITIONAL_REPRESENTATION('',(#1469),#1496);
#1469 = B_SPLINE_CURVE_WITH_KNOTS('',7,(#1470,#1471,#1472,#1473,#1474,
    #1475,#1476,#1477,#1478,#1479,#1480,#1481,#1482,#1483,#1484,#1485,
    #1486,#1487,#1488,#1489,#1490,#1491,#1492,#1493,#1494,#1495),
  .UNSPECIFIED.,.F.,.F.,(8,6,6,6,8),(0.,0.138045706352,0.500002181234,
    0.858901424581,1.),.UNSPECIFIED.);
#1470 = CARTESIAN_POINT('',(48.,28.887965023249));
#1471 = CARTESIAN_POINT('',(47.101078158216,28.526266737208));
#1472 = CARTESIAN_POINT('',(46.194987710881,28.182395073865));
#1473 = CARTESIAN_POINT('',(45.282290321886,27.856159784262));
#1474 = CARTESIAN_POINT('',(44.36351501685,27.547382507406));
#1475 = CARTESIAN_POINT('',(43.43915836262,27.255896370264));
#1476 = CARTESIAN_POINT('',(42.509684646786,26.98154558776));
#1477 = CARTESIAN_POINT('',(39.126157952876,26.049384586455));
#1478 = CARTESIAN_POINT('',(36.644885843614,25.49147474294));
#1479 = CARTESIAN_POINT('',(34.139115550956,25.047687008954));
#1480 = CARTESIAN_POINT('',(31.615675420631,24.716172969745));
#1481 = CARTESIAN_POINT('',(29.080880420416,24.495635988012));
#1482 = CARTESIAN_POINT('',(26.540532801691,24.385348415216));
#1483 = CARTESIAN_POINT('',(21.480740449492,24.385355302831));
#1484 = CARTESIAN_POINT('',(18.961840168135,24.493794518067));
#1485 = CARTESIAN_POINT('',(16.448356675357,24.710630044478));
#1486 = CARTESIAN_POINT('',(13.945945669749,25.036564104525));
#1487 = CARTESIAN_POINT('',(11.460753795765,25.472850068267));
#1488 = CARTESIAN_POINT('',(8.999419491205,26.021277106615));
#1489 = CARTESIAN_POINT('',(5.613684023076,26.945267837559));
#1490 = CARTESIAN_POINT('',(4.66307904808,27.223750023963));
#1491 = CARTESIAN_POINT('',(3.717777044494,27.520119506662));
#1492 = CARTESIAN_POINT('',(2.778271730479,27.834541776515));
#1493 = CARTESIAN_POINT('',(1.845091869306,28.167194465417));
#1494 = CARTESIAN_POINT('',(0.918801472003,28.51826779554));
#1495 = CARTESIAN_POINT('',(0.,28.887965028581));
#1496 = ( GEOMETRIC_REPRESENTATION_CONTEXT(2) 
PARAMETRIC_REPRESENTATION_CONTEXT() REPRESENTATION_CONTEXT('2D SPACE',''
  ) );
#1497 = ORIENTED_EDGE('',*,*,#1498,.F.);
#1498 = EDGE_CURVE('',#1278,#1402,#1499,.T.);
#1499 = SURFACE_CURVE('',#1500,(#1506,#1515),.PCURVE_S1.);
#1500 = B_SPLINE_CURVE_WITH_KNOTS('',4,(#1501,#1502,#1503,#1504,#1505),
  .UNSPECIFIED.,.F.,.F.,(5,5),(0.,1.),.PIECEWISE_BEZIER_KNOTS.);
#1501 = CARTESIAN_POINT('',(24.,-31.70241672753,9.));
#1502 = CARTESIAN_POINT('',(24.,-31.55537547224,10.500054488447));
#1503 = CARTESIAN_POINT('',(24.,-31.40787392695,12.000063827588));
#1504 = CARTESIAN_POINT('',(24.,-31.26005875415,13.500042215048));
#1505 = CARTESIAN_POINT('',(24.,-31.11203497675,15.));
#1506 = PCURVE('',#57,#1507);
#1507 = DEFINITIONAL_REPRESENTATION('',(#1508),#1514);
#1508 = B_SPLINE_CURVE_WITH_KNOTS('',4,(#1509,#1510,#1511,#1512,#1513),
  .UNSPECIFIED.,.F.,.F.,(5,5),(0.,1.),.PIECEWISE_BEZIER_KNOTS.);
#1509 = CARTESIAN_POINT('',(0.829632457043,0.534766019914));
#1510 = CARTESIAN_POINT('',(0.829943176643,0.54024461678));
#1511 = CARTESIAN_POINT('',(0.83025782773,0.54572894345));
#1512 = CARTESIAN_POINT('',(0.830576198189,0.551219247233));
#1513 = CARTESIAN_POINT('',(0.830898139263,0.556715699129));
#1514 = ( GEOMETRIC_REPRESENTATION_CONTEXT(2) 
PARAMETRIC_REPRESENTATION_CONTEXT() REPRESENTATION_CONTEXT('2D SPACE',''
  ) );
#1515 = PCURVE('',#1516,#1521);
#1516 = PLANE('',#1517);
#1517 = AXIS2_PLACEMENT_3D('',#1518,#1519,#1520);
#1518 = CARTESIAN_POINT('',(24.,-60.,9.));
#1519 = DIRECTION('',(1.,0.,0.));
#1520 = DIRECTION('',(0.,0.,1.));
#1521 = DEFINITIONAL_REPRESENTATION('',(#1522),#1528);
#1522 = B_SPLINE_CURVE_WITH_KNOTS('',4,(#1523,#1524,#1525,#1526,#1527),
  .UNSPECIFIED.,.F.,.F.,(5,5),(0.,1.),.PIECEWISE_BEZIER_KNOTS.);
#1523 = CARTESIAN_POINT('',(0.,-28.29758327246));
#1524 = CARTESIAN_POINT('',(1.500054488447,-28.44462452775));
#1525 = CARTESIAN_POINT('',(3.000063827588,-28.59212607304));
#1526 = CARTESIAN_POINT('',(4.500042215048,-28.73994124584));
#1527 = CARTESIAN_POINT('',(6.,-28.88796502324));
#1528 = ( GEOMETRIC_REPRESENTATION_CONTEXT(2) 
PARAMETRIC_REPRESENTATION_CONTEXT() REPRESENTATION_CONTEXT('2D SPACE',''
  ) );
#1529 = FACE_BOUND('',#1530,.T.);
#1530 = EDGE_LOOP('',(#1531,#1630,#1664,#1761));
#1531 = ORIENTED_EDGE('',*,*,#1532,.T.);
#1532 = EDGE_CURVE('',#1533,#1535,#1537,.T.);
#1533 = VERTEX_POINT('',#1534);
#1534 = CARTESIAN_POINT('',(24.,-29.13446332259,35.));
#1535 = VERTEX_POINT('',#1536);
#1536 = CARTESIAN_POINT('',(-24.,-29.13446331489,35.));
#1537 = SURFACE_CURVE('',#1538,(#1565,#1595),.PCURVE_S1.);
#1538 = B_SPLINE_CURVE_WITH_KNOTS('',7,(#1539,#1540,#1541,#1542,#1543,
    #1544,#1545,#1546,#1547,#1548,#1549,#1550,#1551,#1552,#1553,#1554,
    #1555,#1556,#1557,#1558,#1559,#1560,#1561,#1562,#1563,#1564),
  .UNSPECIFIED.,.F.,.F.,(8,6,6,6,8),(0.,0.139048123413,0.500001795734,
    0.860955345793,1.),.UNSPECIFIED.);
#1539 = CARTESIAN_POINT('',(24.,-29.13446332259,35.));
#1540 = CARTESIAN_POINT('',(23.100764128311,-29.52084768115,35.));
#1541 = CARTESIAN_POINT('',(22.193238665716,-29.88792579862,35.));
#1542 = CARTESIAN_POINT('',(21.278098395737,-30.23592196229,35.));
#1543 = CARTESIAN_POINT('',(20.355975550183,-30.56504703098,35.));
#1544 = CARTESIAN_POINT('',(19.427460030941,-30.87549886332,35.));
#1545 = CARTESIAN_POINT('',(18.493099631782,-31.16746274594,35.));
#1546 = CARTESIAN_POINT('',(15.114043793162,-32.1514747982,35.));
#1547 = CARTESIAN_POINT('',(12.639087631027,-32.73831022377,35.));
#1548 = CARTESIAN_POINT('',(10.136913548716,-33.20484499517,35.));
#1549 = CARTESIAN_POINT('',(7.615187051685,-33.55320433757,35.));
#1550 = CARTESIAN_POINT('',(5.080946200295,-33.78489233169,35.));
#1551 = CARTESIAN_POINT('',(2.540600501927,-33.90076145842,35.));
#1552 = CARTESIAN_POINT('',(-2.540776603177,-33.90075454175,35.));
#1553 = CARTESIAN_POINT('',(-5.081121124337,-33.78487857778,35.));
#1554 = CARTESIAN_POINT('',(-7.615360490164,-33.55318379361,35.));
#1555 = CARTESIAN_POINT('',(-10.13708518785,-33.20481767867,35.));
#1556 = CARTESIAN_POINT('',(-12.63925713941,-32.73827612424,35.));
#1557 = CARTESIAN_POINT('',(-15.11421080873,-32.15143388022,35.));
#1558 = CARTESIAN_POINT('',(-18.49323950378,-31.16741903355,35.));
#1559 = CARTESIAN_POINT('',(-19.42757586159,-30.87546012832,35.));
#1560 = CARTESIAN_POINT('',(-20.35606757634,-30.56501417755,35.));
#1561 = CARTESIAN_POINT('',(-21.27816689249,-30.23589590748,35.));
#1562 = CARTESIAN_POINT('',(-22.19328395025,-29.88790747369,35.));
#1563 = CARTESIAN_POINT('',(-23.10078656391,-29.52083803291,35.));
#1564 = CARTESIAN_POINT('',(-24.,-29.13446331489,35.));
#1565 = PCURVE('',#57,#1566);
#1566 = DEFINITIONAL_REPRESENTATION('',(#1567),#1594);
#1567 = B_SPLINE_CURVE_WITH_KNOTS('',7,(#1568,#1569,#1570,#1571,#1572,
    #1573,#1574,#1575,#1576,#1577,#1578,#1579,#1580,#1581,#1582,#1583,
    #1584,#1585,#1586,#1587,#1588,#1589,#1590,#1591,#1592,#1593),
  .UNSPECIFIED.,.F.,.F.,(8,6,6,6,8),(0.,0.139048123413,0.500001795734,
    0.860955345793,1.),.UNSPECIFIED.);
#1568 = CARTESIAN_POINT('',(0.835417268308,0.630430219196));
#1569 = CARTESIAN_POINT('',(0.831869480966,0.630430219196));
#1570 = CARTESIAN_POINT('',(0.828343880793,0.630430219196));
#1571 = CARTESIAN_POINT('',(0.824839017131,0.630430219196));
#1572 = CARTESIAN_POINT('',(0.821353507471,0.630430219196));
#1573 = CARTESIAN_POINT('',(0.817886012382,0.630430219196));
#1574 = CARTESIAN_POINT('',(0.814435210448,0.630430219196));
#1575 = CARTESIAN_POINT('',(0.802081755032,0.630430219196));
#1576 = CARTESIAN_POINT('',(0.793268657191,0.630430219196));
#1577 = CARTESIAN_POINT('',(0.784535442557,0.630430219196));
#1578 = CARTESIAN_POINT('',(0.775861573987,0.630430219196));
#1579 = CARTESIAN_POINT('',(0.767227653124,0.630430219196));
#1580 = CARTESIAN_POINT('',(0.758614259483,0.630430219196));
#1581 = CARTESIAN_POINT('',(0.741385143435,0.630430219196));
#1582 = CARTESIAN_POINT('',(0.732771751734,0.630430219196));
#1583 = CARTESIAN_POINT('',(0.724137831846,0.630430219196));
#1584 = CARTESIAN_POINT('',(0.715463963291,0.630430219196));
#1585 = CARTESIAN_POINT('',(0.706730747704,0.630430219196));
#1586 = CARTESIAN_POINT('',(0.697917647928,0.630430219196));
#1587 = CARTESIAN_POINT('',(0.685564272961,0.630430219196));
#1588 = CARTESIAN_POINT('',(0.68211355504,0.630430219196));
#1589 = CARTESIAN_POINT('',(0.678646144666,0.630430219196));
#1590 = CARTESIAN_POINT('',(0.675160720518,0.630430219196));
#1591 = CARTESIAN_POINT('',(0.671655943264,0.630430219196));
#1592 = CARTESIAN_POINT('',(0.668130430497,0.630430219196));
#1593 = CARTESIAN_POINT('',(0.664582731671,0.630430219196));
#1594 = ( GEOMETRIC_REPRESENTATION_CONTEXT(2) 
PARAMETRIC_REPRESENTATION_CONTEXT() REPRESENTATION_CONTEXT('2D SPACE',''
  ) );
#1595 = PCURVE('',#1596,#1601);
#1596 = PLANE('',#1597);
#1597 = AXIS2_PLACEMENT_3D('',#1598,#1599,#1600);
#1598 = CARTESIAN_POINT('',(-24.,-60.,35.));
#1599 = DIRECTION('',(0.,0.,1.));
#1600 = DIRECTION('',(1.,0.,0.));
#1601 = DEFINITIONAL_REPRESENTATION('',(#1602),#1629);
#1602 = B_SPLINE_CURVE_WITH_KNOTS('',7,(#1603,#1604,#1605,#1606,#1607,
    #1608,#1609,#1610,#1611,#1612,#1613,#1614,#1615,#1616,#1617,#1618,
    #1619,#1620,#1621,#1622,#1623,#1624,#1625,#1626,#1627,#1628),
  .UNSPECIFIED.,.F.,.F.,(8,6,6,6,8),(0.,0.139048123413,0.500001795734,
    0.860955345793,1.),.UNSPECIFIED.);
#1603 = CARTESIAN_POINT('',(48.,30.865536677404));
#1604 = CARTESIAN_POINT('',(47.100764128311,30.479152318846));
#1605 = CARTESIAN_POINT('',(46.193238665716,30.112074201371));
#1606 = CARTESIAN_POINT('',(45.278098395737,29.764078037707));
#1607 = CARTESIAN_POINT('',(44.355975550183,29.434952969016));
#1608 = CARTESIAN_POINT('',(43.427460030941,29.124501136675));
#1609 = CARTESIAN_POINT('',(42.493099631782,28.832537254054));
#1610 = CARTESIAN_POINT('',(39.114043793162,27.848525201794));
#1611 = CARTESIAN_POINT('',(36.639087631027,27.26168977623));
#1612 = CARTESIAN_POINT('',(34.136913548716,26.795155004827));
#1613 = CARTESIAN_POINT('',(31.615187051685,26.446795662425));
#1614 = CARTESIAN_POINT('',(29.080946200295,26.21510766831));
#1615 = CARTESIAN_POINT('',(26.540600501927,26.099238541574));
#1616 = CARTESIAN_POINT('',(21.459223396823,26.099245458247));
#1617 = CARTESIAN_POINT('',(18.918878875663,26.215121422219));
#1618 = CARTESIAN_POINT('',(16.384639509836,26.446816206382));
#1619 = CARTESIAN_POINT('',(13.862914812146,26.795182321326));
#1620 = CARTESIAN_POINT('',(11.360742860581,27.261723875755));
#1621 = CARTESIAN_POINT('',(8.88578919127,27.848566119773));
#1622 = CARTESIAN_POINT('',(5.506760496213,28.832580966444));
#1623 = CARTESIAN_POINT('',(4.572424138407,29.12453987168));
#1624 = CARTESIAN_POINT('',(3.643932423652,29.434985822448));
#1625 = CARTESIAN_POINT('',(2.72183310751,29.764104092511));
#1626 = CARTESIAN_POINT('',(1.806716049743,30.112092526303));
#1627 = CARTESIAN_POINT('',(0.899213436082,30.479161967085));
#1628 = CARTESIAN_POINT('',(0.,30.865536685109));
#1629 = ( GEOMETRIC_REPRESENTATION_CONTEXT(2) 
PARAMETRIC_REPRESENTATION_CONTEXT() REPRESENTATION_CONTEXT('2D SPACE',''
  ) );
#1630 = ORIENTED_EDGE('',*,*,#1631,.T.);
#1631 = EDGE_CURVE('',#1535,#1632,#1634,.T.);
#1632 = VERTEX_POINT('',#1633);
#1633 = CARTESIAN_POINT('',(-24.,-28.54102965676,41.));
#1634 = SURFACE_CURVE('',#1635,(#1641,#1650),.PCURVE_S1.);
#1635 = B_SPLINE_CURVE_WITH_KNOTS('',4,(#1636,#1637,#1638,#1639,#1640),
  .UNSPECIFIED.,.F.,.F.,(5,5),(0.,1.),.PIECEWISE_BEZIER_KNOTS.);
#1636 = CARTESIAN_POINT('',(-24.,-29.13446331489,35.));
#1637 = CARTESIAN_POINT('',(-24.,-28.98618928477,36.500008382003));
#1638 = CARTESIAN_POINT('',(-24.,-28.83790193122,38.000015420229));
#1639 = CARTESIAN_POINT('',(-24.,-28.68955020262,39.500016077974));
#1640 = CARTESIAN_POINT('',(-24.,-28.54102965676,41.));
#1641 = PCURVE('',#57,#1642);
#1642 = DEFINITIONAL_REPRESENTATION('',(#1643),#1649);
#1643 = B_SPLINE_CURVE_WITH_KNOTS('',4,(#1644,#1645,#1646,#1647,#1648),
  .UNSPECIFIED.,.F.,.F.,(5,5),(0.,1.),.PIECEWISE_BEZIER_KNOTS.);
#1644 = CARTESIAN_POINT('',(0.664582731671,0.630430219196));
#1645 = CARTESIAN_POINT('',(0.664226814865,0.635991045919));
#1646 = CARTESIAN_POINT('',(0.663867298157,0.641558221576));
#1647 = CARTESIAN_POINT('',(0.663503988782,0.647131626921));
#1648 = CARTESIAN_POINT('',(0.663136537022,0.652711044387));
#1649 = ( GEOMETRIC_REPRESENTATION_CONTEXT(2) 
PARAMETRIC_REPRESENTATION_CONTEXT() REPRESENTATION_CONTEXT('2D SPACE',''
  ) );
#1650 = PCURVE('',#1651,#1656);
#1651 = PLANE('',#1652);
#1652 = AXIS2_PLACEMENT_3D('',#1653,#1654,#1655);
#1653 = CARTESIAN_POINT('',(-24.,-60.,35.));
#1654 = DIRECTION('',(1.,0.,0.));
#1655 = DIRECTION('',(0.,0.,1.));
#1656 = DEFINITIONAL_REPRESENTATION('',(#1657),#1663);
#1657 = B_SPLINE_CURVE_WITH_KNOTS('',4,(#1658,#1659,#1660,#1661,#1662),
  .UNSPECIFIED.,.F.,.F.,(5,5),(0.,1.),.PIECEWISE_BEZIER_KNOTS.);
#1658 = CARTESIAN_POINT('',(0.,-30.8655366851));
#1659 = CARTESIAN_POINT('',(1.500008382003,-31.01381071522));
#1660 = CARTESIAN_POINT('',(3.000015420229,-31.16209806877));
#1661 = CARTESIAN_POINT('',(4.500016077974,-31.31044979737));
#1662 = CARTESIAN_POINT('',(6.,-31.45897034323));
#1663 = ( GEOMETRIC_REPRESENTATION_CONTEXT(2) 
PARAMETRIC_REPRESENTATION_CONTEXT() REPRESENTATION_CONTEXT('2D SPACE',''
  ) );
#1664 = ORIENTED_EDGE('',*,*,#1665,.F.);
#1665 = EDGE_CURVE('',#1666,#1632,#1668,.T.);
#1666 = VERTEX_POINT('',#1667);
#1667 = CARTESIAN_POINT('',(24.,-28.54102966497,41.));
#1668 = SURFACE_CURVE('',#1669,(#1696,#1726),.PCURVE_S1.);
#1669 = B_SPLINE_CURVE_WITH_KNOTS('',7,(#1670,#1671,#1672,#1673,#1674,
    #1675,#1676,#1677,#1678,#1679,#1680,#1681,#1682,#1683,#1684,#1685,
    #1686,#1687,#1688,#1689,#1690,#1691,#1692,#1693,#1694,#1695),
  .UNSPECIFIED.,.F.,.F.,(8,6,6,6,8),(0.,0.13910695513,0.500001767145,
    0.860896454994,1.),.UNSPECIFIED.);
#1670 = CARTESIAN_POINT('',(24.,-28.54102966497,41.));
#1671 = CARTESIAN_POINT('',(23.102477670184,-28.93469625845,41.));
#1672 = CARTESIAN_POINT('',(22.196312651045,-29.3086435212,41.));
#1673 = CARTESIAN_POINT('',(21.282215824301,-29.66310590236,41.));
#1674 = CARTESIAN_POINT('',(20.360852191702,-29.99830409148,41.));
#1675 = CARTESIAN_POINT('',(19.432841106222,-30.31444544044,41.));
#1676 = CARTESIAN_POINT('',(18.498756503236,-30.61172438536,41.));
#1677 = CARTESIAN_POINT('',(15.121381548949,-31.61311021669,41.));
#1678 = CARTESIAN_POINT('',(12.646720777175,-32.21004326605,41.));
#1679 = CARTESIAN_POINT('',(10.143878352699,-32.68451494902,41.));
#1680 = CARTESIAN_POINT('',(7.620819214827,-33.0387492172,41.));
#1681 = CARTESIAN_POINT('',(5.084838494921,-33.27432508263,41.));
#1682 = CARTESIAN_POINT('',(2.542559530728,-33.39214046959,41.));
#1683 = CARTESIAN_POINT('',(-2.542732963196,-33.39213354768,41.));
#1684 = CARTESIAN_POINT('',(-5.085010730594,-33.2743113209,41.));
#1685 = CARTESIAN_POINT('',(-7.620989940415,-33.03872866429,41.));
#1686 = CARTESIAN_POINT('',(-10.14404724924,-32.68448762287,41.));
#1687 = CARTESIAN_POINT('',(-12.6468875071,-32.2100091558,41.));
#1688 = CARTESIAN_POINT('',(-15.12154574256,-31.61306928598,41.));
#1689 = CARTESIAN_POINT('',(-18.49889389422,-30.61168065298,41.));
#1690 = CARTESIAN_POINT('',(-19.43295485402,-30.31440668294,41.));
#1691 = CARTESIAN_POINT('',(-20.36094253768,-29.99827121478,41.));
#1692 = CARTESIAN_POINT('',(-21.28228304908,-29.66307982565,41.));
#1693 = CARTESIAN_POINT('',(-22.19635707865,-29.30862517831,41.));
#1694 = CARTESIAN_POINT('',(-23.10249967225,-28.93468659924,41.));
#1695 = CARTESIAN_POINT('',(-24.,-28.54102965676,41.));
#1696 = PCURVE('',#57,#1697);
#1697 = DEFINITIONAL_REPRESENTATION('',(#1698),#1725);
#1698 = B_SPLINE_CURVE_WITH_KNOTS('',7,(#1699,#1700,#1701,#1702,#1703,
    #1704,#1705,#1706,#1707,#1708,#1709,#1710,#1711,#1712,#1713,#1714,
    #1715,#1716,#1717,#1718,#1719,#1720,#1721,#1722,#1723,#1724),
  .UNSPECIFIED.,.F.,.F.,(8,6,6,6,8),(0.,0.13910695513,0.500001767145,
    0.860896454994,1.),.UNSPECIFIED.);
#1699 = CARTESIAN_POINT('',(0.836863462954,0.652711044387));
#1700 = CARTESIAN_POINT('',(0.833248810017,0.652711044387));
#1701 = CARTESIAN_POINT('',(0.829657515524,0.652711044387));
#1702 = CARTESIAN_POINT('',(0.826088046642,0.652711044387));
#1703 = CARTESIAN_POINT('',(0.822538944293,0.652711044387));
#1704 = CARTESIAN_POINT('',(0.81900879565,0.652711044387));
#1705 = CARTESIAN_POINT('',(0.815496206631,0.652711044387));
#1706 = CARTESIAN_POINT('',(0.802928738005,0.652711044387));
#1707 = CARTESIAN_POINT('',(0.793967959335,0.652711044387));
#1708 = CARTESIAN_POINT('',(0.785090984144,0.652711044387));
#1709 = CARTESIAN_POINT('',(0.776276263597,0.652711044387));
#1710 = CARTESIAN_POINT('',(0.767503458834,0.652711044387));
#1711 = CARTESIAN_POINT('',(0.758752213344,0.652711044387));
#1712 = CARTESIAN_POINT('',(0.741247189667,0.652711044387));
#1713 = CARTESIAN_POINT('',(0.732495946178,0.652711044387));
#1714 = CARTESIAN_POINT('',(0.723723142422,0.652711044387));
#1715 = CARTESIAN_POINT('',(0.71490842189,0.652711044387));
#1716 = CARTESIAN_POINT('',(0.706031445717,0.652711044387));
#1717 = CARTESIAN_POINT('',(0.69707066505,0.652711044387));
#1718 = CARTESIAN_POINT('',(0.684503276701,0.652711044387));
#1719 = CARTESIAN_POINT('',(0.680990771638,0.652711044387));
#1720 = CARTESIAN_POINT('',(0.677460707675,0.652711044387));
#1721 = CARTESIAN_POINT('',(0.673911690831,0.652711044387));
#1722 = CARTESIAN_POINT('',(0.67034230838,0.652711044387));
#1723 = CARTESIAN_POINT('',(0.66675110135,0.652711044387));
#1724 = CARTESIAN_POINT('',(0.663136537022,0.652711044387));
#1725 = ( GEOMETRIC_REPRESENTATION_CONTEXT(2) 
PARAMETRIC_REPRESENTATION_CONTEXT() REPRESENTATION_CONTEXT('2D SPACE',''
  ) );
#1726 = PCURVE('',#1727,#1732);
#1727 = PLANE('',#1728);
#1728 = AXIS2_PLACEMENT_3D('',#1729,#1730,#1731);
#1729 = CARTESIAN_POINT('',(-24.,-60.,41.));
#1730 = DIRECTION('',(0.,0.,1.));
#1731 = DIRECTION('',(1.,0.,0.));
#1732 = DEFINITIONAL_REPRESENTATION('',(#1733),#1760);
#1733 = B_SPLINE_CURVE_WITH_KNOTS('',7,(#1734,#1735,#1736,#1737,#1738,
    #1739,#1740,#1741,#1742,#1743,#1744,#1745,#1746,#1747,#1748,#1749,
    #1750,#1751,#1752,#1753,#1754,#1755,#1756,#1757,#1758,#1759),
  .UNSPECIFIED.,.F.,.F.,(8,6,6,6,8),(0.,0.13910695513,0.500001767145,
    0.860896454994,1.),.UNSPECIFIED.);
#1734 = CARTESIAN_POINT('',(48.,31.458970335028));
#1735 = CARTESIAN_POINT('',(47.102477670184,31.065303741545));
#1736 = CARTESIAN_POINT('',(46.196312651045,30.691356478797));
#1737 = CARTESIAN_POINT('',(45.282215824301,30.336894097636));
#1738 = CARTESIAN_POINT('',(44.360852191702,30.001695908513));
#1739 = CARTESIAN_POINT('',(43.432841106222,29.685554559555));
#1740 = CARTESIAN_POINT('',(42.498756503236,29.38827561464));
#1741 = CARTESIAN_POINT('',(39.121381548949,28.386889783302));
#1742 = CARTESIAN_POINT('',(36.646720777175,27.789956733942));
#1743 = CARTESIAN_POINT('',(34.143878352699,27.315485050978));
#1744 = CARTESIAN_POINT('',(31.620819214827,26.961250782794));
#1745 = CARTESIAN_POINT('',(29.084838494921,26.725674917361));
#1746 = CARTESIAN_POINT('',(26.542559530728,26.60785953041));
#1747 = CARTESIAN_POINT('',(21.457267036804,26.607866452316));
#1748 = CARTESIAN_POINT('',(18.914989269406,26.725688679098));
#1749 = CARTESIAN_POINT('',(16.379010059585,26.961271335707));
#1750 = CARTESIAN_POINT('',(13.855952750759,27.315512377125));
#1751 = CARTESIAN_POINT('',(11.353112492896,27.789990844194));
#1752 = CARTESIAN_POINT('',(8.878454257435,28.386930714014));
#1753 = CARTESIAN_POINT('',(5.501106105773,29.388319347018));
#1754 = CARTESIAN_POINT('',(4.567045145979,29.685593317051));
#1755 = CARTESIAN_POINT('',(3.639057462316,30.001728785217));
#1756 = CARTESIAN_POINT('',(2.717716950918,30.336920174347));
#1757 = CARTESIAN_POINT('',(1.803642921346,30.691374821684));
#1758 = CARTESIAN_POINT('',(0.897500327746,31.065313400753));
#1759 = CARTESIAN_POINT('',(0.,31.458970343231));
#1760 = ( GEOMETRIC_REPRESENTATION_CONTEXT(2) 
PARAMETRIC_REPRESENTATION_CONTEXT() REPRESENTATION_CONTEXT('2D SPACE',''
  ) );
#1761 = ORIENTED_EDGE('',*,*,#1762,.F.);
#1762 = EDGE_CURVE('',#1533,#1666,#1763,.T.);
#1763 = SURFACE_CURVE('',#1764,(#1770,#1779),.PCURVE_S1.);
#1764 = B_SPLINE_CURVE_WITH_KNOTS('',4,(#1765,#1766,#1767,#1768,#1769),
  .UNSPECIFIED.,.F.,.F.,(5,5),(0.,1.),.PIECEWISE_BEZIER_KNOTS.);
#1765 = CARTESIAN_POINT('',(24.,-29.13446332259,35.));
#1766 = CARTESIAN_POINT('',(24.,-28.98618929262,36.500008382005));
#1767 = CARTESIAN_POINT('',(24.,-28.8379019392,38.000015420231));
#1768 = CARTESIAN_POINT('',(24.,-28.68955021072,39.500016077976));
#1769 = CARTESIAN_POINT('',(24.,-28.54102966497,41.));
#1770 = PCURVE('',#57,#1771);
#1771 = DEFINITIONAL_REPRESENTATION('',(#1772),#1778);
#1772 = B_SPLINE_CURVE_WITH_KNOTS('',4,(#1773,#1774,#1775,#1776,#1777),
  .UNSPECIFIED.,.F.,.F.,(5,5),(0.,1.),.PIECEWISE_BEZIER_KNOTS.);
#1773 = CARTESIAN_POINT('',(0.835417268308,0.630430219196));
#1774 = CARTESIAN_POINT('',(0.835773185113,0.635991045919));
#1775 = CARTESIAN_POINT('',(0.836132701821,0.641558221576));
#1776 = CARTESIAN_POINT('',(0.836496011195,0.647131626921));
#1777 = CARTESIAN_POINT('',(0.836863462954,0.652711044387));
#1778 = ( GEOMETRIC_REPRESENTATION_CONTEXT(2) 
PARAMETRIC_REPRESENTATION_CONTEXT() REPRESENTATION_CONTEXT('2D SPACE',''
  ) );
#1779 = PCURVE('',#1780,#1785);
#1780 = PLANE('',#1781);
#1781 = AXIS2_PLACEMENT_3D('',#1782,#1783,#1784);
#1782 = CARTESIAN_POINT('',(24.,-60.,35.));
#1783 = DIRECTION('',(1.,0.,0.));
#1784 = DIRECTION('',(0.,0.,1.));
#1785 = DEFINITIONAL_REPRESENTATION('',(#1786),#1792);
#1786 = B_SPLINE_CURVE_WITH_KNOTS('',4,(#1787,#1788,#1789,#1790,#1791),
  .UNSPECIFIED.,.F.,.F.,(5,5),(0.,1.),.PIECEWISE_BEZIER_KNOTS.);
#1787 = CARTESIAN_POINT('',(0.,-30.8655366774));
#1788 = CARTESIAN_POINT('',(1.500008382005,-31.01381070737));
#1789 = CARTESIAN_POINT('',(3.000015420231,-31.16209806079));
#1790 = CARTESIAN_POINT('',(4.500016077976,-31.31044978928));
#1791 = CARTESIAN_POINT('',(6.,-31.45897033502));
#1792 = ( GEOMETRIC_REPRESENTATION_CONTEXT(2) 
PARAMETRIC_REPRESENTATION_CONTEXT() REPRESENTATION_CONTEXT('2D SPACE',''
  ) );
#1793 = FACE_BOUND('',#1794,.T.);
#1794 = EDGE_LOOP('',(#1795,#1885,#1919,#2007));
#1795 = ORIENTED_EDGE('',*,*,#1796,.T.);
#1796 = EDGE_CURVE('',#1797,#1799,#1801,.T.);
#1797 = VERTEX_POINT('',#1798);
#1798 = CARTESIAN_POINT('',(24.,-34.13649599156,-17.));
#1799 = VERTEX_POINT('',#1800);
#1800 = CARTESIAN_POINT('',(-24.,-34.13649599049,-17.));
#1801 = SURFACE_CURVE('',#1802,(#1826,#1853),.PCURVE_S1.);
#1802 = B_SPLINE_CURVE_WITH_KNOTS('',8,(#1803,#1804,#1805,#1806,#1807,
    #1808,#1809,#1810,#1811,#1812,#1813,#1814,#1815,#1816,#1817,#1818,
    #1819,#1820,#1821,#1822,#1823,#1824,#1825),.UNSPECIFIED.,.F.,.F.,(9,
    7,7,9),(0.,0.500024703254,0.860731591571,1.),.UNSPECIFIED.);
#1803 = CARTESIAN_POINT('',(24.,-34.13649599156,-17.));
#1804 = CARTESIAN_POINT('',(21.126726724225,-35.19018131341,-17.));
#1805 = CARTESIAN_POINT('',(18.195676104652,-36.08371681917,-17.));
#1806 = CARTESIAN_POINT('',(15.219006993709,-36.82226864011,-17.));
#1807 = CARTESIAN_POINT('',(12.207680088107,-37.40935412568,-17.));
#1808 = CARTESIAN_POINT('',(9.171646321006,-37.84769574271,-17.));
#1809 = CARTESIAN_POINT('',(6.119860018353,-38.13922039217,-17.));
#1810 = CARTESIAN_POINT('',(3.060298307076,-38.28505086712,-17.));
#1811 = CARTESIAN_POINT('',(-2.207804291305,-38.28504369547,-17.));
#1812 = CARTESIAN_POINT('',(-4.415360079506,-38.20915010759,-17.));
#1813 = CARTESIAN_POINT('',(-6.619934184042,-38.05738490342,-17.));
#1814 = CARTESIAN_POINT('',(-8.818503117,-37.8294677197,-17.));
#1815 = CARTESIAN_POINT('',(-11.00785934375,-37.52487911975,-17.));
#1816 = CARTESIAN_POINT('',(-13.18461128381,-37.14287406685,-17.));
#1817 = CARTESIAN_POINT('',(-15.34517697382,-36.68244861511,-17.));
#1818 = CARTESIAN_POINT('',(-18.312251805,-35.93369370342,-17.));
#1819 = CARTESIAN_POINT('',(-19.13573097609,-35.71324315059,-17.));
#1820 = CARTESIAN_POINT('',(-19.95598118258,-35.4808343283,-17.));
#1821 = CARTESIAN_POINT('',(-20.77276292165,-35.23638871018,-17.));
#1822 = CARTESIAN_POINT('',(-21.58582485983,-34.97982294188,-17.));
#1823 = CARTESIAN_POINT('',(-22.39490378182,-34.71104870859,-17.));
#1824 = CARTESIAN_POINT('',(-23.19972453936,-34.42997260253,-17.));
#1825 = CARTESIAN_POINT('',(-24.,-34.13649599049,-17.));
#1826 = PCURVE('',#57,#1827);
#1827 = DEFINITIONAL_REPRESENTATION('',(#1828),#1852);
#1828 = B_SPLINE_CURVE_WITH_KNOTS('',8,(#1829,#1830,#1831,#1832,#1833,
    #1834,#1835,#1836,#1837,#1838,#1839,#1840,#1841,#1842,#1843,#1844,
    #1845,#1846,#1847,#1848,#1849,#1850,#1851),.UNSPECIFIED.,.F.,.F.,(9,
    7,7,9),(0.,0.500024703254,0.860731591571,1.),.UNSPECIFIED.);
#1829 = CARTESIAN_POINT('',(0.824777462708,0.440386535271));
#1830 = CARTESIAN_POINT('',(0.815102507292,0.440386535271));
#1831 = CARTESIAN_POINT('',(0.80557429867,0.440386535271));
#1832 = CARTESIAN_POINT('',(0.796161190421,0.440386535271));
#1833 = CARTESIAN_POINT('',(0.786838335508,0.440386535271));
#1834 = CARTESIAN_POINT('',(0.777583181212,0.440386535271));
#1835 = CARTESIAN_POINT('',(0.768373981873,0.440386535271));
#1836 = CARTESIAN_POINT('',(0.75918809675,0.440386535271));
#1837 = CARTESIAN_POINT('',(0.743371391481,0.440386535271));
#1838 = CARTESIAN_POINT('',(0.736743523948,0.440386535271));
#1839 = CARTESIAN_POINT('',(0.730107105315,0.440386535271));
#1840 = CARTESIAN_POINT('',(0.723453670545,0.440386535271));
#1841 = CARTESIAN_POINT('',(0.716774964855,0.440386535271));
#1842 = CARTESIAN_POINT('',(0.71006257193,0.440386535271));
#1843 = CARTESIAN_POINT('',(0.703307487146,0.440386535271));
#1844 = CARTESIAN_POINT('',(0.693871134231,0.440386535271));
#1845 = CARTESIAN_POINT('',(0.691234842638,0.440386535271));
#1846 = CARTESIAN_POINT('',(0.688590212487,0.440386535271));
#1847 = CARTESIAN_POINT('',(0.6859366954,0.440386535271));
#1848 = CARTESIAN_POINT('',(0.683273738543,0.440386535271));
#1849 = CARTESIAN_POINT('',(0.68060078001,0.440386535271));
#1850 = CARTESIAN_POINT('',(0.677917244218,0.440386535271));
#1851 = CARTESIAN_POINT('',(0.67522253729,0.440386535271));
#1852 = ( GEOMETRIC_REPRESENTATION_CONTEXT(2) 
PARAMETRIC_REPRESENTATION_CONTEXT() REPRESENTATION_CONTEXT('2D SPACE',''
  ) );
#1853 = PCURVE('',#1854,#1859);
#1854 = PLANE('',#1855);
#1855 = AXIS2_PLACEMENT_3D('',#1856,#1857,#1858);
#1856 = CARTESIAN_POINT('',(-24.,-60.,-17.));
#1857 = DIRECTION('',(0.,0.,1.));
#1858 = DIRECTION('',(1.,0.,0.));
#1859 = DEFINITIONAL_REPRESENTATION('',(#1860),#1884);
#1860 = B_SPLINE_CURVE_WITH_KNOTS('',8,(#1861,#1862,#1863,#1864,#1865,
    #1866,#1867,#1868,#1869,#1870,#1871,#1872,#1873,#1874,#1875,#1876,
    #1877,#1878,#1879,#1880,#1881,#1882,#1883),.UNSPECIFIED.,.F.,.F.,(9,
    7,7,9),(0.,0.500024703254,0.860731591571,1.),.UNSPECIFIED.);
#1861 = CARTESIAN_POINT('',(48.,25.863504008437));
#1862 = CARTESIAN_POINT('',(45.126726724225,24.809818686582));
#1863 = CARTESIAN_POINT('',(42.195676104652,23.916283180828));
#1864 = CARTESIAN_POINT('',(39.219006993709,23.177731359886));
#1865 = CARTESIAN_POINT('',(36.207680088107,22.590645874314));
#1866 = CARTESIAN_POINT('',(33.171646321006,22.152304257282));
#1867 = CARTESIAN_POINT('',(30.119860018353,21.860779607827));
#1868 = CARTESIAN_POINT('',(27.060298307076,21.714949132875));
#1869 = CARTESIAN_POINT('',(21.792195708695,21.714956304527));
#1870 = CARTESIAN_POINT('',(19.584639920494,21.790849892406));
#1871 = CARTESIAN_POINT('',(17.380065815958,21.942615096577));
#1872 = CARTESIAN_POINT('',(15.181496883,22.170532280296));
#1873 = CARTESIAN_POINT('',(12.992140656248,22.475120880249));
#1874 = CARTESIAN_POINT('',(10.815388716186,22.857125933144));
#1875 = CARTESIAN_POINT('',(8.654823026177,23.317551384888));
#1876 = CARTESIAN_POINT('',(5.687748194995,24.066306296578));
#1877 = CARTESIAN_POINT('',(4.864269023903,24.286756849407));
#1878 = CARTESIAN_POINT('',(4.044018817415,24.519165671699));
#1879 = CARTESIAN_POINT('',(3.227237078348,24.763611289819));
#1880 = CARTESIAN_POINT('',(2.41417514017,25.020177058115));
#1881 = CARTESIAN_POINT('',(1.605096218173,25.288951291406));
#1882 = CARTESIAN_POINT('',(0.800275460637,25.570027397465));
#1883 = CARTESIAN_POINT('',(0.,25.863504009504));
#1884 = ( GEOMETRIC_REPRESENTATION_CONTEXT(2) 
PARAMETRIC_REPRESENTATION_CONTEXT() REPRESENTATION_CONTEXT('2D SPACE',''
  ) );
#1885 = ORIENTED_EDGE('',*,*,#1886,.T.);
#1886 = EDGE_CURVE('',#1799,#1887,#1889,.T.);
#1887 = VERTEX_POINT('',#1888);
#1888 = CARTESIAN_POINT('',(-24.,-33.60506839947,-11.));
#1889 = SURFACE_CURVE('',#1890,(#1896,#1905),.PCURVE_S1.);
#1890 = B_SPLINE_CURVE_WITH_KNOTS('',4,(#1891,#1892,#1893,#1894,#1895),
  .UNSPECIFIED.,.F.,.F.,(5,5),(0.,1.),.PIECEWISE_BEZIER_KNOTS.);
#1891 = CARTESIAN_POINT('',(-24.,-34.13649599049,-17.));
#1892 = CARTESIAN_POINT('',(-24.,-34.00703776043,-15.49970164941));
#1893 = CARTESIAN_POINT('',(-24.,-33.8751083806,-13.99961658394));
#1894 = CARTESIAN_POINT('',(-24.,-33.74102601697,-12.4997233065));
#1895 = CARTESIAN_POINT('',(-24.,-33.60506839947,-11.));
#1896 = PCURVE('',#57,#1897);
#1897 = DEFINITIONAL_REPRESENTATION('',(#1898),#1904);
#1898 = B_SPLINE_CURVE_WITH_KNOTS('',4,(#1899,#1900,#1901,#1902,#1903),
  .UNSPECIFIED.,.F.,.F.,(5,5),(0.,1.),.PIECEWISE_BEZIER_KNOTS.);
#1899 = CARTESIAN_POINT('',(0.67522253729,0.440386535271));
#1900 = CARTESIAN_POINT('',(0.674978883302,0.445805215453));
#1901 = CARTESIAN_POINT('',(0.674728619364,0.451226227456));
#1902 = CARTESIAN_POINT('',(0.67447214359,0.456650091865));
#1903 = CARTESIAN_POINT('',(0.674209814072,0.462077274278));
#1904 = ( GEOMETRIC_REPRESENTATION_CONTEXT(2) 
PARAMETRIC_REPRESENTATION_CONTEXT() REPRESENTATION_CONTEXT('2D SPACE',''
  ) );
#1905 = PCURVE('',#1906,#1911);
#1906 = PLANE('',#1907);
#1907 = AXIS2_PLACEMENT_3D('',#1908,#1909,#1910);
#1908 = CARTESIAN_POINT('',(-24.,-60.,-17.));
#1909 = DIRECTION('',(1.,0.,0.));
#1910 = DIRECTION('',(0.,0.,1.));
#1911 = DEFINITIONAL_REPRESENTATION('',(#1912),#1918);
#1912 = B_SPLINE_CURVE_WITH_KNOTS('',4,(#1913,#1914,#1915,#1916,#1917),
  .UNSPECIFIED.,.F.,.F.,(5,5),(0.,1.),.PIECEWISE_BEZIER_KNOTS.);
#1913 = CARTESIAN_POINT('',(0.,-25.8635040095));
#1914 = CARTESIAN_POINT('',(1.500298350588,-25.99296223956));
#1915 = CARTESIAN_POINT('',(3.000383416059,-26.12489161939));
#1916 = CARTESIAN_POINT('',(4.500276693495,-26.25897398302));
#1917 = CARTESIAN_POINT('',(6.,-26.39493160052));
#1918 = ( GEOMETRIC_REPRESENTATION_CONTEXT(2) 
PARAMETRIC_REPRESENTATION_CONTEXT() REPRESENTATION_CONTEXT('2D SPACE',''
  ) );
#1919 = ORIENTED_EDGE('',*,*,#1920,.F.);
#1920 = EDGE_CURVE('',#1921,#1887,#1923,.T.);
#1921 = VERTEX_POINT('',#1922);
#1922 = CARTESIAN_POINT('',(24.,-33.60506840128,-11.));
#1923 = SURFACE_CURVE('',#1924,(#1948,#1975),.PCURVE_S1.);
#1924 = B_SPLINE_CURVE_WITH_KNOTS('',8,(#1925,#1926,#1927,#1928,#1929,
    #1930,#1931,#1932,#1933,#1934,#1935,#1936,#1937,#1938,#1939,#1940,
    #1941,#1942,#1943,#1944,#1945,#1946,#1947),.UNSPECIFIED.,.F.,.F.,(9,
    7,7,9),(0.,0.500026136557,0.859344104642,1.),.UNSPECIFIED.);
#1925 = CARTESIAN_POINT('',(24.,-33.60506840128,-11.));
#1926 = CARTESIAN_POINT('',(21.130520406701,-34.67400339167,-11.));
#1927 = CARTESIAN_POINT('',(18.201439056133,-35.58022125845,-11.));
#1928 = CARTESIAN_POINT('',(15.225366853503,-36.32910715841,-11.));
#1929 = CARTESIAN_POINT('',(12.213642086547,-36.92430813661,-11.));
#1930 = CARTESIAN_POINT('',(9.176537002314,-37.36865467954,-11.));
#1931 = CARTESIAN_POINT('',(6.123270300792,-37.6641520305,-11.));
#1932 = CARTESIAN_POINT('',(3.06202891391,-37.81197402319,-11.));
#1933 = CARTESIAN_POINT('',(-2.200538598972,-37.81196685915,-11.));
#1934 = CARTESIAN_POINT('',(-4.400824589104,-37.73562862885,-11.));
#1935 = CARTESIAN_POINT('',(-6.598085128782,-37.5829750104,-11.));
#1936 = CARTESIAN_POINT('',(-8.789251566585,-37.3537182903,-11.));
#1937 = CARTESIAN_POINT('',(-10.97106483689,-37.04732619773,-11.));
#1938 = CARTESIAN_POINT('',(-13.14007547117,-36.6630360224,-11.));
#1939 = CARTESIAN_POINT('',(-15.2926369123,-36.19981984752,-11.));
#1940 = CARTESIAN_POINT('',(-18.25956864043,-35.4435390787,-11.));
#1941 = CARTESIAN_POINT('',(-19.09110777361,-35.2184786001,-11.));
#1942 = CARTESIAN_POINT('',(-19.91926761666,-34.98104062632,-11.));
#1943 = CARTESIAN_POINT('',(-20.74379329401,-34.73114128473,-11.));
#1944 = CARTESIAN_POINT('',(-21.56441691202,-34.46869152121,-11.));
#1945 = CARTESIAN_POINT('',(-22.38085750172,-34.19359695556,-11.));
#1946 = CARTESIAN_POINT('',(-23.19282096153,-33.90575773699,-11.));
#1947 = CARTESIAN_POINT('',(-24.,-33.60506839947,-11.));
#1948 = PCURVE('',#57,#1949);
#1949 = DEFINITIONAL_REPRESENTATION('',(#1950),#1974);
#1950 = B_SPLINE_CURVE_WITH_KNOTS('',8,(#1951,#1952,#1953,#1954,#1955,
    #1956,#1957,#1958,#1959,#1960,#1961,#1962,#1963,#1964,#1965,#1966,
    #1967,#1968,#1969,#1970,#1971,#1972,#1973),.UNSPECIFIED.,.F.,.F.,(9,
    7,7,9),(0.,0.500026136557,0.859344104642,1.),.UNSPECIFIED.);
#1951 = CARTESIAN_POINT('',(0.825790185925,0.462077274278));
#1952 = CARTESIAN_POINT('',(0.815975207805,0.462077274278));
#1953 = CARTESIAN_POINT('',(0.806313164436,0.462077274278));
#1954 = CARTESIAN_POINT('',(0.796770864504,0.462077274278));
#1955 = CARTESIAN_POINT('',(0.787322434481,0.462077274278));
#1956 = CARTESIAN_POINT('',(0.777944421138,0.462077274278));
#1957 = CARTESIAN_POINT('',(0.768614231331,0.462077274278));
#1958 = CARTESIAN_POINT('',(0.759308312673,0.462077274278));
#1959 = CARTESIAN_POINT('',(0.74331054608,0.462077274278));
#1960 = CARTESIAN_POINT('',(0.736621854641,0.462077274278));
#1961 = CARTESIAN_POINT('',(0.729924371348,0.462077274278));
#1962 = CARTESIAN_POINT('',(0.723209393518,0.462077274278));
#1963 = CARTESIAN_POINT('',(0.716468439505,0.462077274278));
#1964 = CARTESIAN_POINT('',(0.70969285947,0.462077274278));
#1965 = CARTESIAN_POINT('',(0.702873387517,0.462077274278));
#1966 = CARTESIAN_POINT('',(0.693308888083,0.462077274278));
#1967 = CARTESIAN_POINT('',(0.690609905686,0.462077274278));
#1968 = CARTESIAN_POINT('',(0.687902098808,0.462077274278));
#1969 = CARTESIAN_POINT('',(0.685184878683,0.462077274278));
#1970 = CARTESIAN_POINT('',(0.682457651774,0.462077274278));
#1971 = CARTESIAN_POINT('',(0.679719814566,0.462077274278));
#1972 = CARTESIAN_POINT('',(0.676970748361,0.462077274278));
#1973 = CARTESIAN_POINT('',(0.674209814072,0.462077274278));
#1974 = ( GEOMETRIC_REPRESENTATION_CONTEXT(2) 
PARAMETRIC_REPRESENTATION_CONTEXT() REPRESENTATION_CONTEXT('2D SPACE',''
  ) );
#1975 = PCURVE('',#1976,#1981);
#1976 = PLANE('',#1977);
#1977 = AXIS2_PLACEMENT_3D('',#1978,#1979,#1980);
#1978 = CARTESIAN_POINT('',(-24.,-60.,-11.));
#1979 = DIRECTION('',(0.,0.,1.));
#1980 = DIRECTION('',(1.,0.,0.));
#1981 = DEFINITIONAL_REPRESENTATION('',(#1982),#2006);
#1982 = B_SPLINE_CURVE_WITH_KNOTS('',8,(#1983,#1984,#1985,#1986,#1987,
    #1988,#1989,#1990,#1991,#1992,#1993,#1994,#1995,#1996,#1997,#1998,
    #1999,#2000,#2001,#2002,#2003,#2004,#2005),.UNSPECIFIED.,.F.,.F.,(9,
    7,7,9),(0.,0.500026136557,0.859344104642,1.),.UNSPECIFIED.);
#1983 = CARTESIAN_POINT('',(48.,26.394931598719));
#1984 = CARTESIAN_POINT('',(45.130520406701,25.325996608327));
#1985 = CARTESIAN_POINT('',(42.201439056133,24.419778741546));
#1986 = CARTESIAN_POINT('',(39.225366853503,23.670892841583));
#1987 = CARTESIAN_POINT('',(36.213642086547,23.075691863389));
#1988 = CARTESIAN_POINT('',(33.176537002314,22.631345320453));
#1989 = CARTESIAN_POINT('',(30.123270300792,22.335847969499));
#1990 = CARTESIAN_POINT('',(27.06202891391,22.188025976809));
#1991 = CARTESIAN_POINT('',(21.799461401028,22.188033140846));
#1992 = CARTESIAN_POINT('',(19.599175410896,22.264371371144));
#1993 = CARTESIAN_POINT('',(17.401914871218,22.417024989594));
#1994 = CARTESIAN_POINT('',(15.210748433415,22.646281709692));
#1995 = CARTESIAN_POINT('',(13.028935163105,22.952673802264));
#1996 = CARTESIAN_POINT('',(10.859924528822,23.336963977595));
#1997 = CARTESIAN_POINT('',(8.707363087696,23.800180152478));
#1998 = CARTESIAN_POINT('',(5.740431359562,24.556460921291));
#1999 = CARTESIAN_POINT('',(4.908892226386,24.781521399891));
#2000 = CARTESIAN_POINT('',(4.080732383333,25.018959373677));
#2001 = CARTESIAN_POINT('',(3.256206705981,25.268858715268));
#2002 = CARTESIAN_POINT('',(2.435583087971,25.531308478788));
#2003 = CARTESIAN_POINT('',(1.619142498275,25.806403044431));
#2004 = CARTESIAN_POINT('',(0.807179038469,26.09424226301));
#2005 = CARTESIAN_POINT('',(0.,26.394931600521));
#2006 = ( GEOMETRIC_REPRESENTATION_CONTEXT(2) 
PARAMETRIC_REPRESENTATION_CONTEXT() REPRESENTATION_CONTEXT('2D SPACE',''
  ) );
#2007 = ORIENTED_EDGE('',*,*,#2008,.F.);
#2008 = EDGE_CURVE('',#1797,#1921,#2009,.T.);
#2009 = SURFACE_CURVE('',#2010,(#2016,#2025),.PCURVE_S1.);
#2010 = B_SPLINE_CURVE_WITH_KNOTS('',4,(#2011,#2012,#2013,#2014,#2015),
  .UNSPECIFIED.,.F.,.F.,(5,5),(0.,1.),.PIECEWISE_BEZIER_KNOTS.);
#2011 = CARTESIAN_POINT('',(24.,-34.13649599156,-17.));
#2012 = CARTESIAN_POINT('',(24.,-34.00703776167,-15.49970164941));
#2013 = CARTESIAN_POINT('',(24.,-33.87510838203,-13.99961658394));
#2014 = CARTESIAN_POINT('',(24.,-33.74102601858,-12.4997233065));
#2015 = CARTESIAN_POINT('',(24.,-33.60506840128,-11.));
#2016 = PCURVE('',#57,#2017);
#2017 = DEFINITIONAL_REPRESENTATION('',(#2018),#2024);
#2018 = B_SPLINE_CURVE_WITH_KNOTS('',4,(#2019,#2020,#2021,#2022,#2023),
  .UNSPECIFIED.,.F.,.F.,(5,5),(0.,1.),.PIECEWISE_BEZIER_KNOTS.);
#2019 = CARTESIAN_POINT('',(0.824777462708,0.440386535271));
#2020 = CARTESIAN_POINT('',(0.825021116696,0.445805215453));
#2021 = CARTESIAN_POINT('',(0.825271380634,0.451226227456));
#2022 = CARTESIAN_POINT('',(0.825527856407,0.456650091865));
#2023 = CARTESIAN_POINT('',(0.825790185925,0.462077274278));
#2024 = ( GEOMETRIC_REPRESENTATION_CONTEXT(2) 
PARAMETRIC_REPRESENTATION_CONTEXT() REPRESENTATION_CONTEXT('2D SPACE',''
  ) );
#2025 = PCURVE('',#2026,#2031);
#2026 = PLANE('',#2027);
#2027 = AXIS2_PLACEMENT_3D('',#2028,#2029,#2030);
#2028 = CARTESIAN_POINT('',(24.,-60.,-17.));
#2029 = DIRECTION('',(1.,0.,0.));
#2030 = DIRECTION('',(0.,0.,1.));
#2031 = DEFINITIONAL_REPRESENTATION('',(#2032),#2038);
#2032 = B_SPLINE_CURVE_WITH_KNOTS('',4,(#2033,#2034,#2035,#2036,#2037),
  .UNSPECIFIED.,.F.,.F.,(5,5),(0.,1.),.PIECEWISE_BEZIER_KNOTS.);
#2033 = CARTESIAN_POINT('',(0.,-25.86350400843));
#2034 = CARTESIAN_POINT('',(1.500298350587,-25.99296223832));
#2035 = CARTESIAN_POINT('',(3.000383416057,-26.12489161796));
#2036 = CARTESIAN_POINT('',(4.500276693494,-26.25897398141));
#2037 = CARTESIAN_POINT('',(6.,-26.39493159871));
#2038 = ( GEOMETRIC_REPRESENTATION_CONTEXT(2) 
PARAMETRIC_REPRESENTATION_CONTEXT() REPRESENTATION_CONTEXT('2D SPACE',''
  ) );
#2039 = ADVANCED_FACE('',(#2040),#205,.T.);
#2040 = FACE_BOUND('',#2041,.T.);
#2041 = EDGE_LOOP('',(#2042,#2063,#2064,#2085));
#2042 = ORIENTED_EDGE('',*,*,#2043,.T.);
#2043 = EDGE_CURVE('',#2044,#24,#2046,.T.);
#2044 = VERTEX_POINT('',#2045);
#2045 = CARTESIAN_POINT('',(32.1,0.,-134.));
#2046 = SURFACE_CURVE('',#2047,(#2051,#2057),.PCURVE_S1.);
#2047 = LINE('',#2048,#2049);
#2048 = CARTESIAN_POINT('',(-36.45,0.,-134.));
#2049 = VECTOR('',#2050,1.);
#2050 = DIRECTION('',(1.,0.,-0.));
#2051 = PCURVE('',#205,#2052);
#2052 = DEFINITIONAL_REPRESENTATION('',(#2053),#2056);
#2053 = B_SPLINE_CURVE_WITH_KNOTS('',1,(#2054,#2055),.UNSPECIFIED.,.F.,
  .F.,(2,2),(-11.18089812585,71.789285907436),.PIECEWISE_BEZIER_KNOTS.);
#2054 = CARTESIAN_POINT('',(82.657801637942,3.476971828089));
#2055 = CARTESIAN_POINT('',(-0.239074487521,-1.005658560294E-02));
#2056 = ( GEOMETRIC_REPRESENTATION_CONTEXT(2) 
PARAMETRIC_REPRESENTATION_CONTEXT() REPRESENTATION_CONTEXT('2D SPACE',''
  ) );
#2057 = PCURVE('',#260,#2058);
#2058 = DEFINITIONAL_REPRESENTATION('',(#2059),#2062);
#2059 = B_SPLINE_CURVE_WITH_KNOTS('',1,(#2060,#2061),.UNSPECIFIED.,.F.,
  .F.,(2,2),(-11.18089812585,71.789285907436),.PIECEWISE_BEZIER_KNOTS.);
#2060 = CARTESIAN_POINT('',(26.8,60.369101874144));
#2061 = CARTESIAN_POINT('',(26.8,143.33928590743));
#2062 = ( GEOMETRIC_REPRESENTATION_CONTEXT(2) 
PARAMETRIC_REPRESENTATION_CONTEXT() REPRESENTATION_CONTEXT('2D SPACE',''
  ) );
#2063 = ORIENTED_EDGE('',*,*,#21,.F.);
#2064 = ORIENTED_EDGE('',*,*,#2065,.T.);
#2065 = EDGE_CURVE('',#22,#2066,#2068,.T.);
#2066 = VERTEX_POINT('',#2067);
#2067 = CARTESIAN_POINT('',(-32.09999999574,-1.210313274478E-14,-134.));
#2068 = SURFACE_CURVE('',#2069,(#2073,#2079),.PCURVE_S1.);
#2069 = LINE('',#2070,#2071);
#2070 = CARTESIAN_POINT('',(-36.45,0.,-134.));
#2071 = VECTOR('',#2072,1.);
#2072 = DIRECTION('',(1.,0.,-0.));
#2073 = PCURVE('',#205,#2074);
#2074 = DEFINITIONAL_REPRESENTATION('',(#2075),#2078);
#2075 = B_SPLINE_CURVE_WITH_KNOTS('',1,(#2076,#2077),.UNSPECIFIED.,.F.,
  .F.,(2,2),(-11.18089812585,71.789285907436),.PIECEWISE_BEZIER_KNOTS.);
#2076 = CARTESIAN_POINT('',(82.657801637942,3.476971828089));
#2077 = CARTESIAN_POINT('',(-0.239074487521,-1.005658560294E-02));
#2078 = ( GEOMETRIC_REPRESENTATION_CONTEXT(2) 
PARAMETRIC_REPRESENTATION_CONTEXT() REPRESENTATION_CONTEXT('2D SPACE',''
  ) );
#2079 = PCURVE('',#556,#2080);
#2080 = DEFINITIONAL_REPRESENTATION('',(#2081),#2084);
#2081 = B_SPLINE_CURVE_WITH_KNOTS('',1,(#2082,#2083),.UNSPECIFIED.,.F.,
  .F.,(2,2),(-11.18089812585,71.789285907436),.PIECEWISE_BEZIER_KNOTS.);
#2082 = CARTESIAN_POINT('',(26.8,60.369101874144));
#2083 = CARTESIAN_POINT('',(26.8,143.33928590743));
#2084 = ( GEOMETRIC_REPRESENTATION_CONTEXT(2) 
PARAMETRIC_REPRESENTATION_CONTEXT() REPRESENTATION_CONTEXT('2D SPACE',''
  ) );
#2085 = ORIENTED_EDGE('',*,*,#2086,.T.);
#2086 = EDGE_CURVE('',#2066,#2044,#2087,.T.);
#2087 = SURFACE_CURVE('',#2088,(#2104,#2123),.PCURVE_S1.);
#2088 = B_SPLINE_CURVE_WITH_KNOTS('',14,(#2089,#2090,#2091,#2092,#2093,
    #2094,#2095,#2096,#2097,#2098,#2099,#2100,#2101,#2102,#2103),
  .UNSPECIFIED.,.T.,.F.,(15,15),(0.,1.),.PIECEWISE_BEZIER_KNOTS.);
#2089 = CARTESIAN_POINT('',(32.1,-2.564307894757E-14,-134.));
#2090 = CARTESIAN_POINT('',(32.100000000003,10.030656543969,-134.));
#2091 = CARTESIAN_POINT('',(25.137049005487,20.061316790465,-134.));
#2092 = CARTESIAN_POINT('',(11.211138115033,27.553512395916,-134.));
#2093 = CARTESIAN_POINT('',(-7.595200733078,29.969061266701,-134.));
#2094 = CARTESIAN_POINT('',(-27.11729869901,25.679632843593,-134.));
#2095 = CARTESIAN_POINT('',(-42.02023862314,14.882535231639,-134.));
#2096 = CARTESIAN_POINT('',(-47.63089812586,3.13957248772E-10,-134.));
#2097 = CARTESIAN_POINT('',(-42.02023862314,-14.88253523221,-134.));
#2098 = CARTESIAN_POINT('',(-27.117298699,-25.67963284315,-134.));
#2099 = CARTESIAN_POINT('',(-7.595200733082,-29.96906126697,-134.));
#2100 = CARTESIAN_POINT('',(11.211138115035,-27.55351239577,-134.));
#2101 = CARTESIAN_POINT('',(25.137049005486,-20.06131679051,-134.));
#2102 = CARTESIAN_POINT('',(32.100000000003,-10.03065654395,-134.));
#2103 = CARTESIAN_POINT('',(32.1,2.778630276841E-15,-134.));
#2104 = PCURVE('',#205,#2105);
#2105 = DEFINITIONAL_REPRESENTATION('',(#2106),#2122);
#2106 = B_SPLINE_CURVE_WITH_KNOTS('',14,(#2107,#2108,#2109,#2110,#2111,
    #2112,#2113,#2114,#2115,#2116,#2117,#2118,#2119,#2120,#2121),
  .UNSPECIFIED.,.F.,.F.,(15,15),(0.,1.),.PIECEWISE_BEZIER_KNOTS.);
#2107 = CARTESIAN_POINT('',(2.997349364401,0.126082463995));
#2108 = CARTESIAN_POINT('',(2.575786066879,10.147876469524));
#2109 = CARTESIAN_POINT('',(9.111021526341,20.462309513665));
#2110 = CARTESIAN_POINT('',(22.709750084185,28.533156478469));
#2111 = CARTESIAN_POINT('',(41.397953230704,31.736954282879));
#2112 = CARTESIAN_POINT('',(61.083076442262,28.271780501633));
#2113 = CARTESIAN_POINT('',(76.426623835667,18.110555742249));
#2114 = CARTESIAN_POINT('',(82.657801637942,3.476971828403));
#2115 = CARTESIAN_POINT('',(77.677574977363,-11.62821593647));
#2116 = CARTESIAN_POINT('',(63.241577364518,-23.04210695245));
#2117 = CARTESIAN_POINT('',(43.917001956144,-28.14821021035));
#2118 = CARTESIAN_POINT('',(25.025759907248,-26.52517876599));
#2119 = CARTESIAN_POINT('',(10.797275027634,-19.62487390701));
#2120 = CARTESIAN_POINT('',(3.418912661915,-9.895711541522));
#2121 = CARTESIAN_POINT('',(2.997349364401,0.126082463995));
#2122 = ( GEOMETRIC_REPRESENTATION_CONTEXT(2) 
PARAMETRIC_REPRESENTATION_CONTEXT() REPRESENTATION_CONTEXT('2D SPACE',''
  ) );
#2123 = PCURVE('',#2124,#2200);
#2124 = ( BOUNDED_SURFACE() B_SPLINE_SURFACE(14,4,(
    (#2125,#2126,#2127,#2128,#2129)
    ,(#2130,#2131,#2132,#2133,#2134)
    ,(#2135,#2136,#2137,#2138,#2139)
    ,(#2140,#2141,#2142,#2143,#2144)
    ,(#2145,#2146,#2147,#2148,#2149)
    ,(#2150,#2151,#2152,#2153,#2154)
    ,(#2155,#2156,#2157,#2158,#2159)
    ,(#2160,#2161,#2162,#2163,#2164)
    ,(#2165,#2166,#2167,#2168,#2169)
    ,(#2170,#2171,#2172,#2173,#2174)
    ,(#2175,#2176,#2177,#2178,#2179)
    ,(#2180,#2181,#2182,#2183,#2184)
    ,(#2185,#2186,#2187,#2188,#2189)
    ,(#2190,#2191,#2192,#2193,#2194)
    ,(#2195,#2196,#2197,#2198,#2199
)),.UNSPECIFIED.,.T.,.F.,.F.) B_SPLINE_SURFACE_WITH_KNOTS((15,15),(5,5),
  (0.,1.),(0.,1.),.PIECEWISE_BEZIER_KNOTS.) 
GEOMETRIC_REPRESENTATION_ITEM() RATIONAL_B_SPLINE_SURFACE((
    (1.,1.,1.,1.,1.)
    ,(1.,1.,1.,1.,1.)
    ,(1.,1.,1.,1.,1.)
    ,(1.,1.,1.,1.,1.)
    ,(1.,1.,1.,1.,1.)
    ,(1.,1.,1.,1.,1.)
    ,(1.,1.,1.,1.,1.)
    ,(1.,1.,1.,1.,1.)
    ,(1.,1.,1.,1.,1.)
    ,(1.,1.,1.,1.,1.)
    ,(1.,1.,1.,1.,1.)
    ,(1.,1.,1.,1.,1.)
    ,(1.,1.,1.,1.,1.)
    ,(1.,1.,1.,1.,1.)
,(1.,1.,1.,1.,1.))) REPRESENTATION_ITEM('') SURFACE() );
#2125 = CARTESIAN_POINT('',(32.1,-2.564307894757E-14,-134.));
#2126 = CARTESIAN_POINT('',(77.519272445364,1.122230280113E-14,
    -79.84359658809));
#2127 = CARTESIAN_POINT('',(34.989405435005,2.704220358324E-14,
    8.192265131916));
#2128 = CARTESIAN_POINT('',(48.412219079797,-1.189706666412E-13,
    64.334725954523));
#2129 = CARTESIAN_POINT('',(27.24,1.644659442488E-14,134.));
#2130 = CARTESIAN_POINT('',(32.100000000003,10.030656543969,-134.));
#2131 = CARTESIAN_POINT('',(77.519272445363,24.752522293144,
    -79.84359658809));
#2132 = CARTESIAN_POINT('',(34.989405435018,10.967206968898,
    8.192265131916));
#2133 = CARTESIAN_POINT('',(48.412219079811,15.317978124321,
    64.334725954523));
#2134 = CARTESIAN_POINT('',(27.240000000005,8.455372227667,134.));
#2135 = CARTESIAN_POINT('',(25.137049005487,20.061316790465,-134.));
#2136 = CARTESIAN_POINT('',(60.704228982247,49.505053722966,
    -79.84359658809));
#2137 = CARTESIAN_POINT('',(27.399700906269,21.934417986084,
    8.192265131916));
#2138 = CARTESIAN_POINT('',(37.910913503794,30.635961902777,
    64.334725954523));
#2139 = CARTESIAN_POINT('',(21.331252800909,16.910747576394,134.));
#2140 = CARTESIAN_POINT('',(11.211138115033,27.553512395916,-134.));
#2141 = CARTESIAN_POINT('',(27.074120559442,67.993448568871,
    -79.84359658809));
#2142 = CARTESIAN_POINT('',(12.220282146371,30.126150949398,
    8.192265131916));
#2143 = CARTESIAN_POINT('',(16.908288927195,42.077415200052,
    64.334725954523));
#2144 = CARTESIAN_POINT('',(9.513750849042,23.226316489438,134.));
#2145 = CARTESIAN_POINT('',(-7.595200733078,29.969061266701,-134.));
#2146 = CARTESIAN_POINT('',(-18.34188270707,73.954267485567,
    -79.84359658809));
#2147 = CARTESIAN_POINT('',(-8.278864729537,32.76723673445,
    8.192265131916));
#2148 = CARTESIAN_POINT('',(-11.45484491755,45.76623901686,
    64.334725954523));
#2149 = CARTESIAN_POINT('',(-6.4452731455,25.262510705362,134.));
#2150 = CARTESIAN_POINT('',(-27.11729869901,25.679632843593,-134.));
#2151 = CARTESIAN_POINT('',(-65.48639457455,63.369300070709,
    -79.84359658809));
#2152 = CARTESIAN_POINT('',(-29.5581980831,28.077309500402,
    8.192265131916));
#2153 = CARTESIAN_POINT('',(-40.89746434436,39.215783375482,
    64.334725954523));
#2154 = CARTESIAN_POINT('',(-23.01168898936,21.646724061435,134.));
#2155 = CARTESIAN_POINT('',(-42.02023862314,14.882535231639,-134.));
#2156 = CARTESIAN_POINT('',(-101.4759603125,36.725441000251,
    -79.84359658809));
#2157 = CARTESIAN_POINT('',(-45.80259083115,16.272099777051,
    8.192265131916));
#2158 = CARTESIAN_POINT('',(-63.37361364575,22.727360677584,
    64.334725954523));
#2159 = CARTESIAN_POINT('',(-35.65829595318,12.545278020774,134.));
#2160 = CARTESIAN_POINT('',(-47.63089812586,3.13957248772E-10,-134.));
#2161 = CARTESIAN_POINT('',(-115.0253136651,8.197103801326E-10,
    -79.84359658809));
#2162 = CARTESIAN_POINT('',(-51.91828055258,-2.519716012955E-10,
    8.192265131916));
#2163 = CARTESIAN_POINT('',(-71.83543535874,1.011642244352E-09,
    64.334725954523));
#2164 = CARTESIAN_POINT('',(-40.41949111981,2.567429617555E-10,134.));
#2165 = CARTESIAN_POINT('',(-42.02023862314,-14.88253523221,-134.));
#2166 = CARTESIAN_POINT('',(-101.4759603126,-36.72544100174,
    -79.84359658809));
#2167 = CARTESIAN_POINT('',(-45.80259083116,-16.2720997766,
    8.192265131916));
#2168 = CARTESIAN_POINT('',(-63.37361364574,-22.72736067943,
    64.334725954523));
#2169 = CARTESIAN_POINT('',(-35.65829595316,-12.54527802124,134.));
#2170 = CARTESIAN_POINT('',(-27.117298699,-25.67963284315,-134.));
#2171 = CARTESIAN_POINT('',(-65.48639457438,-63.36930006957,
    -79.84359658809));
#2172 = CARTESIAN_POINT('',(-29.5581980831,-28.07730950072,
    8.192265131916));
#2173 = CARTESIAN_POINT('',(-40.89746434437,-39.21578337407,
    64.334725954523));
#2174 = CARTESIAN_POINT('',(-23.01168898939,-21.64672406107,134.));
#2175 = CARTESIAN_POINT('',(-7.595200733082,-29.96906126697,-134.));
#2176 = CARTESIAN_POINT('',(-18.34188270721,-73.95426748626,
    -79.84359658809));
#2177 = CARTESIAN_POINT('',(-8.278864729544,-32.76723673427,
    8.192265131916));
#2178 = CARTESIAN_POINT('',(-11.45484491755,-45.76623901772,
    64.334725954523));
#2179 = CARTESIAN_POINT('',(-6.445273145477,-25.26251070558,134.));
#2180 = CARTESIAN_POINT('',(11.211138115035,-27.55351239577,-134.));
#2181 = CARTESIAN_POINT('',(27.074120559526,-67.99344856852,
    -79.84359658809));
#2182 = CARTESIAN_POINT('',(12.220282146378,-30.12615094947,
    8.192265131916));
#2183 = CARTESIAN_POINT('',(16.908288927192,-42.07741519962,
    64.334725954523));
#2184 = CARTESIAN_POINT('',(9.513750849028,-23.22631648933,134.));
#2185 = CARTESIAN_POINT('',(25.137049005486,-20.06131679051,-134.));
#2186 = CARTESIAN_POINT('',(60.704228982214,-49.50505372308,
    -79.84359658809));
#2187 = CARTESIAN_POINT('',(27.399700906266,-21.93441798606,
    8.192265131916));
#2188 = CARTESIAN_POINT('',(37.910913503795,-30.63596190292,
    64.334725954523));
#2189 = CARTESIAN_POINT('',(21.331252800915,-16.91074757643,134.));
#2190 = CARTESIAN_POINT('',(32.100000000003,-10.03065654395,-134.));
#2191 = CARTESIAN_POINT('',(77.51927244537,-24.75252229311,
    -79.84359658809));
#2192 = CARTESIAN_POINT('',(34.989405435018,-10.9672069689,
    8.192265131916));
#2193 = CARTESIAN_POINT('',(48.412219079811,-15.31797812428,
    64.334725954523));
#2194 = CARTESIAN_POINT('',(27.240000000003,-8.455372227659,134.));
#2195 = CARTESIAN_POINT('',(32.1,2.778630276841E-15,-134.));
#2196 = CARTESIAN_POINT('',(77.519272445364,1.517253753152E-14,
    -79.84359658809));
#2197 = CARTESIAN_POINT('',(34.989405435005,-3.122893899549E-14,
    8.192265131916));
#2198 = CARTESIAN_POINT('',(48.412219079797,7.286590347136E-14,
    64.334725954523));
#2199 = CARTESIAN_POINT('',(27.24,-1.908054253677E-14,134.));
#2200 = DEFINITIONAL_REPRESENTATION('',(#2201),#2205);
#2201 = LINE('',#2202,#2203);
#2202 = CARTESIAN_POINT('',(0.,0.));
#2203 = VECTOR('',#2204,1.);
#2204 = DIRECTION('',(1.,0.));
#2205 = ( GEOMETRIC_REPRESENTATION_CONTEXT(2) 
PARAMETRIC_REPRESENTATION_CONTEXT() REPRESENTATION_CONTEXT('2D SPACE',''
  ) );
#2206 = ADVANCED_FACE('',(#2207),#556,.T.);
#2207 = FACE_BOUND('',#2208,.T.);
#2208 = EDGE_LOOP('',(#2209,#2210,#2211,#2232));
#2209 = ORIENTED_EDGE('',*,*,#2065,.F.);
#2210 = ORIENTED_EDGE('',*,*,#352,.T.);
#2211 = ORIENTED_EDGE('',*,*,#2212,.F.);
#2212 = EDGE_CURVE('',#2213,#275,#2215,.T.);
#2213 = VERTEX_POINT('',#2214);
#2214 = CARTESIAN_POINT('',(-27.23999999639,1.7763568394E-15,134.));
#2215 = SURFACE_CURVE('',#2216,(#2220,#2226),.PCURVE_S1.);
#2216 = LINE('',#2217,#2218);
#2217 = CARTESIAN_POINT('',(-38.88,0.,134.));
#2218 = VECTOR('',#2219,1.);
#2219 = DIRECTION('',(-1.,0.,0.));
#2220 = PCURVE('',#556,#2221);
#2221 = DEFINITIONAL_REPRESENTATION('',(#2222),#2225);
#2222 = B_SPLINE_CURVE_WITH_KNOTS('',1,(#2223,#2224),.UNSPECIFIED.,.F.,
  .F.,(2,2),(-69.32615401256,1.539491119821),.PIECEWISE_BEZIER_KNOTS.);
#2223 = CARTESIAN_POINT('',(294.8,138.44615401256));
#2224 = CARTESIAN_POINT('',(294.8,67.580508880179));
#2225 = ( GEOMETRIC_REPRESENTATION_CONTEXT(2) 
PARAMETRIC_REPRESENTATION_CONTEXT() REPRESENTATION_CONTEXT('2D SPACE',''
  ) );
#2226 = PCURVE('',#315,#2227);
#2227 = DEFINITIONAL_REPRESENTATION('',(#2228),#2231);
#2228 = B_SPLINE_CURVE_WITH_KNOTS('',1,(#2229,#2230),.UNSPECIFIED.,.F.,
  .F.,(2,2),(-69.32615401256,1.539491119821),.PIECEWISE_BEZIER_KNOTS.);
#2229 = CARTESIAN_POINT('',(-0.205971866172,-8.664135288697E-03));
#2230 = CARTESIAN_POINT('',(70.597060265623,2.969640915018));
#2231 = ( GEOMETRIC_REPRESENTATION_CONTEXT(2) 
PARAMETRIC_REPRESENTATION_CONTEXT() REPRESENTATION_CONTEXT('2D SPACE',''
  ) );
#2232 = ORIENTED_EDGE('',*,*,#2233,.F.);
#2233 = EDGE_CURVE('',#2066,#2213,#2234,.T.);
#2234 = SURFACE_CURVE('',#2235,(#2373,#2514),.PCURVE_S1.);
#2235 = B_SPLINE_CURVE_WITH_KNOTS('',6,(#2236,#2237,#2238,#2239,#2240,
    #2241,#2242,#2243,#2244,#2245,#2246,#2247,#2248,#2249,#2250,#2251,
    #2252,#2253,#2254,#2255,#2256,#2257,#2258,#2259,#2260,#2261,#2262,
    #2263,#2264,#2265,#2266,#2267,#2268,#2269,#2270,#2271,#2272,#2273,
    #2274,#2275,#2276,#2277,#2278,#2279,#2280,#2281,#2282,#2283,#2284,
    #2285,#2286,#2287,#2288,#2289,#2290,#2291,#2292,#2293,#2294,#2295,
    #2296,#2297,#2298,#2299,#2300,#2301,#2302,#2303,#2304,#2305,#2306,
    #2307,#2308,#2309,#2310,#2311,#2312,#2313,#2314,#2315,#2316,#2317,
    #2318,#2319,#2320,#2321,#2322,#2323,#2324,#2325,#2326,#2327,#2328,
    #2329,#2330,#2331,#2332,#2333,#2334,#2335,#2336,#2337,#2338,#2339,
    #2340,#2341,#2342,#2343,#2344,#2345,#2346,#2347,#2348,#2349,#2350,
    #2351,#2352,#2353,#2354,#2355,#2356,#2357,#2358,#2359,#2360,#2361,
    #2362,#2363,#2364,#2365,#2366,#2367,#2368,#2369,#2370,#2371,#2372),
  .UNSPECIFIED.,.F.,.F.,(7,5,5,5,5,5,5,5,5,5,5,5,5,5,5,5,5,5,5,5,5,5,5,5
    ,5,5,5,7),(0.,9.013550362E-03,3.743899715909E-02,6.518026665038E-02,
    9.262699274967E-02,0.11999727316,0.157217581392,0.194702334688,
    0.234640219662,0.274962071051,0.315785153378,0.356782700772,
    0.401622747731,0.469941859692,0.538440034329,0.580919925528,
    0.618535969873,0.661872131741,0.704544221608,0.772247699523,
    0.817009822299,0.844332428661,0.871796168686,0.899384199862,
    0.923968780339,0.948874539687,0.974186344194,1.),.UNSPECIFIED.);
#2236 = CARTESIAN_POINT('',(-32.09999999574,0.,-134.));
#2237 = CARTESIAN_POINT('',(-32.3649999489,0.,-133.6840230237));
#2238 = CARTESIAN_POINT('',(-32.62790695326,0.,-133.3662907462));
#2239 = CARTESIAN_POINT('',(-32.88870429204,0.,-133.0468187214));
#2240 = CARTESIAN_POINT('',(-33.14737614212,0.,-132.725623288));
#2241 = CARTESIAN_POINT('',(-33.40390757397,0.,-132.4027215688));
#2242 = CARTESIAN_POINT('',(-34.46049666093,0.,-131.0544928174));
#2243 = CARTESIAN_POINT('',(-35.24128571676,0.,-130.0140577066));
#2244 = CARTESIAN_POINT('',(-36.00020375482,0.,-128.9573968415));
#2245 = CARTESIAN_POINT('',(-36.73691080454,0.,-127.8851391755));
#2246 = CARTESIAN_POINT('',(-37.45117033267,0.,-126.7979687693));
#2247 = CARTESIAN_POINT('',(-38.8178710039,0.,-124.6217830544));
#2248 = CARTESIAN_POINT('',(-39.47139133211,0.,-123.533433851));
#2249 = CARTESIAN_POINT('',(-40.10327875039,0.,-122.4322547208));
#2250 = CARTESIAN_POINT('',(-40.71351235761,0.,-121.3189457027));
#2251 = CARTESIAN_POINT('',(-41.30216447095,0.,-120.194219018));
#2252 = CARTESIAN_POINT('',(-42.4305886741,0.,-117.9354201916));
#2253 = CARTESIAN_POINT('',(-42.97081582684,0.,-116.8015690939));
#2254 = CARTESIAN_POINT('',(-43.4902188967,0.,-115.657929329));
#2255 = CARTESIAN_POINT('',(-43.98903180544,0.,-114.5051795192));
#2256 = CARTESIAN_POINT('',(-44.46755722996,0.,-113.3439792531));
#2257 = CARTESIAN_POINT('',(-45.38346757626,0.,-111.0092010519));
#2258 = CARTESIAN_POINT('',(-45.820964008,0.,-109.8356649253));
#2259 = CARTESIAN_POINT('',(-46.23899485642,0.,-108.6549790116));
#2260 = CARTESIAN_POINT('',(-46.63796862959,0.,-107.4677375469));
#2261 = CARTESIAN_POINT('',(-47.01833398489,0.,-106.2744989461));
#2262 = CARTESIAN_POINT('',(-47.87315794323,0.,-103.4456678956));
#2263 = CARTESIAN_POINT('',(-48.33221454428,0.,-101.8054268663));
#2264 = CARTESIAN_POINT('',(-48.75893577553,0.,-100.1563504923));
#2265 = CARTESIAN_POINT('',(-49.15460375599,0.,-98.49960660556));
#2266 = CARTESIAN_POINT('',(-49.52054023961,0.,-96.83622743632));
#2267 = CARTESIAN_POINT('',(-50.19798626465,0.,-93.48611120044));
#2268 = CARTESIAN_POINT('',(-50.5090886619,0.,-91.79930255913));
#2269 = CARTESIAN_POINT('',(-50.7927225555,0.,-90.10757469069));
#2270 = CARTESIAN_POINT('',(-51.0502296484,0.,-88.41171733294));
#2271 = CARTESIAN_POINT('',(-51.28292280995,0.,-86.71240489303));
#2272 = CARTESIAN_POINT('',(-51.71489764939,0.,-83.19658292321));
#2273 = CARTESIAN_POINT('',(-51.91099459713,0.,-81.37969521136));
#2274 = CARTESIAN_POINT('',(-52.08188941858,0.,-79.56020229431));
#2275 = CARTESIAN_POINT('',(-52.22904722063,0.,-77.738674334));
#2276 = CARTESIAN_POINT('',(-52.35386038057,0.,-75.91557885649));
#2277 = CARTESIAN_POINT('',(-52.56242259884,0.,-72.24944251447));
#2278 = CARTESIAN_POINT('',(-52.64576472965,0.,-70.40639046171));
#2279 = CARTESIAN_POINT('',(-52.70902184234,0.,-68.56250225693));
#2280 = CARTESIAN_POINT('',(-52.75346409425,0.,-66.71809010874));
#2281 = CARTESIAN_POINT('',(-52.78028224222,0.,-64.87340028065));
#2282 = CARTESIAN_POINT('',(-52.80102776371,0.,-61.16089399103));
#2283 = CARTESIAN_POINT('',(-52.7945421253,0.,-59.29308375609));
#2284 = CARTESIAN_POINT('',(-52.77229095764,0.,-57.4253726326));
#2285 = CARTESIAN_POINT('',(-52.73535173955,0.,-55.55791078261));
#2286 = CARTESIAN_POINT('',(-52.68472870472,0.,-53.69080828461));
#2287 = CARTESIAN_POINT('',(-52.55771859315,0.,-49.9494842264));
#2288 = CARTESIAN_POINT('',(-52.48122253859,0.,-48.07527207538));
#2289 = CARTESIAN_POINT('',(-52.3928201081,0.,-46.20157159198));
#2290 = CARTESIAN_POINT('',(-52.29339322168,0.,-44.32843388423));
#2291 = CARTESIAN_POINT('',(-52.18376246121,0.,-42.45588787773));
#2292 = CARTESIAN_POINT('',(-51.9344637914,0.,-38.53654365989));
#2293 = CARTESIAN_POINT('',(-51.79294400722,0.,-36.48986761277));
#2294 = CARTESIAN_POINT('',(-51.64113451916,0.,-34.4439214872));
#2295 = CARTESIAN_POINT('',(-51.4799582112,0.,-32.39870022533));
#2296 = CARTESIAN_POINT('',(-51.31026696583,0.,-30.35418358786));
#2297 = CARTESIAN_POINT('',(-50.8625308134,0.,-25.19629167546));
#2298 = CARTESIAN_POINT('',(-50.57427629597,0.,-22.08381354773));
#2299 = CARTESIAN_POINT('',(-50.27087047623,0.,-18.97276887189));
#2300 = CARTESIAN_POINT('',(-49.95475594293,0.,-15.86301000706));
#2301 = CARTESIAN_POINT('',(-49.62807923647,0.,-12.75436947061));
#2302 = CARTESIAN_POINT('',(-48.95644637504,0.,-6.530802963652));
#2303 = CARTESIAN_POINT('',(-48.61144642441,0.,-3.415894542834));
#2304 = CARTESIAN_POINT('',(-48.25957819411,0.,-0.301753509843));
#2305 = CARTESIAN_POINT('',(-47.90244099494,0.,2.811782100514));
#2306 = CARTESIAN_POINT('',(-47.5413577155,0.,5.924856158001));
#2307 = CARTESIAN_POINT('',(-46.9516468552,0.,10.967993080702));
#2308 = CARTESIAN_POINT('',(-46.7248037624,0.,12.898261180268));
#2309 = CARTESIAN_POINT('',(-46.4970948701,0.,14.828427322257));
#2310 = CARTESIAN_POINT('',(-46.26872833409,0.,16.7585155781));
#2311 = CARTESIAN_POINT('',(-46.03986962925,0.,18.68854532544));
#2312 = CARTESIAN_POINT('',(-45.60765669348,0.,22.327538020499));
#2313 = CARTESIAN_POINT('',(-45.40438230821,0.,24.036510353045));
#2314 = CARTESIAN_POINT('',(-45.20090173165,0.,25.745458114277));
#2315 = CARTESIAN_POINT('',(-44.99727145146,0.,27.454387996321));
#2316 = CARTESIAN_POINT('',(-44.79351959441,0.,29.163303336308));
#2317 = CARTESIAN_POINT('',(-44.35477002629,0.,32.840970426334));
#2318 = CARTESIAN_POINT('',(-44.11973213427,0.,34.809717330519));
#2319 = CARTESIAN_POINT('',(-43.88453083601,0.,36.778444699745));
#2320 = CARTESIAN_POINT('',(-43.64911260421,0.,38.747146116211));
#2321 = CARTESIAN_POINT('',(-43.413369499,0.,40.715808598718));
#2322 = CARTESIAN_POINT('',(-42.94452420457,0.,44.622849688786));
#2323 = CARTESIAN_POINT('',(-42.71143668262,0.,46.561229861613));
#2324 = CARTESIAN_POINT('',(-42.4777179041,0.,48.499534248625));
#2325 = CARTESIAN_POINT('',(-42.24315692547,0.,50.437737091791));
#2326 = CARTESIAN_POINT('',(-42.00748825798,0.,52.375805472775));
#2327 = CARTESIAN_POINT('',(-41.39421506748,0.,57.388358960923));
#2328 = CARTESIAN_POINT('',(-41.01444449041,0.,60.462573623665));
#2329 = CARTESIAN_POINT('',(-40.62979855368,0.,63.536191712745));
#2330 = CARTESIAN_POINT('',(-40.23864845436,0.,66.608997183064));
#2331 = CARTESIAN_POINT('',(-39.83901311363,0.,69.680708909764));
#2332 = CARTESIAN_POINT('',(-39.15726486643,0.,74.780899263927));
#2333 = CARTESIAN_POINT('',(-38.88121584214,0.,76.810181250238));
#2334 = CARTESIAN_POINT('',(-38.59979826492,0.,78.838733185535));
#2335 = CARTESIAN_POINT('',(-38.31229343184,0.,80.866435966255));
#2336 = CARTESIAN_POINT('',(-38.01793352728,0.,82.893152085982));
#2337 = CARTESIAN_POINT('',(-37.53155767286,0.,86.155129112573));
#2338 = CARTESIAN_POINT('',(-37.34434976837,0.,87.391105520559));
#2339 = CARTESIAN_POINT('',(-37.15410301876,0.,88.626620553912));
#2340 = CARTESIAN_POINT('',(-36.96062915443,0.,89.861635390064));
#2341 = CARTESIAN_POINT('',(-36.7637358534,0.,91.096108014158));
#2342 = CARTESIAN_POINT('',(-36.36168190882,0.,93.570252001076));
#2343 = CARTESIAN_POINT('',(-36.15648409944,0.,94.809917067175));
#2344 = CARTESIAN_POINT('',(-35.94743466029,0.,96.048942597524));
#2345 = CARTESIAN_POINT('',(-35.73433217933,0.,97.287278867466));
#2346 = CARTESIAN_POINT('',(-35.51697401264,0.,98.524872508218));
#2347 = CARTESIAN_POINT('',(-35.07233774916,0.,101.00405831931));
#2348 = CARTESIAN_POINT('',(-34.84501924902,0.,102.24564302968));
#2349 = CARTESIAN_POINT('',(-34.6129972428,0.,103.48636330857));
#2350 = CARTESIAN_POINT('',(-34.37606711109,0.,104.72615740979));
#2351 = CARTESIAN_POINT('',(-34.13402644561,0.,105.9649597645));
#2352 = CARTESIAN_POINT('',(-33.66625560949,0.,108.30569255588));
#2353 = CARTESIAN_POINT('',(-33.44161868926,0.,109.40784135483));
#2354 = CARTESIAN_POINT('',(-33.21262504089,0.,110.50909861654));
#2355 = CARTESIAN_POINT('',(-32.97913724139,0.,111.60941301971));
#2356 = CARTESIAN_POINT('',(-32.74102145449,0.,112.70873101674));
#2357 = CARTESIAN_POINT('',(-32.25210044228,0.,114.91961065928));
#2358 = CARTESIAN_POINT('',(-32.00117049049,0.,116.03114472719));
#2359 = CARTESIAN_POINT('',(-31.74522219335,0.,117.14154094046));
#2360 = CARTESIAN_POINT('',(-31.48412604361,0.,118.25073932269));
#2361 = CARTESIAN_POINT('',(-31.21775840865,0.,119.35867801795));
#2362 = CARTESIAN_POINT('',(-30.66981412853,0.,121.58995000416));
#2363 = CARTESIAN_POINT('',(-30.38806069463,0.,122.71323997975));
#2364 = CARTESIAN_POINT('',(-30.10061771409,0.,123.83509619936));
#2365 = CARTESIAN_POINT('',(-29.8073698642,0.,124.95545044303));
#2366 = CARTESIAN_POINT('',(-29.5082100143,0.,126.07423328909));
#2367 = CARTESIAN_POINT('',(-28.89181788666,0.,128.33066423232));
#2368 = CARTESIAN_POINT('',(-28.57434516149,0.,129.46824686088));
#2369 = CARTESIAN_POINT('',(-28.25051626909,0.,130.60404699223));
#2370 = CARTESIAN_POINT('',(-27.92023677623,0.,131.73798946362));
#2371 = CARTESIAN_POINT('',(-27.58342259772,0.,132.86999895719));
#2372 = CARTESIAN_POINT('',(-27.23999999639,0.,134.));
#2373 = PCURVE('',#556,#2374);
#2374 = DEFINITIONAL_REPRESENTATION('',(#2375),#2513);
#2375 = B_SPLINE_CURVE_WITH_KNOTS('',6,(#2376,#2377,#2378,#2379,#2380,
    #2381,#2382,#2383,#2384,#2385,#2386,#2387,#2388,#2389,#2390,#2391,
    #2392,#2393,#2394,#2395,#2396,#2397,#2398,#2399,#2400,#2401,#2402,
    #2403,#2404,#2405,#2406,#2407,#2408,#2409,#2410,#2411,#2412,#2413,
    #2414,#2415,#2416,#2417,#2418,#2419,#2420,#2421,#2422,#2423,#2424,
    #2425,#2426,#2427,#2428,#2429,#2430,#2431,#2432,#2433,#2434,#2435,
    #2436,#2437,#2438,#2439,#2440,#2441,#2442,#2443,#2444,#2445,#2446,
    #2447,#2448,#2449,#2450,#2451,#2452,#2453,#2454,#2455,#2456,#2457,
    #2458,#2459,#2460,#2461,#2462,#2463,#2464,#2465,#2466,#2467,#2468,
    #2469,#2470,#2471,#2472,#2473,#2474,#2475,#2476,#2477,#2478,#2479,
    #2480,#2481,#2482,#2483,#2484,#2485,#2486,#2487,#2488,#2489,#2490,
    #2491,#2492,#2493,#2494,#2495,#2496,#2497,#2498,#2499,#2500,#2501,
    #2502,#2503,#2504,#2505,#2506,#2507,#2508,#2509,#2510,#2511,#2512),
  .UNSPECIFIED.,.F.,.F.,(7,5,5,5,5,5,5,5,5,5,5,5,5,5,5,5,5,5,5,5,5,5,5,5
    ,5,5,5,7),(0.,9.013550362E-03,3.743899715909E-02,6.518026665038E-02,
    9.262699274967E-02,0.11999727316,0.157217581392,0.194702334688,
    0.234640219662,0.274962071051,0.315785153378,0.356782700772,
    0.401622747731,0.469941859692,0.538440034329,0.580919925528,
    0.618535969873,0.661872131741,0.704544221608,0.772247699523,
    0.817009822299,0.844332428661,0.871796168686,0.899384199862,
    0.923968780339,0.948874539687,0.974186344194,1.),.UNSPECIFIED.);
#2376 = CARTESIAN_POINT('',(26.8,75.900000004254));
#2377 = CARTESIAN_POINT('',(27.115976976215,75.635000051097));
#2378 = CARTESIAN_POINT('',(27.433709253785,75.372093046738));
#2379 = CARTESIAN_POINT('',(27.753181278523,75.111295707952));
#2380 = CARTESIAN_POINT('',(28.074376711915,74.852623857878));
#2381 = CARTESIAN_POINT('',(28.397278431117,74.596092426028));
#2382 = CARTESIAN_POINT('',(29.745507182583,73.539503339064));
#2383 = CARTESIAN_POINT('',(30.785942293382,72.758714283236));
#2384 = CARTESIAN_POINT('',(31.842603158414,71.999796245172));
#2385 = CARTESIAN_POINT('',(32.914860824442,71.263089195456));
#2386 = CARTESIAN_POINT('',(34.002031230634,70.548829667323));
#2387 = CARTESIAN_POINT('',(36.178216945578,69.182128996092));
#2388 = CARTESIAN_POINT('',(37.266566148998,68.528608667881));
#2389 = CARTESIAN_POINT('',(38.36774527916,67.896721249604));
#2390 = CARTESIAN_POINT('',(39.481054297244,67.286487642388));
#2391 = CARTESIAN_POINT('',(40.605780981934,66.697835529044));
#2392 = CARTESIAN_POINT('',(42.864579808323,65.569411325893));
#2393 = CARTESIAN_POINT('',(43.998430906091,65.029184173155));
#2394 = CARTESIAN_POINT('',(45.142070670939,64.509781103299));
#2395 = CARTESIAN_POINT('',(46.294820480793,64.010968194551));
#2396 = CARTESIAN_POINT('',(47.456020746875,63.532442770037));
#2397 = CARTESIAN_POINT('',(49.790798948005,62.616532423734));
#2398 = CARTESIAN_POINT('',(50.964335074661,62.179035991994));
#2399 = CARTESIAN_POINT('',(52.145020988391,61.761005143573));
#2400 = CARTESIAN_POINT('',(53.332262453004,61.362031370407));
#2401 = CARTESIAN_POINT('',(54.525501053847,60.98166601511));
#2402 = CARTESIAN_POINT('',(57.354332104398,60.126842056768));
#2403 = CARTESIAN_POINT('',(58.994573133627,59.667785455719));
#2404 = CARTESIAN_POINT('',(60.643649507614,59.241064224465));
#2405 = CARTESIAN_POINT('',(62.300393394433,58.845396244001));
#2406 = CARTESIAN_POINT('',(63.963772563672,58.479459760382));
#2407 = CARTESIAN_POINT('',(67.313888799553,57.802013735344));
#2408 = CARTESIAN_POINT('',(69.000697440869,57.490911338098));
#2409 = CARTESIAN_POINT('',(70.692425309304,57.207277444496));
#2410 = CARTESIAN_POINT('',(72.388282667053,56.949770351591));
#2411 = CARTESIAN_POINT('',(74.087595106965,56.717077190049));
#2412 = CARTESIAN_POINT('',(77.603417076781,56.285102350603));
#2413 = CARTESIAN_POINT('',(79.420304788635,56.089005402864));
#2414 = CARTESIAN_POINT('',(81.239797705686,55.918110581411));
#2415 = CARTESIAN_POINT('',(83.061325665999,55.770952779366));
#2416 = CARTESIAN_POINT('',(84.884421143502,55.646139619424));
#2417 = CARTESIAN_POINT('',(88.550557485523,55.437577401156));
#2418 = CARTESIAN_POINT('',(90.393609538283,55.354235270344));
#2419 = CARTESIAN_POINT('',(92.237497743065,55.29097815766));
#2420 = CARTESIAN_POINT('',(94.081909891258,55.246535905743));
#2421 = CARTESIAN_POINT('',(95.926599719341,55.21971775778));
#2422 = CARTESIAN_POINT('',(99.63910600897,55.198972236287));
#2423 = CARTESIAN_POINT('',(101.5069162439,55.205457874693));
#2424 = CARTESIAN_POINT('',(103.37462736739,55.227709042359));
#2425 = CARTESIAN_POINT('',(105.24208921738,55.264648260448));
#2426 = CARTESIAN_POINT('',(107.10919171538,55.315271295279));
#2427 = CARTESIAN_POINT('',(110.8505157736,55.442281406842));
#2428 = CARTESIAN_POINT('',(112.72472792461,55.51877746141));
#2429 = CARTESIAN_POINT('',(114.59842840801,55.607179891896));
#2430 = CARTESIAN_POINT('',(116.47156611576,55.706606778314));
#2431 = CARTESIAN_POINT('',(118.34411212226,55.816237538786));
#2432 = CARTESIAN_POINT('',(122.2634563401,56.065536208592));
#2433 = CARTESIAN_POINT('',(124.31013238722,56.207055992777));
#2434 = CARTESIAN_POINT('',(126.35607851279,56.358865480837));
#2435 = CARTESIAN_POINT('',(128.40129977466,56.520041788799));
#2436 = CARTESIAN_POINT('',(130.44581641213,56.689733034169));
#2437 = CARTESIAN_POINT('',(135.60370832453,57.137469186591));
#2438 = CARTESIAN_POINT('',(138.71618645226,57.425723704022));
#2439 = CARTESIAN_POINT('',(141.8272311281,57.729129523768));
#2440 = CARTESIAN_POINT('',(144.93698999293,58.045244057069));
#2441 = CARTESIAN_POINT('',(148.04563052938,58.371920763524));
#2442 = CARTESIAN_POINT('',(154.26919703634,59.043553624955));
#2443 = CARTESIAN_POINT('',(157.38410545716,59.388553575586));
#2444 = CARTESIAN_POINT('',(160.49824649015,59.740421805886));
#2445 = CARTESIAN_POINT('',(163.61178210051,60.097559005056));
#2446 = CARTESIAN_POINT('',(166.724856158,60.458642284491));
#2447 = CARTESIAN_POINT('',(171.7679930807,61.048353144797));
#2448 = CARTESIAN_POINT('',(173.69826118026,61.275196237594));
#2449 = CARTESIAN_POINT('',(175.62842732225,61.5029051299));
#2450 = CARTESIAN_POINT('',(177.5585155781,61.731271665903));
#2451 = CARTESIAN_POINT('',(179.48854532544,61.960130370743));
#2452 = CARTESIAN_POINT('',(183.12753802049,62.392343306511));
#2453 = CARTESIAN_POINT('',(184.83651035304,62.595617691787));
#2454 = CARTESIAN_POINT('',(186.54545811427,62.799098268342));
#2455 = CARTESIAN_POINT('',(188.25438799632,63.002728548537));
#2456 = CARTESIAN_POINT('',(189.9633033363,63.206480405587));
#2457 = CARTESIAN_POINT('',(193.64097042633,63.645229973709));
#2458 = CARTESIAN_POINT('',(195.60971733051,63.880267865727));
#2459 = CARTESIAN_POINT('',(197.57844469974,64.115469163984));
#2460 = CARTESIAN_POINT('',(199.54714611621,64.350887395784));
#2461 = CARTESIAN_POINT('',(201.51580859871,64.586630501));
#2462 = CARTESIAN_POINT('',(205.42284968878,65.055475795424));
#2463 = CARTESIAN_POINT('',(207.36122986161,65.288563317374));
#2464 = CARTESIAN_POINT('',(209.29953424862,65.522282095893));
#2465 = CARTESIAN_POINT('',(211.23773709179,65.756843074523));
#2466 = CARTESIAN_POINT('',(213.17580547277,65.992511742011));
#2467 = CARTESIAN_POINT('',(218.18835896092,66.605784932517));
#2468 = CARTESIAN_POINT('',(221.26257362366,66.985555509588));
#2469 = CARTESIAN_POINT('',(224.33619171274,67.370201446312));
#2470 = CARTESIAN_POINT('',(227.40899718306,67.761351545636));
#2471 = CARTESIAN_POINT('',(230.48070890976,68.160986886362));
#2472 = CARTESIAN_POINT('',(235.58089926392,68.842735133564));
#2473 = CARTESIAN_POINT('',(237.61018125023,69.118784157851));
#2474 = CARTESIAN_POINT('',(239.63873318553,69.400201735077));
#2475 = CARTESIAN_POINT('',(241.66643596625,69.687706568156));
#2476 = CARTESIAN_POINT('',(243.69315208598,69.982066472719));
#2477 = CARTESIAN_POINT('',(246.95512911257,70.468442327136));
#2478 = CARTESIAN_POINT('',(248.19110552055,70.655650231627));
#2479 = CARTESIAN_POINT('',(249.42662055391,70.845896981232));
#2480 = CARTESIAN_POINT('',(250.66163539006,71.03937084557));
#2481 = CARTESIAN_POINT('',(251.89610801415,71.236264146596));
#2482 = CARTESIAN_POINT('',(254.37025200107,71.638318091175));
#2483 = CARTESIAN_POINT('',(255.60991706717,71.843515900551));
#2484 = CARTESIAN_POINT('',(256.84894259752,72.052565339701));
#2485 = CARTESIAN_POINT('',(258.08727886746,72.265667820666));
#2486 = CARTESIAN_POINT('',(259.32487250821,72.483025987359));
#2487 = CARTESIAN_POINT('',(261.80405831931,72.927662250839));
#2488 = CARTESIAN_POINT('',(263.04564302968,73.154980750971));
#2489 = CARTESIAN_POINT('',(264.28636330857,73.387002757194));
#2490 = CARTESIAN_POINT('',(265.52615740979,73.62393288891));
#2491 = CARTESIAN_POINT('',(266.7649597645,73.865973554382));
#2492 = CARTESIAN_POINT('',(269.10569255588,74.333744390508));
#2493 = CARTESIAN_POINT('',(270.20784135482,74.558381310739));
#2494 = CARTESIAN_POINT('',(271.30909861654,74.787374959102));
#2495 = CARTESIAN_POINT('',(272.40941301971,75.020862758609));
#2496 = CARTESIAN_POINT('',(273.50873101674,75.25897854551));
#2497 = CARTESIAN_POINT('',(275.71961065928,75.747899557711));
#2498 = CARTESIAN_POINT('',(276.83114472719,75.998829509507));
#2499 = CARTESIAN_POINT('',(277.94154094046,76.254777806641));
#2500 = CARTESIAN_POINT('',(279.05073932269,76.515873956389));
#2501 = CARTESIAN_POINT('',(280.15867801795,76.782241591343));
#2502 = CARTESIAN_POINT('',(282.38995000416,77.330185871466));
#2503 = CARTESIAN_POINT('',(283.51323997975,77.611939305367));
#2504 = CARTESIAN_POINT('',(284.63509619936,77.899382285902));
#2505 = CARTESIAN_POINT('',(285.75545044303,78.192630135796));
#2506 = CARTESIAN_POINT('',(286.87423328909,78.491789985693));
#2507 = CARTESIAN_POINT('',(289.13066423232,79.108182113335));
#2508 = CARTESIAN_POINT('',(290.26824686088,79.425654838501));
#2509 = CARTESIAN_POINT('',(291.40404699223,79.749483730903));
#2510 = CARTESIAN_POINT('',(292.53798946362,80.079763223762));
#2511 = CARTESIAN_POINT('',(293.66999895719,80.416577402273));
#2512 = CARTESIAN_POINT('',(294.8,80.76000000361));
#2513 = ( GEOMETRIC_REPRESENTATION_CONTEXT(2) 
PARAMETRIC_REPRESENTATION_CONTEXT() REPRESENTATION_CONTEXT('2D SPACE',''
  ) );
#2514 = PCURVE('',#2124,#2515);
#2515 = DEFINITIONAL_REPRESENTATION('',(#2516),#2654);
#2516 = B_SPLINE_CURVE_WITH_KNOTS('',6,(#2517,#2518,#2519,#2520,#2521,
    #2522,#2523,#2524,#2525,#2526,#2527,#2528,#2529,#2530,#2531,#2532,
    #2533,#2534,#2535,#2536,#2537,#2538,#2539,#2540,#2541,#2542,#2543,
    #2544,#2545,#2546,#2547,#2548,#2549,#2550,#2551,#2552,#2553,#2554,
    #2555,#2556,#2557,#2558,#2559,#2560,#2561,#2562,#2563,#2564,#2565,
    #2566,#2567,#2568,#2569,#2570,#2571,#2572,#2573,#2574,#2575,#2576,
    #2577,#2578,#2579,#2580,#2581,#2582,#2583,#2584,#2585,#2586,#2587,
    #2588,#2589,#2590,#2591,#2592,#2593,#2594,#2595,#2596,#2597,#2598,
    #2599,#2600,#2601,#2602,#2603,#2604,#2605,#2606,#2607,#2608,#2609,
    #2610,#2611,#2612,#2613,#2614,#2615,#2616,#2617,#2618,#2619,#2620,
    #2621,#2622,#2623,#2624,#2625,#2626,#2627,#2628,#2629,#2630,#2631,
    #2632,#2633,#2634,#2635,#2636,#2637,#2638,#2639,#2640,#2641,#2642,
    #2643,#2644,#2645,#2646,#2647,#2648,#2649,#2650,#2651,#2652,#2653),
  .UNSPECIFIED.,.F.,.F.,(7,5,5,5,5,5,5,5,5,5,5,5,5,5,5,5,5,5,5,5,5,5,5,5
    ,5,5,5,7),(0.,9.013550362E-03,3.743899715909E-02,6.518026665038E-02,
    9.262699274967E-02,0.11999727316,0.157217581392,0.194702334688,
    0.234640219662,0.274962071051,0.315785153378,0.356782700772,
    0.401622747731,0.469941859692,0.538440034329,0.580919925528,
    0.618535969873,0.661872131741,0.704544221608,0.772247699523,
    0.817009822299,0.844332428661,0.871796168686,0.899384199862,
    0.923968780339,0.948874539687,0.974186344194,1.),.UNSPECIFIED.);
#2517 = CARTESIAN_POINT('',(0.5,0.));
#2518 = CARTESIAN_POINT('',(0.5,1.458631649762E-03));
#2519 = CARTESIAN_POINT('',(0.5,2.920574629998E-03));
#2520 = CARTESIAN_POINT('',(0.5,4.385757044785E-03));
#2521 = CARTESIAN_POINT('',(0.5,5.85410553572E-03));
#2522 = CARTESIAN_POINT('',(0.5,7.325545281914E-03));
#2523 = CARTESIAN_POINT('',(0.5,1.344989182513E-02));
#2524 = CARTESIAN_POINT('',(0.5,1.812979086586E-02));
#2525 = CARTESIAN_POINT('',(0.5,2.283726235584E-02));
#2526 = CARTESIAN_POINT('',(0.5,2.756981988204E-02));
#2527 = CARTESIAN_POINT('',(0.5,3.232492719184E-02));
#2528 = CARTESIAN_POINT('',(0.5,4.176014070271E-02));
#2529 = CARTESIAN_POINT('',(0.5,4.643933251729E-02));
#2530 = CARTESIAN_POINT('',(0.5,5.113518682727E-02));
#2531 = CARTESIAN_POINT('',(0.5,5.584539023948E-02));
#2532 = CARTESIAN_POINT('',(0.5,6.056771009832E-02));
#2533 = CARTESIAN_POINT('',(0.5,6.998204473464E-02));
#2534 = CARTESIAN_POINT('',(0.5,7.467386958394E-02));
#2535 = CARTESIAN_POINT('',(0.5,7.937341183081E-02));
#2536 = CARTESIAN_POINT('',(0.5,8.40787602072E-02));
#2537 = CARTESIAN_POINT('',(0.5,8.878815697386E-02));
#2538 = CARTESIAN_POINT('',(0.5,9.819871941766E-02));
#2539 = CARTESIAN_POINT('',(0.5,0.102899878208));
#2540 = CARTESIAN_POINT('',(0.5,0.10760190078));
#2541 = CARTESIAN_POINT('',(0.5,0.112303385973));
#2542 = CARTESIAN_POINT('',(0.5,0.117003105102));
#2543 = CARTESIAN_POINT('',(0.5,0.128087215374));
#2544 = CARTESIAN_POINT('',(0.5,0.134469188392));
#2545 = CARTESIAN_POINT('',(0.5,0.140843299318));
#2546 = CARTESIAN_POINT('',(0.5,0.147207450881));
#2547 = CARTESIAN_POINT('',(0.5,0.15356005175));
#2548 = CARTESIAN_POINT('',(0.5,0.166284992692));
#2549 = CARTESIAN_POINT('',(0.5,0.172657112983));
#2550 = CARTESIAN_POINT('',(0.5,0.179015251263));
#2551 = CARTESIAN_POINT('',(0.5,0.185358657033));
#2552 = CARTESIAN_POINT('',(0.5,0.191686928136));
#2553 = CARTESIAN_POINT('',(0.5,0.204726221083));
#2554 = CARTESIAN_POINT('',(0.5,0.211435137769));
#2555 = CARTESIAN_POINT('',(0.5,0.218126675391));
#2556 = CARTESIAN_POINT('',(0.5,0.22480100856));
#2557 = CARTESIAN_POINT('',(0.5,0.231458560103));
#2558 = CARTESIAN_POINT('',(0.5,0.244805291297));
#2559 = CARTESIAN_POINT('',(0.5,0.251494115892));
#2560 = CARTESIAN_POINT('',(0.5,0.258167152542));
#2561 = CARTESIAN_POINT('',(0.5,0.264825188718));
#2562 = CARTESIAN_POINT('',(0.5,0.271469128423));
#2563 = CARTESIAN_POINT('',(0.5,0.284813298298));
#2564 = CARTESIAN_POINT('',(0.5,0.291513170484));
#2565 = CARTESIAN_POINT('',(0.5,0.298200673373));
#2566 = CARTESIAN_POINT('',(0.5,0.304876890352));
#2567 = CARTESIAN_POINT('',(0.5,0.311542942549));
#2568 = CARTESIAN_POINT('',(0.5,0.324885507629));
#2569 = CARTESIAN_POINT('',(0.5,0.33156192304));
#2570 = CARTESIAN_POINT('',(0.5,0.33823042321));
#2571 = CARTESIAN_POINT('',(0.5,0.344892167501));
#2572 = CARTESIAN_POINT('',(0.5,0.351548308022));
#2573 = CARTESIAN_POINT('',(0.5,0.365475122529));
#2574 = CARTESIAN_POINT('',(0.5,0.372744906577));
#2575 = CARTESIAN_POINT('',(0.5,0.380010858827));
#2576 = CARTESIAN_POINT('',(0.5,0.387274428493));
#2577 = CARTESIAN_POINT('',(0.5,0.394537019054));
#2578 = CARTESIAN_POINT('',(0.5,0.412866010008));
#2579 = CARTESIAN_POINT('',(0.5,0.423932877977));
#2580 = CARTESIAN_POINT('',(0.5,0.435005464856));
#2581 = CARTESIAN_POINT('',(0.5,0.44608819675));
#2582 = CARTESIAN_POINT('',(0.5,0.45718513865));
#2583 = CARTESIAN_POINT('',(0.5,0.479443993123));
#2584 = CARTESIAN_POINT('',(0.5,0.490605950454));
#2585 = CARTESIAN_POINT('',(0.5,0.501789586268));
#2586 = CARTESIAN_POINT('',(0.5,0.512998101013));
#2587 = CARTESIAN_POINT('',(0.5,0.524234181321));
#2588 = CARTESIAN_POINT('',(0.5,0.542486620509));
#2589 = CARTESIAN_POINT('',(0.5,0.549484671097));
#2590 = CARTESIAN_POINT('',(0.5,0.556494660368));
#2591 = CARTESIAN_POINT('',(0.5,0.563517009563));
#2592 = CARTESIAN_POINT('',(0.5,0.57055204658));
#2593 = CARTESIAN_POINT('',(0.5,0.583840979459));
#2594 = CARTESIAN_POINT('',(0.5,0.590092085716));
#2595 = CARTESIAN_POINT('',(0.5,0.596353479413));
#2596 = CARTESIAN_POINT('',(0.5,0.60262525509));
#2597 = CARTESIAN_POINT('',(0.5,0.608907441177));
#2598 = CARTESIAN_POINT('',(0.5,0.622449442424));
#2599 = CARTESIAN_POINT('',(0.5,0.629712650827));
#2600 = CARTESIAN_POINT('',(0.5,0.636989563884));
#2601 = CARTESIAN_POINT('',(0.5,0.644279995796));
#2602 = CARTESIAN_POINT('',(0.5,0.651583627854));
#2603 = CARTESIAN_POINT('',(0.5,0.666104257974));
#2604 = CARTESIAN_POINT('',(0.5,0.673320866696));
#2605 = CARTESIAN_POINT('',(0.5,0.680549391455));
#2606 = CARTESIAN_POINT('',(0.5,0.68778925655));
#2607 = CARTESIAN_POINT('',(0.5,0.695039745291));
#2608 = CARTESIAN_POINT('',(0.5,0.713819109936));
#2609 = CARTESIAN_POINT('',(0.5,0.725362780404));
#2610 = CARTESIAN_POINT('',(0.5,0.736927606204));
#2611 = CARTESIAN_POINT('',(0.5,0.748509193115));
#2612 = CARTESIAN_POINT('',(0.5,0.760102113984));
#2613 = CARTESIAN_POINT('',(0.5,0.779367936918));
#2614 = CARTESIAN_POINT('',(0.5,0.787038029532));
#2615 = CARTESIAN_POINT('',(0.5,0.794708434434));
#2616 = CARTESIAN_POINT('',(0.5,0.80237709392));
#2617 = CARTESIAN_POINT('',(0.5,0.810041756934));
#2618 = CARTESIAN_POINT('',(0.5,0.822374558482));
#2619 = CARTESIAN_POINT('',(0.5,0.827046723492));
#2620 = CARTESIAN_POINT('',(0.5,0.831715940977));
#2621 = CARTESIAN_POINT('',(0.5,0.836381632369));
#2622 = CARTESIAN_POINT('',(0.5,0.841043194579));
#2623 = CARTESIAN_POINT('',(0.5,0.850380859935));
#2624 = CARTESIAN_POINT('',(0.5,0.855056913472));
#2625 = CARTESIAN_POINT('',(0.5,0.859727525066));
#2626 = CARTESIAN_POINT('',(0.5,0.864392034044));
#2627 = CARTESIAN_POINT('',(0.5,0.869049758639));
#2628 = CARTESIAN_POINT('',(0.5,0.878371286705));
#2629 = CARTESIAN_POINT('',(0.5,0.883035021511));
#2630 = CARTESIAN_POINT('',(0.5,0.887690495876));
#2631 = CARTESIAN_POINT('',(0.5,0.892336981231));
#2632 = CARTESIAN_POINT('',(0.5,0.896973733897));
#2633 = CARTESIAN_POINT('',(0.5,0.905722614281));
#2634 = CARTESIAN_POINT('',(0.5,0.909836901306));
#2635 = CARTESIAN_POINT('',(0.5,0.913942325447));
#2636 = CARTESIAN_POINT('',(0.5,0.918038346791));
#2637 = CARTESIAN_POINT('',(0.5,0.922124421138));
#2638 = CARTESIAN_POINT('',(0.5,0.930328823205));
#2639 = CARTESIAN_POINT('',(0.5,0.934446876165));
#2640 = CARTESIAN_POINT('',(0.5,0.938553588205));
#2641 = CARTESIAN_POINT('',(0.5,0.942648390513));
#2642 = CARTESIAN_POINT('',(0.5,0.946730716139));
#2643 = CARTESIAN_POINT('',(0.5,0.954935626468));
#2644 = CARTESIAN_POINT('',(0.5,0.959057784063));
#2645 = CARTESIAN_POINT('',(0.5,0.963165879288));
#2646 = CARTESIAN_POINT('',(0.5,0.967259328258));
#2647 = CARTESIAN_POINT('',(0.5,0.971337556711));
#2648 = CARTESIAN_POINT('',(0.5,0.979542988413));
#2649 = CARTESIAN_POINT('',(0.5,0.983669561391));
#2650 = CARTESIAN_POINT('',(0.5,0.987779119897));
#2651 = CARTESIAN_POINT('',(0.5,0.99187108368));
#2652 = CARTESIAN_POINT('',(0.5,0.995944891274));
#2653 = CARTESIAN_POINT('',(0.5,1.));
#2654 = ( GEOMETRIC_REPRESENTATION_CONTEXT(2) 
PARAMETRIC_REPRESENTATION_CONTEXT() REPRESENTATION_CONTEXT('2D SPACE',''
  ) );
#2655 = ADVANCED_FACE('',(#2656),#260,.T.);
#2656 = FACE_BOUND('',#2657,.T.);
#2657 = EDGE_LOOP('',(#2658,#2659,#2660,#2687));
#2658 = ORIENTED_EDGE('',*,*,#242,.F.);
#2659 = ORIENTED_EDGE('',*,*,#2043,.F.);
#2660 = ORIENTED_EDGE('',*,*,#2661,.T.);
#2661 = EDGE_CURVE('',#2044,#2662,#2664,.T.);
#2662 = VERTEX_POINT('',#2663);
#2663 = CARTESIAN_POINT('',(27.24,0.,134.));
#2664 = SURFACE_CURVE('',#2665,(#2671,#2680),.PCURVE_S1.);
#2665 = ( BOUNDED_CURVE() B_SPLINE_CURVE(4,(#2666,#2667,#2668,#2669,
#2670),.UNSPECIFIED.,.F.,.F.) B_SPLINE_CURVE_WITH_KNOTS((5,5),(0.,1.),
.PIECEWISE_BEZIER_KNOTS.) CURVE() GEOMETRIC_REPRESENTATION_ITEM() 
RATIONAL_B_SPLINE_CURVE((1.,1.,1.,1.,1.)) REPRESENTATION_ITEM('') );
#2666 = CARTESIAN_POINT('',(32.1,-2.564307894757E-14,-134.));
#2667 = CARTESIAN_POINT('',(77.519272445364,1.122230280113E-14,
    -79.84359658809));
#2668 = CARTESIAN_POINT('',(34.989405435005,2.704220358324E-14,
    8.192265131916));
#2669 = CARTESIAN_POINT('',(48.412219079797,-1.189706666412E-13,
    64.334725954523));
#2670 = CARTESIAN_POINT('',(27.24,1.644659442488E-14,134.));
#2671 = PCURVE('',#260,#2672);
#2672 = DEFINITIONAL_REPRESENTATION('',(#2673),#2679);
#2673 = ( BOUNDED_CURVE() B_SPLINE_CURVE(4,(#2674,#2675,#2676,#2677,
#2678),.UNSPECIFIED.,.F.,.F.) B_SPLINE_CURVE_WITH_KNOTS((5,5),(0.,1.),
.PIECEWISE_BEZIER_KNOTS.) CURVE() GEOMETRIC_REPRESENTATION_ITEM() 
RATIONAL_B_SPLINE_CURVE((1.,1.,1.,1.,1.)) REPRESENTATION_ITEM('') );
#2674 = CARTESIAN_POINT('',(26.8,140.1));
#2675 = CARTESIAN_POINT('',(80.956403411902,185.51927244536));
#2676 = CARTESIAN_POINT('',(168.99226513191,142.989405435));
#2677 = CARTESIAN_POINT('',(225.13472595452,156.41221907979));
#2678 = CARTESIAN_POINT('',(294.8,135.24));
#2679 = ( GEOMETRIC_REPRESENTATION_CONTEXT(2) 
PARAMETRIC_REPRESENTATION_CONTEXT() REPRESENTATION_CONTEXT('2D SPACE',''
  ) );
#2680 = PCURVE('',#2124,#2681);
#2681 = DEFINITIONAL_REPRESENTATION('',(#2682),#2686);
#2682 = LINE('',#2683,#2684);
#2683 = CARTESIAN_POINT('',(1.,0.));
#2684 = VECTOR('',#2685,1.);
#2685 = DIRECTION('',(0.,1.));
#2686 = ( GEOMETRIC_REPRESENTATION_CONTEXT(2) 
PARAMETRIC_REPRESENTATION_CONTEXT() REPRESENTATION_CONTEXT('2D SPACE',''
  ) );
#2687 = ORIENTED_EDGE('',*,*,#2688,.F.);
#2688 = EDGE_CURVE('',#243,#2662,#2689,.T.);
#2689 = SURFACE_CURVE('',#2690,(#2694,#2700),.PCURVE_S1.);
#2690 = LINE('',#2691,#2692);
#2691 = CARTESIAN_POINT('',(-38.88,0.,134.));
#2692 = VECTOR('',#2693,1.);
#2693 = DIRECTION('',(-1.,0.,0.));
#2694 = PCURVE('',#260,#2695);
#2695 = DEFINITIONAL_REPRESENTATION('',(#2696),#2699);
#2696 = B_SPLINE_CURVE_WITH_KNOTS('',1,(#2697,#2698),.UNSPECIFIED.,.F.,
  .F.,(2,2),(-69.32615401256,1.539491119821),.PIECEWISE_BEZIER_KNOTS.);
#2697 = CARTESIAN_POINT('',(294.8,138.44615401256));
#2698 = CARTESIAN_POINT('',(294.8,67.580508880179));
#2699 = ( GEOMETRIC_REPRESENTATION_CONTEXT(2) 
PARAMETRIC_REPRESENTATION_CONTEXT() REPRESENTATION_CONTEXT('2D SPACE',''
  ) );
#2700 = PCURVE('',#315,#2701);
#2701 = DEFINITIONAL_REPRESENTATION('',(#2702),#2705);
#2702 = B_SPLINE_CURVE_WITH_KNOTS('',1,(#2703,#2704),.UNSPECIFIED.,.F.,
  .F.,(2,2),(-69.32615401256,1.539491119821),.PIECEWISE_BEZIER_KNOTS.);
#2703 = CARTESIAN_POINT('',(-0.205971866172,-8.664135288697E-03));
#2704 = CARTESIAN_POINT('',(70.597060265623,2.969640915018));
#2705 = ( GEOMETRIC_REPRESENTATION_CONTEXT(2) 
PARAMETRIC_REPRESENTATION_CONTEXT() REPRESENTATION_CONTEXT('2D SPACE',''
  ) );
#2706 = ADVANCED_FACE('',(#2707),#315,.T.);
#2707 = FACE_BOUND('',#2708,.T.);
#2708 = EDGE_LOOP('',(#2709,#2710,#2711,#2756));
#2709 = ORIENTED_EDGE('',*,*,#274,.T.);
#2710 = ORIENTED_EDGE('',*,*,#2688,.T.);
#2711 = ORIENTED_EDGE('',*,*,#2712,.F.);
#2712 = EDGE_CURVE('',#2213,#2662,#2713,.T.);
#2713 = SURFACE_CURVE('',#2714,(#2730,#2749),.PCURVE_S1.);
#2714 = B_SPLINE_CURVE_WITH_KNOTS('',14,(#2715,#2716,#2717,#2718,#2719,
    #2720,#2721,#2722,#2723,#2724,#2725,#2726,#2727,#2728,#2729),
  .UNSPECIFIED.,.T.,.F.,(15,15),(0.,1.),.PIECEWISE_BEZIER_KNOTS.);
#2715 = CARTESIAN_POINT('',(27.24,1.644659442488E-14,134.));
#2716 = CARTESIAN_POINT('',(27.240000000005,8.455372227667,134.));
#2717 = CARTESIAN_POINT('',(21.331252800909,16.910747576394,134.));
#2718 = CARTESIAN_POINT('',(9.513750849042,23.226316489438,134.));
#2719 = CARTESIAN_POINT('',(-6.4452731455,25.262510705362,134.));
#2720 = CARTESIAN_POINT('',(-23.01168898936,21.646724061435,134.));
#2721 = CARTESIAN_POINT('',(-35.65829595318,12.545278020774,134.));
#2722 = CARTESIAN_POINT('',(-40.41949111981,2.567429617555E-10,134.));
#2723 = CARTESIAN_POINT('',(-35.65829595316,-12.54527802124,134.));
#2724 = CARTESIAN_POINT('',(-23.01168898939,-21.64672406107,134.));
#2725 = CARTESIAN_POINT('',(-6.445273145477,-25.26251070558,134.));
#2726 = CARTESIAN_POINT('',(9.513750849028,-23.22631648933,134.));
#2727 = CARTESIAN_POINT('',(21.331252800915,-16.91074757643,134.));
#2728 = CARTESIAN_POINT('',(27.240000000003,-8.455372227659,134.));
#2729 = CARTESIAN_POINT('',(27.24,-1.908054253677E-14,134.));
#2730 = PCURVE('',#315,#2731);
#2731 = DEFINITIONAL_REPRESENTATION('',(#2732),#2748);
#2732 = B_SPLINE_CURVE_WITH_KNOTS('',14,(#2733,#2734,#2735,#2736,#2737,
    #2738,#2739,#2740,#2741,#2742,#2743,#2744,#2745,#2746,#2747),
  .UNSPECIFIED.,.F.,.F.,(15,15),(0.,1.),.PIECEWISE_BEZIER_KNOTS.);
#2733 = CARTESIAN_POINT('',(2.997349364401,0.126082463995));
#2734 = CARTESIAN_POINT('',(3.352707419217,-8.321819060128));
#2735 = CARTESIAN_POINT('',(9.611592159079,-16.52139390055));
#2736 = CARTESIAN_POINT('',(21.68408031052,-22.33472280155));
#2737 = CARTESIAN_POINT('',(37.714579913991,-23.69840025844));
#2738 = CARTESIAN_POINT('',(54.11439615088,-19.38956348239));
#2739 = CARTESIAN_POINT('',(66.367318351578,-9.764653858306));
#2740 = CARTESIAN_POINT('',(70.597060265623,2.969640914761));
#2741 = CARTESIAN_POINT('',(65.312825308628,15.303733543361));
#2742 = CARTESIAN_POINT('',(52.294881279525,23.865632921844));
#2743 = CARTESIAN_POINT('',(35.591140182995,26.781980012357));
#2744 = CARTESIAN_POINT('',(19.731792835521,24.076867176333));
#2745 = CARTESIAN_POINT('',(8.190159677447,17.270218432578));
#2746 = CARTESIAN_POINT('',(2.641991309577,8.57398398811));
#2747 = CARTESIAN_POINT('',(2.997349364401,0.126082463995));
#2748 = ( GEOMETRIC_REPRESENTATION_CONTEXT(2) 
PARAMETRIC_REPRESENTATION_CONTEXT() REPRESENTATION_CONTEXT('2D SPACE',''
  ) );
#2749 = PCURVE('',#2124,#2750);
#2750 = DEFINITIONAL_REPRESENTATION('',(#2751),#2755);
#2751 = LINE('',#2752,#2753);
#2752 = CARTESIAN_POINT('',(0.,1.));
#2753 = VECTOR('',#2754,1.);
#2754 = DIRECTION('',(1.,0.));
#2755 = ( GEOMETRIC_REPRESENTATION_CONTEXT(2) 
PARAMETRIC_REPRESENTATION_CONTEXT() REPRESENTATION_CONTEXT('2D SPACE',''
  ) );
#2756 = ORIENTED_EDGE('',*,*,#2212,.T.);
#2757 = ADVANCED_FACE('',(#2758),#753,.T.);
#2758 = FACE_BOUND('',#2759,.T.);
#2759 = EDGE_LOOP('',(#2760,#2783,#2784,#2807));
#2760 = ORIENTED_EDGE('',*,*,#2761,.F.);
#2761 = EDGE_CURVE('',#668,#2762,#2764,.T.);
#2762 = VERTEX_POINT('',#2763);
#2763 = CARTESIAN_POINT('',(-30.5,-22.89148176162,-113.));
#2764 = SURFACE_CURVE('',#2765,(#2769,#2776),.PCURVE_S1.);
#2765 = LINE('',#2766,#2767);
#2766 = CARTESIAN_POINT('',(-30.5,-142.,-113.));
#2767 = VECTOR('',#2768,1.);
#2768 = DIRECTION('',(0.,1.,0.));
#2769 = PCURVE('',#753,#2770);
#2770 = DEFINITIONAL_REPRESENTATION('',(#2771),#2775);
#2771 = LINE('',#2772,#2773);
#2772 = CARTESIAN_POINT('',(0.,0.));
#2773 = VECTOR('',#2774,1.);
#2774 = DIRECTION('',(0.,1.));
#2775 = ( GEOMETRIC_REPRESENTATION_CONTEXT(2) 
PARAMETRIC_REPRESENTATION_CONTEXT() REPRESENTATION_CONTEXT('2D SPACE',''
  ) );
#2776 = PCURVE('',#842,#2777);
#2777 = DEFINITIONAL_REPRESENTATION('',(#2778),#2782);
#2778 = LINE('',#2779,#2780);
#2779 = CARTESIAN_POINT('',(0.,0.));
#2780 = VECTOR('',#2781,1.);
#2781 = DIRECTION('',(0.,-1.));
#2782 = ( GEOMETRIC_REPRESENTATION_CONTEXT(2) 
PARAMETRIC_REPRESENTATION_CONTEXT() REPRESENTATION_CONTEXT('2D SPACE',''
  ) );
#2783 = ORIENTED_EDGE('',*,*,#665,.F.);
#2784 = ORIENTED_EDGE('',*,*,#2785,.T.);
#2785 = EDGE_CURVE('',#666,#2786,#2788,.T.);
#2786 = VERTEX_POINT('',#2787);
#2787 = CARTESIAN_POINT('',(30.5,-22.89148174344,-113.));
#2788 = SURFACE_CURVE('',#2789,(#2793,#2800),.PCURVE_S1.);
#2789 = LINE('',#2790,#2791);
#2790 = CARTESIAN_POINT('',(30.5,-142.,-113.));
#2791 = VECTOR('',#2792,1.);
#2792 = DIRECTION('',(0.,1.,0.));
#2793 = PCURVE('',#753,#2794);
#2794 = DEFINITIONAL_REPRESENTATION('',(#2795),#2799);
#2795 = LINE('',#2796,#2797);
#2796 = CARTESIAN_POINT('',(61.,0.));
#2797 = VECTOR('',#2798,1.);
#2798 = DIRECTION('',(0.,1.));
#2799 = ( GEOMETRIC_REPRESENTATION_CONTEXT(2) 
PARAMETRIC_REPRESENTATION_CONTEXT() REPRESENTATION_CONTEXT('2D SPACE',''
  ) );
#2800 = PCURVE('',#1004,#2801);
#2801 = DEFINITIONAL_REPRESENTATION('',(#2802),#2806);
#2802 = LINE('',#2803,#2804);
#2803 = CARTESIAN_POINT('',(0.,0.));
#2804 = VECTOR('',#2805,1.);
#2805 = DIRECTION('',(0.,-1.));
#2806 = ( GEOMETRIC_REPRESENTATION_CONTEXT(2) 
PARAMETRIC_REPRESENTATION_CONTEXT() REPRESENTATION_CONTEXT('2D SPACE',''
  ) );
#2807 = ORIENTED_EDGE('',*,*,#2808,.T.);
#2808 = EDGE_CURVE('',#2786,#2762,#2809,.T.);
#2809 = SURFACE_CURVE('',#2810,(#2861,#2915),.PCURVE_S1.);
#2810 = B_SPLINE_CURVE_WITH_KNOTS('',4,(#2811,#2812,#2813,#2814,#2815,
    #2816,#2817,#2818,#2819,#2820,#2821,#2822,#2823,#2824,#2825,#2826,
    #2827,#2828,#2829,#2830,#2831,#2832,#2833,#2834,#2835,#2836,#2837,
    #2838,#2839,#2840,#2841,#2842,#2843,#2844,#2845,#2846,#2847,#2848,
    #2849,#2850,#2851,#2852,#2853,#2854,#2855,#2856,#2857,#2858,#2859,
    #2860),.UNSPECIFIED.,.F.,.F.,(5,3,3,3,3,3,3,3,3,3,3,3,3,3,3,3,5),(0.
    ,6.284824274426E-02,0.127605619076,0.177534270945,0.228345074858,
    0.295262854775,0.362951289341,0.431307324701,0.500001309733,
    0.568913003914,0.637267415589,0.704953189773,0.771657444004,
    0.822468207337,0.872396813065,0.937154120897,1.),.UNSPECIFIED.);
#2811 = CARTESIAN_POINT('',(30.5,-22.89148174344,-113.));
#2812 = CARTESIAN_POINT('',(29.657990455529,-23.44676734497,-113.));
#2813 = CARTESIAN_POINT('',(28.798335756201,-23.97528989176,-113.));
#2814 = CARTESIAN_POINT('',(27.923202757577,-24.47759011254,-113.));
#2815 = CARTESIAN_POINT('',(26.118412300675,-25.44535810134,-113.));
#2816 = CARTESIAN_POINT('',(25.187912079316,-25.90923993746,-113.));
#2817 = CARTESIAN_POINT('',(24.244686905698,-26.3464967234,-113.));
#2818 = CARTESIAN_POINT('',(22.554337773104,-27.07473743832,-113.));
#2819 = CARTESIAN_POINT('',(21.81177002489,-27.37628731993,-113.));
#2820 = CARTESIAN_POINT('',(21.063217730975,-27.66260614303,-113.));
#2821 = CARTESIAN_POINT('',(19.541994325673,-28.21003631715,-113.));
#2822 = CARTESIAN_POINT('',(18.769131961242,-28.47061260122,-113.));
#2823 = CARTESIAN_POINT('',(17.991297038522,-28.71589585384,-113.));
#2824 = CARTESIAN_POINT('',(16.178766557319,-29.24926145714,-113.));
#2825 = CARTESIAN_POINT('',(15.14081253463,-29.52626253327,-113.));
#2826 = CARTESIAN_POINT('',(14.096373936867,-29.77756745445,-113.));
#2827 = CARTESIAN_POINT('',(11.984494007498,-30.23209856705,-113.));
#2828 = CARTESIAN_POINT('',(10.91692959991,-30.4347374428,-113.));
#2829 = CARTESIAN_POINT('',(9.84485232878,-30.61181627162,-113.));
#2830 = CARTESIAN_POINT('',(7.682942232959,-30.91684044176,-113.));
#2831 = CARTESIAN_POINT('',(6.593041422028,-31.04428386489,-113.));
#2832 = CARTESIAN_POINT('',(5.500467889582,-31.14616243586,-113.));
#2833 = CARTESIAN_POINT('',(3.306353879328,-31.29941913605,-113.));
#2834 = CARTESIAN_POINT('',(2.204798340784,-31.35054508157,-113.));
#2835 = CARTESIAN_POINT('',(1.102357735424,-31.37610737723,-113.));
#2836 = CARTESIAN_POINT('',(-1.106019796487,-31.37610444923,-113.));
#2837 = CARTESIAN_POINT('',(-2.21195423957,-31.35037693223,-113.));
#2838 = CARTESIAN_POINT('',(-3.316995132259,-31.298923469,-113.));
#2839 = CARTESIAN_POINT('',(-5.514534020735,-31.14493114948,-113.));
#2840 = CARTESIAN_POINT('',(-6.607058629402,-31.04280880233,-113.));
#2841 = CARTESIAN_POINT('',(-7.696904707568,-30.91512160267,-113.));
#2842 = CARTESIAN_POINT('',(-9.858677081847,-30.60961384898,-113.));
#2843 = CARTESIAN_POINT('',(-10.93067159219,-30.43229600841,-113.));
#2844 = CARTESIAN_POINT('',(-11.99814720459,-30.22941815974,-113.));
#2845 = CARTESIAN_POINT('',(-14.10652916774,-29.77512411945,-113.));
#2846 = CARTESIAN_POINT('',(-15.14759313094,-29.52445473032,-113.));
#2847 = CARTESIAN_POINT('',(-16.18220993481,-29.24825138252,-113.));
#2848 = CARTESIAN_POINT('',(-17.99145085671,-28.71584814328,-113.));
#2849 = CARTESIAN_POINT('',(-18.76928444842,-28.47056283376,-113.));
#2850 = CARTESIAN_POINT('',(-19.54214543355,-28.20998449528,-113.));
#2851 = CARTESIAN_POINT('',(-21.0633659076,-27.66255028496,-113.));
#2852 = CARTESIAN_POINT('',(-21.81191665267,-27.3762294838,-113.));
#2853 = CARTESIAN_POINT('',(-22.55448280091,-27.07467762845,-113.));
#2854 = CARTESIAN_POINT('',(-24.24482800488,-26.34643244366,-113.));
#2855 = CARTESIAN_POINT('',(-25.18805081545,-25.90917317123,-113.));
#2856 = CARTESIAN_POINT('',(-26.11854857715,-25.44528886123,-113.));
#2857 = CARTESIAN_POINT('',(-27.92330148711,-24.47753344648,-113.));
#2858 = CARTESIAN_POINT('',(-28.79840041131,-23.97525014823,-113.));
#2859 = CARTESIAN_POINT('',(-29.65802211912,-23.44674647527,-113.));
#2860 = CARTESIAN_POINT('',(-30.5,-22.89148176162,-113.));
#2861 = PCURVE('',#753,#2862);
#2862 = DEFINITIONAL_REPRESENTATION('',(#2863),#2914);
#2863 = B_SPLINE_CURVE_WITH_KNOTS('',4,(#2864,#2865,#2866,#2867,#2868,
    #2869,#2870,#2871,#2872,#2873,#2874,#2875,#2876,#2877,#2878,#2879,
    #2880,#2881,#2882,#2883,#2884,#2885,#2886,#2887,#2888,#2889,#2890,
    #2891,#2892,#2893,#2894,#2895,#2896,#2897,#2898,#2899,#2900,#2901,
    #2902,#2903,#2904,#2905,#2906,#2907,#2908,#2909,#2910,#2911,#2912,
    #2913),.UNSPECIFIED.,.F.,.F.,(5,3,3,3,3,3,3,3,3,3,3,3,3,3,3,3,5),(0.
    ,6.284824274426E-02,0.127605619076,0.177534270945,0.228345074858,
    0.295262854775,0.362951289341,0.431307324701,0.500001309733,
    0.568913003914,0.637267415589,0.704953189773,0.771657444004,
    0.822468207337,0.872396813065,0.937154120897,1.),.UNSPECIFIED.);
#2864 = CARTESIAN_POINT('',(61.,119.10851825655));
#2865 = CARTESIAN_POINT('',(60.157990455529,118.55323265502));
#2866 = CARTESIAN_POINT('',(59.298335756201,118.02471010823));
#2867 = CARTESIAN_POINT('',(58.423202757577,117.52240988745));
#2868 = CARTESIAN_POINT('',(56.618412300675,116.55464189865));
#2869 = CARTESIAN_POINT('',(55.687912079316,116.09076006253));
#2870 = CARTESIAN_POINT('',(54.744686905698,115.65350327659));
#2871 = CARTESIAN_POINT('',(53.054337773104,114.92526256167));
#2872 = CARTESIAN_POINT('',(52.31177002489,114.62371268006));
#2873 = CARTESIAN_POINT('',(51.563217730975,114.33739385696));
#2874 = CARTESIAN_POINT('',(50.041994325673,113.78996368284));
#2875 = CARTESIAN_POINT('',(49.269131961242,113.52938739878));
#2876 = CARTESIAN_POINT('',(48.491297038522,113.28410414615));
#2877 = CARTESIAN_POINT('',(46.678766557319,112.75073854285));
#2878 = CARTESIAN_POINT('',(45.64081253463,112.47373746673));
#2879 = CARTESIAN_POINT('',(44.596373936867,112.22243254554));
#2880 = CARTESIAN_POINT('',(42.484494007498,111.76790143294));
#2881 = CARTESIAN_POINT('',(41.41692959991,111.56526255719));
#2882 = CARTESIAN_POINT('',(40.34485232878,111.38818372837));
#2883 = CARTESIAN_POINT('',(38.182942232959,111.08315955823));
#2884 = CARTESIAN_POINT('',(37.093041422028,110.9557161351));
#2885 = CARTESIAN_POINT('',(36.000467889582,110.85383756413));
#2886 = CARTESIAN_POINT('',(33.806353879328,110.70058086394));
#2887 = CARTESIAN_POINT('',(32.704798340784,110.64945491842));
#2888 = CARTESIAN_POINT('',(31.602357735424,110.62389262276));
#2889 = CARTESIAN_POINT('',(29.393980203513,110.62389555076));
#2890 = CARTESIAN_POINT('',(28.28804576043,110.64962306776));
#2891 = CARTESIAN_POINT('',(27.183004867741,110.70107653099));
#2892 = CARTESIAN_POINT('',(24.985465979265,110.85506885051));
#2893 = CARTESIAN_POINT('',(23.892941370598,110.95719119766));
#2894 = CARTESIAN_POINT('',(22.803095292432,111.08487839732));
#2895 = CARTESIAN_POINT('',(20.641322918153,111.39038615102));
#2896 = CARTESIAN_POINT('',(19.569328407808,111.56770399158));
#2897 = CARTESIAN_POINT('',(18.501852795406,111.77058184025));
#2898 = CARTESIAN_POINT('',(16.393470832253,112.22487588054));
#2899 = CARTESIAN_POINT('',(15.352406869058,112.47554526967));
#2900 = CARTESIAN_POINT('',(14.317790065187,112.75174861748));
#2901 = CARTESIAN_POINT('',(12.508549143281,113.28415185671));
#2902 = CARTESIAN_POINT('',(11.730715551578,113.52943716623));
#2903 = CARTESIAN_POINT('',(10.957854566441,113.79001550471));
#2904 = CARTESIAN_POINT('',(9.436634092393,114.33744971503));
#2905 = CARTESIAN_POINT('',(8.688083347321,114.62377051619));
#2906 = CARTESIAN_POINT('',(7.945517199082,114.92532237154));
#2907 = CARTESIAN_POINT('',(6.255171995112,115.65356755633));
#2908 = CARTESIAN_POINT('',(5.311949184545,116.09082682876));
#2909 = CARTESIAN_POINT('',(4.381451422841,116.55471113876));
#2910 = CARTESIAN_POINT('',(2.576698512885,117.52246655351));
#2911 = CARTESIAN_POINT('',(1.701599588683,118.02474985176));
#2912 = CARTESIAN_POINT('',(0.841977880875,118.55325352472));
#2913 = CARTESIAN_POINT('',(0.,119.10851823837));
#2914 = ( GEOMETRIC_REPRESENTATION_CONTEXT(2) 
PARAMETRIC_REPRESENTATION_CONTEXT() REPRESENTATION_CONTEXT('2D SPACE',''
  ) );
#2915 = PCURVE('',#2124,#2916);
#2916 = DEFINITIONAL_REPRESENTATION('',(#2917),#2968);
#2917 = B_SPLINE_CURVE_WITH_KNOTS('',4,(#2918,#2919,#2920,#2921,#2922,
    #2923,#2924,#2925,#2926,#2927,#2928,#2929,#2930,#2931,#2932,#2933,
    #2934,#2935,#2936,#2937,#2938,#2939,#2940,#2941,#2942,#2943,#2944,
    #2945,#2946,#2947,#2948,#2949,#2950,#2951,#2952,#2953,#2954,#2955,
    #2956,#2957,#2958,#2959,#2960,#2961,#2962,#2963,#2964,#2965,#2966,
    #2967),.UNSPECIFIED.,.F.,.F.,(5,3,3,3,3,3,3,3,3,3,3,3,3,3,3,3,5),(0.
    ,6.284824274426E-02,0.127605619076,0.177534270945,0.228345074858,
    0.295262854775,0.362951289341,0.431307324701,0.500001309733,
    0.568913003914,0.637267415589,0.704953189773,0.771657444004,
    0.822468207337,0.872396813065,0.937154120897,1.),.UNSPECIFIED.);
#2918 = CARTESIAN_POINT('',(0.869857032032,9.016851433006E-02));
#2919 = CARTESIAN_POINT('',(0.865738428672,9.016851433006E-02));
#2920 = CARTESIAN_POINT('',(0.861666716593,9.016851433006E-02));
#2921 = CARTESIAN_POINT('',(0.85763835316,9.016851433006E-02));
#2922 = CARTESIAN_POINT('',(0.849540136536,9.016851433006E-02));
#2923 = CARTESIAN_POINT('',(0.84547275572,9.016851433006E-02));
#2924 = CARTESIAN_POINT('',(0.84144385284,9.016851433006E-02));
#2925 = CARTESIAN_POINT('',(0.834370349927,9.016851433006E-02));
#2926 = CARTESIAN_POINT('',(0.831311618836,9.016851433006E-02));
#2927 = CARTESIAN_POINT('',(0.828271955098,9.016851433006E-02));
#2928 = CARTESIAN_POINT('',(0.82217422913,9.016851433006E-02));
#2929 = CARTESIAN_POINT('',(0.819116792213,9.016851433006E-02));
#2930 = CARTESIAN_POINT('',(0.816075827582,9.016851433006E-02));
#2931 = CARTESIAN_POINT('',(0.809064468187,9.016851433006E-02));
#2932 = CARTESIAN_POINT('',(0.805105028825,9.016851433006E-02));
#2933 = CARTESIAN_POINT('',(0.801167898169,9.016851433006E-02));
#2934 = CARTESIAN_POINT('',(0.793286492187,9.016851433006E-02));
#2935 = CARTESIAN_POINT('',(0.789342658684,9.016851433006E-02));
#2936 = CARTESIAN_POINT('',(0.785414822762,9.016851433006E-02));
#2937 = CARTESIAN_POINT('',(0.777546038948,9.016851433006E-02));
#2938 = CARTESIAN_POINT('',(0.773605344751,9.016851433006E-02));
#2939 = CARTESIAN_POINT('',(0.769674312741,9.016851433006E-02));
#2940 = CARTESIAN_POINT('',(0.761805722014,9.016851433006E-02));
#2941 = CARTESIAN_POINT('',(0.757868227535,9.016851433006E-02));
#2942 = CARTESIAN_POINT('',(0.753933963895,9.016851433006E-02));
#2943 = CARTESIAN_POINT('',(0.746052967397,9.016851433006E-02));
#2944 = CARTESIAN_POINT('',(0.742106234803,9.016851433006E-02));
#2945 = CARTESIAN_POINT('',(0.738156240348,9.016851433006E-02));
#2946 = CARTESIAN_POINT('',(0.730275118062,9.016851433006E-02));
#2947 = CARTESIAN_POINT('',(0.726344096399,9.016851433006E-02));
#2948 = CARTESIAN_POINT('',(0.722403392004,9.016851433006E-02));
#2949 = CARTESIAN_POINT('',(0.714534607352,9.016851433006E-02));
#2950 = CARTESIAN_POINT('',(0.710606781593,9.016851433006E-02));
#2951 = CARTESIAN_POINT('',(0.706662938135,9.016851433006E-02));
#2952 = CARTESIAN_POINT('',(0.698793820584,9.016851433006E-02));
#2953 = CARTESIAN_POINT('',(0.694869108401,9.016851433006E-02));
#2954 = CARTESIAN_POINT('',(0.690922218144,9.016851433006E-02));
#2955 = CARTESIAN_POINT('',(0.683923572615,9.016851433006E-02));
#2956 = CARTESIAN_POINT('',(0.680882608049,9.016851433006E-02));
#2957 = CARTESIAN_POINT('',(0.677825171067,9.016851433006E-02));
#2958 = CARTESIAN_POINT('',(0.671727445087,9.016851433006E-02));
#2959 = CARTESIAN_POINT('',(0.668687781411,9.016851433006E-02));
#2960 = CARTESIAN_POINT('',(0.665629050258,9.016851433006E-02));
#2961 = CARTESIAN_POINT('',(0.658555547454,9.016851433006E-02));
#2962 = CARTESIAN_POINT('',(0.65452664467,9.016851433006E-02));
#2963 = CARTESIAN_POINT('',(0.650459263754,9.016851433006E-02));
#2964 = CARTESIAN_POINT('',(0.642361192343,9.016851433006E-02));
#2965 = CARTESIAN_POINT('',(0.638332977065,9.016851433006E-02));
#2966 = CARTESIAN_POINT('',(0.63426141649,9.016851433006E-02));
#2967 = CARTESIAN_POINT('',(0.630142968017,9.016851433006E-02));
#2968 = ( GEOMETRIC_REPRESENTATION_CONTEXT(2) 
PARAMETRIC_REPRESENTATION_CONTEXT() REPRESENTATION_CONTEXT('2D SPACE',''
  ) );
#2969 = ADVANCED_FACE('',(#2970),#1004,.F.);
#2970 = FACE_BOUND('',#2971,.F.);
#2971 = EDGE_LOOP('',(#2972,#2995,#2996,#2997));
#2972 = ORIENTED_EDGE('',*,*,#2973,.F.);
#2973 = EDGE_CURVE('',#868,#2974,#2976,.T.);
#2974 = VERTEX_POINT('',#2975);
#2975 = CARTESIAN_POINT('',(30.5,-30.44187975329,-61.));
#2976 = SURFACE_CURVE('',#2977,(#2981,#2988),.PCURVE_S1.);
#2977 = LINE('',#2978,#2979);
#2978 = CARTESIAN_POINT('',(30.5,-142.,-61.));
#2979 = VECTOR('',#2980,1.);
#2980 = DIRECTION('',(0.,1.,0.));
#2981 = PCURVE('',#1004,#2982);
#2982 = DEFINITIONAL_REPRESENTATION('',(#2983),#2987);
#2983 = LINE('',#2984,#2985);
#2984 = CARTESIAN_POINT('',(52.,0.));
#2985 = VECTOR('',#2986,1.);
#2986 = DIRECTION('',(0.,-1.));
#2987 = ( GEOMETRIC_REPRESENTATION_CONTEXT(2) 
PARAMETRIC_REPRESENTATION_CONTEXT() REPRESENTATION_CONTEXT('2D SPACE',''
  ) );
#2988 = PCURVE('',#929,#2989);
#2989 = DEFINITIONAL_REPRESENTATION('',(#2990),#2994);
#2990 = LINE('',#2991,#2992);
#2991 = CARTESIAN_POINT('',(61.,0.));
#2992 = VECTOR('',#2993,1.);
#2993 = DIRECTION('',(0.,1.));
#2994 = ( GEOMETRIC_REPRESENTATION_CONTEXT(2) 
PARAMETRIC_REPRESENTATION_CONTEXT() REPRESENTATION_CONTEXT('2D SPACE',''
  ) );
#2995 = ORIENTED_EDGE('',*,*,#964,.F.);
#2996 = ORIENTED_EDGE('',*,*,#2785,.T.);
#2997 = ORIENTED_EDGE('',*,*,#2998,.T.);
#2998 = EDGE_CURVE('',#2786,#2974,#2999,.T.);
#2999 = SURFACE_CURVE('',#3000,(#3028,#3059),.PCURVE_S1.);
#3000 = B_SPLINE_CURVE_WITH_KNOTS('',6,(#3001,#3002,#3003,#3004,#3005,
    #3006,#3007,#3008,#3009,#3010,#3011,#3012,#3013,#3014,#3015,#3016,
    #3017,#3018,#3019,#3020,#3021,#3022,#3023,#3024,#3025,#3026,#3027),
  .UNSPECIFIED.,.F.,.F.,(7,5,5,5,5,7),(0.,0.189460883115,0.379691483233,
    0.572257110695,0.767407100511,1.),.UNSPECIFIED.);
#3001 = CARTESIAN_POINT('',(30.5,-22.89148174344,-113.));
#3002 = CARTESIAN_POINT('',(30.5,-23.50465064913,-111.4480123249));
#3003 = CARTESIAN_POINT('',(30.5,-24.07513921375,-109.8792103677));
#3004 = CARTESIAN_POINT('',(30.5,-24.60585574529,-108.2963234509));
#3005 = CARTESIAN_POINT('',(30.5,-25.09932083324,-106.7015808701));
#3006 = CARTESIAN_POINT('',(30.5,-25.55786292723,-105.0967785115));
#3007 = CARTESIAN_POINT('',(30.5,-26.41110781925,-101.86322404));
#3008 = CARTESIAN_POINT('',(30.5,-26.80552743342,-100.2344643105));
#3009 = CARTESIAN_POINT('',(30.5,-27.16903889394,-98.59842345783));
#3010 = CARTESIAN_POINT('',(30.5,-27.50357283175,-96.95628799787));
#3011 = CARTESIAN_POINT('',(30.5,-27.8109021151,-95.30902299783));
#3012 = CARTESIAN_POINT('',(30.5,-28.37786563601,-91.9854529191));
#3013 = CARTESIAN_POINT('',(30.5,-28.63686339321,-90.3090701631));
#3014 = CARTESIAN_POINT('',(30.5,-28.87133395081,-88.62901790072));
#3015 = CARTESIAN_POINT('',(30.5,-29.08280413558,-86.94595898891));
#3016 = CARTESIAN_POINT('',(30.5,-29.27266698148,-85.26043129602));
#3017 = CARTESIAN_POINT('',(30.5,-29.61402262426,-81.86262283982));
#3018 = CARTESIAN_POINT('',(30.5,-29.76496443821,-80.15030337397));
#3019 = CARTESIAN_POINT('',(30.5,-29.8963669015,-78.4363346533));
#3020 = CARTESIAN_POINT('',(30.5,-30.00944344673,-76.72108529816));
#3021 = CARTESIAN_POINT('',(30.5,-30.10530429613,-75.00485216041));
#3022 = CARTESIAN_POINT('',(30.5,-30.27993004185,-71.24143679915));
#3023 = CARTESIAN_POINT('',(30.5,-30.35188514255,-69.19395236208));
#3024 = CARTESIAN_POINT('',(30.5,-30.40257199461,-67.1457947528));
#3025 = CARTESIAN_POINT('',(30.5,-30.43354744667,-65.09727363564));
#3026 = CARTESIAN_POINT('',(30.5,-30.44622043266,-63.04862263233));
#3027 = CARTESIAN_POINT('',(30.5,-30.44187975329,-61.));
#3028 = PCURVE('',#1004,#3029);
#3029 = DEFINITIONAL_REPRESENTATION('',(#3030),#3058);
#3030 = B_SPLINE_CURVE_WITH_KNOTS('',6,(#3031,#3032,#3033,#3034,#3035,
    #3036,#3037,#3038,#3039,#3040,#3041,#3042,#3043,#3044,#3045,#3046,
    #3047,#3048,#3049,#3050,#3051,#3052,#3053,#3054,#3055,#3056,#3057),
  .UNSPECIFIED.,.F.,.F.,(7,5,5,5,5,7),(0.,0.189460883115,0.379691483233,
    0.572257110695,0.767407100511,1.),.UNSPECIFIED.);
#3031 = CARTESIAN_POINT('',(0.,-119.1085182565));
#3032 = CARTESIAN_POINT('',(1.551987675003,-118.4953493508));
#3033 = CARTESIAN_POINT('',(3.120789632219,-117.9248607862));
#3034 = CARTESIAN_POINT('',(4.703676549012,-117.3941442547));
#3035 = CARTESIAN_POINT('',(6.298419129847,-116.9006791667));
#3036 = CARTESIAN_POINT('',(7.903221488419,-116.4421370727));
#3037 = CARTESIAN_POINT('',(11.136775959968,-115.5888921807));
#3038 = CARTESIAN_POINT('',(12.765535689426,-115.1944725665));
#3039 = CARTESIAN_POINT('',(14.40157654217,-114.830961106));
#3040 = CARTESIAN_POINT('',(16.043712002125,-114.4964271682));
#3041 = CARTESIAN_POINT('',(17.690977002163,-114.1890978848));
#3042 = CARTESIAN_POINT('',(21.0145470809,-113.6221343639));
#3043 = CARTESIAN_POINT('',(22.690929836896,-113.3631366067));
#3044 = CARTESIAN_POINT('',(24.370982099275,-113.1286660491));
#3045 = CARTESIAN_POINT('',(26.054041011084,-112.9171958644));
#3046 = CARTESIAN_POINT('',(27.739568703972,-112.7273330185));
#3047 = CARTESIAN_POINT('',(31.137377160176,-112.3859773757));
#3048 = CARTESIAN_POINT('',(32.849696626025,-112.2350355617));
#3049 = CARTESIAN_POINT('',(34.563665346693,-112.1036330984));
#3050 = CARTESIAN_POINT('',(36.278914701836,-111.9905565532));
#3051 = CARTESIAN_POINT('',(37.995147839589,-111.8946957038));
#3052 = CARTESIAN_POINT('',(41.758563200844,-111.7200699581));
#3053 = CARTESIAN_POINT('',(43.806047637912,-111.6481148574));
#3054 = CARTESIAN_POINT('',(45.8542052472,-111.5974280053));
#3055 = CARTESIAN_POINT('',(47.902726364358,-111.5664525533));
#3056 = CARTESIAN_POINT('',(49.951377367664,-111.5537795673));
#3057 = CARTESIAN_POINT('',(52.,-111.5581202467));
#3058 = ( GEOMETRIC_REPRESENTATION_CONTEXT(2) 
PARAMETRIC_REPRESENTATION_CONTEXT() REPRESENTATION_CONTEXT('2D SPACE',''
  ) );
#3059 = PCURVE('',#2124,#3060);
#3060 = DEFINITIONAL_REPRESENTATION('',(#3061),#3089);
#3061 = B_SPLINE_CURVE_WITH_KNOTS('',6,(#3062,#3063,#3064,#3065,#3066,
    #3067,#3068,#3069,#3070,#3071,#3072,#3073,#3074,#3075,#3076,#3077,
    #3078,#3079,#3080,#3081,#3082,#3083,#3084,#3085,#3086,#3087,#3088),
  .UNSPECIFIED.,.F.,.F.,(7,5,5,5,5,7),(0.,0.189460883115,0.379691483233,
    0.572257110695,0.767407100511,1.),.UNSPECIFIED.);
#3062 = CARTESIAN_POINT('',(0.869857031126,9.016851433006E-02));
#3063 = CARTESIAN_POINT('',(0.867759579599,9.644696180811E-02));
#3064 = CARTESIAN_POINT('',(0.865880193829,0.102740793523));
#3065 = CARTESIAN_POINT('',(0.86418670965,0.109040896792));
#3066 = CARTESIAN_POINT('',(0.862655163682,0.115340682913));
#3067 = CARTESIAN_POINT('',(0.861266160701,0.121635460774));
#3068 = CARTESIAN_POINT('',(0.85873638626,0.134234635565));
#3069 = CARTESIAN_POINT('',(0.8575966915,0.140538721243));
#3070 = CARTESIAN_POINT('',(0.856568698522,0.146831376954));
#3071 = CARTESIAN_POINT('',(0.855639958705,0.153110420445));
#3072 = CARTESIAN_POINT('',(0.854800208964,0.159374472008));
#3073 = CARTESIAN_POINT('',(0.853272240375,0.171948023458));
#3074 = CARTESIAN_POINT('',(0.852586014905,0.178257021314));
#3075 = CARTESIAN_POINT('',(0.851973351355,0.184549173967));
#3076 = CARTESIAN_POINT('',(0.851427093741,0.190824160128));
#3077 = CARTESIAN_POINT('',(0.850941347481,0.197082024515));
#3078 = CARTESIAN_POINT('',(0.85007495675,0.209648028968));
#3079 = CARTESIAN_POINT('',(0.849695817452,0.215955654919));
#3080 = CARTESIAN_POINT('',(0.849368382371,0.222246391791));
#3081 = CARTESIAN_POINT('',(0.849088325871,0.228520760914));
#3082 = CARTESIAN_POINT('',(0.848852016751,0.23477943586));
#3083 = CARTESIAN_POINT('',(0.848423029294,0.248465027569));
#3084 = CARTESIAN_POINT('',(0.848247423634,0.255885631609));
#3085 = CARTESIAN_POINT('',(0.848124173282,0.263286438001));
#3086 = CARTESIAN_POINT('',(0.848048951751,0.270668900334));
#3087 = CARTESIAN_POINT('',(0.84801816654,0.278034558596));
#3088 = CARTESIAN_POINT('',(0.848028710931,0.285385057257));
#3089 = ( GEOMETRIC_REPRESENTATION_CONTEXT(2) 
PARAMETRIC_REPRESENTATION_CONTEXT() REPRESENTATION_CONTEXT('2D SPACE',''
  ) );
#3090 = ADVANCED_FACE('',(#3091),#929,.F.);
#3091 = FACE_BOUND('',#3092,.F.);
#3092 = EDGE_LOOP('',(#3093,#3116,#3117,#3118));
#3093 = ORIENTED_EDGE('',*,*,#3094,.F.);
#3094 = EDGE_CURVE('',#801,#3095,#3097,.T.);
#3095 = VERTEX_POINT('',#3096);
#3096 = CARTESIAN_POINT('',(-30.5,-30.44187974581,-61.));
#3097 = SURFACE_CURVE('',#3098,(#3102,#3109),.PCURVE_S1.);
#3098 = LINE('',#3099,#3100);
#3099 = CARTESIAN_POINT('',(-30.5,-142.,-61.));
#3100 = VECTOR('',#3101,1.);
#3101 = DIRECTION('',(0.,1.,0.));
#3102 = PCURVE('',#929,#3103);
#3103 = DEFINITIONAL_REPRESENTATION('',(#3104),#3108);
#3104 = LINE('',#3105,#3106);
#3105 = CARTESIAN_POINT('',(0.,0.));
#3106 = VECTOR('',#3107,1.);
#3107 = DIRECTION('',(0.,1.));
#3108 = ( GEOMETRIC_REPRESENTATION_CONTEXT(2) 
PARAMETRIC_REPRESENTATION_CONTEXT() REPRESENTATION_CONTEXT('2D SPACE',''
  ) );
#3109 = PCURVE('',#842,#3110);
#3110 = DEFINITIONAL_REPRESENTATION('',(#3111),#3115);
#3111 = LINE('',#3112,#3113);
#3112 = CARTESIAN_POINT('',(52.,0.));
#3113 = VECTOR('',#3114,1.);
#3114 = DIRECTION('',(0.,-1.));
#3115 = ( GEOMETRIC_REPRESENTATION_CONTEXT(2) 
PARAMETRIC_REPRESENTATION_CONTEXT() REPRESENTATION_CONTEXT('2D SPACE',''
  ) );
#3116 = ORIENTED_EDGE('',*,*,#867,.F.);
#3117 = ORIENTED_EDGE('',*,*,#2973,.T.);
#3118 = ORIENTED_EDGE('',*,*,#3119,.T.);
#3119 = EDGE_CURVE('',#2974,#3095,#3120,.T.);
#3120 = SURFACE_CURVE('',#3121,(#3172,#3226),.PCURVE_S1.);
#3121 = B_SPLINE_CURVE_WITH_KNOTS('',4,(#3122,#3123,#3124,#3125,#3126,
    #3127,#3128,#3129,#3130,#3131,#3132,#3133,#3134,#3135,#3136,#3137,
    #3138,#3139,#3140,#3141,#3142,#3143,#3144,#3145,#3146,#3147,#3148,
    #3149,#3150,#3151,#3152,#3153,#3154,#3155,#3156,#3157,#3158,#3159,
    #3160,#3161,#3162,#3163,#3164,#3165,#3166,#3167,#3168,#3169,#3170,
    #3171),.UNSPECIFIED.,.F.,.F.,(5,3,3,3,3,3,3,3,3,3,3,3,3,3,3,3,5),(0.
    ,5.955896557213E-02,0.120151655599,0.181787028025,0.24431774747,
    0.307581947866,0.371406243144,0.435608670082,0.500001577797,
    0.564394480825,0.628596893772,0.692421165974,0.755685334566,
    0.818216013977,0.879851338779,0.940443974372,1.),.UNSPECIFIED.);
#3122 = CARTESIAN_POINT('',(30.5,-30.44187975329,-61.));
#3123 = CARTESIAN_POINT('',(29.660004779181,-30.86188306157,-61.));
#3124 = CARTESIAN_POINT('',(28.810750516248,-31.26336668058,-61.));
#3125 = CARTESIAN_POINT('',(27.953153236788,-31.64664042112,-61.));
#3126 = CARTESIAN_POINT('',(26.207803995179,-32.38368521806,-61.));
#3127 = CARTESIAN_POINT('',(25.319788583527,-32.73682817124,-61.));
#3128 = CARTESIAN_POINT('',(24.424755569686,-33.07172384581,-61.));
#3129 = CARTESIAN_POINT('',(22.606534300683,-33.71101046025,-61.));
#3130 = CARTESIAN_POINT('',(21.683128004824,-34.01477693979,-61.));
#3131 = CARTESIAN_POINT('',(20.75391354839,-34.30022176572,-61.));
#3132 = CARTESIAN_POINT('',(18.871561414124,-34.8388294954,-61.));
#3133 = CARTESIAN_POINT('',(17.9182735594,-35.09146300921,-61.));
#3134 = CARTESIAN_POINT('',(16.960322291934,-35.32573340616,-61.));
#3135 = CARTESIAN_POINT('',(15.024973967615,-35.76048411621,-61.));
#3136 = CARTESIAN_POINT('',(14.04748173327,-35.96053572845,-61.));
#3137 = CARTESIAN_POINT('',(13.066417606593,-36.14220379821,-61.));
#3138 = CARTESIAN_POINT('',(11.089521239646,-36.47053170308,-61.));
#3139 = CARTESIAN_POINT('',(10.093636141627,-36.61686730953,-61.));
#3140 = CARTESIAN_POINT('',(9.095229238425,-36.74481116967,-61.));
#3141 = CARTESIAN_POINT('',(7.088478842783,-36.96477828271,-61.));
#3142 = CARTESIAN_POINT('',(6.080112426066,-37.05658421018,-61.));
#3143 = CARTESIAN_POINT('',(5.070244735805,-37.12999619671,-61.));
#3144 = CARTESIAN_POINT('',(3.04551104511,-37.24030400662,-61.));
#3145 = CARTESIAN_POINT('',(2.030639949196,-37.27709083886,-61.));
#3146 = CARTESIAN_POINT('',(1.015270409612,-37.29548359256,-61.));
#3147 = CARTESIAN_POINT('',(-1.01546937081,-37.29548088899,-61.));
#3148 = CARTESIAN_POINT('',(-2.030838787503,-37.27708543439,-61.));
#3149 = CARTESIAN_POINT('',(-3.045709711657,-37.24029590119,-61.));
#3150 = CARTESIAN_POINT('',(-5.070442813659,-37.12998269971,-61.));
#3151 = CARTESIAN_POINT('',(-6.080310087566,-37.05656802792,-61.));
#3152 = CARTESIAN_POINT('',(-7.088676038464,-36.96475941505,-61.));
#3153 = CARTESIAN_POINT('',(-9.095425260258,-36.74478695725,-61.));
#3154 = CARTESIAN_POINT('',(-10.0938314566,-36.61684044304,-61.));
#3155 = CARTESIAN_POINT('',(-11.08971579711,-36.47050218251,-61.));
#3156 = CARTESIAN_POINT('',(-13.06661041212,-36.14216901105,-61.));
#3157 = CARTESIAN_POINT('',(-14.04767354615,-35.96049833395,-61.));
#3158 = CARTESIAN_POINT('',(-15.02516473543,-35.76044411486,-61.));
#3159 = CARTESIAN_POINT('',(-16.9605107403,-35.32568824781,-61.));
#3160 = CARTESIAN_POINT('',(-17.91846073575,-35.09141530574,-61.));
#3161 = CARTESIAN_POINT('',(-18.87174726376,-34.83877924826,-61.));
#3162 = CARTESIAN_POINT('',(-20.75409652505,-34.30016650251,-61.));
#3163 = CARTESIAN_POINT('',(-21.68330943823,-34.01471920898,-61.));
#3164 = CARTESIAN_POINT('',(-22.60671413332,-33.7109502648,-61.));
#3165 = CARTESIAN_POINT('',(-24.42493199316,-33.07165880603,-61.));
#3166 = CARTESIAN_POINT('',(-25.31996320224,-32.73676075624,-61.));
#3167 = CARTESIAN_POINT('',(-26.2079767483,-32.38361543295,-61.));
#3168 = CARTESIAN_POINT('',(-27.95328023243,-31.64658365156,-61.));
#3169 = CARTESIAN_POINT('',(-28.81083435598,-31.26332703356,-61.));
#3170 = CARTESIAN_POINT('',(-29.66004624192,-30.8618623199,-61.));
#3171 = CARTESIAN_POINT('',(-30.5,-30.44187974581,-61.));
#3172 = PCURVE('',#929,#3173);
#3173 = DEFINITIONAL_REPRESENTATION('',(#3174),#3225);
#3174 = B_SPLINE_CURVE_WITH_KNOTS('',4,(#3175,#3176,#3177,#3178,#3179,
    #3180,#3181,#3182,#3183,#3184,#3185,#3186,#3187,#3188,#3189,#3190,
    #3191,#3192,#3193,#3194,#3195,#3196,#3197,#3198,#3199,#3200,#3201,
    #3202,#3203,#3204,#3205,#3206,#3207,#3208,#3209,#3210,#3211,#3212,
    #3213,#3214,#3215,#3216,#3217,#3218,#3219,#3220,#3221,#3222,#3223,
    #3224),.UNSPECIFIED.,.F.,.F.,(5,3,3,3,3,3,3,3,3,3,3,3,3,3,3,3,5),(0.
    ,5.955896557213E-02,0.120151655599,0.181787028025,0.24431774747,
    0.307581947866,0.371406243144,0.435608670082,0.500001577797,
    0.564394480825,0.628596893772,0.692421165974,0.755685334566,
    0.818216013977,0.879851338779,0.940443974372,1.),.UNSPECIFIED.);
#3175 = CARTESIAN_POINT('',(61.,111.5581202467));
#3176 = CARTESIAN_POINT('',(60.160004779181,111.13811693842));
#3177 = CARTESIAN_POINT('',(59.310750516248,110.73663331941));
#3178 = CARTESIAN_POINT('',(58.453153236788,110.35335957887));
#3179 = CARTESIAN_POINT('',(56.707803995179,109.61631478193));
#3180 = CARTESIAN_POINT('',(55.819788583527,109.26317182875));
#3181 = CARTESIAN_POINT('',(54.924755569686,108.92827615418));
#3182 = CARTESIAN_POINT('',(53.106534300683,108.28898953974));
#3183 = CARTESIAN_POINT('',(52.183128004824,107.9852230602));
#3184 = CARTESIAN_POINT('',(51.25391354839,107.69977823427));
#3185 = CARTESIAN_POINT('',(49.371561414124,107.16117050459));
#3186 = CARTESIAN_POINT('',(48.4182735594,106.90853699078));
#3187 = CARTESIAN_POINT('',(47.460322291934,106.67426659383));
#3188 = CARTESIAN_POINT('',(45.524973967615,106.23951588378));
#3189 = CARTESIAN_POINT('',(44.54748173327,106.03946427154));
#3190 = CARTESIAN_POINT('',(43.566417606593,105.85779620178));
#3191 = CARTESIAN_POINT('',(41.589521239646,105.52946829692));
#3192 = CARTESIAN_POINT('',(40.593636141627,105.38313269046));
#3193 = CARTESIAN_POINT('',(39.595229238425,105.25518883032));
#3194 = CARTESIAN_POINT('',(37.588478842783,105.03522171728));
#3195 = CARTESIAN_POINT('',(36.580112426066,104.94341578981));
#3196 = CARTESIAN_POINT('',(35.570244735805,104.87000380328));
#3197 = CARTESIAN_POINT('',(33.54551104511,104.75969599337));
#3198 = CARTESIAN_POINT('',(32.530639949196,104.72290916113));
#3199 = CARTESIAN_POINT('',(31.515270409612,104.70451640743));
#3200 = CARTESIAN_POINT('',(29.48453062919,104.704519111));
#3201 = CARTESIAN_POINT('',(28.469161212497,104.7229145656));
#3202 = CARTESIAN_POINT('',(27.454290288343,104.7597040988));
#3203 = CARTESIAN_POINT('',(25.429557186341,104.87001730029));
#3204 = CARTESIAN_POINT('',(24.419689912434,104.94343197207));
#3205 = CARTESIAN_POINT('',(23.411323961536,105.03524058494));
#3206 = CARTESIAN_POINT('',(21.404574739742,105.25521304274));
#3207 = CARTESIAN_POINT('',(20.406168543397,105.38315955695));
#3208 = CARTESIAN_POINT('',(19.410284202889,105.52949781748));
#3209 = CARTESIAN_POINT('',(17.433389587874,105.85783098895));
#3210 = CARTESIAN_POINT('',(16.45232645385,106.03950166605));
#3211 = CARTESIAN_POINT('',(15.474835264563,106.23955588514));
#3212 = CARTESIAN_POINT('',(13.539489259698,106.67431175219));
#3213 = CARTESIAN_POINT('',(12.581539264246,106.90858469425));
#3214 = CARTESIAN_POINT('',(11.628252736236,107.16122075173));
#3215 = CARTESIAN_POINT('',(9.745903474944,107.69983349748));
#3216 = CARTESIAN_POINT('',(8.816690561765,107.98528079101));
#3217 = CARTESIAN_POINT('',(7.893285866677,108.28904973519));
#3218 = CARTESIAN_POINT('',(6.075068006837,108.92834119396));
#3219 = CARTESIAN_POINT('',(5.180036797753,109.26323924375));
#3220 = CARTESIAN_POINT('',(4.292023251697,109.61638456704));
#3221 = CARTESIAN_POINT('',(2.546719767566,110.35341634843));
#3222 = CARTESIAN_POINT('',(1.689165644011,110.73667296644));
#3223 = CARTESIAN_POINT('',(0.839953758072,111.13813768009));
#3224 = CARTESIAN_POINT('',(0.,111.55812025418));
#3225 = ( GEOMETRIC_REPRESENTATION_CONTEXT(2) 
PARAMETRIC_REPRESENTATION_CONTEXT() REPRESENTATION_CONTEXT('2D SPACE',''
  ) );
#3226 = PCURVE('',#2124,#3227);
#3227 = DEFINITIONAL_REPRESENTATION('',(#3228),#3279);
#3228 = B_SPLINE_CURVE_WITH_KNOTS('',4,(#3229,#3230,#3231,#3232,#3233,
    #3234,#3235,#3236,#3237,#3238,#3239,#3240,#3241,#3242,#3243,#3244,
    #3245,#3246,#3247,#3248,#3249,#3250,#3251,#3252,#3253,#3254,#3255,
    #3256,#3257,#3258,#3259,#3260,#3261,#3262,#3263,#3264,#3265,#3266,
    #3267,#3268,#3269,#3270,#3271,#3272,#3273,#3274,#3275,#3276,#3277,
    #3278),.UNSPECIFIED.,.F.,.F.,(5,3,3,3,3,3,3,3,3,3,3,3,3,3,3,3,5),(0.
    ,5.955896557213E-02,0.120151655599,0.181787028025,0.24431774747,
    0.307581947866,0.371406243144,0.435608670082,0.500001577797,
    0.564394480825,0.628596893772,0.692421165974,0.755685334566,
    0.818216013977,0.879851338779,0.940443974372,1.),.UNSPECIFIED.);
#3229 = CARTESIAN_POINT('',(0.848028710886,0.285385057273));
#3230 = CARTESIAN_POINT('',(0.844926300534,0.285385057273));
#3231 = CARTESIAN_POINT('',(0.841846762923,0.285385057273));
#3232 = CARTESIAN_POINT('',(0.838788454562,0.285385057273));
#3233 = CARTESIAN_POINT('',(0.832658411428,0.285385057273));
#3234 = CARTESIAN_POINT('',(0.82958736707,0.285385057273));
#3235 = CARTESIAN_POINT('',(0.826535015338,0.285385057273));
#3236 = CARTESIAN_POINT('',(0.820412330704,0.285385057273));
#3237 = CARTESIAN_POINT('',(0.817342593695,0.285385057273));
#3238 = CARTESIAN_POINT('',(0.814288927809,0.285385057273));
#3239 = CARTESIAN_POINT('',(0.808166470877,0.285385057273));
#3240 = CARTESIAN_POINT('',(0.805098105453,0.285385057273));
#3241 = CARTESIAN_POINT('',(0.802043049447,0.285385057273));
#3242 = CARTESIAN_POINT('',(0.795920770567,0.285385057273));
#3243 = CARTESIAN_POINT('',(0.79285382592,0.285385057273));
#3244 = CARTESIAN_POINT('',(0.789797326316,0.285385057273));
#3245 = CARTESIAN_POINT('',(0.783675180824,0.285385057273));
#3246 = CARTESIAN_POINT('',(0.780609693883,0.285385057273));
#3247 = CARTESIAN_POINT('',(0.777551715006,0.285385057273));
#3248 = CARTESIAN_POINT('',(0.771429662085,0.285385057273));
#3249 = CARTESIAN_POINT('',(0.768365659463,0.285385057273));
#3250 = CARTESIAN_POINT('',(0.765306179847,0.285385057273));
#3251 = CARTESIAN_POINT('',(0.759184181393,0.285385057273));
#3252 = CARTESIAN_POINT('',(0.756121680582,0.285385057273));
#3253 = CARTESIAN_POINT('',(0.753060690349,0.285385057273));
#3254 = CARTESIAN_POINT('',(0.746938709873,0.285385057273));
#3255 = CARTESIAN_POINT('',(0.743877719715,0.285385057273));
#3256 = CARTESIAN_POINT('',(0.74081521883,0.285385057273));
#3257 = CARTESIAN_POINT('',(0.734693220374,0.285385057273));
#3258 = CARTESIAN_POINT('',(0.731633740832,0.285385057273));
#3259 = CARTESIAN_POINT('',(0.728569738137,0.285385057273));
#3260 = CARTESIAN_POINT('',(0.722447685212,0.285385057273));
#3261 = CARTESIAN_POINT('',(0.719389706408,0.285385057273));
#3262 = CARTESIAN_POINT('',(0.716324219395,0.285385057273));
#3263 = CARTESIAN_POINT('',(0.710202073897,0.285385057273));
#3264 = CARTESIAN_POINT('',(0.707145574365,0.285385057273));
#3265 = CARTESIAN_POINT('',(0.704078629647,0.285385057273));
#3266 = CARTESIAN_POINT('',(0.697956350759,0.285385057273));
#3267 = CARTESIAN_POINT('',(0.694901294824,0.285385057273));
#3268 = CARTESIAN_POINT('',(0.69183292933,0.285385057273));
#3269 = CARTESIAN_POINT('',(0.685710472389,0.285385057273));
#3270 = CARTESIAN_POINT('',(0.68265680657,0.285385057273));
#3271 = CARTESIAN_POINT('',(0.679587069495,0.285385057273));
#3272 = CARTESIAN_POINT('',(0.673464384848,0.285385057273));
#3273 = CARTESIAN_POINT('',(0.670412033178,0.285385057273));
#3274 = CARTESIAN_POINT('',(0.667340988758,0.285385057273));
#3275 = CARTESIAN_POINT('',(0.661211092519,0.285385057273));
#3276 = CARTESIAN_POINT('',(0.658152933024,0.285385057273));
#3277 = CARTESIAN_POINT('',(0.655073546293,0.285385057273));
#3278 = CARTESIAN_POINT('',(0.651971289079,0.285385057273));
#3279 = ( GEOMETRIC_REPRESENTATION_CONTEXT(2) 
PARAMETRIC_REPRESENTATION_CONTEXT() REPRESENTATION_CONTEXT('2D SPACE',''
  ) );
#3280 = ADVANCED_FACE('',(#3281),#842,.T.);
#3281 = FACE_BOUND('',#3282,.T.);
#3282 = EDGE_LOOP('',(#3283,#3284,#3285,#3286));
#3283 = ORIENTED_EDGE('',*,*,#3094,.F.);
#3284 = ORIENTED_EDGE('',*,*,#800,.F.);
#3285 = ORIENTED_EDGE('',*,*,#2761,.T.);
#3286 = ORIENTED_EDGE('',*,*,#3287,.T.);
#3287 = EDGE_CURVE('',#2762,#3095,#3288,.T.);
#3288 = SURFACE_CURVE('',#3289,(#3317,#3348),.PCURVE_S1.);
#3289 = B_SPLINE_CURVE_WITH_KNOTS('',6,(#3290,#3291,#3292,#3293,#3294,
    #3295,#3296,#3297,#3298,#3299,#3300,#3301,#3302,#3303,#3304,#3305,
    #3306,#3307,#3308,#3309,#3310,#3311,#3312,#3313,#3314,#3315,#3316),
  .UNSPECIFIED.,.F.,.F.,(7,5,5,5,5,7),(0.,0.189460882835,0.379691482944,
    0.572257110417,0.767407100251,1.),.UNSPECIFIED.);
#3290 = CARTESIAN_POINT('',(-30.5,-22.89148176162,-113.));
#3291 = CARTESIAN_POINT('',(-30.5,-23.50465066391,-111.4480123265));
#3292 = CARTESIAN_POINT('',(-30.5,-24.07513922544,-109.879210371));
#3293 = CARTESIAN_POINT('',(-30.5,-24.60585575421,-108.2963234561));
#3294 = CARTESIAN_POINT('',(-30.5,-25.09932083968,-106.7015808772));
#3295 = CARTESIAN_POINT('',(-30.5,-25.55786293149,-105.0967785208));
#3296 = CARTESIAN_POINT('',(-30.5,-26.41110782024,-101.8632240514));
#3297 = CARTESIAN_POINT('',(-30.5,-26.80552743324,-100.234464322));
#3298 = CARTESIAN_POINT('',(-30.5,-27.16903889273,-98.59842346932));
#3299 = CARTESIAN_POINT('',(-30.5,-27.50357282964,-96.95628800947));
#3300 = CARTESIAN_POINT('',(-30.5,-27.81090211221,-95.30902300955));
#3301 = CARTESIAN_POINT('',(-30.5,-28.37786563176,-91.98545293096));
#3302 = CARTESIAN_POINT('',(-30.5,-28.63686338838,-90.30907017499));
#3303 = CARTESIAN_POINT('',(-30.5,-28.87133394549,-88.62901791266));
#3304 = CARTESIAN_POINT('',(-30.5,-29.08280412984,-86.94595900091));
#3305 = CARTESIAN_POINT('',(-30.5,-29.27266697538,-85.26043130809));
#3306 = CARTESIAN_POINT('',(-30.5,-29.61402261756,-81.86262285198));
#3307 = CARTESIAN_POINT('',(-30.5,-29.76496443127,-80.15030338616));
#3308 = CARTESIAN_POINT('',(-30.5,-29.89636689436,-78.43633466553));
#3309 = CARTESIAN_POINT('',(-30.5,-30.00944343944,-76.72108531042));
#3310 = CARTESIAN_POINT('',(-30.5,-30.10530428872,-75.00485217271));
#3311 = CARTESIAN_POINT('',(-30.5,-30.27993003435,-71.24143680944));
#3312 = CARTESIAN_POINT('',(-30.5,-30.35188513505,-69.19395237032));
#3313 = CARTESIAN_POINT('',(-30.5,-30.40257198712,-67.14579475897));
#3314 = CARTESIAN_POINT('',(-30.5,-30.43354743918,-65.09727363975));
#3315 = CARTESIAN_POINT('',(-30.5,-30.44622042517,-63.04862263439));
#3316 = CARTESIAN_POINT('',(-30.5,-30.44187974581,-61.));
#3317 = PCURVE('',#842,#3318);
#3318 = DEFINITIONAL_REPRESENTATION('',(#3319),#3347);
#3319 = B_SPLINE_CURVE_WITH_KNOTS('',6,(#3320,#3321,#3322,#3323,#3324,
    #3325,#3326,#3327,#3328,#3329,#3330,#3331,#3332,#3333,#3334,#3335,
    #3336,#3337,#3338,#3339,#3340,#3341,#3342,#3343,#3344,#3345,#3346),
  .UNSPECIFIED.,.F.,.F.,(7,5,5,5,5,7),(0.,0.189460882835,0.379691482944,
    0.572257110417,0.767407100251,1.),.UNSPECIFIED.);
#3320 = CARTESIAN_POINT('',(0.,-119.1085182383));
#3321 = CARTESIAN_POINT('',(1.551987673489,-118.495349336));
#3322 = CARTESIAN_POINT('',(3.120789628995,-117.9248607745));
#3323 = CARTESIAN_POINT('',(4.703676543897,-117.3941442457));
#3324 = CARTESIAN_POINT('',(6.298419122706,-116.9006791603));
#3325 = CARTESIAN_POINT('',(7.903221479132,-116.4421370685));
#3326 = CARTESIAN_POINT('',(11.136775948518,-115.5888921797));
#3327 = CARTESIAN_POINT('',(12.765535677976,-115.1944725667));
#3328 = CARTESIAN_POINT('',(14.401576530679,-114.8309611072));
#3329 = CARTESIAN_POINT('',(16.04371199053,-114.4964271703));
#3330 = CARTESIAN_POINT('',(17.690976990448,-114.1890978877));
#3331 = CARTESIAN_POINT('',(21.014547069033,-113.6221343682));
#3332 = CARTESIAN_POINT('',(22.690929825006,-113.3631366116));
#3333 = CARTESIAN_POINT('',(24.37098208734,-113.1286660545));
#3334 = CARTESIAN_POINT('',(26.05404099909,-112.9171958701));
#3335 = CARTESIAN_POINT('',(27.73956869191,-112.7273330246));
#3336 = CARTESIAN_POINT('',(31.137377148017,-112.3859773824));
#3337 = CARTESIAN_POINT('',(32.849696613832,-112.2350355687));
#3338 = CARTESIAN_POINT('',(34.56366533447,-112.1036331056));
#3339 = CARTESIAN_POINT('',(36.278914689578,-111.9905565605));
#3340 = CARTESIAN_POINT('',(37.995147827282,-111.8946957112));
#3341 = CARTESIAN_POINT('',(41.758563190557,-111.7200699656));
#3342 = CARTESIAN_POINT('',(43.806047629678,-111.6481148649));
#3343 = CARTESIAN_POINT('',(45.854205241027,-111.5974280128));
#3344 = CARTESIAN_POINT('',(47.902726360246,-111.5664525608));
#3345 = CARTESIAN_POINT('',(49.951377365605,-111.5537795748));
#3346 = CARTESIAN_POINT('',(52.,-111.5581202541));
#3347 = ( GEOMETRIC_REPRESENTATION_CONTEXT(2) 
PARAMETRIC_REPRESENTATION_CONTEXT() REPRESENTATION_CONTEXT('2D SPACE',''
  ) );
#3348 = PCURVE('',#2124,#3349);
#3349 = DEFINITIONAL_REPRESENTATION('',(#3350),#3378);
#3350 = B_SPLINE_CURVE_WITH_KNOTS('',6,(#3351,#3352,#3353,#3354,#3355,
    #3356,#3357,#3358,#3359,#3360,#3361,#3362,#3363,#3364,#3365,#3366,
    #3367,#3368,#3369,#3370,#3371,#3372,#3373,#3374,#3375,#3376,#3377),
  .UNSPECIFIED.,.F.,.F.,(7,5,5,5,5,7),(0.,0.189460882835,0.379691482944,
    0.572257110417,0.767407100251,1.),.UNSPECIFIED.);
#3351 = CARTESIAN_POINT('',(0.63014296886,9.016851433006E-02));
#3352 = CARTESIAN_POINT('',(0.632240420381,9.644696180199E-02));
#3353 = CARTESIAN_POINT('',(0.634119806147,0.10274079351));
#3354 = CARTESIAN_POINT('',(0.635813290321,0.109040896772));
#3355 = CARTESIAN_POINT('',(0.637344836286,0.115340682885));
#3356 = CARTESIAN_POINT('',(0.638733839265,0.121635460737));
#3357 = CARTESIAN_POINT('',(0.641263613702,0.13423463552));
#3358 = CARTESIAN_POINT('',(0.642403308463,0.140538721199));
#3359 = CARTESIAN_POINT('',(0.64343130144,0.14683137691));
#3360 = CARTESIAN_POINT('',(0.644360041257,0.153110420401));
#3361 = CARTESIAN_POINT('',(0.645199790998,0.159374471963));
#3362 = CARTESIAN_POINT('',(0.646727759587,0.171948023414));
#3363 = CARTESIAN_POINT('',(0.647413985057,0.178257021269));
#3364 = CARTESIAN_POINT('',(0.648026648607,0.184549173923));
#3365 = CARTESIAN_POINT('',(0.648572906221,0.190824160083));
#3366 = CARTESIAN_POINT('',(0.649058652482,0.19708202447));
#3367 = CARTESIAN_POINT('',(0.649925043213,0.209648028923));
#3368 = CARTESIAN_POINT('',(0.65030418251,0.215955654875));
#3369 = CARTESIAN_POINT('',(0.650631617592,0.222246391746));
#3370 = CARTESIAN_POINT('',(0.650911674092,0.228520760869));
#3371 = CARTESIAN_POINT('',(0.651147983212,0.234779435815));
#3372 = CARTESIAN_POINT('',(0.65157697067,0.248465027531));
#3373 = CARTESIAN_POINT('',(0.65175257633,0.25588563158));
#3374 = CARTESIAN_POINT('',(0.651875826682,0.263286437979));
#3375 = CARTESIAN_POINT('',(0.651951048214,0.270668900319));
#3376 = CARTESIAN_POINT('',(0.651981833424,0.278034558589));
#3377 = CARTESIAN_POINT('',(0.651971289033,0.285385057257));
#3378 = ( GEOMETRIC_REPRESENTATION_CONTEXT(2) 
PARAMETRIC_REPRESENTATION_CONTEXT() REPRESENTATION_CONTEXT('2D SPACE',''
  ) );
#3379 = ADVANCED_FACE('',(#3380),#1089,.T.);
#3380 = FACE_BOUND('',#3381,.T.);
#3381 = EDGE_LOOP('',(#3382,#3405,#3406,#3429));
#3382 = ORIENTED_EDGE('',*,*,#3383,.F.);
#3383 = EDGE_CURVE('',#1034,#3384,#3386,.T.);
#3384 = VERTEX_POINT('',#3385);
#3385 = CARTESIAN_POINT('',(-24.,-32.74842410357,-43.));
#3386 = SURFACE_CURVE('',#3387,(#3391,#3398),.PCURVE_S1.);
#3387 = LINE('',#3388,#3389);
#3388 = CARTESIAN_POINT('',(-24.,-60.,-43.));
#3389 = VECTOR('',#3390,1.);
#3390 = DIRECTION('',(0.,1.,0.));
#3391 = PCURVE('',#1089,#3392);
#3392 = DEFINITIONAL_REPRESENTATION('',(#3393),#3397);
#3393 = LINE('',#3394,#3395);
#3394 = CARTESIAN_POINT('',(0.,0.));
#3395 = VECTOR('',#3396,1.);
#3396 = DIRECTION('',(0.,1.));
#3397 = ( GEOMETRIC_REPRESENTATION_CONTEXT(2) 
PARAMETRIC_REPRESENTATION_CONTEXT() REPRESENTATION_CONTEXT('2D SPACE',''
  ) );
#3398 = PCURVE('',#1141,#3399);
#3399 = DEFINITIONAL_REPRESENTATION('',(#3400),#3404);
#3400 = LINE('',#3401,#3402);
#3401 = CARTESIAN_POINT('',(0.,0.));
#3402 = VECTOR('',#3403,1.);
#3403 = DIRECTION('',(0.,-1.));
#3404 = ( GEOMETRIC_REPRESENTATION_CONTEXT(2) 
PARAMETRIC_REPRESENTATION_CONTEXT() REPRESENTATION_CONTEXT('2D SPACE',''
  ) );
#3405 = ORIENTED_EDGE('',*,*,#1031,.F.);
#3406 = ORIENTED_EDGE('',*,*,#3407,.T.);
#3407 = EDGE_CURVE('',#1032,#3408,#3410,.T.);
#3408 = VERTEX_POINT('',#3409);
#3409 = CARTESIAN_POINT('',(24.,-32.74842411719,-43.));
#3410 = SURFACE_CURVE('',#3411,(#3415,#3422),.PCURVE_S1.);
#3411 = LINE('',#3412,#3413);
#3412 = CARTESIAN_POINT('',(24.,-60.,-43.));
#3413 = VECTOR('',#3414,1.);
#3414 = DIRECTION('',(0.,1.,0.));
#3415 = PCURVE('',#1089,#3416);
#3416 = DEFINITIONAL_REPRESENTATION('',(#3417),#3421);
#3417 = LINE('',#3418,#3419);
#3418 = CARTESIAN_POINT('',(48.,0.));
#3419 = VECTOR('',#3420,1.);
#3420 = DIRECTION('',(0.,1.));
#3421 = ( GEOMETRIC_REPRESENTATION_CONTEXT(2) 
PARAMETRIC_REPRESENTATION_CONTEXT() REPRESENTATION_CONTEXT('2D SPACE',''
  ) );
#3422 = PCURVE('',#1261,#3423);
#3423 = DEFINITIONAL_REPRESENTATION('',(#3424),#3428);
#3424 = LINE('',#3425,#3426);
#3425 = CARTESIAN_POINT('',(0.,0.));
#3426 = VECTOR('',#3427,1.);
#3427 = DIRECTION('',(0.,-1.));
#3428 = ( GEOMETRIC_REPRESENTATION_CONTEXT(2) 
PARAMETRIC_REPRESENTATION_CONTEXT() REPRESENTATION_CONTEXT('2D SPACE',''
  ) );
#3429 = ORIENTED_EDGE('',*,*,#3430,.T.);
#3430 = EDGE_CURVE('',#3408,#3384,#3431,.T.);
#3431 = SURFACE_CURVE('',#3432,(#3471,#3513),.PCURVE_S1.);
#3432 = B_SPLINE_CURVE_WITH_KNOTS('',5,(#3433,#3434,#3435,#3436,#3437,
    #3438,#3439,#3440,#3441,#3442,#3443,#3444,#3445,#3446,#3447,#3448,
    #3449,#3450,#3451,#3452,#3453,#3454,#3455,#3456,#3457,#3458,#3459,
    #3460,#3461,#3462,#3463,#3464,#3465,#3466,#3467,#3468,#3469,#3470),
  .UNSPECIFIED.,.F.,.F.,(6,4,4,4,4,4,4,4,4,6),(0.,0.137962245504,
    0.227404555306,0.317827915206,0.408915254422,0.500001974228,
    0.627181784805,0.753460186972,0.877968312478,1.),.UNSPECIFIED.);
#3433 = CARTESIAN_POINT('',(24.,-32.74842411719,-43.));
#3434 = CARTESIAN_POINT('',(22.731410091587,-33.21216267424,-43.));
#3435 = CARTESIAN_POINT('',(21.450298861486,-33.64162975775,-43.));
#3436 = CARTESIAN_POINT('',(20.158274642731,-34.0374531139,-43.));
#3437 = CARTESIAN_POINT('',(18.856765242187,-34.40017109579,-43.));
#3438 = CARTESIAN_POINT('',(16.697903552801,-34.94423699198,-43.));
#3439 = CARTESIAN_POINT('',(15.845327017899,-35.14450709561,-43.));
#3440 = CARTESIAN_POINT('',(14.989637348966,-35.3311811809,-43.));
#3441 = CARTESIAN_POINT('',(14.131158224705,-35.50436857684,-43.));
#3442 = CARTESIAN_POINT('',(12.399783876286,-35.82571041651,-43.));
#3443 = CARTESIAN_POINT('',(11.526834864351,-35.97356937915,-43.));
#3444 = CARTESIAN_POINT('',(10.651659248714,-36.10783697881,-43.));
#3445 = CARTESIAN_POINT('',(9.774556214373,-36.22859395668,-43.));
#3446 = CARTESIAN_POINT('',(8.010612465506,-36.44400371926,-43.));
#3447 = CARTESIAN_POINT('',(7.123748479191,-36.53845828315,-43.));
#3448 = CARTESIAN_POINT('',(6.235510067294,-36.61933451211,-43.));
#3449 = CARTESIAN_POINT('',(5.346180186192,-36.68668182043,-43.));
#3450 = CARTESIAN_POINT('',(3.565892625927,-36.79438393722,-43.));
#3451 = CARTESIAN_POINT('',(2.674935814665,-36.83473892212,-43.));
#3452 = CARTESIAN_POINT('',(1.783437567259,-36.86163090134,-43.));
#3453 = CARTESIAN_POINT('',(0.89166977116,-36.87507630735,-43.));
#3454 = CARTESIAN_POINT('',(-1.245229542651,-36.87507346315,-43.));
#3455 = CARTESIAN_POINT('',(-2.490358409749,-36.84885747564,-43.));
#3456 = CARTESIAN_POINT('',(-3.734755517281,-36.79642729514,-43.));
#3457 = CARTESIAN_POINT('',(-4.977676772246,-36.71772042486,-43.));
#3458 = CARTESIAN_POINT('',(-7.450256636734,-36.50824801866,-43.));
#3459 = CARTESIAN_POINT('',(-8.679942172183,-36.37785548617,-43.));
#3460 = CARTESIAN_POINT('',(-9.906678188248,-36.22131182306,-43.));
#3461 = CARTESIAN_POINT('',(-11.12967822034,-36.03843319414,-43.));
#3462 = CARTESIAN_POINT('',(-13.54946326314,-35.62245166219,-43.));
#3463 = CARTESIAN_POINT('',(-14.74637030801,-35.3900894372,-43.));
#3464 = CARTESIAN_POINT('',(-15.93803684188,-35.13165087087,-43.));
#3465 = CARTESIAN_POINT('',(-17.12359159082,-34.84684458042,-43.));
#3466 = CARTESIAN_POINT('',(-19.45714004537,-34.22998677471,-43.));
#3467 = CARTESIAN_POINT('',(-20.60540579116,-33.89898923354,-43.));
#3468 = CARTESIAN_POINT('',(-21.74599144945,-33.54199174415,-43.));
#3469 = CARTESIAN_POINT('',(-22.87789472375,-33.1586145669,-43.));
#3470 = CARTESIAN_POINT('',(-24.,-32.74842410357,-43.));
#3471 = PCURVE('',#1089,#3472);
#3472 = DEFINITIONAL_REPRESENTATION('',(#3473),#3512);
#3473 = B_SPLINE_CURVE_WITH_KNOTS('',5,(#3474,#3475,#3476,#3477,#3478,
    #3479,#3480,#3481,#3482,#3483,#3484,#3485,#3486,#3487,#3488,#3489,
    #3490,#3491,#3492,#3493,#3494,#3495,#3496,#3497,#3498,#3499,#3500,
    #3501,#3502,#3503,#3504,#3505,#3506,#3507,#3508,#3509,#3510,#3511),
  .UNSPECIFIED.,.F.,.F.,(6,4,4,4,4,4,4,4,4,6),(0.,0.137962245504,
    0.227404555306,0.317827915206,0.408915254422,0.500001974228,
    0.627181784805,0.753460186972,0.877968312478,1.),.UNSPECIFIED.);
#3474 = CARTESIAN_POINT('',(48.,27.251575882807));
#3475 = CARTESIAN_POINT('',(46.731410091587,26.787837325758));
#3476 = CARTESIAN_POINT('',(45.450298861486,26.358370242245));
#3477 = CARTESIAN_POINT('',(44.158274642731,25.962546886093));
#3478 = CARTESIAN_POINT('',(42.856765242187,25.599828904202));
#3479 = CARTESIAN_POINT('',(40.697903552801,25.055763008016));
#3480 = CARTESIAN_POINT('',(39.845327017899,24.855492904386));
#3481 = CARTESIAN_POINT('',(38.989637348966,24.668818819092));
#3482 = CARTESIAN_POINT('',(38.131158224705,24.495631423151));
#3483 = CARTESIAN_POINT('',(36.399783876286,24.174289583489));
#3484 = CARTESIAN_POINT('',(35.526834864351,24.026430620842));
#3485 = CARTESIAN_POINT('',(34.651659248714,23.892163021182));
#3486 = CARTESIAN_POINT('',(33.774556214373,23.771406043318));
#3487 = CARTESIAN_POINT('',(32.010612465506,23.555996280733));
#3488 = CARTESIAN_POINT('',(31.123748479191,23.461541716846));
#3489 = CARTESIAN_POINT('',(30.235510067294,23.380665487883));
#3490 = CARTESIAN_POINT('',(29.346180186192,23.313318179562));
#3491 = CARTESIAN_POINT('',(27.565892625927,23.205616062778));
#3492 = CARTESIAN_POINT('',(26.674935814665,23.165261077872));
#3493 = CARTESIAN_POINT('',(25.783437567259,23.138369098655));
#3494 = CARTESIAN_POINT('',(24.89166977116,23.124923692646));
#3495 = CARTESIAN_POINT('',(22.754770457349,23.124926536843));
#3496 = CARTESIAN_POINT('',(21.509641590251,23.151142524356));
#3497 = CARTESIAN_POINT('',(20.265244482719,23.203572704854));
#3498 = CARTESIAN_POINT('',(19.022323227754,23.282279575131));
#3499 = CARTESIAN_POINT('',(16.549743363266,23.491751981334));
#3500 = CARTESIAN_POINT('',(15.320057827817,23.622144513826));
#3501 = CARTESIAN_POINT('',(14.093321811752,23.778688176938));
#3502 = CARTESIAN_POINT('',(12.870321779658,23.96156680586));
#3503 = CARTESIAN_POINT('',(10.450536736857,24.377548337808));
#3504 = CARTESIAN_POINT('',(9.253629691989,24.609910562792));
#3505 = CARTESIAN_POINT('',(8.061963158118,24.868349129124));
#3506 = CARTESIAN_POINT('',(6.87640840918,25.153155419577));
#3507 = CARTESIAN_POINT('',(4.542859954621,25.770013225289));
#3508 = CARTESIAN_POINT('',(3.394594208836,26.101010766459));
#3509 = CARTESIAN_POINT('',(2.254008550541,26.458008255841));
#3510 = CARTESIAN_POINT('',(1.122105276247,26.841385433093));
#3511 = CARTESIAN_POINT('',(0.,27.251575896429));
#3512 = ( GEOMETRIC_REPRESENTATION_CONTEXT(2) 
PARAMETRIC_REPRESENTATION_CONTEXT() REPRESENTATION_CONTEXT('2D SPACE',''
  ) );
#3513 = PCURVE('',#2124,#3514);
#3514 = DEFINITIONAL_REPRESENTATION('',(#3515),#3554);
#3515 = B_SPLINE_CURVE_WITH_KNOTS('',5,(#3516,#3517,#3518,#3519,#3520,
    #3521,#3522,#3523,#3524,#3525,#3526,#3527,#3528,#3529,#3530,#3531,
    #3532,#3533,#3534,#3535,#3536,#3537,#3538,#3539,#3540,#3541,#3542,
    #3543,#3544,#3545,#3546,#3547,#3548,#3549,#3550,#3551,#3552,#3553),
  .UNSPECIFIED.,.F.,.F.,(6,4,4,4,4,4,4,4,4,6),(0.,0.137962245504,
    0.227404555306,0.317827915206,0.408915254422,0.500001974228,
    0.627181784805,0.753460186972,0.877968312478,1.),.UNSPECIFIED.);
#3516 = CARTESIAN_POINT('',(0.826015722808,0.349613036645));
#3517 = CARTESIAN_POINT('',(0.821661440956,0.349613036645));
#3518 = CARTESIAN_POINT('',(0.817341251713,0.349613036645));
#3519 = CARTESIAN_POINT('',(0.813051485237,0.349613036645));
#3520 = CARTESIAN_POINT('',(0.808788768649,0.349613036645));
#3521 = CARTESIAN_POINT('',(0.801801577106,0.349613036645));
#3522 = CARTESIAN_POINT('',(0.799063363799,0.349613036645));
#3523 = CARTESIAN_POINT('',(0.796334231202,0.349613036645));
#3524 = CARTESIAN_POINT('',(0.793613308636,0.349613036645));
#3525 = CARTESIAN_POINT('',(0.788156425782,0.349613036645));
#3526 = CARTESIAN_POINT('',(0.785420628341,0.349613036645));
#3527 = CARTESIAN_POINT('',(0.782691481845,0.349613036645));
#3528 = CARTESIAN_POINT('',(0.779968129513,0.349613036645));
#3529 = CARTESIAN_POINT('',(0.774511374682,0.349613036645));
#3530 = CARTESIAN_POINT('',(0.771778045463,0.349613036645));
#3531 = CARTESIAN_POINT('',(0.76904888795,0.349613036645));
#3532 = CARTESIAN_POINT('',(0.76632305638,0.349613036645));
#3533 = CARTESIAN_POINT('',(0.760876394779,0.349613036645));
#3534 = CARTESIAN_POINT('',(0.758155564836,0.349613036645));
#3535 = CARTESIAN_POINT('',(0.755436392138,0.349613036645));
#3536 = CARTESIAN_POINT('',(0.752718046118,0.349613036645));
#3537 = CARTESIAN_POINT('',(0.746204209887,0.349613036645));
#3538 = CARTESIAN_POINT('',(0.74240871995,0.349613036645));
#3539 = CARTESIAN_POINT('',(0.738610982816,0.349613036645));
#3540 = CARTESIAN_POINT('',(0.73480873106,0.349613036645));
#3541 = CARTESIAN_POINT('',(0.727217620654,0.349613036645));
#3542 = CARTESIAN_POINT('',(0.723428858999,0.349613036645));
#3543 = CARTESIAN_POINT('',(0.71963115229,0.349613036645));
#3544 = CARTESIAN_POINT('',(0.715822202674,0.349613036645));
#3545 = CARTESIAN_POINT('',(0.708230693817,0.349613036645));
#3546 = CARTESIAN_POINT('',(0.70444852253,0.349613036645));
#3547 = CARTESIAN_POINT('',(0.700650851111,0.349613036645));
#3548 = CARTESIAN_POINT('',(0.696835376284,0.349613036645));
#3549 = CARTESIAN_POINT('',(0.689240178996,0.349613036645));
#3550 = CARTESIAN_POINT('',(0.685461273284,0.349613036645));
#3551 = CARTESIAN_POINT('',(0.681660590691,0.349613036645));
#3552 = CARTESIAN_POINT('',(0.677835768204,0.349613036645));
#3553 = CARTESIAN_POINT('',(0.673984277181,0.349613036645));
#3554 = ( GEOMETRIC_REPRESENTATION_CONTEXT(2) 
PARAMETRIC_REPRESENTATION_CONTEXT() REPRESENTATION_CONTEXT('2D SPACE',''
  ) );
#3555 = ADVANCED_FACE('',(#3556),#1261,.F.);
#3556 = FACE_BOUND('',#3557,.F.);
#3557 = EDGE_LOOP('',(#3558,#3581,#3582,#3583));
#3558 = ORIENTED_EDGE('',*,*,#3559,.F.);
#3559 = EDGE_CURVE('',#1156,#3560,#3562,.T.);
#3560 = VERTEX_POINT('',#3561);
#3561 = CARTESIAN_POINT('',(24.,-32.43333023419,-37.));
#3562 = SURFACE_CURVE('',#3563,(#3567,#3574),.PCURVE_S1.);
#3563 = LINE('',#3564,#3565);
#3564 = CARTESIAN_POINT('',(24.,-60.,-37.));
#3565 = VECTOR('',#3566,1.);
#3566 = DIRECTION('',(0.,1.,0.));
#3567 = PCURVE('',#1261,#3568);
#3568 = DEFINITIONAL_REPRESENTATION('',(#3569),#3573);
#3569 = LINE('',#3570,#3571);
#3570 = CARTESIAN_POINT('',(6.,0.));
#3571 = VECTOR('',#3572,1.);
#3572 = DIRECTION('',(0.,-1.));
#3573 = ( GEOMETRIC_REPRESENTATION_CONTEXT(2) 
PARAMETRIC_REPRESENTATION_CONTEXT() REPRESENTATION_CONTEXT('2D SPACE',''
  ) );
#3574 = PCURVE('',#1211,#3575);
#3575 = DEFINITIONAL_REPRESENTATION('',(#3576),#3580);
#3576 = LINE('',#3577,#3578);
#3577 = CARTESIAN_POINT('',(48.,0.));
#3578 = VECTOR('',#3579,1.);
#3579 = DIRECTION('',(0.,1.));
#3580 = ( GEOMETRIC_REPRESENTATION_CONTEXT(2) 
PARAMETRIC_REPRESENTATION_CONTEXT() REPRESENTATION_CONTEXT('2D SPACE',''
  ) );
#3581 = ORIENTED_EDGE('',*,*,#1243,.F.);
#3582 = ORIENTED_EDGE('',*,*,#3407,.T.);
#3583 = ORIENTED_EDGE('',*,*,#3584,.T.);
#3584 = EDGE_CURVE('',#3408,#3560,#3585,.T.);
#3585 = SURFACE_CURVE('',#3586,(#3592,#3601),.PCURVE_S1.);
#3586 = B_SPLINE_CURVE_WITH_KNOTS('',4,(#3587,#3588,#3589,#3590,#3591),
  .UNSPECIFIED.,.F.,.F.,(5,5),(0.,1.),.PIECEWISE_BEZIER_KNOTS.);
#3587 = CARTESIAN_POINT('',(24.,-32.74842411719,-43.));
#3588 = CARTESIAN_POINT('',(24.,-32.67801613827,-41.49957667928));
#3589 = CARTESIAN_POINT('',(24.,-32.60172284122,-39.99942963465));
#3590 = CARTESIAN_POINT('',(24.,-32.52002009291,-38.49957072765));
#3591 = CARTESIAN_POINT('',(24.,-32.43333023419,-37.));
#3592 = PCURVE('',#1261,#3593);
#3593 = DEFINITIONAL_REPRESENTATION('',(#3594),#3600);
#3594 = B_SPLINE_CURVE_WITH_KNOTS('',4,(#3595,#3596,#3597,#3598,#3599),
  .UNSPECIFIED.,.F.,.F.,(5,5),(0.,1.),.PIECEWISE_BEZIER_KNOTS.);
#3595 = CARTESIAN_POINT('',(0.,-27.2515758828));
#3596 = CARTESIAN_POINT('',(1.50042332072,-27.32198386172));
#3597 = CARTESIAN_POINT('',(3.000570365348,-27.39827715877));
#3598 = CARTESIAN_POINT('',(4.500429272347,-27.47997990708));
#3599 = CARTESIAN_POINT('',(6.,-27.5666697658));
#3600 = ( GEOMETRIC_REPRESENTATION_CONTEXT(2) 
PARAMETRIC_REPRESENTATION_CONTEXT() REPRESENTATION_CONTEXT('2D SPACE',''
  ) );
#3601 = PCURVE('',#2124,#3602);
#3602 = DEFINITIONAL_REPRESENTATION('',(#3603),#3609);
#3603 = B_SPLINE_CURVE_WITH_KNOTS('',4,(#3604,#3605,#3606,#3607,#3608),
  .UNSPECIFIED.,.F.,.F.,(5,5),(0.,1.),.PIECEWISE_BEZIER_KNOTS.);
#3604 = CARTESIAN_POINT('',(0.826015722305,0.34961303657));
#3605 = CARTESIAN_POINT('',(0.826152962198,0.354947015201));
#3606 = CARTESIAN_POINT('',(0.82630228638,0.360277617071));
#3607 = CARTESIAN_POINT('',(0.826463008966,0.3656057341));
#3608 = CARTESIAN_POINT('',(0.826634549612,0.370932209125));
#3609 = ( GEOMETRIC_REPRESENTATION_CONTEXT(2) 
PARAMETRIC_REPRESENTATION_CONTEXT() REPRESENTATION_CONTEXT('2D SPACE',''
  ) );
#3610 = ADVANCED_FACE('',(#3611),#1141,.T.);
#3611 = FACE_BOUND('',#3612,.T.);
#3612 = EDGE_LOOP('',(#3613,#3636,#3637,#3638));
#3613 = ORIENTED_EDGE('',*,*,#3614,.F.);
#3614 = EDGE_CURVE('',#1122,#3615,#3617,.T.);
#3615 = VERTEX_POINT('',#3616);
#3616 = CARTESIAN_POINT('',(-24.,-32.43333022058,-37.));
#3617 = SURFACE_CURVE('',#3618,(#3622,#3629),.PCURVE_S1.);
#3618 = LINE('',#3619,#3620);
#3619 = CARTESIAN_POINT('',(-24.,-60.,-37.));
#3620 = VECTOR('',#3621,1.);
#3621 = DIRECTION('',(0.,1.,0.));
#3622 = PCURVE('',#1141,#3623);
#3623 = DEFINITIONAL_REPRESENTATION('',(#3624),#3628);
#3624 = LINE('',#3625,#3626);
#3625 = CARTESIAN_POINT('',(6.,0.));
#3626 = VECTOR('',#3627,1.);
#3627 = DIRECTION('',(0.,-1.));
#3628 = ( GEOMETRIC_REPRESENTATION_CONTEXT(2) 
PARAMETRIC_REPRESENTATION_CONTEXT() REPRESENTATION_CONTEXT('2D SPACE',''
  ) );
#3629 = PCURVE('',#1211,#3630);
#3630 = DEFINITIONAL_REPRESENTATION('',(#3631),#3635);
#3631 = LINE('',#3632,#3633);
#3632 = CARTESIAN_POINT('',(0.,0.));
#3633 = VECTOR('',#3634,1.);
#3634 = DIRECTION('',(0.,1.));
#3635 = ( GEOMETRIC_REPRESENTATION_CONTEXT(2) 
PARAMETRIC_REPRESENTATION_CONTEXT() REPRESENTATION_CONTEXT('2D SPACE',''
  ) );
#3636 = ORIENTED_EDGE('',*,*,#1121,.F.);
#3637 = ORIENTED_EDGE('',*,*,#3383,.T.);
#3638 = ORIENTED_EDGE('',*,*,#3639,.T.);
#3639 = EDGE_CURVE('',#3384,#3615,#3640,.T.);
#3640 = SURFACE_CURVE('',#3641,(#3647,#3656),.PCURVE_S1.);
#3641 = B_SPLINE_CURVE_WITH_KNOTS('',4,(#3642,#3643,#3644,#3645,#3646),
  .UNSPECIFIED.,.F.,.F.,(5,5),(0.,1.),.PIECEWISE_BEZIER_KNOTS.);
#3642 = CARTESIAN_POINT('',(-24.,-32.74842410357,-43.));
#3643 = CARTESIAN_POINT('',(-24.,-32.67801612465,-41.49957667928));
#3644 = CARTESIAN_POINT('',(-24.,-32.6017228276,-39.99942963465));
#3645 = CARTESIAN_POINT('',(-24.,-32.5200200793,-38.49957072765));
#3646 = CARTESIAN_POINT('',(-24.,-32.43333022058,-37.));
#3647 = PCURVE('',#1141,#3648);
#3648 = DEFINITIONAL_REPRESENTATION('',(#3649),#3655);
#3649 = B_SPLINE_CURVE_WITH_KNOTS('',4,(#3650,#3651,#3652,#3653,#3654),
  .UNSPECIFIED.,.F.,.F.,(5,5),(0.,1.),.PIECEWISE_BEZIER_KNOTS.);
#3650 = CARTESIAN_POINT('',(0.,-27.25157589642));
#3651 = CARTESIAN_POINT('',(1.50042332072,-27.32198387534));
#3652 = CARTESIAN_POINT('',(3.000570365348,-27.39827717239));
#3653 = CARTESIAN_POINT('',(4.500429272346,-27.47997992069));
#3654 = CARTESIAN_POINT('',(6.,-27.56666977941));
#3655 = ( GEOMETRIC_REPRESENTATION_CONTEXT(2) 
PARAMETRIC_REPRESENTATION_CONTEXT() REPRESENTATION_CONTEXT('2D SPACE',''
  ) );
#3656 = PCURVE('',#2124,#3657);
#3657 = DEFINITIONAL_REPRESENTATION('',(#3658),#3664);
#3658 = B_SPLINE_CURVE_WITH_KNOTS('',4,(#3659,#3660,#3661,#3662,#3663),
  .UNSPECIFIED.,.F.,.F.,(5,5),(0.,1.),.PIECEWISE_BEZIER_KNOTS.);
#3659 = CARTESIAN_POINT('',(0.673984277666,0.34961303657));
#3660 = CARTESIAN_POINT('',(0.673847037773,0.354947015201));
#3661 = CARTESIAN_POINT('',(0.673697713591,0.360277617071));
#3662 = CARTESIAN_POINT('',(0.673536991004,0.3656057341));
#3663 = CARTESIAN_POINT('',(0.673365450359,0.370932209125));
#3664 = ( GEOMETRIC_REPRESENTATION_CONTEXT(2) 
PARAMETRIC_REPRESENTATION_CONTEXT() REPRESENTATION_CONTEXT('2D SPACE',''
  ) );
#3665 = ADVANCED_FACE('',(#3666),#1211,.F.);
#3666 = FACE_BOUND('',#3667,.F.);
#3667 = EDGE_LOOP('',(#3668,#3669,#3670,#3671));
#3668 = ORIENTED_EDGE('',*,*,#3614,.F.);
#3669 = ORIENTED_EDGE('',*,*,#1155,.F.);
#3670 = ORIENTED_EDGE('',*,*,#3559,.T.);
#3671 = ORIENTED_EDGE('',*,*,#3672,.T.);
#3672 = EDGE_CURVE('',#3560,#3615,#3673,.T.);
#3673 = SURFACE_CURVE('',#3674,(#3713,#3755),.PCURVE_S1.);
#3674 = B_SPLINE_CURVE_WITH_KNOTS('',5,(#3675,#3676,#3677,#3678,#3679,
    #3680,#3681,#3682,#3683,#3684,#3685,#3686,#3687,#3688,#3689,#3690,
    #3691,#3692,#3693,#3694,#3695,#3696,#3697,#3698,#3699,#3700,#3701,
    #3702,#3703,#3704,#3705,#3706,#3707,#3708,#3709,#3710,#3711,#3712),
  .UNSPECIFIED.,.F.,.F.,(6,4,4,4,4,4,4,4,4,6),(0.,0.12207647902,
    0.246547528167,0.372816827948,0.500002032587,0.591376403484,
    0.682410217622,0.772769317327,0.862132380325,1.),.UNSPECIFIED.);
#3675 = CARTESIAN_POINT('',(24.,-32.43333023419,-37.));
#3676 = CARTESIAN_POINT('',(22.878361573021,-32.84719301928,-37.));
#3677 = CARTESIAN_POINT('',(21.746730767761,-33.23396423179,-37.));
#3678 = CARTESIAN_POINT('',(20.606250992576,-33.59408835593,-37.));
#3679 = CARTESIAN_POINT('',(19.457948014228,-33.92795474243,-37.));
#3680 = CARTESIAN_POINT('',(17.124857448956,-34.54989619772,-37.));
#3681 = CARTESIAN_POINT('',(15.939802552122,-34.83694284227,-37.));
#3682 = CARTESIAN_POINT('',(14.748535397939,-35.09740647112,-37.));
#3683 = CARTESIAN_POINT('',(13.551943316238,-35.33158533318,-37.));
#3684 = CARTESIAN_POINT('',(11.132374909036,-35.75086518824,-37.));
#3685 = CARTESIAN_POINT('',(9.909272608141,-35.93520756895,-37.));
#3686 = CARTESIAN_POINT('',(8.682374275126,-36.09300026557,-37.));
#3687 = CARTESIAN_POINT('',(7.452479673924,-36.22443159955,-37.));
#3688 = CARTESIAN_POINT('',(4.979268025389,-36.43558516884,-37.));
#3689 = CARTESIAN_POINT('',(3.735923189478,-36.51492533348,-37.));
#3690 = CARTESIAN_POINT('',(2.491079124812,-36.56777558095,-37.));
#3691 = CARTESIAN_POINT('',(1.245491847791,-36.59419994961,-37.));
#3692 = CARTESIAN_POINT('',(-0.894973474632,-36.59419710115,-37.));
#3693 = CARTESIAN_POINT('',(-1.789848810521,-36.58055613609,-37.));
#3694 = CARTESIAN_POINT('',(-2.684447741822,-36.55327541627,-37.));
#3695 = CARTESIAN_POINT('',(-3.578491448172,-36.51233789057,-37.));
#3696 = CARTESIAN_POINT('',(-5.361576010073,-36.40328458703,-37.));
#3697 = CARTESIAN_POINT('',(-6.250622205068,-36.33527067997,-37.));
#3698 = CARTESIAN_POINT('',(-7.138558355548,-36.25363400735,-37.));
#3699 = CARTESIAN_POINT('',(-8.025097305638,-36.15832393021,-37.));
#3700 = CARTESIAN_POINT('',(-9.788230920364,-35.94103008119,-37.));
#3701 = CARTESIAN_POINT('',(-10.66484963426,-35.81924926935,-37.));
#3702 = CARTESIAN_POINT('',(-11.53951020046,-35.68386437545,-37.));
#3703 = CARTESIAN_POINT('',(-12.41190872218,-35.5347927677,-37.));
#3704 = CARTESIAN_POINT('',(-14.14195631943,-35.21087292762,-37.));
#3705 = CARTESIAN_POINT('',(-14.9996609112,-35.03632701939,-37.));
#3706 = CARTESIAN_POINT('',(-15.85453234746,-34.84820154303,-37.));
#3707 = CARTESIAN_POINT('',(-16.70624147828,-34.64638472236,-37.));
#3708 = CARTESIAN_POINT('',(-18.86301930985,-34.09807031346,-37.));
#3709 = CARTESIAN_POINT('',(-20.16323238062,-33.73250215389,-37.));
#3710 = CARTESIAN_POINT('',(-21.45380231026,-33.33357150581,-37.));
#3711 = CARTESIAN_POINT('',(-22.73327257487,-32.90072802753,-37.));
#3712 = CARTESIAN_POINT('',(-24.,-32.43333022058,-37.));
#3713 = PCURVE('',#1211,#3714);
#3714 = DEFINITIONAL_REPRESENTATION('',(#3715),#3754);
#3715 = B_SPLINE_CURVE_WITH_KNOTS('',5,(#3716,#3717,#3718,#3719,#3720,
    #3721,#3722,#3723,#3724,#3725,#3726,#3727,#3728,#3729,#3730,#3731,
    #3732,#3733,#3734,#3735,#3736,#3737,#3738,#3739,#3740,#3741,#3742,
    #3743,#3744,#3745,#3746,#3747,#3748,#3749,#3750,#3751,#3752,#3753),
  .UNSPECIFIED.,.F.,.F.,(6,4,4,4,4,4,4,4,4,6),(0.,0.12207647902,
    0.246547528167,0.372816827948,0.500002032587,0.591376403484,
    0.682410217622,0.772769317327,0.862132380325,1.),.UNSPECIFIED.);
#3716 = CARTESIAN_POINT('',(48.,27.566669765801));
#3717 = CARTESIAN_POINT('',(46.878361573021,27.152806980718));
#3718 = CARTESIAN_POINT('',(45.746730767761,26.766035768201));
#3719 = CARTESIAN_POINT('',(44.606250992576,26.40591164407));
#3720 = CARTESIAN_POINT('',(43.457948014228,26.072045257561));
#3721 = CARTESIAN_POINT('',(41.124857448956,25.450103802278));
#3722 = CARTESIAN_POINT('',(39.939802552122,25.163057157725));
#3723 = CARTESIAN_POINT('',(38.748535397939,24.902593528878));
#3724 = CARTESIAN_POINT('',(37.551943316238,24.66841466682));
#3725 = CARTESIAN_POINT('',(35.132374909036,24.249134811755));
#3726 = CARTESIAN_POINT('',(33.909272608141,24.064792431045));
#3727 = CARTESIAN_POINT('',(32.682374275126,23.906999734421));
#3728 = CARTESIAN_POINT('',(31.452479673924,23.775568400447));
#3729 = CARTESIAN_POINT('',(28.979268025389,23.564414831152));
#3730 = CARTESIAN_POINT('',(27.735923189478,23.48507466652));
#3731 = CARTESIAN_POINT('',(26.491079124812,23.432224419048));
#3732 = CARTESIAN_POINT('',(25.245491847791,23.405800050385));
#3733 = CARTESIAN_POINT('',(23.105026525368,23.405802898846));
#3734 = CARTESIAN_POINT('',(22.210151189479,23.419443863907));
#3735 = CARTESIAN_POINT('',(21.315552258178,23.446724583727));
#3736 = CARTESIAN_POINT('',(20.421508551828,23.487662109421));
#3737 = CARTESIAN_POINT('',(18.638423989927,23.596715412963));
#3738 = CARTESIAN_POINT('',(17.749377794932,23.664729320027));
#3739 = CARTESIAN_POINT('',(16.861441644452,23.746365992646));
#3740 = CARTESIAN_POINT('',(15.974902694362,23.84167606979));
#3741 = CARTESIAN_POINT('',(14.211769079636,24.058969918802));
#3742 = CARTESIAN_POINT('',(13.335150365735,24.180750730649));
#3743 = CARTESIAN_POINT('',(12.46048979954,24.316135624549));
#3744 = CARTESIAN_POINT('',(11.588091277818,24.465207232294));
#3745 = CARTESIAN_POINT('',(9.858043680566,24.789127072374));
#3746 = CARTESIAN_POINT('',(9.000339088798,24.963672980601));
#3747 = CARTESIAN_POINT('',(8.145467652536,25.151798456967));
#3748 = CARTESIAN_POINT('',(7.293758521712,25.353615277637));
#3749 = CARTESIAN_POINT('',(5.13698069015,25.901929686535));
#3750 = CARTESIAN_POINT('',(3.836767619379,26.267497846105));
#3751 = CARTESIAN_POINT('',(2.546197689739,26.666428494187));
#3752 = CARTESIAN_POINT('',(1.266727425126,27.099271972468));
#3753 = CARTESIAN_POINT('',(0.,27.566669779413));
#3754 = ( GEOMETRIC_REPRESENTATION_CONTEXT(2) 
PARAMETRIC_REPRESENTATION_CONTEXT() REPRESENTATION_CONTEXT('2D SPACE',''
  ) );
#3755 = PCURVE('',#2124,#3756);
#3756 = DEFINITIONAL_REPRESENTATION('',(#3757),#3796);
#3757 = B_SPLINE_CURVE_WITH_KNOTS('',5,(#3758,#3759,#3760,#3761,#3762,
    #3763,#3764,#3765,#3766,#3767,#3768,#3769,#3770,#3771,#3772,#3773,
    #3774,#3775,#3776,#3777,#3778,#3779,#3780,#3781,#3782,#3783,#3784,
    #3785,#3786,#3787,#3788,#3789,#3790,#3791,#3792,#3793,#3794,#3795),
  .UNSPECIFIED.,.F.,.F.,(6,4,4,4,4,4,4,4,4,6),(0.,0.12207647902,
    0.246547528167,0.372816827948,0.500002032587,0.591376403484,
    0.682410217622,0.772769317327,0.862132380325,1.),.UNSPECIFIED.);
#3758 = CARTESIAN_POINT('',(0.826634550253,0.370932209138));
#3759 = CARTESIAN_POINT('',(0.822747918746,0.370932209138));
#3760 = CARTESIAN_POINT('',(0.818888652686,0.370932209138));
#3761 = CARTESIAN_POINT('',(0.815054150887,0.370932209138));
#3762 = CARTESIAN_POINT('',(0.811241985707,0.370932209138));
#3763 = CARTESIAN_POINT('',(0.803583166598,0.370932209138));
#3764 = CARTESIAN_POINT('',(0.799737323115,0.370932209138));
#3765 = CARTESIAN_POINT('',(0.795909709171,0.370932209138));
#3766 = CARTESIAN_POINT('',(0.792097965254,0.370932209138));
#3767 = CARTESIAN_POINT('',(0.784446653262,0.370932209138));
#3768 = CARTESIAN_POINT('',(0.780607488848,0.370932209138));
#3769 = CARTESIAN_POINT('',(0.77677983836,0.370932209138));
#3770 = CARTESIAN_POINT('',(0.77296134769,0.370932209138));
#3771 = CARTESIAN_POINT('',(0.765310450334,0.370932209138));
#3772 = CARTESIAN_POINT('',(0.761478144586,0.370932209138));
#3773 = CARTESIAN_POINT('',(0.757650462423,0.370932209138));
#3774 = CARTESIAN_POINT('',(0.753825081413,0.370932209138));
#3775 = CARTESIAN_POINT('',(0.747251410048,0.370932209138));
#3776 = CARTESIAN_POINT('',(0.744503120085,0.370932209138));
#3777 = CARTESIAN_POINT('',(0.741753975452,0.370932209138));
#3778 = CARTESIAN_POINT('',(0.739003117482,0.370932209138));
#3779 = CARTESIAN_POINT('',(0.733506511702,0.370932209138));
#3780 = CARTESIAN_POINT('',(0.730760783187,0.370932209138));
#3781 = CARTESIAN_POINT('',(0.728011644815,0.370932209138));
#3782 = CARTESIAN_POINT('',(0.725258231659,0.370932209138));
#3783 = CARTESIAN_POINT('',(0.719761547968,0.370932209138));
#3784 = CARTESIAN_POINT('',(0.717018353757,0.370932209138));
#3785 = CARTESIAN_POINT('',(0.71426922683,0.370932209138));
#3786 = CARTESIAN_POINT('',(0.711513290815,0.370932209138));
#3787 = CARTESIAN_POINT('',(0.706016474048,0.370932209138));
#3788 = CARTESIAN_POINT('',(0.703275762662,0.370932209138));
#3789 = CARTESIAN_POINT('',(0.700526650119,0.370932209138));
#3790 = CARTESIAN_POINT('',(0.697768245662,0.370932209138));
#3791 = CARTESIAN_POINT('',(0.690728273028,0.370932209138));
#3792 = CARTESIAN_POINT('',(0.68643263754,0.370932209138));
#3793 = CARTESIAN_POINT('',(0.682109309416,0.370932209138));
#3794 = CARTESIAN_POINT('',(0.677754834555,0.370932209138));
#3795 = CARTESIAN_POINT('',(0.673365449699,0.370932209138));
#3796 = ( GEOMETRIC_REPRESENTATION_CONTEXT(2) 
PARAMETRIC_REPRESENTATION_CONTEXT() REPRESENTATION_CONTEXT('2D SPACE',''
  ) );
#3797 = ADVANCED_FACE('',(#3798),#1335,.T.);
#3798 = FACE_BOUND('',#3799,.T.);
#3799 = EDGE_LOOP('',(#3800,#3823,#3824,#3847));
#3800 = ORIENTED_EDGE('',*,*,#3801,.F.);
#3801 = EDGE_CURVE('',#1280,#3802,#3804,.T.);
#3802 = VERTEX_POINT('',#3803);
#3803 = CARTESIAN_POINT('',(-24.,-28.62040012519,9.));
#3804 = SURFACE_CURVE('',#3805,(#3809,#3816),.PCURVE_S1.);
#3805 = LINE('',#3806,#3807);
#3806 = CARTESIAN_POINT('',(-24.,-60.,9.));
#3807 = VECTOR('',#3808,1.);
#3808 = DIRECTION('',(0.,1.,0.));
#3809 = PCURVE('',#1335,#3810);
#3810 = DEFINITIONAL_REPRESENTATION('',(#3811),#3815);
#3811 = LINE('',#3812,#3813);
#3812 = CARTESIAN_POINT('',(0.,0.));
#3813 = VECTOR('',#3814,1.);
#3814 = DIRECTION('',(0.,1.));
#3815 = ( GEOMETRIC_REPRESENTATION_CONTEXT(2) 
PARAMETRIC_REPRESENTATION_CONTEXT() REPRESENTATION_CONTEXT('2D SPACE',''
  ) );
#3816 = PCURVE('',#1387,#3817);
#3817 = DEFINITIONAL_REPRESENTATION('',(#3818),#3822);
#3818 = LINE('',#3819,#3820);
#3819 = CARTESIAN_POINT('',(0.,0.));
#3820 = VECTOR('',#3821,1.);
#3821 = DIRECTION('',(0.,-1.));
#3822 = ( GEOMETRIC_REPRESENTATION_CONTEXT(2) 
PARAMETRIC_REPRESENTATION_CONTEXT() REPRESENTATION_CONTEXT('2D SPACE',''
  ) );
#3823 = ORIENTED_EDGE('',*,*,#1277,.F.);
#3824 = ORIENTED_EDGE('',*,*,#3825,.T.);
#3825 = EDGE_CURVE('',#1278,#3826,#3828,.T.);
#3826 = VERTEX_POINT('',#3827);
#3827 = CARTESIAN_POINT('',(24.,-28.62040013752,9.));
#3828 = SURFACE_CURVE('',#3829,(#3833,#3840),.PCURVE_S1.);
#3829 = LINE('',#3830,#3831);
#3830 = CARTESIAN_POINT('',(24.,-60.,9.));
#3831 = VECTOR('',#3832,1.);
#3832 = DIRECTION('',(0.,1.,0.));
#3833 = PCURVE('',#1335,#3834);
#3834 = DEFINITIONAL_REPRESENTATION('',(#3835),#3839);
#3835 = LINE('',#3836,#3837);
#3836 = CARTESIAN_POINT('',(48.,0.));
#3837 = VECTOR('',#3838,1.);
#3838 = DIRECTION('',(0.,1.));
#3839 = ( GEOMETRIC_REPRESENTATION_CONTEXT(2) 
PARAMETRIC_REPRESENTATION_CONTEXT() REPRESENTATION_CONTEXT('2D SPACE',''
  ) );
#3840 = PCURVE('',#1516,#3841);
#3841 = DEFINITIONAL_REPRESENTATION('',(#3842),#3846);
#3842 = LINE('',#3843,#3844);
#3843 = CARTESIAN_POINT('',(0.,0.));
#3844 = VECTOR('',#3845,1.);
#3845 = DIRECTION('',(0.,-1.));
#3846 = ( GEOMETRIC_REPRESENTATION_CONTEXT(2) 
PARAMETRIC_REPRESENTATION_CONTEXT() REPRESENTATION_CONTEXT('2D SPACE',''
  ) );
#3847 = ORIENTED_EDGE('',*,*,#3848,.T.);
#3848 = EDGE_CURVE('',#3826,#3802,#3849,.T.);
#3849 = SURFACE_CURVE('',#3850,(#3889,#3931),.PCURVE_S1.);
#3850 = B_SPLINE_CURVE_WITH_KNOTS('',4,(#3851,#3852,#3853,#3854,#3855,
    #3856,#3857,#3858,#3859,#3860,#3861,#3862,#3863,#3864,#3865,#3866,
    #3867,#3868,#3869,#3870,#3871,#3872,#3873,#3874,#3875,#3876,#3877,
    #3878,#3879,#3880,#3881,#3882,#3883,#3884,#3885,#3886,#3887,#3888),
  .UNSPECIFIED.,.F.,.F.,(5,3,3,3,3,3,3,3,3,3,3,3,5),(0.,
    6.766754011341E-02,0.135993970001,0.225614827938,0.31647453375,
    0.408176211583,0.500001807902,0.592127997972,0.683827569874,
    0.774683818878,0.864009515287,0.932621923029,1.),.UNSPECIFIED.);
#3851 = CARTESIAN_POINT('',(24.,-28.62040013752,9.));
#3852 = CARTESIAN_POINT('',(23.231673245999,-28.94022889487,9.));
#3853 = CARTESIAN_POINT('',(22.456812765506,-29.24436025186,9.));
#3854 = CARTESIAN_POINT('',(21.676085097277,-29.5330464592,9.));
#3855 = CARTESIAN_POINT('',(20.096383002548,-30.08263765224,9.));
#3856 = CARTESIAN_POINT('',(19.29730602173,-30.3432444911,9.));
#3857 = CARTESIAN_POINT('',(18.493417765021,-30.58856071662,9.));
#3858 = CARTESIAN_POINT('',(16.625161838712,-31.120751794,9.));
#3859 = CARTESIAN_POINT('',(15.557698150171,-31.39675070817,9.));
#3860 = CARTESIAN_POINT('',(14.483987810489,-31.64721794215,9.));
#3861 = CARTESIAN_POINT('',(12.311126423644,-32.10086633701,9.));
#3862 = CARTESIAN_POINT('',(11.211831832934,-32.3033457455,9.));
#3863 = CARTESIAN_POINT('',(10.108157006686,-32.4802688161,9.));
#3864 = CARTESIAN_POINT('',(7.883609241207,-32.78486693023,9.));
#3865 = CARTESIAN_POINT('',(6.762674286304,-32.91207032717,9.));
#3866 = CARTESIAN_POINT('',(5.639145369894,-33.01371205088,9.));
#3867 = CARTESIAN_POINT('',(3.387118558663,-33.16621040387,9.));
#3868 = CARTESIAN_POINT('',(2.258618313635,-33.21699820054,9.));
#3869 = CARTESIAN_POINT('',(1.129265224219,-33.24239139486,9.));
#3870 = CARTESIAN_POINT('',(-1.133140075501,-33.24238839087,9.));
#3871 = CARTESIAN_POINT('',(-2.266190052489,-33.21682565976,9.));
#3872 = CARTESIAN_POINT('',(-3.398378738794,-33.16570179046,9.));
#3873 = CARTESIAN_POINT('',(-5.654033803092,-33.01244779639,9.));
#3874 = CARTESIAN_POINT('',(-6.777513975514,-32.91055498807,9.));
#3875 = CARTESIAN_POINT('',(-7.898394375509,-32.7831005088,9.));
#3876 = CARTESIAN_POINT('',(-10.12280479485,-32.47800407977,9.));
#3877 = CARTESIAN_POINT('',(-11.22639704423,-32.30083454766,9.));
#3878 = CARTESIAN_POINT('',(-12.32560303531,-32.09810871756,9.));
#3879 = CARTESIAN_POINT('',(-14.49476344965,-31.64470439779,9.));
#3880 = CARTESIAN_POINT('',(-15.56489585527,-31.39489148089,9.));
#3881 = CARTESIAN_POINT('',(-16.62881887175,-31.11971331073,9.));
#3882 = CARTESIAN_POINT('',(-18.49696464887,-30.58754783468,9.));
#3883 = CARTESIAN_POINT('',(-19.30419875519,-30.34113906052,9.));
#3884 = CARTESIAN_POINT('',(-20.10657902814,-30.07931056235,9.));
#3885 = CARTESIAN_POINT('',(-21.68610398791,-29.52934083972,9.));
#3886 = CARTESIAN_POINT('',(-22.46344192011,-29.2417579769,9.));
#3887 = CARTESIAN_POINT('',(-23.23495993395,-28.93886073879,9.));
#3888 = CARTESIAN_POINT('',(-24.,-28.62040012519,9.));
#3889 = PCURVE('',#1335,#3890);
#3890 = DEFINITIONAL_REPRESENTATION('',(#3891),#3930);
#3891 = B_SPLINE_CURVE_WITH_KNOTS('',4,(#3892,#3893,#3894,#3895,#3896,
    #3897,#3898,#3899,#3900,#3901,#3902,#3903,#3904,#3905,#3906,#3907,
    #3908,#3909,#3910,#3911,#3912,#3913,#3914,#3915,#3916,#3917,#3918,
    #3919,#3920,#3921,#3922,#3923,#3924,#3925,#3926,#3927,#3928,#3929),
  .UNSPECIFIED.,.F.,.F.,(5,3,3,3,3,3,3,3,3,3,3,3,5),(0.,
    6.766754011341E-02,0.135993970001,0.225614827938,0.31647453375,
    0.408176211583,0.500001807902,0.592127997972,0.683827569874,
    0.774683818878,0.864009515287,0.932621923029,1.),.UNSPECIFIED.);
#3892 = CARTESIAN_POINT('',(48.,31.379599862478));
#3893 = CARTESIAN_POINT('',(47.231673245999,31.059771105125));
#3894 = CARTESIAN_POINT('',(46.456812765506,30.75563974814));
#3895 = CARTESIAN_POINT('',(45.676085097277,30.466953540798));
#3896 = CARTESIAN_POINT('',(44.096383002548,29.917362347756));
#3897 = CARTESIAN_POINT('',(43.29730602173,29.656755508895));
#3898 = CARTESIAN_POINT('',(42.493417765021,29.411439283371));
#3899 = CARTESIAN_POINT('',(40.625161838712,28.879248205992));
#3900 = CARTESIAN_POINT('',(39.557698150171,28.603249291829));
#3901 = CARTESIAN_POINT('',(38.483987810489,28.352782057844));
#3902 = CARTESIAN_POINT('',(36.311126423644,27.899133662984));
#3903 = CARTESIAN_POINT('',(35.211831832934,27.696654254494));
#3904 = CARTESIAN_POINT('',(34.108157006686,27.519731183894));
#3905 = CARTESIAN_POINT('',(31.883609241207,27.21513306977));
#3906 = CARTESIAN_POINT('',(30.762674286304,27.087929672825));
#3907 = CARTESIAN_POINT('',(29.639145369894,26.986287949116));
#3908 = CARTESIAN_POINT('',(27.387118558663,26.833789596121));
#3909 = CARTESIAN_POINT('',(26.258618313635,26.783001799458));
#3910 = CARTESIAN_POINT('',(25.129265224219,26.757608605138));
#3911 = CARTESIAN_POINT('',(22.866859924499,26.757611609128));
#3912 = CARTESIAN_POINT('',(21.733809947511,26.783174340237));
#3913 = CARTESIAN_POINT('',(20.601621261206,26.834298209535));
#3914 = CARTESIAN_POINT('',(18.345966196908,26.987552203606));
#3915 = CARTESIAN_POINT('',(17.222486024486,27.089445011925));
#3916 = CARTESIAN_POINT('',(16.101605624491,27.216899491194));
#3917 = CARTESIAN_POINT('',(13.877195205144,27.521995920229));
#3918 = CARTESIAN_POINT('',(12.773602955764,27.699165452339));
#3919 = CARTESIAN_POINT('',(11.674396964681,27.901891282433));
#3920 = CARTESIAN_POINT('',(9.505236550348,28.355295602204));
#3921 = CARTESIAN_POINT('',(8.435104144725,28.605108519104));
#3922 = CARTESIAN_POINT('',(7.371181128249,28.880286689264));
#3923 = CARTESIAN_POINT('',(5.50303535113,29.412452165311));
#3924 = CARTESIAN_POINT('',(4.695801244806,29.658860939472));
#3925 = CARTESIAN_POINT('',(3.893420971853,29.920689437647));
#3926 = CARTESIAN_POINT('',(2.313896012084,30.470659160276));
#3927 = CARTESIAN_POINT('',(1.53655807989,30.758242023097));
#3928 = CARTESIAN_POINT('',(0.76504006605,31.061139261208));
#3929 = CARTESIAN_POINT('',(0.,31.379599874802));
#3930 = ( GEOMETRIC_REPRESENTATION_CONTEXT(2) 
PARAMETRIC_REPRESENTATION_CONTEXT() REPRESENTATION_CONTEXT('2D SPACE',''
  ) );
#3931 = PCURVE('',#2124,#3932);
#3932 = DEFINITIONAL_REPRESENTATION('',(#3933),#3972);
#3933 = B_SPLINE_CURVE_WITH_KNOTS('',4,(#3934,#3935,#3936,#3937,#3938,
    #3939,#3940,#3941,#3942,#3943,#3944,#3945,#3946,#3947,#3948,#3949,
    #3950,#3951,#3952,#3953,#3954,#3955,#3956,#3957,#3958,#3959,#3960,
    #3961,#3962,#3963,#3964,#3965,#3966,#3967,#3968,#3969,#3970,#3971),
  .UNSPECIFIED.,.F.,.F.,(5,3,3,3,3,3,3,3,3,3,3,3,5),(0.,
    6.766754011341E-02,0.135993970001,0.225614827938,0.31647453375,
    0.408176211583,0.500001807902,0.592127997972,0.683827569874,
    0.774683818878,0.864009515287,0.932621923029,1.),.UNSPECIFIED.);
#3934 = CARTESIAN_POINT('',(0.834931524242,0.535363937724));
#3935 = CARTESIAN_POINT('',(0.831921233848,0.535363937724));
#3936 = CARTESIAN_POINT('',(0.828930193257,0.535363937724));
#3937 = CARTESIAN_POINT('',(0.825956866613,0.535363937724));
#3938 = CARTESIAN_POINT('',(0.820013915031,0.535363937724));
#3939 = CARTESIAN_POINT('',(0.817044610645,0.535363937724));
#3940 = CARTESIAN_POINT('',(0.814090370987,0.535363937724));
#3941 = CARTESIAN_POINT('',(0.807292717174,0.535363937724));
#3942 = CARTESIAN_POINT('',(0.803459133146,0.535363937724));
#3943 = CARTESIAN_POINT('',(0.799645813446,0.535363937724));
#3944 = CARTESIAN_POINT('',(0.792001222884,0.535363937724));
#3945 = CARTESIAN_POINT('',(0.788170434114,0.535363937724));
#3946 = CARTESIAN_POINT('',(0.784354261084,0.535363937724));
#3947 = CARTESIAN_POINT('',(0.77670995675,0.535363937724));
#3948 = CARTESIAN_POINT('',(0.772882043123,0.535363937724));
#3949 = CARTESIAN_POINT('',(0.769062946332,0.535363937724));
#3950 = CARTESIAN_POINT('',(0.761431337369,0.535363937724));
#3951 = CARTESIAN_POINT('',(0.757618841439,0.535363937724));
#3952 = CARTESIAN_POINT('',(0.753809270837,0.535363937724));
#3953 = CARTESIAN_POINT('',(0.746177658422,0.535363937724));
#3954 = CARTESIAN_POINT('',(0.74235561685,0.535363937724));
#3955 = CARTESIAN_POINT('',(0.73853062093,0.535363937724));
#3956 = CARTESIAN_POINT('',(0.730886482672,0.535363937724));
#3957 = CARTESIAN_POINT('',(0.72706739562,0.535363937724));
#3958 = CARTESIAN_POINT('',(0.723239472384,0.535363937724));
#3959 = CARTESIAN_POINT('',(0.715595167306,0.535363937724));
#3960 = CARTESIAN_POINT('',(0.711779003854,0.535363937724));
#3961 = CARTESIAN_POINT('',(0.707948205691,0.535363937724));
#3962 = CARTESIAN_POINT('',(0.700315916505,0.535363937724));
#3963 = CARTESIAN_POINT('',(0.696515020413,0.535363937724));
#3964 = CARTESIAN_POINT('',(0.692693982548,0.535363937724));
#3965 = CARTESIAN_POINT('',(0.685896719147,0.535363937724));
#3966 = CARTESIAN_POINT('',(0.682930055049,0.535363937724));
#3967 = CARTESIAN_POINT('',(0.679948193703,0.535363937724));
#3968 = CARTESIAN_POINT('',(0.674004975174,0.535363937724));
#3969 = CARTESIAN_POINT('',(0.671044215348,0.535363937724));
#3970 = CARTESIAN_POINT('',(0.668065889999,0.535363937724));
#3971 = CARTESIAN_POINT('',(0.665068476801,0.535363937724));
#3972 = ( GEOMETRIC_REPRESENTATION_CONTEXT(2) 
PARAMETRIC_REPRESENTATION_CONTEXT() REPRESENTATION_CONTEXT('2D SPACE',''
  ) );
#3973 = ADVANCED_FACE('',(#3974),#1516,.F.);
#3974 = FACE_BOUND('',#3975,.F.);
#3975 = EDGE_LOOP('',(#3976,#3999,#4000,#4001));
#3976 = ORIENTED_EDGE('',*,*,#3977,.F.);
#3977 = EDGE_CURVE('',#1402,#3978,#3980,.T.);
#3978 = VERTEX_POINT('',#3979);
#3979 = CARTESIAN_POINT('',(24.,-28.0308948077,15.));
#3980 = SURFACE_CURVE('',#3981,(#3985,#3992),.PCURVE_S1.);
#3981 = LINE('',#3982,#3983);
#3982 = CARTESIAN_POINT('',(24.,-60.,15.));
#3983 = VECTOR('',#3984,1.);
#3984 = DIRECTION('',(0.,1.,0.));
#3985 = PCURVE('',#1516,#3986);
#3986 = DEFINITIONAL_REPRESENTATION('',(#3987),#3991);
#3987 = LINE('',#3988,#3989);
#3988 = CARTESIAN_POINT('',(6.,0.));
#3989 = VECTOR('',#3990,1.);
#3990 = DIRECTION('',(0.,-1.));
#3991 = ( GEOMETRIC_REPRESENTATION_CONTEXT(2) 
PARAMETRIC_REPRESENTATION_CONTEXT() REPRESENTATION_CONTEXT('2D SPACE',''
  ) );
#3992 = PCURVE('',#1463,#3993);
#3993 = DEFINITIONAL_REPRESENTATION('',(#3994),#3998);
#3994 = LINE('',#3995,#3996);
#3995 = CARTESIAN_POINT('',(48.,0.));
#3996 = VECTOR('',#3997,1.);
#3997 = DIRECTION('',(0.,1.));
#3998 = ( GEOMETRIC_REPRESENTATION_CONTEXT(2) 
PARAMETRIC_REPRESENTATION_CONTEXT() REPRESENTATION_CONTEXT('2D SPACE',''
  ) );
#3999 = ORIENTED_EDGE('',*,*,#1498,.F.);
#4000 = ORIENTED_EDGE('',*,*,#3825,.T.);
#4001 = ORIENTED_EDGE('',*,*,#4002,.T.);
#4002 = EDGE_CURVE('',#3826,#3978,#4003,.T.);
#4003 = SURFACE_CURVE('',#4004,(#4010,#4019),.PCURVE_S1.);
#4004 = B_SPLINE_CURVE_WITH_KNOTS('',4,(#4005,#4006,#4007,#4008,#4009),
  .UNSPECIFIED.,.F.,.F.,(5,5),(0.,1.),.PIECEWISE_BEZIER_KNOTS.);
#4005 = CARTESIAN_POINT('',(24.,-28.62040013752,9.));
#4006 = CARTESIAN_POINT('',(24.,-28.47419652165,10.5001149433));
#4007 = CARTESIAN_POINT('',(24.,-28.32712790874,12.000145543446));
#4008 = CARTESIAN_POINT('',(24.,-28.17932823764,13.500104142025));
#4009 = CARTESIAN_POINT('',(24.,-28.0308948077,15.));
#4010 = PCURVE('',#1516,#4011);
#4011 = DEFINITIONAL_REPRESENTATION('',(#4012),#4018);
#4012 = B_SPLINE_CURVE_WITH_KNOTS('',4,(#4013,#4014,#4015,#4016,#4017),
  .UNSPECIFIED.,.F.,.F.,(5,5),(0.,1.),.PIECEWISE_BEZIER_KNOTS.);
#4013 = CARTESIAN_POINT('',(0.,-31.37959986247));
#4014 = CARTESIAN_POINT('',(1.5001149433,-31.52580347835));
#4015 = CARTESIAN_POINT('',(3.000145543446,-31.67287209125));
#4016 = CARTESIAN_POINT('',(4.500104142025,-31.82067176235));
#4017 = CARTESIAN_POINT('',(6.,-31.96910519229));
#4018 = ( GEOMETRIC_REPRESENTATION_CONTEXT(2) 
PARAMETRIC_REPRESENTATION_CONTEXT() REPRESENTATION_CONTEXT('2D SPACE',''
  ) );
#4019 = PCURVE('',#2124,#4020);
#4020 = DEFINITIONAL_REPRESENTATION('',(#4021),#4027);
#4021 = B_SPLINE_CURVE_WITH_KNOTS('',4,(#4022,#4023,#4024,#4025,#4026),
  .UNSPECIFIED.,.F.,.F.,(5,5),(0.,1.),.PIECEWISE_BEZIER_KNOTS.);
#4022 = CARTESIAN_POINT('',(0.83493152324,0.535363937831));
#4023 = CARTESIAN_POINT('',(0.835281087479,0.540793098359));
#4024 = CARTESIAN_POINT('',(0.835636218177,0.546229935913));
#4025 = CARTESIAN_POINT('',(0.835996759,0.551674779555));
#4026 = CARTESIAN_POINT('',(0.83636261775,0.557127863836));
#4027 = ( GEOMETRIC_REPRESENTATION_CONTEXT(2) 
PARAMETRIC_REPRESENTATION_CONTEXT() REPRESENTATION_CONTEXT('2D SPACE',''
  ) );
#4028 = ADVANCED_FACE('',(#4029),#1387,.T.);
#4029 = FACE_BOUND('',#4030,.T.);
#4030 = EDGE_LOOP('',(#4031,#4054,#4055,#4056));
#4031 = ORIENTED_EDGE('',*,*,#4032,.F.);
#4032 = EDGE_CURVE('',#1368,#4033,#4035,.T.);
#4033 = VERTEX_POINT('',#4034);
#4034 = CARTESIAN_POINT('',(-24.,-28.03089479582,15.));
#4035 = SURFACE_CURVE('',#4036,(#4040,#4047),.PCURVE_S1.);
#4036 = LINE('',#4037,#4038);
#4037 = CARTESIAN_POINT('',(-24.,-60.,15.));
#4038 = VECTOR('',#4039,1.);
#4039 = DIRECTION('',(0.,1.,0.));
#4040 = PCURVE('',#1387,#4041);
#4041 = DEFINITIONAL_REPRESENTATION('',(#4042),#4046);
#4042 = LINE('',#4043,#4044);
#4043 = CARTESIAN_POINT('',(6.,0.));
#4044 = VECTOR('',#4045,1.);
#4045 = DIRECTION('',(0.,-1.));
#4046 = ( GEOMETRIC_REPRESENTATION_CONTEXT(2) 
PARAMETRIC_REPRESENTATION_CONTEXT() REPRESENTATION_CONTEXT('2D SPACE',''
  ) );
#4047 = PCURVE('',#1463,#4048);
#4048 = DEFINITIONAL_REPRESENTATION('',(#4049),#4053);
#4049 = LINE('',#4050,#4051);
#4050 = CARTESIAN_POINT('',(0.,0.));
#4051 = VECTOR('',#4052,1.);
#4052 = DIRECTION('',(0.,1.));
#4053 = ( GEOMETRIC_REPRESENTATION_CONTEXT(2) 
PARAMETRIC_REPRESENTATION_CONTEXT() REPRESENTATION_CONTEXT('2D SPACE',''
  ) );
#4054 = ORIENTED_EDGE('',*,*,#1367,.F.);
#4055 = ORIENTED_EDGE('',*,*,#3801,.T.);
#4056 = ORIENTED_EDGE('',*,*,#4057,.T.);
#4057 = EDGE_CURVE('',#3802,#4033,#4058,.T.);
#4058 = SURFACE_CURVE('',#4059,(#4065,#4074),.PCURVE_S1.);
#4059 = B_SPLINE_CURVE_WITH_KNOTS('',4,(#4060,#4061,#4062,#4063,#4064),
  .UNSPECIFIED.,.F.,.F.,(5,5),(0.,1.),.PIECEWISE_BEZIER_KNOTS.);
#4060 = CARTESIAN_POINT('',(-24.,-28.62040012519,9.));
#4061 = CARTESIAN_POINT('',(-24.,-28.47419650942,10.500114943299));
#4062 = CARTESIAN_POINT('',(-24.,-28.32712789662,12.000145543445));
#4063 = CARTESIAN_POINT('',(-24.,-28.17932822564,13.500104142024));
#4064 = CARTESIAN_POINT('',(-24.,-28.03089479582,15.));
#4065 = PCURVE('',#1387,#4066);
#4066 = DEFINITIONAL_REPRESENTATION('',(#4067),#4073);
#4067 = B_SPLINE_CURVE_WITH_KNOTS('',4,(#4068,#4069,#4070,#4071,#4072),
  .UNSPECIFIED.,.F.,.F.,(5,5),(0.,1.),.PIECEWISE_BEZIER_KNOTS.);
#4068 = CARTESIAN_POINT('',(0.,-31.3795998748));
#4069 = CARTESIAN_POINT('',(1.500114943299,-31.52580349057));
#4070 = CARTESIAN_POINT('',(3.000145543445,-31.67287210337));
#4071 = CARTESIAN_POINT('',(4.500104142024,-31.82067177435));
#4072 = CARTESIAN_POINT('',(6.,-31.96910520417));
#4073 = ( GEOMETRIC_REPRESENTATION_CONTEXT(2) 
PARAMETRIC_REPRESENTATION_CONTEXT() REPRESENTATION_CONTEXT('2D SPACE',''
  ) );
#4074 = PCURVE('',#2124,#4075);
#4075 = DEFINITIONAL_REPRESENTATION('',(#4076),#4082);
#4076 = B_SPLINE_CURVE_WITH_KNOTS('',4,(#4077,#4078,#4079,#4080,#4081),
  .UNSPECIFIED.,.F.,.F.,(5,5),(0.,1.),.PIECEWISE_BEZIER_KNOTS.);
#4077 = CARTESIAN_POINT('',(0.665068476726,0.535363937831));
#4078 = CARTESIAN_POINT('',(0.664718912487,0.540793098359));
#4079 = CARTESIAN_POINT('',(0.664363781789,0.546229935913));
#4080 = CARTESIAN_POINT('',(0.664003240965,0.551674779555));
#4081 = CARTESIAN_POINT('',(0.663637382216,0.557127863836));
#4082 = ( GEOMETRIC_REPRESENTATION_CONTEXT(2) 
PARAMETRIC_REPRESENTATION_CONTEXT() REPRESENTATION_CONTEXT('2D SPACE',''
  ) );
#4083 = ADVANCED_FACE('',(#4084),#1463,.F.);
#4084 = FACE_BOUND('',#4085,.F.);
#4085 = EDGE_LOOP('',(#4086,#4087,#4088,#4089));
#4086 = ORIENTED_EDGE('',*,*,#4032,.F.);
#4087 = ORIENTED_EDGE('',*,*,#1401,.F.);
#4088 = ORIENTED_EDGE('',*,*,#3977,.T.);
#4089 = ORIENTED_EDGE('',*,*,#4090,.T.);
#4090 = EDGE_CURVE('',#3978,#4033,#4091,.T.);
#4091 = SURFACE_CURVE('',#4092,(#4131,#4173),.PCURVE_S1.);
#4092 = B_SPLINE_CURVE_WITH_KNOTS('',4,(#4093,#4094,#4095,#4096,#4097,
    #4098,#4099,#4100,#4101,#4102,#4103,#4104,#4105,#4106,#4107,#4108,
    #4109,#4110,#4111,#4112,#4113,#4114,#4115,#4116,#4117,#4118,#4119,
    #4120,#4121,#4122,#4123,#4124,#4125,#4126,#4127,#4128,#4129,#4130),
  .UNSPECIFIED.,.F.,.F.,(5,3,3,3,3,3,3,3,3,3,3,3,5),(0.,
    6.718872987002E-02,0.13546176534,0.225304354124,0.316142155489,
    0.407851451946,0.500001779402,0.592152098296,0.683861369278,
    0.774699128889,0.864256177505,0.932533634607,1.),.UNSPECIFIED.);
#4093 = CARTESIAN_POINT('',(24.,-28.0308948077,15.));
#4094 = CARTESIAN_POINT('',(23.238753847214,-28.35419416351,15.));
#4095 = CARTESIAN_POINT('',(22.470799895967,-28.66169777974,15.));
#4096 = CARTESIAN_POINT('',(21.696825281089,-28.9536643907,15.));
#4097 = CARTESIAN_POINT('',(20.125429293077,-29.5114476771,15.));
#4098 = CARTESIAN_POINT('',(19.327832282998,-29.77676600189,15.));
#4099 = CARTESIAN_POINT('',(18.525241025621,-30.02651932294,15.));
#4100 = CARTESIAN_POINT('',(16.65616219011,-30.56935744861,15.));
#4101 = CARTESIAN_POINT('',(15.586412731315,-30.85120315171,15.));
#4102 = CARTESIAN_POINT('',(14.5101509224,-31.10691600607,15.));
#4103 = CARTESIAN_POINT('',(12.334680940252,-31.5693265443,15.));
#4104 = CARTESIAN_POINT('',(11.235353858941,-31.77544961706,15.));
#4105 = CARTESIAN_POINT('',(10.131492573576,-31.95558029441,15.));
#4106 = CARTESIAN_POINT('',(7.90596281263,-32.2658219278,15.));
#4107 = CARTESIAN_POINT('',(6.78422786957,-32.39543632135,15.));
#4108 = CARTESIAN_POINT('',(5.659806593981,-32.49905275024,15.));
#4109 = CARTESIAN_POINT('',(3.401973293793,-32.65491177007,15.));
#4110 = CARTESIAN_POINT('',(2.268546540267,-32.70690488539,15.));
#4111 = CARTESIAN_POINT('',(1.134230049959,-32.73290074119,15.));
#4112 = CARTESIAN_POINT('',(-1.134405162667,-32.73289773007,15.));
#4113 = CARTESIAN_POINT('',(-2.268721478563,-32.70689886799,15.));
#4114 = CARTESIAN_POINT('',(-3.402147988918,-32.65490274622,15.));
#4115 = CARTESIAN_POINT('',(-5.659980455325,-32.49903773208,15.));
#4116 = CARTESIAN_POINT('',(-6.784401141633,-32.39541832494,15.));
#4117 = CARTESIAN_POINT('',(-7.906135425287,-32.26580095286,15.));
#4118 = CARTESIAN_POINT('',(-10.13166352673,-31.95555340905,15.));
#4119 = CARTESIAN_POINT('',(-11.23552381468,-31.77541980928,15.));
#4120 = CARTESIAN_POINT('',(-12.33484982577,-31.56929381432,15.));
#4121 = CARTESIAN_POINT('',(-14.50687999792,-31.10760813538,15.));
#4122 = CARTESIAN_POINT('',(-15.57973787074,-30.85278665309,15.));
#4123 = CARTESIAN_POINT('',(-16.64612785979,-30.57199925077,15.));
#4124 = CARTESIAN_POINT('',(-18.51201136377,-30.03056633825,15.));
#4125 = CARTESIAN_POINT('',(-19.31471399799,-29.7809879116,15.));
#4126 = CARTESIAN_POINT('',(-20.1124264204,-29.51584429552,15.));
#4127 = CARTESIAN_POINT('',(-21.68723037885,-28.95728295248,15.));
#4128 = CARTESIAN_POINT('',(-22.46445314953,-28.66423881237,15.));
#4129 = CARTESIAN_POINT('',(-23.23560824507,-28.35553008031,15.));
#4130 = CARTESIAN_POINT('',(-24.,-28.03089479582,15.));
#4131 = PCURVE('',#1463,#4132);
#4132 = DEFINITIONAL_REPRESENTATION('',(#4133),#4172);
#4133 = B_SPLINE_CURVE_WITH_KNOTS('',4,(#4134,#4135,#4136,#4137,#4138,
    #4139,#4140,#4141,#4142,#4143,#4144,#4145,#4146,#4147,#4148,#4149,
    #4150,#4151,#4152,#4153,#4154,#4155,#4156,#4157,#4158,#4159,#4160,
    #4161,#4162,#4163,#4164,#4165,#4166,#4167,#4168,#4169,#4170,#4171),
  .UNSPECIFIED.,.F.,.F.,(5,3,3,3,3,3,3,3,3,3,3,3,5),(0.,
    6.718872987002E-02,0.13546176534,0.225304354124,0.316142155489,
    0.407851451946,0.500001779402,0.592152098296,0.683861369278,
    0.774699128889,0.864256177505,0.932533634607,1.),.UNSPECIFIED.);
#4134 = CARTESIAN_POINT('',(48.,31.969105192298));
#4135 = CARTESIAN_POINT('',(47.238753847214,31.645805836482));
#4136 = CARTESIAN_POINT('',(46.470799895967,31.338302220257));
#4137 = CARTESIAN_POINT('',(45.696825281089,31.046335609294));
#4138 = CARTESIAN_POINT('',(44.125429293077,30.488552322895));
#4139 = CARTESIAN_POINT('',(43.327832282998,30.223233998105));
#4140 = CARTESIAN_POINT('',(42.525241025621,29.973480677052));
#4141 = CARTESIAN_POINT('',(40.65616219011,29.430642551386));
#4142 = CARTESIAN_POINT('',(39.586412731315,29.14879684829));
#4143 = CARTESIAN_POINT('',(38.5101509224,28.893083993926));
#4144 = CARTESIAN_POINT('',(36.334680940252,28.430673455698));
#4145 = CARTESIAN_POINT('',(35.235353858941,28.224550382935));
#4146 = CARTESIAN_POINT('',(34.131492573576,28.044419705582));
#4147 = CARTESIAN_POINT('',(31.90596281263,27.734178072192));
#4148 = CARTESIAN_POINT('',(30.78422786957,27.604563678644));
#4149 = CARTESIAN_POINT('',(29.659806593981,27.500947249754));
#4150 = CARTESIAN_POINT('',(27.401973293793,27.345088229925));
#4151 = CARTESIAN_POINT('',(26.268546540267,27.293095114606));
#4152 = CARTESIAN_POINT('',(25.134230049959,27.267099258808));
#4153 = CARTESIAN_POINT('',(22.865594837333,27.267102269924));
#4154 = CARTESIAN_POINT('',(21.731278521437,27.293101132005));
#4155 = CARTESIAN_POINT('',(20.597852011082,27.345097253773));
#4156 = CARTESIAN_POINT('',(18.340019544675,27.500962267918));
#4157 = CARTESIAN_POINT('',(17.215598858367,27.604581675058));
#4158 = CARTESIAN_POINT('',(16.093864574713,27.734199047135));
#4159 = CARTESIAN_POINT('',(13.868336473263,28.044446590941));
#4160 = CARTESIAN_POINT('',(12.764476185311,28.224580190714));
#4161 = CARTESIAN_POINT('',(11.665150174222,28.430706185675));
#4162 = CARTESIAN_POINT('',(9.493120002075,28.892391864612));
#4163 = CARTESIAN_POINT('',(8.420262129259,29.147213346905));
#4164 = CARTESIAN_POINT('',(7.35387214021,29.428000749221));
#4165 = CARTESIAN_POINT('',(5.48798863623,29.969433661741));
#4166 = CARTESIAN_POINT('',(4.68528600201,30.219012088392));
#4167 = CARTESIAN_POINT('',(3.887573579594,30.484155704474));
#4168 = CARTESIAN_POINT('',(2.312769621144,31.042717047513));
#4169 = CARTESIAN_POINT('',(1.535546850462,31.335761187621));
#4170 = CARTESIAN_POINT('',(0.764391754929,31.644469919686));
#4171 = CARTESIAN_POINT('',(0.,31.969105204178));
#4172 = ( GEOMETRIC_REPRESENTATION_CONTEXT(2) 
PARAMETRIC_REPRESENTATION_CONTEXT() REPRESENTATION_CONTEXT('2D SPACE',''
  ) );
#4173 = PCURVE('',#2124,#4174);
#4174 = DEFINITIONAL_REPRESENTATION('',(#4175),#4214);
#4175 = B_SPLINE_CURVE_WITH_KNOTS('',4,(#4176,#4177,#4178,#4179,#4180,
    #4181,#4182,#4183,#4184,#4185,#4186,#4187,#4188,#4189,#4190,#4191,
    #4192,#4193,#4194,#4195,#4196,#4197,#4198,#4199,#4200,#4201,#4202,
    #4203,#4204,#4205,#4206,#4207,#4208,#4209,#4210,#4211,#4212,#4213),
  .UNSPECIFIED.,.F.,.F.,(5,3,3,3,3,3,3,3,3,3,3,3,5),(0.,
    6.718872987002E-02,0.13546176534,0.225304354124,0.316142155489,
    0.407851451946,0.500001779402,0.592152098296,0.683861369278,
    0.774699128889,0.864256177505,0.932533634607,1.),.UNSPECIFIED.);
#4176 = CARTESIAN_POINT('',(0.83636261853,0.557127863641));
#4177 = CARTESIAN_POINT('',(0.833318503887,0.557127863641));
#4178 = CARTESIAN_POINT('',(0.830294375219,0.557127863641));
#4179 = CARTESIAN_POINT('',(0.827288642255,0.557127863641));
#4180 = CARTESIAN_POINT('',(0.821262701336,0.557127863641));
#4181 = CARTESIAN_POINT('',(0.818243045139,0.557127863641));
#4182 = CARTESIAN_POINT('',(0.815239235617,0.557127863641));
#4183 = CARTESIAN_POINT('',(0.808315851066,0.557127863641));
#4184 = CARTESIAN_POINT('',(0.804406776572,0.557127863641));
#4185 = CARTESIAN_POINT('',(0.800519140394,0.557127863641));
#4186 = CARTESIAN_POINT('',(0.792737509265,0.557127863641));
#4187 = CARTESIAN_POINT('',(0.788843922694,0.557127863641));
#4188 = CARTESIAN_POINT('',(0.784965704548,0.557127863641));
#4189 = CARTESIAN_POINT('',(0.77719668012,0.557127863641));
#4190 = CARTESIAN_POINT('',(0.77330611091,0.557127863641));
#4191 = CARTESIAN_POINT('',(0.769424822653,0.557127863641));
#4192 = CARTESIAN_POINT('',(0.76165597925,0.557127863641));
#4193 = CARTESIAN_POINT('',(0.757768484132,0.557127863641));
#4194 = CARTESIAN_POINT('',(0.753884092191,0.557127863641));
#4195 = CARTESIAN_POINT('',(0.746115308169,0.557127863641));
#4196 = CARTESIAN_POINT('',(0.742230916349,0.557127863641));
#4197 = CARTESIAN_POINT('',(0.738343421112,0.557127863641));
#4198 = CARTESIAN_POINT('',(0.730574577703,0.557127863641));
#4199 = CARTESIAN_POINT('',(0.726693289566,0.557127863641));
#4200 = CARTESIAN_POINT('',(0.722802720238,0.557127863641));
#4201 = CARTESIAN_POINT('',(0.7150336958,0.557127863641));
#4202 = CARTESIAN_POINT('',(0.711155477771,0.557127863641));
#4203 = CARTESIAN_POINT('',(0.707261891086,0.557127863641));
#4204 = CARTESIAN_POINT('',(0.69949255527,0.557127863641));
#4205 = CARTESIAN_POINT('',(0.69561733033,0.557127863641));
#4206 = CARTESIAN_POINT('',(0.69172081291,0.557127863641));
#4207 = CARTESIAN_POINT('',(0.684810148609,0.557127863641));
#4208 = CARTESIAN_POINT('',(0.681806333771,0.557127863641));
#4209 = CARTESIAN_POINT('',(0.678786682832,0.557127863641));
#4210 = CARTESIAN_POINT('',(0.672748617404,0.557127863641));
#4211 = CARTESIAN_POINT('',(0.6697306168,0.557127863641));
#4212 = CARTESIAN_POINT('',(0.666694074922,0.557127863641));
#4213 = CARTESIAN_POINT('',(0.663637381464,0.557127863641));
#4214 = ( GEOMETRIC_REPRESENTATION_CONTEXT(2) 
PARAMETRIC_REPRESENTATION_CONTEXT() REPRESENTATION_CONTEXT('2D SPACE',''
  ) );
#4215 = ADVANCED_FACE('',(#4216),#1596,.T.);
#4216 = FACE_BOUND('',#4217,.T.);
#4217 = EDGE_LOOP('',(#4218,#4241,#4242,#4265));
#4218 = ORIENTED_EDGE('',*,*,#4219,.F.);
#4219 = EDGE_CURVE('',#1535,#4220,#4222,.T.);
#4220 = VERTEX_POINT('',#4221);
#4221 = CARTESIAN_POINT('',(-24.,-26.01858391024,35.));
#4222 = SURFACE_CURVE('',#4223,(#4227,#4234),.PCURVE_S1.);
#4223 = LINE('',#4224,#4225);
#4224 = CARTESIAN_POINT('',(-24.,-60.,35.));
#4225 = VECTOR('',#4226,1.);
#4226 = DIRECTION('',(0.,1.,0.));
#4227 = PCURVE('',#1596,#4228);
#4228 = DEFINITIONAL_REPRESENTATION('',(#4229),#4233);
#4229 = LINE('',#4230,#4231);
#4230 = CARTESIAN_POINT('',(0.,0.));
#4231 = VECTOR('',#4232,1.);
#4232 = DIRECTION('',(0.,1.));
#4233 = ( GEOMETRIC_REPRESENTATION_CONTEXT(2) 
PARAMETRIC_REPRESENTATION_CONTEXT() REPRESENTATION_CONTEXT('2D SPACE',''
  ) );
#4234 = PCURVE('',#1651,#4235);
#4235 = DEFINITIONAL_REPRESENTATION('',(#4236),#4240);
#4236 = LINE('',#4237,#4238);
#4237 = CARTESIAN_POINT('',(0.,0.));
#4238 = VECTOR('',#4239,1.);
#4239 = DIRECTION('',(0.,-1.));
#4240 = ( GEOMETRIC_REPRESENTATION_CONTEXT(2) 
PARAMETRIC_REPRESENTATION_CONTEXT() REPRESENTATION_CONTEXT('2D SPACE',''
  ) );
#4241 = ORIENTED_EDGE('',*,*,#1532,.F.);
#4242 = ORIENTED_EDGE('',*,*,#4243,.T.);
#4243 = EDGE_CURVE('',#1533,#4244,#4246,.T.);
#4244 = VERTEX_POINT('',#4245);
#4245 = CARTESIAN_POINT('',(24.,-26.01858391993,35.));
#4246 = SURFACE_CURVE('',#4247,(#4251,#4258),.PCURVE_S1.);
#4247 = LINE('',#4248,#4249);
#4248 = CARTESIAN_POINT('',(24.,-60.,35.));
#4249 = VECTOR('',#4250,1.);
#4250 = DIRECTION('',(0.,1.,0.));
#4251 = PCURVE('',#1596,#4252);
#4252 = DEFINITIONAL_REPRESENTATION('',(#4253),#4257);
#4253 = LINE('',#4254,#4255);
#4254 = CARTESIAN_POINT('',(48.,0.));
#4255 = VECTOR('',#4256,1.);
#4256 = DIRECTION('',(0.,1.));
#4257 = ( GEOMETRIC_REPRESENTATION_CONTEXT(2) 
PARAMETRIC_REPRESENTATION_CONTEXT() REPRESENTATION_CONTEXT('2D SPACE',''
  ) );
#4258 = PCURVE('',#1780,#4259);
#4259 = DEFINITIONAL_REPRESENTATION('',(#4260),#4264);
#4260 = LINE('',#4261,#4262);
#4261 = CARTESIAN_POINT('',(0.,0.));
#4262 = VECTOR('',#4263,1.);
#4263 = DIRECTION('',(0.,-1.));
#4264 = ( GEOMETRIC_REPRESENTATION_CONTEXT(2) 
PARAMETRIC_REPRESENTATION_CONTEXT() REPRESENTATION_CONTEXT('2D SPACE',''
  ) );
#4265 = ORIENTED_EDGE('',*,*,#4266,.T.);
#4266 = EDGE_CURVE('',#4244,#4220,#4267,.T.);
#4267 = SURFACE_CURVE('',#4268,(#4307,#4349),.PCURVE_S1.);
#4268 = B_SPLINE_CURVE_WITH_KNOTS('',4,(#4269,#4270,#4271,#4272,#4273,
    #4274,#4275,#4276,#4277,#4278,#4279,#4280,#4281,#4282,#4283,#4284,
    #4285,#4286,#4287,#4288,#4289,#4290,#4291,#4292,#4293,#4294,#4295,
    #4296,#4297,#4298,#4299,#4300,#4301,#4302,#4303,#4304,#4305,#4306),
  .UNSPECIFIED.,.F.,.F.,(5,3,3,3,3,3,3,3,3,3,3,3,5),(0.,
    6.687035803115E-02,0.13452727399,0.224324982664,0.315299133664,
    0.407539481599,0.500001682745,0.592743554793,0.684704195395,
    0.775952007762,0.865475949843,0.933396761058,1.),.UNSPECIFIED.);
#4269 = CARTESIAN_POINT('',(24.,-26.01858391993,35.));
#4270 = CARTESIAN_POINT('',(23.248689836481,-26.36139769966,35.));
#4271 = CARTESIAN_POINT('',(22.489702091394,-26.68738344191,35.));
#4272 = CARTESIAN_POINT('',(21.723852400598,-26.99684086101,35.));
#4273 = CARTESIAN_POINT('',(20.170720145776,-27.586685441,35.));
#4274 = CARTESIAN_POINT('',(19.383292971975,-27.86668740444,35.));
#4275 = CARTESIAN_POINT('',(18.590256178149,-28.13032272445,35.));
#4276 = CARTESIAN_POINT('',(16.733017225327,-28.70633278751,35.));
#4277 = CARTESIAN_POINT('',(15.665008276092,-29.00642339225,35.));
#4278 = CARTESIAN_POINT('',(14.58960478326,-29.27865742544,35.));
#4279 = CARTESIAN_POINT('',(12.412203618084,-29.77146046524,35.));
#4280 = CARTESIAN_POINT('',(11.310046349688,-29.99130546675,35.));
#4281 = CARTESIAN_POINT('',(10.202749080008,-30.18342720902,35.));
#4282 = CARTESIAN_POINT('',(7.964552188758,-30.51509857388,35.));
#4283 = CARTESIAN_POINT('',(6.833542208126,-30.65387913202,35.));
#4284 = CARTESIAN_POINT('',(5.699474345248,-30.76476189359,35.));
#4285 = CARTESIAN_POINT('',(3.424541813313,-30.93123360429,35.));
#4286 = CARTESIAN_POINT('',(2.283670591828,-30.98668889224,35.));
#4287 = CARTESIAN_POINT('',(1.141794485221,-31.01441584976,35.));
#4288 = CARTESIAN_POINT('',(-1.145414575871,-31.01441281816,35.));
#4289 = CARTESIAN_POINT('',(-2.2907444283,-30.98651483426,35.));
#4290 = CARTESIAN_POINT('',(-3.435060207056,-30.93072052195,35.));
#4291 = CARTESIAN_POINT('',(-5.709954804617,-30.76373738026,35.));
#4292 = CARTESIAN_POINT('',(-6.84056494168,-30.65301916688,35.));
#4293 = CARTESIAN_POINT('',(-7.96813229109,-30.51457116297,35.));
#4294 = CARTESIAN_POINT('',(-10.20625442454,-30.18290467702,35.));
#4295 = CARTESIAN_POINT('',(-11.31686976312,-29.9901191995,35.));
#4296 = CARTESIAN_POINT('',(-12.42231083369,-29.7694425148,35.));
#4297 = CARTESIAN_POINT('',(-14.59959498334,-29.27612862833,35.));
#4298 = CARTESIAN_POINT('',(-15.67167415484,-29.00455223793,35.));
#4299 = CARTESIAN_POINT('',(-16.73639945939,-28.70528714685,35.));
#4300 = CARTESIAN_POINT('',(-18.5935203115,-28.12930782811,35.));
#4301 = CARTESIAN_POINT('',(-19.38962996336,-27.86457870925,35.));
#4302 = CARTESIAN_POINT('',(-20.18008371846,-27.58335405932,35.));
#4303 = CARTESIAN_POINT('',(-21.73302981726,-26.99313160066,35.));
#4304 = CARTESIAN_POINT('',(-22.49576563525,-26.68477881202,35.));
#4305 = CARTESIAN_POINT('',(-23.25169100563,-26.36002829153,35.));
#4306 = CARTESIAN_POINT('',(-24.,-26.01858391024,35.));
#4307 = PCURVE('',#1596,#4308);
#4308 = DEFINITIONAL_REPRESENTATION('',(#4309),#4348);
#4309 = B_SPLINE_CURVE_WITH_KNOTS('',4,(#4310,#4311,#4312,#4313,#4314,
    #4315,#4316,#4317,#4318,#4319,#4320,#4321,#4322,#4323,#4324,#4325,
    #4326,#4327,#4328,#4329,#4330,#4331,#4332,#4333,#4334,#4335,#4336,
    #4337,#4338,#4339,#4340,#4341,#4342,#4343,#4344,#4345,#4346,#4347),
  .UNSPECIFIED.,.F.,.F.,(5,3,3,3,3,3,3,3,3,3,3,3,5),(0.,
    6.687035803115E-02,0.13452727399,0.224324982664,0.315299133664,
    0.407539481599,0.500001682745,0.592743554793,0.684704195395,
    0.775952007762,0.865475949843,0.933396761058,1.),.UNSPECIFIED.);
#4310 = CARTESIAN_POINT('',(48.,33.981416080061));
#4311 = CARTESIAN_POINT('',(47.248689836481,33.63860230034));
#4312 = CARTESIAN_POINT('',(46.489702091394,33.312616558085));
#4313 = CARTESIAN_POINT('',(45.723852400598,33.003159138981));
#4314 = CARTESIAN_POINT('',(44.170720145776,32.413314558995));
#4315 = CARTESIAN_POINT('',(43.383292971975,32.133312595556));
#4316 = CARTESIAN_POINT('',(42.590256178149,31.869677275543));
#4317 = CARTESIAN_POINT('',(40.733017225327,31.293667212488));
#4318 = CARTESIAN_POINT('',(39.665008276092,30.993576607743));
#4319 = CARTESIAN_POINT('',(38.58960478326,30.721342574555));
#4320 = CARTESIAN_POINT('',(36.412203618084,30.228539534753));
#4321 = CARTESIAN_POINT('',(35.310046349688,30.008694533241));
#4322 = CARTESIAN_POINT('',(34.202749080008,29.816572790977));
#4323 = CARTESIAN_POINT('',(31.964552188758,29.484901426119));
#4324 = CARTESIAN_POINT('',(30.833542208126,29.346120867974));
#4325 = CARTESIAN_POINT('',(29.699474345248,29.235238106404));
#4326 = CARTESIAN_POINT('',(27.424541813313,29.068766395702));
#4327 = CARTESIAN_POINT('',(26.283670591828,29.013311107757));
#4328 = CARTESIAN_POINT('',(25.141794485221,28.985584150235));
#4329 = CARTESIAN_POINT('',(22.854585424129,28.985587181834));
#4330 = CARTESIAN_POINT('',(21.7092555717,29.013485165735));
#4331 = CARTESIAN_POINT('',(20.564939792944,29.069279478047));
#4332 = CARTESIAN_POINT('',(18.290045195383,29.23626261974));
#4333 = CARTESIAN_POINT('',(17.15943505832,29.346980833114));
#4334 = CARTESIAN_POINT('',(16.03186770891,29.485428837022));
#4335 = CARTESIAN_POINT('',(13.793745575453,29.817095322972));
#4336 = CARTESIAN_POINT('',(12.683130236872,30.009880800491));
#4337 = CARTESIAN_POINT('',(11.577689166305,30.230557485195));
#4338 = CARTESIAN_POINT('',(9.400405016656,30.723871371667));
#4339 = CARTESIAN_POINT('',(8.328325845155,30.995447762062));
#4340 = CARTESIAN_POINT('',(7.263600540609,31.294712853141));
#4341 = CARTESIAN_POINT('',(5.406479688496,31.870692171885));
#4342 = CARTESIAN_POINT('',(4.61037003664,32.135421290748));
#4343 = CARTESIAN_POINT('',(3.819916281532,32.416645940678));
#4344 = CARTESIAN_POINT('',(2.266970182737,33.006868399339));
#4345 = CARTESIAN_POINT('',(1.504234364741,33.315221187975));
#4346 = CARTESIAN_POINT('',(0.748308994362,33.639971708462));
#4347 = CARTESIAN_POINT('',(0.,33.981416089758));
#4348 = ( GEOMETRIC_REPRESENTATION_CONTEXT(2) 
PARAMETRIC_REPRESENTATION_CONTEXT() REPRESENTATION_CONTEXT('2D SPACE',''
  ) );
#4349 = PCURVE('',#2124,#4350);
#4350 = DEFINITIONAL_REPRESENTATION('',(#4351),#4390);
#4351 = B_SPLINE_CURVE_WITH_KNOTS('',4,(#4352,#4353,#4354,#4355,#4356,
    #4357,#4358,#4359,#4360,#4361,#4362,#4363,#4364,#4365,#4366,#4367,
    #4368,#4369,#4370,#4371,#4372,#4373,#4374,#4375,#4376,#4377,#4378,
    #4379,#4380,#4381,#4382,#4383,#4384,#4385,#4386,#4387,#4388,#4389),
  .UNSPECIFIED.,.F.,.F.,(5,3,3,3,3,3,3,3,3,3,3,3,5),(0.,
    6.687035803115E-02,0.13452727399,0.224324982664,0.315299133664,
    0.407539481599,0.500001682745,0.592743554793,0.684704195395,
    0.775952007762,0.865475949843,0.933396761058,1.),.UNSPECIFIED.);
#4352 = CARTESIAN_POINT('',(0.841594022263,0.630424747819));
#4353 = CARTESIAN_POINT('',(0.83836172385,0.630424747819));
#4354 = CARTESIAN_POINT('',(0.835153175313,0.630424747819));
#4355 = CARTESIAN_POINT('',(0.831966469117,0.630424747819));
#4356 = CARTESIAN_POINT('',(0.825595872214,0.630424747819));
#4357 = CARTESIAN_POINT('',(0.822412458282,0.630424747819));
#4358 = CARTESIAN_POINT('',(0.81924768149,0.630424747819));
#4359 = CARTESIAN_POINT('',(0.811921723049,0.630424747819));
#4360 = CARTESIAN_POINT('',(0.807773396129,0.630424747819));
#4361 = CARTESIAN_POINT('',(0.803650681699,0.630424747819));
#4362 = CARTESIAN_POINT('',(0.795395110922,0.630424747819));
#4363 = CARTESIAN_POINT('',(0.791262832003,0.630424747819));
#4364 = CARTESIAN_POINT('',(0.787148953297,0.630424747819));
#4365 = CARTESIAN_POINT('',(0.778893472325,0.630424747819));
#4366 = CARTESIAN_POINT('',(0.774752282408,0.630424747819));
#4367 = CARTESIAN_POINT('',(0.770622278336,0.630424747819));
#4368 = CARTESIAN_POINT('',(0.762367245833,0.630424747819));
#4369 = CARTESIAN_POINT('',(0.75824225382,0.630424747819));
#4370 = CARTESIAN_POINT('',(0.754120977061,0.630424747819));
#4371 = CARTESIAN_POINT('',(0.74586595729,0.630424747819));
#4372 = CARTESIAN_POINT('',(0.741732214614,0.630424747819));
#4373 = CARTESIAN_POINT('',(0.737594722647,0.630424747819));
#4374 = CARTESIAN_POINT('',(0.729339554306,0.630424747819));
#4375 = CARTESIAN_POINT('',(0.725222005154,0.630424747819));
#4376 = CARTESIAN_POINT('',(0.721093325944,0.630424747819));
#4377 = CARTESIAN_POINT('',(0.712838114149,0.630424747819));
#4378 = CARTESIAN_POINT('',(0.708711814263,0.630424747819));
#4379 = CARTESIAN_POINT('',(0.704566991756,0.630424747819));
#4380 = CARTESIAN_POINT('',(0.696311019563,0.630424747819));
#4381 = CARTESIAN_POINT('',(0.692200715665,0.630424747819));
#4382 = CARTESIAN_POINT('',(0.688064942491,0.630424747819));
#4383 = CARTESIAN_POINT('',(0.680739437719,0.630424747819));
#4384 = CARTESIAN_POINT('',(0.677562248083,0.630424747819));
#4385 = CARTESIAN_POINT('',(0.674366268537,0.630424747819));
#4386 = CARTESIAN_POINT('',(0.667995341157,0.630424747819));
#4387 = CARTESIAN_POINT('',(0.664821190742,0.630424747819));
#4388 = CARTESIAN_POINT('',(0.661625364392,0.630424747819));
#4389 = CARTESIAN_POINT('',(0.658405977656,0.630424747819));
#4390 = ( GEOMETRIC_REPRESENTATION_CONTEXT(2) 
PARAMETRIC_REPRESENTATION_CONTEXT() REPRESENTATION_CONTEXT('2D SPACE',''
  ) );
#4391 = ADVANCED_FACE('',(#4392),#1780,.F.);
#4392 = FACE_BOUND('',#4393,.F.);
#4393 = EDGE_LOOP('',(#4394,#4417,#4418,#4419));
#4394 = ORIENTED_EDGE('',*,*,#4395,.F.);
#4395 = EDGE_CURVE('',#1666,#4396,#4398,.T.);
#4396 = VERTEX_POINT('',#4397);
#4397 = CARTESIAN_POINT('',(24.,-25.40342902288,41.));
#4398 = SURFACE_CURVE('',#4399,(#4403,#4410),.PCURVE_S1.);
#4399 = LINE('',#4400,#4401);
#4400 = CARTESIAN_POINT('',(24.,-60.,41.));
#4401 = VECTOR('',#4402,1.);
#4402 = DIRECTION('',(0.,1.,0.));
#4403 = PCURVE('',#1780,#4404);
#4404 = DEFINITIONAL_REPRESENTATION('',(#4405),#4409);
#4405 = LINE('',#4406,#4407);
#4406 = CARTESIAN_POINT('',(6.,0.));
#4407 = VECTOR('',#4408,1.);
#4408 = DIRECTION('',(0.,-1.));
#4409 = ( GEOMETRIC_REPRESENTATION_CONTEXT(2) 
PARAMETRIC_REPRESENTATION_CONTEXT() REPRESENTATION_CONTEXT('2D SPACE',''
  ) );
#4410 = PCURVE('',#1727,#4411);
#4411 = DEFINITIONAL_REPRESENTATION('',(#4412),#4416);
#4412 = LINE('',#4413,#4414);
#4413 = CARTESIAN_POINT('',(48.,0.));
#4414 = VECTOR('',#4415,1.);
#4415 = DIRECTION('',(0.,1.));
#4416 = ( GEOMETRIC_REPRESENTATION_CONTEXT(2) 
PARAMETRIC_REPRESENTATION_CONTEXT() REPRESENTATION_CONTEXT('2D SPACE',''
  ) );
#4417 = ORIENTED_EDGE('',*,*,#1762,.F.);
#4418 = ORIENTED_EDGE('',*,*,#4243,.T.);
#4419 = ORIENTED_EDGE('',*,*,#4420,.T.);
#4420 = EDGE_CURVE('',#4244,#4396,#4421,.T.);
#4421 = SURFACE_CURVE('',#4422,(#4428,#4437),.PCURVE_S1.);
#4422 = B_SPLINE_CURVE_WITH_KNOTS('',4,(#4423,#4424,#4425,#4426,#4427),
  .UNSPECIFIED.,.F.,.F.,(5,5),(0.,1.),.PIECEWISE_BEZIER_KNOTS.);
#4423 = CARTESIAN_POINT('',(24.,-26.01858391993,35.));
#4424 = CARTESIAN_POINT('',(24.,-25.86550902654,36.500073128095));
#4425 = CARTESIAN_POINT('',(24.,-25.71199578041,38.000101484512));
#4426 = CARTESIAN_POINT('',(24.,-25.55800037988,39.500080432325));
#4427 = CARTESIAN_POINT('',(24.,-25.40342902288,41.));
#4428 = PCURVE('',#1780,#4429);
#4429 = DEFINITIONAL_REPRESENTATION('',(#4430),#4436);
#4430 = B_SPLINE_CURVE_WITH_KNOTS('',4,(#4431,#4432,#4433,#4434,#4435),
  .UNSPECIFIED.,.F.,.F.,(5,5),(0.,1.),.PIECEWISE_BEZIER_KNOTS.);
#4431 = CARTESIAN_POINT('',(0.,-33.98141608006));
#4432 = CARTESIAN_POINT('',(1.500073128095,-34.13449097345));
#4433 = CARTESIAN_POINT('',(3.000101484512,-34.28800421958));
#4434 = CARTESIAN_POINT('',(4.500080432325,-34.44199962011));
#4435 = CARTESIAN_POINT('',(6.,-34.59657097711));
#4436 = ( GEOMETRIC_REPRESENTATION_CONTEXT(2) 
PARAMETRIC_REPRESENTATION_CONTEXT() REPRESENTATION_CONTEXT('2D SPACE',''
  ) );
#4437 = PCURVE('',#2124,#4438);
#4438 = DEFINITIONAL_REPRESENTATION('',(#4439),#4445);
#4439 = B_SPLINE_CURVE_WITH_KNOTS('',4,(#4440,#4441,#4442,#4443,#4444),
  .UNSPECIFIED.,.F.,.F.,(5,5),(0.,1.),.PIECEWISE_BEZIER_KNOTS.);
#4440 = CARTESIAN_POINT('',(0.841594021882,0.630424748032));
#4441 = CARTESIAN_POINT('',(0.842013614637,0.635966687929));
#4442 = CARTESIAN_POINT('',(0.842439009257,0.641517284529));
#4443 = CARTESIAN_POINT('',(0.842870482982,0.647076411045));
#4444 = CARTESIAN_POINT('',(0.843308487365,0.652643807986));
#4445 = ( GEOMETRIC_REPRESENTATION_CONTEXT(2) 
PARAMETRIC_REPRESENTATION_CONTEXT() REPRESENTATION_CONTEXT('2D SPACE',''
  ) );
#4446 = ADVANCED_FACE('',(#4447),#1651,.T.);
#4447 = FACE_BOUND('',#4448,.T.);
#4448 = EDGE_LOOP('',(#4449,#4472,#4473,#4474));
#4449 = ORIENTED_EDGE('',*,*,#4450,.F.);
#4450 = EDGE_CURVE('',#1632,#4451,#4453,.T.);
#4451 = VERTEX_POINT('',#4452);
#4452 = CARTESIAN_POINT('',(-24.,-25.40342901409,41.));
#4453 = SURFACE_CURVE('',#4454,(#4458,#4465),.PCURVE_S1.);
#4454 = LINE('',#4455,#4456);
#4455 = CARTESIAN_POINT('',(-24.,-60.,41.));
#4456 = VECTOR('',#4457,1.);
#4457 = DIRECTION('',(0.,1.,0.));
#4458 = PCURVE('',#1651,#4459);
#4459 = DEFINITIONAL_REPRESENTATION('',(#4460),#4464);
#4460 = LINE('',#4461,#4462);
#4461 = CARTESIAN_POINT('',(6.,0.));
#4462 = VECTOR('',#4463,1.);
#4463 = DIRECTION('',(0.,-1.));
#4464 = ( GEOMETRIC_REPRESENTATION_CONTEXT(2) 
PARAMETRIC_REPRESENTATION_CONTEXT() REPRESENTATION_CONTEXT('2D SPACE',''
  ) );
#4465 = PCURVE('',#1727,#4466);
#4466 = DEFINITIONAL_REPRESENTATION('',(#4467),#4471);
#4467 = LINE('',#4468,#4469);
#4468 = CARTESIAN_POINT('',(0.,0.));
#4469 = VECTOR('',#4470,1.);
#4470 = DIRECTION('',(0.,1.));
#4471 = ( GEOMETRIC_REPRESENTATION_CONTEXT(2) 
PARAMETRIC_REPRESENTATION_CONTEXT() REPRESENTATION_CONTEXT('2D SPACE',''
  ) );
#4472 = ORIENTED_EDGE('',*,*,#1631,.F.);
#4473 = ORIENTED_EDGE('',*,*,#4219,.T.);
#4474 = ORIENTED_EDGE('',*,*,#4475,.T.);
#4475 = EDGE_CURVE('',#4220,#4451,#4476,.T.);
#4476 = SURFACE_CURVE('',#4477,(#4483,#4492),.PCURVE_S1.);
#4477 = B_SPLINE_CURVE_WITH_KNOTS('',4,(#4478,#4479,#4480,#4481,#4482),
  .UNSPECIFIED.,.F.,.F.,(5,5),(0.,1.),.PIECEWISE_BEZIER_KNOTS.);
#4478 = CARTESIAN_POINT('',(-24.,-26.01858391024,35.));
#4479 = CARTESIAN_POINT('',(-24.,-25.86550901705,36.500073128094));
#4480 = CARTESIAN_POINT('',(-24.,-25.71199577114,38.00010148451));
#4481 = CARTESIAN_POINT('',(-24.,-25.55800037084,39.500080432324));
#4482 = CARTESIAN_POINT('',(-24.,-25.40342901409,41.));
#4483 = PCURVE('',#1651,#4484);
#4484 = DEFINITIONAL_REPRESENTATION('',(#4485),#4491);
#4485 = B_SPLINE_CURVE_WITH_KNOTS('',4,(#4486,#4487,#4488,#4489,#4490),
  .UNSPECIFIED.,.F.,.F.,(5,5),(0.,1.),.PIECEWISE_BEZIER_KNOTS.);
#4486 = CARTESIAN_POINT('',(0.,-33.98141608975));
#4487 = CARTESIAN_POINT('',(1.500073128094,-34.13449098294));
#4488 = CARTESIAN_POINT('',(3.00010148451,-34.28800422885));
#4489 = CARTESIAN_POINT('',(4.500080432324,-34.44199962915));
#4490 = CARTESIAN_POINT('',(6.,-34.5965709859));
#4491 = ( GEOMETRIC_REPRESENTATION_CONTEXT(2) 
PARAMETRIC_REPRESENTATION_CONTEXT() REPRESENTATION_CONTEXT('2D SPACE',''
  ) );
#4492 = PCURVE('',#2124,#4493);
#4493 = DEFINITIONAL_REPRESENTATION('',(#4494),#4500);
#4494 = B_SPLINE_CURVE_WITH_KNOTS('',4,(#4495,#4496,#4497,#4498,#4499),
  .UNSPECIFIED.,.F.,.F.,(5,5),(0.,1.),.PIECEWISE_BEZIER_KNOTS.);
#4495 = CARTESIAN_POINT('',(0.658405978083,0.630424748032));
#4496 = CARTESIAN_POINT('',(0.657986385327,0.635966687929));
#4497 = CARTESIAN_POINT('',(0.657560990707,0.641517284529));
#4498 = CARTESIAN_POINT('',(0.657129516982,0.647076411045));
#4499 = CARTESIAN_POINT('',(0.656691512599,0.652643807986));
#4500 = ( GEOMETRIC_REPRESENTATION_CONTEXT(2) 
PARAMETRIC_REPRESENTATION_CONTEXT() REPRESENTATION_CONTEXT('2D SPACE',''
  ) );
#4501 = ADVANCED_FACE('',(#4502),#1727,.F.);
#4502 = FACE_BOUND('',#4503,.F.);
#4503 = EDGE_LOOP('',(#4504,#4505,#4506,#4507));
#4504 = ORIENTED_EDGE('',*,*,#4450,.F.);
#4505 = ORIENTED_EDGE('',*,*,#1665,.F.);
#4506 = ORIENTED_EDGE('',*,*,#4395,.T.);
#4507 = ORIENTED_EDGE('',*,*,#4508,.T.);
#4508 = EDGE_CURVE('',#4396,#4451,#4509,.T.);
#4509 = SURFACE_CURVE('',#4510,(#4549,#4591),.PCURVE_S1.);
#4510 = B_SPLINE_CURVE_WITH_KNOTS('',4,(#4511,#4512,#4513,#4514,#4515,
    #4516,#4517,#4518,#4519,#4520,#4521,#4522,#4523,#4524,#4525,#4526,
    #4527,#4528,#4529,#4530,#4531,#4532,#4533,#4534,#4535,#4536,#4537,
    #4538,#4539,#4540,#4541,#4542,#4543,#4544,#4545,#4546,#4547,#4548),
  .UNSPECIFIED.,.F.,.F.,(5,3,3,3,3,3,3,3,3,3,3,3,5),(0.,
    6.637308726641E-02,0.133760790741,0.223740507657,0.31496604378,
    0.407222454309,0.500001653639,0.592780843597,0.685037226279,
    0.776262716893,0.86597884169,0.933630017652,1.),.UNSPECIFIED.);
#4511 = CARTESIAN_POINT('',(24.,-25.40342902288,41.));
#4512 = CARTESIAN_POINT('',(23.256457841018,-25.75060500678,41.));
#4513 = CARTESIAN_POINT('',(22.504993704777,-26.08081264141,41.));
#4514 = CARTESIAN_POINT('',(21.746454356699,-26.39435991248,41.));
#4515 = CARTESIAN_POINT('',(20.204951374217,-26.99323150573,41.));
#4516 = CARTESIAN_POINT('',(19.421793280394,-27.27805062688,41.));
#4517 = CARTESIAN_POINT('',(18.632818003877,-27.54627183021,41.));
#4518 = CARTESIAN_POINT('',(16.778249386963,-28.1344574694,41.));
#4519 = CARTESIAN_POINT('',(15.708599706174,-28.44162151148,41.));
#4520 = CARTESIAN_POINT('',(14.631206728153,-28.72022862946,41.));
#4521 = CARTESIAN_POINT('',(12.448415838119,-29.22469372313,41.));
#4522 = CARTESIAN_POINT('',(11.342841399875,-29.4497674708,41.));
#4523 = CARTESIAN_POINT('',(10.231890410806,-29.64641483388,41.));
#4524 = CARTESIAN_POINT('',(7.988884161832,-29.98538284156,41.));
#4525 = CARTESIAN_POINT('',(6.856736247579,-30.12706431231,41.));
#4526 = CARTESIAN_POINT('',(5.721410054663,-30.2403124484,41.));
#4527 = CARTESIAN_POINT('',(3.440083981996,-30.4107437416,41.));
#4528 = CARTESIAN_POINT('',(2.294063601147,-30.46760552692,41.));
#4529 = CARTESIAN_POINT('',(1.146991737866,-30.49603573864,41.));
#4530 = CARTESIAN_POINT('',(-1.147155163498,-30.4960326992,41.));
#4531 = CARTESIAN_POINT('',(-2.294226835558,-30.46759945379,41.));
#4532 = CARTESIAN_POINT('',(-3.440246950176,-30.41073463455,41.));
#4533 = CARTESIAN_POINT('',(-5.72157210972,-30.24029729552,41.));
#4534 = CARTESIAN_POINT('',(-6.856897657451,-30.12704615895,41.));
#4535 = CARTESIAN_POINT('',(-7.989044849757,-29.98536168737,41.));
#4536 = CARTESIAN_POINT('',(-10.23204928285,-29.64638773325,41.));
#4537 = CARTESIAN_POINT('',(-11.34299918143,-29.44973743578,41.));
#4538 = CARTESIAN_POINT('',(-12.44857244898,-29.22466075408,41.));
#4539 = CARTESIAN_POINT('',(-14.62818616618,-28.72092353331,41.));
#4540 = CARTESIAN_POINT('',(-15.70244118267,-28.44321163699,41.));
#4541 = CARTESIAN_POINT('',(-16.76900168634,-28.13711115508,41.));
#4542 = CARTESIAN_POINT('',(-18.62370918428,-27.54936847907,41.));
#4543 = CARTESIAN_POINT('',(-19.4158140819,-27.28022658309,41.));
#4544 = CARTESIAN_POINT('',(-20.20205906755,-26.99435784785,41.));
#4545 = CARTESIAN_POINT('',(-21.74656080765,-26.39431589851,41.));
#4546 = CARTESIAN_POINT('',(-22.50506400995,-26.08078173683,41.));
#4547 = CARTESIAN_POINT('',(-23.25649262276,-25.7505887559,41.));
#4548 = CARTESIAN_POINT('',(-24.,-25.40342901409,41.));
#4549 = PCURVE('',#1727,#4550);
#4550 = DEFINITIONAL_REPRESENTATION('',(#4551),#4590);
#4551 = B_SPLINE_CURVE_WITH_KNOTS('',4,(#4552,#4553,#4554,#4555,#4556,
    #4557,#4558,#4559,#4560,#4561,#4562,#4563,#4564,#4565,#4566,#4567,
    #4568,#4569,#4570,#4571,#4572,#4573,#4574,#4575,#4576,#4577,#4578,
    #4579,#4580,#4581,#4582,#4583,#4584,#4585,#4586,#4587,#4588,#4589),
  .UNSPECIFIED.,.F.,.F.,(5,3,3,3,3,3,3,3,3,3,3,3,5),(0.,
    6.637308726641E-02,0.133760790741,0.223740507657,0.31496604378,
    0.407222454309,0.500001653639,0.592780843597,0.685037226279,
    0.776262716893,0.86597884169,0.933630017652,1.),.UNSPECIFIED.);
#4552 = CARTESIAN_POINT('',(48.,34.596570977114));
#4553 = CARTESIAN_POINT('',(47.256457841018,34.249394993217));
#4554 = CARTESIAN_POINT('',(46.504993704777,33.91918735859));
#4555 = CARTESIAN_POINT('',(45.746454356699,33.605640087515));
#4556 = CARTESIAN_POINT('',(44.204951374217,33.006768494268));
#4557 = CARTESIAN_POINT('',(43.421793280394,32.721949373114));
#4558 = CARTESIAN_POINT('',(42.632818003877,32.453728169785));
#4559 = CARTESIAN_POINT('',(40.778249386963,31.8655425306));
#4560 = CARTESIAN_POINT('',(39.708599706174,31.558378488511));
#4561 = CARTESIAN_POINT('',(38.631206728153,31.279771370537));
#4562 = CARTESIAN_POINT('',(36.448415838119,30.77530627687));
#4563 = CARTESIAN_POINT('',(35.342841399875,30.550232529195));
#4564 = CARTESIAN_POINT('',(34.231890410806,30.353585166116));
#4565 = CARTESIAN_POINT('',(31.988884161832,30.014617158431));
#4566 = CARTESIAN_POINT('',(30.856736247579,29.872935687686));
#4567 = CARTESIAN_POINT('',(29.721410054663,29.7596875516));
#4568 = CARTESIAN_POINT('',(27.440083981996,29.589256258393));
#4569 = CARTESIAN_POINT('',(26.294063601147,29.532394473072));
#4570 = CARTESIAN_POINT('',(25.146991737866,29.503964261351));
#4571 = CARTESIAN_POINT('',(22.852844836502,29.503967300794));
#4572 = CARTESIAN_POINT('',(21.705773164442,29.53240054621));
#4573 = CARTESIAN_POINT('',(20.559753049824,29.589265365443));
#4574 = CARTESIAN_POINT('',(18.27842789028,29.759702704475));
#4575 = CARTESIAN_POINT('',(17.143102342549,29.872953841044));
#4576 = CARTESIAN_POINT('',(16.010955150243,30.014638312626));
#4577 = CARTESIAN_POINT('',(13.76795071715,30.353612266748));
#4578 = CARTESIAN_POINT('',(12.657000818565,30.550262564214));
#4579 = CARTESIAN_POINT('',(11.551427551015,30.775339245914));
#4580 = CARTESIAN_POINT('',(9.371813833816,31.279076466682));
#4581 = CARTESIAN_POINT('',(8.297558817321,31.556788363002));
#4582 = CARTESIAN_POINT('',(7.230998313653,31.862888844917));
#4583 = CARTESIAN_POINT('',(5.376290815714,32.450631520929));
#4584 = CARTESIAN_POINT('',(4.584185918099,32.719773416904));
#4585 = CARTESIAN_POINT('',(3.797940932447,33.005642152141));
#4586 = CARTESIAN_POINT('',(2.253439192349,33.605684101481));
#4587 = CARTESIAN_POINT('',(1.49493599005,33.919218263167));
#4588 = CARTESIAN_POINT('',(0.743507377233,34.249411244093));
#4589 = CARTESIAN_POINT('',(0.,34.596570985908));
#4590 = ( GEOMETRIC_REPRESENTATION_CONTEXT(2) 
PARAMETRIC_REPRESENTATION_CONTEXT() REPRESENTATION_CONTEXT('2D SPACE',''
  ) );
#4591 = PCURVE('',#2124,#4592);
#4592 = DEFINITIONAL_REPRESENTATION('',(#4593),#4632);
#4593 = B_SPLINE_CURVE_WITH_KNOTS('',4,(#4594,#4595,#4596,#4597,#4598,
    #4599,#4600,#4601,#4602,#4603,#4604,#4605,#4606,#4607,#4608,#4609,
    #4610,#4611,#4612,#4613,#4614,#4615,#4616,#4617,#4618,#4619,#4620,
    #4621,#4622,#4623,#4624,#4625,#4626,#4627,#4628,#4629,#4630,#4631),
  .UNSPECIFIED.,.F.,.F.,(5,3,3,3,3,3,3,3,3,3,3,3,5),(0.,
    6.637308726641E-02,0.133760790741,0.223740507657,0.31496604378,
    0.407222454309,0.500001653639,0.592780843597,0.685037226279,
    0.776262716893,0.86597884169,0.933630017652,1.),.UNSPECIFIED.);
#4594 = CARTESIAN_POINT('',(0.843308488055,0.65264380791));
#4595 = CARTESIAN_POINT('',(0.840033603654,0.65264380791));
#4596 = CARTESIAN_POINT('',(0.836783498343,0.65264380791));
#4597 = CARTESIAN_POINT('',(0.833556190518,0.65264380791));
#4598 = CARTESIAN_POINT('',(0.827094387585,0.65264380791));
#4599 = CARTESIAN_POINT('',(0.823860540089,0.65264380791));
#4600 = CARTESIAN_POINT('',(0.820646287891,0.65264380791));
#4601 = CARTESIAN_POINT('',(0.813181631474,0.65264380791));
#4602 = CARTESIAN_POINT('',(0.808945123654,0.65264380791));
#4603 = CARTESIAN_POINT('',(0.804735857728,0.65264380791));
#4604 = CARTESIAN_POINT('',(0.796305704751,0.65264380791));
#4605 = CARTESIAN_POINT('',(0.792085466819,0.65264380791));
#4606 = CARTESIAN_POINT('',(0.787884805846,0.65264380791));
#4607 = CARTESIAN_POINT('',(0.779467382609,0.65264380791));
#4608 = CARTESIAN_POINT('',(0.775250976263,0.65264380791));
#4609 = CARTESIAN_POINT('',(0.771046405424,0.65264380791));
#4610 = CARTESIAN_POINT('',(0.762629253687,0.65264380791));
#4611 = CARTESIAN_POINT('',(0.758416763034,0.65264380791));
#4612 = CARTESIAN_POINT('',(0.754208231679,0.65264380791));
#4613 = CARTESIAN_POINT('',(0.745791168746,0.65264380791));
#4614 = CARTESIAN_POINT('',(0.741582637533,0.65264380791));
#4615 = CARTESIAN_POINT('',(0.737370146739,0.65264380791));
#4616 = CARTESIAN_POINT('',(0.728952994995,0.65264380791));
#4617 = CARTESIAN_POINT('',(0.724748424297,0.65264380791));
#4618 = CARTESIAN_POINT('',(0.720532017812,0.65264380791));
#4619 = CARTESIAN_POINT('',(0.712114594562,0.65264380791));
#4620 = CARTESIAN_POINT('',(0.707913933726,0.65264380791));
#4621 = CARTESIAN_POINT('',(0.70369369566,0.65264380791));
#4622 = CARTESIAN_POINT('',(0.695275802797,0.65264380791));
#4623 = CARTESIAN_POINT('',(0.691078932628,0.65264380791));
#4624 = CARTESIAN_POINT('',(0.686854991465,0.65264380791));
#4625 = CARTESIAN_POINT('',(0.679390820881,0.65264380791));
#4626 = CARTESIAN_POINT('',(0.676164152777,0.65264380791));
#4627 = CARTESIAN_POINT('',(0.67291774341,0.65264380791));
#4628 = CARTESIAN_POINT('',(0.666443356538,0.65264380791));
#4629 = CARTESIAN_POINT('',(0.663216197498,0.65264380791));
#4630 = CARTESIAN_POINT('',(0.659966243157,0.65264380791));
#4631 = CARTESIAN_POINT('',(0.656691511951,0.65264380791));
#4632 = ( GEOMETRIC_REPRESENTATION_CONTEXT(2) 
PARAMETRIC_REPRESENTATION_CONTEXT() REPRESENTATION_CONTEXT('2D SPACE',''
  ) );
#4633 = ADVANCED_FACE('',(#4634),#1854,.T.);
#4634 = FACE_BOUND('',#4635,.T.);
#4635 = EDGE_LOOP('',(#4636,#4659,#4660,#4683));
#4636 = ORIENTED_EDGE('',*,*,#4637,.F.);
#4637 = EDGE_CURVE('',#1799,#4638,#4640,.T.);
#4638 = VERTEX_POINT('',#4639);
#4639 = CARTESIAN_POINT('',(-24.,-30.99993480107,-17.));
#4640 = SURFACE_CURVE('',#4641,(#4645,#4652),.PCURVE_S1.);
#4641 = LINE('',#4642,#4643);
#4642 = CARTESIAN_POINT('',(-24.,-60.,-17.));
#4643 = VECTOR('',#4644,1.);
#4644 = DIRECTION('',(0.,1.,0.));
#4645 = PCURVE('',#1854,#4646);
#4646 = DEFINITIONAL_REPRESENTATION('',(#4647),#4651);
#4647 = LINE('',#4648,#4649);
#4648 = CARTESIAN_POINT('',(0.,0.));
#4649 = VECTOR('',#4650,1.);
#4650 = DIRECTION('',(0.,1.));
#4651 = ( GEOMETRIC_REPRESENTATION_CONTEXT(2) 
PARAMETRIC_REPRESENTATION_CONTEXT() REPRESENTATION_CONTEXT('2D SPACE',''
  ) );
#4652 = PCURVE('',#1906,#4653);
#4653 = DEFINITIONAL_REPRESENTATION('',(#4654),#4658);
#4654 = LINE('',#4655,#4656);
#4655 = CARTESIAN_POINT('',(0.,0.));
#4656 = VECTOR('',#4657,1.);
#4657 = DIRECTION('',(0.,-1.));
#4658 = ( GEOMETRIC_REPRESENTATION_CONTEXT(2) 
PARAMETRIC_REPRESENTATION_CONTEXT() REPRESENTATION_CONTEXT('2D SPACE',''
  ) );
#4659 = ORIENTED_EDGE('',*,*,#1796,.F.);
#4660 = ORIENTED_EDGE('',*,*,#4661,.T.);
#4661 = EDGE_CURVE('',#1797,#4662,#4664,.T.);
#4662 = VERTEX_POINT('',#4663);
#4663 = CARTESIAN_POINT('',(24.,-30.99993481447,-17.));
#4664 = SURFACE_CURVE('',#4665,(#4669,#4676),.PCURVE_S1.);
#4665 = LINE('',#4666,#4667);
#4666 = CARTESIAN_POINT('',(24.,-60.,-17.));
#4667 = VECTOR('',#4668,1.);
#4668 = DIRECTION('',(0.,1.,0.));
#4669 = PCURVE('',#1854,#4670);
#4670 = DEFINITIONAL_REPRESENTATION('',(#4671),#4675);
#4671 = LINE('',#4672,#4673);
#4672 = CARTESIAN_POINT('',(48.,0.));
#4673 = VECTOR('',#4674,1.);
#4674 = DIRECTION('',(0.,1.));
#4675 = ( GEOMETRIC_REPRESENTATION_CONTEXT(2) 
PARAMETRIC_REPRESENTATION_CONTEXT() REPRESENTATION_CONTEXT('2D SPACE',''
  ) );
#4676 = PCURVE('',#2026,#4677);
#4677 = DEFINITIONAL_REPRESENTATION('',(#4678),#4682);
#4678 = LINE('',#4679,#4680);
#4679 = CARTESIAN_POINT('',(0.,0.));
#4680 = VECTOR('',#4681,1.);
#4681 = DIRECTION('',(0.,-1.));
#4682 = ( GEOMETRIC_REPRESENTATION_CONTEXT(2) 
PARAMETRIC_REPRESENTATION_CONTEXT() REPRESENTATION_CONTEXT('2D SPACE',''
  ) );
#4683 = ORIENTED_EDGE('',*,*,#4684,.T.);
#4684 = EDGE_CURVE('',#4662,#4638,#4685,.T.);
#4685 = SURFACE_CURVE('',#4686,(#4725,#4767),.PCURVE_S1.);
#4686 = B_SPLINE_CURVE_WITH_KNOTS('',5,(#4687,#4688,#4689,#4690,#4691,
    #4692,#4693,#4694,#4695,#4696,#4697,#4698,#4699,#4700,#4701,#4702,
    #4703,#4704,#4705,#4706,#4707,#4708,#4709,#4710,#4711,#4712,#4713,
    #4714,#4715,#4716,#4717,#4718,#4719,#4720,#4721,#4722,#4723,#4724),
  .UNSPECIFIED.,.F.,.F.,(6,4,4,4,4,4,4,4,4,6),(0.,0.121847649666,
    0.246380888273,0.372856909665,0.500001969818,0.591654879163,
    0.682937852829,0.773488469929,0.862959390119,1.),.UNSPECIFIED.);
#4687 = CARTESIAN_POINT('',(24.,-30.99993481447,-17.));
#4688 = CARTESIAN_POINT('',(22.884760163234,-31.42977510362,-17.));
#4689 = CARTESIAN_POINT('',(21.75864597416,-31.83138917263,-17.));
#4690 = CARTESIAN_POINT('',(20.62292707452,-32.20527002032,-17.));
#4691 = CARTESIAN_POINT('',(19.478735004469,-32.55185031125,-17.));
#4692 = CARTESIAN_POINT('',(17.150014452572,-33.19821710971,-17.));
#4693 = CARTESIAN_POINT('',(15.965160586061,-33.49680170995,-17.));
#4694 = CARTESIAN_POINT('',(14.773571230909,-33.76767021862,-17.));
#4695 = CARTESIAN_POINT('',(13.576218665077,-34.01115708725,-17.));
#4696 = CARTESIAN_POINT('',(11.152992527028,-34.44728735471,-17.));
#4697 = CARTESIAN_POINT('',(9.926971889369,-34.63907744378,-17.));
#4698 = CARTESIAN_POINT('',(8.696845142509,-34.80318769433,-17.));
#4699 = CARTESIAN_POINT('',(7.463482108799,-34.93983003514,-17.));
#4700 = CARTESIAN_POINT('',(4.985378225025,-35.15903886315,-17.));
#4701 = CARTESIAN_POINT('',(3.740617379685,-35.24131537773,-17.));
#4702 = CARTESIAN_POINT('',(2.494246184451,-35.29611818102,-17.));
#4703 = CARTESIAN_POINT('',(1.247077216579,-35.32351884293,-17.));
#4704 = CARTESIAN_POINT('',(-0.899121861662,-35.32351598913,-17.));
#4705 = CARTESIAN_POINT('',(-1.798148823719,-35.30927575995,-17.));
#4706 = CARTESIAN_POINT('',(-2.696876026207,-35.28079652125,-17.));
#4707 = CARTESIAN_POINT('',(-3.595000866642,-35.23805895986,-17.));
#4708 = CARTESIAN_POINT('',(-5.385812468717,-35.12422009719,-17.));
#4709 = CARTESIAN_POINT('',(-6.278505501926,-35.05323398471,-17.));
#4710 = CARTESIAN_POINT('',(-7.169994286192,-34.96802794335,-17.));
#4711 = CARTESIAN_POINT('',(-8.059966416346,-34.86854466068,-17.));
#4712 = CARTESIAN_POINT('',(-9.829106691608,-34.64178395788,-17.));
#4713 = CARTESIAN_POINT('',(-10.70830309967,-34.51473596562,-17.));
#4714 = CARTESIAN_POINT('',(-11.58537376465,-34.3734890343,-17.));
#4715 = CARTESIAN_POINT('',(-12.45998658649,-34.21794980354,-17.));
#4716 = CARTESIAN_POINT('',(-14.19320246216,-33.8800889458,-17.));
#4717 = CARTESIAN_POINT('',(-15.05187079284,-33.69810887061,-17.));
#4718 = CARTESIAN_POINT('',(-15.90746024849,-33.50195781149,-17.));
#4719 = CARTESIAN_POINT('',(-16.75960900844,-33.29150986416,-17.));
#4720 = CARTESIAN_POINT('',(-18.90728498593,-32.72216471443,-17.));
#4721 = CARTESIAN_POINT('',(-20.19765130399,-32.34383236404,-17.));
#4722 = CARTESIAN_POINT('',(-21.47765270432,-31.93110267024,-17.));
#4723 = CARTESIAN_POINT('',(-22.74570290958,-31.4833711046,-17.));
#4724 = CARTESIAN_POINT('',(-24.,-30.99993480107,-17.));
#4725 = PCURVE('',#1854,#4726);
#4726 = DEFINITIONAL_REPRESENTATION('',(#4727),#4766);
#4727 = B_SPLINE_CURVE_WITH_KNOTS('',5,(#4728,#4729,#4730,#4731,#4732,
    #4733,#4734,#4735,#4736,#4737,#4738,#4739,#4740,#4741,#4742,#4743,
    #4744,#4745,#4746,#4747,#4748,#4749,#4750,#4751,#4752,#4753,#4754,
    #4755,#4756,#4757,#4758,#4759,#4760,#4761,#4762,#4763,#4764,#4765),
  .UNSPECIFIED.,.F.,.F.,(6,4,4,4,4,4,4,4,4,6),(0.,0.121847649666,
    0.246380888273,0.372856909665,0.500001969818,0.591654879163,
    0.682937852829,0.773488469929,0.862959390119,1.),.UNSPECIFIED.);
#4728 = CARTESIAN_POINT('',(48.,29.000065185524));
#4729 = CARTESIAN_POINT('',(46.884760163234,28.570224896372));
#4730 = CARTESIAN_POINT('',(45.75864597416,28.168610827367));
#4731 = CARTESIAN_POINT('',(44.62292707452,27.794729979672));
#4732 = CARTESIAN_POINT('',(43.478735004469,27.448149688743));
#4733 = CARTESIAN_POINT('',(41.150014452572,26.801782890281));
#4734 = CARTESIAN_POINT('',(39.965160586061,26.503198290045));
#4735 = CARTESIAN_POINT('',(38.773571230909,26.232329781371));
#4736 = CARTESIAN_POINT('',(37.576218665077,25.988842912747));
#4737 = CARTESIAN_POINT('',(35.152992527028,25.552712645286));
#4738 = CARTESIAN_POINT('',(33.926971889369,25.360922556212));
#4739 = CARTESIAN_POINT('',(32.696845142509,25.196812305664));
#4740 = CARTESIAN_POINT('',(31.463482108799,25.060169964857));
#4741 = CARTESIAN_POINT('',(28.985378225025,24.840961136849));
#4742 = CARTESIAN_POINT('',(27.740617379685,24.75868462227));
#4743 = CARTESIAN_POINT('',(26.494246184451,24.703881818974));
#4744 = CARTESIAN_POINT('',(25.247077216579,24.676481157061));
#4745 = CARTESIAN_POINT('',(23.100878138338,24.676484010866));
#4746 = CARTESIAN_POINT('',(22.201851176281,24.690724240045));
#4747 = CARTESIAN_POINT('',(21.303123973793,24.719203478741));
#4748 = CARTESIAN_POINT('',(20.404999133358,24.761941040133));
#4749 = CARTESIAN_POINT('',(18.614187531283,24.875779902809));
#4750 = CARTESIAN_POINT('',(17.721494498074,24.946766015284));
#4751 = CARTESIAN_POINT('',(16.830005713808,25.031972056649));
#4752 = CARTESIAN_POINT('',(15.940033583654,25.131455339313));
#4753 = CARTESIAN_POINT('',(14.170893308392,25.358216042115));
#4754 = CARTESIAN_POINT('',(13.291696900326,25.485264034377));
#4755 = CARTESIAN_POINT('',(12.414626235349,25.626510965693));
#4756 = CARTESIAN_POINT('',(11.540013413506,25.782050196458));
#4757 = CARTESIAN_POINT('',(9.80679753784,26.119911054194));
#4758 = CARTESIAN_POINT('',(8.948129207158,26.301891129381));
#4759 = CARTESIAN_POINT('',(8.092539751507,26.498042188509));
#4760 = CARTESIAN_POINT('',(7.24039099156,26.708490135838));
#4761 = CARTESIAN_POINT('',(5.092715014065,27.277835285561));
#4762 = CARTESIAN_POINT('',(3.802348696008,27.656167635959));
#4763 = CARTESIAN_POINT('',(2.522347295676,28.068897329753));
#4764 = CARTESIAN_POINT('',(1.254297090413,28.516628895398));
#4765 = CARTESIAN_POINT('',(0.,29.000065198929));
#4766 = ( GEOMETRIC_REPRESENTATION_CONTEXT(2) 
PARAMETRIC_REPRESENTATION_CONTEXT() REPRESENTATION_CONTEXT('2D SPACE',''
  ) );
#4767 = PCURVE('',#2124,#4768);
#4768 = DEFINITIONAL_REPRESENTATION('',(#4769),#4808);
#4769 = B_SPLINE_CURVE_WITH_KNOTS('',5,(#4770,#4771,#4772,#4773,#4774,
    #4775,#4776,#4777,#4778,#4779,#4780,#4781,#4782,#4783,#4784,#4785,
    #4786,#4787,#4788,#4789,#4790,#4791,#4792,#4793,#4794,#4795,#4796,
    #4797,#4798,#4799,#4800,#4801,#4802,#4803,#4804,#4805,#4806,#4807),
  .UNSPECIFIED.,.F.,.F.,(6,4,4,4,4,4,4,4,4,6),(0.,0.121847649666,
    0.246380888273,0.372856909665,0.500001969818,0.591654879163,
    0.682937852829,0.773488469929,0.862959390119,1.),.UNSPECIFIED.);
#4770 = CARTESIAN_POINT('',(0.829571531737,0.442046110287));
#4771 = CARTESIAN_POINT('',(0.825531620538,0.442046110287));
#4772 = CARTESIAN_POINT('',(0.82152233799,0.442046110287));
#4773 = CARTESIAN_POINT('',(0.817540739709,0.442046110287));
#4774 = CARTESIAN_POINT('',(0.813584114165,0.442046110287));
#4775 = CARTESIAN_POINT('',(0.805628713929,0.442046110287));
#4776 = CARTESIAN_POINT('',(0.80163095912,0.442046110287));
#4777 = CARTESIAN_POINT('',(0.797653646782,0.442046110287));
#4778 = CARTESIAN_POINT('',(0.793694122658,0.442046110287));
#4779 = CARTESIAN_POINT('',(0.785743838457,0.442046110287));
#4780 = CARTESIAN_POINT('',(0.781753567206,0.442046110287));
#4781 = CARTESIAN_POINT('',(0.777776211671,0.442046110287));
#4782 = CARTESIAN_POINT('',(0.773809122611,0.442046110287));
#4783 = CARTESIAN_POINT('',(0.765869380416,0.442046110287));
#4784 = CARTESIAN_POINT('',(0.761896810056,0.442046110287));
#4785 = CARTESIAN_POINT('',(0.757929396461,0.442046110287));
#4786 = CARTESIAN_POINT('',(0.753964548462,0.442046110287));
#4787 = CARTESIAN_POINT('',(0.747141626739,0.442046110287));
#4788 = CARTESIAN_POINT('',(0.744283553472,0.442046110287));
#4789 = CARTESIAN_POINT('',(0.74142451757,0.442046110287));
#4790 = CARTESIAN_POINT('',(0.738563551502,0.442046110287));
#4791 = CARTESIAN_POINT('',(0.732847373518,0.442046110287));
#4792 = CARTESIAN_POINT('',(0.729992185143,0.442046110287));
#4793 = CARTESIAN_POINT('',(0.72713315691,0.442046110287));
#4794 = CARTESIAN_POINT('',(0.724269313621,0.442046110287));
#4795 = CARTESIAN_POINT('',(0.718553040713,0.442046110287));
#4796 = CARTESIAN_POINT('',(0.715700704168,0.442046110287));
#4797 = CARTESIAN_POINT('',(0.712841689853,0.442046110287));
#4798 = CARTESIAN_POINT('',(0.709975008651,0.442046110287));
#4799 = CARTESIAN_POINT('',(0.704258573274,0.442046110287));
#4800 = CARTESIAN_POINT('',(0.70140902542,0.442046110287));
#4801 = CARTESIAN_POINT('',(0.698550028299,0.442046110287));
#4802 = CARTESIAN_POINT('',(0.695680575598,0.442046110287));
#4803 = CARTESIAN_POINT('',(0.688386953424,0.442046110287));
#4804 = CARTESIAN_POINT('',(0.683947342446,0.442046110287));
#4805 = CARTESIAN_POINT('',(0.679476998951,0.442046110287));
#4806 = CARTESIAN_POINT('',(0.674972108711,0.442046110287));
#4807 = CARTESIAN_POINT('',(0.670428468232,0.442046110287));
#4808 = ( GEOMETRIC_REPRESENTATION_CONTEXT(2) 
PARAMETRIC_REPRESENTATION_CONTEXT() REPRESENTATION_CONTEXT('2D SPACE',''
  ) );
#4809 = ADVANCED_FACE('',(#4810),#2026,.F.);
#4810 = FACE_BOUND('',#4811,.F.);
#4811 = EDGE_LOOP('',(#4812,#4835,#4836,#4837));
#4812 = ORIENTED_EDGE('',*,*,#4813,.F.);
#4813 = EDGE_CURVE('',#1921,#4814,#4816,.T.);
#4814 = VERTEX_POINT('',#4815);
#4815 = CARTESIAN_POINT('',(24.,-30.48716017496,-11.));
#4816 = SURFACE_CURVE('',#4817,(#4821,#4828),.PCURVE_S1.);
#4817 = LINE('',#4818,#4819);
#4818 = CARTESIAN_POINT('',(24.,-60.,-11.));
#4819 = VECTOR('',#4820,1.);
#4820 = DIRECTION('',(0.,1.,0.));
#4821 = PCURVE('',#2026,#4822);
#4822 = DEFINITIONAL_REPRESENTATION('',(#4823),#4827);
#4823 = LINE('',#4824,#4825);
#4824 = CARTESIAN_POINT('',(6.,0.));
#4825 = VECTOR('',#4826,1.);
#4826 = DIRECTION('',(0.,-1.));
#4827 = ( GEOMETRIC_REPRESENTATION_CONTEXT(2) 
PARAMETRIC_REPRESENTATION_CONTEXT() REPRESENTATION_CONTEXT('2D SPACE',''
  ) );
#4828 = PCURVE('',#1976,#4829);
#4829 = DEFINITIONAL_REPRESENTATION('',(#4830),#4834);
#4830 = LINE('',#4831,#4832);
#4831 = CARTESIAN_POINT('',(48.,0.));
#4832 = VECTOR('',#4833,1.);
#4833 = DIRECTION('',(0.,1.));
#4834 = ( GEOMETRIC_REPRESENTATION_CONTEXT(2) 
PARAMETRIC_REPRESENTATION_CONTEXT() REPRESENTATION_CONTEXT('2D SPACE',''
  ) );
#4835 = ORIENTED_EDGE('',*,*,#2008,.F.);
#4836 = ORIENTED_EDGE('',*,*,#4661,.T.);
#4837 = ORIENTED_EDGE('',*,*,#4838,.T.);
#4838 = EDGE_CURVE('',#4662,#4814,#4839,.T.);
#4839 = SURFACE_CURVE('',#4840,(#4846,#4855),.PCURVE_S1.);
#4840 = B_SPLINE_CURVE_WITH_KNOTS('',4,(#4841,#4842,#4843,#4844,#4845),
  .UNSPECIFIED.,.F.,.F.,(5,5),(0.,1.),.PIECEWISE_BEZIER_KNOTS.);
#4841 = CARTESIAN_POINT('',(24.,-30.99993481447,-17.));
#4842 = CARTESIAN_POINT('',(24.,-30.875471312,-15.49968440628));
#4843 = CARTESIAN_POINT('',(24.,-30.74833759902,-13.9995903807));
#4844 = CARTESIAN_POINT('',(24.,-30.61881777296,-12.49970136382));
#4845 = CARTESIAN_POINT('',(24.,-30.48716017496,-11.));
#4846 = PCURVE('',#2026,#4847);
#4847 = DEFINITIONAL_REPRESENTATION('',(#4848),#4854);
#4848 = B_SPLINE_CURVE_WITH_KNOTS('',4,(#4849,#4850,#4851,#4852,#4853),
  .UNSPECIFIED.,.F.,.F.,(5,5),(0.,1.),.PIECEWISE_BEZIER_KNOTS.);
#4849 = CARTESIAN_POINT('',(0.,-29.00006518552));
#4850 = CARTESIAN_POINT('',(1.500315593713,-29.12452868799));
#4851 = CARTESIAN_POINT('',(3.0004096193,-29.25166240097));
#4852 = CARTESIAN_POINT('',(4.500298636175,-29.38118222703));
#4853 = CARTESIAN_POINT('',(6.,-29.51283982503));
#4854 = ( GEOMETRIC_REPRESENTATION_CONTEXT(2) 
PARAMETRIC_REPRESENTATION_CONTEXT() REPRESENTATION_CONTEXT('2D SPACE',''
  ) );
#4855 = PCURVE('',#2124,#4856);
#4856 = DEFINITIONAL_REPRESENTATION('',(#4857),#4863);
#4857 = B_SPLINE_CURVE_WITH_KNOTS('',4,(#4858,#4859,#4860,#4861,#4862),
  .UNSPECIFIED.,.F.,.F.,(5,5),(0.,1.),.PIECEWISE_BEZIER_KNOTS.);
#4858 = CARTESIAN_POINT('',(0.829571531794,0.442046110317));
#4859 = CARTESIAN_POINT('',(0.829835571671,0.447394253807));
#4860 = CARTESIAN_POINT('',(0.830107431457,0.452745755777));
#4861 = CARTESIAN_POINT('',(0.830386753452,0.458101267394));
#4862 = CARTESIAN_POINT('',(0.830673223536,0.463461372081));
#4863 = ( GEOMETRIC_REPRESENTATION_CONTEXT(2) 
PARAMETRIC_REPRESENTATION_CONTEXT() REPRESENTATION_CONTEXT('2D SPACE',''
  ) );
#4864 = ADVANCED_FACE('',(#4865),#1906,.T.);
#4865 = FACE_BOUND('',#4866,.T.);
#4866 = EDGE_LOOP('',(#4867,#4890,#4891,#4892));
#4867 = ORIENTED_EDGE('',*,*,#4868,.F.);
#4868 = EDGE_CURVE('',#1887,#4869,#4871,.T.);
#4869 = VERTEX_POINT('',#4870);
#4870 = CARTESIAN_POINT('',(-24.,-30.4871601617,-11.));
#4871 = SURFACE_CURVE('',#4872,(#4876,#4883),.PCURVE_S1.);
#4872 = LINE('',#4873,#4874);
#4873 = CARTESIAN_POINT('',(-24.,-60.,-11.));
#4874 = VECTOR('',#4875,1.);
#4875 = DIRECTION('',(0.,1.,0.));
#4876 = PCURVE('',#1906,#4877);
#4877 = DEFINITIONAL_REPRESENTATION('',(#4878),#4882);
#4878 = LINE('',#4879,#4880);
#4879 = CARTESIAN_POINT('',(6.,0.));
#4880 = VECTOR('',#4881,1.);
#4881 = DIRECTION('',(0.,-1.));
#4882 = ( GEOMETRIC_REPRESENTATION_CONTEXT(2) 
PARAMETRIC_REPRESENTATION_CONTEXT() REPRESENTATION_CONTEXT('2D SPACE',''
  ) );
#4883 = PCURVE('',#1976,#4884);
#4884 = DEFINITIONAL_REPRESENTATION('',(#4885),#4889);
#4885 = LINE('',#4886,#4887);
#4886 = CARTESIAN_POINT('',(0.,0.));
#4887 = VECTOR('',#4888,1.);
#4888 = DIRECTION('',(0.,1.));
#4889 = ( GEOMETRIC_REPRESENTATION_CONTEXT(2) 
PARAMETRIC_REPRESENTATION_CONTEXT() REPRESENTATION_CONTEXT('2D SPACE',''
  ) );
#4890 = ORIENTED_EDGE('',*,*,#1886,.F.);
#4891 = ORIENTED_EDGE('',*,*,#4637,.T.);
#4892 = ORIENTED_EDGE('',*,*,#4893,.T.);
#4893 = EDGE_CURVE('',#4638,#4869,#4894,.T.);
#4894 = SURFACE_CURVE('',#4895,(#4901,#4910),.PCURVE_S1.);
#4895 = B_SPLINE_CURVE_WITH_KNOTS('',4,(#4896,#4897,#4898,#4899,#4900),
  .UNSPECIFIED.,.F.,.F.,(5,5),(0.,1.),.PIECEWISE_BEZIER_KNOTS.);
#4896 = CARTESIAN_POINT('',(-24.,-30.99993480107,-17.));
#4897 = CARTESIAN_POINT('',(-24.,-30.87547129862,-15.49968440628));
#4898 = CARTESIAN_POINT('',(-24.,-30.74833758568,-13.9995903807));
#4899 = CARTESIAN_POINT('',(-24.,-30.61881775966,-12.49970136382));
#4900 = CARTESIAN_POINT('',(-24.,-30.4871601617,-11.));
#4901 = PCURVE('',#1906,#4902);
#4902 = DEFINITIONAL_REPRESENTATION('',(#4903),#4909);
#4903 = B_SPLINE_CURVE_WITH_KNOTS('',4,(#4904,#4905,#4906,#4907,#4908),
  .UNSPECIFIED.,.F.,.F.,(5,5),(0.,1.),.PIECEWISE_BEZIER_KNOTS.);
#4904 = CARTESIAN_POINT('',(0.,-29.00006519892));
#4905 = CARTESIAN_POINT('',(1.500315593713,-29.12452870137));
#4906 = CARTESIAN_POINT('',(3.000409619299,-29.25166241431));
#4907 = CARTESIAN_POINT('',(4.500298636174,-29.38118224033));
#4908 = CARTESIAN_POINT('',(6.,-29.51283983829));
#4909 = ( GEOMETRIC_REPRESENTATION_CONTEXT(2) 
PARAMETRIC_REPRESENTATION_CONTEXT() REPRESENTATION_CONTEXT('2D SPACE',''
  ) );
#4910 = PCURVE('',#2124,#4911);
#4911 = DEFINITIONAL_REPRESENTATION('',(#4912),#4918);
#4912 = B_SPLINE_CURVE_WITH_KNOTS('',4,(#4913,#4914,#4915,#4916,#4917),
  .UNSPECIFIED.,.F.,.F.,(5,5),(0.,1.),.PIECEWISE_BEZIER_KNOTS.);
#4913 = CARTESIAN_POINT('',(0.670428468175,0.442046110317));
#4914 = CARTESIAN_POINT('',(0.670164428298,0.447394253807));
#4915 = CARTESIAN_POINT('',(0.669892568512,0.452745755777));
#4916 = CARTESIAN_POINT('',(0.669613246516,0.458101267394));
#4917 = CARTESIAN_POINT('',(0.669326776432,0.463461372081));
#4918 = ( GEOMETRIC_REPRESENTATION_CONTEXT(2) 
PARAMETRIC_REPRESENTATION_CONTEXT() REPRESENTATION_CONTEXT('2D SPACE',''
  ) );
#4919 = ADVANCED_FACE('',(#4920),#1976,.F.);
#4920 = FACE_BOUND('',#4921,.F.);
#4921 = EDGE_LOOP('',(#4922,#4923,#4924,#4925));
#4922 = ORIENTED_EDGE('',*,*,#4868,.F.);
#4923 = ORIENTED_EDGE('',*,*,#1920,.F.);
#4924 = ORIENTED_EDGE('',*,*,#4813,.T.);
#4925 = ORIENTED_EDGE('',*,*,#4926,.T.);
#4926 = EDGE_CURVE('',#4814,#4869,#4927,.T.);
#4927 = SURFACE_CURVE('',#4928,(#4971,#5017),.PCURVE_S1.);
#4928 = B_SPLINE_CURVE_WITH_KNOTS('',5,(#4929,#4930,#4931,#4932,#4933,
    #4934,#4935,#4936,#4937,#4938,#4939,#4940,#4941,#4942,#4943,#4944,
    #4945,#4946,#4947,#4948,#4949,#4950,#4951,#4952,#4953,#4954,#4955,
    #4956,#4957,#4958,#4959,#4960,#4961,#4962,#4963,#4964,#4965,#4966,
    #4967,#4968,#4969,#4970),.UNSPECIFIED.,.F.,.F.,(6,4,4,4,4,4,4,4,4,4,
    6),(0.,0.121913627299,0.246275757424,0.372630441775,0.500002036085,
    0.591718193241,0.683053553411,0.773635271578,0.863106463385,
    0.932149510683,1.),.UNSPECIFIED.);
#4929 = CARTESIAN_POINT('',(24.,-30.48716017496,-11.));
#4930 = CARTESIAN_POINT('',(22.885826868771,-30.92355151518,-11.));
#4931 = CARTESIAN_POINT('',(21.760407326984,-31.33121607116,-11.));
#4932 = CARTESIAN_POINT('',(20.62506611861,-31.71066765612,-11.));
#4933 = CARTESIAN_POINT('',(19.48098080878,-32.06235744736,-11.));
#4934 = CARTESIAN_POINT('',(17.154257153666,-32.71752240582,-11.));
#4935 = CARTESIAN_POINT('',(15.971314324526,-33.01988501571,-11.));
#4936 = CARTESIAN_POINT('',(14.781456819942,-33.29419162344,-11.));
#4937 = CARTESIAN_POINT('',(13.585685460604,-33.54078929542,-11.));
#4938 = CARTESIAN_POINT('',(11.164884027642,-33.98264356174,-11.));
#4939 = CARTESIAN_POINT('',(9.939698970326,-34.17701332508,-11.));
#4940 = CARTESIAN_POINT('',(8.710298895806,-34.34336413058,-11.));
#4941 = CARTESIAN_POINT('',(7.477576764103,-34.48191638664,-11.));
#4942 = CARTESIAN_POINT('',(4.997219700985,-34.7046095359,-11.));
#4943 = CARTESIAN_POINT('',(3.749550631169,-34.78830344509,-11.));
#4944 = CARTESIAN_POINT('',(2.500219166016,-34.8440488257,-11.));
#4945 = CARTESIAN_POINT('',(1.25006438307,-34.87192078217,-11.));
#4946 = CARTESIAN_POINT('',(-0.900291146175,-34.87191792369,-11.));
#4947 = CARTESIAN_POINT('',(-1.800488541066,-34.85746434256,-11.));
#4948 = CARTESIAN_POINT('',(-2.700377556591,-34.82855840311,-11.));
#4949 = CARTESIAN_POINT('',(-3.599646802814,-34.78517992715,-11.));
#4950 = CARTESIAN_POINT('',(-5.392586035323,-34.66963749672,-11.));
#4951 = CARTESIAN_POINT('',(-6.286262658582,-34.59759381415,-11.));
#4952 = CARTESIAN_POINT('',(-7.178700245822,-34.51111764564,-11.));
#4953 = CARTESIAN_POINT('',(-8.06957702852,-34.41014912906,-11.));
#4954 = CARTESIAN_POINT('',(-9.840208466149,-34.18002099832,-11.));
#4955 = CARTESIAN_POINT('',(-10.71999303684,-34.05110091079,-11.));
#4956 = CARTESIAN_POINT('',(-11.59758991276,-33.90777020068,-11.));
#4957 = CARTESIAN_POINT('',(-12.47265647053,-33.7499314169,-11.));
#4958 = CARTESIAN_POINT('',(-14.20631406685,-33.40711812487,-11.));
#4959 = CARTESIAN_POINT('',(-15.06497421292,-33.2225001251,-11.));
#4960 = CARTESIAN_POINT('',(-15.92046450985,-33.02350078406,-11.));
#4961 = CARTESIAN_POINT('',(-16.77241085872,-32.80998883173,-11.));
#4962 = CARTESIAN_POINT('',(-18.274797924,-32.40573717167,-11.));
#4963 = CARTESIAN_POINT('',(-18.92683357573,-32.22092864695,-11.));
#4964 = CARTESIAN_POINT('',(-19.57633525633,-32.02732011913,-11.));
#4965 = CARTESIAN_POINT('',(-20.22310577442,-31.82483648003,-11.));
#4966 = CARTESIAN_POINT('',(-21.49964379683,-31.40560833136,-11.));
#4967 = CARTESIAN_POINT('',(-22.1295115217,-31.18917066627,-11.));
#4968 = CARTESIAN_POINT('',(-22.75633905933,-30.96400603849,-11.));
#4969 = CARTESIAN_POINT('',(-23.3799118496,-30.73003184064,-11.));
#4970 = CARTESIAN_POINT('',(-24.,-30.4871601617,-11.));
#4971 = PCURVE('',#1976,#4972);
#4972 = DEFINITIONAL_REPRESENTATION('',(#4973),#5016);
#4973 = B_SPLINE_CURVE_WITH_KNOTS('',5,(#4974,#4975,#4976,#4977,#4978,
    #4979,#4980,#4981,#4982,#4983,#4984,#4985,#4986,#4987,#4988,#4989,
    #4990,#4991,#4992,#4993,#4994,#4995,#4996,#4997,#4998,#4999,#5000,
    #5001,#5002,#5003,#5004,#5005,#5006,#5007,#5008,#5009,#5010,#5011,
    #5012,#5013,#5014,#5015),.UNSPECIFIED.,.F.,.F.,(6,4,4,4,4,4,4,4,4,4,
    6),(0.,0.121913627299,0.246275757424,0.372630441775,0.500002036085,
    0.591718193241,0.683053553411,0.773635271578,0.863106463385,
    0.932149510683,1.),.UNSPECIFIED.);
#4974 = CARTESIAN_POINT('',(48.,29.512839825038));
#4975 = CARTESIAN_POINT('',(46.885826868771,29.076448484818));
#4976 = CARTESIAN_POINT('',(45.760407326984,28.668783928839));
#4977 = CARTESIAN_POINT('',(44.62506611861,28.28933234388));
#4978 = CARTESIAN_POINT('',(43.48098080878,27.937642552632));
#4979 = CARTESIAN_POINT('',(41.154257153666,27.282477594176));
#4980 = CARTESIAN_POINT('',(39.971314324526,26.980114984285));
#4981 = CARTESIAN_POINT('',(38.781456819942,26.705808376551));
#4982 = CARTESIAN_POINT('',(37.585685460604,26.459210704577));
#4983 = CARTESIAN_POINT('',(35.164884027642,26.017356438253));
#4984 = CARTESIAN_POINT('',(33.939698970326,25.82298667492));
#4985 = CARTESIAN_POINT('',(32.710298895806,25.656635869414));
#4986 = CARTESIAN_POINT('',(31.477576764103,25.51808361336));
#4987 = CARTESIAN_POINT('',(28.997219700985,25.295390464094));
#4988 = CARTESIAN_POINT('',(27.749550631169,25.211696554908));
#4989 = CARTESIAN_POINT('',(26.500219166016,25.155951174291));
#4990 = CARTESIAN_POINT('',(25.25006438307,25.128079217823));
#4991 = CARTESIAN_POINT('',(23.099708853825,25.128082076302));
#4992 = CARTESIAN_POINT('',(22.199511458934,25.142535657435));
#4993 = CARTESIAN_POINT('',(21.299622443409,25.171441596884));
#4994 = CARTESIAN_POINT('',(20.400353197186,25.214820072849));
#4995 = CARTESIAN_POINT('',(18.607413964677,25.330362503275));
#4996 = CARTESIAN_POINT('',(17.713737341418,25.402406185843));
#4997 = CARTESIAN_POINT('',(16.821299754178,25.488882354351));
#4998 = CARTESIAN_POINT('',(15.93042297148,25.589850870937));
#4999 = CARTESIAN_POINT('',(14.159791533851,25.819979001673));
#5000 = CARTESIAN_POINT('',(13.280006963156,25.94889908921));
#5001 = CARTESIAN_POINT('',(12.402410087237,26.092229799311));
#5002 = CARTESIAN_POINT('',(11.527343529469,26.250068583095));
#5003 = CARTESIAN_POINT('',(9.793685933148,26.592881875129));
#5004 = CARTESIAN_POINT('',(8.935025787073,26.777499874899));
#5005 = CARTESIAN_POINT('',(8.079535490143,26.976499215933));
#5006 = CARTESIAN_POINT('',(7.227589141273,27.190011168263));
#5007 = CARTESIAN_POINT('',(5.725202075998,27.594262828322));
#5008 = CARTESIAN_POINT('',(5.073166424262,27.779071353043));
#5009 = CARTESIAN_POINT('',(4.423664743669,27.972679880868));
#5010 = CARTESIAN_POINT('',(3.776894225578,28.175163519965));
#5011 = CARTESIAN_POINT('',(2.500356203165,28.594391668634));
#5012 = CARTESIAN_POINT('',(1.870488478298,28.810829333724));
#5013 = CARTESIAN_POINT('',(1.243660940669,29.035993961507));
#5014 = CARTESIAN_POINT('',(0.620088150398,29.269968159354));
#5015 = CARTESIAN_POINT('',(0.,29.512839838296));
#5016 = ( GEOMETRIC_REPRESENTATION_CONTEXT(2) 
PARAMETRIC_REPRESENTATION_CONTEXT() REPRESENTATION_CONTEXT('2D SPACE',''
  ) );
#5017 = PCURVE('',#2124,#5018);
#5018 = DEFINITIONAL_REPRESENTATION('',(#5019),#5062);
#5019 = B_SPLINE_CURVE_WITH_KNOTS('',5,(#5020,#5021,#5022,#5023,#5024,
    #5025,#5026,#5027,#5028,#5029,#5030,#5031,#5032,#5033,#5034,#5035,
    #5036,#5037,#5038,#5039,#5040,#5041,#5042,#5043,#5044,#5045,#5046,
    #5047,#5048,#5049,#5050,#5051,#5052,#5053,#5054,#5055,#5056,#5057,
    #5058,#5059,#5060,#5061),.UNSPECIFIED.,.F.,.F.,(6,4,4,4,4,4,4,4,4,4,
    6),(0.,0.121913627299,0.246275757424,0.372630441775,0.500002036085,
    0.591718193241,0.683053553411,0.773635271578,0.863106463385,
    0.932149510683,1.),.UNSPECIFIED.);
#5020 = CARTESIAN_POINT('',(0.830673223457,0.463461372023));
#5021 = CARTESIAN_POINT('',(0.826570517156,0.463461372023));
#5022 = CARTESIAN_POINT('',(0.822499805218,0.463461372023));
#5023 = CARTESIAN_POINT('',(0.818457999238,0.463461372023));
#5024 = CARTESIAN_POINT('',(0.814442260756,0.463461372023));
#5025 = CARTESIAN_POINT('',(0.806377099533,0.463461372023));
#5026 = CARTESIAN_POINT('',(0.802328649057,0.463461372023));
#5027 = CARTESIAN_POINT('',(0.798301443233,0.463461372023));
#5028 = CARTESIAN_POINT('',(0.79429272387,0.463461372023));
#5029 = CARTESIAN_POINT('',(0.78624279662,0.463461372023));
#5030 = CARTESIAN_POINT('',(0.782202110666,0.463461372023));
#5031 = CARTESIAN_POINT('',(0.778174859205,0.463461372023));
#5032 = CARTESIAN_POINT('',(0.774158288861,0.463461372023));
#5033 = CARTESIAN_POINT('',(0.766108898334,0.463461372023));
#5034 = CARTESIAN_POINT('',(0.762076208826,0.463461372023));
#5035 = CARTESIAN_POINT('',(0.758048916267,0.463461372023));
#5036 = CARTESIAN_POINT('',(0.75402430838,0.463461372023));
#5037 = CARTESIAN_POINT('',(0.747101709936,0.463461372023));
#5038 = CARTESIAN_POINT('',(0.744203719868,0.463461372023));
#5039 = CARTESIAN_POINT('',(0.741304725723,0.463461372023));
#5040 = CARTESIAN_POINT('',(0.738403718166,0.463461372023));
#5041 = CARTESIAN_POINT('',(0.73260770432,0.463461372023));
#5042 = CARTESIAN_POINT('',(0.729712723291,0.463461372023));
#5043 = CARTESIAN_POINT('',(0.726813737388,0.463461372023));
#5044 = CARTESIAN_POINT('',(0.723909729035,0.463461372023));
#5045 = CARTESIAN_POINT('',(0.718113613384,0.463461372023));
#5046 = CARTESIAN_POINT('',(0.71522160594,0.463461372023));
#5047 = CARTESIAN_POINT('',(0.712322634953,0.463461372023));
#5048 = CARTESIAN_POINT('',(0.709415667929,0.463461372023));
#5049 = CARTESIAN_POINT('',(0.7036193779,0.463461372023));
#5050 = CARTESIAN_POINT('',(0.700730276159,0.463461372023));
#5051 = CARTESIAN_POINT('',(0.697831323478,0.463461372023));
#5052 = CARTESIAN_POINT('',(0.694921469058,0.463461372023));
#5053 = CARTESIAN_POINT('',(0.689744908622,0.463461372023));
#5054 = CARTESIAN_POINT('',(0.687483050811,0.463461372023));
#5055 = CARTESIAN_POINT('',(0.685213559174,0.463461372023));
#5056 = CARTESIAN_POINT('',(0.682935922624,0.463461372023));
#5057 = CARTESIAN_POINT('',(0.678402801549,0.463461372023));
#5058 = CARTESIAN_POINT('',(0.676147614418,0.463461372023));
#5059 = CARTESIAN_POINT('',(0.67388355749,0.463461372023));
#5060 = CARTESIAN_POINT('',(0.67161011964,0.463461372023));
#5061 = CARTESIAN_POINT('',(0.669326776512,0.463461372023));
#5062 = ( GEOMETRIC_REPRESENTATION_CONTEXT(2) 
PARAMETRIC_REPRESENTATION_CONTEXT() REPRESENTATION_CONTEXT('2D SPACE',''
  ) );
#5063 = ADVANCED_FACE('',(#5064,#5070,#5076,#5082,#5088,#5094),#2124,.F.
  );
#5064 = FACE_BOUND('',#5065,.F.);
#5065 = EDGE_LOOP('',(#5066,#5067,#5068,#5069));
#5066 = ORIENTED_EDGE('',*,*,#2086,.T.);
#5067 = ORIENTED_EDGE('',*,*,#2661,.T.);
#5068 = ORIENTED_EDGE('',*,*,#2712,.F.);
#5069 = ORIENTED_EDGE('',*,*,#2233,.F.);
#5070 = FACE_BOUND('',#5071,.F.);
#5071 = EDGE_LOOP('',(#5072,#5073,#5074,#5075));
#5072 = ORIENTED_EDGE('',*,*,#2808,.T.);
#5073 = ORIENTED_EDGE('',*,*,#3287,.T.);
#5074 = ORIENTED_EDGE('',*,*,#3119,.F.);
#5075 = ORIENTED_EDGE('',*,*,#2998,.F.);
#5076 = FACE_BOUND('',#5077,.F.);
#5077 = EDGE_LOOP('',(#5078,#5079,#5080,#5081));
#5078 = ORIENTED_EDGE('',*,*,#3430,.T.);
#5079 = ORIENTED_EDGE('',*,*,#3639,.T.);
#5080 = ORIENTED_EDGE('',*,*,#3672,.F.);
#5081 = ORIENTED_EDGE('',*,*,#3584,.F.);
#5082 = FACE_BOUND('',#5083,.F.);
#5083 = EDGE_LOOP('',(#5084,#5085,#5086,#5087));
#5084 = ORIENTED_EDGE('',*,*,#4684,.T.);
#5085 = ORIENTED_EDGE('',*,*,#4893,.T.);
#5086 = ORIENTED_EDGE('',*,*,#4926,.F.);
#5087 = ORIENTED_EDGE('',*,*,#4838,.F.);
#5088 = FACE_BOUND('',#5089,.F.);
#5089 = EDGE_LOOP('',(#5090,#5091,#5092,#5093));
#5090 = ORIENTED_EDGE('',*,*,#3848,.T.);
#5091 = ORIENTED_EDGE('',*,*,#4057,.T.);
#5092 = ORIENTED_EDGE('',*,*,#4090,.F.);
#5093 = ORIENTED_EDGE('',*,*,#4002,.F.);
#5094 = FACE_BOUND('',#5095,.F.);
#5095 = EDGE_LOOP('',(#5096,#5097,#5098,#5099));
#5096 = ORIENTED_EDGE('',*,*,#4266,.T.);
#5097 = ORIENTED_EDGE('',*,*,#4475,.T.);
#5098 = ORIENTED_EDGE('',*,*,#4508,.F.);
#5099 = ORIENTED_EDGE('',*,*,#4420,.F.);
#5100 = ( GEOMETRIC_REPRESENTATION_CONTEXT(3) 
GLOBAL_UNCERTAINTY_ASSIGNED_CONTEXT((#5104)) 
GLOBAL_UNIT_ASSIGNED_CONTEXT((#5101,#5102,#5103)) REPRESENTATION_CONTEXT
('Context #1','3D Context with UNIT and UNCERTAINTY') );
#5101 = ( LENGTH_UNIT() NAMED_UNIT(*) SI_UNIT(.MILLI.,.METRE.) );
#5102 = ( NAMED_UNIT(*) PLANE_ANGLE_UNIT() SI_UNIT($,.RADIAN.) );
#5103 = ( NAMED_UNIT(*) SI_UNIT($,.STERADIAN.) SOLID_ANGLE_UNIT() );
#5104 = UNCERTAINTY_MEASURE_WITH_UNIT(LENGTH_MEASURE(5.E-06),#5101,
  'distance_accuracy_value','confusion accuracy');
#5105 = PRODUCT_RELATED_PRODUCT_CATEGORY('part',$,(#7));
ENDSEC;
END-ISO-10303-21;
