ISO-10303-21;
HEADER;
FILE_DESCRIPTION(('Open CASCADE Model'),'2;1');
FILE_NAME('Open CASCADE Shape Model','2026-09-05T04:29:44',('Author'),(
    'Open CASCADE'),'Open CASCADE STEP processor 7.8','Open CASCADE 7.8'
  ,'Unknown');
FILE_SCHEMA(('AUTOMOTIVE_DESIGN { 1 0 10303 214 1 1 1 1 }'));
ENDSEC;
DATA;
#1 = APPLICATION_PROTOCOL_DEFINITION('international standard',
  'automotive_design',2000,#2);
#2 = APPLICATION_CONTEXT(
  'core data for automotive mechanical design processes');
#3 = SHAPE_DEFINITION_REPRESENTATION(#4,#10);
#4 = PRODUCT_DEFINITION_SHAPE('','',#5);
#5 = PRODUCT_DEFINITION('design','',#6,#9);
#6 = PRODUCT_DEFINITION_FORMATION('','',#7);
#7 = PRODUCT('Open CASCADE STEP translator 7.8 4',
  'Open CASCADE STEP translator 7.8 4','',(#8));
#8 = PRODUCT_CONTEXT('',#2,'mechanical');
#9 = PRODUCT_DEFINITION_CONTEXT('part definition',#2,'design');
#10 = ADVANCED_BREP_SHAPE_REPRESENTATION('',(#11,#15),#1844);
#11 = AXIS2_PLACEMENT_3D('',#12,#13,#14);
#12 = CARTESIAN_POINT('',(0.,0.,0.));
#13 = DIRECTION('',(0.,0.,1.));
#14 = DIRECTION('',(1.,0.,-0.));
#15 = MANIFOLD_SOLID_BREP('',#16);
#16 = CLOSED_SHELL('',(#17,#913,#1784,#1789,#1813,#1838));
#17 = ADVANCED_FACE('',(#18),#55,.T.);
#18 = FACE_BOUND('',#19,.T.);
#19 = EDGE_LOOP('',(#20,#266,#298,#350,#645,#863));
#20 = ORIENTED_EDGE('',*,*,#21,.T.);
#21 = EDGE_CURVE('',#22,#24,#26,.T.);
#22 = VERTEX_POINT('',#23);
#23 = CARTESIAN_POINT('',(16.565136855282,-17.56415575977,-33.));
#24 = VERTEX_POINT('',#25);
#25 = CARTESIAN_POINT('',(34.621447391394,-1.311047636809E-14,
    -33.0830903963));
#26 = SURFACE_CURVE('',#27,(#54,#160),.PCURVE_S1.);
#27 = B_SPLINE_CURVE_WITH_KNOTS('',7,(#28,#29,#30,#31,#32,#33,#34,#35,
    #36,#37,#38,#39,#40,#41,#42,#43,#44,#45,#46,#47,#48,#49,#50,#51,#52,
    #53),.UNSPECIFIED.,.F.,.F.,(8,6,6,6,8),(0.,0.347889959226,
    0.649649717211,0.789012471782,1.),.UNSPECIFIED.);
#28 = CARTESIAN_POINT('',(16.565136855279,-17.56415575977,-33.));
#29 = CARTESIAN_POINT('',(17.838463912845,-17.16269976624,
    -33.00449241418));
#30 = CARTESIAN_POINT('',(19.098149968145,-16.71889991067,
    -33.00926769991));
#31 = CARTESIAN_POINT('',(20.342157737422,-16.23073536928,
    -33.01428221595));
#32 = CARTESIAN_POINT('',(21.567479429924,-15.69586711532,
    -33.01948473583));
#33 = CARTESIAN_POINT('',(22.770109429296,-15.11158408433,
    -33.02481523542));
#34 = CARTESIAN_POINT('',(23.945037608817,-14.47479197147,
    -33.03020612283));
#35 = CARTESIAN_POINT('',(26.075550603565,-13.17983024327,
    -33.04024892358));
#36 = CARTESIAN_POINT('',(27.038810154462,-12.53614839322,
    -33.04490049847));
#37 = CARTESIAN_POINT('',(27.972131969155,-11.84739496851,
    -33.04949320659));
#38 = CARTESIAN_POINT('',(28.86979024254,-11.11078524541,-33.05397221583
    ));
#39 = CARTESIAN_POINT('',(29.724027440443,-10.3237892856,-33.05827334045
    ));
#40 = CARTESIAN_POINT('',(30.525193028418,-9.4843034298,-33.0623277574)
  );
#41 = CARTESIAN_POINT('',(31.601715508538,-8.177732179984,
    -33.06778845243));
#42 = CARTESIAN_POINT('',(31.927895494723,-7.753505535434,
    -33.06944503995));
#43 = CARTESIAN_POINT('',(32.238955593822,-7.317744326368,
    -33.07102568004));
#44 = CARTESIAN_POINT('',(32.533545389627,-6.870484781448,
    -33.07252254551));
#45 = CARTESIAN_POINT('',(32.810192204584,-6.411909732023,
    -33.07392754524));
#46 = CARTESIAN_POINT('',(33.067350909906,-5.942380923626,
    -33.07523257076));
#47 = CARTESIAN_POINT('',(33.660946894329,-4.735944228275,
    -33.07824228243));
#48 = CARTESIAN_POINT('',(33.970361953796,-3.985317783196,
    -33.07980846494));
#49 = CARTESIAN_POINT('',(34.225976825001,-3.213188279137,
    -33.08109925327));
#50 = CARTESIAN_POINT('',(34.422397090652,-2.423153536567,
    -33.08208876945));
#51 = CARTESIAN_POINT('',(34.555154672468,-1.619963868645,
    -33.08275680863));
#52 = CARTESIAN_POINT('',(34.621447397362,-0.80968974408,-33.08309039645
    ));
#53 = CARTESIAN_POINT('',(34.621447391392,-8.171241461241E-14,
    -33.0830903963));
#54 = PCURVE('',#55,#131);
#55 = ( BOUNDED_SURFACE() B_SPLINE_SURFACE(14,4,(
    (#56,#57,#58,#59,#60)
    ,(#61,#62,#63,#64,#65)
    ,(#66,#67,#68,#69,#70)
    ,(#71,#72,#73,#74,#75)
    ,(#76,#77,#78,#79,#80)
    ,(#81,#82,#83,#84,#85)
    ,(#86,#87,#88,#89,#90)
    ,(#91,#92,#93,#94,#95)
    ,(#96,#97,#98,#99,#100)
    ,(#101,#102,#103,#104,#105)
    ,(#106,#107,#108,#109,#110)
    ,(#111,#112,#113,#114,#115)
    ,(#116,#117,#118,#119,#120)
    ,(#121,#122,#123,#124,#125)
    ,(#126,#127,#128,#129,#130
)),.UNSPECIFIED.,.T.,.F.,.F.) B_SPLINE_SURFACE_WITH_KNOTS((15,15),(5,5),
  (0.,1.),(0.,1.),.PIECEWISE_BEZIER_KNOTS.) 
GEOMETRIC_REPRESENTATION_ITEM() RATIONAL_B_SPLINE_SURFACE((
    (1.,1.,1.,1.,1.)
    ,(1.,1.,1.,1.,1.)
    ,(1.,1.,1.,1.,1.)
    ,(1.,1.,1.,1.,1.)
    ,(1.,1.,1.,1.,1.)
    ,(1.,1.,1.,1.,1.)
    ,(1.,1.,1.,1.,1.)
    ,(1.,1.,1.,1.,1.)
    ,(1.,1.,1.,1.,1.)
    ,(1.,1.,1.,1.,1.)
    ,(1.,1.,1.,1.,1.)
    ,(1.,1.,1.,1.,1.)
    ,(1.,1.,1.,1.,1.)
    ,(1.,1.,1.,1.,1.)
,(1.,1.,1.,1.,1.))) REPRESENTATION_ITEM('') SURFACE() );
#56 = CARTESIAN_POINT('',(33.8,-1.806939060149E-14,-33.));
#57 = CARTESIAN_POINT('',(60.542336890518,1.266533165219E-13,
    -36.24195956737));
#58 = CARTESIAN_POINT('',(57.74331556118,-9.142528828614E-14,
    9.980642475925));
#59 = CARTESIAN_POINT('',(41.188811903466,8.032061666658E-14,
    14.728851902534));
#60 = CARTESIAN_POINT('',(29.12,-1.172842520672E-14,33.));
#61 = CARTESIAN_POINT('',(33.800000000004,9.043298852842,-33.));
#62 = CARTESIAN_POINT('',(60.542336890494,16.198297211553,
    -36.24195956737));
#63 = CARTESIAN_POINT('',(57.743315561243,15.449410040635,9.980642475925
    ));
#64 = CARTESIAN_POINT('',(41.188811903452,11.020199273267,
    14.728851902534));
#65 = CARTESIAN_POINT('',(29.120000000002,7.791149780908,33.));
#66 = CARTESIAN_POINT('',(26.468294591444,18.086601043743,-33.));
#67 = CARTESIAN_POINT('',(47.409834558512,32.396600402196,
    -36.24195956737));
#68 = CARTESIAN_POINT('',(45.217961152399,30.898825784001,9.980642475925
    ));
#69 = CARTESIAN_POINT('',(32.254367080937,22.040402614328,
    14.728851902534));
#70 = CARTESIAN_POINT('',(22.803453801867,15.582302437695,33.));
#71 = CARTESIAN_POINT('',(11.804874401508,24.841309833483,-33.));
#72 = CARTESIAN_POINT('',(21.144813105075,44.495590199464,
    -36.24195956737));
#73 = CARTESIAN_POINT('',(20.167236324034,42.438449487102,9.980642475925
    ));
#74 = CARTESIAN_POINT('',(14.385466013572,30.271717105494,
    14.728851902534));
#75 = CARTESIAN_POINT('',(10.170353330509,21.401743856514,33.));
#76 = CARTESIAN_POINT('',(-7.997438778154,27.019086555824,-33.));
#77 = CARTESIAN_POINT('',(-14.32495954839,48.396409489149,
    -36.24195956737));
#78 = CARTESIAN_POINT('',(-13.66268139361,46.15892429516,9.980642475925)
  );
#79 = CARTESIAN_POINT('',(-9.745710104248,32.925564318162,
    14.728851902534));
#80 = CARTESIAN_POINT('',(-6.890101101133,23.277982263531,33.));
#81 = CARTESIAN_POINT('',(-28.55341732166,23.151883749474,-33.));
#82 = CARTESIAN_POINT('',(-51.14469263075,41.469501349626,
    -36.24195956737));
#83 = CARTESIAN_POINT('',(-48.78014753431,39.552264176509,9.980642475925
    ));
#84 = CARTESIAN_POINT('',(-34.79530577797,28.212975886511,
    14.728851902534));
#85 = CARTESIAN_POINT('',(-24.59986723104,19.946238307153,33.));
#86 = CARTESIAN_POINT('',(-44.24560951601,13.417587691913,-33.));
#87 = CARTESIAN_POINT('',(-79.25244370315,24.033494505678,
    -36.24195956737));
#88 = CARTESIAN_POINT('',(-75.5884080654,22.922366869429,9.980642475925)
  );
#89 = CARTESIAN_POINT('',(-53.91787242205,16.350724723241,
    14.728851902534));
#90 = CARTESIAN_POINT('',(-38.11929435214,11.559767857764,33.));
#91 = CARTESIAN_POINT('',(-50.15340674929,4.515913186803E-10,-33.));
#92 = CARTESIAN_POINT('',(-89.83445111573,1.170493314065E-09,
    -36.24195956737));
#93 = CARTESIAN_POINT('',(-85.68118320252,-3.024835542223E-11,
    9.980642475925));
#94 = CARTESIAN_POINT('',(-61.11713718827,3.869950505737E-10,
    14.728851902534));
#95 = CARTESIAN_POINT('',(-43.20908889182,2.611123462933E-10,33.));
#96 = CARTESIAN_POINT('',(-44.24560951601,-13.41758769273,-33.));
#97 = CARTESIAN_POINT('',(-79.25244370302,-24.03349450781,
    -36.24195956737));
#98 = CARTESIAN_POINT('',(-75.58840806558,-22.92236686938,9.980642475925
    ));
#99 = CARTESIAN_POINT('',(-53.91787242203,-16.35072472394,
    14.728851902534));
#100 = CARTESIAN_POINT('',(-38.11929435214,-11.55976785824,33.));
#101 = CARTESIAN_POINT('',(-28.55341732165,-23.15188374884,-33.));
#102 = CARTESIAN_POINT('',(-51.14469263094,-41.46950134801,
    -36.24195956737));
#103 = CARTESIAN_POINT('',(-48.78014753405,-39.55226417651,
    9.980642475925));
#104 = CARTESIAN_POINT('',(-34.795305778,-28.21297588597,14.728851902534
    ));
#105 = CARTESIAN_POINT('',(-24.59986723105,-19.94623830678,33.));
#106 = CARTESIAN_POINT('',(-7.997438778157,-27.01908655621,-33.));
#107 = CARTESIAN_POINT('',(-14.32495954824,-48.39640949013,
    -36.24195956737));
#108 = CARTESIAN_POINT('',(-13.66268139383,-46.15892429517,
    9.980642475925));
#109 = CARTESIAN_POINT('',(-9.745710104225,-32.92556431849,
    14.728851902534));
#110 = CARTESIAN_POINT('',(-6.890101101129,-23.27798226376,33.));
#111 = CARTESIAN_POINT('',(11.804874401511,-24.84130983329,-33.));
#112 = CARTESIAN_POINT('',(21.144813104981,-44.49559019898,
    -36.24195956737));
#113 = CARTESIAN_POINT('',(20.167236324168,-42.43844948708,
    9.980642475925));
#114 = CARTESIAN_POINT('',(14.385466013558,-30.27171710533,
    14.728851902534));
#115 = CARTESIAN_POINT('',(10.170353330507,-21.4017438564,33.));
#116 = CARTESIAN_POINT('',(26.468294591443,-18.08660104381,-33.));
#117 = CARTESIAN_POINT('',(47.409834558551,-32.39660040236,
    -36.24195956737));
#118 = CARTESIAN_POINT('',(45.217961152344,-30.89882578401,
    9.980642475925));
#119 = CARTESIAN_POINT('',(32.254367080942,-22.04040261438,
    14.728851902534));
#120 = CARTESIAN_POINT('',(22.803453801868,-15.58230243773,33.));
#121 = CARTESIAN_POINT('',(33.800000000004,-9.043298852827,-33.));
#122 = CARTESIAN_POINT('',(60.542336890485,-16.19829721151,
    -36.24195956737));
#123 = CARTESIAN_POINT('',(57.743315561256,-15.44941004063,
    9.980642475925));
#124 = CARTESIAN_POINT('',(41.18881190345,-11.02019927325,
    14.728851902534));
#125 = CARTESIAN_POINT('',(29.120000000002,-7.791149780899,33.));
#126 = CARTESIAN_POINT('',(33.8,1.03523186432E-14,-33.));
#127 = CARTESIAN_POINT('',(60.542336890518,-2.000104199533E-13,
    -36.24195956737));
#128 = CARTESIAN_POINT('',(57.74331556118,2.662642545601E-13,
    9.980642475925));
#129 = CARTESIAN_POINT('',(41.188811903466,-1.685489825112E-13,
    14.728851902534));
#130 = CARTESIAN_POINT('',(29.12,9.587856706086E-15,33.));
#131 = DEFINITIONAL_REPRESENTATION('',(#132),#159);
#132 = B_SPLINE_CURVE_WITH_KNOTS('',7,(#133,#134,#135,#136,#137,#138,
    #139,#140,#141,#142,#143,#144,#145,#146,#147,#148,#149,#150,#151,
    #152,#153,#154,#155,#156,#157,#158),.UNSPECIFIED.,.F.,.F.,(8,6,6,6,8
    ),(0.,0.347889959226,0.649649717211,0.789012471782,1.),
  .UNSPECIFIED.);
#133 = CARTESIAN_POINT('',(0.831518560125,0.));
#134 = CARTESIAN_POINT('',(0.838298913356,3.46427385837E-04));
#135 = CARTESIAN_POINT('',(0.845169840448,7.210768489668E-04));
#136 = CARTESIAN_POINT('',(0.852148006606,1.122451529693E-03));
#137 = CARTESIAN_POINT('',(0.859249825728,1.548523493823E-03));
#138 = CARTESIAN_POINT('',(0.866493284992,1.996476592777E-03));
#139 = CARTESIAN_POINT('',(0.873899110248,2.462476743952E-03));
#140 = CARTESIAN_POINT('',(0.888087579881,3.356650416466E-03));
#141 = CARTESIAN_POINT('',(0.894817639488,3.781330509917E-03));
#142 = CARTESIAN_POINT('',(0.901709570377,4.212122490255E-03));
#143 = CARTESIAN_POINT('',(0.908782126056,4.64449842713E-03));
#144 = CARTESIAN_POINT('',(0.916052436775,5.072279724609E-03));
#145 = CARTESIAN_POINT('',(0.923537414195,5.48740222587E-03));
#146 = CARTESIAN_POINT('',(0.934823630569,6.061291531226E-03));
#147 = CARTESIAN_POINT('',(0.938438322,6.237730890128E-03));
#148 = CARTESIAN_POINT('',(0.942103434256,6.408300741566E-03));
#149 = CARTESIAN_POINT('',(0.945819583145,6.571882844151E-03));
#150 = CARTESIAN_POINT('',(0.949586651173,6.727256976707E-03));
#151 = CARTESIAN_POINT('',(0.953403666607,6.873139267199E-03));
#152 = CARTESIAN_POINT('',(0.963119780615,7.212785207625E-03));
#153 = CARTESIAN_POINT('',(0.969083320291,7.392715138528E-03));
#154 = CARTESIAN_POINT('',(0.975147359105,7.543367128703E-03));
#155 = CARTESIAN_POINT('',(0.981295986727,7.660262186966E-03));
#156 = CARTESIAN_POINT('',(0.987508290835,7.739640282432E-03));
#157 = CARTESIAN_POINT('',(0.993756398072,7.779277190683E-03));
#158 = CARTESIAN_POINT('',(1.,7.779277225297E-03));
#159 = ( GEOMETRIC_REPRESENTATION_CONTEXT(2) 
PARAMETRIC_REPRESENTATION_CONTEXT() REPRESENTATION_CONTEXT('2D SPACE',''
  ) );
#160 = PCURVE('',#161,#237);
#161 = ( BOUNDED_SURFACE() B_SPLINE_SURFACE(14,4,(
    (#162,#163,#164,#165,#166)
    ,(#167,#168,#169,#170,#171)
    ,(#172,#173,#174,#175,#176)
    ,(#177,#178,#179,#180,#181)
    ,(#182,#183,#184,#185,#186)
    ,(#187,#188,#189,#190,#191)
    ,(#192,#193,#194,#195,#196)
    ,(#197,#198,#199,#200,#201)
    ,(#202,#203,#204,#205,#206)
    ,(#207,#208,#209,#210,#211)
    ,(#212,#213,#214,#215,#216)
    ,(#217,#218,#219,#220,#221)
    ,(#222,#223,#224,#225,#226)
    ,(#227,#228,#229,#230,#231)
    ,(#232,#233,#234,#235,#236
)),.UNSPECIFIED.,.T.,.F.,.F.) B_SPLINE_SURFACE_WITH_KNOTS((15,15),(5,5),
  (0.,1.),(0.,1.),.PIECEWISE_BEZIER_KNOTS.) 
GEOMETRIC_REPRESENTATION_ITEM() RATIONAL_B_SPLINE_SURFACE((
    (1.,1.,1.,1.,1.)
    ,(1.,1.,1.,1.,1.)
    ,(1.,1.,1.,1.,1.)
    ,(1.,1.,1.,1.,1.)
    ,(1.,1.,1.,1.,1.)
    ,(1.,1.,1.,1.,1.)
    ,(1.,1.,1.,1.,1.)
    ,(1.,1.,1.,1.,1.)
    ,(1.,1.,1.,1.,1.)
    ,(1.,1.,1.,1.,1.)
    ,(1.,1.,1.,1.,1.)
    ,(1.,1.,1.,1.,1.)
    ,(1.,1.,1.,1.,1.)
    ,(1.,1.,1.,1.,1.)
,(1.,1.,1.,1.,1.))) REPRESENTATION_ITEM('') SURFACE() );
#162 = CARTESIAN_POINT('',(30.8,9.446570959896E-15,-33.));
#163 = CARTESIAN_POINT('',(57.542336890518,-1.612832885879E-13,
    -36.24195956737));
#164 = CARTESIAN_POINT('',(54.743315561179,1.59361652789E-13,
    9.980642475925));
#165 = CARTESIAN_POINT('',(38.188811903467,-1.013094500636E-13,
    14.728851902533));
#166 = CARTESIAN_POINT('',(26.12,-1.922995571154E-14,33.));
#167 = CARTESIAN_POINT('',(30.800000000004,7.696902001302,-33.));
#168 = CARTESIAN_POINT('',(57.542336890502,14.851900360011,
    -36.24195956737));
#169 = CARTESIAN_POINT('',(54.743315561218,14.103013189086,
    9.980642475925));
#170 = CARTESIAN_POINT('',(38.188811903427,9.673802421735,
    14.728851902533));
#171 = CARTESIAN_POINT('',(26.120000000002,6.444752929369,33.));
#172 = CARTESIAN_POINT('',(24.119037675043,15.393806843684,-33.));
#173 = CARTESIAN_POINT('',(45.060577642069,29.703806202145,
    -36.24195956737));
#174 = CARTESIAN_POINT('',(42.86870423612,28.206031583983,9.980642475925
    ));
#175 = CARTESIAN_POINT('',(29.905110164648,19.347608414233,
    14.728851902533));
#176 = CARTESIAN_POINT('',(20.454196885463,12.889508237631,33.));
#177 = CARTESIAN_POINT('',(10.757104484216,21.142851793749,-33.));
#178 = CARTESIAN_POINT('',(20.097043187929,40.797132159709,
    -36.24195956737));
#179 = CARTESIAN_POINT('',(19.119466406363,38.739991447262,
    9.980642475925));
#180 = CARTESIAN_POINT('',(13.337696095971,26.573259065861,
    14.728851902533));
#181 = CARTESIAN_POINT('',(9.122583413225,17.703285816798,33.));
#182 = CARTESIAN_POINT('',(-7.287606933939,22.996393768378,-33.));
#183 = CARTESIAN_POINT('',(-13.61512770456,44.373716701756,
    -36.24195956737));
#184 = CARTESIAN_POINT('',(-12.9528495485,42.136231507912,9.980642475925
    ));
#185 = CARTESIAN_POINT('',(-9.035878259416,28.902871530513,
    14.728851902533));
#186 = CARTESIAN_POINT('',(-6.180269256937,19.255289476048,33.));
#187 = CARTESIAN_POINT('',(-26.01909034045,19.704953166384,-33.));
#188 = CARTESIAN_POINT('',(-48.61036564876,38.022570766433,
    -36.24195956737));
#189 = CARTESIAN_POINT('',(-46.24582055477,36.105333593141,
    9.980642475925));
#190 = CARTESIAN_POINT('',(-32.26097879771,24.766045303745,
    14.728851902533));
#191 = CARTESIAN_POINT('',(-22.0655402498,16.499307724129,33.));
#192 = CARTESIAN_POINT('',(-40.31848441102,11.419931956206,-33.));
#193 = CARTESIAN_POINT('',(-75.32531859946,22.03583877014,
    -36.24195956737));
#194 = CARTESIAN_POINT('',(-71.66128295785,20.924711134024,
    9.980642475925));
#195 = CARTESIAN_POINT('',(-49.99074731589,14.353068987114,
    14.728851902533));
#196 = CARTESIAN_POINT('',(-34.19216924721,9.562112121967,33.));
#197 = CARTESIAN_POINT('',(-45.70192094318,3.1156972651E-10,-33.));
#198 = CARTESIAN_POINT('',(-85.38296530789,8.052059483739E-10,
    -36.24195956737));
#199 = CARTESIAN_POINT('',(-81.2296973996,-4.261130303668E-10,
    9.980642475925));
#200 = CARTESIAN_POINT('',(-56.66565138329,6.971706663459E-10,
    14.728851902533));
#201 = CARTESIAN_POINT('',(-38.75760308563,2.201053680444E-10,33.));
#202 = CARTESIAN_POINT('',(-40.31848441099,-11.41993195677,-33.));
#203 = CARTESIAN_POINT('',(-75.32531859982,-22.03583877161,
    -36.24195956737));
#204 = CARTESIAN_POINT('',(-71.66128295731,-20.92471113325,
    9.980642475925));
#205 = CARTESIAN_POINT('',(-49.99074731613,-14.35306898838,
    14.728851902533));
#206 = CARTESIAN_POINT('',(-34.1921692472,-9.56211212237,33.));
#207 = CARTESIAN_POINT('',(-26.01909034049,-19.70495316594,-33.));
#208 = CARTESIAN_POINT('',(-48.61036564824,-38.02257076532,
    -36.24195956737));
#209 = CARTESIAN_POINT('',(-46.24582055556,-36.1053335937,9.980642475925
    ));
#210 = CARTESIAN_POINT('',(-32.26097879736,-24.76604530278,
    14.728851902533));
#211 = CARTESIAN_POINT('',(-22.06554024982,-16.49930772382,33.));
#212 = CARTESIAN_POINT('',(-7.28760693391,-22.99639376865,-33.));
#213 = CARTESIAN_POINT('',(-13.615127705,-44.37371670244,-36.24195956737
    ));
#214 = CARTESIAN_POINT('',(-12.95284954783,-42.13623150758,
    9.980642475925));
#215 = CARTESIAN_POINT('',(-9.035878259723,-28.9028715311,
    14.728851902533));
#216 = CARTESIAN_POINT('',(-6.18026925692,-19.25528947623,33.));
#217 = CARTESIAN_POINT('',(10.757104484199,-21.14285179361,-33.));
#218 = CARTESIAN_POINT('',(20.097043188183,-40.79713215937,
    -36.24195956737));
#219 = CARTESIAN_POINT('',(19.119466405966,-38.73999144741,
    9.980642475925));
#220 = CARTESIAN_POINT('',(13.337696096155,-26.57325906557,
    14.728851902533));
#221 = CARTESIAN_POINT('',(9.122583413215,-17.7032858167,33.));
#222 = CARTESIAN_POINT('',(24.11903767505,-15.39380684373,-33.));
#223 = CARTESIAN_POINT('',(45.060577641968,-29.70380620226,
    -36.24195956737));
#224 = CARTESIAN_POINT('',(42.86870423628,-28.20603158393,9.980642475925
    ));
#225 = CARTESIAN_POINT('',(29.905110164573,-19.34760841433,
    14.728851902533));
#226 = CARTESIAN_POINT('',(20.454196885467,-12.88950823766,33.));
#227 = CARTESIAN_POINT('',(30.800000000003,-7.696902001291,-33.));
#228 = CARTESIAN_POINT('',(57.542336890525,-14.85190035998,
    -36.24195956737));
#229 = CARTESIAN_POINT('',(54.743315561181,-14.10301318909,
    9.980642475925));
#230 = CARTESIAN_POINT('',(38.188811903445,-9.673802421713,
    14.728851902533));
#231 = CARTESIAN_POINT('',(26.120000000001,-6.444752929362,33.));
#232 = CARTESIAN_POINT('',(30.8,-1.186971127097E-14,-33.));
#233 = CARTESIAN_POINT('',(57.542336890518,1.10363797031E-13,
    -36.24195956737));
#234 = CARTESIAN_POINT('',(54.74331556118,-1.453777572588E-13,
    9.980642475925));
#235 = CARTESIAN_POINT('',(38.188811903467,4.640410619067E-14,
    14.728851902533));
#236 = CARTESIAN_POINT('',(26.12,1.629718094411E-14,33.));
#237 = DEFINITIONAL_REPRESENTATION('',(#238),#265);
#238 = B_SPLINE_CURVE_WITH_KNOTS('',7,(#239,#240,#241,#242,#243,#244,
    #245,#246,#247,#248,#249,#250,#251,#252,#253,#254,#255,#256,#257,
    #258,#259,#260,#261,#262,#263,#264),.UNSPECIFIED.,.F.,.F.,(8,6,6,6,8
    ),(0.,0.347889959226,0.649649717211,0.789012471782,1.),
  .UNSPECIFIED.);
#239 = CARTESIAN_POINT('',(0.827558853354,4.626924162698E-02));
#240 = CARTESIAN_POINT('',(0.834121917608,4.59015536105E-02));
#241 = CARTESIAN_POINT('',(0.840803864769,4.550430620661E-02));
#242 = CARTESIAN_POINT('',(0.847625117996,4.507920312623E-02));
#243 = CARTESIAN_POINT('',(0.854606277226,4.462851500082E-02));
#244 = CARTESIAN_POINT('',(0.861769936662,4.415534221098E-02));
#245 = CARTESIAN_POINT('',(0.869141737127,4.366383872501E-02));
#246 = CARTESIAN_POINT('',(0.883362081696,4.272215806473E-02));
#247 = CARTESIAN_POINT('',(0.890145378116,4.227547542409E-02));
#248 = CARTESIAN_POINT('',(0.897132353417,4.182296085188E-02));
#249 = CARTESIAN_POINT('',(0.904345435217,4.136940155644E-02));
#250 = CARTESIAN_POINT('',(0.911805328195,4.092127953794E-02));
#251 = CARTESIAN_POINT('',(0.919531784688,4.04869841693E-02));
#252 = CARTESIAN_POINT('',(0.931248912812,3.988727316941E-02));
#253 = CARTESIAN_POINT('',(0.935011063357,3.970300059998E-02));
#254 = CARTESIAN_POINT('',(0.938835056095,3.952495684267E-02));
#255 = CARTESIAN_POINT('',(0.942721495873,3.935429711804E-02));
#256 = CARTESIAN_POINT('',(0.946670101325,3.919227987132E-02));
#257 = CARTESIAN_POINT('',(0.9506795412,3.904022727905E-02));
#258 = CARTESIAN_POINT('',(0.96090526616,3.868635132467E-02));
#259 = CARTESIAN_POINT('',(0.967199422533,3.849901665928E-02));
#260 = CARTESIAN_POINT('',(0.973615511038,3.834226212302E-02));
#261 = CARTESIAN_POINT('',(0.980134088757,3.822068894885E-02));
#262 = CARTESIAN_POINT('',(0.986729309377,3.813815260605E-02));
#263 = CARTESIAN_POINT('',(0.993367047783,3.809693861538E-02));
#264 = CARTESIAN_POINT('',(0.999999999995,3.809693858144E-02));
#265 = ( GEOMETRIC_REPRESENTATION_CONTEXT(2) 
PARAMETRIC_REPRESENTATION_CONTEXT() REPRESENTATION_CONTEXT('2D SPACE',''
  ) );
#266 = ORIENTED_EDGE('',*,*,#267,.T.);
#267 = EDGE_CURVE('',#24,#268,#270,.T.);
#268 = VERTEX_POINT('',#269);
#269 = CARTESIAN_POINT('',(29.12,0.,33.));
#270 = SURFACE_CURVE('',#271,(#277,#284),.PCURVE_S1.);
#271 = ( BOUNDED_CURVE() B_SPLINE_CURVE(4,(#272,#273,#274,#275,#276),
.UNSPECIFIED.,.F.,.F.) B_SPLINE_CURVE_WITH_KNOTS((5,5),(0.,1.),
.PIECEWISE_BEZIER_KNOTS.) CURVE() GEOMETRIC_REPRESENTATION_ITEM() 
RATIONAL_B_SPLINE_CURVE((1.,1.,1.,1.,1.)) REPRESENTATION_ITEM('') );
#272 = CARTESIAN_POINT('',(33.8,-1.806939060149E-14,-33.));
#273 = CARTESIAN_POINT('',(60.542336890518,1.266533165219E-13,
    -36.24195956737));
#274 = CARTESIAN_POINT('',(57.74331556118,-9.142528828614E-14,
    9.980642475925));
#275 = CARTESIAN_POINT('',(41.188811903466,8.032061666658E-14,
    14.728851902534));
#276 = CARTESIAN_POINT('',(29.12,-1.172842520672E-14,33.));
#277 = PCURVE('',#55,#278);
#278 = DEFINITIONAL_REPRESENTATION('',(#279),#283);
#279 = LINE('',#280,#281);
#280 = CARTESIAN_POINT('',(1.,0.));
#281 = VECTOR('',#282,1.);
#282 = DIRECTION('',(0.,1.));
#283 = ( GEOMETRIC_REPRESENTATION_CONTEXT(2) 
PARAMETRIC_REPRESENTATION_CONTEXT() REPRESENTATION_CONTEXT('2D SPACE',''
  ) );
#284 = PCURVE('',#285,#290);
#285 = PLANE('',#286);
#286 = AXIS2_PLACEMENT_3D('',#287,#288,#289);
#287 = CARTESIAN_POINT('',(-104.,0.,-39.6));
#288 = DIRECTION('',(0.,1.,0.));
#289 = DIRECTION('',(0.,0.,1.));
#290 = DEFINITIONAL_REPRESENTATION('',(#291),#297);
#291 = ( BOUNDED_CURVE() B_SPLINE_CURVE(4,(#292,#293,#294,#295,#296),
.UNSPECIFIED.,.F.,.F.) B_SPLINE_CURVE_WITH_KNOTS((5,5),(0.,1.),
.PIECEWISE_BEZIER_KNOTS.) CURVE() GEOMETRIC_REPRESENTATION_ITEM() 
RATIONAL_B_SPLINE_CURVE((1.,1.,1.,1.,1.)) REPRESENTATION_ITEM('') );
#292 = CARTESIAN_POINT('',(6.6,137.8));
#293 = CARTESIAN_POINT('',(3.358040432622,164.54233689051));
#294 = CARTESIAN_POINT('',(49.580642475925,161.74331556118));
#295 = CARTESIAN_POINT('',(54.328851902534,145.18881190346));
#296 = CARTESIAN_POINT('',(72.6,133.12));
#297 = ( GEOMETRIC_REPRESENTATION_CONTEXT(2) 
PARAMETRIC_REPRESENTATION_CONTEXT() REPRESENTATION_CONTEXT('2D SPACE',''
  ) );
#298 = ORIENTED_EDGE('',*,*,#299,.F.);
#299 = EDGE_CURVE('',#300,#268,#302,.T.);
#300 = VERTEX_POINT('',#301);
#301 = CARTESIAN_POINT('',(-29.11999999614,-2.062696122012E-14,33.));
#302 = SURFACE_CURVE('',#303,(#319,#326),.PCURVE_S1.);
#303 = B_SPLINE_CURVE_WITH_KNOTS('',14,(#304,#305,#306,#307,#308,#309,
    #310,#311,#312,#313,#314,#315,#316,#317,#318),.UNSPECIFIED.,.T.,.F.,
  (15,15),(0.,1.),.PIECEWISE_BEZIER_KNOTS.);
#304 = CARTESIAN_POINT('',(29.12,-1.172842520672E-14,33.));
#305 = CARTESIAN_POINT('',(29.120000000002,7.791149780908,33.));
#306 = CARTESIAN_POINT('',(22.803453801867,15.582302437695,33.));
#307 = CARTESIAN_POINT('',(10.170353330509,21.401743856514,33.));
#308 = CARTESIAN_POINT('',(-6.890101101133,23.277982263531,33.));
#309 = CARTESIAN_POINT('',(-24.59986723104,19.946238307153,33.));
#310 = CARTESIAN_POINT('',(-38.11929435214,11.559767857764,33.));
#311 = CARTESIAN_POINT('',(-43.20908889182,2.611123462933E-10,33.));
#312 = CARTESIAN_POINT('',(-38.11929435214,-11.55976785824,33.));
#313 = CARTESIAN_POINT('',(-24.59986723105,-19.94623830678,33.));
#314 = CARTESIAN_POINT('',(-6.890101101129,-23.27798226376,33.));
#315 = CARTESIAN_POINT('',(10.170353330507,-21.4017438564,33.));
#316 = CARTESIAN_POINT('',(22.803453801868,-15.58230243773,33.));
#317 = CARTESIAN_POINT('',(29.120000000002,-7.791149780899,33.));
#318 = CARTESIAN_POINT('',(29.12,9.587856706086E-15,33.));
#319 = PCURVE('',#55,#320);
#320 = DEFINITIONAL_REPRESENTATION('',(#321),#325);
#321 = LINE('',#322,#323);
#322 = CARTESIAN_POINT('',(0.,1.));
#323 = VECTOR('',#324,1.);
#324 = DIRECTION('',(1.,0.));
#325 = ( GEOMETRIC_REPRESENTATION_CONTEXT(2) 
PARAMETRIC_REPRESENTATION_CONTEXT() REPRESENTATION_CONTEXT('2D SPACE',''
  ) );
#326 = PCURVE('',#327,#332);
#327 = PLANE('',#328);
#328 = AXIS2_PLACEMENT_3D('',#329,#330,#331);
#329 = CARTESIAN_POINT('',(29.12,-1.172842520672E-14,33.));
#330 = DIRECTION('',(0.,0.,-1.));
#331 = DIRECTION('',(-1.,2.814450877615E-16,0.));
#332 = DEFINITIONAL_REPRESENTATION('',(#333),#349);
#333 = B_SPLINE_CURVE_WITH_KNOTS('',14,(#334,#335,#336,#337,#338,#339,
    #340,#341,#342,#343,#344,#345,#346,#347,#348),.UNSPECIFIED.,.F.,.F.,
  (15,15),(0.,1.),.PIECEWISE_BEZIER_KNOTS.);
#334 = CARTESIAN_POINT('',(0.,0.));
#335 = CARTESIAN_POINT('',(-1.993072373807E-12,7.791149780908));
#336 = CARTESIAN_POINT('',(6.316546198133,15.582302437695));
#337 = CARTESIAN_POINT('',(18.949646669491,21.401743856514));
#338 = CARTESIAN_POINT('',(36.010101101133,23.277982263531));
#339 = CARTESIAN_POINT('',(53.719867231049,19.946238307153));
#340 = CARTESIAN_POINT('',(67.239294352147,11.559767857764));
#341 = CARTESIAN_POINT('',(72.329088891828,2.611037180517E-10));
#342 = CARTESIAN_POINT('',(67.239294352141,-11.55976785824));
#343 = CARTESIAN_POINT('',(53.719867231055,-19.94623830678));
#344 = CARTESIAN_POINT('',(36.010101101129,-23.27798226376));
#345 = CARTESIAN_POINT('',(18.949646669493,-21.4017438564));
#346 = CARTESIAN_POINT('',(6.316546198132,-15.58230243773));
#347 = CARTESIAN_POINT('',(-1.911359959195E-12,-7.791149780899));
#348 = CARTESIAN_POINT('',(7.105427357601E-15,2.13162819128E-14));
#349 = ( GEOMETRIC_REPRESENTATION_CONTEXT(2) 
PARAMETRIC_REPRESENTATION_CONTEXT() REPRESENTATION_CONTEXT('2D SPACE',''
  ) );
#350 = ORIENTED_EDGE('',*,*,#351,.F.);
#351 = EDGE_CURVE('',#352,#300,#354,.T.);
#352 = VERTEX_POINT('',#353);
#353 = CARTESIAN_POINT('',(-34.62144742958,1.704941995684E-15,
    -33.08309039686));
#354 = SURFACE_CURVE('',#355,(#448,#544),.PCURVE_S1.);
#355 = B_SPLINE_CURVE_WITH_KNOTS('',7,(#356,#357,#358,#359,#360,#361,
    #362,#363,#364,#365,#366,#367,#368,#369,#370,#371,#372,#373,#374,
    #375,#376,#377,#378,#379,#380,#381,#382,#383,#384,#385,#386,#387,
    #388,#389,#390,#391,#392,#393,#394,#395,#396,#397,#398,#399,#400,
    #401,#402,#403,#404,#405,#406,#407,#408,#409,#410,#411,#412,#413,
    #414,#415,#416,#417,#418,#419,#420,#421,#422,#423,#424,#425,#426,
    #427,#428,#429,#430,#431,#432,#433,#434,#435,#436,#437,#438,#439,
    #440,#441,#442,#443,#444,#445,#446,#447),.UNSPECIFIED.,.F.,.F.,(8,6,
    6,6,6,6,6,6,6,6,6,6,6,6,6,8),(0.,4.431737999159E-02,
    6.717879114164E-02,0.114448184457,0.154339944878,0.173119266948,
    0.207101232785,0.29295848835,0.378654090093,0.51970346505,
    0.656842873153,0.813244755032,0.844702908171,0.873382789155,
    0.901290892284,1.),.UNSPECIFIED.);
#356 = CARTESIAN_POINT('',(-33.79999999552,0.,-33.));
#357 = CARTESIAN_POINT('',(-34.3283899151,0.,-33.06405643464));
#358 = CARTESIAN_POINT('',(-34.85864677694,0.,-33.11266550573));
#359 = CARTESIAN_POINT('',(-35.39034520711,0.,-33.14491896739));
#360 = CARTESIAN_POINT('',(-35.92292796619,0.,-33.15987256192));
#361 = CARTESIAN_POINT('',(-36.4557052567,0.,-33.156574822));
#362 = CARTESIAN_POINT('',(-36.98785386645,0.,-33.13411068543));
#363 = CARTESIAN_POINT('',(-37.79211018081,0.,-33.06976141755));
#364 = CARTESIAN_POINT('',(-38.06537901731,0.,-33.04254454577));
#365 = CARTESIAN_POINT('',(-38.33808802467,0.,-33.00989732701));
#366 = CARTESIAN_POINT('',(-38.61009303299,0.,-32.97171474649));
#367 = CARTESIAN_POINT('',(-38.88124071201,0.,-32.92790134418));
#368 = CARTESIAN_POINT('',(-39.15136894784,0.,-32.87837380444));
#369 = CARTESIAN_POINT('',(-39.97637739695,0.,-32.70870129737));
#370 = CARTESIAN_POINT('',(-40.52743947111,0.,-32.56960076568));
#371 = CARTESIAN_POINT('',(-41.07187206049,0.,-32.40516677974));
#372 = CARTESIAN_POINT('',(-41.60804626878,0.,-32.21507821399));
#373 = CARTESIAN_POINT('',(-42.13434373997,0.,-31.99933849798));
#374 = CARTESIAN_POINT('',(-42.64917749974,0.,-31.75833345199));
#375 = CARTESIAN_POINT('',(-43.57452862638,0.,-31.26888787551));
#376 = CARTESIAN_POINT('',(-43.98884985668,0.,-31.02744457947));
#377 = CARTESIAN_POINT('',(-44.39307419774,0.,-30.76904857379));
#378 = CARTESIAN_POINT('',(-44.78645348578,0.,-30.49433145141));
#379 = CARTESIAN_POINT('',(-45.16838070938,0.,-30.20405128397));
#380 = CARTESIAN_POINT('',(-45.53837424909,0.,-29.89906952083));
#381 = CARTESIAN_POINT('',(-46.06444615427,0.,-29.43027806042));
#382 = CARTESIAN_POINT('',(-46.23010872966,0.,-29.27717395772));
#383 = CARTESIAN_POINT('',(-46.39301443852,0.,-29.12111037082));
#384 = CARTESIAN_POINT('',(-46.55313528179,0.,-28.96218362946));
#385 = CARTESIAN_POINT('',(-46.71044999659,0.,-28.8004909228));
#386 = CARTESIAN_POINT('',(-46.86494338682,0.,-28.63612962001));
#387 = CARTESIAN_POINT('',(-47.29104484557,0.,-28.16712431809));
#388 = CARTESIAN_POINT('',(-47.55621294241,0.,-27.85663151898));
#389 = CARTESIAN_POINT('',(-47.81205561882,0.,-27.53829016096));
#390 = CARTESIAN_POINT('',(-48.05857836971,0.,-27.21266096031));
#391 = CARTESIAN_POINT('',(-48.29583561278,0.,-26.88028491357));
#392 = CARTESIAN_POINT('',(-48.52391979106,0.,-26.54167482893));
#393 = CARTESIAN_POINT('',(-49.29634322282,0.,-25.32724274632));
#394 = CARTESIAN_POINT('',(-49.79174152863,0.,-24.42074321881));
#395 = CARTESIAN_POINT('',(-50.23148630468,0.,-23.48504000714));
#396 = CARTESIAN_POINT('',(-50.6184593316,0.,-22.52642404488));
#397 = CARTESIAN_POINT('',(-50.95564674902,0.,-21.55005496515));
#398 = CARTESIAN_POINT('',(-51.24598126033,0.,-20.55989764304));
#399 = CARTESIAN_POINT('',(-51.73781377137,0.,-18.55925223949));
#400 = CARTESIAN_POINT('',(-51.93939236316,0.,-17.54915735465));
#401 = CARTESIAN_POINT('',(-52.09952000119,0.,-16.53122913779));
#402 = CARTESIAN_POINT('',(-52.22044579194,0.,-15.50790867876));
#403 = CARTESIAN_POINT('',(-52.30413017418,0.,-14.48121486065));
#404 = CARTESIAN_POINT('',(-52.35229007432,0.,-13.45275158938));
#405 = CARTESIAN_POINT('',(-52.38954995172,0.,-10.72995899624));
#406 = CARTESIAN_POINT('',(-52.32040078483,0.,-9.035250711844));
#407 = CARTESIAN_POINT('',(-52.16549821338,0.,-7.345032480425));
#408 = CARTESIAN_POINT('',(-51.92951747327,0.,-5.664166743291));
#409 = CARTESIAN_POINT('',(-51.61635032079,0.,-3.99680840662));
#410 = CARTESIAN_POINT('',(-51.22920863098,0.,-2.346387074121));
#411 = CARTESIAN_POINT('',(-50.32539755952,0.,0.870032870514));
#412 = CARTESIAN_POINT('',(-49.81267390692,0.,2.436898334088));
#413 = CARTESIAN_POINT('',(-49.23559951805,0.,3.981981413586));
#414 = CARTESIAN_POINT('',(-48.59690844052,0.,5.50265843299));
#415 = CARTESIAN_POINT('',(-47.89952912278,0.,6.996841137909));
#416 = CARTESIAN_POINT('',(-47.14693062966,0.,8.463124437054));
#417 = CARTESIAN_POINT('',(-45.42729681365,0.,11.540761577858));
#418 = CARTESIAN_POINT('',(-44.44482921353,0.,13.143852245133));
#419 = CARTESIAN_POINT('',(-43.40276860749,0.,14.709192467183));
#420 = CARTESIAN_POINT('',(-42.30889517729,0.,16.238193293146));
#421 = CARTESIAN_POINT('',(-41.17240227219,0.,17.73491006208));
#422 = CARTESIAN_POINT('',(-40.00442500533,0.,19.206406990974));
#423 = CARTESIAN_POINT('',(-38.57850940556,0.,20.954999928715));
#424 = CARTESIAN_POINT('',(-38.33895550654,0.,21.247177269374));
#425 = CARTESIAN_POINT('',(-38.09872462734,0.,21.53879863123));
#426 = CARTESIAN_POINT('',(-37.8579190869,0.,21.829945247197));
#427 = CARTESIAN_POINT('',(-37.61664338533,0.,22.120701546937));
#428 = CARTESIAN_POINT('',(-37.3750039013,0.,22.411154906083));
#429 = CARTESIAN_POINT('',(-36.91257661093,0.,22.966002877552));
#430 = CARTESIAN_POINT('',(-36.691832244,0.,23.230433130131));
#431 = CARTESIAN_POINT('',(-36.47095724904,0.,23.494754387006));
#432 = CARTESIAN_POINT('',(-36.25003493525,0.,23.759036186089));
#433 = CARTESIAN_POINT('',(-36.02914986338,0.,24.023349120837));
#434 = CARTESIAN_POINT('',(-35.80838754842,0.,24.287764591657));
#435 = CARTESIAN_POINT('',(-35.37321588519,0.,24.80982438619));
#436 = CARTESIAN_POINT('',(-35.15879568016,0.,25.067459159897));
#437 = CARTESIAN_POINT('',(-34.94465292461,0.,25.325325154813));
#438 = CARTESIAN_POINT('',(-34.73086805059,0.,25.583488583297));
#439 = CARTESIAN_POINT('',(-34.51752218881,0.,25.842015298959));
#440 = CARTESIAN_POINT('',(-34.30469681255,0.,26.100970501912));
#441 = CARTESIAN_POINT('',(-33.34185319775,0.,27.27806858844));
#442 = CARTESIAN_POINT('',(-32.59877100948,0.,28.201873409532));
#443 = CARTESIAN_POINT('',(-31.8668070221,0.,29.134703244759));
#444 = CARTESIAN_POINT('',(-31.1496416421,0.,30.079151326509));
#445 = CARTESIAN_POINT('',(-30.45082059465,0.,31.037356240517));
#446 = CARTESIAN_POINT('',(-29.77343409897,0.,32.010756703979));
#447 = CARTESIAN_POINT('',(-29.11999999614,0.,33.));
#448 = PCURVE('',#55,#449);
#449 = DEFINITIONAL_REPRESENTATION('',(#450),#543);
#450 = B_SPLINE_CURVE_WITH_KNOTS('',7,(#451,#452,#453,#454,#455,#456,
    #457,#458,#459,#460,#461,#462,#463,#464,#465,#466,#467,#468,#469,
    #470,#471,#472,#473,#474,#475,#476,#477,#478,#479,#480,#481,#482,
    #483,#484,#485,#486,#487,#488,#489,#490,#491,#492,#493,#494,#495,
    #496,#497,#498,#499,#500,#501,#502,#503,#504,#505,#506,#507,#508,
    #509,#510,#511,#512,#513,#514,#515,#516,#517,#518,#519,#520,#521,
    #522,#523,#524,#525,#526,#527,#528,#529,#530,#531,#532,#533,#534,
    #535,#536,#537,#538,#539,#540,#541,#542),.UNSPECIFIED.,.F.,.F.,(8,6,
    6,6,6,6,6,6,6,6,6,6,6,6,6,8),(0.,4.431737999159E-02,
    6.717879114164E-02,0.114448184457,0.154339944878,0.173119266948,
    0.207101232785,0.29295848835,0.378654090093,0.51970346505,
    0.656842873153,0.813244755032,0.844702908171,0.873382789155,
    0.901290892284,1.),.UNSPECIFIED.);
#451 = CARTESIAN_POINT('',(0.5,0.));
#452 = CARTESIAN_POINT('',(0.5,4.939638613305E-03));
#453 = CARTESIAN_POINT('',(0.5,9.991068287756E-03));
#454 = CARTESIAN_POINT('',(0.5,1.515730460353E-02));
#455 = CARTESIAN_POINT('',(0.5,2.044058273137E-02));
#456 = CARTESIAN_POINT('',(0.5,2.584224292341E-02));
#457 = CARTESIAN_POINT('',(0.5,3.136248616676E-02));
#458 = CARTESIAN_POINT('',(0.5,3.99081484878E-02));
#459 = CARTESIAN_POINT('',(0.5,4.284747121795E-02));
#460 = CARTESIAN_POINT('',(0.5,4.581775117587E-02));
#461 = CARTESIAN_POINT('',(0.5,4.881866299518E-02));
#462 = CARTESIAN_POINT('',(0.5,5.184975816336E-02));
#463 = CARTESIAN_POINT('',(0.5,5.491045022751E-02));
#464 = CARTESIAN_POINT('',(0.5,6.438810712104E-02));
#465 = CARTESIAN_POINT('',(0.5,7.09004938594E-02));
#466 = CARTESIAN_POINT('',(0.5,7.752940117334E-02));
#467 = CARTESIAN_POINT('',(0.5,8.426568780041E-02));
#468 = CARTESIAN_POINT('',(0.5,9.10985710765E-02));
#469 = CARTESIAN_POINT('',(0.5,9.801519135126E-02));
#470 = CARTESIAN_POINT('',(0.5,0.110894645428));
#471 = CARTESIAN_POINT('',(0.5,0.116838744326));
#472 = CARTESIAN_POINT('',(0.5,0.122823257839));
#473 = CARTESIAN_POINT('',(0.5,0.128839641372));
#474 = CARTESIAN_POINT('',(0.5,0.134879750305));
#475 = CARTESIAN_POINT('',(0.5,0.140935745697));
#476 = CARTESIAN_POINT('',(0.5,0.149854789648));
#477 = CARTESIAN_POINT('',(0.5,0.152711504462));
#478 = CARTESIAN_POINT('',(0.5,0.15556941098));
#479 = CARTESIAN_POINT('',(0.5,0.158427826113));
#480 = CARTESIAN_POINT('',(0.5,0.161286114866));
#481 = CARTESIAN_POINT('',(0.5,0.164143688051));
#482 = CARTESIAN_POINT('',(0.5,0.172168615497));
#483 = CARTESIAN_POINT('',(0.5,0.177333089226));
#484 = CARTESIAN_POINT('',(0.5,0.18249024611));
#485 = CARTESIAN_POINT('',(0.5,0.18763744004));
#486 = CARTESIAN_POINT('',(0.5,0.192772519708));
#487 = CARTESIAN_POINT('',(0.5,0.197893794433));
#488 = CARTESIAN_POINT('',(0.5,0.215901101673));
#489 = CARTESIAN_POINT('',(0.5,0.228701290386));
#490 = CARTESIAN_POINT('',(0.5,0.241387935203));
#491 = CARTESIAN_POINT('',(0.5,0.253956313378));
#492 = CARTESIAN_POINT('',(0.5,0.266407729319));
#493 = CARTESIAN_POINT('',(0.5,0.278750239247));
#494 = CARTESIAN_POINT('',(0.5,0.30322669665));
#495 = CARTESIAN_POINT('',(0.5,0.315356702748));
#496 = CARTESIAN_POINT('',(0.5,0.327403700432));
#497 = CARTESIAN_POINT('',(0.5,0.339379530759));
#498 = CARTESIAN_POINT('',(0.5,0.351295723984));
#499 = CARTESIAN_POINT('',(0.5,0.36316460872));
#500 = CARTESIAN_POINT('',(0.5,0.394480282634));
#501 = CARTESIAN_POINT('',(0.5,0.413862726715));
#502 = CARTESIAN_POINT('',(0.5,0.4332072072));
#503 = CARTESIAN_POINT('',(0.5,0.452556671152));
#504 = CARTESIAN_POINT('',(0.5,0.471949134108));
#505 = CARTESIAN_POINT('',(0.5,0.491419297661));
#506 = CARTESIAN_POINT('',(0.5,0.530037914417));
#507 = CARTESIAN_POINT('',(0.5,0.549177856583));
#508 = CARTESIAN_POINT('',(0.5,0.568442757404));
#509 = CARTESIAN_POINT('',(0.5,0.587849782728));
#510 = CARTESIAN_POINT('',(0.5,0.607410722803));
#511 = CARTESIAN_POINT('',(0.5,0.627129957884));
#512 = CARTESIAN_POINT('',(0.5,0.66966096976));
#513 = CARTESIAN_POINT('',(0.5,0.692522069118));
#514 = CARTESIAN_POINT('',(0.5,0.715569475101));
#515 = CARTESIAN_POINT('',(0.5,0.738782474934));
#516 = CARTESIAN_POINT('',(0.5,0.762128865003));
#517 = CARTESIAN_POINT('',(0.5,0.785557023456));
#518 = CARTESIAN_POINT('',(0.5,0.813715242152));
#519 = CARTESIAN_POINT('',(0.5,0.818431116098));
#520 = CARTESIAN_POINT('',(0.5,0.823147085284));
#521 = CARTESIAN_POINT('',(0.5,0.827862578098));
#522 = CARTESIAN_POINT('',(0.5,0.83257698995));
#523 = CARTESIAN_POINT('',(0.5,0.837289685352));
#524 = CARTESIAN_POINT('',(0.5,0.846294316418));
#525 = CARTESIAN_POINT('',(0.5,0.850586649203));
#526 = CARTESIAN_POINT('',(0.5,0.854876495519));
#527 = CARTESIAN_POINT('',(0.5,0.859163323621));
#528 = CARTESIAN_POINT('',(0.5,0.863446575354));
#529 = CARTESIAN_POINT('',(0.5,0.867725668644));
#530 = CARTESIAN_POINT('',(0.5,0.876159308763));
#531 = CARTESIAN_POINT('',(0.5,0.880314103838));
#532 = CARTESIAN_POINT('',(0.5,0.884463829393));
#533 = CARTESIAN_POINT('',(0.5,0.88860790132));
#534 = CARTESIAN_POINT('',(0.5,0.892745710563));
#535 = CARTESIAN_POINT('',(0.5,0.896876626446));
#536 = CARTESIAN_POINT('',(0.5,0.915584098475));
#537 = CARTESIAN_POINT('',(0.5,0.930073693618));
#538 = CARTESIAN_POINT('',(0.5,0.944440528926));
#539 = CARTESIAN_POINT('',(0.5,0.95865149889));
#540 = CARTESIAN_POINT('',(0.5,0.972670986864));
#541 = CARTESIAN_POINT('',(0.5,0.986464407016));
#542 = CARTESIAN_POINT('',(0.5,1.));
#543 = ( GEOMETRIC_REPRESENTATION_CONTEXT(2) 
PARAMETRIC_REPRESENTATION_CONTEXT() REPRESENTATION_CONTEXT('2D SPACE',''
  ) );
#544 = PCURVE('',#545,#550);
#545 = PLANE('',#546);
#546 = AXIS2_PLACEMENT_3D('',#547,#548,#549);
#547 = CARTESIAN_POINT('',(-104.,0.,-39.6));
#548 = DIRECTION('',(0.,1.,0.));
#549 = DIRECTION('',(0.,0.,1.));
#550 = DEFINITIONAL_REPRESENTATION('',(#551),#644);
#551 = B_SPLINE_CURVE_WITH_KNOTS('',7,(#552,#553,#554,#555,#556,#557,
    #558,#559,#560,#561,#562,#563,#564,#565,#566,#567,#568,#569,#570,
    #571,#572,#573,#574,#575,#576,#577,#578,#579,#580,#581,#582,#583,
    #584,#585,#586,#587,#588,#589,#590,#591,#592,#593,#594,#595,#596,
    #597,#598,#599,#600,#601,#602,#603,#604,#605,#606,#607,#608,#609,
    #610,#611,#612,#613,#614,#615,#616,#617,#618,#619,#620,#621,#622,
    #623,#624,#625,#626,#627,#628,#629,#630,#631,#632,#633,#634,#635,
    #636,#637,#638,#639,#640,#641,#642,#643),.UNSPECIFIED.,.F.,.F.,(8,6,
    6,6,6,6,6,6,6,6,6,6,6,6,6,8),(0.,4.431737999159E-02,
    6.717879114164E-02,0.114448184457,0.154339944878,0.173119266948,
    0.207101232785,0.29295848835,0.378654090093,0.51970346505,
    0.656842873153,0.813244755032,0.844702908171,0.873382789155,
    0.901290892284,1.),.UNSPECIFIED.);
#552 = CARTESIAN_POINT('',(6.6,70.200000004479));
#553 = CARTESIAN_POINT('',(6.535943565353,69.671610084891));
#554 = CARTESIAN_POINT('',(6.48733449427,69.141353223056));
#555 = CARTESIAN_POINT('',(6.455081032605,68.609654792888));
#556 = CARTESIAN_POINT('',(6.440127438076,68.077072033805));
#557 = CARTESIAN_POINT('',(6.443425177995,67.544294743297));
#558 = CARTESIAN_POINT('',(6.46588931457,67.012146133546));
#559 = CARTESIAN_POINT('',(6.530238582449,66.207889819188));
#560 = CARTESIAN_POINT('',(6.557455454222,65.934620982683));
#561 = CARTESIAN_POINT('',(6.590102672985,65.661911975328));
#562 = CARTESIAN_POINT('',(6.628285253506,65.389906967009));
#563 = CARTESIAN_POINT('',(6.672098655815,65.118759287988));
#564 = CARTESIAN_POINT('',(6.721626195558,64.848631052157));
#565 = CARTESIAN_POINT('',(6.89129870263,64.023622603043));
#566 = CARTESIAN_POINT('',(7.030399234316,63.472560528885));
#567 = CARTESIAN_POINT('',(7.194833220258,62.928127939506));
#568 = CARTESIAN_POINT('',(7.384921786005,62.391953731214));
#569 = CARTESIAN_POINT('',(7.600661502017,61.865656260026));
#570 = CARTESIAN_POINT('',(7.841666548007,61.350822500257));
#571 = CARTESIAN_POINT('',(8.331112124483,60.425471373615));
#572 = CARTESIAN_POINT('',(8.572555420521,60.011150143314));
#573 = CARTESIAN_POINT('',(8.830951426207,59.606925802253));
#574 = CARTESIAN_POINT('',(9.105668548587,59.213546514217));
#575 = CARTESIAN_POINT('',(9.395948716027,58.831619290616));
#576 = CARTESIAN_POINT('',(9.700930479166,58.461625750903));
#577 = CARTESIAN_POINT('',(10.169721939576,57.935553845728));
#578 = CARTESIAN_POINT('',(10.322826042276,57.769891270339));
#579 = CARTESIAN_POINT('',(10.478889629171,57.606985561478));
#580 = CARTESIAN_POINT('',(10.637816370536,57.446864718209));
#581 = CARTESIAN_POINT('',(10.799509077196,57.289550003405));
#582 = CARTESIAN_POINT('',(10.963870379989,57.135056613174));
#583 = CARTESIAN_POINT('',(11.432875681906,56.708955154426));
#584 = CARTESIAN_POINT('',(11.743368481017,56.443787057589));
#585 = CARTESIAN_POINT('',(12.06170983904,56.187944381177));
#586 = CARTESIAN_POINT('',(12.387339039683,55.94142163029));
#587 = CARTESIAN_POINT('',(12.719715086425,55.704164387217));
#588 = CARTESIAN_POINT('',(13.058325171063,55.47608020894));
#589 = CARTESIAN_POINT('',(14.272757253672,54.703656777172));
#590 = CARTESIAN_POINT('',(15.179256781187,54.208258471365));
#591 = CARTESIAN_POINT('',(16.114959992853,53.768513695316));
#592 = CARTESIAN_POINT('',(17.073575955115,53.381540668391));
#593 = CARTESIAN_POINT('',(18.049945034841,53.044353250972));
#594 = CARTESIAN_POINT('',(19.040102356959,52.754018739662));
#595 = CARTESIAN_POINT('',(21.04074776051,52.262186228622));
#596 = CARTESIAN_POINT('',(22.050842645346,52.060607636833));
#597 = CARTESIAN_POINT('',(23.068770862203,51.900479998802));
#598 = CARTESIAN_POINT('',(24.092091321235,51.779554208053));
#599 = CARTESIAN_POINT('',(25.11878513935,51.695869825811));
#600 = CARTESIAN_POINT('',(26.147248410612,51.647709925673));
#601 = CARTESIAN_POINT('',(28.870041003751,51.610450048274));
#602 = CARTESIAN_POINT('',(30.564749288156,51.679599215165));
#603 = CARTESIAN_POINT('',(32.254967519575,51.834501786619));
#604 = CARTESIAN_POINT('',(33.935833256709,52.070482526721));
#605 = CARTESIAN_POINT('',(35.60319159338,52.383649679204));
#606 = CARTESIAN_POINT('',(37.253612925879,52.770791369016));
#607 = CARTESIAN_POINT('',(40.470032870514,53.674602440477));
#608 = CARTESIAN_POINT('',(42.036898334088,54.187326093079));
#609 = CARTESIAN_POINT('',(43.581981413586,54.764400481946));
#610 = CARTESIAN_POINT('',(45.10265843299,55.403091559472));
#611 = CARTESIAN_POINT('',(46.596841137909,56.100470877219));
#612 = CARTESIAN_POINT('',(48.063124437054,56.853069370334));
#613 = CARTESIAN_POINT('',(51.140761577858,58.572703186344));
#614 = CARTESIAN_POINT('',(52.743852245133,59.555170786465));
#615 = CARTESIAN_POINT('',(54.309192467183,60.597231392506));
#616 = CARTESIAN_POINT('',(55.838193293146,61.691104822703));
#617 = CARTESIAN_POINT('',(57.33491006208,62.827597727804));
#618 = CARTESIAN_POINT('',(58.806406990974,63.995574994665));
#619 = CARTESIAN_POINT('',(60.554999928715,65.421490594432));
#620 = CARTESIAN_POINT('',(60.847177269374,65.661044493455));
#621 = CARTESIAN_POINT('',(61.13879863123,65.901275372655));
#622 = CARTESIAN_POINT('',(61.429945247197,66.142080913094));
#623 = CARTESIAN_POINT('',(61.720701546937,66.383356614667));
#624 = CARTESIAN_POINT('',(62.011154906083,66.624996098693));
#625 = CARTESIAN_POINT('',(62.566002877552,67.087423389067));
#626 = CARTESIAN_POINT('',(62.830433130131,67.308167755999));
#627 = CARTESIAN_POINT('',(63.094754387006,67.529042750959));
#628 = CARTESIAN_POINT('',(63.359036186089,67.749965064748));
#629 = CARTESIAN_POINT('',(63.623349120837,67.970850136617));
#630 = CARTESIAN_POINT('',(63.887764591657,68.191612451573));
#631 = CARTESIAN_POINT('',(64.40982438619,68.626784114802));
#632 = CARTESIAN_POINT('',(64.667459159897,68.841204319831));
#633 = CARTESIAN_POINT('',(64.925325154813,69.055347075388));
#634 = CARTESIAN_POINT('',(65.183488583297,69.269131949408));
#635 = CARTESIAN_POINT('',(65.442015298959,69.48247781119));
#636 = CARTESIAN_POINT('',(65.700970501912,69.695303187449));
#637 = CARTESIAN_POINT('',(66.87806858844,70.65814680225));
#638 = CARTESIAN_POINT('',(67.801873409532,71.401228990516));
#639 = CARTESIAN_POINT('',(68.734703244759,72.133192977893));
#640 = CARTESIAN_POINT('',(69.679151326509,72.8503583579));
#641 = CARTESIAN_POINT('',(70.637356240517,73.54917940535));
#642 = CARTESIAN_POINT('',(71.610756703979,74.226565901023));
#643 = CARTESIAN_POINT('',(72.6,74.880000003859));
#644 = ( GEOMETRIC_REPRESENTATION_CONTEXT(2) 
PARAMETRIC_REPRESENTATION_CONTEXT() REPRESENTATION_CONTEXT('2D SPACE',''
  ) );
#645 = ORIENTED_EDGE('',*,*,#646,.T.);
#646 = EDGE_CURVE('',#352,#647,#649,.T.);
#647 = VERTEX_POINT('',#648);
#648 = CARTESIAN_POINT('',(-16.56513685002,-17.56415575388,-33.));
#649 = SURFACE_CURVE('',#650,(#719,#791),.PCURVE_S1.);
#650 = B_SPLINE_CURVE_WITH_KNOTS('',7,(#651,#652,#653,#654,#655,#656,
    #657,#658,#659,#660,#661,#662,#663,#664,#665,#666,#667,#668,#669,
    #670,#671,#672,#673,#674,#675,#676,#677,#678,#679,#680,#681,#682,
    #683,#684,#685,#686,#687,#688,#689,#690,#691,#692,#693,#694,#695,
    #696,#697,#698,#699,#700,#701,#702,#703,#704,#705,#706,#707,#708,
    #709,#710,#711,#712,#713,#714,#715,#716,#717,#718),.UNSPECIFIED.,.F.
  ,.F.,(8,6,6,6,6,6,6,6,6,6,6,8),(0.,0.173939322663,0.324814295286,
    0.394493407317,0.42998000475,0.452356374363,0.499882467249,
    0.569773082678,0.605249676139,0.674903018371,0.824443313809,1.),
  .UNSPECIFIED.);
#651 = CARTESIAN_POINT('',(-16.56513685002,17.564155753881,-33.));
#652 = CARTESIAN_POINT('',(-17.83846390664,17.162699760653,
    -33.00449241413));
#653 = CARTESIAN_POINT('',(-19.09814996121,16.718899906402,
    -33.00926769979));
#654 = CARTESIAN_POINT('',(-20.34215773032,16.230735367679,
    -33.01428221574));
#655 = CARTESIAN_POINT('',(-21.56747942344,15.69586711788,
    -33.01948473554));
#656 = CARTESIAN_POINT('',(-22.77010942435,15.11158409257,
    -33.02481523506));
#657 = CARTESIAN_POINT('',(-23.94503760611,14.474791986167,
    -33.03020612246));
#658 = CARTESIAN_POINT('',(-26.07555060841,13.179830267017,
    -33.04024892328));
#659 = CARTESIAN_POINT('',(-27.03881016438,12.536148419468,
    -33.04490049826));
#660 = CARTESIAN_POINT('',(-27.9721319835,11.847394995751,
    -33.04949320649));
#661 = CARTESIAN_POINT('',(-28.86979025966,11.110785271128,
    -33.05397221588));
#662 = CARTESIAN_POINT('',(-29.7240274573,10.323789306372,
    -33.05827334064));
#663 = CARTESIAN_POINT('',(-30.52519304088,9.484303441929,
    -33.06232775768));
#664 = CARTESIAN_POINT('',(-31.60171551331,8.177732173967,
    -33.06778845277));
#665 = CARTESIAN_POINT('',(-31.92789549842,7.753505520446,-33.0694450403
    ));
#666 = CARTESIAN_POINT('',(-32.23895559565,7.317744302115,
    -33.07102568039));
#667 = CARTESIAN_POINT('',(-32.53354538899,6.870484747891,
    -33.07252254584));
#668 = CARTESIAN_POINT('',(-32.81019220127,6.411909689399,
    -33.07392754554));
#669 = CARTESIAN_POINT('',(-33.06735090421,5.942380872414,
    -33.07523257101));
#670 = CARTESIAN_POINT('',(-33.42372550614,5.218077771701,
    -33.07703949815));
#671 = CARTESIAN_POINT('',(-33.53852053653,4.970986609424,
    -33.07762124463));
#672 = CARTESIAN_POINT('',(-33.64765151,4.721290595044,-33.07817397428)
  );
#673 = CARTESIAN_POINT('',(-33.7509121624,4.469086893485,-33.07869666168
    ));
#674 = CARTESIAN_POINT('',(-33.84809940825,4.214490262288,
    -33.07918831314));
#675 = CARTESIAN_POINT('',(-33.93901700714,3.957634542279,
    -33.07964798134));
#676 = CARTESIAN_POINT('',(-34.07673750349,3.535384486988,
    -33.08034390087));
#677 = CARTESIAN_POINT('',(-34.12742956285,3.371257679138,-33.0805999547
    ));
#678 = CARTESIAN_POINT('',(-34.17550838357,3.206332276862,
    -33.08084271733));
#679 = CARTESIAN_POINT('',(-34.22092944204,3.04064968904,-33.08107197777
    ));
#680 = CARTESIAN_POINT('',(-34.26365071559,2.874254181248,
    -33.08128753799));
#681 = CARTESIAN_POINT('',(-34.3036326825,2.707192875756,-33.08148921294
    ));
#682 = CARTESIAN_POINT('',(-34.41986118419,2.18337946283,-33.08207532081
    ));
#683 = CARTESIAN_POINT('',(-34.48636404292,1.824450980829,
    -33.08241041554));
#684 = CARTESIAN_POINT('',(-34.53999175883,1.463229858489,
    -33.08268046111));
#685 = CARTESIAN_POINT('',(-34.58046314866,1.100244809718,
    -33.08288416238));
#686 = CARTESIAN_POINT('',(-34.60758092391,0.736054743512,
    -33.08302061892));
#687 = CARTESIAN_POINT('',(-34.62124162952,0.37124979809,-33.08308936129
    ));
#688 = CARTESIAN_POINT('',(-34.6217456169,-0.530009068641,
    -33.08309189733));
#689 = CARTESIAN_POINT('',(-34.5929447469,-1.066580775301,
    -33.08294696885));
#690 = CARTESIAN_POINT('',(-34.53502178762,-1.601195905153,
    -33.08265550339));
#691 = CARTESIAN_POINT('',(-34.44847435952,-2.132003047376,
    -33.08221977802));
#692 = CARTESIAN_POINT('',(-34.33420493421,-2.657349425206,
    -33.08164391384));
#693 = CARTESIAN_POINT('',(-34.19343072082,-3.175767357763,
    -33.08093354532));
#694 = CARTESIAN_POINT('',(-33.94345028018,-3.944940641257,
    -33.07967039345));
#695 = CARTESIAN_POINT('',(-33.8528249054,-4.201819189433,
    -33.07921221433));
#696 = CARTESIAN_POINT('',(-33.75592652501,-4.456444790996,
    -33.07872203678));
#697 = CARTESIAN_POINT('',(-33.65295098935,-4.708683179977,
    -33.07820080587));
#698 = CARTESIAN_POINT('',(-33.54410107387,-4.958419169245,
    -33.07764951336));
#699 = CARTESIAN_POINT('',(-33.42958281027,-5.205555163184,
    -33.07706918304));
#700 = CARTESIAN_POINT('',(-33.0740359526,-5.929962031041,
    -33.07526649158));
#701 = CARTESIAN_POINT('',(-32.81741914627,-6.399564379353,
    -33.07396424041));
#702 = CARTESIAN_POINT('',(-32.54129916013,-6.858228800809,
    -33.07256193553));
#703 = CARTESIAN_POINT('',(-32.24722044967,-7.305590818638,
    -33.07106767657));
#704 = CARTESIAN_POINT('',(-31.93665564315,-7.741465262755,
    -33.06948954821));
#705 = CARTESIAN_POINT('',(-31.61095555654,-8.165813909571,
    -33.06783537322));
#706 = CARTESIAN_POINT('',(-30.54214169597,-9.465212462954,
    -33.0624136251));
#707 = CARTESIAN_POINT('',(-29.74923487678,-10.298357782,-33.05840070696
    ));
#708 = CARTESIAN_POINT('',(-28.90399328043,-11.07989721295,
    -33.05414414083));
#709 = CARTESIAN_POINT('',(-28.01585802922,-11.81186890624,
    -33.04971106444));
#710 = CARTESIAN_POINT('',(-27.09243078104,-12.49673140242,
    -33.04516411444));
#711 = CARTESIAN_POINT('',(-26.13933977839,-13.13719869235,
    -33.04055690386));
#712 = CARTESIAN_POINT('',(-24.01056034704,-14.43919126214,
    -33.03050700261));
#713 = CARTESIAN_POINT('',(-22.82600851931,-15.08437435588,
    -33.02506319693));
#714 = CARTESIAN_POINT('',(-21.61304334417,-15.67595005922,
    -33.01967832891));
#715 = CARTESIAN_POINT('',(-20.37685216112,-16.2171075501,
    -33.01442214472));
#716 = CARTESIAN_POINT('',(-19.12157478924,-16.71064272797,
    -33.00935653141));
#717 = CARTESIAN_POINT('',(-17.85030848629,-17.1589653776,
    -33.00453420287));
#718 = CARTESIAN_POINT('',(-16.56513685002,-17.56415575388,-33.));
#719 = PCURVE('',#55,#720);
#720 = DEFINITIONAL_REPRESENTATION('',(#721),#790);
#721 = B_SPLINE_CURVE_WITH_KNOTS('',7,(#722,#723,#724,#725,#726,#727,
    #728,#729,#730,#731,#732,#733,#734,#735,#736,#737,#738,#739,#740,
    #741,#742,#743,#744,#745,#746,#747,#748,#749,#750,#751,#752,#753,
    #754,#755,#756,#757,#758,#759,#760,#761,#762,#763,#764,#765,#766,
    #767,#768,#769,#770,#771,#772,#773,#774,#775,#776,#777,#778,#779,
    #780,#781,#782,#783,#784,#785,#786,#787,#788,#789),.UNSPECIFIED.,.F.
  ,.F.,(8,6,6,6,6,6,6,6,6,6,6,8),(0.,0.173939322663,0.324814295286,
    0.394493407317,0.42998000475,0.452356374363,0.499882467249,
    0.569773082678,0.605249676139,0.674903018371,0.824443313809,1.),
  .UNSPECIFIED.);
#722 = CARTESIAN_POINT('',(0.331518560129,0.));
#723 = CARTESIAN_POINT('',(0.338298913359,3.464273818315E-04));
#724 = CARTESIAN_POINT('',(0.345169840449,7.210768393576E-04));
#725 = CARTESIAN_POINT('',(0.352148006607,1.122451513159E-03));
#726 = CARTESIAN_POINT('',(0.35924982573,1.548523469876E-03));
#727 = CARTESIAN_POINT('',(0.366493284996,1.996476562791E-03));
#728 = CARTESIAN_POINT('',(0.373899110254,2.462476711625E-03));
#729 = CARTESIAN_POINT('',(0.388087579905,3.356650389474E-03));
#730 = CARTESIAN_POINT('',(0.394817639528,3.78133048952E-03));
#731 = CARTESIAN_POINT('',(0.40170957043,4.212122480306E-03));
#732 = CARTESIAN_POINT('',(0.408782126111,4.644498430911E-03));
#733 = CARTESIAN_POINT('',(0.416052436815,5.072279743064E-03));
#734 = CARTESIAN_POINT('',(0.423537414194,5.487402254565E-03));
#735 = CARTESIAN_POINT('',(0.434823630503,6.061291567023E-03));
#736 = CARTESIAN_POINT('',(0.438438321934,6.237730927888E-03));
#737 = CARTESIAN_POINT('',(0.442103434186,6.408300779585E-03));
#738 = CARTESIAN_POINT('',(0.445819583068,6.57188288062E-03));
#739 = CARTESIAN_POINT('',(0.449586651089,6.727257010028E-03));
#740 = CARTESIAN_POINT('',(0.453403666523,6.873139296302E-03));
#741 = CARTESIAN_POINT('',(0.459236887168,7.077051055E-03));
#742 = CARTESIAN_POINT('',(0.461217608655,7.143061630329E-03));
#743 = CARTESIAN_POINT('',(0.463210413332,7.206105365467E-03));
#744 = CARTESIAN_POINT('',(0.46521491453,7.266011447142E-03));
#745 = CARTESIAN_POINT('',(0.467230633833,7.322611763429E-03));
#746 = CARTESIAN_POINT('',(0.469256990689,7.375743998387E-03));
#747 = CARTESIAN_POINT('',(0.472577299046,7.456474054888E-03));
#748 = CARTESIAN_POINT('',(0.473865262193,7.486253823033E-03));
#749 = CARTESIAN_POINT('',(0.47515700916,7.514555167484E-03));
#750 = CARTESIAN_POINT('',(0.476452352303,7.541341301992E-03));
#751 = CARTESIAN_POINT('',(0.477751088646,7.566577517699E-03));
#752 = CARTESIAN_POINT('',(0.47905299987,7.590231183139E-03));
#753 = CARTESIAN_POINT('',(0.483129281205,7.659084750226E-03));
#754 = CARTESIAN_POINT('',(0.485914088453,7.698624064705E-03));
#755 = CARTESIAN_POINT('',(0.488709864702,7.730597278577E-03));
#756 = CARTESIAN_POINT('',(0.49151411013,7.754772409139E-03));
#757 = CARTESIAN_POINT('',(0.494324183915,7.770986484688E-03));
#758 = CARTESIAN_POINT('',(0.497137253702,7.77915412912E-03));
#759 = CARTESIAN_POINT('',(0.504086955431,7.779455495854E-03));
#760 = CARTESIAN_POINT('',(0.50822446839,7.762235355818E-03));
#761 = CARTESIAN_POINT('',(0.512352323213,7.727601366216E-03));
#762 = CARTESIAN_POINT('',(0.51646172422,7.675957155169E-03));
#763 = CARTESIAN_POINT('',(0.520545039113,7.608049765323E-03));
#764 = CARTESIAN_POINT('',(0.52459545185,7.524891849382E-03));
#765 = CARTESIAN_POINT('',(0.530642921898,7.378336092849E-03));
#766 = CARTESIAN_POINT('',(0.532669158937,7.325366704421E-03));
#767 = CARTESIAN_POINT('',(0.53468478569,7.268925500629E-03));
#768 = CARTESIAN_POINT('',(0.536689219239,7.209174472043E-03));
#769 = CARTESIAN_POINT('',(0.538681978808,7.146281471534E-03));
#770 = CARTESIAN_POINT('',(0.540662675367,7.080417116911E-03));
#771 = CARTESIAN_POINT('',(0.546495534975,6.876936770193E-03));
#772 = CARTESIAN_POINT('',(0.550312274617,6.731328254213E-03));
#773 = CARTESIAN_POINT('',(0.554079126718,6.576210496511E-03));
#774 = CARTESIAN_POINT('',(0.557795104779,6.412866790373E-03));
#775 = CARTESIAN_POINT('',(0.561460078955,6.242517323372E-03));
#776 = CARTESIAN_POINT('',(0.56507465444,6.066280678254E-03));
#777 = CARTESIAN_POINT('',(0.576295079575,5.496304442744E-03));
#778 = CARTESIAN_POINT('',(0.583718508861,5.085205795118E-03));
#779 = CARTESIAN_POINT('',(0.590930673183,4.661506372856E-03));
#780 = CARTESIAN_POINT('',(0.597948024165,4.233094423652E-03));
#781 = CARTESIAN_POINT('',(0.604787257057,3.806030219567E-03));
#782 = CARTESIAN_POINT('',(0.61146667773,3.384769424911E-03));
#783 = CARTESIAN_POINT('',(0.625687443836,2.488502275281E-03));
#784 = CARTESIAN_POINT('',(0.633169795144,2.01732378785E-03));
#785 = CARTESIAN_POINT('',(0.640485973946,1.564382953202E-03));
#786 = CARTESIAN_POINT('',(0.647657325595,1.133653795146E-03));
#787 = CARTESIAN_POINT('',(0.654702374323,7.280467684727E-04));
#788 = CARTESIAN_POINT('',(0.661638015215,3.496498732064E-04));
#789 = CARTESIAN_POINT('',(0.668481439871,0.));
#790 = ( GEOMETRIC_REPRESENTATION_CONTEXT(2) 
PARAMETRIC_REPRESENTATION_CONTEXT() REPRESENTATION_CONTEXT('2D SPACE',''
  ) );
#791 = PCURVE('',#161,#792);
#792 = DEFINITIONAL_REPRESENTATION('',(#793),#862);
#793 = B_SPLINE_CURVE_WITH_KNOTS('',7,(#794,#795,#796,#797,#798,#799,
    #800,#801,#802,#803,#804,#805,#806,#807,#808,#809,#810,#811,#812,
    #813,#814,#815,#816,#817,#818,#819,#820,#821,#822,#823,#824,#825,
    #826,#827,#828,#829,#830,#831,#832,#833,#834,#835,#836,#837,#838,
    #839,#840,#841,#842,#843,#844,#845,#846,#847,#848,#849,#850,#851,
    #852,#853,#854,#855,#856,#857,#858,#859,#860,#861),.UNSPECIFIED.,.F.
  ,.F.,(8,6,6,6,6,6,6,6,6,6,6,8),(0.,0.173939322663,0.324814295286,
    0.394493407317,0.42998000475,0.452356374363,0.499882467249,
    0.569773082678,0.605249676139,0.674903018371,0.824443313809,1.),
  .UNSPECIFIED.);
#794 = CARTESIAN_POINT('',(0.327558853357,4.626924162698E-02));
#795 = CARTESIAN_POINT('',(0.33412191761,4.590155361475E-02));
#796 = CARTESIAN_POINT('',(0.340803864767,4.550430621681E-02));
#797 = CARTESIAN_POINT('',(0.34762511799,4.507920314373E-02));
#798 = CARTESIAN_POINT('',(0.354606277217,4.462851502616E-02));
#799 = CARTESIAN_POINT('',(0.361769936651,4.415534224264E-02));
#800 = CARTESIAN_POINT('',(0.369141737114,4.36638387591E-02));
#801 = CARTESIAN_POINT('',(0.383362081702,4.272215809312E-02));
#802 = CARTESIAN_POINT('',(0.390145378141,4.227547544551E-02));
#803 = CARTESIAN_POINT('',(0.397132353462,4.18229608623E-02));
#804 = CARTESIAN_POINT('',(0.404345435277,4.136940155242E-02));
#805 = CARTESIAN_POINT('',(0.411805328259,4.09212795186E-02));
#806 = CARTESIAN_POINT('',(0.419531784728,4.048698413928E-02));
#807 = CARTESIAN_POINT('',(0.431248912807,3.988727313201E-02));
#808 = CARTESIAN_POINT('',(0.435011063357,3.970300056056E-02));
#809 = CARTESIAN_POINT('',(0.438835056094,3.9524956803E-02));
#810 = CARTESIAN_POINT('',(0.442721495867,3.935429708E-02));
#811 = CARTESIAN_POINT('',(0.44667010131,3.919227983658E-02));
#812 = CARTESIAN_POINT('',(0.45067954118,3.904022724872E-02));
#813 = CARTESIAN_POINT('',(0.456818714715,3.882777228021E-02));
#814 = CARTESIAN_POINT('',(0.458905342669,3.875901121445E-02));
#815 = CARTESIAN_POINT('',(0.461006640584,3.869335420276E-02));
#816 = CARTESIAN_POINT('',(0.46312212454,3.863097690255E-02));
#817 = CARTESIAN_POINT('',(0.465251201089,3.857205211973E-02));
#818 = CARTESIAN_POINT('',(0.467393155894,3.851674664533E-02));
#819 = CARTESIAN_POINT('',(0.470905356744,3.843272640901E-02));
#820 = CARTESIAN_POINT('',(0.47226835734,3.840173607037E-02));
#821 = CARTESIAN_POINT('',(0.473635933399,3.837228699785E-02));
#822 = CARTESIAN_POINT('',(0.47500785603,3.834441697448E-02));
#823 = CARTESIAN_POINT('',(0.476383878201,3.831816164455E-02));
#824 = CARTESIAN_POINT('',(0.477763734744,3.829355451364E-02));
#825 = CARTESIAN_POINT('',(0.482085417864,3.822192999169E-02));
#826 = CARTESIAN_POINT('',(0.485039829411,3.818080645361E-02));
#827 = CARTESIAN_POINT('',(0.48800748431,3.814755655509E-02));
#828 = CARTESIAN_POINT('',(0.490985356731,3.812241839693E-02));
#829 = CARTESIAN_POINT('',(0.493970245736,3.810555920425E-02));
#830 = CARTESIAN_POINT('',(0.496958733302,3.809706657078E-02));
#831 = CARTESIAN_POINT('',(0.504341817429,3.809675321459E-02));
#832 = CARTESIAN_POINT('',(0.508737356408,3.811465852402E-02));
#833 = CARTESIAN_POINT('',(0.513121342347,3.815067045666E-02));
#834 = CARTESIAN_POINT('',(0.517483125162,3.820437462738E-02));
#835 = CARTESIAN_POINT('',(0.521813393099,3.827500452624E-02));
#836 = CARTESIAN_POINT('',(0.526103870573,3.83615208848E-02));
#837 = CARTESIAN_POINT('',(0.532501034243,3.851404858998E-02));
#838 = CARTESIAN_POINT('',(0.534642930644,3.856918417713E-02));
#839 = CARTESIAN_POINT('',(0.536771982182,3.862794287831E-02));
#840 = CARTESIAN_POINT('',(0.538887471736,3.869015823845E-02));
#841 = CARTESIAN_POINT('',(0.540988803066,3.875565771985E-02));
#842 = CARTESIAN_POINT('',(0.543075489458,3.882426586833E-02));
#843 = CARTESIAN_POINT('',(0.549214544265,3.903626939513E-02));
#844 = CARTESIAN_POINT('',(0.55322388176,3.918803509284E-02));
#845 = CARTESIAN_POINT('',(0.557172460488,3.93497832198E-02));
#846 = CARTESIAN_POINT('',(0.561058931574,3.952019222002E-02));
#847 = CARTESIAN_POINT('',(0.564882998772,3.969800371227E-02));
#848 = CARTESIAN_POINT('',(0.568645254159,3.988206215566E-02));
#849 = CARTESIAN_POINT('',(0.58029480657,4.047767590377E-02));
#850 = CARTESIAN_POINT('',(0.587958636464,4.090775115504E-02));
#851 = CARTESIAN_POINT('',(0.595360178428,4.135158053954E-02));
#852 = CARTESIAN_POINT('',(0.602518631801,4.180095855827E-02));
#853 = CARTESIAN_POINT('',(0.609454160564,4.224952885984E-02));
#854 = CARTESIAN_POINT('',(0.616188646712,4.269258226989E-02));
#855 = CARTESIAN_POINT('',(0.630446655501,4.363638978726E-02));
#856 = CARTESIAN_POINT('',(0.637896818928,4.413332186097E-02));
#857 = CARTESIAN_POINT('',(0.645133991715,4.461173953961E-02));
#858 = CARTESIAN_POINT('',(0.652184582507,4.506733872741E-02));
#859 = CARTESIAN_POINT('',(0.659071861764,4.549691591171E-02));
#860 = CARTESIAN_POINT('',(0.665817032207,4.589813335604E-02));
#861 = CARTESIAN_POINT('',(0.67244114664,4.626924162685E-02));
#862 = ( GEOMETRIC_REPRESENTATION_CONTEXT(2) 
PARAMETRIC_REPRESENTATION_CONTEXT() REPRESENTATION_CONTEXT('2D SPACE',''
  ) );
#863 = ORIENTED_EDGE('',*,*,#864,.T.);
#864 = EDGE_CURVE('',#647,#22,#865,.T.);
#865 = SURFACE_CURVE('',#866,(#882,#889),.PCURVE_S1.);
#866 = B_SPLINE_CURVE_WITH_KNOTS('',14,(#867,#868,#869,#870,#871,#872,
    #873,#874,#875,#876,#877,#878,#879,#880,#881),.UNSPECIFIED.,.T.,.F.,
  (15,15),(0.,1.),.PIECEWISE_BEZIER_KNOTS.);
#867 = CARTESIAN_POINT('',(33.8,-1.806939060149E-14,-33.));
#868 = CARTESIAN_POINT('',(33.800000000004,9.043298852842,-33.));
#869 = CARTESIAN_POINT('',(26.468294591444,18.086601043743,-33.));
#870 = CARTESIAN_POINT('',(11.804874401508,24.841309833483,-33.));
#871 = CARTESIAN_POINT('',(-7.997438778154,27.019086555824,-33.));
#872 = CARTESIAN_POINT('',(-28.55341732166,23.151883749474,-33.));
#873 = CARTESIAN_POINT('',(-44.24560951601,13.417587691913,-33.));
#874 = CARTESIAN_POINT('',(-50.15340674929,4.515913186803E-10,-33.));
#875 = CARTESIAN_POINT('',(-44.24560951601,-13.41758769273,-33.));
#876 = CARTESIAN_POINT('',(-28.55341732165,-23.15188374884,-33.));
#877 = CARTESIAN_POINT('',(-7.997438778157,-27.01908655621,-33.));
#878 = CARTESIAN_POINT('',(11.804874401511,-24.84130983329,-33.));
#879 = CARTESIAN_POINT('',(26.468294591443,-18.08660104381,-33.));
#880 = CARTESIAN_POINT('',(33.800000000004,-9.043298852827,-33.));
#881 = CARTESIAN_POINT('',(33.8,1.03523186432E-14,-33.));
#882 = PCURVE('',#55,#883);
#883 = DEFINITIONAL_REPRESENTATION('',(#884),#888);
#884 = LINE('',#885,#886);
#885 = CARTESIAN_POINT('',(0.,0.));
#886 = VECTOR('',#887,1.);
#887 = DIRECTION('',(1.,0.));
#888 = ( GEOMETRIC_REPRESENTATION_CONTEXT(2) 
PARAMETRIC_REPRESENTATION_CONTEXT() REPRESENTATION_CONTEXT('2D SPACE',''
  ) );
#889 = PCURVE('',#890,#895);
#890 = PLANE('',#891);
#891 = AXIS2_PLACEMENT_3D('',#892,#893,#894);
#892 = CARTESIAN_POINT('',(33.8,-1.806939060149E-14,-33.));
#893 = DIRECTION('',(0.,0.,-1.));
#894 = DIRECTION('',(-1.,3.329923476551E-16,0.));
#895 = DEFINITIONAL_REPRESENTATION('',(#896),#912);
#896 = B_SPLINE_CURVE_WITH_KNOTS('',14,(#897,#898,#899,#900,#901,#902,
    #903,#904,#905,#906,#907,#908,#909,#910,#911),.UNSPECIFIED.,.F.,.F.,
  (15,15),(0.,1.),.PIECEWISE_BEZIER_KNOTS.);
#897 = CARTESIAN_POINT('',(0.,0.));
#898 = CARTESIAN_POINT('',(-4.135358722124E-12,9.043298852842));
#899 = CARTESIAN_POINT('',(7.331705408556,18.086601043743));
#900 = CARTESIAN_POINT('',(21.995125598492,24.841309833483));
#901 = CARTESIAN_POINT('',(41.797438778154,27.019086555824));
#902 = CARTESIAN_POINT('',(62.353417321661,23.151883749474));
#903 = CARTESIAN_POINT('',(78.045609516013,13.417587691913));
#904 = CARTESIAN_POINT('',(83.953406749298,4.515814322289E-10));
#905 = CARTESIAN_POINT('',(78.045609516013,-13.41758769273));
#906 = CARTESIAN_POINT('',(62.353417321659,-23.15188374884));
#907 = CARTESIAN_POINT('',(41.797438778157,-27.01908655621));
#908 = CARTESIAN_POINT('',(21.995125598489,-24.84130983329));
#909 = CARTESIAN_POINT('',(7.331705408557,-18.08660104381));
#910 = CARTESIAN_POINT('',(-4.504840944719E-12,-9.043298852827));
#911 = CARTESIAN_POINT('',(7.105427357601E-15,2.842170924469E-14));
#912 = ( GEOMETRIC_REPRESENTATION_CONTEXT(2) 
PARAMETRIC_REPRESENTATION_CONTEXT() REPRESENTATION_CONTEXT('2D SPACE',''
  ) );
#913 = ADVANCED_FACE('',(#914),#161,.F.);
#914 = FACE_BOUND('',#915,.F.);
#915 = EDGE_LOOP('',(#916,#1438,#1439,#1466,#1513,#1783));
#916 = ORIENTED_EDGE('',*,*,#917,.F.);
#917 = EDGE_CURVE('',#22,#647,#918,.T.);
#918 = SURFACE_CURVE('',#919,(#1090,#1264),.PCURVE_S1.);
#919 = B_SPLINE_CURVE_WITH_KNOTS('',8,(#920,#921,#922,#923,#924,#925,
    #926,#927,#928,#929,#930,#931,#932,#933,#934,#935,#936,#937,#938,
    #939,#940,#941,#942,#943,#944,#945,#946,#947,#948,#949,#950,#951,
    #952,#953,#954,#955,#956,#957,#958,#959,#960,#961,#962,#963,#964,
    #965,#966,#967,#968,#969,#970,#971,#972,#973,#974,#975,#976,#977,
    #978,#979,#980,#981,#982,#983,#984,#985,#986,#987,#988,#989,#990,
    #991,#992,#993,#994,#995,#996,#997,#998,#999,#1000,#1001,#1002,#1003
    ,#1004,#1005,#1006,#1007,#1008,#1009,#1010,#1011,#1012,#1013,#1014,
    #1015,#1016,#1017,#1018,#1019,#1020,#1021,#1022,#1023,#1024,#1025,
    #1026,#1027,#1028,#1029,#1030,#1031,#1032,#1033,#1034,#1035,#1036,
    #1037,#1038,#1039,#1040,#1041,#1042,#1043,#1044,#1045,#1046,#1047,
    #1048,#1049,#1050,#1051,#1052,#1053,#1054,#1055,#1056,#1057,#1058,
    #1059,#1060,#1061,#1062,#1063,#1064,#1065,#1066,#1067,#1068,#1069,
    #1070,#1071,#1072,#1073,#1074,#1075,#1076,#1077,#1078,#1079,#1080,
    #1081,#1082,#1083,#1084,#1085,#1086,#1087,#1088,#1089),
  .UNSPECIFIED.,.F.,.F.,(9,7,7,7,7,7,7,7,7,7,7,7,7,7,7,7,7,7,7,7,7,7,7,7
    ,9),(0.,3.971017931294E-02,7.602779164209E-02,0.110599953707,
    0.168569511304,0.23135725733,0.330053426899,0.361632680376,
    0.396467623995,0.43350083602,0.462469691671,0.483208969518,
    0.500000999008,0.523029801846,0.535061498569,0.559148847976,
    0.596139945884,0.632529753494,0.664966720634,0.768646851993,
    0.830123020892,0.889402014988,0.923973561663,0.960290527534,1.),
  .UNSPECIFIED.);
#920 = CARTESIAN_POINT('',(33.800000000004,-5.867425396483,-33.));
#921 = CARTESIAN_POINT('',(33.405974752871,-6.584098953118,-33.));
#922 = CARTESIAN_POINT('',(32.965868570766,-7.274995103122,-33.));
#923 = CARTESIAN_POINT('',(32.485025756411,-7.939082645949,-33.));
#924 = CARTESIAN_POINT('',(31.968542114242,-8.576026786834,-33.));
#925 = CARTESIAN_POINT('',(31.421028215806,-9.185999564999,-33.));
#926 = CARTESIAN_POINT('',(30.846474092968,-9.769568659178,-33.));
#927 = CARTESIAN_POINT('',(30.248159788984,-10.32762263158,-33.));
#928 = CARTESIAN_POINT('',(29.06188731244,-11.34936575224,-33.));
#929 = CARTESIAN_POINT('',(28.477611093685,-11.81687233182,-33.));
#930 = CARTESIAN_POINT('',(27.877749114564,-12.26460388596,-33.));
#931 = CARTESIAN_POINT('',(27.264068631033,-12.6932957197,-33.));
#932 = CARTESIAN_POINT('',(26.638101343618,-13.10365057119,-33.));
#933 = CARTESIAN_POINT('',(26.001154318637,-13.49635347728,-33.));
#934 = CARTESIAN_POINT('',(25.354313068669,-13.87207590074,-33.));
#935 = CARTESIAN_POINT('',(24.07408239589,-14.57358964389,-33.));
#936 = CARTESIAN_POINT('',(23.441620095325,-14.90086968171,-33.));
#937 = CARTESIAN_POINT('',(22.801842913723,-15.21385191004,-33.));
#938 = CARTESIAN_POINT('',(22.155455620024,-15.51302097222,-33.));
#939 = CARTESIAN_POINT('',(21.503081540386,-15.79881793305,-33.));
#940 = CARTESIAN_POINT('',(20.845267200635,-16.0716501597,-33.));
#941 = CARTESIAN_POINT('',(20.182484799724,-16.33189662809,-33.));
#942 = CARTESIAN_POINT('',(18.396136349511,-16.99576773296,-33.));
#943 = CARTESIAN_POINT('',(17.26443010741,-17.37717795164,-33.));
#944 = CARTESIAN_POINT('',(16.121887154905,-17.72581504764,-33.));
#945 = CARTESIAN_POINT('',(14.970126021733,-18.04302128553,-33.));
#946 = CARTESIAN_POINT('',(13.810543627345,-18.32992228985,-33.));
#947 = CARTESIAN_POINT('',(12.644329444215,-18.58747701735,-33.));
#948 = CARTESIAN_POINT('',(11.472469923923,-18.81649237886,-33.));
#949 = CARTESIAN_POINT('',(9.021231245855,-19.23549371882,-33.));
#950 = CARTESIAN_POINT('',(7.741165046177,-19.42062746793,-33.));
#951 = CARTESIAN_POINT('',(6.456629953396,-19.57388023668,-33.));
#952 = CARTESIAN_POINT('',(5.168633588817,-19.69587820347,-33.));
#953 = CARTESIAN_POINT('',(3.878119811614,-19.7870732471,-33.));
#954 = CARTESIAN_POINT('',(2.585971448441,-19.84776734646,-33.));
#955 = CARTESIAN_POINT('',(1.293011096137,-19.87811688923,-33.));
#956 = CARTESIAN_POINT('',(-2.032486446392,-19.87811688997,-33.));
#957 = CARTESIAN_POINT('',(-4.064341672401,-19.80312716726,-33.));
#958 = CARTESIAN_POINT('',(-6.093155624222,-19.65323124482,-33.));
#959 = CARTESIAN_POINT('',(-8.115849616822,-19.42741704278,-33.));
#960 = CARTESIAN_POINT('',(-10.12870226027,-19.12383416694,-33.));
#961 = CARTESIAN_POINT('',(-12.12730909321,-18.73964267246,-33.));
#962 = CARTESIAN_POINT('',(-14.10656576064,-18.27094205858,-33.));
#963 = CARTESIAN_POINT('',(-16.68563243262,-17.5325405869,-33.));
#964 = CARTESIAN_POINT('',(-17.30814668049,-17.3442810683,-33.));
#965 = CARTESIAN_POINT('',(-17.92778102774,-17.14656002823,-33.));
#966 = CARTESIAN_POINT('',(-18.54428754203,-16.93916748007,-33.));
#967 = CARTESIAN_POINT('',(-19.1573887096,-16.72187584032,-33.));
#968 = CARTESIAN_POINT('',(-19.7667765655,-16.49443747736,-33.));
#969 = CARTESIAN_POINT('',(-20.37211127155,-16.25658072141,-33.));
#970 = CARTESIAN_POINT('',(-21.63587812291,-15.73380075503,-33.));
#971 = CARTESIAN_POINT('',(-22.2933152499,-15.44656769225,-33.));
#972 = CARTESIAN_POINT('',(-22.94485237082,-15.1458943698,-33.));
#973 = CARTESIAN_POINT('',(-23.58991408924,-14.8313409715,-33.));
#974 = CARTESIAN_POINT('',(-24.22782777613,-14.50243856186,-33.));
#975 = CARTESIAN_POINT('',(-24.85782045911,-14.15868311626,-33.));
#976 = CARTESIAN_POINT('',(-25.47901258938,-13.79952366209,-33.));
#977 = CARTESIAN_POINT('',(-26.74038709671,-13.0254896203,-33.));
#978 = CARTESIAN_POINT('',(-27.37917125113,-12.60860418312,-33.));
#979 = CARTESIAN_POINT('',(-28.00565330328,-12.17291144036,-33.));
#980 = CARTESIAN_POINT('',(-28.61840555626,-11.71763504239,-33.));
#981 = CARTESIAN_POINT('',(-29.21569102661,-11.24201225459,-33.));
#982 = CARTESIAN_POINT('',(-29.79546488042,-10.74529627236,-33.));
#983 = CARTESIAN_POINT('',(-30.35536674154,-10.22674766522,-33.));
#984 = CARTESIAN_POINT('',(-31.31303040859,-9.262319355367,-33.));
#985 = CARTESIAN_POINT('',(-31.7194628202,-8.825292044934,-33.));
#986 = CARTESIAN_POINT('',(-32.11071050636,-8.374191741605,-33.));
#987 = CARTESIAN_POINT('',(-32.48525252607,-7.908787858751,-33.));
#988 = CARTESIAN_POINT('',(-32.84135993335,-7.428978138822,-33.));
#989 = CARTESIAN_POINT('',(-33.17713030613,-6.93481488238,-33.));
#990 = CARTESIAN_POINT('',(-33.49053446834,-6.426539767723,-33.));
#991 = CARTESIAN_POINT('',(-33.98633295037,-5.530981556282,-33.));
#992 = CARTESIAN_POINT('',(-34.18064031581,-5.1503682374,-33.));
#993 = CARTESIAN_POINT('',(-34.36160541611,-4.763008886701,-33.));
#994 = CARTESIAN_POINT('',(-34.52842103413,-4.36920713694,-33.));
#995 = CARTESIAN_POINT('',(-34.68028386177,-3.969356261054,-33.));
#996 = CARTESIAN_POINT('',(-34.81641984904,-3.563949115397,-33.));
#997 = CARTESIAN_POINT('',(-34.93611586109,-3.153590436548,-33.));
#998 = CARTESIAN_POINT('',(-35.12186390448,-2.403338190044,-33.));
#999 = CARTESIAN_POINT('',(-35.19379481036,-2.064877898683,-33.));
#1000 = CARTESIAN_POINT('',(-35.25421837566,-1.724036157385,-33.));
#1001 = CARTESIAN_POINT('',(-35.30285553235,-1.381242189472,-33.));
#1002 = CARTESIAN_POINT('',(-35.33948701012,-1.036949661764,-33.));
#1003 = CARTESIAN_POINT('',(-35.3639602166,-0.691637444554,-33.));
#1004 = CARTESIAN_POINT('',(-35.37619611767,-0.345810371581,-33.));
#1005 = CARTESIAN_POINT('',(-35.37619611767,0.474248742307,-33.));
#1006 = CARTESIAN_POINT('',(-35.35318349147,0.948563287187,-33.));
#1007 = CARTESIAN_POINT('',(-35.30714735179,1.421526597016,-33.));
#1008 = CARTESIAN_POINT('',(-35.23837728633,1.891846391965,-33.));
#1009 = CARTESIAN_POINT('',(-35.14741179524,2.358347033945,-33.));
#1010 = CARTESIAN_POINT('',(-35.03499414946,2.819962510837,-33.));
#1011 = CARTESIAN_POINT('',(-34.90203566991,3.275730521026,-33.));
#1012 = CARTESIAN_POINT('',(-34.66993734369,3.959403383757,-33.));
#1013 = CARTESIAN_POINT('',(-34.58495999446,4.192210339586,-33.));
#1014 = CARTESIAN_POINT('',(-34.49479757017,4.423099179064,-33.));
#1015 = CARTESIAN_POINT('',(-34.39959926105,4.651973648625,-33.));
#1016 = CARTESIAN_POINT('',(-34.29951841405,4.878749816069,-33.));
#1017 = CARTESIAN_POINT('',(-34.19471068966,5.103355298856,-33.));
#1018 = CARTESIAN_POINT('',(-34.08533221867,5.325728492395,-33.));
#1019 = CARTESIAN_POINT('',(-33.74372226677,5.986434623604,-33.));
#1020 = CARTESIAN_POINT('',(-33.49822139981,6.417871246701,-33.));
#1021 = CARTESIAN_POINT('',(-33.23626302006,6.839754329953,-33.));
#1022 = CARTESIAN_POINT('',(-32.95905790421,7.251846348314,-33.));
#1023 = CARTESIAN_POINT('',(-32.66776739566,7.654023812277,-33.));
#1024 = CARTESIAN_POINT('',(-32.36347723624,8.046259514503,-33.));
#1025 = CARTESIAN_POINT('',(-32.04717757753,8.428608800179,-33.));
#1026 = CARTESIAN_POINT('',(-31.21691525681,9.373390357508,-33.));
#1027 = CARTESIAN_POINT('',(-30.68796505302,9.922419524288,-33.));
#1028 = CARTESIAN_POINT('',(-30.13602369121,10.448867716081,-33.));
#1029 = CARTESIAN_POINT('',(-29.56385505527,10.953373416817,-33.));
#1030 = CARTESIAN_POINT('',(-28.9738663842,11.436636887477,-33.));
#1031 = CARTESIAN_POINT('',(-28.36810599624,11.899416440633,-33.));
#1032 = CARTESIAN_POINT('',(-27.74825413528,12.342517341771,-33.));
#1033 = CARTESIAN_POINT('',(-26.49324342409,13.184133051767,-33.));
#1034 = CARTESIAN_POINT('',(-25.85864002155,13.583160300793,-33.));
#1035 = CARTESIAN_POINT('',(-25.21312489052,13.964606645291,-33.));
#1036 = CARTESIAN_POINT('',(-24.55786206692,14.329143122247,-33.));
#1037 = CARTESIAN_POINT('',(-23.89386561826,14.677384957033,-33.));
#1038 = CARTESIAN_POINT('',(-23.22200879569,15.009907588778,-33.));
#1039 = CARTESIAN_POINT('',(-22.54302818393,15.327254008886,-33.));
#1040 = CARTESIAN_POINT('',(-21.24648048607,15.899734286075,-33.));
#1041 = CARTESIAN_POINT('',(-20.63029472591,16.157863687746,-33.));
#1042 = CARTESIAN_POINT('',(-20.00941587015,16.404674519461,-33.));
#1043 = CARTESIAN_POINT('',(-19.38425107552,16.640484079707,-33.));
#1044 = CARTESIAN_POINT('',(-18.75516707737,16.865581214201,-33.));
#1045 = CARTESIAN_POINT('',(-18.12249212761,17.080231414902,-33.));
#1046 = CARTESIAN_POINT('',(-17.48651714673,17.284679867517,-33.));
#1047 = CARTESIAN_POINT('',(-14.80495657666,18.100756266202,-33.));
#1048 = CARTESIAN_POINT('',(-12.73213222285,18.620186234857,-33.));
#1049 = CARTESIAN_POINT('',(-10.63644372663,19.045242919604,-33.));
#1050 = CARTESIAN_POINT('',(-8.524074562655,19.380673391804,-33.));
#1051 = CARTESIAN_POINT('',(-6.400296327887,19.629961361317,-33.));
#1052 = CARTESIAN_POINT('',(-4.269480411849,19.795359072327,-33.));
#1053 = CARTESIAN_POINT('',(-2.135162259966,19.878116889999,-33.));
#1054 = CARTESIAN_POINT('',(1.266024585334,19.878116889245,-33.));
#1055 = CARTESIAN_POINT('',(2.532003854337,19.849021002785,-33.));
#1056 = CARTESIAN_POINT('',(3.797220159005,19.790833563357,-33.));
#1057 = CARTESIAN_POINT('',(5.060900864648,19.703411132186,-33.));
#1058 = CARTESIAN_POINT('',(6.322219291642,19.586476239413,-33.));
#1059 = CARTESIAN_POINT('',(7.580294019099,19.439613553815,-33.));
#1060 = CARTESIAN_POINT('',(8.834186547989,19.262248481319,-33.));
#1061 = CARTESIAN_POINT('',(11.286978840651,18.852424763363,-33.));
#1062 = CARTESIAN_POINT('',(12.486102541498,18.622185006055,-33.));
#1063 = CARTESIAN_POINT('',(13.679442795298,18.362194620476,-33.));
#1064 = CARTESIAN_POINT('',(14.865959323614,18.071605943185,-33.));
#1065 = CARTESIAN_POINT('',(16.044392820209,17.749406420253,-33.));
#1066 = CARTESIAN_POINT('',(17.213260328445,17.394403368709,-33.));
#1067 = CARTESIAN_POINT('',(18.370839706961,17.005168871944,-33.));
#1068 = CARTESIAN_POINT('',(20.182484799724,16.331896628093,-33.));
#1069 = CARTESIAN_POINT('',(20.845267200634,16.071650159707,-33.));
#1070 = CARTESIAN_POINT('',(21.503081540386,15.79881793305,-33.));
#1071 = CARTESIAN_POINT('',(22.155455620025,15.51302097222,-33.));
#1072 = CARTESIAN_POINT('',(22.801842913723,15.213851910041,-33.));
#1073 = CARTESIAN_POINT('',(23.441620095324,14.900869681719,-33.));
#1074 = CARTESIAN_POINT('',(24.07408239589,14.573589643898,-33.));
#1075 = CARTESIAN_POINT('',(25.354313068669,13.872075900745,-33.));
#1076 = CARTESIAN_POINT('',(26.001154318637,13.496353477283,-33.));
#1077 = CARTESIAN_POINT('',(26.638101343618,13.103650571193,-33.));
#1078 = CARTESIAN_POINT('',(27.264068631034,12.693295719706,-33.));
#1079 = CARTESIAN_POINT('',(27.877749114564,12.264603885967,-33.));
#1080 = CARTESIAN_POINT('',(28.477611093685,11.816872331822,-33.));
#1081 = CARTESIAN_POINT('',(29.06188731244,11.34936575224,-33.));
#1082 = CARTESIAN_POINT('',(30.248159788984,10.327622631583,-33.));
#1083 = CARTESIAN_POINT('',(30.84647409297,9.769568659177,-33.));
#1084 = CARTESIAN_POINT('',(31.421028215805,9.185999564998,-33.));
#1085 = CARTESIAN_POINT('',(31.968542114241,8.576026786836,-33.));
#1086 = CARTESIAN_POINT('',(32.485025756411,7.939082645949,-33.));
#1087 = CARTESIAN_POINT('',(32.965868570767,7.274995103121,-33.));
#1088 = CARTESIAN_POINT('',(33.40597475287,6.584098953119,-33.));
#1089 = CARTESIAN_POINT('',(33.800000000004,5.867425396483,-33.));
#1090 = PCURVE('',#161,#1091);
#1091 = DEFINITIONAL_REPRESENTATION('',(#1092),#1263);
#1092 = B_SPLINE_CURVE_WITH_KNOTS('',8,(#1093,#1094,#1095,#1096,#1097,
    #1098,#1099,#1100,#1101,#1102,#1103,#1104,#1105,#1106,#1107,#1108,
    #1109,#1110,#1111,#1112,#1113,#1114,#1115,#1116,#1117,#1118,#1119,
    #1120,#1121,#1122,#1123,#1124,#1125,#1126,#1127,#1128,#1129,#1130,
    #1131,#1132,#1133,#1134,#1135,#1136,#1137,#1138,#1139,#1140,#1141,
    #1142,#1143,#1144,#1145,#1146,#1147,#1148,#1149,#1150,#1151,#1152,
    #1153,#1154,#1155,#1156,#1157,#1158,#1159,#1160,#1161,#1162,#1163,
    #1164,#1165,#1166,#1167,#1168,#1169,#1170,#1171,#1172,#1173,#1174,
    #1175,#1176,#1177,#1178,#1179,#1180,#1181,#1182,#1183,#1184,#1185,
    #1186,#1187,#1188,#1189,#1190,#1191,#1192,#1193,#1194,#1195,#1196,
    #1197,#1198,#1199,#1200,#1201,#1202,#1203,#1204,#1205,#1206,#1207,
    #1208,#1209,#1210,#1211,#1212,#1213,#1214,#1215,#1216,#1217,#1218,
    #1219,#1220,#1221,#1222,#1223,#1224,#1225,#1226,#1227,#1228,#1229,
    #1230,#1231,#1232,#1233,#1234,#1235,#1236,#1237,#1238,#1239,#1240,
    #1241,#1242,#1243,#1244,#1245,#1246,#1247,#1248,#1249,#1250,#1251,
    #1252,#1253,#1254,#1255,#1256,#1257,#1258,#1259,#1260,#1261,#1262),
  .UNSPECIFIED.,.F.,.F.,(9,7,7,7,7,7,7,7,7,7,7,7,7,7,7,7,7,7,7,7,7,7,7,7
    ,9),(0.,3.971017931294E-02,7.602779164209E-02,0.110599953707,
    0.168569511304,0.23135725733,0.330053426899,0.361632680376,
    0.396467623995,0.43350083602,0.462469691671,0.483208969518,
    0.500000999008,0.523029801846,0.535061498569,0.559148847976,
    0.596139945884,0.632529753494,0.664966720634,0.768646851993,
    0.830123020892,0.889402014988,0.923973561663,0.960290527534,1.),
  .UNSPECIFIED.);
#1093 = CARTESIAN_POINT('',(0.952311843314,4.626924162698E-02));
#1094 = CARTESIAN_POINT('',(0.946306183722,4.626924162698E-02));
#1095 = CARTESIAN_POINT('',(0.940436523825,4.626924162698E-02));
#1096 = CARTESIAN_POINT('',(0.93470481401,4.626924162698E-02));
#1097 = CARTESIAN_POINT('',(0.929109842839,4.626924162698E-02));
#1098 = CARTESIAN_POINT('',(0.923648222651,4.626924162698E-02));
#1099 = CARTESIAN_POINT('',(0.91831463514,4.626924162698E-02));
#1100 = CARTESIAN_POINT('',(0.913101721284,4.626924162698E-02));
#1101 = CARTESIAN_POINT('',(0.903334135,4.626924162698E-02));
#1102 = CARTESIAN_POINT('',(0.898762912919,4.626924162698E-02));
#1103 = CARTESIAN_POINT('',(0.894279877405,4.626924162698E-02));
#1104 = CARTESIAN_POINT('',(0.889879361844,4.626924162698E-02));
#1105 = CARTESIAN_POINT('',(0.885556146184,4.626924162698E-02));
#1106 = CARTESIAN_POINT('',(0.881305199838,4.626924162698E-02));
#1107 = CARTESIAN_POINT('',(0.877121510662,4.626924162698E-02));
#1108 = CARTESIAN_POINT('',(0.86907657207,4.626924162698E-02));
#1109 = CARTESIAN_POINT('',(0.865209985274,4.626924162698E-02));
#1110 = CARTESIAN_POINT('',(0.861396129219,4.626924162698E-02));
#1111 = CARTESIAN_POINT('',(0.857631370089,4.626924162698E-02));
#1112 = CARTESIAN_POINT('',(0.853912403062,4.626924162698E-02));
#1113 = CARTESIAN_POINT('',(0.850236138941,4.626924162698E-02));
#1114 = CARTESIAN_POINT('',(0.846599624993,4.626924162698E-02));
#1115 = CARTESIAN_POINT('',(0.836964257486,4.626924162698E-02));
#1116 = CARTESIAN_POINT('',(0.831032973267,4.626924162698E-02));
#1117 = CARTESIAN_POINT('',(0.825192551423,4.626924162698E-02));
#1118 = CARTESIAN_POINT('',(0.819431822288,4.626924162698E-02));
#1119 = CARTESIAN_POINT('',(0.813740982848,4.626924162698E-02));
#1120 = CARTESIAN_POINT('',(0.808111041762,4.626924162698E-02));
#1121 = CARTESIAN_POINT('',(0.802533500242,4.626924162698E-02));
#1122 = CARTESIAN_POINT('',(0.791006578241,4.626924162698E-02));
#1123 = CARTESIAN_POINT('',(0.785065544799,4.626924162698E-02));
#1124 = CARTESIAN_POINT('',(0.77916662528,4.626924162698E-02));
#1125 = CARTESIAN_POINT('',(0.773300671459,4.626924162698E-02));
#1126 = CARTESIAN_POINT('',(0.767459216984,4.626924162698E-02));
#1127 = CARTESIAN_POINT('',(0.761634101507,4.626924162698E-02));
#1128 = CARTESIAN_POINT('',(0.755817163249,4.626924162698E-02));
#1129 = CARTESIAN_POINT('',(0.740855990751,4.626924162698E-02));
#1130 = CARTESIAN_POINT('',(0.731714818473,4.626924162698E-02));
#1131 = CARTESIAN_POINT('',(0.722541353889,4.626924162698E-02));
#1132 = CARTESIAN_POINT('',(0.713303491145,4.626924162698E-02));
#1133 = CARTESIAN_POINT('',(0.703969198772,4.626924162698E-02));
#1134 = CARTESIAN_POINT('',(0.694503388664,4.626924162698E-02));
#1135 = CARTESIAN_POINT('',(0.684865713275,4.626924162698E-02));
#1136 = CARTESIAN_POINT('',(0.671843323691,4.626924162698E-02));
#1137 = CARTESIAN_POINT('',(0.668663626003,4.626924162698E-02));
#1138 = CARTESIAN_POINT('',(0.665459189219,4.626924162698E-02));
#1139 = CARTESIAN_POINT('',(0.662228234729,4.626924162698E-02));
#1140 = CARTESIAN_POINT('',(0.658968901079,4.626924162698E-02));
#1141 = CARTESIAN_POINT('',(0.655679211056,4.626924162698E-02));
#1142 = CARTESIAN_POINT('',(0.652357027808,4.626924162698E-02));
#1143 = CARTESIAN_POINT('',(0.64529687654,4.626924162698E-02));
#1144 = CARTESIAN_POINT('',(0.641551548471,4.626924162698E-02));
#1145 = CARTESIAN_POINT('',(0.637760746297,4.626924162698E-02));
#1146 = CARTESIAN_POINT('',(0.63392111511,4.626924162698E-02));
#1147 = CARTESIAN_POINT('',(0.630029161782,4.626924162698E-02));
#1148 = CARTESIAN_POINT('',(0.62608115732,4.626924162698E-02));
#1149 = CARTESIAN_POINT('',(0.622072994388,4.626924162698E-02));
#1150 = CARTESIAN_POINT('',(0.613669978215,4.626924162698E-02));
#1151 = CARTESIAN_POINT('',(0.60926749709,4.626924162698E-02));
#1152 = CARTESIAN_POINT('',(0.604786458914,4.626924162698E-02));
#1153 = CARTESIAN_POINT('',(0.600221035909,4.626924162698E-02));
#1154 = CARTESIAN_POINT('',(0.595565565054,4.626924162698E-02));
#1155 = CARTESIAN_POINT('',(0.590814353702,4.626924162698E-02));
#1156 = CARTESIAN_POINT('',(0.585961395983,4.626924162698E-02));
#1157 = CARTESIAN_POINT('',(0.577118998159,4.626924162698E-02));
#1158 = CARTESIAN_POINT('',(0.573172445187,4.626924162698E-02));
#1159 = CARTESIAN_POINT('',(0.569157262693,4.626924162698E-02));
#1160 = CARTESIAN_POINT('',(0.56507116444,4.626924162698E-02));
#1161 = CARTESIAN_POINT('',(0.560912619985,4.626924162698E-02));
#1162 = CARTESIAN_POINT('',(0.556680904813,4.626924162698E-02));
#1163 = CARTESIAN_POINT('',(0.552376236939,4.626924162698E-02));
#1164 = CARTESIAN_POINT('',(0.544866980357,4.626924162698E-02));
#1165 = CARTESIAN_POINT('',(0.541697464181,4.626924162698E-02));
#1166 = CARTESIAN_POINT('',(0.538492352462,4.626924162698E-02));
#1167 = CARTESIAN_POINT('',(0.535253016673,4.626924162698E-02));
#1168 = CARTESIAN_POINT('',(0.531981328082,4.626924162698E-02));
#1169 = CARTESIAN_POINT('',(0.528679723823,4.626924162698E-02));
#1170 = CARTESIAN_POINT('',(0.525351309741,4.626924162698E-02));
#1171 = CARTESIAN_POINT('',(0.519286535606,4.626924162698E-02));
#1172 = CARTESIAN_POINT('',(0.5165578965,4.626924162698E-02));
#1173 = CARTESIAN_POINT('',(0.513816306107,4.626924162698E-02));
#1174 = CARTESIAN_POINT('',(0.511064080284,4.626924162698E-02));
#1175 = CARTESIAN_POINT('',(0.508303656338,4.626924162698E-02));
#1176 = CARTESIAN_POINT('',(0.505537622046,4.626924162698E-02));
#1177 = CARTESIAN_POINT('',(0.502768744675,4.626924162698E-02));
#1178 = CARTESIAN_POINT('',(0.496202908334,4.626924162698E-02));
#1179 = CARTESIAN_POINT('',(0.492405290104,4.626924162698E-02));
#1180 = CARTESIAN_POINT('',(0.488615196158,4.626924162698E-02));
#1181 = CARTESIAN_POINT('',(0.484839678226,4.626924162698E-02));
#1182 = CARTESIAN_POINT('',(0.481084999452,4.626924162698E-02));
#1183 = CARTESIAN_POINT('',(0.477356801284,4.626924162698E-02));
#1184 = CARTESIAN_POINT('',(0.473660226734,4.626924162698E-02));
#1185 = CARTESIAN_POINT('',(0.46808766707,4.626924162698E-02));
#1186 = CARTESIAN_POINT('',(0.466185068008,4.626924162698E-02));
#1187 = CARTESIAN_POINT('',(0.464292762138,4.626924162698E-02));
#1188 = CARTESIAN_POINT('',(0.46241123006,4.626924162698E-02));
#1189 = CARTESIAN_POINT('',(0.460540879073,4.626924162698E-02));
#1190 = CARTESIAN_POINT('',(0.458682048596,4.626924162698E-02));
#1191 = CARTESIAN_POINT('',(0.456835015594,4.626924162698E-02));
#1192 = CARTESIAN_POINT('',(0.451326315166,4.626924162698E-02));
#1193 = CARTESIAN_POINT('',(0.447701015901,4.626924162698E-02));
#1194 = CARTESIAN_POINT('',(0.444125529428,4.626924162698E-02));
#1195 = CARTESIAN_POINT('',(0.440600552348,4.626924162698E-02));
#1196 = CARTESIAN_POINT('',(0.437126177165,4.626924162698E-02));
#1197 = CARTESIAN_POINT('',(0.433701976536,4.626924162698E-02));
#1198 = CARTESIAN_POINT('',(0.430327045259,4.626924162698E-02));
#1199 = CARTESIAN_POINT('',(0.421890635127,4.626924162698E-02));
#1200 = CARTESIAN_POINT('',(0.416895522223,4.626924162698E-02));
#1201 = CARTESIAN_POINT('',(0.412008700983,4.626924162698E-02));
#1202 = CARTESIAN_POINT('',(0.407224567068,4.626924162698E-02));
#1203 = CARTESIAN_POINT('',(0.402537568661,4.626924162698E-02));
#1204 = CARTESIAN_POINT('',(0.397941964315,4.626924162698E-02));
#1205 = CARTESIAN_POINT('',(0.393431642093,4.626924162698E-02));
#1206 = CARTESIAN_POINT('',(0.384640394249,4.626924162698E-02));
#1207 = CARTESIAN_POINT('',(0.380357926651,4.626924162698E-02));
#1208 = CARTESIAN_POINT('',(0.376146842151,4.626924162698E-02));
#1209 = CARTESIAN_POINT('',(0.372002134455,4.626924162698E-02));
#1210 = CARTESIAN_POINT('',(0.367919277696,4.626924162698E-02));
#1211 = CARTESIAN_POINT('',(0.363894025032,4.626924162698E-02));
#1212 = CARTESIAN_POINT('',(0.359922274198,4.626924162698E-02));
#1213 = CARTESIAN_POINT('',(0.35250378258,4.626924162698E-02));
#1214 = CARTESIAN_POINT('',(0.349047108262,4.626924162698E-02));
#1215 = CARTESIAN_POINT('',(0.345627254109,4.626924162698E-02));
#1216 = CARTESIAN_POINT('',(0.342241762632,4.626924162698E-02));
#1217 = CARTESIAN_POINT('',(0.338888370745,4.626924162698E-02));
#1218 = CARTESIAN_POINT('',(0.335564953505,4.626924162698E-02));
#1219 = CARTESIAN_POINT('',(0.332269482661,4.626924162698E-02));
#1220 = CARTESIAN_POINT('',(0.318549565767,4.626924162698E-02));
#1221 = CARTESIAN_POINT('',(0.308368912495,4.626924162698E-02));
#1222 = CARTESIAN_POINT('',(0.298389025698,4.626924162698E-02));
#1223 = CARTESIAN_POINT('',(0.28856236275,4.626924162698E-02));
#1224 = CARTESIAN_POINT('',(0.278847769337,4.626924162698E-02));
#1225 = CARTESIAN_POINT('',(0.269208087777,4.626924162698E-02));
#1226 = CARTESIAN_POINT('',(0.259605940295,4.626924162698E-02));
#1227 = CARTESIAN_POINT('',(0.244304247108,4.626924162698E-02));
#1228 = CARTESIAN_POINT('',(0.23860869527,4.626924162698E-02));
#1229 = CARTESIAN_POINT('',(0.232905470063,4.626924162698E-02));
#1230 = CARTESIAN_POINT('',(0.227186913983,4.626924162698E-02));
#1231 = CARTESIAN_POINT('',(0.221445369018,4.626924162698E-02));
#1232 = CARTESIAN_POINT('',(0.215672900392,4.626924162698E-02));
#1233 = CARTESIAN_POINT('',(0.209860961496,4.626924162698E-02));
#1234 = CARTESIAN_POINT('',(0.198348510843,4.626924162698E-02));
#1235 = CARTESIAN_POINT('',(0.192652095051,4.626924162698E-02));
#1236 = CARTESIAN_POINT('',(0.186901865421,4.626924162698E-02));
#1237 = CARTESIAN_POINT('',(0.18108880121,4.626924162698E-02));
#1238 = CARTESIAN_POINT('',(0.175203357847,4.626924162698E-02));
#1239 = CARTESIAN_POINT('',(0.169235120079,4.626924162698E-02));
#1240 = CARTESIAN_POINT('',(0.163172189828,4.626924162698E-02));
#1241 = CARTESIAN_POINT('',(0.153400375007,4.626924162698E-02));
#1242 = CARTESIAN_POINT('',(0.149763861059,4.626924162698E-02));
#1243 = CARTESIAN_POINT('',(0.146087596938,4.626924162698E-02));
#1244 = CARTESIAN_POINT('',(0.142368629911,4.626924162698E-02));
#1245 = CARTESIAN_POINT('',(0.138603870781,4.626924162698E-02));
#1246 = CARTESIAN_POINT('',(0.134790014726,4.626924162698E-02));
#1247 = CARTESIAN_POINT('',(0.13092342793,4.626924162698E-02));
#1248 = CARTESIAN_POINT('',(0.122878489338,4.626924162698E-02));
#1249 = CARTESIAN_POINT('',(0.118694800162,4.626924162698E-02));
#1250 = CARTESIAN_POINT('',(0.114443853816,4.626924162698E-02));
#1251 = CARTESIAN_POINT('',(0.110120638156,4.626924162698E-02));
#1252 = CARTESIAN_POINT('',(0.105720122595,4.626924162698E-02));
#1253 = CARTESIAN_POINT('',(0.101237087081,4.626924162698E-02));
#1254 = CARTESIAN_POINT('',(9.666586500031E-02,4.626924162698E-02));
#1255 = CARTESIAN_POINT('',(8.689827871577E-02,4.626924162698E-02));
#1256 = CARTESIAN_POINT('',(8.168536485968E-02,4.626924162698E-02));
#1257 = CARTESIAN_POINT('',(7.635177734881E-02,4.626924162698E-02));
#1258 = CARTESIAN_POINT('',(7.089015716097E-02,4.626924162698E-02));
#1259 = CARTESIAN_POINT('',(6.529518599013E-02,4.626924162698E-02));
#1260 = CARTESIAN_POINT('',(5.956347617516E-02,4.626924162698E-02));
#1261 = CARTESIAN_POINT('',(5.369381627776E-02,4.626924162698E-02));
#1262 = CARTESIAN_POINT('',(4.768815668606E-02,4.626924162698E-02));
#1263 = ( GEOMETRIC_REPRESENTATION_CONTEXT(2) 
PARAMETRIC_REPRESENTATION_CONTEXT() REPRESENTATION_CONTEXT('2D SPACE',''
  ) );
#1264 = PCURVE('',#890,#1265);
#1265 = DEFINITIONAL_REPRESENTATION('',(#1266),#1437);
#1266 = B_SPLINE_CURVE_WITH_KNOTS('',8,(#1267,#1268,#1269,#1270,#1271,
    #1272,#1273,#1274,#1275,#1276,#1277,#1278,#1279,#1280,#1281,#1282,
    #1283,#1284,#1285,#1286,#1287,#1288,#1289,#1290,#1291,#1292,#1293,
    #1294,#1295,#1296,#1297,#1298,#1299,#1300,#1301,#1302,#1303,#1304,
    #1305,#1306,#1307,#1308,#1309,#1310,#1311,#1312,#1313,#1314,#1315,
    #1316,#1317,#1318,#1319,#1320,#1321,#1322,#1323,#1324,#1325,#1326,
    #1327,#1328,#1329,#1330,#1331,#1332,#1333,#1334,#1335,#1336,#1337,
    #1338,#1339,#1340,#1341,#1342,#1343,#1344,#1345,#1346,#1347,#1348,
    #1349,#1350,#1351,#1352,#1353,#1354,#1355,#1356,#1357,#1358,#1359,
    #1360,#1361,#1362,#1363,#1364,#1365,#1366,#1367,#1368,#1369,#1370,
    #1371,#1372,#1373,#1374,#1375,#1376,#1377,#1378,#1379,#1380,#1381,
    #1382,#1383,#1384,#1385,#1386,#1387,#1388,#1389,#1390,#1391,#1392,
    #1393,#1394,#1395,#1396,#1397,#1398,#1399,#1400,#1401,#1402,#1403,
    #1404,#1405,#1406,#1407,#1408,#1409,#1410,#1411,#1412,#1413,#1414,
    #1415,#1416,#1417,#1418,#1419,#1420,#1421,#1422,#1423,#1424,#1425,
    #1426,#1427,#1428,#1429,#1430,#1431,#1432,#1433,#1434,#1435,#1436),
  .UNSPECIFIED.,.F.,.F.,(9,7,7,7,7,7,7,7,7,7,7,7,7,7,7,7,7,7,7,7,7,7,7,7
    ,9),(0.,3.971017931294E-02,7.602779164209E-02,0.110599953707,
    0.168569511304,0.23135725733,0.330053426899,0.361632680376,
    0.396467623995,0.43350083602,0.462469691671,0.483208969518,
    0.500000999008,0.523029801846,0.535061498569,0.559148847976,
    0.596139945884,0.632529753494,0.664966720634,0.768646851993,
    0.830123020892,0.889402014988,0.923973561663,0.960290527534,1.),
  .UNSPECIFIED.);
#1267 = CARTESIAN_POINT('',(-4.504840944719E-12,-5.867425396483));
#1268 = CARTESIAN_POINT('',(0.394025247129,-6.584098953118));
#1269 = CARTESIAN_POINT('',(0.834131429234,-7.274995103122));
#1270 = CARTESIAN_POINT('',(1.314974243589,-7.939082645949));
#1271 = CARTESIAN_POINT('',(1.831457885758,-8.576026786834));
#1272 = CARTESIAN_POINT('',(2.378971784194,-9.185999564999));
#1273 = CARTESIAN_POINT('',(2.953525907032,-9.769568659178));
#1274 = CARTESIAN_POINT('',(3.551840211016,-10.32762263158));
#1275 = CARTESIAN_POINT('',(4.73811268756,-11.34936575224));
#1276 = CARTESIAN_POINT('',(5.322388906315,-11.81687233182));
#1277 = CARTESIAN_POINT('',(5.922250885436,-12.26460388596));
#1278 = CARTESIAN_POINT('',(6.535931368967,-12.6932957197));
#1279 = CARTESIAN_POINT('',(7.161898656382,-13.10365057119));
#1280 = CARTESIAN_POINT('',(7.798845681363,-13.49635347728));
#1281 = CARTESIAN_POINT('',(8.445686931331,-13.87207590074));
#1282 = CARTESIAN_POINT('',(9.72591760411,-14.57358964389));
#1283 = CARTESIAN_POINT('',(10.358379904675,-14.90086968171));
#1284 = CARTESIAN_POINT('',(10.998157086277,-15.21385191004));
#1285 = CARTESIAN_POINT('',(11.644544379976,-15.51302097222));
#1286 = CARTESIAN_POINT('',(12.296918459614,-15.79881793305));
#1287 = CARTESIAN_POINT('',(12.954732799365,-16.0716501597));
#1288 = CARTESIAN_POINT('',(13.617515200276,-16.33189662809));
#1289 = CARTESIAN_POINT('',(15.403863650489,-16.99576773296));
#1290 = CARTESIAN_POINT('',(16.53556989259,-17.37717795164));
#1291 = CARTESIAN_POINT('',(17.678112845095,-17.72581504764));
#1292 = CARTESIAN_POINT('',(18.829873978267,-18.04302128553));
#1293 = CARTESIAN_POINT('',(19.989456372655,-18.32992228985));
#1294 = CARTESIAN_POINT('',(21.155670555785,-18.58747701735));
#1295 = CARTESIAN_POINT('',(22.327530076077,-18.81649237886));
#1296 = CARTESIAN_POINT('',(24.778768754145,-19.23549371882));
#1297 = CARTESIAN_POINT('',(26.058834953823,-19.42062746793));
#1298 = CARTESIAN_POINT('',(27.343370046604,-19.57388023668));
#1299 = CARTESIAN_POINT('',(28.631366411183,-19.69587820347));
#1300 = CARTESIAN_POINT('',(29.921880188386,-19.7870732471));
#1301 = CARTESIAN_POINT('',(31.214028551559,-19.84776734646));
#1302 = CARTESIAN_POINT('',(32.506988903863,-19.87811688923));
#1303 = CARTESIAN_POINT('',(35.832486446392,-19.87811688997));
#1304 = CARTESIAN_POINT('',(37.864341672401,-19.80312716726));
#1305 = CARTESIAN_POINT('',(39.893155624221,-19.65323124482));
#1306 = CARTESIAN_POINT('',(41.915849616822,-19.42741704278));
#1307 = CARTESIAN_POINT('',(43.928702260277,-19.12383416694));
#1308 = CARTESIAN_POINT('',(45.92730909321,-18.73964267246));
#1309 = CARTESIAN_POINT('',(47.906565760641,-18.27094205858));
#1310 = CARTESIAN_POINT('',(50.485632432629,-17.5325405869));
#1311 = CARTESIAN_POINT('',(51.108146680495,-17.3442810683));
#1312 = CARTESIAN_POINT('',(51.727781027742,-17.14656002823));
#1313 = CARTESIAN_POINT('',(52.344287542038,-16.93916748007));
#1314 = CARTESIAN_POINT('',(52.957388709604,-16.72187584032));
#1315 = CARTESIAN_POINT('',(53.566776565504,-16.49443747736));
#1316 = CARTESIAN_POINT('',(54.172111271555,-16.25658072141));
#1317 = CARTESIAN_POINT('',(55.43587812291,-15.73380075503));
#1318 = CARTESIAN_POINT('',(56.093315249906,-15.44656769225));
#1319 = CARTESIAN_POINT('',(56.744852370822,-15.1458943698));
#1320 = CARTESIAN_POINT('',(57.389914089248,-14.8313409715));
#1321 = CARTESIAN_POINT('',(58.027827776136,-14.50243856186));
#1322 = CARTESIAN_POINT('',(58.657820459115,-14.15868311626));
#1323 = CARTESIAN_POINT('',(59.279012589387,-13.79952366209));
#1324 = CARTESIAN_POINT('',(60.540387096712,-13.0254896203));
#1325 = CARTESIAN_POINT('',(61.179171251132,-12.60860418312));
#1326 = CARTESIAN_POINT('',(61.80565330328,-12.17291144036));
#1327 = CARTESIAN_POINT('',(62.418405556264,-11.71763504239));
#1328 = CARTESIAN_POINT('',(63.01569102661,-11.24201225459));
#1329 = CARTESIAN_POINT('',(63.595464880422,-10.74529627236));
#1330 = CARTESIAN_POINT('',(64.155366741542,-10.22674766522));
#1331 = CARTESIAN_POINT('',(65.113030408593,-9.262319355367));
#1332 = CARTESIAN_POINT('',(65.519462820209,-8.825292044934));
#1333 = CARTESIAN_POINT('',(65.910710506367,-8.374191741605));
#1334 = CARTESIAN_POINT('',(66.285252526078,-7.908787858751));
#1335 = CARTESIAN_POINT('',(66.641359933353,-7.428978138822));
#1336 = CARTESIAN_POINT('',(66.97713030613,-6.93481488238));
#1337 = CARTESIAN_POINT('',(67.290534468342,-6.426539767723));
#1338 = CARTESIAN_POINT('',(67.786332950373,-5.530981556282));
#1339 = CARTESIAN_POINT('',(67.980640315819,-5.1503682374));
#1340 = CARTESIAN_POINT('',(68.161605416119,-4.763008886701));
#1341 = CARTESIAN_POINT('',(68.328421034132,-4.36920713694));
#1342 = CARTESIAN_POINT('',(68.480283861778,-3.969356261054));
#1343 = CARTESIAN_POINT('',(68.616419849045,-3.563949115397));
#1344 = CARTESIAN_POINT('',(68.736115861098,-3.153590436548));
#1345 = CARTESIAN_POINT('',(68.921863904483,-2.403338190044));
#1346 = CARTESIAN_POINT('',(68.99379481036,-2.064877898683));
#1347 = CARTESIAN_POINT('',(69.054218375661,-1.724036157385));
#1348 = CARTESIAN_POINT('',(69.102855532356,-1.381242189472));
#1349 = CARTESIAN_POINT('',(69.139487010124,-1.036949661764));
#1350 = CARTESIAN_POINT('',(69.163960216607,-0.691637444554));
#1351 = CARTESIAN_POINT('',(69.176196117675,-0.345810371581));
#1352 = CARTESIAN_POINT('',(69.176196117675,0.474248742307));
#1353 = CARTESIAN_POINT('',(69.153183491479,0.948563287187));
#1354 = CARTESIAN_POINT('',(69.107147351798,1.421526597016));
#1355 = CARTESIAN_POINT('',(69.038377286336,1.891846391965));
#1356 = CARTESIAN_POINT('',(68.947411795247,2.358347033945));
#1357 = CARTESIAN_POINT('',(68.834994149465,2.819962510837));
#1358 = CARTESIAN_POINT('',(68.702035669912,3.275730521026));
#1359 = CARTESIAN_POINT('',(68.469937343696,3.959403383757));
#1360 = CARTESIAN_POINT('',(68.384959994467,4.192210339586));
#1361 = CARTESIAN_POINT('',(68.294797570179,4.423099179064));
#1362 = CARTESIAN_POINT('',(68.199599261055,4.651973648625));
#1363 = CARTESIAN_POINT('',(68.099518414057,4.878749816069));
#1364 = CARTESIAN_POINT('',(67.994710689667,5.103355298856));
#1365 = CARTESIAN_POINT('',(67.885332218679,5.325728492395));
#1366 = CARTESIAN_POINT('',(67.543722266773,5.986434623604));
#1367 = CARTESIAN_POINT('',(67.298221399814,6.417871246701));
#1368 = CARTESIAN_POINT('',(67.036263020064,6.839754329953));
#1369 = CARTESIAN_POINT('',(66.759057904212,7.251846348314));
#1370 = CARTESIAN_POINT('',(66.467767395668,7.654023812277));
#1371 = CARTESIAN_POINT('',(66.163477236244,8.046259514503));
#1372 = CARTESIAN_POINT('',(65.847177577532,8.428608800179));
#1373 = CARTESIAN_POINT('',(65.016915256819,9.373390357508));
#1374 = CARTESIAN_POINT('',(64.487965053029,9.922419524288));
#1375 = CARTESIAN_POINT('',(63.936023691218,10.448867716081));
#1376 = CARTESIAN_POINT('',(63.363855055276,10.953373416817));
#1377 = CARTESIAN_POINT('',(62.773866384205,11.436636887477));
#1378 = CARTESIAN_POINT('',(62.168105996242,11.899416440633));
#1379 = CARTESIAN_POINT('',(61.548254135281,12.342517341771));
#1380 = CARTESIAN_POINT('',(60.293243424098,13.184133051767));
#1381 = CARTESIAN_POINT('',(59.658640021557,13.583160300793));
#1382 = CARTESIAN_POINT('',(59.013124890525,13.964606645291));
#1383 = CARTESIAN_POINT('',(58.357862066922,14.329143122247));
#1384 = CARTESIAN_POINT('',(57.69386561826,14.677384957033));
#1385 = CARTESIAN_POINT('',(57.022008795698,15.009907588778));
#1386 = CARTESIAN_POINT('',(56.343028183934,15.327254008886));
#1387 = CARTESIAN_POINT('',(55.046480486076,15.899734286075));
#1388 = CARTESIAN_POINT('',(54.430294725917,16.157863687746));
#1389 = CARTESIAN_POINT('',(53.809415870159,16.404674519461));
#1390 = CARTESIAN_POINT('',(53.184251075521,16.640484079707));
#1391 = CARTESIAN_POINT('',(52.555167077375,16.865581214201));
#1392 = CARTESIAN_POINT('',(51.922492127612,17.080231414902));
#1393 = CARTESIAN_POINT('',(51.286517146739,17.284679867517));
#1394 = CARTESIAN_POINT('',(48.604956576668,18.100756266202));
#1395 = CARTESIAN_POINT('',(46.532132222853,18.620186234857));
#1396 = CARTESIAN_POINT('',(44.436443726637,19.045242919604));
#1397 = CARTESIAN_POINT('',(42.324074562655,19.380673391804));
#1398 = CARTESIAN_POINT('',(40.200296327887,19.629961361317));
#1399 = CARTESIAN_POINT('',(38.069480411849,19.795359072327));
#1400 = CARTESIAN_POINT('',(35.935162259966,19.87811689));
#1401 = CARTESIAN_POINT('',(32.533975414666,19.878116889245));
#1402 = CARTESIAN_POINT('',(31.267996145663,19.849021002785));
#1403 = CARTESIAN_POINT('',(30.002779840995,19.790833563357));
#1404 = CARTESIAN_POINT('',(28.739099135352,19.703411132186));
#1405 = CARTESIAN_POINT('',(27.477780708358,19.586476239413));
#1406 = CARTESIAN_POINT('',(26.219705980901,19.439613553815));
#1407 = CARTESIAN_POINT('',(24.965813452011,19.262248481319));
#1408 = CARTESIAN_POINT('',(22.513021159349,18.852424763363));
#1409 = CARTESIAN_POINT('',(21.313897458502,18.622185006055));
#1410 = CARTESIAN_POINT('',(20.120557204702,18.362194620476));
#1411 = CARTESIAN_POINT('',(18.934040676386,18.071605943185));
#1412 = CARTESIAN_POINT('',(17.755607179791,17.749406420253));
#1413 = CARTESIAN_POINT('',(16.586739671555,17.394403368709));
#1414 = CARTESIAN_POINT('',(15.429160293039,17.005168871944));
#1415 = CARTESIAN_POINT('',(13.617515200276,16.331896628093));
#1416 = CARTESIAN_POINT('',(12.954732799366,16.071650159707));
#1417 = CARTESIAN_POINT('',(12.296918459614,15.79881793305));
#1418 = CARTESIAN_POINT('',(11.644544379975,15.51302097222));
#1419 = CARTESIAN_POINT('',(10.998157086277,15.213851910041));
#1420 = CARTESIAN_POINT('',(10.358379904676,14.900869681719));
#1421 = CARTESIAN_POINT('',(9.72591760411,14.573589643898));
#1422 = CARTESIAN_POINT('',(8.445686931331,13.872075900745));
#1423 = CARTESIAN_POINT('',(7.798845681363,13.496353477283));
#1424 = CARTESIAN_POINT('',(7.161898656382,13.103650571193));
#1425 = CARTESIAN_POINT('',(6.535931368966,12.693295719706));
#1426 = CARTESIAN_POINT('',(5.922250885436,12.264603885967));
#1427 = CARTESIAN_POINT('',(5.322388906315,11.816872331822));
#1428 = CARTESIAN_POINT('',(4.73811268756,11.34936575224));
#1429 = CARTESIAN_POINT('',(3.551840211016,10.327622631583));
#1430 = CARTESIAN_POINT('',(2.95352590703,9.769568659177));
#1431 = CARTESIAN_POINT('',(2.378971784195,9.185999564998));
#1432 = CARTESIAN_POINT('',(1.831457885759,8.576026786836));
#1433 = CARTESIAN_POINT('',(1.314974243589,7.939082645949));
#1434 = CARTESIAN_POINT('',(0.834131429233,7.274995103121));
#1435 = CARTESIAN_POINT('',(0.39402524713,6.584098953119));
#1436 = CARTESIAN_POINT('',(-4.504840944719E-12,5.867425396483));
#1437 = ( GEOMETRIC_REPRESENTATION_CONTEXT(2) 
PARAMETRIC_REPRESENTATION_CONTEXT() REPRESENTATION_CONTEXT('2D SPACE',''
  ) );
#1438 = ORIENTED_EDGE('',*,*,#21,.T.);
#1439 = ORIENTED_EDGE('',*,*,#1440,.T.);
#1440 = EDGE_CURVE('',#24,#1441,#1443,.T.);
#1441 = VERTEX_POINT('',#1442);
#1442 = CARTESIAN_POINT('',(26.12,0.,33.));
#1443 = SURFACE_CURVE('',#1444,(#1450,#1457),.PCURVE_S1.);
#1444 = ( BOUNDED_CURVE() B_SPLINE_CURVE(4,(#1445,#1446,#1447,#1448,
#1449),.UNSPECIFIED.,.F.,.F.) B_SPLINE_CURVE_WITH_KNOTS((5,5),(0.,1.),
.PIECEWISE_BEZIER_KNOTS.) CURVE() GEOMETRIC_REPRESENTATION_ITEM() 
RATIONAL_B_SPLINE_CURVE((1.,1.,1.,1.,1.)) REPRESENTATION_ITEM('') );
#1445 = CARTESIAN_POINT('',(30.8,9.446570959896E-15,-33.));
#1446 = CARTESIAN_POINT('',(57.542336890518,-1.612832885879E-13,
    -36.24195956737));
#1447 = CARTESIAN_POINT('',(54.743315561179,1.59361652789E-13,
    9.980642475925));
#1448 = CARTESIAN_POINT('',(38.188811903467,-1.013094500636E-13,
    14.728851902533));
#1449 = CARTESIAN_POINT('',(26.12,-1.922995571154E-14,33.));
#1450 = PCURVE('',#161,#1451);
#1451 = DEFINITIONAL_REPRESENTATION('',(#1452),#1456);
#1452 = LINE('',#1453,#1454);
#1453 = CARTESIAN_POINT('',(1.,0.));
#1454 = VECTOR('',#1455,1.);
#1455 = DIRECTION('',(0.,1.));
#1456 = ( GEOMETRIC_REPRESENTATION_CONTEXT(2) 
PARAMETRIC_REPRESENTATION_CONTEXT() REPRESENTATION_CONTEXT('2D SPACE',''
  ) );
#1457 = PCURVE('',#285,#1458);
#1458 = DEFINITIONAL_REPRESENTATION('',(#1459),#1465);
#1459 = ( BOUNDED_CURVE() B_SPLINE_CURVE(4,(#1460,#1461,#1462,#1463,
#1464),.UNSPECIFIED.,.F.,.F.) B_SPLINE_CURVE_WITH_KNOTS((5,5),(0.,1.),
.PIECEWISE_BEZIER_KNOTS.) CURVE() GEOMETRIC_REPRESENTATION_ITEM() 
RATIONAL_B_SPLINE_CURVE((1.,1.,1.,1.,1.)) REPRESENTATION_ITEM('') );
#1460 = CARTESIAN_POINT('',(6.6,134.8));
#1461 = CARTESIAN_POINT('',(3.358040432622,161.54233689051));
#1462 = CARTESIAN_POINT('',(49.580642475925,158.74331556117));
#1463 = CARTESIAN_POINT('',(54.328851902533,142.18881190346));
#1464 = CARTESIAN_POINT('',(72.6,130.12));
#1465 = ( GEOMETRIC_REPRESENTATION_CONTEXT(2) 
PARAMETRIC_REPRESENTATION_CONTEXT() REPRESENTATION_CONTEXT('2D SPACE',''
  ) );
#1466 = ORIENTED_EDGE('',*,*,#1467,.F.);
#1467 = EDGE_CURVE('',#1468,#1441,#1470,.T.);
#1468 = VERTEX_POINT('',#1469);
#1469 = CARTESIAN_POINT('',(-26.11999999653,-7.463183009747E-15,33.));
#1470 = SURFACE_CURVE('',#1471,(#1487,#1494),.PCURVE_S1.);
#1471 = B_SPLINE_CURVE_WITH_KNOTS('',14,(#1472,#1473,#1474,#1475,#1476,
    #1477,#1478,#1479,#1480,#1481,#1482,#1483,#1484,#1485,#1486),
  .UNSPECIFIED.,.T.,.F.,(15,15),(0.,1.),.PIECEWISE_BEZIER_KNOTS.);
#1472 = CARTESIAN_POINT('',(26.12,-1.922995571154E-14,33.));
#1473 = CARTESIAN_POINT('',(26.120000000002,6.444752929369,33.));
#1474 = CARTESIAN_POINT('',(20.454196885463,12.889508237631,33.));
#1475 = CARTESIAN_POINT('',(9.122583413225,17.703285816798,33.));
#1476 = CARTESIAN_POINT('',(-6.180269256937,19.255289476048,33.));
#1477 = CARTESIAN_POINT('',(-22.0655402498,16.499307724129,33.));
#1478 = CARTESIAN_POINT('',(-34.19216924721,9.562112121967,33.));
#1479 = CARTESIAN_POINT('',(-38.75760308563,2.201053680444E-10,33.));
#1480 = CARTESIAN_POINT('',(-34.1921692472,-9.56211212237,33.));
#1481 = CARTESIAN_POINT('',(-22.06554024982,-16.49930772382,33.));
#1482 = CARTESIAN_POINT('',(-6.18026925692,-19.25528947623,33.));
#1483 = CARTESIAN_POINT('',(9.122583413215,-17.7032858167,33.));
#1484 = CARTESIAN_POINT('',(20.454196885467,-12.88950823766,33.));
#1485 = CARTESIAN_POINT('',(26.120000000001,-6.444752929362,33.));
#1486 = CARTESIAN_POINT('',(26.12,1.629718094411E-14,33.));
#1487 = PCURVE('',#161,#1488);
#1488 = DEFINITIONAL_REPRESENTATION('',(#1489),#1493);
#1489 = LINE('',#1490,#1491);
#1490 = CARTESIAN_POINT('',(0.,1.));
#1491 = VECTOR('',#1492,1.);
#1492 = DIRECTION('',(1.,0.));
#1493 = ( GEOMETRIC_REPRESENTATION_CONTEXT(2) 
PARAMETRIC_REPRESENTATION_CONTEXT() REPRESENTATION_CONTEXT('2D SPACE',''
  ) );
#1494 = PCURVE('',#327,#1495);
#1495 = DEFINITIONAL_REPRESENTATION('',(#1496),#1512);
#1496 = B_SPLINE_CURVE_WITH_KNOTS('',14,(#1497,#1498,#1499,#1500,#1501,
    #1502,#1503,#1504,#1505,#1506,#1507,#1508,#1509,#1510,#1511),
  .UNSPECIFIED.,.F.,.F.,(15,15),(0.,1.),.PIECEWISE_BEZIER_KNOTS.);
#1497 = CARTESIAN_POINT('',(3.,-8.345865768106E-15));
#1498 = CARTESIAN_POINT('',(2.999999999998,6.444752929369));
#1499 = CARTESIAN_POINT('',(8.665803114537,12.889508237631));
#1500 = CARTESIAN_POINT('',(19.997416586775,17.703285816798));
#1501 = CARTESIAN_POINT('',(35.300269256937,19.255289476048));
#1502 = CARTESIAN_POINT('',(51.185540249805,16.499307724129));
#1503 = CARTESIAN_POINT('',(63.312169247217,9.562112121967));
#1504 = CARTESIAN_POINT('',(67.877603085634,2.200979926516E-10));
#1505 = CARTESIAN_POINT('',(63.312169247203,-9.56211212237));
#1506 = CARTESIAN_POINT('',(51.185540249824,-16.49930772382));
#1507 = CARTESIAN_POINT('',(35.30026925692,-19.25528947623));
#1508 = CARTESIAN_POINT('',(19.997416586785,-17.7032858167));
#1509 = CARTESIAN_POINT('',(8.665803114533,-12.88950823766));
#1510 = CARTESIAN_POINT('',(2.999999999999,-6.444752929362));
#1511 = CARTESIAN_POINT('',(3.,2.718127088755E-14));
#1512 = ( GEOMETRIC_REPRESENTATION_CONTEXT(2) 
PARAMETRIC_REPRESENTATION_CONTEXT() REPRESENTATION_CONTEXT('2D SPACE',''
  ) );
#1513 = ORIENTED_EDGE('',*,*,#1514,.F.);
#1514 = EDGE_CURVE('',#352,#1468,#1515,.T.);
#1515 = SURFACE_CURVE('',#1516,(#1603,#1693),.PCURVE_S1.);
#1516 = B_SPLINE_CURVE_WITH_KNOTS('',7,(#1517,#1518,#1519,#1520,#1521,
    #1522,#1523,#1524,#1525,#1526,#1527,#1528,#1529,#1530,#1531,#1532,
    #1533,#1534,#1535,#1536,#1537,#1538,#1539,#1540,#1541,#1542,#1543,
    #1544,#1545,#1546,#1547,#1548,#1549,#1550,#1551,#1552,#1553,#1554,
    #1555,#1556,#1557,#1558,#1559,#1560,#1561,#1562,#1563,#1564,#1565,
    #1566,#1567,#1568,#1569,#1570,#1571,#1572,#1573,#1574,#1575,#1576,
    #1577,#1578,#1579,#1580,#1581,#1582,#1583,#1584,#1585,#1586,#1587,
    #1588,#1589,#1590,#1591,#1592,#1593,#1594,#1595,#1596,#1597,#1598,
    #1599,#1600,#1601,#1602),.UNSPECIFIED.,.F.,.F.,(8,6,6,6,6,6,6,6,6,6,
    6,6,6,6,8),(0.,2.405580748386E-02,7.165061298968E-02,0.113780032323,
    0.133652425468,0.168848015643,0.258290616721,0.347704161297,
    0.495090068032,0.638460733166,0.803914695293,0.837539946113,
    0.85872135969,0.908223794201,1.),.UNSPECIFIED.);
#1517 = CARTESIAN_POINT('',(-34.62137376672,0.,-33.08309675289));
#1518 = CARTESIAN_POINT('',(-34.89610699669,0.,-33.05937606364));
#1519 = CARTESIAN_POINT('',(-35.17037484386,0.,-33.03026074407));
#1520 = CARTESIAN_POINT('',(-35.4440386219,0.,-32.99563896182));
#1521 = CARTESIAN_POINT('',(-35.71695009555,0.,-32.95540636302));
#1522 = CARTESIAN_POINT('',(-35.98895188617,0.,-32.90946873116));
#1523 = CARTESIAN_POINT('',(-36.25987787726,0.,-32.85774464589));
#1524 = CARTESIAN_POINT('',(-37.06311145351,0.,-32.68625209429));
#1525 = CARTESIAN_POINT('',(-37.59184052929,0.,-32.54941277319));
#1526 = CARTESIAN_POINT('',(-38.11429672597,0.,-32.38914932246));
#1527 = CARTESIAN_POINT('',(-38.62903239094,0.,-32.20519901241));
#1528 = CARTESIAN_POINT('',(-39.13461119699,0.,-31.99757849437));
#1529 = CARTESIAN_POINT('',(-39.62962515383,0.,-31.76663069984));
#1530 = CARTESIAN_POINT('',(-40.54032857103,0.,-31.28863999312));
#1531 = CARTESIAN_POINT('',(-40.95866124603,0.,-31.04645791862));
#1532 = CARTESIAN_POINT('',(-41.36677883564,0.,-30.78701596709));
#1533 = CARTESIAN_POINT('',(-41.76390965897,0.,-30.51095450754));
#1534 = CARTESIAN_POINT('',(-42.14942718437,0.,-30.21904570828));
#1535 = CARTESIAN_POINT('',(-42.52283389567,0.,-29.91216977372));
#1536 = CARTESIAN_POINT('',(-43.05398653886,0.,-29.43993316005));
#1537 = CARTESIAN_POINT('',(-43.22145359577,0.,-29.28545438961));
#1538 = CARTESIAN_POINT('',(-43.3861095428,0.,-29.12795245682));
#1539 = CARTESIAN_POINT('',(-43.54792531635,0.,-28.96752657824));
#1540 = CARTESIAN_POINT('',(-43.70687887239,0.,-28.80427688536));
#1541 = CARTESIAN_POINT('',(-43.86295448322,0.,-28.63830370993));
#1542 = CARTESIAN_POINT('',(-44.28744938155,0.,-28.17110844372));
#1543 = CARTESIAN_POINT('',(-44.54969705501,0.,-27.86428064548));
#1544 = CARTESIAN_POINT('',(-44.80283243079,0.,-27.54977604029));
#1545 = CARTESIAN_POINT('',(-45.04686008633,0.,-27.22813648082));
#1546 = CARTESIAN_POINT('',(-45.28183147951,0.,-26.89988507376));
#1547 = CARTESIAN_POINT('',(-45.5078346278,0.,-26.56551814678));
#1548 = CARTESIAN_POINT('',(-46.27682524117,0.,-25.36140156167));
#1549 = CARTESIAN_POINT('',(-46.7712881331,0.,-24.46110318448));
#1550 = CARTESIAN_POINT('',(-47.21065047732,0.,-23.5317401014));
#1551 = CARTESIAN_POINT('',(-47.59773646003,0.,-22.5795304304));
#1552 = CARTESIAN_POINT('',(-47.9354815264,0.,-21.60958139042));
#1553 = CARTESIAN_POINT('',(-48.22677510118,0.,-20.62582551513));
#1554 = CARTESIAN_POINT('',(-48.72164540284,0.,-18.63636028791));
#1555 = CARTESIAN_POINT('',(-48.92516554828,0.,-17.63100301386));
#1556 = CARTESIAN_POINT('',(-49.08744542931,0.,-16.61773440987));
#1557 = CARTESIAN_POINT('',(-49.21072055331,0.,-15.59899010801));
#1558 = CARTESIAN_POINT('',(-49.29694178959,0.,-14.57678449099));
#1559 = CARTESIAN_POINT('',(-49.34781915824,0.,-13.55271784703));
#1560 = CARTESIAN_POINT('',(-49.39277736204,0.,-10.83882135043));
#1561 = CARTESIAN_POINT('',(-49.32863769493,0.,-9.148447358861));
#1562 = CARTESIAN_POINT('',(-49.17895940142,0.,-7.46230823879));
#1563 = CARTESIAN_POINT('',(-48.94842523065,0.,-5.785263145493));
#1564 = CARTESIAN_POINT('',(-48.64093064366,0.,-4.121459620959));
#1565 = CARTESIAN_POINT('',(-48.25968451346,0.,-2.474316597343));
#1566 = CARTESIAN_POINT('',(-47.36769006137,0.,0.736983421839));
#1567 = CARTESIAN_POINT('',(-46.86081163932,0.,2.301966813642));
#1568 = CARTESIAN_POINT('',(-46.2896975062,0.,3.845425963432));
#1569 = CARTESIAN_POINT('',(-45.65705595845,0.,5.364735629997));
#1570 = CARTESIAN_POINT('',(-44.96577662955,0.,6.857792085747));
#1571 = CARTESIAN_POINT('',(-44.21927345727,0.,8.323158201763));
#1572 = CARTESIAN_POINT('',(-42.50169258688,0.,11.418670170194));
#1573 = CARTESIAN_POINT('',(-41.51356698602,0.,13.039734478838));
#1574 = CARTESIAN_POINT('',(-40.4642858748,0.,14.622245040922));
#1575 = CARTESIAN_POINT('',(-39.36179697209,0.,16.167553622849));
#1576 = CARTESIAN_POINT('',(-38.21550533029,0.,17.679746071043));
#1577 = CARTESIAN_POINT('',(-37.03684502972,0.,19.166036312817));
#1578 = CARTESIAN_POINT('',(-35.59495410044,0.,20.934952230066));
#1579 = CARTESIAN_POINT('',(-35.35059801165,0.,21.233064229356));
#1580 = CARTESIAN_POINT('',(-35.10553268317,0.,21.530593877875));
#1581 = CARTESIAN_POINT('',(-34.85986669714,0.,21.827627327293));
#1582 = CARTESIAN_POINT('',(-34.61371100236,0.,22.124254198413));
#1583 = CARTESIAN_POINT('',(-34.36717858038,0.,22.420567304385));
#1584 = CARTESIAN_POINT('',(-33.96492190414,0.,22.903180302378));
#1585 = CARTESIAN_POINT('',(-33.8093557761,0.,23.089611586262));
#1586 = CARTESIAN_POINT('',(-33.65371447911,0.,23.275980149392));
#1587 = CARTESIAN_POINT('',(-33.49802705137,0.,23.462310192095));
#1588 = CARTESIAN_POINT('',(-33.34232281754,0.,23.648626191214));
#1589 = CARTESIAN_POINT('',(-33.18663138871,0.,23.83495290011));
#1590 = CARTESIAN_POINT('',(-32.66722077983,0.,24.45685733319));
#1591 = CARTESIAN_POINT('',(-32.30369375873,0.,24.89259244234));
#1592 = CARTESIAN_POINT('',(-31.9407798462,0.,25.328842013295));
#1593 = CARTESIAN_POINT('',(-31.57886872072,0.,25.765928794279));
#1594 = CARTESIAN_POINT('',(-31.21835648496,0.,26.204172804217));
#1595 = CARTESIAN_POINT('',(-30.85964065861,0.,26.643887192402));
#1596 = CARTESIAN_POINT('',(-29.84212633644,0.,27.903879157949));
#1597 = CARTESIAN_POINT('',(-29.18867153122,0.,28.728470791328));
#1598 = CARTESIAN_POINT('',(-28.5452632211,0.,29.561061656726));
#1599 = CARTESIAN_POINT('',(-27.91443999927,0.,30.403357600499));
#1600 = CARTESIAN_POINT('',(-27.29859903673,0.,31.256733137984));
#1601 = CARTESIAN_POINT('',(-26.69986565146,0.,32.122133036461));
#1602 = CARTESIAN_POINT('',(-26.11999999653,0.,33.));
#1603 = PCURVE('',#161,#1604);
#1604 = DEFINITIONAL_REPRESENTATION('',(#1605),#1692);
#1605 = B_SPLINE_CURVE_WITH_KNOTS('',7,(#1606,#1607,#1608,#1609,#1610,
    #1611,#1612,#1613,#1614,#1615,#1616,#1617,#1618,#1619,#1620,#1621,
    #1622,#1623,#1624,#1625,#1626,#1627,#1628,#1629,#1630,#1631,#1632,
    #1633,#1634,#1635,#1636,#1637,#1638,#1639,#1640,#1641,#1642,#1643,
    #1644,#1645,#1646,#1647,#1648,#1649,#1650,#1651,#1652,#1653,#1654,
    #1655,#1656,#1657,#1658,#1659,#1660,#1661,#1662,#1663,#1664,#1665,
    #1666,#1667,#1668,#1669,#1670,#1671,#1672,#1673,#1674,#1675,#1676,
    #1677,#1678,#1679,#1680,#1681,#1682,#1683,#1684,#1685,#1686,#1687,
    #1688,#1689,#1690,#1691),.UNSPECIFIED.,.F.,.F.,(8,6,6,6,6,6,6,6,6,6,
    6,6,6,6,8),(0.,2.405580748386E-02,7.165061298968E-02,0.113780032323,
    0.133652425468,0.168848015643,0.258290616721,0.347704161297,
    0.495090068032,0.638460733166,0.803914695293,0.837539946113,
    0.85872135969,0.908223794201,1.),.UNSPECIFIED.);
#1606 = CARTESIAN_POINT('',(0.5,3.809615321459E-02));
#1607 = CARTESIAN_POINT('',(0.5,4.102695771691E-02));
#1608 = CARTESIAN_POINT('',(0.5,4.398914764419E-02));
#1609 = CARTESIAN_POINT('',(0.5,4.698247646034E-02));
#1610 = CARTESIAN_POINT('',(0.5,5.000658640548E-02));
#1611 = CARTESIAN_POINT('',(0.5,5.306099329524E-02));
#1612 = CARTESIAN_POINT('',(0.5,5.614507131995E-02));
#1613 = CARTESIAN_POINT('',(0.5,6.541709263143E-02));
#1614 = CARTESIAN_POINT('',(0.5,7.168998503326E-02));
#1615 = CARTESIAN_POINT('',(0.5,7.806964686632E-02));
#1616 = CARTESIAN_POINT('',(0.5,8.454782246202E-02));
#1617 = CARTESIAN_POINT('',(0.5,9.111485074357E-02));
#1618 = CARTESIAN_POINT('',(0.5,9.775930904083E-02));
#1619 = CARTESIAN_POINT('',(0.5,0.110405414014));
#1620 = CARTESIAN_POINT('',(0.5,0.116394117507));
#1621 = CARTESIAN_POINT('',(0.5,0.122424374611));
#1622 = CARTESIAN_POINT('',(0.5,0.128487430885));
#1623 = CARTESIAN_POINT('',(0.5,0.134574933696));
#1624 = CARTESIAN_POINT('',(0.5,0.140678833964));
#1625 = CARTESIAN_POINT('',(0.5,0.149674524596));
#1626 = CARTESIAN_POINT('',(0.5,0.152559764102));
#1627 = CARTESIAN_POINT('',(0.5,0.155446248735));
#1628 = CARTESIAN_POINT('',(0.5,0.158333273218));
#1629 = CARTESIAN_POINT('',(0.5,0.161220182281));
#1630 = CARTESIAN_POINT('',(0.5,0.164106368257));
#1631 = CARTESIAN_POINT('',(0.5,0.172100656989));
#1632 = CARTESIAN_POINT('',(0.5,0.177206003025));
#1633 = CARTESIAN_POINT('',(0.5,0.182304237914));
#1634 = CARTESIAN_POINT('',(0.5,0.187392798581));
#1635 = CARTESIAN_POINT('',(0.5,0.192469595348));
#1636 = CARTESIAN_POINT('',(0.5,0.197532979527));
#1637 = CARTESIAN_POINT('',(0.5,0.215412059197));
#1638 = CARTESIAN_POINT('',(0.5,0.228143166566));
#1639 = CARTESIAN_POINT('',(0.5,0.240762248855));
#1640 = CARTESIAN_POINT('',(0.5,0.253264405609));
#1641 = CARTESIAN_POINT('',(0.5,0.265650728366));
#1642 = CARTESIAN_POINT('',(0.5,0.277928992171));
#1643 = CARTESIAN_POINT('',(0.5,0.302296971215));
#1644 = CARTESIAN_POINT('',(0.5,0.314382531342));
#1645 = CARTESIAN_POINT('',(0.5,0.32638509019));
#1646 = CARTESIAN_POINT('',(0.5,0.338316315153));
#1647 = CARTESIAN_POINT('',(0.5,0.350187593109));
#1648 = CARTESIAN_POINT('',(0.5,0.362011122366));
#1649 = CARTESIAN_POINT('',(0.5,0.393233917974));
#1650 = CARTESIAN_POINT('',(0.5,0.41256758586));
#1651 = CARTESIAN_POINT('',(0.5,0.431861280307));
#1652 = CARTESIAN_POINT('',(0.5,0.451157807435));
#1653 = CARTESIAN_POINT('',(0.5,0.470495096372));
#1654 = CARTESIAN_POINT('',(0.5,0.48990784109));
#1655 = CARTESIAN_POINT('',(0.5,0.528418418245));
#1656 = CARTESIAN_POINT('',(0.5,0.54750787619));
#1657 = CARTESIAN_POINT('',(0.5,0.566720577758));
#1658 = CARTESIAN_POINT('',(0.5,0.586073910817));
#1659 = CARTESIAN_POINT('',(0.5,0.605579937971));
#1660 = CARTESIAN_POINT('',(0.5,0.625243430062));
#1661 = CARTESIAN_POINT('',(0.5,0.667923477242));
#1662 = CARTESIAN_POINT('',(0.5,0.69099416624));
#1663 = CARTESIAN_POINT('',(0.5,0.714255797309));
#1664 = CARTESIAN_POINT('',(0.5,0.737687595823));
#1665 = CARTESIAN_POINT('',(0.5,0.761256981871));
#1666 = CARTESIAN_POINT('',(0.5,0.784911120915));
#1667 = CARTESIAN_POINT('',(0.5,0.813391597371));
#1668 = CARTESIAN_POINT('',(0.5,0.818202753368));
#1669 = CARTESIAN_POINT('',(0.5,0.823014034531));
#1670 = CARTESIAN_POINT('',(0.5,0.827824834883));
#1671 = CARTESIAN_POINT('',(0.5,0.832634512718));
#1672 = CARTESIAN_POINT('',(0.5,0.837442392895));
#1673 = CARTESIAN_POINT('',(0.5,0.845274799674));
#1674 = CARTESIAN_POINT('',(0.5,0.84830083516));
#1675 = CARTESIAN_POINT('',(0.5,0.851325697929));
#1676 = CARTESIAN_POINT('',(0.5,0.854349204186));
#1677 = CARTESIAN_POINT('',(0.5,0.857371163989));
#1678 = CARTESIAN_POINT('',(0.5,0.860391381254));
#1679 = CARTESIAN_POINT('',(0.5,0.870463566204));
#1680 = CARTESIAN_POINT('',(0.5,0.877506824046));
#1681 = CARTESIAN_POINT('',(0.5,0.884536900656));
#1682 = CARTESIAN_POINT('',(0.5,0.891551009401));
#1683 = CARTESIAN_POINT('',(0.5,0.898546150683));
#1684 = CARTESIAN_POINT('',(0.5,0.905519158992));
#1685 = CARTESIAN_POINT('',(0.5,0.92534740002));
#1686 = CARTESIAN_POINT('',(0.5,0.938140584453));
#1687 = CARTESIAN_POINT('',(0.5,0.950825289519));
#1688 = CARTESIAN_POINT('',(0.5,0.963377821394));
#1689 = CARTESIAN_POINT('',(0.5,0.975773535656));
#1690 = CARTESIAN_POINT('',(0.5,0.987988344262));
#1691 = CARTESIAN_POINT('',(0.5,1.));
#1692 = ( GEOMETRIC_REPRESENTATION_CONTEXT(2) 
PARAMETRIC_REPRESENTATION_CONTEXT() REPRESENTATION_CONTEXT('2D SPACE',''
  ) );
#1693 = PCURVE('',#545,#1694);
#1694 = DEFINITIONAL_REPRESENTATION('',(#1695),#1782);
#1695 = B_SPLINE_CURVE_WITH_KNOTS('',7,(#1696,#1697,#1698,#1699,#1700,
    #1701,#1702,#1703,#1704,#1705,#1706,#1707,#1708,#1709,#1710,#1711,
    #1712,#1713,#1714,#1715,#1716,#1717,#1718,#1719,#1720,#1721,#1722,
    #1723,#1724,#1725,#1726,#1727,#1728,#1729,#1730,#1731,#1732,#1733,
    #1734,#1735,#1736,#1737,#1738,#1739,#1740,#1741,#1742,#1743,#1744,
    #1745,#1746,#1747,#1748,#1749,#1750,#1751,#1752,#1753,#1754,#1755,
    #1756,#1757,#1758,#1759,#1760,#1761,#1762,#1763,#1764,#1765,#1766,
    #1767,#1768,#1769,#1770,#1771,#1772,#1773,#1774,#1775,#1776,#1777,
    #1778,#1779,#1780,#1781),.UNSPECIFIED.,.F.,.F.,(8,6,6,6,6,6,6,6,6,6,
    6,6,6,6,8),(0.,2.405580748386E-02,7.165061298968E-02,0.113780032323,
    0.133652425468,0.168848015643,0.258290616721,0.347704161297,
    0.495090068032,0.638460733166,0.803914695293,0.837539946113,
    0.85872135969,0.908223794201,1.),.UNSPECIFIED.);
#1696 = CARTESIAN_POINT('',(6.516903247108,69.378626233276));
#1697 = CARTESIAN_POINT('',(6.540623936358,69.103893003304));
#1698 = CARTESIAN_POINT('',(6.569739255927,68.829625156132));
#1699 = CARTESIAN_POINT('',(6.60436103818,68.555961378092));
#1700 = CARTESIAN_POINT('',(6.644593636977,68.283049904441));
#1701 = CARTESIAN_POINT('',(6.690531268836,68.011048113823));
#1702 = CARTESIAN_POINT('',(6.742255354102,67.74012212274));
#1703 = CARTESIAN_POINT('',(6.913747905708,66.936888546481));
#1704 = CARTESIAN_POINT('',(7.050587226805,66.40815947071));
#1705 = CARTESIAN_POINT('',(7.210850677531,65.885703274029));
#1706 = CARTESIAN_POINT('',(7.39480098759,65.370967609055));
#1707 = CARTESIAN_POINT('',(7.60242150563,64.865388803003));
#1708 = CARTESIAN_POINT('',(7.833369300158,64.370374846161));
#1709 = CARTESIAN_POINT('',(8.31136000688,63.459671428968));
#1710 = CARTESIAN_POINT('',(8.553542081371,63.041338753964));
#1711 = CARTESIAN_POINT('',(8.812984032905,62.633221164358));
#1712 = CARTESIAN_POINT('',(9.089045492456,62.236090341027));
#1713 = CARTESIAN_POINT('',(9.380954291717,61.850572815623));
#1714 = CARTESIAN_POINT('',(9.687830226277,61.477166104324));
#1715 = CARTESIAN_POINT('',(10.160066839945,60.946013461134));
#1716 = CARTESIAN_POINT('',(10.314545610385,60.778546404228));
#1717 = CARTESIAN_POINT('',(10.472047543171,60.6138904572));
#1718 = CARTESIAN_POINT('',(10.632473421753,60.452074683645));
#1719 = CARTESIAN_POINT('',(10.795723114638,60.293121127606));
#1720 = CARTESIAN_POINT('',(10.961696290064,60.137045516775));
#1721 = CARTESIAN_POINT('',(11.428891556279,59.712550618447));
#1722 = CARTESIAN_POINT('',(11.735719354514,59.45030294499));
#1723 = CARTESIAN_POINT('',(12.050223959702,59.197167569208));
#1724 = CARTESIAN_POINT('',(12.371863519171,58.953139913665));
#1725 = CARTESIAN_POINT('',(12.700114926238,58.718168520481));
#1726 = CARTESIAN_POINT('',(13.034481853217,58.4921653722));
#1727 = CARTESIAN_POINT('',(14.238598438322,57.723174758824));
#1728 = CARTESIAN_POINT('',(15.138896815511,57.228711866896));
#1729 = CARTESIAN_POINT('',(16.068259898591,56.789349522679));
#1730 = CARTESIAN_POINT('',(17.020469569593,56.402263539969));
#1731 = CARTESIAN_POINT('',(17.990418609577,56.064518473593));
#1732 = CARTESIAN_POINT('',(18.974174484863,55.773224898815));
#1733 = CARTESIAN_POINT('',(20.963639712086,55.278354597152));
#1734 = CARTESIAN_POINT('',(21.968996986135,55.074834451711));
#1735 = CARTESIAN_POINT('',(22.982265590129,54.912554570684));
#1736 = CARTESIAN_POINT('',(24.001009891985,54.789279446689));
#1737 = CARTESIAN_POINT('',(25.023215509003,54.703058210405));
#1738 = CARTESIAN_POINT('',(26.047282152967,54.652180841751));
#1739 = CARTESIAN_POINT('',(28.761178649561,54.607222637951));
#1740 = CARTESIAN_POINT('',(30.451552641139,54.671362305064));
#1741 = CARTESIAN_POINT('',(32.13769176121,54.821040598579));
#1742 = CARTESIAN_POINT('',(33.814736854507,55.051574769346));
#1743 = CARTESIAN_POINT('',(35.478540379041,55.359069356332));
#1744 = CARTESIAN_POINT('',(37.125683402657,55.740315486536));
#1745 = CARTESIAN_POINT('',(40.336983421839,56.632309938621));
#1746 = CARTESIAN_POINT('',(41.901966813642,57.139188360677));
#1747 = CARTESIAN_POINT('',(43.445425963432,57.710302493794));
#1748 = CARTESIAN_POINT('',(44.964735629997,58.342944041541));
#1749 = CARTESIAN_POINT('',(46.457792085747,59.034223370444));
#1750 = CARTESIAN_POINT('',(47.923158201763,59.780726542722));
#1751 = CARTESIAN_POINT('',(51.018670170194,61.49830741312));
#1752 = CARTESIAN_POINT('',(52.639734478838,62.486433013973));
#1753 = CARTESIAN_POINT('',(54.222245040922,63.5357141252));
#1754 = CARTESIAN_POINT('',(55.767553622849,64.638203027909));
#1755 = CARTESIAN_POINT('',(57.279746071043,65.784494669709));
#1756 = CARTESIAN_POINT('',(58.766036312817,66.963154970275));
#1757 = CARTESIAN_POINT('',(60.534952230066,68.405045899554));
#1758 = CARTESIAN_POINT('',(60.833064229356,68.649401988347));
#1759 = CARTESIAN_POINT('',(61.130593877875,68.894467316828));
#1760 = CARTESIAN_POINT('',(61.427627327293,69.14013330286));
#1761 = CARTESIAN_POINT('',(61.724254198413,69.386288997631));
#1762 = CARTESIAN_POINT('',(62.020567304385,69.632821419611));
#1763 = CARTESIAN_POINT('',(62.503180302378,70.035078095855));
#1764 = CARTESIAN_POINT('',(62.689611586262,70.190644223895));
#1765 = CARTESIAN_POINT('',(62.875980149392,70.346285520885));
#1766 = CARTESIAN_POINT('',(63.062310192095,70.501972948622));
#1767 = CARTESIAN_POINT('',(63.248626191214,70.657677182454));
#1768 = CARTESIAN_POINT('',(63.43495290011,70.813368611283));
#1769 = CARTESIAN_POINT('',(64.05685733319,71.332779220163));
#1770 = CARTESIAN_POINT('',(64.49259244234,71.696306241268));
#1771 = CARTESIAN_POINT('',(64.928842013295,72.059220153796));
#1772 = CARTESIAN_POINT('',(65.365928794279,72.421131279278));
#1773 = CARTESIAN_POINT('',(65.804172804217,72.781643515039));
#1774 = CARTESIAN_POINT('',(66.243887192402,73.140359341387));
#1775 = CARTESIAN_POINT('',(67.503879157949,74.157873663554));
#1776 = CARTESIAN_POINT('',(68.328470791328,74.811328468779));
#1777 = CARTESIAN_POINT('',(69.161061656726,75.4547367789));
#1778 = CARTESIAN_POINT('',(70.003357600499,76.08556000073));
#1779 = CARTESIAN_POINT('',(70.856733137984,76.701400963267));
#1780 = CARTESIAN_POINT('',(71.722133036461,77.300134348534));
#1781 = CARTESIAN_POINT('',(72.6,77.880000003461));
#1782 = ( GEOMETRIC_REPRESENTATION_CONTEXT(2) 
PARAMETRIC_REPRESENTATION_CONTEXT() REPRESENTATION_CONTEXT('2D SPACE',''
  ) );
#1783 = ORIENTED_EDGE('',*,*,#646,.T.);
#1784 = ADVANCED_FACE('',(#1785),#890,.T.);
#1785 = FACE_BOUND('',#1786,.T.);
#1786 = EDGE_LOOP('',(#1787,#1788));
#1787 = ORIENTED_EDGE('',*,*,#917,.F.);
#1788 = ORIENTED_EDGE('',*,*,#864,.F.);
#1789 = ADVANCED_FACE('',(#1790),#545,.T.);
#1790 = FACE_BOUND('',#1791,.T.);
#1791 = EDGE_LOOP('',(#1792,#1793,#1794));
#1792 = ORIENTED_EDGE('',*,*,#1514,.F.);
#1793 = ORIENTED_EDGE('',*,*,#351,.T.);
#1794 = ORIENTED_EDGE('',*,*,#1795,.T.);
#1795 = EDGE_CURVE('',#300,#1468,#1796,.T.);
#1796 = SURFACE_CURVE('',#1797,(#1801,#1807),.PCURVE_S1.);
#1797 = LINE('',#1798,#1799);
#1798 = CARTESIAN_POINT('',(-37.44,0.,33.));
#1799 = VECTOR('',#1800,1.);
#1800 = DIRECTION('',(1.,-0.,0.));
#1801 = PCURVE('',#545,#1802);
#1802 = DEFINITIONAL_REPRESENTATION('',(#1803),#1806);
#1803 = B_SPLINE_CURVE_WITH_KNOTS('',1,(#1804,#1805),.UNSPECIFIED.,.F.,
  .F.,(2,2),(-5.769088891828,66.560000000002),.PIECEWISE_BEZIER_KNOTS.);
#1804 = CARTESIAN_POINT('',(72.6,60.790911108172));
#1805 = CARTESIAN_POINT('',(72.6,133.12));
#1806 = ( GEOMETRIC_REPRESENTATION_CONTEXT(2) 
PARAMETRIC_REPRESENTATION_CONTEXT() REPRESENTATION_CONTEXT('2D SPACE',''
  ) );
#1807 = PCURVE('',#327,#1808);
#1808 = DEFINITIONAL_REPRESENTATION('',(#1809),#1812);
#1809 = B_SPLINE_CURVE_WITH_KNOTS('',1,(#1810,#1811),.UNSPECIFIED.,.F.,
  .F.,(2,2),(-5.769088891828,66.560000000002),.PIECEWISE_BEZIER_KNOTS.);
#1810 = CARTESIAN_POINT('',(72.329088891828,-8.628241564151E-15));
#1811 = CARTESIAN_POINT('',(-1.989519660128E-12,1.172842520672E-14));
#1812 = ( GEOMETRIC_REPRESENTATION_CONTEXT(2) 
PARAMETRIC_REPRESENTATION_CONTEXT() REPRESENTATION_CONTEXT('2D SPACE',''
  ) );
#1813 = ADVANCED_FACE('',(#1814),#327,.F.);
#1814 = FACE_BOUND('',#1815,.F.);
#1815 = EDGE_LOOP('',(#1816,#1835,#1836,#1837));
#1816 = ORIENTED_EDGE('',*,*,#1817,.T.);
#1817 = EDGE_CURVE('',#1441,#268,#1818,.T.);
#1818 = SURFACE_CURVE('',#1819,(#1823,#1829),.PCURVE_S1.);
#1819 = LINE('',#1820,#1821);
#1820 = CARTESIAN_POINT('',(-37.44,0.,33.));
#1821 = VECTOR('',#1822,1.);
#1822 = DIRECTION('',(1.,-0.,0.));
#1823 = PCURVE('',#327,#1824);
#1824 = DEFINITIONAL_REPRESENTATION('',(#1825),#1828);
#1825 = B_SPLINE_CURVE_WITH_KNOTS('',1,(#1826,#1827),.UNSPECIFIED.,.F.,
  .F.,(2,2),(-5.769088891828,66.560000000002),.PIECEWISE_BEZIER_KNOTS.);
#1826 = CARTESIAN_POINT('',(72.329088891828,-8.628241564151E-15));
#1827 = CARTESIAN_POINT('',(-1.989519660128E-12,1.172842520672E-14));
#1828 = ( GEOMETRIC_REPRESENTATION_CONTEXT(2) 
PARAMETRIC_REPRESENTATION_CONTEXT() REPRESENTATION_CONTEXT('2D SPACE',''
  ) );
#1829 = PCURVE('',#285,#1830);
#1830 = DEFINITIONAL_REPRESENTATION('',(#1831),#1834);
#1831 = B_SPLINE_CURVE_WITH_KNOTS('',1,(#1832,#1833),.UNSPECIFIED.,.F.,
  .F.,(2,2),(-5.769088891828,66.560000000002),.PIECEWISE_BEZIER_KNOTS.);
#1832 = CARTESIAN_POINT('',(72.6,60.790911108172));
#1833 = CARTESIAN_POINT('',(72.6,133.12));
#1834 = ( GEOMETRIC_REPRESENTATION_CONTEXT(2) 
PARAMETRIC_REPRESENTATION_CONTEXT() REPRESENTATION_CONTEXT('2D SPACE',''
  ) );
#1835 = ORIENTED_EDGE('',*,*,#299,.F.);
#1836 = ORIENTED_EDGE('',*,*,#1795,.T.);
#1837 = ORIENTED_EDGE('',*,*,#1467,.T.);
#1838 = ADVANCED_FACE('',(#1839),#285,.T.);
#1839 = FACE_BOUND('',#1840,.T.);
#1840 = EDGE_LOOP('',(#1841,#1842,#1843));
#1841 = ORIENTED_EDGE('',*,*,#267,.F.);
#1842 = ORIENTED_EDGE('',*,*,#1440,.T.);
#1843 = ORIENTED_EDGE('',*,*,#1817,.T.);
#1844 = ( GEOMETRIC_REPRESENTATION_CONTEXT(3) 
GLOBAL_UNCERTAINTY_ASSIGNED_CONTEXT((#1848)) 
GLOBAL_UNIT_ASSIGNED_CONTEXT((#1845,#1846,#1847)) REPRESENTATION_CONTEXT
('Context #1','3D Context with UNIT and UNCERTAINTY') );
#1845 = ( LENGTH_UNIT() NAMED_UNIT(*) SI_UNIT(.MILLI.,.METRE.) );
#1846 = ( NAMED_UNIT(*) PLANE_ANGLE_UNIT() SI_UNIT($,.RADIAN.) );
#1847 = ( NAMED_UNIT(*) SI_UNIT($,.STERADIAN.) SOLID_ANGLE_UNIT() );
#1848 = UNCERTAINTY_MEASURE_WITH_UNIT(LENGTH_MEASURE(2.E-06),#1845,
  'distance_accuracy_value','confusion accuracy');
#1849 = PRODUCT_RELATED_PRODUCT_CATEGORY('part',$,(#7));
ENDSEC;
END-ISO-10303-21;
