ISO-10303-21;
HEADER;
FILE_DESCRIPTION(('Open CASCADE Model'),'2;1');
FILE_NAME('Open CASCADE Shape Model','2026-09-05T04:29:44',('Author'),(
    'Open CASCADE'),'Open CASCADE STEP processor 7.8','Open CASCADE 7.8'
  ,'Unknown');
FILE_SCHEMA(('AUTOMOTIVE_DESIGN { 1 0 10303 214 1 1 1 1 }'));
ENDSEC;
DATA;
#1 = APPLICATION_PROTOCOL_DEFINITION('international standard',
  'automotive_design',2000,#2);
#2 = APPLICATION_CONTEXT(
  'core data for automotive mechanical design processes');
#3 = SHAPE_DEFINITION_REPRESENTATION(#4,#10);
#4 = PRODUCT_DEFINITION_SHAPE('','',#5);
#5 = PRODUCT_DEFINITION('design','',#6,#9);
#6 = PRODUCT_DEFINITION_FORMATION('','',#7);
#7 = PRODUCT('Open CASCADE STEP translator 7.8 8',
  'Open CASCADE STEP translator 7.8 8','',(#8));
#8 = PRODUCT_CONTEXT('',#2,'mechanical');
#9 = PRODUCT_DEFINITION_CONTEXT('part definition',#2,'design');
#10 = ADVANCED_BREP_SHAPE_REPRESENTATION('',(#11,#15),#2705);
#11 = AXIS2_PLACEMENT_3D('',#12,#13,#14);
#12 = CARTESIAN_POINT('',(0.,0.,0.));
#13 = DIRECTION('',(0.,0.,1.));
#14 = DIRECTION('',(1.,0.,-0.));
#15 = MANIFOLD_SOLID_BREP('',#16);
#16 = CLOSED_SHELL('',(#17,#1144,#2645,#2650,#2674,#2699));
#17 = ADVANCED_FACE('',(#18),#52,.T.);
#18 = FACE_BOUND('',#19,.T.);
#19 = EDGE_LOOP('',(#20,#257,#289,#341,#906,#1094));
#20 = ORIENTED_EDGE('',*,*,#21,.T.);
#21 = EDGE_CURVE('',#22,#24,#26,.T.);
#22 = VERTEX_POINT('',#23);
#23 = CARTESIAN_POINT('',(73.019767869443,-5.94201569119,-74.));
#24 = VERTEX_POINT('',#25);
#25 = CARTESIAN_POINT('',(78.827085177519,-1.988334914629E-15,
    -74.02774733702));
#26 = SURFACE_CURVE('',#27,(#51,#154),.PCURVE_S1.);
#27 = B_SPLINE_CURVE_WITH_KNOTS('',8,(#28,#29,#30,#31,#32,#33,#34,#35,
    #36,#37,#38,#39,#40,#41,#42,#43,#44,#45,#46,#47,#48,#49,#50),
  .UNSPECIFIED.,.F.,.F.,(9,7,7,9),(0.,0.545627513934,0.781979911963,1.),
  .UNSPECIFIED.);
#28 = CARTESIAN_POINT('',(73.019767869442,-5.942015691191,-74.));
#29 = CARTESIAN_POINT('',(73.552271870232,-5.679492595458,-74.0029384715
    ));
#30 = CARTESIAN_POINT('',(74.07804951686,-5.404938061924,-74.00576717008
    ));
#31 = CARTESIAN_POINT('',(74.596760938031,-5.116516694709,
    -74.00848392168));
#32 = CARTESIAN_POINT('',(75.107050288776,-4.812137265343,
    -74.01108152242));
#33 = CARTESIAN_POINT('',(75.606638874793,-4.489588694314,
    -74.01354915483));
#34 = CARTESIAN_POINT('',(76.091838151292,-4.145828987834,
    -74.01587180174));
#35 = CARTESIAN_POINT('',(76.557830388357,-3.777390826689,
    -74.01803295909));
#36 = CARTESIAN_POINT('',(77.186534039978,-3.203880953952,
    -74.02086316011));
#37 = CARTESIAN_POINT('',(77.371156474569,-3.024836357062,
    -74.02168236013));
#38 = CARTESIAN_POINT('',(77.549756578074,-2.839528708589,
    -74.02246356277));
#39 = CARTESIAN_POINT('',(77.721402701867,-2.647455265991,
    -74.02320377299));
#40 = CARTESIAN_POINT('',(77.884850158805,-2.448171423087,
    -74.02389897312));
#41 = CARTESIAN_POINT('',(78.038548349072,-2.241297203293,
    -74.02454426053));
#42 = CARTESIAN_POINT('',(78.180656545674,-2.026530675835,
    -74.02513392365));
#43 = CARTESIAN_POINT('',(78.427519984036,-1.598091841794,
    -74.02614806663));
#44 = CARTESIAN_POINT('',(78.534298295534,-1.3856641094,-74.02658174736)
  );
#45 = CARTESIAN_POINT('',(78.627611420237,-1.166478146428,
    -74.02695675866));
#46 = CARTESIAN_POINT('',(78.705446881539,-0.940967477415,
    -74.02726679298));
#47 = CARTESIAN_POINT('',(78.765738861385,-0.709957520622,
    -74.02750538219));
#48 = CARTESIAN_POINT('',(78.806666790862,-0.474747567076,
    -74.02766678322));
#49 = CARTESIAN_POINT('',(78.827085250105,-0.237223320764,
    -74.02774734215));
#50 = CARTESIAN_POINT('',(78.827085177529,-8.348877145181E-14,
    -74.02774733702));
#51 = PCURVE('',#52,#128);
#52 = ( BOUNDED_SURFACE() B_SPLINE_SURFACE(14,4,(
    (#53,#54,#55,#56,#57)
    ,(#58,#59,#60,#61,#62)
    ,(#63,#64,#65,#66,#67)
    ,(#68,#69,#70,#71,#72)
    ,(#73,#74,#75,#76,#77)
    ,(#78,#79,#80,#81,#82)
    ,(#83,#84,#85,#86,#87)
    ,(#88,#89,#90,#91,#92)
    ,(#93,#94,#95,#96,#97)
    ,(#98,#99,#100,#101,#102)
    ,(#103,#104,#105,#106,#107)
    ,(#108,#109,#110,#111,#112)
    ,(#113,#114,#115,#116,#117)
    ,(#118,#119,#120,#121,#122)
    ,(#123,#124,#125,#126,#127
)),.UNSPECIFIED.,.T.,.F.,.F.) B_SPLINE_SURFACE_WITH_KNOTS((15,15),(5,5),
  (0.,1.),(0.,1.),.PIECEWISE_BEZIER_KNOTS.) 
GEOMETRIC_REPRESENTATION_ITEM() RATIONAL_B_SPLINE_SURFACE((
    (1.,1.,1.,1.,1.)
    ,(1.,1.,1.,1.,1.)
    ,(1.,1.,1.,1.,1.)
    ,(1.,1.,1.,1.,1.)
    ,(1.,1.,1.,1.,1.)
    ,(1.,1.,1.,1.,1.)
    ,(1.,1.,1.,1.,1.)
    ,(1.,1.,1.,1.,1.)
    ,(1.,1.,1.,1.,1.)
    ,(1.,1.,1.,1.,1.)
    ,(1.,1.,1.,1.,1.)
    ,(1.,1.,1.,1.,1.)
    ,(1.,1.,1.,1.,1.)
    ,(1.,1.,1.,1.,1.)
,(1.,1.,1.,1.,1.))) REPRESENTATION_ITEM('') SURFACE() );
#53 = CARTESIAN_POINT('',(78.,2.339685990397E-15,-74.));
#54 = CARTESIAN_POINT('',(143.59453504068,5.490313837874E-15,
    -76.65894510043));
#55 = CARTESIAN_POINT('',(128.61839781317,-9.187875924815E-14,
    20.13927219668));
#56 = CARTESIAN_POINT('',(97.134038134964,3.269375490603E-14,
    33.121329209921));
#57 = CARTESIAN_POINT('',(67.2,1.608832000195E-14,74.));
#58 = CARTESIAN_POINT('',(77.999999999999,7.584702263673,-74.));
#59 = CARTESIAN_POINT('',(143.59453504068,13.963099935564,
    -76.65894510043));
#60 = CARTESIAN_POINT('',(128.61839781324,12.506823756964,20.13927219668
    ));
#61 = CARTESIAN_POINT('',(97.134038134916,9.445291781053,33.121329209921
    ));
#62 = CARTESIAN_POINT('',(67.200000000009,6.53451271947,74.));
#63 = CARTESIAN_POINT('',(61.080679826457,15.169407327016,-74.));
#64 = CARTESIAN_POINT('',(112.44681820061,27.926205025207,
    -76.65894510043));
#65 = CARTESIAN_POINT('',(100.71922021273,25.013652130482,20.13927219668
    ));
#66 = CARTESIAN_POINT('',(76.064270302434,18.890587048543,
    33.121329209921));
#67 = CARTESIAN_POINT('',(52.623354927368,13.069027850977,74.));
#68 = CARTESIAN_POINT('',(27.242017849504,20.834646957097,-74.));
#69 = CARTESIAN_POINT('',(50.151344700902,38.355659519737,
    -76.65894510043));
#70 = CARTESIAN_POINT('',(44.920829347111,34.355370648988,20.13927219668
    ));
#71 = CARTESIAN_POINT('',(33.924707700214,25.945556308484,
    33.121329209921));
#72 = CARTESIAN_POINT('',(23.470046147376,17.949849686087,74.));
#73 = CARTESIAN_POINT('',(-18.45562794931,22.661169369437,-74.));
#74 = CARTESIAN_POINT('',(-33.97599120849,41.718206142129,
    -76.65894510043));
#75 = CARTESIAN_POINT('',(-30.43247817483,37.367221754856,20.13927219668
    ));
#76 = CARTESIAN_POINT('',(-22.9829444734,28.220139611639,33.121329209921
    ));
#77 = CARTESIAN_POINT('',(-15.9002333104,19.523468995264,74.));
#78 = CARTESIAN_POINT('',(-65.89250151195,19.41770895111,-74.));
#79 = CARTESIAN_POINT('',(-121.3051681704,35.747139594672,
    -76.65894510043));
#80 = CARTESIAN_POINT('',(-108.6536919499,32.018905313822,20.13927219668
    ));
#81 = CARTESIAN_POINT('',(-82.05647121604,24.181031817457,
    33.121329209921));
#82 = CARTESIAN_POINT('',(-56.76892437919,16.729103096246,74.));
#83 = CARTESIAN_POINT('',(-102.1052527287,11.253460644916,-74.));
#84 = CARTESIAN_POINT('',(-187.9712344969,20.717121139895,
    -76.65894510043));
#85 = CARTESIAN_POINT('',(-168.3668463415,18.556436897787,20.13927219668
    ));
#86 = CARTESIAN_POINT('',(-127.1525065652,14.014026607913,
    33.121329209921));
#87 = CARTESIAN_POINT('',(-87.9676023513,9.695289171134,74.));
#88 = CARTESIAN_POINT('',(-115.7386309605,2.806561563503E-10,-74.));
#89 = CARTESIAN_POINT('',(-213.069678193,4.4607870816E-10,
    -76.65894510043));
#90 = CARTESIAN_POINT('',(-190.8476574208,6.20458352952E-11,
    20.13927219668));
#91 = CARTESIAN_POINT('',(-144.1302640214,6.074938335571E-10,
    33.121329209921));
#92 = CARTESIAN_POINT('',(-99.71328205786,9.469865186579E-11,74.));
#93 = CARTESIAN_POINT('',(-102.1052527287,-11.25346064543,-74.));
#94 = CARTESIAN_POINT('',(-187.9712344969,-20.71712114071,
    -76.65894510043));
#95 = CARTESIAN_POINT('',(-168.3668463415,-18.55643689789,20.13927219668
    ));
#96 = CARTESIAN_POINT('',(-127.1525065653,-14.01402660902,
    33.121329209921));
#97 = CARTESIAN_POINT('',(-87.96760235127,-9.695289171308,74.));
#98 = CARTESIAN_POINT('',(-65.89250151188,-19.41770895071,-74.));
#99 = CARTESIAN_POINT('',(-121.3051681703,-35.74713959402,
    -76.65894510043));
#100 = CARTESIAN_POINT('',(-108.6536919499,-32.01890531375,
    20.13927219668));
#101 = CARTESIAN_POINT('',(-82.05647121587,-24.18103181661,
    33.121329209921));
#102 = CARTESIAN_POINT('',(-56.76892437923,-16.72910309611,74.));
#103 = CARTESIAN_POINT('',(-18.45562794937,-22.66116936968,-74.));
#104 = CARTESIAN_POINT('',(-33.97599120852,-41.71820614254,
    -76.65894510043));
#105 = CARTESIAN_POINT('',(-30.43247817483,-37.36722175488,
    20.13927219668));
#106 = CARTESIAN_POINT('',(-22.98294447355,-28.22013961216,
    33.121329209921));
#107 = CARTESIAN_POINT('',(-15.90023331036,-19.52346899534,74.));
#108 = CARTESIAN_POINT('',(27.24201784954,-20.83464695697,-74.));
#109 = CARTESIAN_POINT('',(50.151344700923,-38.35565951952,
    -76.65894510043));
#110 = CARTESIAN_POINT('',(44.92082934712,-34.35537064898,20.13927219668
    ));
#111 = CARTESIAN_POINT('',(33.924707700293,-25.94555630822,
    33.121329209921));
#112 = CARTESIAN_POINT('',(23.470046147356,-17.94984968604,74.));
#113 = CARTESIAN_POINT('',(61.080679826442,-15.16940732706,-74.));
#114 = CARTESIAN_POINT('',(112.4468182006,-27.92620502529,
    -76.65894510043));
#115 = CARTESIAN_POINT('',(100.71922021272,-25.01365213048,
    20.13927219668));
#116 = CARTESIAN_POINT('',(76.064270302406,-18.89058704863,
    33.121329209921));
#117 = CARTESIAN_POINT('',(52.623354927376,-13.06902785099,74.));
#118 = CARTESIAN_POINT('',(78.000000000003,-7.584702263663,-74.));
#119 = CARTESIAN_POINT('',(143.59453504068,-13.96309993554,
    -76.65894510043));
#120 = CARTESIAN_POINT('',(128.61839781324,-12.50682375696,
    20.13927219668));
#121 = CARTESIAN_POINT('',(97.134038134922,-9.445291781032,
    33.121329209921));
#122 = CARTESIAN_POINT('',(67.200000000007,-6.534512719466,74.));
#123 = CARTESIAN_POINT('',(78.,-4.765741522966E-15,-74.));
#124 = CARTESIAN_POINT('',(143.59453504068,-8.067209003704E-14,
    -76.65894510043));
#125 = CARTESIAN_POINT('',(128.61839781317,1.621832775259E-13,
    20.13927219668));
#126 = CARTESIAN_POINT('',(97.134038134964,-7.965853813312E-14,
    33.121329209921));
#127 = CARTESIAN_POINT('',(67.2,-1.233338956266E-14,74.));
#128 = DEFINITIONAL_REPRESENTATION('',(#129),#153);
#129 = B_SPLINE_CURVE_WITH_KNOTS('',8,(#130,#131,#132,#133,#134,#135,
    #136,#137,#138,#139,#140,#141,#142,#143,#144,#145,#146,#147,#148,
    #149,#150,#151,#152),.UNSPECIFIED.,.F.,.F.,(9,7,7,9),(0.,
    0.545627513934,0.781979911963,1.),.UNSPECIFIED.);
#130 = CARTESIAN_POINT('',(0.942819107023,0.));
#131 = CARTESIAN_POINT('',(0.945515579387,2.762817759094E-04));
#132 = CARTESIAN_POINT('',(0.948307573439,5.520309888893E-04));
#133 = CARTESIAN_POINT('',(0.951211861026,8.269669675506E-04));
#134 = CARTESIAN_POINT('',(0.954247097135,1.100268288812E-03));
#135 = CARTESIAN_POINT('',(0.957432676773,1.370584455089E-03));
#136 = CARTESIAN_POINT('',(0.960795543552,1.635712650601E-03));
#137 = CARTESIAN_POINT('',(0.964366556584,1.892715817357E-03));
#138 = CARTESIAN_POINT('',(0.969875273114,2.24230644927E-03));
#139 = CARTESIAN_POINT('',(0.971589027647,2.345362094021E-03));
#140 = CARTESIAN_POINT('',(0.973356695712,2.44542693794E-03));
#141 = CARTESIAN_POINT('',(0.975182852949,2.541939339105E-03));
#142 = CARTESIAN_POINT('',(0.977071534429,2.634152132342E-03));
#143 = CARTESIAN_POINT('',(0.979026225686,2.721133459631E-03));
#144 = CARTESIAN_POINT('',(0.981049797319,2.801775597454E-03));
#145 = CARTESIAN_POINT('',(0.985076507061,2.942183117521E-03));
#146 = CARTESIAN_POINT('',(0.987068700298,3.003071232088E-03));
#147 = CARTESIAN_POINT('',(0.989120277629,3.056404910357E-03));
#148 = CARTESIAN_POINT('',(0.991227488457,3.100977904622E-03));
#149 = CARTESIAN_POINT('',(0.993383167759,3.135552576999E-03));
#150 = CARTESIAN_POINT('',(0.995576000612,3.159039993807E-03));
#151 = CARTESIAN_POINT('',(0.997789400296,3.170756471245E-03));
#152 = CARTESIAN_POINT('',(1.,3.170756572364E-03));
#153 = ( GEOMETRIC_REPRESENTATION_CONTEXT(2) 
PARAMETRIC_REPRESENTATION_CONTEXT() REPRESENTATION_CONTEXT('2D SPACE',''
  ) );
#154 = PCURVE('',#155,#231);
#155 = ( BOUNDED_SURFACE() B_SPLINE_SURFACE(14,4,(
    (#156,#157,#158,#159,#160)
    ,(#161,#162,#163,#164,#165)
    ,(#166,#167,#168,#169,#170)
    ,(#171,#172,#173,#174,#175)
    ,(#176,#177,#178,#179,#180)
    ,(#181,#182,#183,#184,#185)
    ,(#186,#187,#188,#189,#190)
    ,(#191,#192,#193,#194,#195)
    ,(#196,#197,#198,#199,#200)
    ,(#201,#202,#203,#204,#205)
    ,(#206,#207,#208,#209,#210)
    ,(#211,#212,#213,#214,#215)
    ,(#216,#217,#218,#219,#220)
    ,(#221,#222,#223,#224,#225)
    ,(#226,#227,#228,#229,#230
)),.UNSPECIFIED.,.T.,.F.,.F.) B_SPLINE_SURFACE_WITH_KNOTS((15,15),(5,5),
  (0.,1.),(0.,1.),.PIECEWISE_BEZIER_KNOTS.) 
GEOMETRIC_REPRESENTATION_ITEM() RATIONAL_B_SPLINE_SURFACE((
    (1.,1.,1.,1.,1.)
    ,(1.,1.,1.,1.,1.)
    ,(1.,1.,1.,1.,1.)
    ,(1.,1.,1.,1.,1.)
    ,(1.,1.,1.,1.,1.)
    ,(1.,1.,1.,1.,1.)
    ,(1.,1.,1.,1.,1.)
    ,(1.,1.,1.,1.,1.)
    ,(1.,1.,1.,1.,1.)
    ,(1.,1.,1.,1.,1.)
    ,(1.,1.,1.,1.,1.)
    ,(1.,1.,1.,1.,1.)
    ,(1.,1.,1.,1.,1.)
    ,(1.,1.,1.,1.,1.)
,(1.,1.,1.,1.,1.))) REPRESENTATION_ITEM('') SURFACE() );
#156 = CARTESIAN_POINT('',(75.,-5.108680816731E-15,-74.));
#157 = CARTESIAN_POINT('',(140.59453504068,-2.678769707579E-14,
    -76.65894510043));
#158 = CARTESIAN_POINT('',(125.61839781317,-4.939377769532E-15,
    20.13927219668));
#159 = CARTESIAN_POINT('',(94.134038134963,7.250280014917E-14,
    33.121329209921));
#160 = CARTESIAN_POINT('',(64.2,-1.275773143238E-14,74.));
#161 = CARTESIAN_POINT('',(75.000000000017,6.238305412132,-74.));
#162 = CARTESIAN_POINT('',(140.59453504071,12.616703084017,
    -76.65894510043));
#163 = CARTESIAN_POINT('',(125.61839781319,11.160426905444,
    20.13927219668));
#164 = CARTESIAN_POINT('',(94.134038134947,8.098894929504,
    33.121329209921));
#165 = CARTESIAN_POINT('',(64.200000000007,5.18811586793,74.));
#166 = CARTESIAN_POINT('',(58.73142290997,12.476613126959,-74.));
#167 = CARTESIAN_POINT('',(110.09756128407,25.233410825178,
    -76.65894510043));
#168 = CARTESIAN_POINT('',(98.36996329655,22.320857930334,20.13927219668
    ));
#169 = CARTESIAN_POINT('',(73.715013385888,16.197792848523,
    33.121329209921));
#170 = CARTESIAN_POINT('',(50.274098010974,10.376233650915,74.));
#171 = CARTESIAN_POINT('',(26.194247932459,17.136188917363,-74.));
#172 = CARTESIAN_POINT('',(49.103574784004,34.657201479927,
    -76.65894510043));
#173 = CARTESIAN_POINT('',(43.8730594292,30.656912609502,20.13927219668)
  );
#174 = CARTESIAN_POINT('',(32.876937783328,22.247098268644,
    33.121329209921));
#175 = CARTESIAN_POINT('',(22.422276230065,14.251391646366,74.));
#176 = CARTESIAN_POINT('',(-17.74579610563,18.638476581992,-74.));
#177 = CARTESIAN_POINT('',(-33.26615936509,37.695513354824,
    -76.65894510043));
#178 = CARTESIAN_POINT('',(-29.72264632932,33.344528966908,
    20.13927219668));
#179 = CARTESIAN_POINT('',(-22.27311263003,24.19744682441,
    33.121329209921));
#180 = CARTESIAN_POINT('',(-15.19040146615,15.500776207791,74.));
#181 = CARTESIAN_POINT('',(-63.35817452983,15.970778368025,-74.));
#182 = CARTESIAN_POINT('',(-118.7708411878,32.30020901138,
    -76.65894510043));
#183 = CARTESIAN_POINT('',(-106.1193649709,28.571974731538,
    20.13927219668));
#184 = CARTESIAN_POINT('',(-79.52214423348,20.734101234026,
    33.121329209921));
#185 = CARTESIAN_POINT('',(-54.23459739802,13.282172513206,74.));
#186 = CARTESIAN_POINT('',(-98.17812762497,9.255804909194,-74.));
#187 = CARTESIAN_POINT('',(-184.0441093936,18.719465404424,
    -76.65894510043));
#188 = CARTESIAN_POINT('',(-164.4397212337,16.558781161024,
    20.13927219668));
#189 = CARTESIAN_POINT('',(-123.2253814619,12.016370872645,
    33.121329209921));
#190 = CARTESIAN_POINT('',(-84.04047724628,7.697633435354,74.));
#191 = CARTESIAN_POINT('',(-111.2871451529,1.644892647829E-10,-74.));
#192 = CARTESIAN_POINT('',(-208.6181923851,7.385835363124E-11,
    -76.65894510043));
#193 = CARTESIAN_POINT('',(-186.3961716177,1.073497099092E-09,
    20.13927219668));
#194 = CARTESIAN_POINT('',(-139.6787782134,-1.05376258103E-12,
    33.121329209921));
#195 = CARTESIAN_POINT('',(-95.26179625173,4.332571896263E-11,74.));
#196 = CARTESIAN_POINT('',(-98.17812762505,-9.255804909497,-74.));
#197 = CARTESIAN_POINT('',(-184.0441093934,-18.71946540456,
    -76.65894510043));
#198 = CARTESIAN_POINT('',(-164.4397212338,-16.55878116299,
    20.13927219668));
#199 = CARTESIAN_POINT('',(-123.2253814619,-12.01637087264,
    33.121329209921));
#200 = CARTESIAN_POINT('',(-84.04047724629,-7.697633435435,74.));
#201 = CARTESIAN_POINT('',(-63.35817452971,-15.97077836779,-74.));
#202 = CARTESIAN_POINT('',(-118.7708411881,-32.30020901127,
    -76.65894510043));
#203 = CARTESIAN_POINT('',(-106.1193649708,-28.57197473003,
    20.13927219668));
#204 = CARTESIAN_POINT('',(-79.52214423348,-20.73410123402,
    33.121329209921));
#205 = CARTESIAN_POINT('',(-54.23459739801,-13.28217251314,74.));
#206 = CARTESIAN_POINT('',(-17.74579610574,-18.63847658213,-74.));
#207 = CARTESIAN_POINT('',(-33.26615936489,-37.69551335489,
    -76.65894510043));
#208 = CARTESIAN_POINT('',(-29.7226463294,-33.34452896784,20.13927219668
    ));
#209 = CARTESIAN_POINT('',(-22.27311263002,-24.1974468244,
    33.121329209921));
#210 = CARTESIAN_POINT('',(-15.19040146616,-15.50077620783,74.));
#211 = CARTESIAN_POINT('',(26.194247932524,-17.13618891728,-74.));
#212 = CARTESIAN_POINT('',(49.103574783879,-34.65720147989,
    -76.65894510043));
#213 = CARTESIAN_POINT('',(43.873059429276,-30.65691260904,
    20.13927219668));
#214 = CARTESIAN_POINT('',(32.87693778331,-22.24709826864,
    33.121329209921));
#215 = CARTESIAN_POINT('',(22.422276230069,-14.25139164634,74.));
#216 = CARTESIAN_POINT('',(58.731422909944,-12.47661312698,-74.));
#217 = CARTESIAN_POINT('',(110.09756128412,-25.23341082519,
    -76.65894510043));
#218 = CARTESIAN_POINT('',(98.369963296506,-22.3208579305,20.13927219668
    ));
#219 = CARTESIAN_POINT('',(73.715013385902,-16.19779284852,
    33.121329209921));
#220 = CARTESIAN_POINT('',(50.274098010973,-10.37623365092,74.));
#221 = CARTESIAN_POINT('',(75.000000000024,-6.238305412126,-74.));
#222 = CARTESIAN_POINT('',(140.5945350407,-12.61670308401,
    -76.65894510043));
#223 = CARTESIAN_POINT('',(125.6183978132,-11.1604269054,20.13927219668)
  );
#224 = CARTESIAN_POINT('',(94.134038134943,-8.098894929504,
    33.121329209921));
#225 = CARTESIAN_POINT('',(64.200000000007,-5.188115867928,74.));
#226 = CARTESIAN_POINT('',(75.,-5.108680944846E-15,-74.));
#227 = CARTESIAN_POINT('',(140.59453504068,2.157170561858E-14,
    -76.65894510043));
#228 = CARTESIAN_POINT('',(125.61839781317,-1.646366109719E-14,
    20.13927219668));
#229 = CARTESIAN_POINT('',(94.134038134964,-6.373504257731E-14,
    33.121329209921));
#230 = CARTESIAN_POINT('',(64.2,8.558550533867E-15,74.));
#231 = DEFINITIONAL_REPRESENTATION('',(#232),#256);
#232 = B_SPLINE_CURVE_WITH_KNOTS('',8,(#233,#234,#235,#236,#237,#238,
    #239,#240,#241,#242,#243,#244,#245,#246,#247,#248,#249,#250,#251,
    #252,#253,#254,#255),.UNSPECIFIED.,.F.,.F.,(9,7,7,9),(0.,
    0.545627513934,0.781979911963,1.),.UNSPECIFIED.);
#233 = CARTESIAN_POINT('',(0.934722878687,1.822824629639E-02));
#234 = CARTESIAN_POINT('',(0.937710587837,1.794558590535E-02));
#235 = CARTESIAN_POINT('',(0.940817523088,1.766369648313E-02));
#236 = CARTESIAN_POINT('',(0.944063436476,1.738286340471E-02));
#237 = CARTESIAN_POINT('',(0.947470546085,1.710392371578E-02));
#238 = CARTESIAN_POINT('',(0.951062154723,1.682825137892E-02));
#239 = CARTESIAN_POINT('',(0.954870448915,1.655808178951E-02));
#240 = CARTESIAN_POINT('',(0.958932203687,1.629638781078E-02));
#241 = CARTESIAN_POINT('',(0.96522512273,1.59406542718E-02));
#242 = CARTESIAN_POINT('',(0.967186147188,1.583582057632E-02));
#243 = CARTESIAN_POINT('',(0.969212206385,1.573406016296E-02));
#244 = CARTESIAN_POINT('',(0.971308682378,1.563594117281E-02));
#245 = CARTESIAN_POINT('',(0.973480330008,1.554221948969E-02));
#246 = CARTESIAN_POINT('',(0.975731236267,1.545383761088E-02));
#247 = CARTESIAN_POINT('',(0.978064708795,1.537191565484E-02));
#248 = CARTESIAN_POINT('',(0.982713901019,1.52293070224E-02));
#249 = CARTESIAN_POINT('',(0.985016551115,1.51674776434E-02));
#250 = CARTESIAN_POINT('',(0.98739015083,1.511333003981E-02));
#251 = CARTESIAN_POINT('',(0.98983018907,1.506808414806E-02));
#252 = CARTESIAN_POINT('',(0.992328054034,1.503299164333E-02));
#253 = CARTESIAN_POINT('',(0.99487016325,1.50091539232E-02));
#254 = CARTESIAN_POINT('',(0.997436706268,1.499726260136E-02));
#255 = CARTESIAN_POINT('',(0.999999999984,1.499726251139E-02));
#256 = ( GEOMETRIC_REPRESENTATION_CONTEXT(2) 
PARAMETRIC_REPRESENTATION_CONTEXT() REPRESENTATION_CONTEXT('2D SPACE',''
  ) );
#257 = ORIENTED_EDGE('',*,*,#258,.T.);
#258 = EDGE_CURVE('',#24,#259,#261,.T.);
#259 = VERTEX_POINT('',#260);
#260 = CARTESIAN_POINT('',(67.2,0.,74.));
#261 = SURFACE_CURVE('',#262,(#268,#275),.PCURVE_S1.);
#262 = ( BOUNDED_CURVE() B_SPLINE_CURVE(4,(#263,#264,#265,#266,#267),
.UNSPECIFIED.,.F.,.F.) B_SPLINE_CURVE_WITH_KNOTS((5,5),(0.,1.),
.PIECEWISE_BEZIER_KNOTS.) CURVE() GEOMETRIC_REPRESENTATION_ITEM() 
RATIONAL_B_SPLINE_CURVE((1.,1.,1.,1.,1.)) REPRESENTATION_ITEM('') );
#263 = CARTESIAN_POINT('',(78.,2.339685990397E-15,-74.));
#264 = CARTESIAN_POINT('',(143.59453504068,5.490313837874E-15,
    -76.65894510043));
#265 = CARTESIAN_POINT('',(128.61839781317,-9.187875924815E-14,
    20.13927219668));
#266 = CARTESIAN_POINT('',(97.134038134964,3.269375490603E-14,
    33.121329209921));
#267 = CARTESIAN_POINT('',(67.2,1.608832000195E-14,74.));
#268 = PCURVE('',#52,#269);
#269 = DEFINITIONAL_REPRESENTATION('',(#270),#274);
#270 = LINE('',#271,#272);
#271 = CARTESIAN_POINT('',(1.,0.));
#272 = VECTOR('',#273,1.);
#273 = DIRECTION('',(0.,1.));
#274 = ( GEOMETRIC_REPRESENTATION_CONTEXT(2) 
PARAMETRIC_REPRESENTATION_CONTEXT() REPRESENTATION_CONTEXT('2D SPACE',''
  ) );
#275 = PCURVE('',#276,#281);
#276 = PLANE('',#277);
#277 = AXIS2_PLACEMENT_3D('',#278,#279,#280);
#278 = CARTESIAN_POINT('',(-240.,0.,-88.8));
#279 = DIRECTION('',(0.,1.,0.));
#280 = DIRECTION('',(0.,0.,1.));
#281 = DEFINITIONAL_REPRESENTATION('',(#282),#288);
#282 = ( BOUNDED_CURVE() B_SPLINE_CURVE(4,(#283,#284,#285,#286,#287),
.UNSPECIFIED.,.F.,.F.) B_SPLINE_CURVE_WITH_KNOTS((5,5),(0.,1.),
.PIECEWISE_BEZIER_KNOTS.) CURVE() GEOMETRIC_REPRESENTATION_ITEM() 
RATIONAL_B_SPLINE_CURVE((1.,1.,1.,1.,1.)) REPRESENTATION_ITEM('') );
#283 = CARTESIAN_POINT('',(14.8,318.));
#284 = CARTESIAN_POINT('',(12.141054899562,383.59453504068));
#285 = CARTESIAN_POINT('',(108.93927219668,368.61839781317));
#286 = CARTESIAN_POINT('',(121.92132920992,337.13403813496));
#287 = CARTESIAN_POINT('',(162.8,307.2));
#288 = ( GEOMETRIC_REPRESENTATION_CONTEXT(2) 
PARAMETRIC_REPRESENTATION_CONTEXT() REPRESENTATION_CONTEXT('2D SPACE',''
  ) );
#289 = ORIENTED_EDGE('',*,*,#290,.F.);
#290 = EDGE_CURVE('',#291,#259,#293,.T.);
#291 = VERTEX_POINT('',#292);
#292 = CARTESIAN_POINT('',(-67.19999999109,2.22044604925E-15,74.));
#293 = SURFACE_CURVE('',#294,(#310,#317),.PCURVE_S1.);
#294 = B_SPLINE_CURVE_WITH_KNOTS('',14,(#295,#296,#297,#298,#299,#300,
    #301,#302,#303,#304,#305,#306,#307,#308,#309),.UNSPECIFIED.,.T.,.F.,
  (15,15),(0.,1.),.PIECEWISE_BEZIER_KNOTS.);
#295 = CARTESIAN_POINT('',(67.2,1.608832000195E-14,74.));
#296 = CARTESIAN_POINT('',(67.200000000009,6.53451271947,74.));
#297 = CARTESIAN_POINT('',(52.623354927368,13.069027850977,74.));
#298 = CARTESIAN_POINT('',(23.470046147376,17.949849686087,74.));
#299 = CARTESIAN_POINT('',(-15.9002333104,19.523468995264,74.));
#300 = CARTESIAN_POINT('',(-56.76892437919,16.729103096246,74.));
#301 = CARTESIAN_POINT('',(-87.9676023513,9.695289171134,74.));
#302 = CARTESIAN_POINT('',(-99.71328205786,9.469865186579E-11,74.));
#303 = CARTESIAN_POINT('',(-87.96760235127,-9.695289171308,74.));
#304 = CARTESIAN_POINT('',(-56.76892437923,-16.72910309611,74.));
#305 = CARTESIAN_POINT('',(-15.90023331036,-19.52346899534,74.));
#306 = CARTESIAN_POINT('',(23.470046147356,-17.94984968604,74.));
#307 = CARTESIAN_POINT('',(52.623354927376,-13.06902785099,74.));
#308 = CARTESIAN_POINT('',(67.200000000007,-6.534512719466,74.));
#309 = CARTESIAN_POINT('',(67.2,-1.233338956266E-14,74.));
#310 = PCURVE('',#52,#311);
#311 = DEFINITIONAL_REPRESENTATION('',(#312),#316);
#312 = LINE('',#313,#314);
#313 = CARTESIAN_POINT('',(0.,1.));
#314 = VECTOR('',#315,1.);
#315 = DIRECTION('',(1.,0.));
#316 = ( GEOMETRIC_REPRESENTATION_CONTEXT(2) 
PARAMETRIC_REPRESENTATION_CONTEXT() REPRESENTATION_CONTEXT('2D SPACE',''
  ) );
#317 = PCURVE('',#318,#323);
#318 = PLANE('',#319);
#319 = AXIS2_PLACEMENT_3D('',#320,#321,#322);
#320 = CARTESIAN_POINT('',(67.2,1.608832000195E-14,74.));
#321 = DIRECTION('',(0.,0.,1.));
#322 = DIRECTION('',(-1.,-1.031835859644E-16,0.));
#323 = DEFINITIONAL_REPRESENTATION('',(#324),#340);
#324 = B_SPLINE_CURVE_WITH_KNOTS('',14,(#325,#326,#327,#328,#329,#330,
    #331,#332,#333,#334,#335,#336,#337,#338,#339),.UNSPECIFIED.,.F.,.F.,
  (15,15),(0.,1.),.PIECEWISE_BEZIER_KNOTS.);
#325 = CARTESIAN_POINT('',(0.,0.));
#326 = CARTESIAN_POINT('',(-8.682832230988E-12,-6.53451271947));
#327 = CARTESIAN_POINT('',(14.576645072632,-13.06902785097));
#328 = CARTESIAN_POINT('',(43.729953852624,-17.94984968608));
#329 = CARTESIAN_POINT('',(83.100233310401,-19.52346899526));
#330 = CARTESIAN_POINT('',(123.96892437919,-16.72910309624));
#331 = CARTESIAN_POINT('',(155.1676023513,-9.695289171134));
#332 = CARTESIAN_POINT('',(166.91328205786,-9.469978625678E-11));
#333 = CARTESIAN_POINT('',(155.16760235127,9.695289171308));
#334 = CARTESIAN_POINT('',(123.96892437923,16.729103096112));
#335 = CARTESIAN_POINT('',(83.100233310367,19.523468995349));
#336 = CARTESIAN_POINT('',(43.729953852644,17.949849686045));
#337 = CARTESIAN_POINT('',(14.576645072624,13.069027850993));
#338 = CARTESIAN_POINT('',(-6.792788553867E-12,6.534512719466));
#339 = CARTESIAN_POINT('',(0.,2.842170956461E-14));
#340 = ( GEOMETRIC_REPRESENTATION_CONTEXT(2) 
PARAMETRIC_REPRESENTATION_CONTEXT() REPRESENTATION_CONTEXT('2D SPACE',''
  ) );
#341 = ORIENTED_EDGE('',*,*,#342,.F.);
#342 = EDGE_CURVE('',#343,#291,#345,.T.);
#343 = VERTEX_POINT('',#344);
#344 = CARTESIAN_POINT('',(-78.82708518972,5.222971373614E-18,
    -74.02774733743));
#345 = SURFACE_CURVE('',#346,(#529,#715),.PCURVE_S1.);
#346 = B_SPLINE_CURVE_WITH_KNOTS('',6,(#347,#348,#349,#350,#351,#352,
    #353,#354,#355,#356,#357,#358,#359,#360,#361,#362,#363,#364,#365,
    #366,#367,#368,#369,#370,#371,#372,#373,#374,#375,#376,#377,#378,
    #379,#380,#381,#382,#383,#384,#385,#386,#387,#388,#389,#390,#391,
    #392,#393,#394,#395,#396,#397,#398,#399,#400,#401,#402,#403,#404,
    #405,#406,#407,#408,#409,#410,#411,#412,#413,#414,#415,#416,#417,
    #418,#419,#420,#421,#422,#423,#424,#425,#426,#427,#428,#429,#430,
    #431,#432,#433,#434,#435,#436,#437,#438,#439,#440,#441,#442,#443,
    #444,#445,#446,#447,#448,#449,#450,#451,#452,#453,#454,#455,#456,
    #457,#458,#459,#460,#461,#462,#463,#464,#465,#466,#467,#468,#469,
    #470,#471,#472,#473,#474,#475,#476,#477,#478,#479,#480,#481,#482,
    #483,#484,#485,#486,#487,#488,#489,#490,#491,#492,#493,#494,#495,
    #496,#497,#498,#499,#500,#501,#502,#503,#504,#505,#506,#507,#508,
    #509,#510,#511,#512,#513,#514,#515,#516,#517,#518,#519,#520,#521,
    #522,#523,#524,#525,#526,#527,#528),.UNSPECIFIED.,.F.,.F.,(7,5,5,5,5
    ,5,5,5,5,5,5,5,5,5,5,5,5,5,5,5,5,5,5,5,5,5,5,5,5,5,5,5,5,5,5,5,7),(
    0.,3.099522011029E-02,5.940251790788E-02,8.897148698804E-02,
    0.118860803787,0.147187245052,0.169594629941,0.191638571341,
    0.213156115766,0.250893552305,0.274576780219,0.298503314459,
    0.322687154371,0.34711592368,0.371559675871,0.396173636788,
    0.420910987111,0.445621879266,0.474296449575,0.502938218826,
    0.531487526262,0.559895734719,0.588126583855,0.616156865894,
    0.643976575372,0.671491795684,0.707661992719,0.743469836728,
    0.779112787466,0.821686864261,0.856529827287,0.867604912212,
    0.878918396287,0.890871074293,0.928097732535,0.964405067438,1.),
  .UNSPECIFIED.);
#347 = CARTESIAN_POINT('',(-77.99999998966,0.,-74.));
#348 = CARTESIAN_POINT('',(-78.97943788977,0.,-74.0397025698));
#349 = CARTESIAN_POINT('',(-79.95965227628,0.,-74.06013477108));
#350 = CARTESIAN_POINT('',(-80.9402135883,0.,-74.06043360246));
#351 = CARTESIAN_POINT('',(-81.92059419255,0.,-74.03969721884));
#352 = CARTESIAN_POINT('',(-82.90016870559,0.,-73.99700361163));
#353 = CARTESIAN_POINT('',(-84.77459875245,0.,-73.87133004451));
#354 = CARTESIAN_POINT('',(-85.66969278016,0.,-73.79201176713));
#355 = CARTESIAN_POINT('',(-86.56293599705,0.,-73.69276543556));
#356 = CARTESIAN_POINT('',(-87.45367920654,0.,-73.57288231586));
#357 = CARTESIAN_POINT('',(-88.34118762732,0.,-73.43167874054));
#358 = CARTESIAN_POINT('',(-90.14422812712,0.,-73.09869095373));
#359 = CARTESIAN_POINT('',(-91.05942197446,0.,-72.90507439654));
#360 = CARTESIAN_POINT('',(-91.96929505366,0.,-72.6869600714));
#361 = CARTESIAN_POINT('',(-92.87281515472,0.,-72.44369731562));
#362 = CARTESIAN_POINT('',(-93.76886020468,0.,-72.17474084383));
#363 = CARTESIAN_POINT('',(-95.55321353158,0.,-71.58145394793));
#364 = CARTESIAN_POINT('',(-96.44134455229,0.,-71.25655136369));
#365 = CARTESIAN_POINT('',(-97.3193664052,0.,-70.90458625042));
#366 = CARTESIAN_POINT('',(-98.18597989749,0.,-70.52530612454));
#367 = CARTESIAN_POINT('',(-99.03986253283,0.,-70.11865282024));
#368 = CARTESIAN_POINT('',(-100.6755994845,0.,-69.2736477105));
#369 = CARTESIAN_POINT('',(-101.4589048167,0.,-68.83805536715));
#370 = CARTESIAN_POINT('',(-102.228465595,0.,-68.3781876494));
#371 = CARTESIAN_POINT('',(-102.9832085486,0.,-67.89436351671));
#372 = CARTESIAN_POINT('',(-103.7221325806,0.,-67.38707561845));
#373 = CARTESIAN_POINT('',(-105.0155930724,0.,-66.43769197139));
#374 = CARTESIAN_POINT('',(-105.5764043823,0.,-66.00411676486));
#375 = CARTESIAN_POINT('',(-106.1262976036,0.,-65.55660806083));
#376 = CARTESIAN_POINT('',(-106.6648765768,0.,-65.09555052854));
#377 = CARTESIAN_POINT('',(-107.1917981477,0.,-64.62137796407));
#378 = CARTESIAN_POINT('',(-108.2133869563,0.,-63.65565672855));
#379 = CARTESIAN_POINT('',(-108.7084433813,0.,-63.16451021622));
#380 = CARTESIAN_POINT('',(-109.1916604457,0.,-62.66158386271));
#381 = CARTESIAN_POINT('',(-109.6628223181,0.,-62.14735862572));
#382 = CARTESIAN_POINT('',(-110.1217679004,0.,-61.6223356141));
#383 = CARTESIAN_POINT('',(-111.0043344593,0.,-60.56450581221));
#384 = CARTESIAN_POINT('',(-111.4285395446,0.,-60.03218152759));
#385 = CARTESIAN_POINT('',(-111.8408951341,0.,-59.49053277721));
#386 = CARTESIAN_POINT('',(-112.2413475129,0.,-58.94003884607));
#387 = CARTESIAN_POINT('',(-112.6298852194,0.,-58.38117612604));
#388 = CARTESIAN_POINT('',(-113.6670924698,0.,-56.82042266627));
#389 = CARTESIAN_POINT('',(-114.2910759013,0.,-55.80213267348));
#390 = CARTESIAN_POINT('',(-114.8786166952,0.,-54.76205109296));
#391 = CARTESIAN_POINT('',(-115.4301943698,0.,-53.7025746139));
#392 = CARTESIAN_POINT('',(-115.9464997528,0.,-52.62591446024));
#393 = CARTESIAN_POINT('',(-116.7307621796,0.,-50.84882577659));
#394 = CARTESIAN_POINT('',(-117.0195989836,0.,-50.15761088138));
#395 = CARTESIAN_POINT('',(-117.2950731074,0.,-49.46089862929));
#396 = CARTESIAN_POINT('',(-117.5574068864,0.,-48.75914769165));
#397 = CARTESIAN_POINT('',(-117.806834395,0.,-48.05278418192));
#398 = CARTESIAN_POINT('',(-118.282789036,0.,-46.62431444083));
#399 = CARTESIAN_POINT('',(-118.5090539139,0.,-45.90212307875));
#400 = CARTESIAN_POINT('',(-118.7226380477,0.,-45.17602843712));
#401 = CARTESIAN_POINT('',(-118.9237931129,0.,-44.44640467084));
#402 = CARTESIAN_POINT('',(-119.112771307,0.,-43.71359597602));
#403 = CARTESIAN_POINT('',(-119.4687768172,0.,-42.23432380907));
#404 = CARTESIAN_POINT('',(-119.6355457115,0.,-41.48780039713));
#405 = CARTESIAN_POINT('',(-119.7903865038,0.,-40.73866903175));
#406 = CARTESIAN_POINT('',(-119.9335524124,0.,-39.98722857576));
#407 = CARTESIAN_POINT('',(-120.0652906484,0.,-39.23375283551));
#408 = CARTESIAN_POINT('',(-120.3076121585,0.,-37.71557854189));
#409 = CARTESIAN_POINT('',(-120.417967289,0.,-36.95084555875));
#410 = CARTESIAN_POINT('',(-120.5171537126,0.,-36.18454769988));
#411 = CARTESIAN_POINT('',(-120.6054097026,0.,-35.41692158234));
#412 = CARTESIAN_POINT('',(-120.682964432,0.,-34.64818405852));
#413 = CARTESIAN_POINT('',(-120.8171526541,0.,-33.1084083237));
#414 = CARTESIAN_POINT('',(-120.8737731253,0.,-32.33737054536));
#415 = CARTESIAN_POINT('',(-120.9201195233,0.,-31.56561662876));
#416 = CARTESIAN_POINT('',(-120.9564023282,0.,-30.79332975292));
#417 = CARTESIAN_POINT('',(-120.9828223643,0.,-30.02067852818));
#418 = CARTESIAN_POINT('',(-121.01643586,0.,-28.46957381188));
#419 = CARTESIAN_POINT('',(-121.0234942753,0.,-27.69111860915));
#420 = CARTESIAN_POINT('',(-121.0209410757,0.,-26.91260898017));
#421 = CARTESIAN_POINT('',(-121.0089620246,0.,-26.13419168257));
#422 = CARTESIAN_POINT('',(-120.987733619,0.,-25.3560026394));
#423 = CARTESIAN_POINT('',(-120.926960614,0.,-23.7964319606));
#424 = CARTESIAN_POINT('',(-120.8873249806,0.,-23.01505481143));
#425 = CARTESIAN_POINT('',(-120.8386858922,0.,-22.23416275613));
#426 = CARTESIAN_POINT('',(-120.7812048179,0.,-21.45387511993));
#427 = CARTESIAN_POINT('',(-120.7150349927,0.,-20.67430328882));
#428 = CARTESIAN_POINT('',(-120.5656877535,0.,-19.11763105573));
#429 = CARTESIAN_POINT('',(-120.4825289049,0.,-18.34052957892));
#430 = CARTESIAN_POINT('',(-120.3909894117,0.,-17.56434963581));
#431 = CARTESIAN_POINT('',(-120.2912070071,0.,-16.78918888048));
#432 = CARTESIAN_POINT('',(-120.1833126173,0.,-16.01513926448));
#433 = CARTESIAN_POINT('',(-119.9329603535,0.,-14.34546771509));
#434 = CARTESIAN_POINT('',(-119.7877349367,0.,-13.45026147322));
#435 = CARTESIAN_POINT('',(-119.6319478725,0.,-12.55680318632));
#436 = CARTESIAN_POINT('',(-119.4657833059,0.,-11.66522028362));
#437 = CARTESIAN_POINT('',(-119.2894157651,0.,-10.77563274838));
#438 = CARTESIAN_POINT('',(-118.91681779,0.,-9.001688682058));
#439 = CARTESIAN_POINT('',(-118.7206109095,0.,-8.117327953802));
#440 = CARTESIAN_POINT('',(-118.5145539502,0.,-7.235183449214));
#441 = CARTESIAN_POINT('',(-118.2988045298,0.,-6.355362161734));
#442 = CARTESIAN_POINT('',(-118.0735134548,0.,-5.47796556216));
#443 = CARTESIAN_POINT('',(-117.6048936108,0.,-3.731037923667));
#444 = CARTESIAN_POINT('',(-117.3616259643,0.,-2.861490971306));
#445 = CARTESIAN_POINT('',(-117.1091644698,0.,-1.994544058065));
#446 = CARTESIAN_POINT('',(-116.8476476126,0.,-1.130287952363));
#447 = CARTESIAN_POINT('',(-116.5772096739,0.,-0.268808874548));
#448 = CARTESIAN_POINT('',(-116.0201318174,0.,1.4441883292));
#449 = CARTESIAN_POINT('',(-115.7335790621,0.,2.29573453271));
#450 = CARTESIAN_POINT('',(-115.4384507044,0.,3.144369400956));
#451 = CARTESIAN_POINT('',(-115.134873132,0.,3.990016548026));
#452 = CARTESIAN_POINT('',(-114.8229708804,0.,4.832603914776));
#453 = CARTESIAN_POINT('',(-114.1847608736,0.,6.506282671855));
#454 = CARTESIAN_POINT('',(-113.8585556285,0.,7.337413059623));
#455 = CARTESIAN_POINT('',(-113.5243713796,0.,8.165388253439));
#456 = CARTESIAN_POINT('',(-113.1823288211,0.,8.990146274276));
#457 = CARTESIAN_POINT('',(-112.8325488588,0.,9.811629842777));
#458 = CARTESIAN_POINT('',(-112.1202954971,0.,11.442130292795));
#459 = CARTESIAN_POINT('',(-111.7579302794,0.,12.25119448476));
#460 = CARTESIAN_POINT('',(-111.3881755995,0.,13.05692731809));
#461 = CARTESIAN_POINT('',(-111.0111520582,0.,13.85928267697));
#462 = CARTESIAN_POINT('',(-110.6269822156,0.,14.658219966841));
#463 = CARTESIAN_POINT('',(-109.8475377239,0.,16.243212327273));
#464 = CARTESIAN_POINT('',(-109.4523684499,0.,17.029319385222));
#465 = CARTESIAN_POINT('',(-109.0504045972,0.,17.81199087223));
#466 = CARTESIAN_POINT('',(-108.6417713536,0.,18.59119901269));
#467 = CARTESIAN_POINT('',(-108.2265972668,0.,19.366922671398));
#468 = CARTESIAN_POINT('',(-107.3880454842,0.,20.902919968652));
#469 = CARTESIAN_POINT('',(-106.9648075044,0.,21.663270126379));
#470 = CARTESIAN_POINT('',(-106.5354280292,0.,22.420183732827));
#471 = CARTESIAN_POINT('',(-106.1000391084,0.,23.173654469802));
#472 = CARTESIAN_POINT('',(-105.6587771162,0.,23.923683794817));
#473 = CARTESIAN_POINT('',(-104.6241852676,0.,25.651721961041));
#474 = CARTESIAN_POINT('',(-104.0266818509,0.,26.627232747868));
#475 = CARTESIAN_POINT('',(-103.4195932419,0.,27.596834279011));
#476 = CARTESIAN_POINT('',(-102.8032537542,0.,28.560574412236));
#477 = CARTESIAN_POINT('',(-102.1780131884,0.,29.518529090756));
#478 = CARTESIAN_POINT('',(-100.9168134543,0.,31.413538120609));
#479 = CARTESIAN_POINT('',(-100.2810241077,0.,32.350706472874));
#480 = CARTESIAN_POINT('',(-99.6372263301,0.,33.282410501981));
#481 = CARTESIAN_POINT('',(-98.98579167464,0.,34.208783019549));
#482 = CARTESIAN_POINT('',(-98.32710762346,0.,35.12998775197));
#483 = CARTESIAN_POINT('',(-96.99911228261,0.,36.958231729743));
#484 = CARTESIAN_POINT('',(-96.3298637009,0.,37.865316846677));
#485 = CARTESIAN_POINT('',(-95.6542300939,0.,38.767667595967));
#486 = CARTESIAN_POINT('',(-94.97262454845,0.,39.665507907811));
#487 = CARTESIAN_POINT('',(-94.28547498645,0.,40.559092737851));
#488 = CARTESIAN_POINT('',(-92.76635829025,0.,42.511317939946));
#489 = CARTESIAN_POINT('',(-91.93221478988,0.,43.568263308978));
#490 = CARTESIAN_POINT('',(-91.09154539338,0.,44.620032006211));
#491 = CARTESIAN_POINT('',(-90.24513299778,0.,45.667170979154));
#492 = CARTESIAN_POINT('',(-89.39378469506,0.,46.710280657439));
#493 = CARTESIAN_POINT('',(-87.83820961811,0.,48.600931524909));
#494 = CARTESIAN_POINT('',(-87.13534163,0.,49.449587729079));
#495 = CARTESIAN_POINT('',(-86.43017226708,0.,50.296333048038));
#496 = CARTESIAN_POINT('',(-85.72316368737,0.,51.141539979255));
#497 = CARTESIAN_POINT('',(-85.0147843384,0.,51.985594694547));
#498 = CARTESIAN_POINT('',(-84.0800548589,0.,53.096941834973));
#499 = CARTESIAN_POINT('',(-83.85451427574,0.,53.364913869638));
#500 = CARTESIAN_POINT('',(-83.62889791747,0.,53.632822120388));
#501 = CARTESIAN_POINT('',(-83.40322095649,0.,53.900679321709));
#502 = CARTESIAN_POINT('',(-83.17749859107,0.,54.168498259293));
#503 = CARTESIAN_POINT('',(-82.72113401413,0.,54.709849728263));
#504 = CARTESIAN_POINT('',(-82.490490486,0.,54.983381140838));
#505 = CARTESIAN_POINT('',(-82.2598316904,0.,55.256899692728));
#506 = CARTESIAN_POINT('',(-82.02917386052,0.,55.530419071552));
#507 = CARTESIAN_POINT('',(-81.79853323327,0.,55.80395296759));
#508 = CARTESIAN_POINT('',(-81.32428992473,0.,56.366533005669));
#509 = CARTESIAN_POINT('',(-81.08069112444,0.,56.655582409413));
#510 = CARTESIAN_POINT('',(-80.83714880224,0.,56.944679435606));
#511 = CARTESIAN_POINT('',(-80.59368208166,0.,57.233840166591));
#512 = CARTESIAN_POINT('',(-80.35031005592,0.,57.523080616455));
#513 = CARTESIAN_POINT('',(-79.34942304551,0.,58.713555090987));
#514 = CARTESIAN_POINT('',(-78.59289850779,0.,59.6156204165));
#515 = CARTESIAN_POINT('',(-77.83805204243,0.,60.519095797934));
#516 = CARTESIAN_POINT('',(-77.08545566236,0.,61.424451165958));
#517 = CARTESIAN_POINT('',(-76.33567050752,0.,62.332135775259));
#518 = CARTESIAN_POINT('',(-74.86123852159,0.,64.130522141714));
#519 = CARTESIAN_POINT('',(-74.13642905865,0.,65.021088580035));
#520 = CARTESIAN_POINT('',(-73.4153125743,0.,65.914659759421));
#521 = CARTESIAN_POINT('',(-72.69837693826,0.,66.811595908775));
#522 = CARTESIAN_POINT('',(-71.98608780051,0.,67.712222138739));
#523 = CARTESIAN_POINT('',(-70.58555188248,0.,69.503673990461));
#524 = CARTESIAN_POINT('',(-69.89710749737,0.,70.394345261486));
#525 = CARTESIAN_POINT('',(-69.21396099432,0.,71.289103917301));
#526 = CARTESIAN_POINT('',(-68.53649739395,0.,72.188179861365));
#527 = CARTESIAN_POINT('',(-67.86507063635,0.,73.091762900788));
#528 = CARTESIAN_POINT('',(-67.19999999109,0.,74.));
#529 = PCURVE('',#52,#530);
#530 = DEFINITIONAL_REPRESENTATION('',(#531),#714);
#531 = B_SPLINE_CURVE_WITH_KNOTS('',6,(#532,#533,#534,#535,#536,#537,
    #538,#539,#540,#541,#542,#543,#544,#545,#546,#547,#548,#549,#550,
    #551,#552,#553,#554,#555,#556,#557,#558,#559,#560,#561,#562,#563,
    #564,#565,#566,#567,#568,#569,#570,#571,#572,#573,#574,#575,#576,
    #577,#578,#579,#580,#581,#582,#583,#584,#585,#586,#587,#588,#589,
    #590,#591,#592,#593,#594,#595,#596,#597,#598,#599,#600,#601,#602,
    #603,#604,#605,#606,#607,#608,#609,#610,#611,#612,#613,#614,#615,
    #616,#617,#618,#619,#620,#621,#622,#623,#624,#625,#626,#627,#628,
    #629,#630,#631,#632,#633,#634,#635,#636,#637,#638,#639,#640,#641,
    #642,#643,#644,#645,#646,#647,#648,#649,#650,#651,#652,#653,#654,
    #655,#656,#657,#658,#659,#660,#661,#662,#663,#664,#665,#666,#667,
    #668,#669,#670,#671,#672,#673,#674,#675,#676,#677,#678,#679,#680,
    #681,#682,#683,#684,#685,#686,#687,#688,#689,#690,#691,#692,#693,
    #694,#695,#696,#697,#698,#699,#700,#701,#702,#703,#704,#705,#706,
    #707,#708,#709,#710,#711,#712,#713),.UNSPECIFIED.,.F.,.F.,(7,5,5,5,5
    ,5,5,5,5,5,5,5,5,5,5,5,5,5,5,5,5,5,5,5,5,5,5,5,5,5,5,5,5,5,5,5,7),(
    0.,3.099522011029E-02,5.940251790788E-02,8.897148698804E-02,
    0.118860803787,0.147187245052,0.169594629941,0.191638571341,
    0.213156115766,0.250893552305,0.274576780219,0.298503314459,
    0.322687154371,0.34711592368,0.371559675871,0.396173636788,
    0.420910987111,0.445621879266,0.474296449575,0.502938218826,
    0.531487526262,0.559895734719,0.588126583855,0.616156865894,
    0.643976575372,0.671491795684,0.707661992719,0.743469836728,
    0.779112787466,0.821686864261,0.856529827287,0.867604912212,
    0.878918396287,0.890871074293,0.928097732535,0.964405067438,1.),
  .UNSPECIFIED.);
#532 = CARTESIAN_POINT('',(0.5,0.));
#533 = CARTESIAN_POINT('',(0.5,3.732924929012E-03));
#534 = CARTESIAN_POINT('',(0.5,7.53042809363E-03));
#535 = CARTESIAN_POINT('',(0.5,1.139431901383E-02));
#536 = CARTESIAN_POINT('',(0.5,1.532626181182E-02));
#537 = CARTESIAN_POINT('',(0.5,1.932773645518E-02));
#538 = CARTESIAN_POINT('',(0.5,2.713225299954E-02));
#539 = CARTESIAN_POINT('',(0.5,3.09239420782E-02));
#540 = CARTESIAN_POINT('',(0.5,3.477601209858E-02));
#541 = CARTESIAN_POINT('',(0.5,3.868916874953E-02));
#542 = CARTESIAN_POINT('',(0.5,4.266381707452E-02));
#543 = CARTESIAN_POINT('',(0.5,5.090123620964E-02));
#544 = CARTESIAN_POINT('',(0.5,5.516914292022E-02));
#545 = CARTESIAN_POINT('',(0.5,5.950371729846E-02));
#546 = CARTESIAN_POINT('',(0.5,6.390450864068E-02));
#547 = CARTESIAN_POINT('',(0.5,6.837050169773E-02));
#548 = CARTESIAN_POINT('',(0.5,7.747857050509E-02));
#549 = CARTESIAN_POINT('',(0.5,8.212208953826E-02));
#550 = CARTESIAN_POINT('',(0.5,8.682870968955E-02));
#551 = CARTESIAN_POINT('',(0.5,9.159605470023E-02));
#552 = CARTESIAN_POINT('',(0.5,9.642109112598E-02));
#553 = CARTESIAN_POINT('',(0.5,0.105923796743));
#554 = CARTESIAN_POINT('',(0.5,0.110596090994));
#555 = CARTESIAN_POINT('',(0.5,0.115313583027));
#556 = CARTESIAN_POINT('',(0.5,0.120072717085));
#557 = CARTESIAN_POINT('',(0.5,0.124869613364));
#558 = CARTESIAN_POINT('',(0.5,0.133521035318));
#559 = CARTESIAN_POINT('',(0.5,0.137363091386));
#560 = CARTESIAN_POINT('',(0.5,0.141224083176));
#561 = CARTESIAN_POINT('',(0.5,0.145101942975));
#562 = CARTESIAN_POINT('',(0.5,0.148994606665));
#563 = CARTESIAN_POINT('',(0.5,0.156742048604));
#564 = CARTESIAN_POINT('',(0.5,0.160596452585));
#565 = CARTESIAN_POINT('',(0.5,0.164461251825));
#566 = CARTESIAN_POINT('',(0.5,0.168334596007));
#567 = CARTESIAN_POINT('',(0.5,0.17221473346));
#568 = CARTESIAN_POINT('',(0.5,0.179892488551));
#569 = CARTESIAN_POINT('',(0.5,0.183689884044));
#570 = CARTESIAN_POINT('',(0.5,0.187490655308));
#571 = CARTESIAN_POINT('',(0.5,0.191293414329));
#572 = CARTESIAN_POINT('',(0.5,0.195096906354));
#573 = CARTESIAN_POINT('',(0.5,0.205569859827));
#574 = CARTESIAN_POINT('',(0.5,0.21223848132));
#575 = CARTESIAN_POINT('',(0.5,0.218899863354));
#576 = CARTESIAN_POINT('',(0.5,0.225549376625));
#577 = CARTESIAN_POINT('',(0.5,0.232183542821));
#578 = CARTESIAN_POINT('',(0.5,0.242952350496));
#579 = CARTESIAN_POINT('',(0.5,0.247097724186));
#580 = CARTESIAN_POINT('',(0.5,0.251235546415));
#581 = CARTESIAN_POINT('',(0.5,0.255365380784));
#582 = CARTESIAN_POINT('',(0.5,0.259486923879));
#583 = CARTESIAN_POINT('',(0.5,0.267755331232));
#584 = CARTESIAN_POINT('',(0.5,0.271902008856));
#585 = CARTESIAN_POINT('',(0.5,0.276039855013));
#586 = CARTESIAN_POINT('',(0.5,0.280168783626));
#587 = CARTESIAN_POINT('',(0.5,0.284288799929));
#588 = CARTESIAN_POINT('',(0.5,0.292555411869));
#589 = CARTESIAN_POINT('',(0.5,0.29670180488));
#590 = CARTESIAN_POINT('',(0.5,0.300839278464));
#591 = CARTESIAN_POINT('',(0.5,0.30496798574));
#592 = CARTESIAN_POINT('',(0.5,0.309088136468));
#593 = CARTESIAN_POINT('',(0.5,0.317353507715));
#594 = CARTESIAN_POINT('',(0.5,0.321498549875));
#595 = CARTESIAN_POINT('',(0.5,0.325635400062));
#596 = CARTESIAN_POINT('',(0.5,0.329764362882));
#597 = CARTESIAN_POINT('',(0.5,0.333885773974));
#598 = CARTESIAN_POINT('',(0.5,0.342116749402));
#599 = CARTESIAN_POINT('',(0.5,0.346226298619));
#600 = CARTESIAN_POINT('',(0.5,0.350329013023));
#601 = CARTESIAN_POINT('',(0.5,0.354425271248));
#602 = CARTESIAN_POINT('',(0.5,0.358515465188));
#603 = CARTESIAN_POINT('',(0.5,0.366712976577));
#604 = CARTESIAN_POINT('',(0.5,0.370820210554));
#605 = CARTESIAN_POINT('',(0.5,0.374922114107));
#606 = CARTESIAN_POINT('',(0.5,0.379019101811));
#607 = CARTESIAN_POINT('',(0.5,0.383111590648));
#608 = CARTESIAN_POINT('',(0.5,0.391308904485));
#609 = CARTESIAN_POINT('',(0.5,0.395413685451));
#610 = CARTESIAN_POINT('',(0.5,0.399514767509));
#611 = CARTESIAN_POINT('',(0.5,0.403612570848));
#612 = CARTESIAN_POINT('',(0.5,0.407707511232));
#613 = CARTESIAN_POINT('',(0.5,0.415888111591));
#614 = CARTESIAN_POINT('',(0.5,0.419973774746));
#615 = CARTESIAN_POINT('',(0.5,0.424057398708));
#616 = CARTESIAN_POINT('',(0.5,0.428139384195));
#617 = CARTESIAN_POINT('',(0.5,0.432220123402));
#618 = CARTESIAN_POINT('',(0.5,0.441034297233));
#619 = CARTESIAN_POINT('',(0.5,0.445767430686));
#620 = CARTESIAN_POINT('',(0.5,0.450499999366));
#621 = CARTESIAN_POINT('',(0.5,0.455232581825));
#622 = CARTESIAN_POINT('',(0.5,0.459965736156));
#623 = CARTESIAN_POINT('',(0.5,0.469428848283));
#624 = CARTESIAN_POINT('',(0.5,0.474158801485));
#625 = CARTESIAN_POINT('',(0.5,0.478890394555));
#626 = CARTESIAN_POINT('',(0.5,0.483624138278));
#627 = CARTESIAN_POINT('',(0.5,0.488360519275));
#628 = CARTESIAN_POINT('',(0.5,0.497824180658));
#629 = CARTESIAN_POINT('',(0.5,0.502551439598));
#630 = CARTESIAN_POINT('',(0.5,0.507282234209));
#631 = CARTESIAN_POINT('',(0.5,0.512016994818));
#632 = CARTESIAN_POINT('',(0.5,0.516756124684));
#633 = CARTESIAN_POINT('',(0.5,0.526220429705));
#634 = CARTESIAN_POINT('',(0.5,0.530945556988));
#635 = CARTESIAN_POINT('',(0.5,0.535675752011));
#636 = CARTESIAN_POINT('',(0.5,0.54041135526));
#637 = CARTESIAN_POINT('',(0.5,0.545152677545));
#638 = CARTESIAN_POINT('',(0.5,0.554617683772));
#639 = CARTESIAN_POINT('',(0.5,0.559341292232));
#640 = CARTESIAN_POINT('',(0.5,0.564071100836));
#641 = CARTESIAN_POINT('',(0.5,0.568807352903));
#642 = CARTESIAN_POINT('',(0.5,0.573550259612));
#643 = CARTESIAN_POINT('',(0.5,0.583015995684));
#644 = CARTESIAN_POINT('',(0.5,0.587738727742));
#645 = CARTESIAN_POINT('',(0.5,0.592468370976));
#646 = CARTESIAN_POINT('',(0.5,0.597205065805));
#647 = CARTESIAN_POINT('',(0.5,0.601948918262));
#648 = CARTESIAN_POINT('',(0.5,0.611415390072));
#649 = CARTESIAN_POINT('',(0.5,0.616137900897));
#650 = CARTESIAN_POINT('',(0.5,0.620867602066));
#651 = CARTESIAN_POINT('',(0.5,0.625604526934));
#652 = CARTESIAN_POINT('',(0.5,0.630348672618));
#653 = CARTESIAN_POINT('',(0.5,0.639799323686));
#654 = CARTESIAN_POINT('',(0.5,0.644505672623));
#655 = CARTESIAN_POINT('',(0.5,0.649219008517));
#656 = CARTESIAN_POINT('',(0.5,0.653939256076));
#657 = CARTESIAN_POINT('',(0.5,0.658666303003));
#658 = CARTESIAN_POINT('',(0.5,0.669622692427));
#659 = CARTESIAN_POINT('',(0.5,0.675856879162));
#660 = CARTESIAN_POINT('',(0.5,0.682102213828));
#661 = CARTESIAN_POINT('',(0.5,0.688358245101));
#662 = CARTESIAN_POINT('',(0.5,0.694624405473));
#663 = CARTESIAN_POINT('',(0.5,0.707112725623));
#664 = CARTESIAN_POINT('',(0.5,0.713334700421));
#665 = CARTESIAN_POINT('',(0.5,0.719565255537));
#666 = CARTESIAN_POINT('',(0.5,0.725803607832));
#667 = CARTESIAN_POINT('',(0.5,0.732048859887));
#668 = CARTESIAN_POINT('',(0.5,0.744522353936));
#669 = CARTESIAN_POINT('',(0.5,0.750750542318));
#670 = CARTESIAN_POINT('',(0.5,0.756983566772));
#671 = CARTESIAN_POINT('',(0.5,0.763220317401));
#672 = CARTESIAN_POINT('',(0.5,0.769459572789));
#673 = CARTESIAN_POINT('',(0.5,0.783153940311));
#674 = CARTESIAN_POINT('',(0.5,0.790609546146));
#675 = CARTESIAN_POINT('',(0.5,0.798064562718));
#676 = CARTESIAN_POINT('',(0.5,0.805516487175));
#677 = CARTESIAN_POINT('',(0.5,0.812962600598));
#678 = CARTESIAN_POINT('',(0.5,0.826486826817));
#679 = CARTESIAN_POINT('',(0.5,0.832567807335));
#680 = CARTESIAN_POINT('',(0.5,0.838641353043));
#681 = CARTESIAN_POINT('',(0.5,0.844705766065));
#682 = CARTESIAN_POINT('',(0.5,0.850759263205));
#683 = CARTESIAN_POINT('',(0.5,0.858720091382));
#684 = CARTESIAN_POINT('',(0.5,0.860638893056));
#685 = CARTESIAN_POINT('',(0.5,0.862556345444));
#686 = CARTESIAN_POINT('',(0.5,0.864472388225));
#687 = CARTESIAN_POINT('',(0.5,0.866386960343));
#688 = CARTESIAN_POINT('',(0.5,0.870254219208));
#689 = CARTESIAN_POINT('',(0.5,0.872206839278));
#690 = CARTESIAN_POINT('',(0.5,0.87415779433));
#691 = CARTESIAN_POINT('',(0.5,0.876107017778));
#692 = CARTESIAN_POINT('',(0.5,0.878054442333));
#693 = CARTESIAN_POINT('',(0.5,0.882055478593));
#694 = CARTESIAN_POINT('',(0.5,0.884108873399));
#695 = CARTESIAN_POINT('',(0.5,0.886160104222));
#696 = CARTESIAN_POINT('',(0.5,0.888209090144));
#697 = CARTESIAN_POINT('',(0.5,0.890255749525));
#698 = CARTESIAN_POINT('',(0.5,0.89866682539));
#699 = CARTESIAN_POINT('',(0.5,0.905010277697));
#700 = CARTESIAN_POINT('',(0.5,0.911327884773));
#701 = CARTESIAN_POINT('',(0.5,0.917617090906));
#702 = CARTESIAN_POINT('',(0.5,0.923875313541));
#703 = CARTESIAN_POINT('',(0.5,0.936170965986));
#704 = CARTESIAN_POINT('',(0.5,0.942210024115));
#705 = CARTESIAN_POINT('',(0.5,0.94821479862));
#706 = CARTESIAN_POINT('',(0.5,0.954182917319));
#707 = CARTESIAN_POINT('',(0.5,0.960112058867));
#708 = CARTESIAN_POINT('',(0.5,0.971772411226));
#709 = CARTESIAN_POINT('',(0.5,0.977505223738));
#710 = CARTESIAN_POINT('',(0.5,0.983196333567));
#711 = CARTESIAN_POINT('',(0.5,0.988843731583));
#712 = CARTESIAN_POINT('',(0.5,0.994445531853));
#713 = CARTESIAN_POINT('',(0.5,1.));
#714 = ( GEOMETRIC_REPRESENTATION_CONTEXT(2) 
PARAMETRIC_REPRESENTATION_CONTEXT() REPRESENTATION_CONTEXT('2D SPACE',''
  ) );
#715 = PCURVE('',#716,#721);
#716 = PLANE('',#717);
#717 = AXIS2_PLACEMENT_3D('',#718,#719,#720);
#718 = CARTESIAN_POINT('',(-240.,0.,-88.8));
#719 = DIRECTION('',(0.,1.,0.));
#720 = DIRECTION('',(0.,0.,1.));
#721 = DEFINITIONAL_REPRESENTATION('',(#722),#905);
#722 = B_SPLINE_CURVE_WITH_KNOTS('',6,(#723,#724,#725,#726,#727,#728,
    #729,#730,#731,#732,#733,#734,#735,#736,#737,#738,#739,#740,#741,
    #742,#743,#744,#745,#746,#747,#748,#749,#750,#751,#752,#753,#754,
    #755,#756,#757,#758,#759,#760,#761,#762,#763,#764,#765,#766,#767,
    #768,#769,#770,#771,#772,#773,#774,#775,#776,#777,#778,#779,#780,
    #781,#782,#783,#784,#785,#786,#787,#788,#789,#790,#791,#792,#793,
    #794,#795,#796,#797,#798,#799,#800,#801,#802,#803,#804,#805,#806,
    #807,#808,#809,#810,#811,#812,#813,#814,#815,#816,#817,#818,#819,
    #820,#821,#822,#823,#824,#825,#826,#827,#828,#829,#830,#831,#832,
    #833,#834,#835,#836,#837,#838,#839,#840,#841,#842,#843,#844,#845,
    #846,#847,#848,#849,#850,#851,#852,#853,#854,#855,#856,#857,#858,
    #859,#860,#861,#862,#863,#864,#865,#866,#867,#868,#869,#870,#871,
    #872,#873,#874,#875,#876,#877,#878,#879,#880,#881,#882,#883,#884,
    #885,#886,#887,#888,#889,#890,#891,#892,#893,#894,#895,#896,#897,
    #898,#899,#900,#901,#902,#903,#904),.UNSPECIFIED.,.F.,.F.,(7,5,5,5,5
    ,5,5,5,5,5,5,5,5,5,5,5,5,5,5,5,5,5,5,5,5,5,5,5,5,5,5,5,5,5,5,5,7),(
    0.,3.099522011029E-02,5.940251790788E-02,8.897148698804E-02,
    0.118860803787,0.147187245052,0.169594629941,0.191638571341,
    0.213156115766,0.250893552305,0.274576780219,0.298503314459,
    0.322687154371,0.34711592368,0.371559675871,0.396173636788,
    0.420910987111,0.445621879266,0.474296449575,0.502938218826,
    0.531487526262,0.559895734719,0.588126583855,0.616156865894,
    0.643976575372,0.671491795684,0.707661992719,0.743469836728,
    0.779112787466,0.821686864261,0.856529827287,0.867604912212,
    0.878918396287,0.890871074293,0.928097732535,0.964405067438,1.),
  .UNSPECIFIED.);
#723 = CARTESIAN_POINT('',(14.8,162.00000001033));
#724 = CARTESIAN_POINT('',(14.760297430199,161.02056211022));
#725 = CARTESIAN_POINT('',(14.739865228918,160.04034772371));
#726 = CARTESIAN_POINT('',(14.739566397538,159.05978641169));
#727 = CARTESIAN_POINT('',(14.760302781158,158.07940580744));
#728 = CARTESIAN_POINT('',(14.802996388364,157.0998312944));
#729 = CARTESIAN_POINT('',(14.928669955484,155.22540124754));
#730 = CARTESIAN_POINT('',(15.007988232864,154.33030721983));
#731 = CARTESIAN_POINT('',(15.107234564436,153.43706400294));
#732 = CARTESIAN_POINT('',(15.227117684137,152.54632079345));
#733 = CARTESIAN_POINT('',(15.368321259458,151.65881237267));
#734 = CARTESIAN_POINT('',(15.701309046269,149.85577187287));
#735 = CARTESIAN_POINT('',(15.894925603454,148.94057802554));
#736 = CARTESIAN_POINT('',(16.113039928594,148.03070494633));
#737 = CARTESIAN_POINT('',(16.356302684375,147.12718484527));
#738 = CARTESIAN_POINT('',(16.625259156166,146.23113979531));
#739 = CARTESIAN_POINT('',(17.218546052062,144.44678646841));
#740 = CARTESIAN_POINT('',(17.543448636308,143.5586554477));
#741 = CARTESIAN_POINT('',(17.895413749572,142.68063359479));
#742 = CARTESIAN_POINT('',(18.274693875456,141.8140201025));
#743 = CARTESIAN_POINT('',(18.681347179757,140.96013746716));
#744 = CARTESIAN_POINT('',(19.526352289496,139.32440051546));
#745 = CARTESIAN_POINT('',(19.961944632845,138.54109518329));
#746 = CARTESIAN_POINT('',(20.421812350594,137.77153440495));
#747 = CARTESIAN_POINT('',(20.905636483284,137.01679145132));
#748 = CARTESIAN_POINT('',(21.412924381542,136.27786741934));
#749 = CARTESIAN_POINT('',(22.362308028605,134.98440692756));
#750 = CARTESIAN_POINT('',(22.795883235133,134.42359561764));
#751 = CARTESIAN_POINT('',(23.243391939164,133.87370239635));
#752 = CARTESIAN_POINT('',(23.704449471453,133.33512342317));
#753 = CARTESIAN_POINT('',(24.178622035925,132.80820185225));
#754 = CARTESIAN_POINT('',(25.144343271448,131.78661304367));
#755 = CARTESIAN_POINT('',(25.635489783779,131.29155661862));
#756 = CARTESIAN_POINT('',(26.138416137288,130.80833955422));
#757 = CARTESIAN_POINT('',(26.652641374277,130.3371776818));
#758 = CARTESIAN_POINT('',(27.177664385891,129.87823209956));
#759 = CARTESIAN_POINT('',(28.235494187783,128.99566554066));
#760 = CARTESIAN_POINT('',(28.767818472401,128.57146045538));
#761 = CARTESIAN_POINT('',(29.309467222781,128.15910486587));
#762 = CARTESIAN_POINT('',(29.859961153927,127.75865248707));
#763 = CARTESIAN_POINT('',(30.418823873954,127.37011478058));
#764 = CARTESIAN_POINT('',(31.979577333725,126.33290753011));
#765 = CARTESIAN_POINT('',(32.997867326512,125.7089240986));
#766 = CARTESIAN_POINT('',(34.037948907033,125.1213833047));
#767 = CARTESIAN_POINT('',(35.097425386098,124.56980563014));
#768 = CARTESIAN_POINT('',(36.174085539759,124.05350024719));
#769 = CARTESIAN_POINT('',(37.951174223409,123.26923782033));
#770 = CARTESIAN_POINT('',(38.642389118618,122.98040101639));
#771 = CARTESIAN_POINT('',(39.339101370706,122.70492689251));
#772 = CARTESIAN_POINT('',(40.040852308342,122.44259311351));
#773 = CARTESIAN_POINT('',(40.747215818074,122.19316560491));
#774 = CARTESIAN_POINT('',(42.175685559166,121.71721096396));
#775 = CARTESIAN_POINT('',(42.897876921245,121.49094608606));
#776 = CARTESIAN_POINT('',(43.623971562875,121.27736195221));
#777 = CARTESIAN_POINT('',(44.353595329155,121.07620688703));
#778 = CARTESIAN_POINT('',(45.086404023971,120.88722869295));
#779 = CARTESIAN_POINT('',(46.565676190928,120.53122318271));
#780 = CARTESIAN_POINT('',(47.312199602869,120.3644542884));
#781 = CARTESIAN_POINT('',(48.06133096825,120.20961349619));
#782 = CARTESIAN_POINT('',(48.812771424231,120.06644758753));
#783 = CARTESIAN_POINT('',(49.566247164485,119.93470935156));
#784 = CARTESIAN_POINT('',(51.084421458108,119.69238784143));
#785 = CARTESIAN_POINT('',(51.849154441246,119.58203271099));
#786 = CARTESIAN_POINT('',(52.615452300116,119.48284628736));
#787 = CARTESIAN_POINT('',(53.383078417655,119.39459029737));
#788 = CARTESIAN_POINT('',(54.151815941473,119.31703556792));
#789 = CARTESIAN_POINT('',(55.691591676291,119.18284734588));
#790 = CARTESIAN_POINT('',(56.462629454637,119.12622687467));
#791 = CARTESIAN_POINT('',(57.234383371233,119.07988047663));
#792 = CARTESIAN_POINT('',(58.006670247075,119.04359767172));
#793 = CARTESIAN_POINT('',(58.779321471819,119.01717763565));
#794 = CARTESIAN_POINT('',(60.330426188114,118.98356413996));
#795 = CARTESIAN_POINT('',(61.108881390848,118.97650572464));
#796 = CARTESIAN_POINT('',(61.887391019821,118.97905892421));
#797 = CARTESIAN_POINT('',(62.665808317425,118.99103797531));
#798 = CARTESIAN_POINT('',(63.443997360597,119.01226638091));
#799 = CARTESIAN_POINT('',(65.003568039399,119.0730393859));
#800 = CARTESIAN_POINT('',(65.784945188565,119.11267501934));
#801 = CARTESIAN_POINT('',(66.565837243863,119.16131410771));
#802 = CARTESIAN_POINT('',(67.346124880065,119.21879518203));
#803 = CARTESIAN_POINT('',(68.125696711171,119.28496500728));
#804 = CARTESIAN_POINT('',(69.682368944267,119.43431224649));
#805 = CARTESIAN_POINT('',(70.459470421071,119.51747109506));
#806 = CARTESIAN_POINT('',(71.235650364182,119.60901058822));
#807 = CARTESIAN_POINT('',(72.010811119511,119.70879299287));
#808 = CARTESIAN_POINT('',(72.784860735517,119.81668738265));
#809 = CARTESIAN_POINT('',(74.454532284902,120.06703964642));
#810 = CARTESIAN_POINT('',(75.349738526778,120.21226506329));
#811 = CARTESIAN_POINT('',(76.243196813673,120.36805212742));
#812 = CARTESIAN_POINT('',(77.134779716375,120.53421669408));
#813 = CARTESIAN_POINT('',(78.02436725162,120.71058423487));
#814 = CARTESIAN_POINT('',(79.798311317942,121.08318220995));
#815 = CARTESIAN_POINT('',(80.682672046198,121.2793890904));
#816 = CARTESIAN_POINT('',(81.564816550786,121.48544604975));
#817 = CARTESIAN_POINT('',(82.444637838266,121.70119547012));
#818 = CARTESIAN_POINT('',(83.32203443784,121.92648654518));
#819 = CARTESIAN_POINT('',(85.068962076333,122.39510638915));
#820 = CARTESIAN_POINT('',(85.938509028694,122.63837403564));
#821 = CARTESIAN_POINT('',(86.805455941935,122.89083553012));
#822 = CARTESIAN_POINT('',(87.669712047637,123.1523523873));
#823 = CARTESIAN_POINT('',(88.531191125452,123.42279032609));
#824 = CARTESIAN_POINT('',(90.2441883292,123.97986818251));
#825 = CARTESIAN_POINT('',(91.09573453271,124.26642093783));
#826 = CARTESIAN_POINT('',(91.944369400956,124.56154929557));
#827 = CARTESIAN_POINT('',(92.790016548026,124.86512686798));
#828 = CARTESIAN_POINT('',(93.632603914776,125.17702911956));
#829 = CARTESIAN_POINT('',(95.306282671855,125.8152391263));
#830 = CARTESIAN_POINT('',(96.137413059623,126.14144437149));
#831 = CARTESIAN_POINT('',(96.965388253439,126.47562862038));
#832 = CARTESIAN_POINT('',(97.790146274276,126.81767117888));
#833 = CARTESIAN_POINT('',(98.611629842777,127.1674511411));
#834 = CARTESIAN_POINT('',(100.24213029279,127.87970450289));
#835 = CARTESIAN_POINT('',(101.05119448476,128.24206972054));
#836 = CARTESIAN_POINT('',(101.85692731809,128.61182440045));
#837 = CARTESIAN_POINT('',(102.65928267697,128.98884794171));
#838 = CARTESIAN_POINT('',(103.45821996684,129.37301778435));
#839 = CARTESIAN_POINT('',(105.04321232727,130.15246227605));
#840 = CARTESIAN_POINT('',(105.82931938522,130.54763155004));
#841 = CARTESIAN_POINT('',(106.61199087223,130.9495954028));
#842 = CARTESIAN_POINT('',(107.39119901269,131.35822864633));
#843 = CARTESIAN_POINT('',(108.16692267139,131.7734027331));
#844 = CARTESIAN_POINT('',(109.70291996865,132.61195451571));
#845 = CARTESIAN_POINT('',(110.46327012637,133.03519249558));
#846 = CARTESIAN_POINT('',(111.22018373282,133.46457197075));
#847 = CARTESIAN_POINT('',(111.9736544698,133.89996089159));
#848 = CARTESIAN_POINT('',(112.72368379481,134.34122288375));
#849 = CARTESIAN_POINT('',(114.45172196104,135.37581473236));
#850 = CARTESIAN_POINT('',(115.42723274786,135.97331814905));
#851 = CARTESIAN_POINT('',(116.39683427901,136.58040675807));
#852 = CARTESIAN_POINT('',(117.36057441223,137.19674624577));
#853 = CARTESIAN_POINT('',(118.31852909075,137.82198681159));
#854 = CARTESIAN_POINT('',(120.2135381206,139.0831865456));
#855 = CARTESIAN_POINT('',(121.15070647287,139.7189758922));
#856 = CARTESIAN_POINT('',(122.08241050198,140.3627736699));
#857 = CARTESIAN_POINT('',(123.00878301954,141.01420832536));
#858 = CARTESIAN_POINT('',(123.92998775197,141.67289237654));
#859 = CARTESIAN_POINT('',(125.75823172974,143.00088771738));
#860 = CARTESIAN_POINT('',(126.66531684667,143.6701362991));
#861 = CARTESIAN_POINT('',(127.56766759596,144.34576990609));
#862 = CARTESIAN_POINT('',(128.46550790781,145.02737545154));
#863 = CARTESIAN_POINT('',(129.35909273785,145.71452501354));
#864 = CARTESIAN_POINT('',(131.31131793994,147.23364170974));
#865 = CARTESIAN_POINT('',(132.36826330897,148.06778521011));
#866 = CARTESIAN_POINT('',(133.42003200621,148.90845460661));
#867 = CARTESIAN_POINT('',(134.46717097915,149.75486700222));
#868 = CARTESIAN_POINT('',(135.51028065743,150.60621530494));
#869 = CARTESIAN_POINT('',(137.4009315249,152.16179038188));
#870 = CARTESIAN_POINT('',(138.24958772907,152.86465836999));
#871 = CARTESIAN_POINT('',(139.09633304803,153.56982773291));
#872 = CARTESIAN_POINT('',(139.94153997925,154.27683631262));
#873 = CARTESIAN_POINT('',(140.78559469454,154.98521566159));
#874 = CARTESIAN_POINT('',(141.89694183497,155.91994514109));
#875 = CARTESIAN_POINT('',(142.16491386963,156.14548572425));
#876 = CARTESIAN_POINT('',(142.43282212038,156.37110208252));
#877 = CARTESIAN_POINT('',(142.7006793217,156.59677904351));
#878 = CARTESIAN_POINT('',(142.96849825929,156.82250140892));
#879 = CARTESIAN_POINT('',(143.50984972826,157.27886598586));
#880 = CARTESIAN_POINT('',(143.78338114083,157.50950951399));
#881 = CARTESIAN_POINT('',(144.05689969272,157.74016830959));
#882 = CARTESIAN_POINT('',(144.33041907155,157.97082613947));
#883 = CARTESIAN_POINT('',(144.60395296759,158.20146676672));
#884 = CARTESIAN_POINT('',(145.16653300566,158.67571007526));
#885 = CARTESIAN_POINT('',(145.45558240941,158.91930887555));
#886 = CARTESIAN_POINT('',(145.7446794356,159.16285119775));
#887 = CARTESIAN_POINT('',(146.03384016659,159.40631791833));
#888 = CARTESIAN_POINT('',(146.32308061645,159.64968994407));
#889 = CARTESIAN_POINT('',(147.51355509098,160.65057695448));
#890 = CARTESIAN_POINT('',(148.4156204165,161.4071014922));
#891 = CARTESIAN_POINT('',(149.31909579793,162.16194795756));
#892 = CARTESIAN_POINT('',(150.22445116595,162.91454433763));
#893 = CARTESIAN_POINT('',(151.13213577525,163.66432949247));
#894 = CARTESIAN_POINT('',(152.93052214171,165.1387614784));
#895 = CARTESIAN_POINT('',(153.82108858003,165.86357094134));
#896 = CARTESIAN_POINT('',(154.71465975942,166.58468742569));
#897 = CARTESIAN_POINT('',(155.61159590877,167.30162306173));
#898 = CARTESIAN_POINT('',(156.51222213873,168.01391219948));
#899 = CARTESIAN_POINT('',(158.30367399046,169.41444811751));
#900 = CARTESIAN_POINT('',(159.19434526148,170.10289250262));
#901 = CARTESIAN_POINT('',(160.0891039173,170.78603900567));
#902 = CARTESIAN_POINT('',(160.98817986136,171.46350260604));
#903 = CARTESIAN_POINT('',(161.89176290078,172.13492936364));
#904 = CARTESIAN_POINT('',(162.8,172.8000000089));
#905 = ( GEOMETRIC_REPRESENTATION_CONTEXT(2) 
PARAMETRIC_REPRESENTATION_CONTEXT() REPRESENTATION_CONTEXT('2D SPACE',''
  ) );
#906 = ORIENTED_EDGE('',*,*,#907,.T.);
#907 = EDGE_CURVE('',#343,#908,#910,.T.);
#908 = VERTEX_POINT('',#909);
#909 = CARTESIAN_POINT('',(-73.01976772296,-5.94201575037,-74.));
#910 = SURFACE_CURVE('',#911,(#970,#1032),.PCURVE_S1.);
#911 = B_SPLINE_CURVE_WITH_KNOTS('',8,(#912,#913,#914,#915,#916,#917,
    #918,#919,#920,#921,#922,#923,#924,#925,#926,#927,#928,#929,#930,
    #931,#932,#933,#934,#935,#936,#937,#938,#939,#940,#941,#942,#943,
    #944,#945,#946,#947,#948,#949,#950,#951,#952,#953,#954,#955,#956,
    #957,#958,#959,#960,#961,#962,#963,#964,#965,#966,#967,#968,#969),
  .UNSPECIFIED.,.F.,.F.,(9,7,7,7,7,7,7,7,9),(0.,0.272783482059,
    0.390946566192,0.45425272235,0.499138049809,0.553647054971,
    0.637466864,0.849683667981,1.),.UNSPECIFIED.);
#912 = CARTESIAN_POINT('',(-73.01976772296,5.942015750369,-74.));
#913 = CARTESIAN_POINT('',(-73.55227172844,5.679492649289,
    -74.00293847153));
#914 = CARTESIAN_POINT('',(-74.07804937963,5.404938109914,
    -74.00576717013));
#915 = CARTESIAN_POINT('',(-74.59676080512,5.11651673676,-74.00848392173
    ));
#916 = CARTESIAN_POINT('',(-75.10705015989,4.812137301116,
    -74.01108152245));
#917 = CARTESIAN_POINT('',(-75.60663874988,4.489588724375,
    -74.01354915481));
#918 = CARTESIAN_POINT('',(-76.09183803064,4.145829012554,
    -74.01587180167));
#919 = CARTESIAN_POINT('',(-76.55783027299,3.77739084749,-74.01803295897
    ));
#920 = CARTESIAN_POINT('',(-77.18653393421,3.203880973084,
    -74.02086315993));
#921 = CARTESIAN_POINT('',(-77.37115637156,3.024836376679,
    -74.02168235993));
#922 = CARTESIAN_POINT('',(-77.54975647841,2.839528729187,
    -74.02246356255));
#923 = CARTESIAN_POINT('',(-77.72140260626,2.647455288092,
    -74.02320377276));
#924 = CARTESIAN_POINT('',(-77.88485006815,2.448171447211,
    -74.02389897289));
#925 = CARTESIAN_POINT('',(-78.0385482644,2.241297229911,-74.0245442603)
  );
#926 = CARTESIAN_POINT('',(-78.18065646811,2.026530705251,
    -74.02513392343));
#927 = CARTESIAN_POINT('',(-78.37786525017,1.684269300642,-74.0259440828
    ));
#928 = CARTESIAN_POINT('',(-78.44270393718,1.562594146894,
    -74.02620876397));
#929 = CARTESIAN_POINT('',(-78.50324873646,1.438644523374,
    -74.02645445096));
#930 = CARTESIAN_POINT('',(-78.55913364533,1.312462722392,
    -74.02667999379));
#931 = CARTESIAN_POINT('',(-78.60997292044,1.184136077924,
    -74.02688417898));
#932 = CARTESIAN_POINT('',(-78.65537789755,1.053803819956,
    -74.02706578397));
#933 = CARTESIAN_POINT('',(-78.69497996371,0.921666376267,
    -74.02722364836));
#934 = CARTESIAN_POINT('',(-78.75219749723,0.693222960758,
    -74.02745114217));
#935 = CARTESIAN_POINT('',(-78.77285925069,0.597672124306,
    -74.02753308636));
#936 = CARTESIAN_POINT('',(-78.79032901457,0.501448078342,
    -74.02760222734));
#937 = CARTESIAN_POINT('',(-78.80450685841,0.404663526872,
    -74.02765824921));
#938 = CARTESIAN_POINT('',(-78.81531226628,0.307440831741,-74.0277008977
    ));
#939 = CARTESIAN_POINT('',(-78.82268755398,0.209912432507,
    -74.02772999066));
#940 = CARTESIAN_POINT('',(-78.82660128637,0.112221266312,
    -74.02774542856));
#941 = CARTESIAN_POINT('',(-78.82759871945,-0.104126360982,
    -74.02774936316));
#942 = CARTESIAN_POINT('',(-78.82303811105,-0.222815257717,
    -74.02773137278));
#943 = CARTESIAN_POINT('',(-78.8133627413,-0.341261718525,
    -74.02769321357));
#944 = CARTESIAN_POINT('',(-78.79863192716,-0.459208523841,
    -74.02763507336));
#945 = CARTESIAN_POINT('',(-78.77896167546,-0.576423674223,
    -74.02755731819));
#946 = CARTESIAN_POINT('',(-78.75451492783,-0.692699046119,
    -74.02746046227));
#947 = CARTESIAN_POINT('',(-78.72549180556,-0.807849047621,
    -74.02734513804));
#948 = CARTESIAN_POINT('',(-78.64080327708,-1.096794965358,
    -74.02700744023));
#949 = CARTESIAN_POINT('',(-78.57919884505,-1.268844588485,
    -74.02676083286));
#950 = CARTESIAN_POINT('',(-78.50811108172,-1.437345375807,
    -74.02647478509));
#951 = CARTESIAN_POINT('',(-78.42844110339,-1.601982379368,
    -74.0261521205));
#952 = CARTESIAN_POINT('',(-78.34109335941,-1.762593220061,
    -74.02579567876));
#953 = CARTESIAN_POINT('',(-78.24690780456,-1.91913498778,
    -74.02540810721));
#954 = CARTESIAN_POINT('',(-78.14661750363,-2.071663292726,
    -74.02499171095));
#955 = CARTESIAN_POINT('',(-77.77300006535,-2.596703986295,
    -74.02342587547));
#956 = CARTESIAN_POINT('',(-77.47095169755,-2.946865120604,
    -74.02213485018));
#957 = CARTESIAN_POINT('',(-77.14394810482,-3.274912341902,
    -74.02070337897));
#958 = CARTESIAN_POINT('',(-76.79826096691,-3.583266834927,
    -74.01915044387));
#959 = CARTESIAN_POINT('',(-76.43867453966,-3.874222786582,
    -74.01749233193));
#960 = CARTESIAN_POINT('',(-76.06832467187,-4.149778150706,
    -74.01574047348));
#961 = CARTESIAN_POINT('',(-75.68903124834,-4.411975433025,
    -74.01390148239));
#962 = CARTESIAN_POINT('',(-75.02656616304,-4.84052952252,
    -74.01061148778));
#963 = CARTESIAN_POINT('',(-74.74805931333,-5.012256813,-74.00920591891)
  );
#964 = CARTESIAN_POINT('',(-74.46623861426,-5.178558183269,
    -74.00776089043));
#965 = CARTESIAN_POINT('',(-74.18152616634,-5.339870861302,
    -74.00627818441));
#966 = CARTESIAN_POINT('',(-73.89426798013,-5.496564392783,
    -74.00475940368));
#967 = CARTESIAN_POINT('',(-73.60474678285,-5.648963216954,
    -74.00320597962));
#968 = CARTESIAN_POINT('',(-73.31318925874,-5.797359432059,
    -74.00161916331));
#969 = CARTESIAN_POINT('',(-73.01976772296,-5.94201575037,-74.));
#970 = PCURVE('',#52,#971);
#971 = DEFINITIONAL_REPRESENTATION('',(#972),#1031);
#972 = B_SPLINE_CURVE_WITH_KNOTS('',8,(#973,#974,#975,#976,#977,#978,
    #979,#980,#981,#982,#983,#984,#985,#986,#987,#988,#989,#990,#991,
    #992,#993,#994,#995,#996,#997,#998,#999,#1000,#1001,#1002,#1003,
    #1004,#1005,#1006,#1007,#1008,#1009,#1010,#1011,#1012,#1013,#1014,
    #1015,#1016,#1017,#1018,#1019,#1020,#1021,#1022,#1023,#1024,#1025,
    #1026,#1027,#1028,#1029,#1030),.UNSPECIFIED.,.F.,.F.,(9,7,7,7,7,7,7,
    7,9),(0.,0.272783482059,0.390946566192,0.45425272235,0.499138049809,
    0.553647054971,0.637466864,0.849683667981,1.),.UNSPECIFIED.);
#973 = CARTESIAN_POINT('',(0.442819106134,0.));
#974 = CARTESIAN_POINT('',(0.4455155785,2.762817791694E-04));
#975 = CARTESIAN_POINT('',(0.448307572557,5.520309938573E-04));
#976 = CARTESIAN_POINT('',(0.451211860151,8.269669724246E-04));
#977 = CARTESIAN_POINT('',(0.454247096269,1.100268291524E-03));
#978 = CARTESIAN_POINT('',(0.457432675918,1.370584453688E-03));
#979 = CARTESIAN_POINT('',(0.460795542711,1.635712643322E-03));
#980 = CARTESIAN_POINT('',(0.464366555762,1.89271580347E-03));
#981 = CARTESIAN_POINT('',(0.469875272319,2.242306426637E-03));
#982 = CARTESIAN_POINT('',(0.471589026856,2.345362068624E-03));
#983 = CARTESIAN_POINT('',(0.473356694927,2.44542691013E-03));
#984 = CARTESIAN_POINT('',(0.475182852171,2.54193930943E-03));
#985 = CARTESIAN_POINT('',(0.477071533661,2.634152101577E-03));
#986 = CARTESIAN_POINT('',(0.479026224932,2.721133428769E-03));
#987 = CARTESIAN_POINT('',(0.481049796585,2.801775567638E-03));
#988 = CARTESIAN_POINT('',(0.48426656165,2.913941106757E-03));
#989 = CARTESIAN_POINT('',(0.485408676322,2.950871989108E-03));
#990 = CARTESIAN_POINT('',(0.486570747178,2.98540295728E-03));
#991 = CARTESIAN_POINT('',(0.487752429694,3.017314630995E-03));
#992 = CARTESIAN_POINT('',(0.48895297965,3.046375950079E-03));
#993 = CARTESIAN_POINT('',(0.490171193296,3.072354184463E-03));
#994 = CARTESIAN_POINT('',(0.491405322145,3.095028697012E-03));
#995 = CARTESIAN_POINT('',(0.493537564135,3.127807303533E-03));
#996 = CARTESIAN_POINT('',(0.494429020085,3.139650290146E-03));
#997 = CARTESIAN_POINT('',(0.495326416617,3.149668104705E-03));
#998 = CARTESIAN_POINT('',(0.496228760905,3.15780098998E-03));
#999 = CARTESIAN_POINT('',(0.497134975489,3.164000795351E-03));
#1000 = CARTESIAN_POINT('',(0.498043892812,3.168233026297E-03));
#1001 = CARTESIAN_POINT('',(0.49895424977,3.170478893884E-03));
#1002 = CARTESIAN_POINT('',(0.500970316892,3.171051258545E-03));
#1003 = CARTESIAN_POINT('',(0.502076324849,3.168434210879E-03));
#1004 = CARTESIAN_POINT('',(0.503180186929,3.162881894772E-03));
#1005 = CARTESIAN_POINT('',(0.504279629883,3.154429761926E-03));
#1006 = CARTESIAN_POINT('',(0.505372610128,3.143147191601E-03));
#1007 = CARTESIAN_POINT('',(0.506457297475,3.129131639983E-03));
#1008 = CARTESIAN_POINT('',(0.507532058859,3.11250278955E-03));
#1009 = CARTESIAN_POINT('',(0.510230633142,3.064016939444E-03));
#1010 = CARTESIAN_POINT('',(0.511839048551,3.028776767304E-03));
#1011 = CARTESIAN_POINT('',(0.513416209101,2.988157465864E-03));
#1012 = CARTESIAN_POINT('',(0.514959399736,2.94269893869E-03));
#1013 = CARTESIAN_POINT('',(0.516467253132,2.892943160341E-03));
#1014 = CARTESIAN_POINT('',(0.517939453728,2.839393471623E-03));
#1015 = CARTESIAN_POINT('',(0.51937656221,2.782489718833E-03));
#1016 = CARTESIAN_POINT('',(0.524333109193,2.57096680024E-03));
#1017 = CARTESIAN_POINT('',(0.5276567236,2.400760995879E-03));
#1018 = CARTESIAN_POINT('',(0.530789460497,2.217578350502E-03));
#1019 = CARTESIAN_POINT('',(0.533753289669,2.025227502255E-03));
#1020 = CARTESIAN_POINT('',(0.536568701566,1.82657384449E-03));
#1021 = CARTESIAN_POINT('',(0.539253415103,1.623487300147E-03));
#1022 = CARTESIAN_POINT('',(0.541825860098,1.417072715887E-03));
#1023 = CARTESIAN_POINT('',(0.546060659079,1.059372464806E-03));
#1024 = CARTESIAN_POINT('',(0.547766871464,9.09801462718E-04));
#1025 = CARTESIAN_POINT('',(0.549428245145,7.592865100367E-04));
#1026 = CARTESIAN_POINT('',(0.55104867095,6.080831336707E-04));
#1027 = CARTESIAN_POINT('',(0.552631420742,4.563996242006E-04));
#1028 = CARTESIAN_POINT('',(0.554179361056,3.044056110251E-04));
#1029 = CARTESIAN_POINT('',(0.555695075207,1.522373894903E-04));
#1030 = CARTESIAN_POINT('',(0.557180893866,0.));
#1031 = ( GEOMETRIC_REPRESENTATION_CONTEXT(2) 
PARAMETRIC_REPRESENTATION_CONTEXT() REPRESENTATION_CONTEXT('2D SPACE',''
  ) );
#1032 = PCURVE('',#155,#1033);
#1033 = DEFINITIONAL_REPRESENTATION('',(#1034),#1093);
#1034 = B_SPLINE_CURVE_WITH_KNOTS('',8,(#1035,#1036,#1037,#1038,#1039,
    #1040,#1041,#1042,#1043,#1044,#1045,#1046,#1047,#1048,#1049,#1050,
    #1051,#1052,#1053,#1054,#1055,#1056,#1057,#1058,#1059,#1060,#1061,
    #1062,#1063,#1064,#1065,#1066,#1067,#1068,#1069,#1070,#1071,#1072,
    #1073,#1074,#1075,#1076,#1077,#1078,#1079,#1080,#1081,#1082,#1083,
    #1084,#1085,#1086,#1087,#1088,#1089,#1090,#1091,#1092),
  .UNSPECIFIED.,.F.,.F.,(9,7,7,7,7,7,7,7,9),(0.,0.272783482059,
    0.390946566192,0.45425272235,0.499138049809,0.553647054971,
    0.637466864,0.849683667981,1.),.UNSPECIFIED.);
#1035 = CARTESIAN_POINT('',(0.434722877873,1.822824629639E-02));
#1036 = CARTESIAN_POINT('',(0.437710587029,1.794558590202E-02));
#1037 = CARTESIAN_POINT('',(0.440817522285,1.766369647804E-02));
#1038 = CARTESIAN_POINT('',(0.444063435676,1.738286339976E-02));
#1039 = CARTESIAN_POINT('',(0.447470545286,1.710392371299E-02));
#1040 = CARTESIAN_POINT('',(0.451062153922,1.682825138038E-02));
#1041 = CARTESIAN_POINT('',(0.454870448109,1.655808179692E-02));
#1042 = CARTESIAN_POINT('',(0.458932202876,1.629638782493E-02));
#1043 = CARTESIAN_POINT('',(0.465225121907,1.594065429483E-02));
#1044 = CARTESIAN_POINT('',(0.467186146355,1.583582060216E-02));
#1045 = CARTESIAN_POINT('',(0.469212205544,1.573406019123E-02));
#1046 = CARTESIAN_POINT('',(0.47130868153,1.563594120297E-02));
#1047 = CARTESIAN_POINT('',(0.473480329158,1.554221952096E-02));
#1048 = CARTESIAN_POINT('',(0.47573123542,1.545383764225E-02));
#1049 = CARTESIAN_POINT('',(0.478064707958,1.537191568512E-02));
#1050 = CARTESIAN_POINT('',(0.481778747869,1.525799176296E-02));
#1051 = CARTESIAN_POINT('',(0.483098258513,1.522048641342E-02));
#1052 = CARTESIAN_POINT('',(0.484441629097,1.518542220417E-02));
#1053 = CARTESIAN_POINT('',(0.485808432575,1.51530210112E-02));
#1054 = CARTESIAN_POINT('',(0.487197766508,1.512351652821E-02));
#1055 = CARTESIAN_POINT('',(0.488608181259,1.509714413847E-02));
#1056 = CARTESIAN_POINT('',(0.490037580316,1.507412699747E-02));
#1057 = CARTESIAN_POINT('',(0.492507989732,1.504085463933E-02));
#1058 = CARTESIAN_POINT('',(0.493541058736,1.502883380153E-02));
#1059 = CARTESIAN_POINT('',(0.494581210907,1.501866592387E-02));
#1060 = CARTESIAN_POINT('',(0.495627261497,1.501041144917E-02));
#1061 = CARTESIAN_POINT('',(0.49667792442,1.500411907987E-02));
#1062 = CARTESIAN_POINT('',(0.497731806846,1.499982370582E-02));
#1063 = CARTESIAN_POINT('',(0.498787403793,1.499754433196E-02));
#1064 = CARTESIAN_POINT('',(0.501125127602,1.499696342768E-02));
#1065 = CARTESIAN_POINT('',(0.502407602394,1.49996195215E-02));
#1066 = CARTESIAN_POINT('',(0.503687522549,1.500525465802E-02));
#1067 = CARTESIAN_POINT('',(0.504962179658,1.501383297787E-02));
#1068 = CARTESIAN_POINT('',(0.506229134815,1.502528430743E-02));
#1069 = CARTESIAN_POINT('',(0.507486201981,1.503951007453E-02));
#1070 = CARTESIAN_POINT('',(0.508731431351,1.505638922413E-02));
#1071 = CARTESIAN_POINT('',(0.511857049115,1.510560801274E-02));
#1072 = CARTESIAN_POINT('',(0.513719071685,1.514138342147E-02));
#1073 = CARTESIAN_POINT('',(0.515543792913,1.518262356187E-02));
#1074 = CARTESIAN_POINT('',(0.517327938233,1.522878240251E-02));
#1075 = CARTESIAN_POINT('',(0.51906983993,1.527931180622E-02));
#1076 = CARTESIAN_POINT('',(0.520769086463,1.533370268687E-02));
#1077 = CARTESIAN_POINT('',(0.522426307225,1.539151019572E-02));
#1078 = CARTESIAN_POINT('',(0.528136499312,1.560643165004E-02));
#1079 = CARTESIAN_POINT('',(0.531955220294,1.577943955134E-02));
#1080 = CARTESIAN_POINT('',(0.535543915569,1.596572914802E-02));
#1081 = CARTESIAN_POINT('',(0.538928486208,1.616145061161E-02));
#1082 = CARTESIAN_POINT('',(0.542133285499,1.636370320635E-02));
#1083 = CARTESIAN_POINT('',(0.545179448418,1.657059220756E-02));
#1084 = CARTESIAN_POINT('',(0.548088757383,1.678099842017E-02));
#1085 = CARTESIAN_POINT('',(0.55286236313,1.714583987282E-02));
#1086 = CARTESIAN_POINT('',(0.554780864363,1.729846179781E-02));
#1087 = CARTESIAN_POINT('',(0.556644312596,1.745211336006E-02));
#1088 = CARTESIAN_POINT('',(0.558457346073,1.760653515689E-02));
#1089 = CARTESIAN_POINT('',(0.560223877346,1.776151541705E-02));
#1090 = CARTESIAN_POINT('',(0.561947339345,1.791688141598E-02));
#1091 = CARTESIAN_POINT('',(0.563630825237,1.807249415342E-02));
#1092 = CARTESIAN_POINT('',(0.565277122095,1.822824629342E-02));
#1093 = ( GEOMETRIC_REPRESENTATION_CONTEXT(2) 
PARAMETRIC_REPRESENTATION_CONTEXT() REPRESENTATION_CONTEXT('2D SPACE',''
  ) );
#1094 = ORIENTED_EDGE('',*,*,#1095,.T.);
#1095 = EDGE_CURVE('',#908,#22,#1096,.T.);
#1096 = SURFACE_CURVE('',#1097,(#1113,#1120),.PCURVE_S1.);
#1097 = B_SPLINE_CURVE_WITH_KNOTS('',14,(#1098,#1099,#1100,#1101,#1102,
    #1103,#1104,#1105,#1106,#1107,#1108,#1109,#1110,#1111,#1112),
  .UNSPECIFIED.,.T.,.F.,(15,15),(0.,1.),.PIECEWISE_BEZIER_KNOTS.);
#1098 = CARTESIAN_POINT('',(78.,2.339685990397E-15,-74.));
#1099 = CARTESIAN_POINT('',(77.999999999999,7.584702263673,-74.));
#1100 = CARTESIAN_POINT('',(61.080679826457,15.169407327016,-74.));
#1101 = CARTESIAN_POINT('',(27.242017849504,20.834646957097,-74.));
#1102 = CARTESIAN_POINT('',(-18.45562794931,22.661169369437,-74.));
#1103 = CARTESIAN_POINT('',(-65.89250151195,19.41770895111,-74.));
#1104 = CARTESIAN_POINT('',(-102.1052527287,11.253460644916,-74.));
#1105 = CARTESIAN_POINT('',(-115.7386309605,2.806561563503E-10,-74.));
#1106 = CARTESIAN_POINT('',(-102.1052527287,-11.25346064543,-74.));
#1107 = CARTESIAN_POINT('',(-65.89250151188,-19.41770895071,-74.));
#1108 = CARTESIAN_POINT('',(-18.45562794937,-22.66116936968,-74.));
#1109 = CARTESIAN_POINT('',(27.24201784954,-20.83464695697,-74.));
#1110 = CARTESIAN_POINT('',(61.080679826442,-15.16940732706,-74.));
#1111 = CARTESIAN_POINT('',(78.000000000003,-7.584702263663,-74.));
#1112 = CARTESIAN_POINT('',(78.,-4.765741522966E-15,-74.));
#1113 = PCURVE('',#52,#1114);
#1114 = DEFINITIONAL_REPRESENTATION('',(#1115),#1119);
#1115 = LINE('',#1116,#1117);
#1116 = CARTESIAN_POINT('',(0.,0.));
#1117 = VECTOR('',#1118,1.);
#1118 = DIRECTION('',(1.,0.));
#1119 = ( GEOMETRIC_REPRESENTATION_CONTEXT(2) 
PARAMETRIC_REPRESENTATION_CONTEXT() REPRESENTATION_CONTEXT('2D SPACE',''
  ) );
#1120 = PCURVE('',#1121,#1126);
#1121 = PLANE('',#1122);
#1122 = AXIS2_PLACEMENT_3D('',#1123,#1124,#1125);
#1123 = CARTESIAN_POINT('',(78.,2.339685990397E-15,-74.));
#1124 = DIRECTION('',(0.,0.,1.));
#1125 = DIRECTION('',(-1.,-7.643585971419E-19,0.));
#1126 = DEFINITIONAL_REPRESENTATION('',(#1127),#1143);
#1127 = B_SPLINE_CURVE_WITH_KNOTS('',14,(#1128,#1129,#1130,#1131,#1132,
    #1133,#1134,#1135,#1136,#1137,#1138,#1139,#1140,#1141,#1142),
  .UNSPECIFIED.,.F.,.F.,(15,15),(0.,1.),.PIECEWISE_BEZIER_KNOTS.);
#1128 = CARTESIAN_POINT('',(0.,0.));
#1129 = CARTESIAN_POINT('',(5.542233338929E-13,-7.584702263673));
#1130 = CARTESIAN_POINT('',(16.919320173543,-15.16940732701));
#1131 = CARTESIAN_POINT('',(50.757982150496,-20.83464695709));
#1132 = CARTESIAN_POINT('',(96.455627949319,-22.66116936943));
#1133 = CARTESIAN_POINT('',(143.89250151195,-19.41770895111));
#1134 = CARTESIAN_POINT('',(180.1052527287,-11.25346064491));
#1135 = CARTESIAN_POINT('',(193.7386309605,-2.806539647501E-10));
#1136 = CARTESIAN_POINT('',(180.10525272875,11.25346064543));
#1137 = CARTESIAN_POINT('',(143.89250151188,19.417708950718));
#1138 = CARTESIAN_POINT('',(96.455627949379,22.661169369681));
#1139 = CARTESIAN_POINT('',(50.75798215046,20.834646956977));
#1140 = CARTESIAN_POINT('',(16.919320173558,15.16940732706));
#1141 = CARTESIAN_POINT('',(-2.955857780762E-12,7.584702263663));
#1142 = CARTESIAN_POINT('',(0.,7.105427513363E-15));
#1143 = ( GEOMETRIC_REPRESENTATION_CONTEXT(2) 
PARAMETRIC_REPRESENTATION_CONTEXT() REPRESENTATION_CONTEXT('2D SPACE',''
  ) );
#1144 = ADVANCED_FACE('',(#1145),#155,.F.);
#1145 = FACE_BOUND('',#1146,.F.);
#1146 = EDGE_LOOP('',(#1147,#2026,#2027,#2054,#2101,#2644));
#1147 = ORIENTED_EDGE('',*,*,#1148,.F.);
#1148 = EDGE_CURVE('',#22,#908,#1149,.T.);
#1149 = SURFACE_CURVE('',#1150,(#1440,#1733),.PCURVE_S1.);
#1150 = B_SPLINE_CURVE_WITH_KNOTS('',8,(#1151,#1152,#1153,#1154,#1155,
    #1156,#1157,#1158,#1159,#1160,#1161,#1162,#1163,#1164,#1165,#1166,
    #1167,#1168,#1169,#1170,#1171,#1172,#1173,#1174,#1175,#1176,#1177,
    #1178,#1179,#1180,#1181,#1182,#1183,#1184,#1185,#1186,#1187,#1188,
    #1189,#1190,#1191,#1192,#1193,#1194,#1195,#1196,#1197,#1198,#1199,
    #1200,#1201,#1202,#1203,#1204,#1205,#1206,#1207,#1208,#1209,#1210,
    #1211,#1212,#1213,#1214,#1215,#1216,#1217,#1218,#1219,#1220,#1221,
    #1222,#1223,#1224,#1225,#1226,#1227,#1228,#1229,#1230,#1231,#1232,
    #1233,#1234,#1235,#1236,#1237,#1238,#1239,#1240,#1241,#1242,#1243,
    #1244,#1245,#1246,#1247,#1248,#1249,#1250,#1251,#1252,#1253,#1254,
    #1255,#1256,#1257,#1258,#1259,#1260,#1261,#1262,#1263,#1264,#1265,
    #1266,#1267,#1268,#1269,#1270,#1271,#1272,#1273,#1274,#1275,#1276,
    #1277,#1278,#1279,#1280,#1281,#1282,#1283,#1284,#1285,#1286,#1287,
    #1288,#1289,#1290,#1291,#1292,#1293,#1294,#1295,#1296,#1297,#1298,
    #1299,#1300,#1301,#1302,#1303,#1304,#1305,#1306,#1307,#1308,#1309,
    #1310,#1311,#1312,#1313,#1314,#1315,#1316,#1317,#1318,#1319,#1320,
    #1321,#1322,#1323,#1324,#1325,#1326,#1327,#1328,#1329,#1330,#1331,
    #1332,#1333,#1334,#1335,#1336,#1337,#1338,#1339,#1340,#1341,#1342,
    #1343,#1344,#1345,#1346,#1347,#1348,#1349,#1350,#1351,#1352,#1353,
    #1354,#1355,#1356,#1357,#1358,#1359,#1360,#1361,#1362,#1363,#1364,
    #1365,#1366,#1367,#1368,#1369,#1370,#1371,#1372,#1373,#1374,#1375,
    #1376,#1377,#1378,#1379,#1380,#1381,#1382,#1383,#1384,#1385,#1386,
    #1387,#1388,#1389,#1390,#1391,#1392,#1393,#1394,#1395,#1396,#1397,
    #1398,#1399,#1400,#1401,#1402,#1403,#1404,#1405,#1406,#1407,#1408,
    #1409,#1410,#1411,#1412,#1413,#1414,#1415,#1416,#1417,#1418,#1419,
    #1420,#1421,#1422,#1423,#1424,#1425,#1426,#1427,#1428,#1429,#1430,
    #1431,#1432,#1433,#1434,#1435,#1436,#1437,#1438,#1439),
  .UNSPECIFIED.,.F.,.F.,(9,7,7,7,7,7,7,7,7,7,7,7,7,7,7,7,7,7,7,7,7,7,7,7
    ,7,7,7,7,7,7,7,7,7,7,7,7,7,7,7,7,7,9),(0.,6.853178819108E-03,
    1.653127527934E-02,3.014760570536E-02,4.656643957995E-02,
    8.341383058404E-02,0.127399185748,0.184261047478,0.2445827032,
    0.29457916649,0.342536732397,0.386513573265,0.424657709362,
    0.446567400756,0.464926536219,0.474862573751,0.483137588555,
    0.493133788728,0.49599494861,0.497342123734,0.499935605936,
    0.502619033559,0.504065181711,0.507202483649,0.512921074365,
    0.520604014298,0.531632762869,0.547824368648,0.567332667949,
    0.617959152859,0.678490169845,0.716518255992,0.755351927808,
    0.805362192656,0.853332997304,0.897321978008,0.935476643762,
    0.957392383286,0.97575658677,0.985695367152,0.993972666293,1.),
  .UNSPECIFIED.);
#1151 = CARTESIAN_POINT('',(78.000000000003,-2.993976071909,-74.));
#1152 = CARTESIAN_POINT('',(77.793752125902,-3.182179903075,-74.));
#1153 = CARTESIAN_POINT('',(77.580539895258,-3.362649533941,-74.));
#1154 = CARTESIAN_POINT('',(77.36154117119,-3.536186234867,-74.));
#1155 = CARTESIAN_POINT('',(77.137678059023,-3.703410921192,-74.));
#1156 = CARTESIAN_POINT('',(76.909685006605,-3.864853123622,-74.));
#1157 = CARTESIAN_POINT('',(76.678136319184,-4.020987478372,-74.));
#1158 = CARTESIAN_POINT('',(76.443455768003,-4.17224655862,-74.));
#1159 = CARTESIAN_POINT('',(75.87049716058,-4.526339768972,-74.));
#1160 = CARTESIAN_POINT('',(75.529553085195,-4.724632262325,-74.));
#1161 = CARTESIAN_POINT('',(75.184048683698,-4.914997209332,-74.));
#1162 = CARTESIAN_POINT('',(74.834709078165,-5.098238640575,-74.));
#1163 = CARTESIAN_POINT('',(74.482103670733,-5.275012837244,-74.));
#1164 = CARTESIAN_POINT('',(74.126674180725,-5.445881383052,-74.));
#1165 = CARTESIAN_POINT('',(73.768744595058,-5.611330110256,-74.));
#1166 = CARTESIAN_POINT('',(72.901750479114,-5.997558719118,-74.));
#1167 = CARTESIAN_POINT('',(72.39058192292,-6.213400890825,-74.));
#1168 = CARTESIAN_POINT('',(71.875755865087,-6.420496134999,-74.));
#1169 = CARTESIAN_POINT('',(71.357829349182,-6.619722632963,-74.));
#1170 = CARTESIAN_POINT('',(70.837241555934,-6.811792443334,-74.));
#1171 = CARTESIAN_POINT('',(70.314335336098,-6.997307141853,-74.));
#1172 = CARTESIAN_POINT('',(69.789365613294,-7.176779617833,-74.));
#1173 = CARTESIAN_POINT('',(68.627218700048,-7.560332724911,-74.));
#1174 = CARTESIAN_POINT('',(67.989250838873,-7.761854174786,-74.));
#1175 = CARTESIAN_POINT('',(67.348973025244,-7.956000669443,-74.));
#1176 = CARTESIAN_POINT('',(66.7066812236,-8.143390990985,-74.));
#1177 = CARTESIAN_POINT('',(66.062615719366,-8.324536730055,-74.));
#1178 = CARTESIAN_POINT('',(65.416971105185,-8.49987612765,-74.));
#1179 = CARTESIAN_POINT('',(64.769901905135,-8.669793409958,-74.));
#1180 = CARTESIAN_POINT('',(62.666424139784,-9.204538014943,-74.));
#1181 = CARTESIAN_POINT('',(61.204889601121,-9.548793560249,-74.));
#1182 = CARTESIAN_POINT('',(59.738269897263,-9.871194067052,-74.));
#1183 = CARTESIAN_POINT('',(58.267529058178,-10.1742641273,-74.));
#1184 = CARTESIAN_POINT('',(56.793402323445,-10.45998903416,-74.));
#1185 = CARTESIAN_POINT('',(55.316418558187,-10.7299240079,-74.));
#1186 = CARTESIAN_POINT('',(53.836937253719,-10.98536296293,-74.));
#1187 = CARTESIAN_POINT('',(50.586333064853,-11.51629338549,-74.));
#1188 = CARTESIAN_POINT('',(48.814405774337,-11.78605605071,-74.));
#1189 = CARTESIAN_POINT('',(47.039875393487,-12.03849337169,-74.));
#1190 = CARTESIAN_POINT('',(45.263139712303,-12.27498132141,-74.));
#1191 = CARTESIAN_POINT('',(43.484518944496,-12.49662840447,-74.));
#1192 = CARTESIAN_POINT('',(41.704266523885,-12.70435617081,-74.));
#1193 = CARTESIAN_POINT('',(39.922573815449,-12.89893440656,-74.));
#1194 = CARTESIAN_POINT('',(35.834613298276,-13.31641241849,-74.));
#1195 = CARTESIAN_POINT('',(33.527534514636,-13.53092104218,-74.));
#1196 = CARTESIAN_POINT('',(31.218677582187,-13.72596251757,-74.));
#1197 = CARTESIAN_POINT('',(28.908327052628,-13.90262406312,-74.));
#1198 = CARTESIAN_POINT('',(26.596722465663,-14.06177510986,-74.));
#1199 = CARTESIAN_POINT('',(24.284062594705,-14.20412232058,-74.));
#1200 = CARTESIAN_POINT('',(21.970507505219,-14.33023610987,-74.));
#1201 = CARTESIAN_POINT('',(17.201037168153,-14.55762930217,-74.));
#1202 = CARTESIAN_POINT('',(14.745054738724,-14.65692938246,-74.));
#1203 = CARTESIAN_POINT('',(12.288397559247,-14.73902325206,-74.));
#1204 = CARTESIAN_POINT('',(9.831218820337,-14.80431612044,-74.));
#1205 = CARTESIAN_POINT('',(7.373661421396,-14.85309681885,-74.));
#1206 = CARTESIAN_POINT('',(4.915858441959,-14.88555398967,-74.));
#1207 = CARTESIAN_POINT('',(2.457933356755,-14.90178290341,-74.));
#1208 = CARTESIAN_POINT('',(-2.037211578182,-14.90178290374,-74.));
#1209 = CARTESIAN_POINT('',(-4.074420134088,-14.89063432426,-74.));
#1210 = CARTESIAN_POINT('',(-6.111558647171,-14.8683373216,-74.));
#1211 = CARTESIAN_POINT('',(-8.148556433071,-14.83484715149,-74.));
#1212 = CARTESIAN_POINT('',(-10.18533915189,-14.79007477141,-74.));
#1213 = CARTESIAN_POINT('',(-12.22182875056,-14.73388464205,-74.));
#1214 = CARTESIAN_POINT('',(-14.25794334466,-14.66608972807,-74.));
#1215 = CARTESIAN_POINT('',(-18.24623508343,-14.51004569902,-74.));
#1216 = CARTESIAN_POINT('',(-20.19844081191,-14.42274365186,-74.));
#1217 = CARTESIAN_POINT('',(-22.15014182783,-14.32432056979,-74.));
#1218 = CARTESIAN_POINT('',(-24.10125278413,-14.21450788273,-74.));
#1219 = CARTESIAN_POINT('',(-26.05167514514,-14.09298127574,-74.));
#1220 = CARTESIAN_POINT('',(-28.00129653153,-13.95935012538,-74.));
#1221 = CARTESIAN_POINT('',(-29.9499896496,-13.81314053365,-74.));
#1222 = CARTESIAN_POINT('',(-33.68356937026,-13.50763179851,-74.));
#1223 = CARTESIAN_POINT('',(-35.46860855463,-13.35042742729,-74.));
#1224 = CARTESIAN_POINT('',(-37.2526285357,-13.18171216674,-74.));
#1225 = CARTESIAN_POINT('',(-39.03549802244,-13.00095884911,-74.));
#1226 = CARTESIAN_POINT('',(-40.81705353468,-12.80755211144,-74.));
#1227 = CARTESIAN_POINT('',(-42.59709651672,-12.60076167258,-74.));
#1228 = CARTESIAN_POINT('',(-44.37538828474,-12.37969659419,-74.));
#1229 = CARTESIAN_POINT('',(-47.69231041725,-11.93814592825,-74.));
#1230 = CARTESIAN_POINT('',(-49.23139681434,-11.72147855803,-74.));
#1231 = CARTESIAN_POINT('',(-50.76874890661,-11.49250349629,-74.));
#1232 = CARTESIAN_POINT('',(-52.30414011079,-11.2503643933,-74.));
#1233 = CARTESIAN_POINT('',(-53.8372612232,-10.99403211742,-74.));
#1234 = CARTESIAN_POINT('',(-55.36771375242,-10.7222650248,-74.));
#1235 = CARTESIAN_POINT('',(-56.8949927469,-10.4335070903,-74.));
#1236 = CARTESIAN_POINT('',(-59.29350578823,-9.948819532908,-74.));
#1237 = CARTESIAN_POINT('',(-60.16727622196,-9.765692523879,-74.));
#1238 = CARTESIAN_POINT('',(-61.03964231315,-9.5758703413,-74.));
#1239 = CARTESIAN_POINT('',(-61.91044838897,-9.378892424066,-74.));
#1240 = CARTESIAN_POINT('',(-62.7794970752,-9.174230753278,-74.));
#1241 = CARTESIAN_POINT('',(-63.64654360779,-8.961265619622,-74.));
#1242 = CARTESIAN_POINT('',(-64.51128562289,-8.739242826959,-74.));
#1243 = CARTESIAN_POINT('',(-66.09571039218,-8.312783336753,-74.));
#1244 = CARTESIAN_POINT('',(-66.81613651674,-8.111341923885,-74.));
#1245 = CARTESIAN_POINT('',(-67.53444485106,-7.902317533333,-74.));
#1246 = CARTESIAN_POINT('',(-68.25036616735,-7.68505608757,-74.));
#1247 = CARTESIAN_POINT('',(-68.96353019937,-7.458778879228,-74.));
#1248 = CARTESIAN_POINT('',(-69.67345646438,-7.222553671759,-74.));
#1249 = CARTESIAN_POINT('',(-70.37952855305,-6.975214241052,-74.));
#1250 = CARTESIAN_POINT('',(-71.4605324613,-6.574424672475,-74.));
#1251 = CARTESIAN_POINT('',(-71.83874158821,-6.429970719601,-74.));
#1252 = CARTESIAN_POINT('',(-72.2154349703,-6.281549285625,-74.));
#1253 = CARTESIAN_POINT('',(-72.59045054015,-6.128874160891,-74.));
#1254 = CARTESIAN_POINT('',(-72.96358598492,-5.971622825125,-74.));
#1255 = CARTESIAN_POINT('',(-73.3345931963,-5.809423241062,-74.));
#1256 = CARTESIAN_POINT('',(-73.70316853335,-5.641830984242,-74.));
#1257 = CARTESIAN_POINT('',(-74.37356286635,-5.323772426301,-74.));
#1258 = CARTESIAN_POINT('',(-74.67620263038,-5.175144930422,-74.));
#1259 = CARTESIAN_POINT('',(-74.97666823178,-5.022085540359,-74.));
#1260 = CARTESIAN_POINT('',(-75.27469675178,-4.86423143156,-74.));
#1261 = CARTESIAN_POINT('',(-75.56994339646,-4.701170122392,-74.));
#1262 = CARTESIAN_POINT('',(-75.8619740553,-4.532426042116,-74.));
#1263 = CARTESIAN_POINT('',(-76.1502477793,-4.357428975589,-74.));
#1264 = CARTESIAN_POINT('',(-76.77694347058,-3.955606936165,-74.));
#1265 = CARTESIAN_POINT('',(-77.11248139843,-3.726112208314,-74.));
#1266 = CARTESIAN_POINT('',(-77.44040691956,-3.485200710524,-74.));
#1267 = CARTESIAN_POINT('',(-77.75926707285,-3.231109823654,-74.));
#1268 = CARTESIAN_POINT('',(-78.06648626063,-2.962102617392,-74.));
#1269 = CARTESIAN_POINT('',(-78.35808766199,-2.676207963322,-74.));
#1270 = CARTESIAN_POINT('',(-78.6288276226,-2.371339319641,-74.));
#1271 = CARTESIAN_POINT('',(-78.94031017584,-1.950367616475,-74.));
#1272 = CARTESIAN_POINT('',(-79.00723043647,-1.854923523083,-74.));
#1273 = CARTESIAN_POINT('',(-79.07155965061,-1.757668115826,-74.));
#1274 = CARTESIAN_POINT('',(-79.13307393823,-1.658571037678,-74.));
#1275 = CARTESIAN_POINT('',(-79.19152490727,-1.557619535662,-74.));
#1276 = CARTESIAN_POINT('',(-79.24664420881,-1.454821126334,-74.));
#1277 = CARTESIAN_POINT('',(-79.29815009409,-1.350207397396,-74.));
#1278 = CARTESIAN_POINT('',(-79.36817116835,-1.193755434447,-74.));
#1279 = CARTESIAN_POINT('',(-79.38972098662,-1.143284569213,-74.));
#1280 = CARTESIAN_POINT('',(-79.41037518573,-1.092433808202,-74.));
#1281 = CARTESIAN_POINT('',(-79.43010319153,-1.041212444439,-74.));
#1282 = CARTESIAN_POINT('',(-79.44887447002,-0.989631741746,-74.));
#1283 = CARTESIAN_POINT('',(-79.46665889906,-0.937705070971,-74.));
#1284 = CARTESIAN_POINT('',(-79.48342714016,-0.885448046224,-74.));
#1285 = CARTESIAN_POINT('',(-79.52942144534,-0.731675957563,-74.));
#1286 = CARTESIAN_POINT('',(-79.55582603093,-0.629299647736,-74.));
#1287 = CARTESIAN_POINT('',(-79.57815645204,-0.525896741747,-74.));
#1288 = CARTESIAN_POINT('',(-79.59622898122,-0.42163283013,-74.));
#1289 = CARTESIAN_POINT('',(-79.60989318031,-0.316693347181,-74.));
#1290 = CARTESIAN_POINT('',(-79.61904060227,-0.211284834303,-74.));
#1291 = CARTESIAN_POINT('',(-79.62361349297,-0.105636203356,-74.));
#1292 = CARTESIAN_POINT('',(-79.62361349297,0.109299807756,-74.));
#1293 = CARTESIAN_POINT('',(-79.618717885,0.218613842128,-74.));
#1294 = CARTESIAN_POINT('',(-79.60892478674,0.327661189106,-74.));
#1295 = CARTESIAN_POINT('',(-79.59430056792,0.43618871314,-74.));
#1296 = CARTESIAN_POINT('',(-79.57496935987,0.543969491813,-74.));
#1297 = CARTESIAN_POINT('',(-79.55110256519,0.650801250507,-74.));
#1298 = CARTESIAN_POINT('',(-79.52290836733,0.756504797074,-74.));
#1299 = CARTESIAN_POINT('',(-79.47322111775,0.91719504008,-74.));
#1300 = CARTESIAN_POINT('',(-79.45463064142,0.973099528242,-74.));
#1301 = CARTESIAN_POINT('',(-79.43488516385,1.028614651573,-74.));
#1302 = CARTESIAN_POINT('',(-79.41402139788,1.083722251507,-74.));
#1303 = CARTESIAN_POINT('',(-79.39207690977,1.138407087538,-74.));
#1304 = CARTESIAN_POINT('',(-79.36908961236,1.192656644438,-74.));
#1305 = CARTESIAN_POINT('',(-79.34509725825,1.246460939456,-74.));
#1306 = CARTESIAN_POINT('',(-79.26598751762,1.415553873249,-74.));
#1307 = CARTESIAN_POINT('',(-79.20728806678,1.529151939796,-74.));
#1308 = CARTESIAN_POINT('',(-79.14441217773,1.640545557229,-74.));
#1309 = CARTESIAN_POINT('',(-79.07772260766,1.74971041986,-74.));
#1310 = CARTESIAN_POINT('',(-79.00756007689,1.856652110769,-74.));
#1311 = CARTESIAN_POINT('',(-78.93423487627,1.96140099051,-74.));
#1312 = CARTESIAN_POINT('',(-78.85802127863,2.064008752023,-74.));
#1313 = CARTESIAN_POINT('',(-78.63539894724,2.347804439034,-74.));
#1314 = CARTESIAN_POINT('',(-78.48290590309,2.524087345405,-74.));
#1315 = CARTESIAN_POINT('',(-78.32307012079,2.693894312382,-74.));
#1316 = CARTESIAN_POINT('',(-78.15704155601,2.857665255194,-74.));
#1317 = CARTESIAN_POINT('',(-77.98575716902,3.015811492493,-74.));
#1318 = CARTESIAN_POINT('',(-77.80996166553,3.16873601483,-74.));
#1319 = CARTESIAN_POINT('',(-77.63021743054,3.316843581896,-74.));
#1320 = CARTESIAN_POINT('',(-77.20062117191,3.65359799192,-74.));
#1321 = CARTESIAN_POINT('',(-76.94806783727,3.838560630217,-74.));
#1322 = CARTESIAN_POINT('',(-76.69031345485,4.016332299928,-74.));
#1323 = CARTESIAN_POINT('',(-76.42818537708,4.187598722579,-74.));
#1324 = CARTESIAN_POINT('',(-76.16233821603,4.35293194327,-74.));
#1325 = CARTESIAN_POINT('',(-75.89328207888,4.512833183467,-74.));
#1326 = CARTESIAN_POINT('',(-75.62139251291,4.667748034594,-74.));
#1327 = CARTESIAN_POINT('',(-74.95293171579,5.033898393666,-74.));
#1328 = CARTESIAN_POINT('',(-74.55377858058,5.240198183026,-74.));
#1329 = CARTESIAN_POINT('',(-74.15035300542,5.438144583638,-74.));
#1330 = CARTESIAN_POINT('',(-73.74333054703,5.628595415442,-74.));
#1331 = CARTESIAN_POINT('',(-73.33324096249,5.812246660908,-74.));
#1332 = CARTESIAN_POINT('',(-72.92049505217,5.989689429179,-74.));
#1333 = CARTESIAN_POINT('',(-72.50539433318,6.161430605038,-74.));
#1334 = CARTESIAN_POINT('',(-71.47557049885,6.57235166369,-74.));
#1335 = CARTESIAN_POINT('',(-70.85849811602,6.805412350093,-74.));
#1336 = CARTESIAN_POINT('',(-70.23769331114,7.028492362204,-74.));
#1337 = CARTESIAN_POINT('',(-69.61373876129,7.242617981687,-74.));
#1338 = CARTESIAN_POINT('',(-68.98709112171,7.448614872287,-74.));
#1339 = CARTESIAN_POINT('',(-68.35810451295,7.647176073142,-74.));
#1340 = CARTESIAN_POINT('',(-67.72703930287,7.838887546273,-74.));
#1341 = CARTESIAN_POINT('',(-66.3314530153,8.247609936748,-74.));
#1342 = CARTESIAN_POINT('',(-65.56614574424,8.461738334714,-74.));
#1343 = CARTESIAN_POINT('',(-64.79852541111,8.667526622031,-74.));
#1344 = CARTESIAN_POINT('',(-64.02889286431,8.865674007929,-74.));
#1345 = CARTESIAN_POINT('',(-63.25749181502,9.056756248912,-74.));
#1346 = CARTESIAN_POINT('',(-62.48451905869,9.241264865624,-74.));
#1347 = CARTESIAN_POINT('',(-61.71013019022,9.419629410332,-74.));
#1348 = CARTESIAN_POINT('',(-58.92142953126,10.040124252244,-74.));
#1349 = CARTESIAN_POINT('',(-56.89991631531,10.449105461212,-74.));
#1350 = CARTESIAN_POINT('',(-54.87194393812,10.825724850436,-74.));
#1351 = CARTESIAN_POINT('',(-52.83890425027,11.173969670973,-74.));
#1352 = CARTESIAN_POINT('',(-50.80184115775,11.496945990704,-74.));
#1353 = CARTESIAN_POINT('',(-48.76146601806,11.796978174325,-74.));
#1354 = CARTESIAN_POINT('',(-46.71822741512,12.075976940668,-74.));
#1355 = CARTESIAN_POINT('',(-42.22614887933,12.64577647067,-74.));
#1356 = CARTESIAN_POINT('',(-39.77647923869,12.928168513013,-74.));
#1357 = CARTESIAN_POINT('',(-37.32394731437,13.185292899249,-74.));
#1358 = CARTESIAN_POINT('',(-34.86906153631,13.419054476615,-74.));
#1359 = CARTESIAN_POINT('',(-32.41223067743,13.630939783921,-74.));
#1360 = CARTESIAN_POINT('',(-29.95377631282,13.822146035642,-74.));
#1361 = CARTESIAN_POINT('',(-27.49393754106,13.99363012458,-74.));
#1362 = CARTESIAN_POINT('',(-23.48673807851,14.242003773251,-74.));
#1363 = CARTESIAN_POINT('',(-21.9401361099,14.330358701022,-74.));
#1364 = CARTESIAN_POINT('',(-20.39312419609,14.411427454928,-74.));
#1365 = CARTESIAN_POINT('',(-18.84575096306,14.485374082706,-74.));
#1366 = CARTESIAN_POINT('',(-17.29806131667,14.55233790548,-74.));
#1367 = CARTESIAN_POINT('',(-15.75009658002,14.612436235708,-74.));
#1368 = CARTESIAN_POINT('',(-14.20189463093,14.665767095117,-74.));
#1369 = CARTESIAN_POINT('',(-11.072284098,14.760044892828,-74.));
#1370 = CARTESIAN_POINT('',(-9.49086885496,14.800705401531,-74.));
#1371 = CARTESIAN_POINT('',(-7.909281652893,14.834479047628,-74.));
#1372 = CARTESIAN_POINT('',(-6.327558773234,14.861432849996,-74.));
#1373 = CARTESIAN_POINT('',(-4.745735454734,14.88161602276,-74.));
#1374 = CARTESIAN_POINT('',(-3.163845912138,14.895060740545,-74.));
#1375 = CARTESIAN_POINT('',(-1.581923354852,14.901782903709,-74.));
#1376 = CARTESIAN_POINT('',(2.037211567848,14.901782903442,-74.));
#1377 = CARTESIAN_POINT('',(4.074420124529,14.890634323656,-74.));
#1378 = CARTESIAN_POINT('',(6.111558638451,14.86833732071,-74.));
#1379 = CARTESIAN_POINT('',(8.148556425187,14.834847150394,-74.));
#1380 = CARTESIAN_POINT('',(10.185339144807,14.790074770207,-74.));
#1381 = CARTESIAN_POINT('',(12.221828744261,14.733884640885,-74.));
#1382 = CARTESIAN_POINT('',(14.257943339223,14.666089727076,-74.));
#1383 = CARTESIAN_POINT('',(18.246235080531,14.5100456986,-74.));
#1384 = CARTESIAN_POINT('',(20.198440810721,14.42274365182,-74.));
#1385 = CARTESIAN_POINT('',(22.150141828371,14.324320570248,-74.));
#1386 = CARTESIAN_POINT('',(24.101252786422,14.214507883786,-74.));
#1387 = CARTESIAN_POINT('',(26.051675149172,14.092981277464,-74.));
#1388 = CARTESIAN_POINT('',(28.001296537306,13.959350127774,-74.));
#1389 = CARTESIAN_POINT('',(29.949989657139,13.813140536674,-74.));
#1390 = CARTESIAN_POINT('',(33.683569380266,13.507631802532,-74.));
#1391 = CARTESIAN_POINT('',(35.468608565314,13.35042743173,-74.));
#1392 = CARTESIAN_POINT('',(37.2526285471,13.18171217143,-74.));
#1393 = CARTESIAN_POINT('',(39.035498034529,13.00095885382,-74.));
#1394 = CARTESIAN_POINT('',(40.817053547397,12.807552115853,-74.));
#1395 = CARTESIAN_POINT('',(42.597096530016,12.600761676315,-74.));
#1396 = CARTESIAN_POINT('',(44.375388298594,12.379696596779,-74.));
#1397 = CARTESIAN_POINT('',(47.692310429592,11.938145928118,-74.));
#1398 = CARTESIAN_POINT('',(49.231396824739,11.721478556455,-74.));
#1399 = CARTESIAN_POINT('',(50.768748914891,11.492503492966,-74.));
#1400 = CARTESIAN_POINT('',(52.304140116974,11.250364387828,-74.));
#1401 = CARTESIAN_POINT('',(53.837261227211,10.994032109479,-74.));
#1402 = CARTESIAN_POINT('',(55.367713754076,10.722265014185,-74.));
#1403 = CARTESIAN_POINT('',(56.894992746274,10.433507076873,-74.));
#1404 = CARTESIAN_POINT('',(59.293505783066,9.948819515469,-74.));
#1405 = CARTESIAN_POINT('',(60.167276214591,9.765692505149,-74.));
#1406 = CARTESIAN_POINT('',(61.039642303625,9.575870321377,-74.));
#1407 = CARTESIAN_POINT('',(61.910448377305,9.37889240312,-74.));
#1408 = CARTESIAN_POINT('',(62.779497061406,9.174230731556,-74.));
#1409 = CARTESIAN_POINT('',(63.646543591939,8.961265597453,-74.));
#1410 = CARTESIAN_POINT('',(64.51128560513,8.739242804768,-74.));
#1411 = CARTESIAN_POINT('',(66.095710371655,8.312783315421,-74.));
#1412 = CARTESIAN_POINT('',(66.816136495425,8.111341903234,-74.));
#1413 = CARTESIAN_POINT('',(67.534444828962,7.902317513835,-74.));
#1414 = CARTESIAN_POINT('',(68.250366144734,7.685056069748,-74.));
#1415 = CARTESIAN_POINT('',(68.963530176453,7.458778863698,-74.));
#1416 = CARTESIAN_POINT('',(69.673456441344,7.22255365924,-74.));
#1417 = CARTESIAN_POINT('',(70.379528530302,6.97521423233,-74.));
#1418 = CARTESIAN_POINT('',(71.460532440245,6.574424670677,-74.));
#1419 = CARTESIAN_POINT('',(71.83874156828,6.429970720319,-74.));
#1420 = CARTESIAN_POINT('',(72.215434951644,6.281549289089,-74.));
#1421 = CARTESIAN_POINT('',(72.590450522912,6.128874167348,-74.));
#1422 = CARTESIAN_POINT('',(72.963585969216,5.971622834834,-74.));
#1423 = CARTESIAN_POINT('',(73.334593182296,5.809423254265,-74.));
#1424 = CARTESIAN_POINT('',(73.703168521244,5.641831001146,-74.));
#1425 = CARTESIAN_POINT('',(74.373562858428,5.323772450138,-74.));
#1426 = CARTESIAN_POINT('',(74.676202624643,5.175144957444,-74.));
#1427 = CARTESIAN_POINT('',(74.97666822853,5.022085570581,-74.));
#1428 = CARTESIAN_POINT('',(75.274696750911,4.864231465141,-74.));
#1429 = CARTESIAN_POINT('',(75.569943398092,4.701170159338,-74.));
#1430 = CARTESIAN_POINT('',(75.861974059736,4.532426082302,-74.));
#1431 = CARTESIAN_POINT('',(76.150247786316,4.357429019036,-74.));
#1432 = CARTESIAN_POINT('',(76.640755825194,4.042927199117,-74.));
#1433 = CARTESIAN_POINT('',(76.845028626968,3.906735912396,-74.));
#1434 = CARTESIAN_POINT('',(77.046659412595,3.76657446606,-74.));
#1435 = CARTESIAN_POINT('',(77.245317272777,3.622125974109,-74.));
#1436 = CARTESIAN_POINT('',(77.440576317238,3.473051029356,-74.));
#1437 = CARTESIAN_POINT('',(77.631905609334,3.318974479728,-74.));
#1438 = CARTESIAN_POINT('',(77.818649734141,3.159460516134,-74.));
#1439 = CARTESIAN_POINT('',(78.000000000003,2.993976071909,-74.));
#1440 = PCURVE('',#155,#1441);
#1441 = DEFINITIONAL_REPRESENTATION('',(#1442),#1732);
#1442 = B_SPLINE_CURVE_WITH_KNOTS('',8,(#1443,#1444,#1445,#1446,#1447,
    #1448,#1449,#1450,#1451,#1452,#1453,#1454,#1455,#1456,#1457,#1458,
    #1459,#1460,#1461,#1462,#1463,#1464,#1465,#1466,#1467,#1468,#1469,
    #1470,#1471,#1472,#1473,#1474,#1475,#1476,#1477,#1478,#1479,#1480,
    #1481,#1482,#1483,#1484,#1485,#1486,#1487,#1488,#1489,#1490,#1491,
    #1492,#1493,#1494,#1495,#1496,#1497,#1498,#1499,#1500,#1501,#1502,
    #1503,#1504,#1505,#1506,#1507,#1508,#1509,#1510,#1511,#1512,#1513,
    #1514,#1515,#1516,#1517,#1518,#1519,#1520,#1521,#1522,#1523,#1524,
    #1525,#1526,#1527,#1528,#1529,#1530,#1531,#1532,#1533,#1534,#1535,
    #1536,#1537,#1538,#1539,#1540,#1541,#1542,#1543,#1544,#1545,#1546,
    #1547,#1548,#1549,#1550,#1551,#1552,#1553,#1554,#1555,#1556,#1557,
    #1558,#1559,#1560,#1561,#1562,#1563,#1564,#1565,#1566,#1567,#1568,
    #1569,#1570,#1571,#1572,#1573,#1574,#1575,#1576,#1577,#1578,#1579,
    #1580,#1581,#1582,#1583,#1584,#1585,#1586,#1587,#1588,#1589,#1590,
    #1591,#1592,#1593,#1594,#1595,#1596,#1597,#1598,#1599,#1600,#1601,
    #1602,#1603,#1604,#1605,#1606,#1607,#1608,#1609,#1610,#1611,#1612,
    #1613,#1614,#1615,#1616,#1617,#1618,#1619,#1620,#1621,#1622,#1623,
    #1624,#1625,#1626,#1627,#1628,#1629,#1630,#1631,#1632,#1633,#1634,
    #1635,#1636,#1637,#1638,#1639,#1640,#1641,#1642,#1643,#1644,#1645,
    #1646,#1647,#1648,#1649,#1650,#1651,#1652,#1653,#1654,#1655,#1656,
    #1657,#1658,#1659,#1660,#1661,#1662,#1663,#1664,#1665,#1666,#1667,
    #1668,#1669,#1670,#1671,#1672,#1673,#1674,#1675,#1676,#1677,#1678,
    #1679,#1680,#1681,#1682,#1683,#1684,#1685,#1686,#1687,#1688,#1689,
    #1690,#1691,#1692,#1693,#1694,#1695,#1696,#1697,#1698,#1699,#1700,
    #1701,#1702,#1703,#1704,#1705,#1706,#1707,#1708,#1709,#1710,#1711,
    #1712,#1713,#1714,#1715,#1716,#1717,#1718,#1719,#1720,#1721,#1722,
    #1723,#1724,#1725,#1726,#1727,#1728,#1729,#1730,#1731),
  .UNSPECIFIED.,.F.,.F.,(9,7,7,7,7,7,7,7,7,7,7,7,7,7,7,7,7,7,7,7,7,7,7,7
    ,7,7,7,7,7,7,7,7,7,7,7,7,7,7,7,7,7,9),(0.,6.853178819108E-03,
    1.653127527934E-02,3.014760570536E-02,4.656643957995E-02,
    8.341383058404E-02,0.127399185748,0.184261047478,0.2445827032,
    0.29457916649,0.342536732397,0.386513573265,0.424657709362,
    0.446567400756,0.464926536219,0.474862573751,0.483137588555,
    0.493133788728,0.49599494861,0.497342123734,0.499935605936,
    0.502619033559,0.504065181711,0.507202483649,0.512921074365,
    0.520604014298,0.531632762869,0.547824368648,0.567332667949,
    0.617959152859,0.678490169845,0.716518255992,0.755351927808,
    0.805362192656,0.853332997304,0.897321978008,0.935476643762,
    0.957392383286,0.97575658677,0.985695367152,0.993972666293,1.),
  .UNSPECIFIED.);
#1443 = CARTESIAN_POINT('',(0.967804418678,1.822824629639E-02));
#1444 = CARTESIAN_POINT('',(0.965752511831,1.822824629639E-02));
#1445 = CARTESIAN_POINT('',(0.963778726961,1.822824629639E-02));
#1446 = CARTESIAN_POINT('',(0.961874634615,1.822824629639E-02));
#1447 = CARTESIAN_POINT('',(0.960033753745,1.822824629639E-02));
#1448 = CARTESIAN_POINT('',(0.958250582583,1.822824629639E-02));
#1449 = CARTESIAN_POINT('',(0.956520194965,1.822824629639E-02));
#1450 = CARTESIAN_POINT('',(0.954838092124,1.822824629639E-02));
#1451 = CARTESIAN_POINT('',(0.950886677379,1.822824629639E-02));
#1452 = CARTESIAN_POINT('',(0.948662244773,1.822824629639E-02));
#1453 = CARTESIAN_POINT('',(0.946515460355,1.822824629639E-02));
#1454 = CARTESIAN_POINT('',(0.944438018314,1.822824629639E-02));
#1455 = CARTESIAN_POINT('',(0.942423165893,1.822824629639E-02));
#1456 = CARTESIAN_POINT('',(0.940465131253,1.822824629639E-02));
#1457 = CARTESIAN_POINT('',(0.93855891522,1.822824629639E-02));
#1458 = CARTESIAN_POINT('',(0.934084650589,1.822824629639E-02));
#1459 = CARTESIAN_POINT('',(0.931563592752,1.822824629639E-02));
#1460 = CARTESIAN_POINT('',(0.929124755707,1.822824629639E-02));
#1461 = CARTESIAN_POINT('',(0.926759169692,1.822824629639E-02));
#1462 = CARTESIAN_POINT('',(0.924459591363,1.822824629639E-02));
#1463 = CARTESIAN_POINT('',(0.922219910943,1.822824629639E-02));
#1464 = CARTESIAN_POINT('',(0.92003491766,1.822824629639E-02));
#1465 = CARTESIAN_POINT('',(0.915325675105,1.822824629639E-02));
#1466 = CARTESIAN_POINT('',(0.912824421836,1.822824629639E-02));
#1467 = CARTESIAN_POINT('',(0.910388384188,1.822824629639E-02));
#1468 = CARTESIAN_POINT('',(0.908011317348,1.822824629639E-02));
#1469 = CARTESIAN_POINT('',(0.905688078425,1.822824629639E-02));
#1470 = CARTESIAN_POINT('',(0.903414269525,1.822824629639E-02));
#1471 = CARTESIAN_POINT('',(0.90118603316,1.822824629639E-02));
#1472 = CARTESIAN_POINT('',(0.894094071893,1.822824629639E-02));
#1473 = CARTESIAN_POINT('',(0.889401207046,1.822824629639E-02));
#1474 = CARTESIAN_POINT('',(0.884883189661,1.822824629639E-02));
#1475 = CARTESIAN_POINT('',(0.880514918218,1.822824629639E-02));
#1476 = CARTESIAN_POINT('',(0.876276693022,1.822824629639E-02));
#1477 = CARTESIAN_POINT('',(0.872153084672,1.822824629639E-02));
#1478 = CARTESIAN_POINT('',(0.868131165441,1.822824629639E-02));
#1479 = CARTESIAN_POINT('',(0.859507301184,1.822824629639E-02));
#1480 = CARTESIAN_POINT('',(0.854944374588,1.822824629639E-02));
#1481 = CARTESIAN_POINT('',(0.850492984432,1.822824629639E-02));
#1482 = CARTESIAN_POINT('',(0.84613928033,1.822824629639E-02));
#1483 = CARTESIAN_POINT('',(0.841871993374,1.822824629639E-02));
#1484 = CARTESIAN_POINT('',(0.837681608269,1.822824629639E-02));
#1485 = CARTESIAN_POINT('',(0.833559997065,1.822824629639E-02));
#1486 = CARTESIAN_POINT('',(0.824251457824,1.822824629639E-02));
#1487 = CARTESIAN_POINT('',(0.819106034898,1.822824629639E-02));
#1488 = CARTESIAN_POINT('',(0.814048387598,1.822824629639E-02));
#1489 = CARTESIAN_POINT('',(0.809066181153,1.822824629639E-02));
#1490 = CARTESIAN_POINT('',(0.804148952336,1.822824629639E-02));
#1491 = CARTESIAN_POINT('',(0.79928752774,1.822824629639E-02));
#1492 = CARTESIAN_POINT('',(0.794473716963,1.822824629639E-02));
#1493 = CARTESIAN_POINT('',(0.784635823372,1.822824629639E-02));
#1494 = CARTESIAN_POINT('',(0.779616828033,1.822824629639E-02));
#1495 = CARTESIAN_POINT('',(0.774634084118,1.822824629639E-02));
#1496 = CARTESIAN_POINT('',(0.769679578852,1.822824629639E-02));
#1497 = CARTESIAN_POINT('',(0.764745908145,1.822824629639E-02));
#1498 = CARTESIAN_POINT('',(0.759826021177,1.822824629639E-02));
#1499 = CARTESIAN_POINT('',(0.754913017979,1.822824629639E-02));
#1500 = CARTESIAN_POINT('',(0.745927937984,1.822824629639E-02));
#1501 = CARTESIAN_POINT('',(0.741855881566,1.822824629639E-02));
#1502 = CARTESIAN_POINT('',(0.737779904739,1.822824629639E-02));
#1503 = CARTESIAN_POINT('',(0.733696083676,1.822824629639E-02));
#1504 = CARTESIAN_POINT('',(0.729600432864,1.822824629639E-02));
#1505 = CARTESIAN_POINT('',(0.725488827653,1.822824629639E-02));
#1506 = CARTESIAN_POINT('',(0.72135691323,1.822824629639E-02));
#1507 = CARTESIAN_POINT('',(0.713212609151,1.822824629639E-02));
#1508 = CARTESIAN_POINT('',(0.709202232026,1.822824629639E-02));
#1509 = CARTESIAN_POINT('',(0.70516472664,1.822824629639E-02));
#1510 = CARTESIAN_POINT('',(0.701095667604,1.822824629639E-02));
#1511 = CARTESIAN_POINT('',(0.696990278016,1.822824629639E-02));
#1512 = CARTESIAN_POINT('',(0.692843302283,1.822824629639E-02));
#1513 = CARTESIAN_POINT('',(0.688648819874,1.822824629639E-02));
#1514 = CARTESIAN_POINT('',(0.680503854065,1.822824629639E-02));
#1515 = CARTESIAN_POINT('',(0.676562050232,1.822824629639E-02));
#1516 = CARTESIAN_POINT('',(0.672569314405,1.822824629639E-02));
#1517 = CARTESIAN_POINT('',(0.668519704552,1.822824629639E-02));
#1518 = CARTESIAN_POINT('',(0.664406522184,1.822824629639E-02));
#1519 = CARTESIAN_POINT('',(0.660222032783,1.822824629639E-02));
#1520 = CARTESIAN_POINT('',(0.655956995199,1.822824629639E-02));
#1521 = CARTESIAN_POINT('',(0.647820878659,1.822824629639E-02));
#1522 = CARTESIAN_POINT('',(0.643972692495,1.822824629639E-02));
#1523 = CARTESIAN_POINT('',(0.640047887662,1.822824629639E-02));
#1524 = CARTESIAN_POINT('',(0.636037804127,1.822824629639E-02));
#1525 = CARTESIAN_POINT('',(0.631932137313,1.822824629639E-02));
#1526 = CARTESIAN_POINT('',(0.627718524803,1.822824629639E-02));
#1527 = CARTESIAN_POINT('',(0.623381493174,1.822824629639E-02));
#1528 = CARTESIAN_POINT('',(0.616325865612,1.822824629639E-02));
#1529 = CARTESIAN_POINT('',(0.613704142738,1.822824629639E-02));
#1530 = CARTESIAN_POINT('',(0.611030843012,1.822824629639E-02));
#1531 = CARTESIAN_POINT('',(0.608301374167,1.822824629639E-02));
#1532 = CARTESIAN_POINT('',(0.605510479234,1.822824629639E-02));
#1533 = CARTESIAN_POINT('',(0.602651982136,1.822824629639E-02));
#1534 = CARTESIAN_POINT('',(0.59971833969,1.822824629639E-02));
#1535 = CARTESIAN_POINT('',(0.594170794716,1.822824629639E-02));
#1536 = CARTESIAN_POINT('',(0.591582308369,1.822824629639E-02));
#1537 = CARTESIAN_POINT('',(0.588928769198,1.822824629639E-02));
#1538 = CARTESIAN_POINT('',(0.586203591556,1.822824629639E-02));
#1539 = CARTESIAN_POINT('',(0.58339893755,1.822824629639E-02));
#1540 = CARTESIAN_POINT('',(0.580505408446,1.822824629639E-02));
#1541 = CARTESIAN_POINT('',(0.577511193023,1.822824629639E-02));
#1542 = CARTESIAN_POINT('',(0.572716209894,1.822824629639E-02));
#1543 = CARTESIAN_POINT('',(0.570998262651,1.822824629639E-02));
#1544 = CARTESIAN_POINT('',(0.56924356716,1.822824629639E-02));
#1545 = CARTESIAN_POINT('',(0.567449202098,1.822824629639E-02));
#1546 = CARTESIAN_POINT('',(0.56561187678,1.822824629639E-02));
#1547 = CARTESIAN_POINT('',(0.563727789508,1.822824629639E-02));
#1548 = CARTESIAN_POINT('',(0.561792383445,1.822824629639E-02));
#1549 = CARTESIAN_POINT('',(0.55814068637,1.822824629639E-02));
#1550 = CARTESIAN_POINT('',(0.556442062004,1.822824629639E-02));
#1551 = CARTESIAN_POINT('',(0.554700725431,1.822824629639E-02));
#1552 = CARTESIAN_POINT('',(0.552912936409,1.822824629639E-02));
#1553 = CARTESIAN_POINT('',(0.551074446542,1.822824629639E-02));
#1554 = CARTESIAN_POINT('',(0.549180351911,1.822824629639E-02));
#1555 = CARTESIAN_POINT('',(0.547224752104,1.822824629639E-02));
#1556 = CARTESIAN_POINT('',(0.542754103792,1.822824629639E-02));
#1557 = CARTESIAN_POINT('',(0.540213298283,1.822824629639E-02));
#1558 = CARTESIAN_POINT('',(0.537558831028,1.822824629639E-02));
#1559 = CARTESIAN_POINT('',(0.534772257776,1.822824629639E-02));
#1560 = CARTESIAN_POINT('',(0.531835615749,1.822824629639E-02));
#1561 = CARTESIAN_POINT('',(0.528728456599,1.822824629639E-02));
#1562 = CARTESIAN_POINT('',(0.525428925609,1.822824629639E-02));
#1563 = CARTESIAN_POINT('',(0.520889934155,1.822824629639E-02));
#1564 = CARTESIAN_POINT('',(0.519861853536,1.822824629639E-02));
#1565 = CARTESIAN_POINT('',(0.518815258811,1.822824629639E-02));
#1566 = CARTESIAN_POINT('',(0.517749819066,1.822824629639E-02));
#1567 = CARTESIAN_POINT('',(0.516665385506,1.822824629639E-02));
#1568 = CARTESIAN_POINT('',(0.515562017528,1.822824629639E-02));
#1569 = CARTESIAN_POINT('',(0.514440021182,1.822824629639E-02));
#1570 = CARTESIAN_POINT('',(0.512763221826,1.822824629639E-02));
#1571 = CARTESIAN_POINT('',(0.512222465419,1.822824629639E-02));
#1572 = CARTESIAN_POINT('',(0.511677805919,1.822824629639E-02));
#1573 = CARTESIAN_POINT('',(0.511129337436,1.822824629639E-02));
#1574 = CARTESIAN_POINT('',(0.510577174482,1.822824629639E-02));
#1575 = CARTESIAN_POINT('',(0.510021453401,1.822824629639E-02));
#1576 = CARTESIAN_POINT('',(0.509462333804,1.822824629639E-02));
#1577 = CARTESIAN_POINT('',(0.50781743643,1.822824629639E-02));
#1578 = CARTESIAN_POINT('',(0.506722789653,1.822824629639E-02));
#1579 = CARTESIAN_POINT('',(0.505617575104,1.822824629639E-02));
#1580 = CARTESIAN_POINT('',(0.50450349498,1.822824629639E-02));
#1581 = CARTESIAN_POINT('',(0.503382454326,1.822824629639E-02));
#1582 = CARTESIAN_POINT('',(0.502256577113,1.822824629639E-02));
#1583 = CARTESIAN_POINT('',(0.501128222316,1.822824629639E-02));
#1584 = CARTESIAN_POINT('',(0.49883264943,1.822824629639E-02));
#1585 = CARTESIAN_POINT('',(0.497665147226,1.822824629639E-02));
#1586 = CARTESIAN_POINT('',(0.496500396932,1.822824629639E-02));
#1587 = CARTESIAN_POINT('',(0.495341007073,1.822824629639E-02));
#1588 = CARTESIAN_POINT('',(0.494189310852,1.822824629639E-02));
#1589 = CARTESIAN_POINT('',(0.493047385856,1.822824629639E-02));
#1590 = CARTESIAN_POINT('',(0.491917073753,1.822824629639E-02));
#1591 = CARTESIAN_POINT('',(0.490197988554,1.822824629639E-02));
#1592 = CARTESIAN_POINT('',(0.489599764445,1.822824629639E-02));
#1593 = CARTESIAN_POINT('',(0.489005545385,1.822824629639E-02));
#1594 = CARTESIAN_POINT('',(0.488415516821,1.822824629639E-02));
#1595 = CARTESIAN_POINT('',(0.487829833943,1.822824629639E-02));
#1596 = CARTESIAN_POINT('',(0.487248623714,1.822824629639E-02));
#1597 = CARTESIAN_POINT('',(0.486671986882,1.822824629639E-02));
#1598 = CARTESIAN_POINT('',(0.484859120529,1.822824629639E-02));
#1599 = CARTESIAN_POINT('',(0.483640253432,1.822824629639E-02));
#1600 = CARTESIAN_POINT('',(0.482443997492,1.822824629639E-02));
#1601 = CARTESIAN_POINT('',(0.481270576972,1.822824629639E-02));
#1602 = CARTESIAN_POINT('',(0.480119910879,1.822824629639E-02));
#1603 = CARTESIAN_POINT('',(0.478991664198,1.822824629639E-02));
#1604 = CARTESIAN_POINT('',(0.477885281081,1.822824629639E-02));
#1605 = CARTESIAN_POINT('',(0.474821778446,1.822824629639E-02));
#1606 = CARTESIAN_POINT('',(0.47291472349,1.822824629639E-02));
#1607 = CARTESIAN_POINT('',(0.471073503065,1.822824629639E-02));
#1608 = CARTESIAN_POINT('',(0.469293475218,1.822824629639E-02));
#1609 = CARTESIAN_POINT('',(0.467570335076,1.822824629639E-02));
#1610 = CARTESIAN_POINT('',(0.46589987486,1.822824629639E-02));
#1611 = CARTESIAN_POINT('',(0.464277856948,1.822824629639E-02));
#1612 = CARTESIAN_POINT('',(0.460580145519,1.822824629639E-02));
#1613 = CARTESIAN_POINT('',(0.458541470299,1.822824629639E-02));
#1614 = CARTESIAN_POINT('',(0.456574510212,1.822824629639E-02));
#1615 = CARTESIAN_POINT('',(0.454672135147,1.822824629639E-02));
#1616 = CARTESIAN_POINT('',(0.452828421529,1.822824629639E-02));
#1617 = CARTESIAN_POINT('',(0.451038184299,1.822824629639E-02));
#1618 = CARTESIAN_POINT('',(0.449296805917,1.822824629639E-02));
#1619 = CARTESIAN_POINT('',(0.445164259776,1.822824629639E-02));
#1620 = CARTESIAN_POINT('',(0.44282130675,1.822824629639E-02));
#1621 = CARTESIAN_POINT('',(0.440559148643,1.822824629639E-02));
#1622 = CARTESIAN_POINT('',(0.43836895784,1.822824629639E-02));
#1623 = CARTESIAN_POINT('',(0.436243600789,1.822824629639E-02));
#1624 = CARTESIAN_POINT('',(0.434177026615,1.822824629639E-02));
#1625 = CARTESIAN_POINT('',(0.43216404208,1.822824629639E-02));
#1626 = CARTESIAN_POINT('',(0.427316536397,1.822824629639E-02));
#1627 = CARTESIAN_POINT('',(0.4245391907,1.822824629639E-02));
#1628 = CARTESIAN_POINT('',(0.421853744367,1.822824629639E-02));
#1629 = CARTESIAN_POINT('',(0.419249766437,1.822824629639E-02));
#1630 = CARTESIAN_POINT('',(0.416718901419,1.822824629639E-02));
#1631 = CARTESIAN_POINT('',(0.414254147635,1.822824629639E-02));
#1632 = CARTESIAN_POINT('',(0.411849583598,1.822824629639E-02));
#1633 = CARTESIAN_POINT('',(0.406669126973,1.822824629639E-02));
#1634 = CARTESIAN_POINT('',(0.403918329185,1.822824629639E-02));
#1635 = CARTESIAN_POINT('',(0.40123873844,1.822824629639E-02));
#1636 = CARTESIAN_POINT('',(0.398623336876,1.822824629639E-02));
#1637 = CARTESIAN_POINT('',(0.396066367843,1.822824629639E-02));
#1638 = CARTESIAN_POINT('',(0.393562924057,1.822824629639E-02));
#1639 = CARTESIAN_POINT('',(0.391108713067,1.822824629639E-02));
#1640 = CARTESIAN_POINT('',(0.382449087306,1.822824629639E-02));
#1641 = CARTESIAN_POINT('',(0.376505344648,1.822824629639E-02));
#1642 = CARTESIAN_POINT('',(0.370803118295,1.822824629639E-02));
#1643 = CARTESIAN_POINT('',(0.365302911222,1.822824629639E-02));
#1644 = CARTESIAN_POINT('',(0.359973869879,1.822824629639E-02));
#1645 = CARTESIAN_POINT('',(0.354792779335,1.822824629639E-02));
#1646 = CARTESIAN_POINT('',(0.349740220961,1.822824629639E-02));
#1647 = CARTESIAN_POINT('',(0.338893277473,1.822824629639E-02));
#1648 = CARTESIAN_POINT('',(0.333147900927,1.822824629639E-02));
#1649 = CARTESIAN_POINT('',(0.327536807198,1.822824629639E-02));
#1650 = CARTESIAN_POINT('',(0.322039834854,1.822824629639E-02));
#1651 = CARTESIAN_POINT('',(0.316640636147,1.822824629639E-02));
#1652 = CARTESIAN_POINT('',(0.311325343066,1.822824629639E-02));
#1653 = CARTESIAN_POINT('',(0.306082028065,1.822824629639E-02));
#1654 = CARTESIAN_POINT('',(0.297644435837,1.822824629639E-02));
#1655 = CARTESIAN_POINT('',(0.294413101192,1.822824629639E-02));
#1656 = CARTESIAN_POINT('',(0.291203381284,1.822824629639E-02));
#1657 = CARTESIAN_POINT('',(0.288012867704,1.822824629639E-02));
#1658 = CARTESIAN_POINT('',(0.284839323921,1.822824629639E-02));
#1659 = CARTESIAN_POINT('',(0.281680650798,1.822824629639E-02));
#1660 = CARTESIAN_POINT('',(0.278534852098,1.822824629639E-02));
#1661 = CARTESIAN_POINT('',(0.272198739304,1.822824629639E-02));
#1662 = CARTESIAN_POINT('',(0.269008899326,1.822824629639E-02));
#1663 = CARTESIAN_POINT('',(0.265828436145,1.822824629639E-02));
#1664 = CARTESIAN_POINT('',(0.26265539194,1.822824629639E-02));
#1665 = CARTESIAN_POINT('',(0.259487872458,1.822824629639E-02));
#1666 = CARTESIAN_POINT('',(0.256324024473,1.822824629639E-02));
#1667 = CARTESIAN_POINT('',(0.253162013249,1.822824629639E-02));
#1668 = CARTESIAN_POINT('',(0.245927937982,1.822824629639E-02));
#1669 = CARTESIAN_POINT('',(0.241855881563,1.822824629639E-02));
#1670 = CARTESIAN_POINT('',(0.237779904735,1.822824629639E-02));
#1671 = CARTESIAN_POINT('',(0.233696083672,1.822824629639E-02));
#1672 = CARTESIAN_POINT('',(0.229600432861,1.822824629639E-02));
#1673 = CARTESIAN_POINT('',(0.225488827651,1.822824629639E-02));
#1674 = CARTESIAN_POINT('',(0.221356913229,1.822824629639E-02));
#1675 = CARTESIAN_POINT('',(0.213212609151,1.822824629639E-02));
#1676 = CARTESIAN_POINT('',(0.209202232026,1.822824629639E-02));
#1677 = CARTESIAN_POINT('',(0.20516472664,1.822824629639E-02));
#1678 = CARTESIAN_POINT('',(0.201095667604,1.822824629639E-02));
#1679 = CARTESIAN_POINT('',(0.196990278016,1.822824629639E-02));
#1680 = CARTESIAN_POINT('',(0.192843302284,1.822824629639E-02));
#1681 = CARTESIAN_POINT('',(0.188648819874,1.822824629639E-02));
#1682 = CARTESIAN_POINT('',(0.180503854067,1.822824629639E-02));
#1683 = CARTESIAN_POINT('',(0.176562050235,1.822824629639E-02));
#1684 = CARTESIAN_POINT('',(0.172569314409,1.822824629639E-02));
#1685 = CARTESIAN_POINT('',(0.168519704558,1.822824629639E-02));
#1686 = CARTESIAN_POINT('',(0.16440652219,1.822824629639E-02));
#1687 = CARTESIAN_POINT('',(0.160222032788,1.822824629639E-02));
#1688 = CARTESIAN_POINT('',(0.155956995201,1.822824629639E-02));
#1689 = CARTESIAN_POINT('',(0.147820878662,1.822824629639E-02));
#1690 = CARTESIAN_POINT('',(0.1439726925,1.822824629639E-02));
#1691 = CARTESIAN_POINT('',(0.140047887669,1.822824629639E-02));
#1692 = CARTESIAN_POINT('',(0.136037804135,1.822824629639E-02));
#1693 = CARTESIAN_POINT('',(0.13193213732,1.822824629639E-02));
#1694 = CARTESIAN_POINT('',(0.127718524809,1.822824629639E-02));
#1695 = CARTESIAN_POINT('',(0.123381493177,1.822824629639E-02));
#1696 = CARTESIAN_POINT('',(0.116325865613,1.822824629639E-02));
#1697 = CARTESIAN_POINT('',(0.113704142739,1.822824629639E-02));
#1698 = CARTESIAN_POINT('',(0.111030843012,1.822824629639E-02));
#1699 = CARTESIAN_POINT('',(0.108301374167,1.822824629639E-02));
#1700 = CARTESIAN_POINT('',(0.105510479234,1.822824629639E-02));
#1701 = CARTESIAN_POINT('',(0.102651982136,1.822824629639E-02));
#1702 = CARTESIAN_POINT('',(9.971833968985E-02,1.822824629639E-02));
#1703 = CARTESIAN_POINT('',(9.417079471442E-02,1.822824629639E-02));
#1704 = CARTESIAN_POINT('',(9.158230836552E-02,1.822824629639E-02));
#1705 = CARTESIAN_POINT('',(8.892876919329E-02,1.822824629639E-02));
#1706 = CARTESIAN_POINT('',(8.620359155128E-02,1.822824629639E-02));
#1707 = CARTESIAN_POINT('',(8.33989375444E-02,1.822824629639E-02));
#1708 = CARTESIAN_POINT('',(8.050540844138E-02,1.822824629639E-02));
#1709 = CARTESIAN_POINT('',(7.751119301961E-02,1.822824629639E-02));
#1710 = CARTESIAN_POINT('',(7.271620989312E-02,1.822824629639E-02));
#1711 = CARTESIAN_POINT('',(7.099826264913E-02,1.822824629639E-02));
#1712 = CARTESIAN_POINT('',(6.924356715676E-02,1.822824629639E-02));
#1713 = CARTESIAN_POINT('',(6.744920209513E-02,1.822824629639E-02));
#1714 = CARTESIAN_POINT('',(6.561187677702E-02,1.822824629639E-02));
#1715 = CARTESIAN_POINT('',(6.372778950543E-02,1.822824629639E-02));
#1716 = CARTESIAN_POINT('',(6.179238344387E-02,1.822824629639E-02));
#1717 = CARTESIAN_POINT('',(5.814068636876E-02,1.822824629639E-02));
#1718 = CARTESIAN_POINT('',(5.644206200199E-02,1.822824629639E-02));
#1719 = CARTESIAN_POINT('',(5.470072542786E-02,1.822824629639E-02));
#1720 = CARTESIAN_POINT('',(5.291293640692E-02,1.822824629639E-02));
#1721 = CARTESIAN_POINT('',(5.107444653998E-02,1.822824629639E-02));
#1722 = CARTESIAN_POINT('',(4.918035190832E-02,1.822824629639E-02));
#1723 = CARTESIAN_POINT('',(4.722475210301E-02,1.822824629639E-02));
#1724 = CARTESIAN_POINT('',(4.372562334772E-02,1.822824629639E-02));
#1725 = CARTESIAN_POINT('',(4.221492346901E-02,1.822824629639E-02));
#1726 = CARTESIAN_POINT('',(4.066480773599E-02,1.822824629639E-02));
#1727 = CARTESIAN_POINT('',(3.907197787304E-02,1.822824629639E-02));
#1728 = CARTESIAN_POINT('',(3.743290787317E-02,1.822824629639E-02));
#1729 = CARTESIAN_POINT('',(3.574369563105E-02,1.822824629639E-02));
#1730 = CARTESIAN_POINT('',(3.39997882927E-02,1.822824629639E-02));
#1731 = CARTESIAN_POINT('',(3.219558132186E-02,1.822824629639E-02));
#1732 = ( GEOMETRIC_REPRESENTATION_CONTEXT(2) 
PARAMETRIC_REPRESENTATION_CONTEXT() REPRESENTATION_CONTEXT('2D SPACE',''
  ) );
#1733 = PCURVE('',#1121,#1734);
#1734 = DEFINITIONAL_REPRESENTATION('',(#1735),#2025);
#1735 = B_SPLINE_CURVE_WITH_KNOTS('',8,(#1736,#1737,#1738,#1739,#1740,
    #1741,#1742,#1743,#1744,#1745,#1746,#1747,#1748,#1749,#1750,#1751,
    #1752,#1753,#1754,#1755,#1756,#1757,#1758,#1759,#1760,#1761,#1762,
    #1763,#1764,#1765,#1766,#1767,#1768,#1769,#1770,#1771,#1772,#1773,
    #1774,#1775,#1776,#1777,#1778,#1779,#1780,#1781,#1782,#1783,#1784,
    #1785,#1786,#1787,#1788,#1789,#1790,#1791,#1792,#1793,#1794,#1795,
    #1796,#1797,#1798,#1799,#1800,#1801,#1802,#1803,#1804,#1805,#1806,
    #1807,#1808,#1809,#1810,#1811,#1812,#1813,#1814,#1815,#1816,#1817,
    #1818,#1819,#1820,#1821,#1822,#1823,#1824,#1825,#1826,#1827,#1828,
    #1829,#1830,#1831,#1832,#1833,#1834,#1835,#1836,#1837,#1838,#1839,
    #1840,#1841,#1842,#1843,#1844,#1845,#1846,#1847,#1848,#1849,#1850,
    #1851,#1852,#1853,#1854,#1855,#1856,#1857,#1858,#1859,#1860,#1861,
    #1862,#1863,#1864,#1865,#1866,#1867,#1868,#1869,#1870,#1871,#1872,
    #1873,#1874,#1875,#1876,#1877,#1878,#1879,#1880,#1881,#1882,#1883,
    #1884,#1885,#1886,#1887,#1888,#1889,#1890,#1891,#1892,#1893,#1894,
    #1895,#1896,#1897,#1898,#1899,#1900,#1901,#1902,#1903,#1904,#1905,
    #1906,#1907,#1908,#1909,#1910,#1911,#1912,#1913,#1914,#1915,#1916,
    #1917,#1918,#1919,#1920,#1921,#1922,#1923,#1924,#1925,#1926,#1927,
    #1928,#1929,#1930,#1931,#1932,#1933,#1934,#1935,#1936,#1937,#1938,
    #1939,#1940,#1941,#1942,#1943,#1944,#1945,#1946,#1947,#1948,#1949,
    #1950,#1951,#1952,#1953,#1954,#1955,#1956,#1957,#1958,#1959,#1960,
    #1961,#1962,#1963,#1964,#1965,#1966,#1967,#1968,#1969,#1970,#1971,
    #1972,#1973,#1974,#1975,#1976,#1977,#1978,#1979,#1980,#1981,#1982,
    #1983,#1984,#1985,#1986,#1987,#1988,#1989,#1990,#1991,#1992,#1993,
    #1994,#1995,#1996,#1997,#1998,#1999,#2000,#2001,#2002,#2003,#2004,
    #2005,#2006,#2007,#2008,#2009,#2010,#2011,#2012,#2013,#2014,#2015,
    #2016,#2017,#2018,#2019,#2020,#2021,#2022,#2023,#2024),
  .UNSPECIFIED.,.F.,.F.,(9,7,7,7,7,7,7,7,7,7,7,7,7,7,7,7,7,7,7,7,7,7,7,7
    ,7,7,7,7,7,7,7,7,7,7,7,7,7,7,7,7,7,9),(0.,6.853178819108E-03,
    1.653127527934E-02,3.014760570536E-02,4.656643957995E-02,
    8.341383058404E-02,0.127399185748,0.184261047478,0.2445827032,
    0.29457916649,0.342536732397,0.386513573265,0.424657709362,
    0.446567400756,0.464926536219,0.474862573751,0.483137588555,
    0.493133788728,0.49599494861,0.497342123734,0.499935605936,
    0.502619033559,0.504065181711,0.507202483649,0.512921074365,
    0.520604014298,0.531632762869,0.547824368648,0.567332667949,
    0.617959152859,0.678490169845,0.716518255992,0.755351927808,
    0.805362192656,0.853332997304,0.897321978008,0.935476643762,
    0.957392383286,0.97575658677,0.985695367152,0.993972666293,1.),
  .UNSPECIFIED.);
#1736 = CARTESIAN_POINT('',(-2.955857780762E-12,2.993976071909));
#1737 = CARTESIAN_POINT('',(0.206247874098,3.182179903075));
#1738 = CARTESIAN_POINT('',(0.419460104742,3.362649533941));
#1739 = CARTESIAN_POINT('',(0.63845882881,3.536186234867));
#1740 = CARTESIAN_POINT('',(0.862321940977,3.703410921192));
#1741 = CARTESIAN_POINT('',(1.090314993395,3.864853123622));
#1742 = CARTESIAN_POINT('',(1.321863680816,4.020987478372));
#1743 = CARTESIAN_POINT('',(1.556544231997,4.17224655862));
#1744 = CARTESIAN_POINT('',(2.12950283942,4.526339768972));
#1745 = CARTESIAN_POINT('',(2.470446914805,4.724632262325));
#1746 = CARTESIAN_POINT('',(2.815951316302,4.914997209332));
#1747 = CARTESIAN_POINT('',(3.165290921835,5.098238640575));
#1748 = CARTESIAN_POINT('',(3.517896329267,5.275012837244));
#1749 = CARTESIAN_POINT('',(3.873325819275,5.445881383052));
#1750 = CARTESIAN_POINT('',(4.231255404942,5.611330110256));
#1751 = CARTESIAN_POINT('',(5.098249520886,5.997558719118));
#1752 = CARTESIAN_POINT('',(5.60941807708,6.213400890825));
#1753 = CARTESIAN_POINT('',(6.124244134913,6.420496135));
#1754 = CARTESIAN_POINT('',(6.642170650818,6.619722632963));
#1755 = CARTESIAN_POINT('',(7.162758444066,6.811792443334));
#1756 = CARTESIAN_POINT('',(7.685664663902,6.997307141853));
#1757 = CARTESIAN_POINT('',(8.210634386706,7.176779617833));
#1758 = CARTESIAN_POINT('',(9.372781299952,7.560332724911));
#1759 = CARTESIAN_POINT('',(10.010749161127,7.761854174786));
#1760 = CARTESIAN_POINT('',(10.651026974756,7.956000669443));
#1761 = CARTESIAN_POINT('',(11.2933187764,8.143390990985));
#1762 = CARTESIAN_POINT('',(11.937384280634,8.324536730055));
#1763 = CARTESIAN_POINT('',(12.583028894815,8.49987612765));
#1764 = CARTESIAN_POINT('',(13.230098094865,8.669793409958));
#1765 = CARTESIAN_POINT('',(15.333575860216,9.204538014943));
#1766 = CARTESIAN_POINT('',(16.795110398879,9.548793560249));
#1767 = CARTESIAN_POINT('',(18.261730102737,9.871194067052));
#1768 = CARTESIAN_POINT('',(19.732470941822,10.174264127301));
#1769 = CARTESIAN_POINT('',(21.206597676555,10.459989034169));
#1770 = CARTESIAN_POINT('',(22.683581441813,10.729924007905));
#1771 = CARTESIAN_POINT('',(24.163062746281,10.985362962932));
#1772 = CARTESIAN_POINT('',(27.413666935147,11.516293385491));
#1773 = CARTESIAN_POINT('',(29.185594225663,11.786056050716));
#1774 = CARTESIAN_POINT('',(30.960124606513,12.038493371699));
#1775 = CARTESIAN_POINT('',(32.736860287697,12.274981321416));
#1776 = CARTESIAN_POINT('',(34.515481055504,12.496628404475));
#1777 = CARTESIAN_POINT('',(36.295733476115,12.704356170814));
#1778 = CARTESIAN_POINT('',(38.077426184551,12.89893440656));
#1779 = CARTESIAN_POINT('',(42.165386701724,13.316412418499));
#1780 = CARTESIAN_POINT('',(44.472465485364,13.530921042186));
#1781 = CARTESIAN_POINT('',(46.781322417813,13.72596251757));
#1782 = CARTESIAN_POINT('',(49.091672947372,13.902624063127));
#1783 = CARTESIAN_POINT('',(51.403277534337,14.061775109868));
#1784 = CARTESIAN_POINT('',(53.715937405295,14.204122320584));
#1785 = CARTESIAN_POINT('',(56.029492494781,14.330236109876));
#1786 = CARTESIAN_POINT('',(60.798962831847,14.557629302175));
#1787 = CARTESIAN_POINT('',(63.254945261276,14.656929382464));
#1788 = CARTESIAN_POINT('',(65.711602440753,14.739023252061));
#1789 = CARTESIAN_POINT('',(68.168781179663,14.804316120441));
#1790 = CARTESIAN_POINT('',(70.626338578604,14.853096818858));
#1791 = CARTESIAN_POINT('',(73.084141558041,14.885553989671));
#1792 = CARTESIAN_POINT('',(75.542066643245,14.901782903411));
#1793 = CARTESIAN_POINT('',(80.037211578182,14.901782903743));
#1794 = CARTESIAN_POINT('',(82.074420134088,14.890634324267));
#1795 = CARTESIAN_POINT('',(84.111558647171,14.8683373216));
#1796 = CARTESIAN_POINT('',(86.148556433071,14.834847151493));
#1797 = CARTESIAN_POINT('',(88.185339151899,14.79007477141));
#1798 = CARTESIAN_POINT('',(90.221828750562,14.733884642059));
#1799 = CARTESIAN_POINT('',(92.257943344667,14.666089728078));
#1800 = CARTESIAN_POINT('',(96.246235083438,14.510045699026));
#1801 = CARTESIAN_POINT('',(98.198440811918,14.422743651862));
#1802 = CARTESIAN_POINT('',(100.15014182783,14.324320569792));
#1803 = CARTESIAN_POINT('',(102.10125278413,14.214507882732));
#1804 = CARTESIAN_POINT('',(104.05167514514,14.092981275747));
#1805 = CARTESIAN_POINT('',(106.00129653153,13.959350125382));
#1806 = CARTESIAN_POINT('',(107.9499896496,13.813140533659));
#1807 = CARTESIAN_POINT('',(111.68356937026,13.507631798513));
#1808 = CARTESIAN_POINT('',(113.46860855463,13.350427427291));
#1809 = CARTESIAN_POINT('',(115.2526285357,13.181712166741));
#1810 = CARTESIAN_POINT('',(117.03549802244,13.000958849116));
#1811 = CARTESIAN_POINT('',(118.81705353468,12.807552111443));
#1812 = CARTESIAN_POINT('',(120.59709651672,12.600761672587));
#1813 = CARTESIAN_POINT('',(122.37538828474,12.379696594191));
#1814 = CARTESIAN_POINT('',(125.69231041725,11.93814592825));
#1815 = CARTESIAN_POINT('',(127.23139681434,11.72147855803));
#1816 = CARTESIAN_POINT('',(128.76874890661,11.492503496299));
#1817 = CARTESIAN_POINT('',(130.30414011079,11.250364393306));
#1818 = CARTESIAN_POINT('',(131.8372612232,10.994032117421));
#1819 = CARTESIAN_POINT('',(133.36771375242,10.722265024801));
#1820 = CARTESIAN_POINT('',(134.8949927469,10.433507090304));
#1821 = CARTESIAN_POINT('',(137.29350578823,9.948819532908));
#1822 = CARTESIAN_POINT('',(138.16727622196,9.765692523879));
#1823 = CARTESIAN_POINT('',(139.03964231315,9.5758703413));
#1824 = CARTESIAN_POINT('',(139.91044838897,9.378892424066));
#1825 = CARTESIAN_POINT('',(140.7794970752,9.174230753278));
#1826 = CARTESIAN_POINT('',(141.64654360779,8.961265619622));
#1827 = CARTESIAN_POINT('',(142.51128562289,8.739242826959));
#1828 = CARTESIAN_POINT('',(144.09571039218,8.312783336753));
#1829 = CARTESIAN_POINT('',(144.81613651674,8.111341923885));
#1830 = CARTESIAN_POINT('',(145.53444485106,7.902317533333));
#1831 = CARTESIAN_POINT('',(146.25036616735,7.68505608757));
#1832 = CARTESIAN_POINT('',(146.96353019937,7.458778879228));
#1833 = CARTESIAN_POINT('',(147.67345646438,7.222553671759));
#1834 = CARTESIAN_POINT('',(148.37952855305,6.975214241052));
#1835 = CARTESIAN_POINT('',(149.4605324613,6.574424672475));
#1836 = CARTESIAN_POINT('',(149.83874158821,6.429970719601));
#1837 = CARTESIAN_POINT('',(150.2154349703,6.281549285625));
#1838 = CARTESIAN_POINT('',(150.59045054015,6.128874160891));
#1839 = CARTESIAN_POINT('',(150.96358598492,5.971622825125));
#1840 = CARTESIAN_POINT('',(151.3345931963,5.809423241062));
#1841 = CARTESIAN_POINT('',(151.70316853335,5.641830984242));
#1842 = CARTESIAN_POINT('',(152.37356286635,5.323772426301));
#1843 = CARTESIAN_POINT('',(152.67620263038,5.175144930422));
#1844 = CARTESIAN_POINT('',(152.97666823178,5.022085540359));
#1845 = CARTESIAN_POINT('',(153.27469675178,4.86423143156));
#1846 = CARTESIAN_POINT('',(153.56994339646,4.701170122392));
#1847 = CARTESIAN_POINT('',(153.8619740553,4.532426042116));
#1848 = CARTESIAN_POINT('',(154.1502477793,4.357428975589));
#1849 = CARTESIAN_POINT('',(154.77694347058,3.955606936165));
#1850 = CARTESIAN_POINT('',(155.11248139843,3.726112208314));
#1851 = CARTESIAN_POINT('',(155.44040691956,3.485200710524));
#1852 = CARTESIAN_POINT('',(155.75926707285,3.231109823654));
#1853 = CARTESIAN_POINT('',(156.06648626063,2.962102617392));
#1854 = CARTESIAN_POINT('',(156.35808766199,2.676207963322));
#1855 = CARTESIAN_POINT('',(156.6288276226,2.371339319641));
#1856 = CARTESIAN_POINT('',(156.94031017584,1.950367616475));
#1857 = CARTESIAN_POINT('',(157.00723043647,1.854923523083));
#1858 = CARTESIAN_POINT('',(157.07155965061,1.757668115826));
#1859 = CARTESIAN_POINT('',(157.13307393823,1.658571037678));
#1860 = CARTESIAN_POINT('',(157.19152490727,1.557619535662));
#1861 = CARTESIAN_POINT('',(157.24664420881,1.454821126334));
#1862 = CARTESIAN_POINT('',(157.29815009409,1.350207397396));
#1863 = CARTESIAN_POINT('',(157.36817116835,1.193755434447));
#1864 = CARTESIAN_POINT('',(157.38972098662,1.143284569213));
#1865 = CARTESIAN_POINT('',(157.41037518573,1.092433808202));
#1866 = CARTESIAN_POINT('',(157.43010319153,1.041212444439));
#1867 = CARTESIAN_POINT('',(157.44887447002,0.989631741746));
#1868 = CARTESIAN_POINT('',(157.46665889906,0.937705070971));
#1869 = CARTESIAN_POINT('',(157.48342714016,0.885448046224));
#1870 = CARTESIAN_POINT('',(157.52942144534,0.731675957563));
#1871 = CARTESIAN_POINT('',(157.55582603093,0.629299647736));
#1872 = CARTESIAN_POINT('',(157.57815645204,0.525896741747));
#1873 = CARTESIAN_POINT('',(157.59622898122,0.42163283013));
#1874 = CARTESIAN_POINT('',(157.60989318031,0.316693347181));
#1875 = CARTESIAN_POINT('',(157.61904060227,0.211284834303));
#1876 = CARTESIAN_POINT('',(157.62361349297,0.105636203356));
#1877 = CARTESIAN_POINT('',(157.62361349297,-0.109299807756));
#1878 = CARTESIAN_POINT('',(157.618717885,-0.218613842128));
#1879 = CARTESIAN_POINT('',(157.60892478674,-0.327661189106));
#1880 = CARTESIAN_POINT('',(157.59430056792,-0.43618871314));
#1881 = CARTESIAN_POINT('',(157.57496935987,-0.543969491813));
#1882 = CARTESIAN_POINT('',(157.55110256519,-0.650801250507));
#1883 = CARTESIAN_POINT('',(157.52290836733,-0.756504797074));
#1884 = CARTESIAN_POINT('',(157.47322111775,-0.91719504008));
#1885 = CARTESIAN_POINT('',(157.45463064142,-0.973099528242));
#1886 = CARTESIAN_POINT('',(157.43488516385,-1.028614651573));
#1887 = CARTESIAN_POINT('',(157.41402139788,-1.083722251507));
#1888 = CARTESIAN_POINT('',(157.39207690977,-1.138407087538));
#1889 = CARTESIAN_POINT('',(157.36908961236,-1.192656644438));
#1890 = CARTESIAN_POINT('',(157.34509725825,-1.246460939456));
#1891 = CARTESIAN_POINT('',(157.26598751762,-1.415553873249));
#1892 = CARTESIAN_POINT('',(157.20728806678,-1.529151939796));
#1893 = CARTESIAN_POINT('',(157.14441217773,-1.640545557229));
#1894 = CARTESIAN_POINT('',(157.07772260766,-1.74971041986));
#1895 = CARTESIAN_POINT('',(157.00756007689,-1.856652110769));
#1896 = CARTESIAN_POINT('',(156.93423487627,-1.96140099051));
#1897 = CARTESIAN_POINT('',(156.85802127863,-2.064008752023));
#1898 = CARTESIAN_POINT('',(156.63539894724,-2.347804439034));
#1899 = CARTESIAN_POINT('',(156.48290590309,-2.524087345405));
#1900 = CARTESIAN_POINT('',(156.32307012079,-2.693894312382));
#1901 = CARTESIAN_POINT('',(156.15704155601,-2.857665255194));
#1902 = CARTESIAN_POINT('',(155.98575716902,-3.015811492493));
#1903 = CARTESIAN_POINT('',(155.80996166553,-3.16873601483));
#1904 = CARTESIAN_POINT('',(155.63021743054,-3.316843581896));
#1905 = CARTESIAN_POINT('',(155.20062117191,-3.65359799192));
#1906 = CARTESIAN_POINT('',(154.94806783727,-3.838560630217));
#1907 = CARTESIAN_POINT('',(154.69031345485,-4.016332299928));
#1908 = CARTESIAN_POINT('',(154.42818537708,-4.187598722579));
#1909 = CARTESIAN_POINT('',(154.16233821603,-4.35293194327));
#1910 = CARTESIAN_POINT('',(153.89328207888,-4.512833183467));
#1911 = CARTESIAN_POINT('',(153.62139251291,-4.667748034594));
#1912 = CARTESIAN_POINT('',(152.95293171579,-5.033898393666));
#1913 = CARTESIAN_POINT('',(152.55377858058,-5.240198183026));
#1914 = CARTESIAN_POINT('',(152.15035300542,-5.438144583638));
#1915 = CARTESIAN_POINT('',(151.74333054703,-5.628595415442));
#1916 = CARTESIAN_POINT('',(151.33324096249,-5.812246660908));
#1917 = CARTESIAN_POINT('',(150.92049505217,-5.989689429179));
#1918 = CARTESIAN_POINT('',(150.50539433318,-6.161430605038));
#1919 = CARTESIAN_POINT('',(149.47557049885,-6.57235166369));
#1920 = CARTESIAN_POINT('',(148.85849811602,-6.805412350093));
#1921 = CARTESIAN_POINT('',(148.23769331114,-7.028492362204));
#1922 = CARTESIAN_POINT('',(147.61373876129,-7.242617981687));
#1923 = CARTESIAN_POINT('',(146.98709112171,-7.448614872287));
#1924 = CARTESIAN_POINT('',(146.35810451295,-7.647176073142));
#1925 = CARTESIAN_POINT('',(145.72703930287,-7.838887546273));
#1926 = CARTESIAN_POINT('',(144.3314530153,-8.247609936748));
#1927 = CARTESIAN_POINT('',(143.56614574424,-8.461738334714));
#1928 = CARTESIAN_POINT('',(142.79852541111,-8.667526622031));
#1929 = CARTESIAN_POINT('',(142.02889286431,-8.865674007929));
#1930 = CARTESIAN_POINT('',(141.25749181502,-9.056756248912));
#1931 = CARTESIAN_POINT('',(140.48451905869,-9.241264865624));
#1932 = CARTESIAN_POINT('',(139.71013019022,-9.419629410332));
#1933 = CARTESIAN_POINT('',(136.92142953126,-10.04012425224));
#1934 = CARTESIAN_POINT('',(134.89991631531,-10.44910546121));
#1935 = CARTESIAN_POINT('',(132.87194393812,-10.82572485043));
#1936 = CARTESIAN_POINT('',(130.83890425027,-11.17396967097));
#1937 = CARTESIAN_POINT('',(128.80184115775,-11.4969459907));
#1938 = CARTESIAN_POINT('',(126.76146601806,-11.79697817432));
#1939 = CARTESIAN_POINT('',(124.71822741512,-12.07597694066));
#1940 = CARTESIAN_POINT('',(120.22614887933,-12.64577647067));
#1941 = CARTESIAN_POINT('',(117.77647923869,-12.92816851301));
#1942 = CARTESIAN_POINT('',(115.32394731437,-13.18529289924));
#1943 = CARTESIAN_POINT('',(112.86906153631,-13.41905447661));
#1944 = CARTESIAN_POINT('',(110.41223067743,-13.63093978392));
#1945 = CARTESIAN_POINT('',(107.95377631282,-13.82214603564));
#1946 = CARTESIAN_POINT('',(105.49393754106,-13.99363012458));
#1947 = CARTESIAN_POINT('',(101.48673807851,-14.24200377325));
#1948 = CARTESIAN_POINT('',(99.940136109905,-14.33035870102));
#1949 = CARTESIAN_POINT('',(98.393124196098,-14.41142745492));
#1950 = CARTESIAN_POINT('',(96.845750963069,-14.4853740827));
#1951 = CARTESIAN_POINT('',(95.298061316671,-14.55233790548));
#1952 = CARTESIAN_POINT('',(93.750096580027,-14.6124362357));
#1953 = CARTESIAN_POINT('',(92.201894630938,-14.66576709511));
#1954 = CARTESIAN_POINT('',(89.072284098009,-14.76004489282));
#1955 = CARTESIAN_POINT('',(87.49086885496,-14.80070540153));
#1956 = CARTESIAN_POINT('',(85.909281652893,-14.83447904762));
#1957 = CARTESIAN_POINT('',(84.327558773234,-14.86143284999));
#1958 = CARTESIAN_POINT('',(82.745735454734,-14.88161602276));
#1959 = CARTESIAN_POINT('',(81.163845912138,-14.89506074054));
#1960 = CARTESIAN_POINT('',(79.581923354852,-14.9017829037));
#1961 = CARTESIAN_POINT('',(75.962788432152,-14.90178290344));
#1962 = CARTESIAN_POINT('',(73.925579875471,-14.89063432365));
#1963 = CARTESIAN_POINT('',(71.888441361549,-14.86833732071));
#1964 = CARTESIAN_POINT('',(69.851443574813,-14.83484715039));
#1965 = CARTESIAN_POINT('',(67.814660855193,-14.7900747702));
#1966 = CARTESIAN_POINT('',(65.778171255739,-14.73388464088));
#1967 = CARTESIAN_POINT('',(63.742056660777,-14.66608972707));
#1968 = CARTESIAN_POINT('',(59.753764919469,-14.5100456986));
#1969 = CARTESIAN_POINT('',(57.801559189279,-14.42274365182));
#1970 = CARTESIAN_POINT('',(55.849858171629,-14.32432057024));
#1971 = CARTESIAN_POINT('',(53.898747213578,-14.21450788378));
#1972 = CARTESIAN_POINT('',(51.948324850828,-14.09298127746));
#1973 = CARTESIAN_POINT('',(49.998703462694,-13.95935012777));
#1974 = CARTESIAN_POINT('',(48.050010342861,-13.81314053667));
#1975 = CARTESIAN_POINT('',(44.316430619734,-13.50763180253));
#1976 = CARTESIAN_POINT('',(42.531391434686,-13.35042743173));
#1977 = CARTESIAN_POINT('',(40.7473714529,-13.18171217143));
#1978 = CARTESIAN_POINT('',(38.964501965471,-13.00095885382));
#1979 = CARTESIAN_POINT('',(37.182946452603,-12.80755211585));
#1980 = CARTESIAN_POINT('',(35.402903469984,-12.60076167631));
#1981 = CARTESIAN_POINT('',(33.624611701406,-12.37969659677));
#1982 = CARTESIAN_POINT('',(30.307689570408,-11.93814592811));
#1983 = CARTESIAN_POINT('',(28.768603175261,-11.72147855645));
#1984 = CARTESIAN_POINT('',(27.231251085109,-11.49250349296));
#1985 = CARTESIAN_POINT('',(25.695859883026,-11.25036438782));
#1986 = CARTESIAN_POINT('',(24.162738772789,-10.99403210947));
#1987 = CARTESIAN_POINT('',(22.632286245924,-10.72226501418));
#1988 = CARTESIAN_POINT('',(21.105007253726,-10.43350707687));
#1989 = CARTESIAN_POINT('',(18.706494216934,-9.948819515469));
#1990 = CARTESIAN_POINT('',(17.832723785409,-9.765692505149));
#1991 = CARTESIAN_POINT('',(16.960357696375,-9.575870321377));
#1992 = CARTESIAN_POINT('',(16.089551622695,-9.37889240312));
#1993 = CARTESIAN_POINT('',(15.220502938594,-9.174230731556));
#1994 = CARTESIAN_POINT('',(14.353456408061,-8.961265597453));
#1995 = CARTESIAN_POINT('',(13.48871439487,-8.739242804768));
#1996 = CARTESIAN_POINT('',(11.904289628345,-8.312783315421));
#1997 = CARTESIAN_POINT('',(11.183863504575,-8.111341903234));
#1998 = CARTESIAN_POINT('',(10.465555171038,-7.902317513835));
#1999 = CARTESIAN_POINT('',(9.749633855266,-7.685056069748));
#2000 = CARTESIAN_POINT('',(9.036469823547,-7.458778863698));
#2001 = CARTESIAN_POINT('',(8.326543558656,-7.22255365924));
#2002 = CARTESIAN_POINT('',(7.620471469698,-6.97521423233));
#2003 = CARTESIAN_POINT('',(6.539467559755,-6.574424670677));
#2004 = CARTESIAN_POINT('',(6.16125843172,-6.429970720319));
#2005 = CARTESIAN_POINT('',(5.784565048356,-6.281549289089));
#2006 = CARTESIAN_POINT('',(5.409549477088,-6.128874167348));
#2007 = CARTESIAN_POINT('',(5.036414030784,-5.971622834834));
#2008 = CARTESIAN_POINT('',(4.665406817704,-5.809423254265));
#2009 = CARTESIAN_POINT('',(4.296831478756,-5.641831001146));
#2010 = CARTESIAN_POINT('',(3.626437141572,-5.323772450138));
#2011 = CARTESIAN_POINT('',(3.323797375357,-5.175144957444));
#2012 = CARTESIAN_POINT('',(3.02333177147,-5.022085570581));
#2013 = CARTESIAN_POINT('',(2.725303249089,-4.864231465141));
#2014 = CARTESIAN_POINT('',(2.430056601908,-4.701170159338));
#2015 = CARTESIAN_POINT('',(2.138025940264,-4.532426082302));
#2016 = CARTESIAN_POINT('',(1.849752213684,-4.357429019036));
#2017 = CARTESIAN_POINT('',(1.359244174806,-4.042927199117));
#2018 = CARTESIAN_POINT('',(1.154971373032,-3.906735912396));
#2019 = CARTESIAN_POINT('',(0.953340587405,-3.76657446606));
#2020 = CARTESIAN_POINT('',(0.754682727223,-3.622125974109));
#2021 = CARTESIAN_POINT('',(0.559423682762,-3.473051029356));
#2022 = CARTESIAN_POINT('',(0.368094390666,-3.318974479728));
#2023 = CARTESIAN_POINT('',(0.181350265859,-3.159460516134));
#2024 = CARTESIAN_POINT('',(-2.955857780762E-12,-2.993976071909));
#2025 = ( GEOMETRIC_REPRESENTATION_CONTEXT(2) 
PARAMETRIC_REPRESENTATION_CONTEXT() REPRESENTATION_CONTEXT('2D SPACE',''
  ) );
#2026 = ORIENTED_EDGE('',*,*,#21,.T.);
#2027 = ORIENTED_EDGE('',*,*,#2028,.T.);
#2028 = EDGE_CURVE('',#24,#2029,#2031,.T.);
#2029 = VERTEX_POINT('',#2030);
#2030 = CARTESIAN_POINT('',(64.2,0.,74.));
#2031 = SURFACE_CURVE('',#2032,(#2038,#2045),.PCURVE_S1.);
#2032 = ( BOUNDED_CURVE() B_SPLINE_CURVE(4,(#2033,#2034,#2035,#2036,
#2037),.UNSPECIFIED.,.F.,.F.) B_SPLINE_CURVE_WITH_KNOTS((5,5),(0.,1.),
.PIECEWISE_BEZIER_KNOTS.) CURVE() GEOMETRIC_REPRESENTATION_ITEM() 
RATIONAL_B_SPLINE_CURVE((1.,1.,1.,1.,1.)) REPRESENTATION_ITEM('') );
#2033 = CARTESIAN_POINT('',(75.,-5.108680816731E-15,-74.));
#2034 = CARTESIAN_POINT('',(140.59453504068,-2.678769707579E-14,
    -76.65894510043));
#2035 = CARTESIAN_POINT('',(125.61839781317,-4.939377769532E-15,
    20.13927219668));
#2036 = CARTESIAN_POINT('',(94.134038134963,7.250280014917E-14,
    33.121329209921));
#2037 = CARTESIAN_POINT('',(64.2,-1.275773143238E-14,74.));
#2038 = PCURVE('',#155,#2039);
#2039 = DEFINITIONAL_REPRESENTATION('',(#2040),#2044);
#2040 = LINE('',#2041,#2042);
#2041 = CARTESIAN_POINT('',(1.,0.));
#2042 = VECTOR('',#2043,1.);
#2043 = DIRECTION('',(0.,1.));
#2044 = ( GEOMETRIC_REPRESENTATION_CONTEXT(2) 
PARAMETRIC_REPRESENTATION_CONTEXT() REPRESENTATION_CONTEXT('2D SPACE',''
  ) );
#2045 = PCURVE('',#276,#2046);
#2046 = DEFINITIONAL_REPRESENTATION('',(#2047),#2053);
#2047 = ( BOUNDED_CURVE() B_SPLINE_CURVE(4,(#2048,#2049,#2050,#2051,
#2052),.UNSPECIFIED.,.F.,.F.) B_SPLINE_CURVE_WITH_KNOTS((5,5),(0.,1.),
.PIECEWISE_BEZIER_KNOTS.) CURVE() GEOMETRIC_REPRESENTATION_ITEM() 
RATIONAL_B_SPLINE_CURVE((1.,1.,1.,1.,1.)) REPRESENTATION_ITEM('') );
#2048 = CARTESIAN_POINT('',(14.8,315.));
#2049 = CARTESIAN_POINT('',(12.141054899563,380.59453504068));
#2050 = CARTESIAN_POINT('',(108.93927219668,365.61839781317));
#2051 = CARTESIAN_POINT('',(121.92132920992,334.13403813496));
#2052 = CARTESIAN_POINT('',(162.8,304.2));
#2053 = ( GEOMETRIC_REPRESENTATION_CONTEXT(2) 
PARAMETRIC_REPRESENTATION_CONTEXT() REPRESENTATION_CONTEXT('2D SPACE',''
  ) );
#2054 = ORIENTED_EDGE('',*,*,#2055,.F.);
#2055 = EDGE_CURVE('',#2056,#2029,#2058,.T.);
#2056 = VERTEX_POINT('',#2057);
#2057 = CARTESIAN_POINT('',(-64.19999999149,-5.617068800848E-15,74.));
#2058 = SURFACE_CURVE('',#2059,(#2075,#2082),.PCURVE_S1.);
#2059 = B_SPLINE_CURVE_WITH_KNOTS('',14,(#2060,#2061,#2062,#2063,#2064,
    #2065,#2066,#2067,#2068,#2069,#2070,#2071,#2072,#2073,#2074),
  .UNSPECIFIED.,.T.,.F.,(15,15),(0.,1.),.PIECEWISE_BEZIER_KNOTS.);
#2060 = CARTESIAN_POINT('',(64.2,-1.275773143238E-14,74.));
#2061 = CARTESIAN_POINT('',(64.200000000007,5.18811586793,74.));
#2062 = CARTESIAN_POINT('',(50.274098010974,10.376233650915,74.));
#2063 = CARTESIAN_POINT('',(22.422276230065,14.251391646366,74.));
#2064 = CARTESIAN_POINT('',(-15.19040146615,15.500776207791,74.));
#2065 = CARTESIAN_POINT('',(-54.23459739802,13.282172513206,74.));
#2066 = CARTESIAN_POINT('',(-84.04047724628,7.697633435354,74.));
#2067 = CARTESIAN_POINT('',(-95.26179625173,4.332571896263E-11,74.));
#2068 = CARTESIAN_POINT('',(-84.04047724629,-7.697633435435,74.));
#2069 = CARTESIAN_POINT('',(-54.23459739801,-13.28217251314,74.));
#2070 = CARTESIAN_POINT('',(-15.19040146616,-15.50077620783,74.));
#2071 = CARTESIAN_POINT('',(22.422276230069,-14.25139164634,74.));
#2072 = CARTESIAN_POINT('',(50.274098010973,-10.37623365092,74.));
#2073 = CARTESIAN_POINT('',(64.200000000007,-5.188115867928,74.));
#2074 = CARTESIAN_POINT('',(64.2,8.558550533867E-15,74.));
#2075 = PCURVE('',#155,#2076);
#2076 = DEFINITIONAL_REPRESENTATION('',(#2077),#2081);
#2077 = LINE('',#2078,#2079);
#2078 = CARTESIAN_POINT('',(0.,1.));
#2079 = VECTOR('',#2080,1.);
#2080 = DIRECTION('',(1.,0.));
#2081 = ( GEOMETRIC_REPRESENTATION_CONTEXT(2) 
PARAMETRIC_REPRESENTATION_CONTEXT() REPRESENTATION_CONTEXT('2D SPACE',''
  ) );
#2082 = PCURVE('',#318,#2083);
#2083 = DEFINITIONAL_REPRESENTATION('',(#2084),#2100);
#2084 = B_SPLINE_CURVE_WITH_KNOTS('',14,(#2085,#2086,#2087,#2088,#2089,
    #2090,#2091,#2092,#2093,#2094,#2095,#2096,#2097,#2098,#2099),
  .UNSPECIFIED.,.F.,.F.,(15,15),(0.,1.),.PIECEWISE_BEZIER_KNOTS.);
#2085 = CARTESIAN_POINT('',(3.,2.853650067644E-14));
#2086 = CARTESIAN_POINT('',(2.999999999993,-5.18811586793));
#2087 = CARTESIAN_POINT('',(16.925901989026,-10.37623365091));
#2088 = CARTESIAN_POINT('',(44.777723769935,-14.25139164636));
#2089 = CARTESIAN_POINT('',(82.390401466156,-15.50077620779));
#2090 = CARTESIAN_POINT('',(121.43459739802,-13.2821725132));
#2091 = CARTESIAN_POINT('',(151.24047724628,-7.697633435354));
#2092 = CARTESIAN_POINT('',(162.46179625173,-4.332639403335E-11));
#2093 = CARTESIAN_POINT('',(151.24047724629,7.697633435435));
#2094 = CARTESIAN_POINT('',(121.43459739801,13.28217251314));
#2095 = CARTESIAN_POINT('',(82.390401466164,15.500776207836));
#2096 = CARTESIAN_POINT('',(44.777723769931,14.251391646342));
#2097 = CARTESIAN_POINT('',(16.925901989027,10.376233650924));
#2098 = CARTESIAN_POINT('',(2.999999999993,5.188115867928));
#2099 = CARTESIAN_POINT('',(3.,7.220218710189E-15));
#2100 = ( GEOMETRIC_REPRESENTATION_CONTEXT(2) 
PARAMETRIC_REPRESENTATION_CONTEXT() REPRESENTATION_CONTEXT('2D SPACE',''
  ) );
#2101 = ORIENTED_EDGE('',*,*,#2102,.F.);
#2102 = EDGE_CURVE('',#343,#2056,#2103,.T.);
#2103 = SURFACE_CURVE('',#2104,(#2282,#2463),.PCURVE_S1.);
#2104 = B_SPLINE_CURVE_WITH_KNOTS('',6,(#2105,#2106,#2107,#2108,#2109,
    #2110,#2111,#2112,#2113,#2114,#2115,#2116,#2117,#2118,#2119,#2120,
    #2121,#2122,#2123,#2124,#2125,#2126,#2127,#2128,#2129,#2130,#2131,
    #2132,#2133,#2134,#2135,#2136,#2137,#2138,#2139,#2140,#2141,#2142,
    #2143,#2144,#2145,#2146,#2147,#2148,#2149,#2150,#2151,#2152,#2153,
    #2154,#2155,#2156,#2157,#2158,#2159,#2160,#2161,#2162,#2163,#2164,
    #2165,#2166,#2167,#2168,#2169,#2170,#2171,#2172,#2173,#2174,#2175,
    #2176,#2177,#2178,#2179,#2180,#2181,#2182,#2183,#2184,#2185,#2186,
    #2187,#2188,#2189,#2190,#2191,#2192,#2193,#2194,#2195,#2196,#2197,
    #2198,#2199,#2200,#2201,#2202,#2203,#2204,#2205,#2206,#2207,#2208,
    #2209,#2210,#2211,#2212,#2213,#2214,#2215,#2216,#2217,#2218,#2219,
    #2220,#2221,#2222,#2223,#2224,#2225,#2226,#2227,#2228,#2229,#2230,
    #2231,#2232,#2233,#2234,#2235,#2236,#2237,#2238,#2239,#2240,#2241,
    #2242,#2243,#2244,#2245,#2246,#2247,#2248,#2249,#2250,#2251,#2252,
    #2253,#2254,#2255,#2256,#2257,#2258,#2259,#2260,#2261,#2262,#2263,
    #2264,#2265,#2266,#2267,#2268,#2269,#2270,#2271,#2272,#2273,#2274,
    #2275,#2276,#2277,#2278,#2279,#2280,#2281),.UNSPECIFIED.,.F.,.F.,(7,
    5,5,5,5,5,5,5,5,5,5,5,5,5,5,5,5,5,5,5,5,5,5,5,5,5,5,5,5,5,5,5,5,5,5,
    7),(0.,4.925889074074E-02,7.566696640923E-02,0.103365302598,
    0.129679705501,0.152592299703,0.175038438078,0.196954173607,
    0.235556906139,0.259750147251,0.284094764384,0.308798924087,
    0.333653962054,0.358626307676,0.383671841846,0.408842694505,
    0.434089403099,0.463422910505,0.492621650318,0.521726393434,
    0.550687626861,0.579468408831,0.608045057281,0.636407304389,
    0.664558057635,0.701212681848,0.737501774592,0.773718398018,
    0.818048911059,0.853557072636,0.864884255637,0.876451979404,
    0.888565382862,0.926381243238,0.964103856571,1.),.UNSPECIFIED.);
#2105 = CARTESIAN_POINT('',(-78.82686214867,0.,-74.02775342566));
#2106 = CARTESIAN_POINT('',(-80.35269896211,0.,-73.98609960468));
#2107 = CARTESIAN_POINT('',(-81.87708930484,0.,-73.89208275263));
#2108 = CARTESIAN_POINT('',(-83.39774993527,0.,-73.74224629704));
#2109 = CARTESIAN_POINT('',(-84.91166548954,0.,-73.53304329423));
#2110 = CARTESIAN_POINT('',(-86.41511620001,0.,-73.26106294548));
#2111 = CARTESIAN_POINT('',(-88.70179692036,0.,-72.74250490527));
#2112 = CARTESIAN_POINT('',(-89.49558486951,0.,-72.54267447241));
#2113 = CARTESIAN_POINT('',(-90.28441330713,0.,-72.32356253376));
#2114 = CARTESIAN_POINT('',(-91.0675415128,0.,-72.08478945606));
#2115 = CARTESIAN_POINT('',(-91.84418188418,0.,-71.82604996648));
#2116 = CARTESIAN_POINT('',(-93.42042040659,0.,-71.25459722195));
#2117 = CARTESIAN_POINT('',(-94.21929497692,0.,-70.93986142479));
#2118 = CARTESIAN_POINT('',(-95.00916603578,0.,-70.60269490012));
#2119 = CARTESIAN_POINT('',(-95.78905034998,0.,-70.24297397356));
#2120 = CARTESIAN_POINT('',(-96.55795806477,0.,-69.860712642));
#2121 = CARTESIAN_POINT('',(-98.03403059929,0.,-69.07168213263));
#2122 = CARTESIAN_POINT('',(-98.74237351596,0.,-68.66708506682));
#2123 = CARTESIAN_POINT('',(-99.43908441503,0.,-68.24245167042));
#2124 = CARTESIAN_POINT('',(-100.1233626116,0.,-67.79804789829));
#2125 = CARTESIAN_POINT('',(-100.7944597592,0.,-67.33425830738));
#2126 = CARTESIAN_POINT('',(-102.0239451884,0.,-66.43132374921));
#2127 = CARTESIAN_POINT('',(-102.5856966645,0.,-65.99673775278));
#2128 = CARTESIAN_POINT('',(-103.1364836471,0.,-65.54816855306));
#2129 = CARTESIAN_POINT('',(-103.6759081287,0.,-65.0860034966));
#2130 = CARTESIAN_POINT('',(-104.2036255575,0.,-64.61067935689));
#2131 = CARTESIAN_POINT('',(-105.2245585455,0.,-63.64461212311));
#2132 = CARTESIAN_POINT('',(-105.7182624123,0.,-63.15437551993));
#2133 = CARTESIAN_POINT('',(-106.2001780016,0.,-62.65241984961));
#2134 = CARTESIAN_POINT('',(-106.6700915108,0.,-62.13922300321));
#2135 = CARTESIAN_POINT('',(-107.1278433636,0.,-61.61528275965));
#2136 = CARTESIAN_POINT('',(-108.0082721897,0.,-60.55955990862));
#2137 = CARTESIAN_POINT('',(-108.431524637,0.,-60.02825245655));
#2138 = CARTESIAN_POINT('',(-108.842975583,0.,-59.48766116507));
#2139 = CARTESIAN_POINT('',(-109.2425717891,0.,-58.93826238505));
#2140 = CARTESIAN_POINT('',(-109.6303019175,0.,-58.38052958126));
#2141 = CARTESIAN_POINT('',(-110.6682820869,0.,-56.81866691759));
#2142 = CARTESIAN_POINT('',(-111.293629377,0.,-55.79799339983));
#2143 = CARTESIAN_POINT('',(-111.8823667249,0.,-54.75543309108));
#2144 = CARTESIAN_POINT('',(-112.4349776979,0.,-53.6933989636));
#2145 = CARTESIAN_POINT('',(-112.9521588156,0.,-52.6141167008));
#2146 = CARTESIAN_POINT('',(-113.7371879033,0.,-50.83361180621));
#2147 = CARTESIAN_POINT('',(-114.0260442912,0.,-50.14165083802));
#2148 = CARTESIAN_POINT('',(-114.3015164356,0.,-49.44418932276));
#2149 = CARTESIAN_POINT('',(-114.5638274541,0.,-48.74168682991));
#2150 = CARTESIAN_POINT('',(-114.8132121901,0.,-48.03457025723));
#2151 = CARTESIAN_POINT('',(-115.2880914269,0.,-46.60744198876));
#2152 = CARTESIAN_POINT('',(-115.5134260264,0.,-45.88737932102));
#2153 = CARTESIAN_POINT('',(-115.7261607673,0.,-45.16344260278));
#2154 = CARTESIAN_POINT('',(-115.9265450401,0.,-44.43600226117));
#2155 = CARTESIAN_POINT('',(-116.1148287262,0.,-43.70539914334));
#2156 = CARTESIAN_POINT('',(-116.4702948814,0.,-42.22765571479));
#2157 = CARTESIAN_POINT('',(-116.6371241344,0.,-41.48043267973));
#2158 = CARTESIAN_POINT('',(-116.7920051755,0.,-40.73059887256));
#2159 = CARTESIAN_POINT('',(-116.9351918889,0.,-39.97845384331));
#2160 = CARTESIAN_POINT('',(-117.0669321214,0.,-39.22427200573));
#2161 = CARTESIAN_POINT('',(-117.308736452,0.,-37.70771566957));
#2162 = CARTESIAN_POINT('',(-117.4186628783,0.,-36.94532119509));
#2163 = CARTESIAN_POINT('',(-117.5174905313,0.,-36.18137280603));
#2164 = CARTESIAN_POINT('',(-117.6054554622,0.,-35.41610486967));
#2165 = CARTESIAN_POINT('',(-117.6827847324,0.,-34.64973223451));
#2166 = CARTESIAN_POINT('',(-117.8169238961,0.,-33.11154690584));
#2167 = CARTESIAN_POINT('',(-117.8736350625,0.,-32.33972716028));
#2168 = CARTESIAN_POINT('',(-117.920050746,0.,-31.56718938537));
#2169 = CARTESIAN_POINT('',(-117.9563820841,0.,-30.79411734322));
#2170 = CARTESIAN_POINT('',(-117.9828305196,0.,-30.0206801663));
#2171 = CARTESIAN_POINT('',(-118.0163941924,0.,-28.47111715402));
#2172 = CARTESIAN_POINT('',(-118.0234526563,0.,-27.69499130044));
#2173 = CARTESIAN_POINT('',(-118.0209564732,0.,-26.91881097898));
#2174 = CARTESIAN_POINT('',(-118.0090897674,0.,-26.14272166195));
#2175 = CARTESIAN_POINT('',(-117.9880275057,0.,-25.36685811169));
#2176 = CARTESIAN_POINT('',(-117.9276929209,0.,-23.81195026863));
#2177 = CARTESIAN_POINT('',(-117.8883302561,0.,-23.03291040716));
#2178 = CARTESIAN_POINT('',(-117.8400157599,0.,-22.25435100032));
#2179 = CARTESIAN_POINT('',(-117.7829095476,0.,-21.47639039687));
#2180 = CARTESIAN_POINT('',(-117.7171635931,0.,-20.69913909021));
#2181 = CARTESIAN_POINT('',(-117.5684561265,0.,-19.14392043634));
#2182 = CARTESIAN_POINT('',(-117.4854436287,0.,-18.3659586667));
#2183 = CARTESIAN_POINT('',(-117.3940293724,0.,-17.58891821407));
#2184 = CARTESIAN_POINT('',(-117.2943516509,0.,-16.81289714624));
#2185 = CARTESIAN_POINT('',(-117.1865419139,0.,-16.03798779419));
#2186 = CARTESIAN_POINT('',(-116.9361597767,0.,-14.36532160708));
#2187 = CARTESIAN_POINT('',(-116.7907856855,0.,-13.46798488907));
#2188 = CARTESIAN_POINT('',(-116.6347977537,0.,-12.5724025277));
#2189 = CARTESIAN_POINT('',(-116.4683815257,0.,-11.67870292905));
#2190 = CARTESIAN_POINT('',(-116.2917128303,0.,-10.78700697567));
#2191 = CARTESIAN_POINT('',(-115.9190607445,0.,-9.011936089888));
#2192 = CARTESIAN_POINT('',(-115.7231704231,0.,-8.128542374166));
#2193 = CARTESIAN_POINT('',(-115.5174507395,0.,-7.247359051583));
#2194 = CARTESIAN_POINT('',(-115.3020588294,0.,-6.368492793368));
#2195 = CARTESIAN_POINT('',(-115.0771450411,0.,-5.492044769734));
#2196 = CARTESIAN_POINT('',(-114.6093150647,0.,-3.746989902159));
#2197 = CARTESIAN_POINT('',(-114.3664597029,0.,-2.878367232165));
#2198 = CARTESIAN_POINT('',(-114.114429114,0.,-2.012337680876));
#2199 = CARTESIAN_POINT('',(-113.8533613675,0.,-1.148991759734));
#2200 = CARTESIAN_POINT('',(-113.5833903392,0.,-0.288415450643));
#2201 = CARTESIAN_POINT('',(-113.0272755171,0.,1.422805766455));
#2202 = CARTESIAN_POINT('',(-112.741218511,0.,2.273478611391));
#2203 = CARTESIAN_POINT('',(-112.4466025475,0.,3.121247831519));
#2204 = CARTESIAN_POINT('',(-112.1435536275,0.,3.96603723636));
#2205 = CARTESIAN_POINT('',(-111.832195898,0.,4.807774942271));
#2206 = CARTESIAN_POINT('',(-111.1950984199,0.,6.479786544586));
#2207 = CARTESIAN_POINT('',(-110.8694607841,0.,7.310099257562));
#2208 = CARTESIAN_POINT('',(-110.5358588477,0.,8.137264984068));
#2209 = CARTESIAN_POINT('',(-110.1944129141,0.,8.961221871819));
#2210 = CARTESIAN_POINT('',(-109.8452434866,0.,9.781912743555));
#2211 = CARTESIAN_POINT('',(-109.1342295302,0.,11.410860071711));
#2212 = CARTESIAN_POINT('',(-108.772492812,0.,12.219163638198));
#2213 = CARTESIAN_POINT('',(-108.4033793541,0.,13.024144234307));
#2214 = CARTESIAN_POINT('',(-108.0270093363,0.,13.82575578754));
#2215 = CARTESIAN_POINT('',(-107.6435048778,0.,14.623957715097));
#2216 = CARTESIAN_POINT('',(-106.8654051037,0.,16.2075093266));
#2217 = CARTESIAN_POINT('',(-106.4709148572,0.,16.992910803678));
#2218 = CARTESIAN_POINT('',(-106.0696406797,0.,17.774884919243));
#2219 = CARTESIAN_POINT('',(-105.6617072875,0.,18.553403838446));
#2220 = CARTESIAN_POINT('',(-105.2472427317,0.,19.328446327452));
#2221 = CARTESIAN_POINT('',(-104.4086524001,0.,20.865795813357));
#2222 = CARTESIAN_POINT('',(-103.9846219057,0.,21.628155028606));
#2223 = CARTESIAN_POINT('',(-103.5544154846,0.,22.387061017205));
#2224 = CARTESIAN_POINT('',(-103.1181660662,0.,23.142507238996));
#2225 = CARTESIAN_POINT('',(-102.6760109406,0.,23.894494995652));
#2226 = CARTESIAN_POINT('',(-101.6448636937,0.,25.617692787186));
#2227 = CARTESIAN_POINT('',(-101.0518630169,0.,26.586504810334));
#2228 = CARTESIAN_POINT('',(-100.4494035331,0.,27.549489706196));
#2229 = CARTESIAN_POINT('',(-99.83781223178,0.,28.506693774521));
#2230 = CARTESIAN_POINT('',(-99.2174311412,0.,29.458190576131));
#2231 = CARTESIAN_POINT('',(-97.96607793647,0.,31.340540896036));
#2232 = CARTESIAN_POINT('',(-97.33527284019,0.,32.271506394365));
#2233 = CARTESIAN_POINT('',(-96.69655155006,0.,33.197077353533));
#2234 = CARTESIAN_POINT('',(-96.05027720764,0.,34.117382551103));
#2235 = CARTESIAN_POINT('',(-95.3968284404,0.,35.032580783984));
#2236 = CARTESIAN_POINT('',(-94.07768876059,0.,36.851323123524));
#2237 = CARTESIAN_POINT('',(-93.41202471242,0.,37.754887040681));
#2238 = CARTESIAN_POINT('',(-92.73999935387,0.,38.653741209754));
#2239 = CARTESIAN_POINT('',(-92.0620194321,0.,39.548104733575));
#2240 = CARTESIAN_POINT('',(-91.37850630489,0.,40.438227227954));
#2241 = CARTESIAN_POINT('',(-89.84701088254,0.,42.409084035406));
#2242 = CARTESIAN_POINT('',(-88.99648937686,0.,43.487843621378));
#2243 = CARTESIAN_POINT('',(-88.13912795534,0.,44.561181908131));
#2244 = CARTESIAN_POINT('',(-87.27575709102,0.,45.629677519438));
#2245 = CARTESIAN_POINT('',(-86.40723355472,0.,46.693967198268));
#2246 = CARTESIAN_POINT('',(-84.83533075133,0.,48.604404485633));
#2247 = CARTESIAN_POINT('',(-84.13348565329,0.,49.45181128904));
#2248 = CARTESIAN_POINT('',(-83.4293469599,0.,50.297313642794));
#2249 = CARTESIAN_POINT('',(-82.72337480663,0.,51.14128242469));
#2250 = CARTESIAN_POINT('',(-82.0160355776,0.,51.984102108657));
#2251 = CARTESIAN_POINT('',(-81.08186796987,0.,53.094787696665));
#2252 = CARTESIAN_POINT('',(-80.85584702578,0.,53.363331428549));
#2253 = CARTESIAN_POINT('',(-80.62974991228,0.,53.631811044784));
#2254 = CARTESIAN_POINT('',(-80.40359189896,0.,53.900239361283));
#2255 = CARTESIAN_POINT('',(-80.17738828146,0.,54.168629245664));
#2256 = CARTESIAN_POINT('',(-79.72011624433,0.,54.711056896624));
#2257 = CARTESIAN_POINT('',(-79.48904652157,0.,54.985093555628));
#2258 = CARTESIAN_POINT('',(-79.25796153285,0.,55.259117355285));
#2259 = CARTESIAN_POINT('',(-79.0268776015,0.,55.533142059239));
#2260 = CARTESIAN_POINT('',(-78.79581105459,0.,55.80718143375));
#2261 = CARTESIAN_POINT('',(-78.32284697029,0.,56.368245555032));
#2262 = CARTESIAN_POINT('',(-78.08095268411,0.,56.655273032548));
#2263 = CARTESIAN_POINT('',(-77.83911411885,0.,56.942347493757));
#2264 = CARTESIAN_POINT('',(-77.59734999952,0.,57.229484685886));
#2265 = CARTESIAN_POINT('',(-77.3556790217,0.,57.516700289873));
#2266 = CARTESIAN_POINT('',(-76.36001569888,0.,58.700938757017));
#2267 = CARTESIAN_POINT('',(-75.60700192423,0.,59.598782976429));
#2268 = CARTESIAN_POINT('',(-74.85564443406,0.,60.498018976115));
#2269 = CARTESIAN_POINT('',(-74.10650732633,0.,61.399110280524));
#2270 = CARTESIAN_POINT('',(-73.36014407999,0.,62.302500197781));
#2271 = CARTESIAN_POINT('',(-71.87586564848,0.,64.112474466511));
#2272 = CARTESIAN_POINT('',(-71.13793510924,0.,65.019044240186));
#2273 = CARTESIAN_POINT('',(-70.40382826481,0.,65.928725610393));
#2274 = CARTESIAN_POINT('',(-69.67405994944,0.,66.841898740977));
#2275 = CARTESIAN_POINT('',(-68.94912109946,0.,67.758906042622));
#2276 = CARTESIAN_POINT('',(-67.54466554268,0.,69.556585936408));
#2277 = CARTESIAN_POINT('',(-66.86464900175,0.,70.436868091243));
#2278 = CARTESIAN_POINT('',(-66.18981860421,0.,71.321149081336));
#2279 = CARTESIAN_POINT('',(-65.5205450993,0.,72.209649780434));
#2280 = CARTESIAN_POINT('',(-64.85716955433,0.,73.102552816458));
#2281 = CARTESIAN_POINT('',(-64.19999999149,0.,74.));
#2282 = PCURVE('',#155,#2283);
#2283 = DEFINITIONAL_REPRESENTATION('',(#2284),#2462);
#2284 = B_SPLINE_CURVE_WITH_KNOTS('',6,(#2285,#2286,#2287,#2288,#2289,
    #2290,#2291,#2292,#2293,#2294,#2295,#2296,#2297,#2298,#2299,#2300,
    #2301,#2302,#2303,#2304,#2305,#2306,#2307,#2308,#2309,#2310,#2311,
    #2312,#2313,#2314,#2315,#2316,#2317,#2318,#2319,#2320,#2321,#2322,
    #2323,#2324,#2325,#2326,#2327,#2328,#2329,#2330,#2331,#2332,#2333,
    #2334,#2335,#2336,#2337,#2338,#2339,#2340,#2341,#2342,#2343,#2344,
    #2345,#2346,#2347,#2348,#2349,#2350,#2351,#2352,#2353,#2354,#2355,
    #2356,#2357,#2358,#2359,#2360,#2361,#2362,#2363,#2364,#2365,#2366,
    #2367,#2368,#2369,#2370,#2371,#2372,#2373,#2374,#2375,#2376,#2377,
    #2378,#2379,#2380,#2381,#2382,#2383,#2384,#2385,#2386,#2387,#2388,
    #2389,#2390,#2391,#2392,#2393,#2394,#2395,#2396,#2397,#2398,#2399,
    #2400,#2401,#2402,#2403,#2404,#2405,#2406,#2407,#2408,#2409,#2410,
    #2411,#2412,#2413,#2414,#2415,#2416,#2417,#2418,#2419,#2420,#2421,
    #2422,#2423,#2424,#2425,#2426,#2427,#2428,#2429,#2430,#2431,#2432,
    #2433,#2434,#2435,#2436,#2437,#2438,#2439,#2440,#2441,#2442,#2443,
    #2444,#2445,#2446,#2447,#2448,#2449,#2450,#2451,#2452,#2453,#2454,
    #2455,#2456,#2457,#2458,#2459,#2460,#2461),.UNSPECIFIED.,.F.,.F.,(7,
    5,5,5,5,5,5,5,5,5,5,5,5,5,5,5,5,5,5,5,5,5,5,5,5,5,5,5,5,5,5,5,5,5,5,
    7),(0.,4.925889074074E-02,7.566696640923E-02,0.103365302598,
    0.129679705501,0.152592299703,0.175038438078,0.196954173607,
    0.235556906139,0.259750147251,0.284094764384,0.308798924087,
    0.333653962054,0.358626307676,0.383671841846,0.408842694505,
    0.434089403099,0.463422910505,0.492621650318,0.521726393434,
    0.550687626861,0.579468408831,0.608045057281,0.636407304389,
    0.664558057635,0.701212681848,0.737501774592,0.773718398018,
    0.818048911059,0.853557072636,0.864884255637,0.876451979404,
    0.888565382862,0.926381243238,0.964103856571,1.),.UNSPECIFIED.);
#2285 = CARTESIAN_POINT('',(0.5,1.499636342768E-02));
#2286 = CARTESIAN_POINT('',(0.5,2.114766129607E-02));
#2287 = CARTESIAN_POINT('',(0.5,2.746591206533E-02));
#2288 = CARTESIAN_POINT('',(0.5,3.395693442306E-02));
#2289 = CARTESIAN_POINT('',(0.5,4.062477795319E-02));
#2290 = CARTESIAN_POINT('',(0.5,4.74713261245E-02));
#2291 = CARTESIAN_POINT('',(0.5,5.826046058235E-02));
#2292 = CARTESIAN_POINT('',(0.5,6.207677432763E-02));
#2293 = CARTESIAN_POINT('',(0.5,6.594363521386E-02));
#2294 = CARTESIAN_POINT('',(0.5,6.986043645712E-02));
#2295 = CARTESIAN_POINT('',(0.5,7.382621644918E-02));
#2296 = CARTESIAN_POINT('',(0.5,8.204906234668E-02));
#2297 = CARTESIAN_POINT('',(0.5,8.631093848699E-02));
#2298 = CARTESIAN_POINT('',(0.5,9.062357562597E-02));
#2299 = CARTESIAN_POINT('',(0.5,9.498496453503E-02));
#2300 = CARTESIAN_POINT('',(0.5,9.939265760305E-02));
#2301 = CARTESIAN_POINT('',(0.5,0.108072331647));
#2302 = CARTESIAN_POINT('',(0.5,0.112340163965));
#2303 = CARTESIAN_POINT('',(0.5,0.116644622692));
#2304 = CARTESIAN_POINT('',(0.5,0.120982971211));
#2305 = CARTESIAN_POINT('',(0.5,0.125352260409));
#2306 = CARTESIAN_POINT('',(0.5,0.13357788576));
#2307 = CARTESIAN_POINT('',(0.5,0.137427568503));
#2308 = CARTESIAN_POINT('',(0.5,0.141296237732));
#2309 = CARTESIAN_POINT('',(0.5,0.145181813695));
#2310 = CARTESIAN_POINT('',(0.5,0.149082220627));
#2311 = CARTESIAN_POINT('',(0.5,0.156828861031));
#2312 = CARTESIAN_POINT('',(0.5,0.160674616018));
#2313 = CARTESIAN_POINT('',(0.5,0.164530692117));
#2314 = CARTESIAN_POINT('',(0.5,0.168395252574));
#2315 = CARTESIAN_POINT('',(0.5,0.172266558605));
#2316 = CARTESIAN_POINT('',(0.5,0.179927758708));
#2317 = CARTESIAN_POINT('',(0.5,0.183717434544));
#2318 = CARTESIAN_POINT('',(0.5,0.187510464793));
#2319 = CARTESIAN_POINT('',(0.5,0.191305470368));
#2320 = CARTESIAN_POINT('',(0.5,0.195101204386));
#2321 = CARTESIAN_POINT('',(0.5,0.205581712357));
#2322 = CARTESIAN_POINT('',(0.5,0.212265640025));
#2323 = CARTESIAN_POINT('',(0.5,0.21894228285));
#2324 = CARTESIAN_POINT('',(0.5,0.225606982641));
#2325 = CARTESIAN_POINT('',(0.5,0.232256242091));
#2326 = CARTESIAN_POINT('',(0.5,0.24304377453));
#2327 = CARTESIAN_POINT('',(0.5,0.247192860958));
#2328 = CARTESIAN_POINT('',(0.5,0.251334374757));
#2329 = CARTESIAN_POINT('',(0.5,0.25546787994));
#2330 = CARTESIAN_POINT('',(0.5,0.259593073805));
#2331 = CARTESIAN_POINT('',(0.5,0.267852247575));
#2332 = CARTESIAN_POINT('',(0.5,0.271986109301));
#2333 = CARTESIAN_POINT('',(0.5,0.276111192006));
#2334 = CARTESIAN_POINT('',(0.5,0.280227411388));
#2335 = CARTESIAN_POINT('',(0.5,0.284334773229));
#2336 = CARTESIAN_POINT('',(0.5,0.292592504352));
#2337 = CARTESIAN_POINT('',(0.5,0.296742600939));
#2338 = CARTESIAN_POINT('',(0.5,0.300883762723));
#2339 = CARTESIAN_POINT('',(0.5,0.305016143545));
#2340 = CARTESIAN_POINT('',(0.5,0.309139954036));
#2341 = CARTESIAN_POINT('',(0.5,0.31739611021));
#2342 = CARTESIAN_POINT('',(0.5,0.32152834464));
#2343 = CARTESIAN_POINT('',(0.5,0.325652439171));
#2344 = CARTESIAN_POINT('',(0.5,0.329768695737));
#2345 = CARTESIAN_POINT('',(0.5,0.3338774469));
#2346 = CARTESIAN_POINT('',(0.5,0.342100023073));
#2347 = CARTESIAN_POINT('',(0.5,0.346213774213));
#2348 = CARTESIAN_POINT('',(0.5,0.350320675727));
#2349 = CARTESIAN_POINT('',(0.5,0.35442110738));
#2350 = CARTESIAN_POINT('',(0.5,0.358515462261));
#2351 = CARTESIAN_POINT('',(0.5,0.366704814338));
#2352 = CARTESIAN_POINT('',(0.5,0.370799773898));
#2353 = CARTESIAN_POINT('',(0.5,0.374889433926));
#2354 = CARTESIAN_POINT('',(0.5,0.37897420528));
#2355 = CARTESIAN_POINT('',(0.5,0.383054501205));
#2356 = CARTESIAN_POINT('',(0.5,0.391227369406));
#2357 = CARTESIAN_POINT('',(0.5,0.395319897967));
#2358 = CARTESIAN_POINT('',(0.5,0.399408743811));
#2359 = CARTESIAN_POINT('',(0.5,0.403494323397));
#2360 = CARTESIAN_POINT('',(0.5,0.407577048832));
#2361 = CARTESIAN_POINT('',(0.5,0.415749903418));
#2362 = CARTESIAN_POINT('',(0.5,0.419840015739));
#2363 = CARTESIAN_POINT('',(0.5,0.423928075528));
#2364 = CARTESIAN_POINT('',(0.5,0.428014484928));
#2365 = CARTESIAN_POINT('',(0.5,0.432099637542));
#2366 = CARTESIAN_POINT('',(0.5,0.440929340314));
#2367 = CARTESIAN_POINT('',(0.5,0.445673583135));
#2368 = CARTESIAN_POINT('',(0.5,0.450417250355));
#2369 = CARTESIAN_POINT('',(0.5,0.455160924802));
#2370 = CARTESIAN_POINT('',(0.5,0.459905168671));
#2371 = CARTESIAN_POINT('',(0.5,0.469374076684));
#2372 = CARTESIAN_POINT('',(0.5,0.47409872858));
#2373 = CARTESIAN_POINT('',(0.5,0.478825012485));
#2374 = CARTESIAN_POINT('',(0.5,0.483553437625));
#2375 = CARTESIAN_POINT('',(0.5,0.488284489173));
#2376 = CARTESIAN_POINT('',(0.5,0.49773752718));
#2377 = CARTESIAN_POINT('',(0.5,0.502459492333));
#2378 = CARTESIAN_POINT('',(0.5,0.507184979803));
#2379 = CARTESIAN_POINT('',(0.5,0.511914418746));
#2380 = CARTESIAN_POINT('',(0.5,0.51664821138));
#2381 = CARTESIAN_POINT('',(0.5,0.526101889893));
#2382 = CARTESIAN_POINT('',(0.5,0.530821728175));
#2383 = CARTESIAN_POINT('',(0.5,0.535546617115));
#2384 = CARTESIAN_POINT('',(0.5,0.540276896463));
#2385 = CARTESIAN_POINT('',(0.5,0.545012876437));
#2386 = CARTESIAN_POINT('',(0.5,0.554467252828));
#2387 = CARTESIAN_POINT('',(0.5,0.559185574148));
#2388 = CARTESIAN_POINT('',(0.5,0.563910076713));
#2389 = CARTESIAN_POINT('',(0.5,0.568641003573));
#2390 = CARTESIAN_POINT('',(0.5,0.573378565793));
#2391 = CARTESIAN_POINT('',(0.5,0.582833668668));
#2392 = CARTESIAN_POINT('',(0.5,0.587551112452));
#2393 = CARTESIAN_POINT('',(0.5,0.592275448664));
#2394 = CARTESIAN_POINT('',(0.5,0.597006817944));
#2395 = CARTESIAN_POINT('',(0.5,0.601745326717));
#2396 = CARTESIAN_POINT('',(0.5,0.611201162058));
#2397 = CARTESIAN_POINT('',(0.5,0.615918380501));
#2398 = CARTESIAN_POINT('',(0.5,0.62064277266));
#2399 = CARTESIAN_POINT('',(0.5,0.625374372615));
#2400 = CARTESIAN_POINT('',(0.5,0.630113178384));
#2401 = CARTESIAN_POINT('',(0.5,0.639569735308));
#2402 = CARTESIAN_POINT('',(0.5,0.644287379864));
#2403 = CARTESIAN_POINT('',(0.5,0.649012047948));
#2404 = CARTESIAN_POINT('',(0.5,0.653743664564));
#2405 = CARTESIAN_POINT('',(0.5,0.658482117366));
#2406 = CARTESIAN_POINT('',(0.5,0.669405823033));
#2407 = CARTESIAN_POINT('',(0.5,0.67559572839));
#2408 = CARTESIAN_POINT('',(0.5,0.681796635243));
#2409 = CARTESIAN_POINT('',(0.5,0.688008104069));
#2410 = CARTESIAN_POINT('',(0.5,0.694229582435));
#2411 = CARTESIAN_POINT('',(0.5,0.706629070184));
#2412 = CARTESIAN_POINT('',(0.5,0.712806897341));
#2413 = CARTESIAN_POINT('',(0.5,0.718993224631));
#2414 = CARTESIAN_POINT('',(0.5,0.725187289997));
#2415 = CARTESIAN_POINT('',(0.5,0.731388220279));
#2416 = CARTESIAN_POINT('',(0.5,0.743789447153));
#2417 = CARTESIAN_POINT('',(0.5,0.749989720773));
#2418 = CARTESIAN_POINT('',(0.5,0.75619487312));
#2419 = CARTESIAN_POINT('',(0.5,0.762403815617));
#2420 = CARTESIAN_POINT('',(0.5,0.768615350074));
#2421 = CARTESIAN_POINT('',(0.5,0.782432892979));
#2422 = CARTESIAN_POINT('',(0.5,0.79003953436));
#2423 = CARTESIAN_POINT('',(0.5,0.79764571257));
#2424 = CARTESIAN_POINT('',(0.5,0.805248778128));
#2425 = CARTESIAN_POINT('',(0.5,0.812845847298));
#2426 = CARTESIAN_POINT('',(0.5,0.826511717677));
#2427 = CARTESIAN_POINT('',(0.5,0.832583763261));
#2428 = CARTESIAN_POINT('',(0.5,0.838648391941));
#2429 = CARTESIAN_POINT('',(0.5,0.844703913194));
#2430 = CARTESIAN_POINT('',(0.5,0.850748551703));
#2431 = CARTESIAN_POINT('',(0.5,0.858704667073));
#2432 = CARTESIAN_POINT('',(0.5,0.860627568097));
#2433 = CARTESIAN_POINT('',(0.5,0.862549114357));
#2434 = CARTESIAN_POINT('',(0.5,0.864469245149));
#2435 = CARTESIAN_POINT('',(0.5,0.866387899025));
#2436 = CARTESIAN_POINT('',(0.5,0.870262839848));
#2437 = CARTESIAN_POINT('',(0.5,0.872219060739));
#2438 = CARTESIAN_POINT('',(0.5,0.874173610219));
#2439 = CARTESIAN_POINT('',(0.5,0.87612642133));
#2440 = CARTESIAN_POINT('',(0.5,0.878077426405));
#2441 = CARTESIAN_POINT('',(0.5,0.882067633301));
#2442 = CARTESIAN_POINT('',(0.5,0.884106654124));
#2443 = CARTESIAN_POINT('',(0.5,0.886143541004));
#2444 = CARTESIAN_POINT('',(0.5,0.888178214709));
#2445 = CARTESIAN_POINT('',(0.5,0.890210595307));
#2446 = CARTESIAN_POINT('',(0.5,0.898577917344));
#2447 = CARTESIAN_POINT('',(0.5,0.904892092301));
#2448 = CARTESIAN_POINT('',(0.5,0.911180689506));
#2449 = CARTESIAN_POINT('',(0.5,0.917441189387));
#2450 = CARTESIAN_POINT('',(0.5,0.92367104573));
#2451 = CARTESIAN_POINT('',(0.5,0.936049156497));
#2452 = CARTESIAN_POINT('',(0.5,0.942197566352));
#2453 = CARTESIAN_POINT('',(0.5,0.948310464051));
#2454 = CARTESIAN_POINT('',(0.5,0.954385346199));
#2455 = CARTESIAN_POINT('',(0.5,0.960419764222));
#2456 = CARTESIAN_POINT('',(0.5,0.972112883298));
#2457 = CARTESIAN_POINT('',(0.5,0.977775629815));
#2458 = CARTESIAN_POINT('',(0.5,0.983397588723));
#2459 = CARTESIAN_POINT('',(0.5,0.988976824454));
#2460 = CARTESIAN_POINT('',(0.5,0.994511519295));
#2461 = CARTESIAN_POINT('',(0.5,1.));
#2462 = ( GEOMETRIC_REPRESENTATION_CONTEXT(2) 
PARAMETRIC_REPRESENTATION_CONTEXT() REPRESENTATION_CONTEXT('2D SPACE',''
  ) );
#2463 = PCURVE('',#716,#2464);
#2464 = DEFINITIONAL_REPRESENTATION('',(#2465),#2643);
#2465 = B_SPLINE_CURVE_WITH_KNOTS('',6,(#2466,#2467,#2468,#2469,#2470,
    #2471,#2472,#2473,#2474,#2475,#2476,#2477,#2478,#2479,#2480,#2481,
    #2482,#2483,#2484,#2485,#2486,#2487,#2488,#2489,#2490,#2491,#2492,
    #2493,#2494,#2495,#2496,#2497,#2498,#2499,#2500,#2501,#2502,#2503,
    #2504,#2505,#2506,#2507,#2508,#2509,#2510,#2511,#2512,#2513,#2514,
    #2515,#2516,#2517,#2518,#2519,#2520,#2521,#2522,#2523,#2524,#2525,
    #2526,#2527,#2528,#2529,#2530,#2531,#2532,#2533,#2534,#2535,#2536,
    #2537,#2538,#2539,#2540,#2541,#2542,#2543,#2544,#2545,#2546,#2547,
    #2548,#2549,#2550,#2551,#2552,#2553,#2554,#2555,#2556,#2557,#2558,
    #2559,#2560,#2561,#2562,#2563,#2564,#2565,#2566,#2567,#2568,#2569,
    #2570,#2571,#2572,#2573,#2574,#2575,#2576,#2577,#2578,#2579,#2580,
    #2581,#2582,#2583,#2584,#2585,#2586,#2587,#2588,#2589,#2590,#2591,
    #2592,#2593,#2594,#2595,#2596,#2597,#2598,#2599,#2600,#2601,#2602,
    #2603,#2604,#2605,#2606,#2607,#2608,#2609,#2610,#2611,#2612,#2613,
    #2614,#2615,#2616,#2617,#2618,#2619,#2620,#2621,#2622,#2623,#2624,
    #2625,#2626,#2627,#2628,#2629,#2630,#2631,#2632,#2633,#2634,#2635,
    #2636,#2637,#2638,#2639,#2640,#2641,#2642),.UNSPECIFIED.,.F.,.F.,(7,
    5,5,5,5,5,5,5,5,5,5,5,5,5,5,5,5,5,5,5,5,5,5,5,5,5,5,5,5,5,5,5,5,5,5,
    7),(0.,4.925889074074E-02,7.566696640923E-02,0.103365302598,
    0.129679705501,0.152592299703,0.175038438078,0.196954173607,
    0.235556906139,0.259750147251,0.284094764384,0.308798924087,
    0.333653962054,0.358626307676,0.383671841846,0.408842694505,
    0.434089403099,0.463422910505,0.492621650318,0.521726393434,
    0.550687626861,0.579468408831,0.608045057281,0.636407304389,
    0.664558057635,0.701212681848,0.737501774592,0.773718398018,
    0.818048911059,0.853557072636,0.864884255637,0.876451979404,
    0.888565382862,0.926381243238,0.964103856571,1.),.UNSPECIFIED.);
#2466 = CARTESIAN_POINT('',(14.772246574333,161.17313785132));
#2467 = CARTESIAN_POINT('',(14.813900395312,159.64730103788));
#2468 = CARTESIAN_POINT('',(14.90791724737,158.12291069515));
#2469 = CARTESIAN_POINT('',(15.057753702957,156.60225006472));
#2470 = CARTESIAN_POINT('',(15.266956705767,155.08833451045));
#2471 = CARTESIAN_POINT('',(15.538937054513,153.58488379998));
#2472 = CARTESIAN_POINT('',(16.057495094722,151.29820307964));
#2473 = CARTESIAN_POINT('',(16.257325527582,150.50441513049));
#2474 = CARTESIAN_POINT('',(16.476437466232,149.71558669287));
#2475 = CARTESIAN_POINT('',(16.715210543938,148.93245848719));
#2476 = CARTESIAN_POINT('',(16.973950033517,148.15581811581));
#2477 = CARTESIAN_POINT('',(17.545402778044,146.5795795934));
#2478 = CARTESIAN_POINT('',(17.860138575205,145.78070502307));
#2479 = CARTESIAN_POINT('',(18.197305099876,144.99083396421));
#2480 = CARTESIAN_POINT('',(18.557026026439,144.21094965001));
#2481 = CARTESIAN_POINT('',(18.939287357998,143.44204193522));
#2482 = CARTESIAN_POINT('',(19.728317867364,141.9659694007));
#2483 = CARTESIAN_POINT('',(20.132914933171,141.25762648403));
#2484 = CARTESIAN_POINT('',(20.557548329574,140.56091558496));
#2485 = CARTESIAN_POINT('',(21.001952101706,139.87663738836));
#2486 = CARTESIAN_POINT('',(21.465741692611,139.20554024072));
#2487 = CARTESIAN_POINT('',(22.368676250783,137.9760548115));
#2488 = CARTESIAN_POINT('',(22.803262247212,137.41430333546));
#2489 = CARTESIAN_POINT('',(23.251831446937,136.8635163528));
#2490 = CARTESIAN_POINT('',(23.7139965034,136.32409187128));
#2491 = CARTESIAN_POINT('',(24.18932064311,135.79637444246));
#2492 = CARTESIAN_POINT('',(25.155387876881,134.7754414545));
#2493 = CARTESIAN_POINT('',(25.645624480063,134.28173758764));
#2494 = CARTESIAN_POINT('',(26.147580150389,133.7998219983));
#2495 = CARTESIAN_POINT('',(26.660776996785,133.32990848913));
#2496 = CARTESIAN_POINT('',(27.184717240345,132.87215663635));
#2497 = CARTESIAN_POINT('',(28.240440091371,131.99172781025));
#2498 = CARTESIAN_POINT('',(28.771747543447,131.56847536292));
#2499 = CARTESIAN_POINT('',(29.312338834925,131.15702441691));
#2500 = CARTESIAN_POINT('',(29.861737614949,130.75742821083));
#2501 = CARTESIAN_POINT('',(30.419470418735,130.36969808246));
#2502 = CARTESIAN_POINT('',(31.981333082407,129.33171791308));
#2503 = CARTESIAN_POINT('',(33.002006600161,128.70637062292));
#2504 = CARTESIAN_POINT('',(34.044566908911,128.11763327509));
#2505 = CARTESIAN_POINT('',(35.106601036393,127.56502230204));
#2506 = CARTESIAN_POINT('',(36.185883299192,127.0478411843));
#2507 = CARTESIAN_POINT('',(37.966388193783,126.26281209669));
#2508 = CARTESIAN_POINT('',(38.65834916198,125.97395570877));
#2509 = CARTESIAN_POINT('',(39.355810677238,125.69848356431));
#2510 = CARTESIAN_POINT('',(40.058313170088,125.43617254581));
#2511 = CARTESIAN_POINT('',(40.765429742769,125.18678780982));
#2512 = CARTESIAN_POINT('',(42.192558011232,124.71190857302));
#2513 = CARTESIAN_POINT('',(42.912620678979,124.4865739735));
#2514 = CARTESIAN_POINT('',(43.636557397217,124.27383923264));
#2515 = CARTESIAN_POINT('',(44.363997738829,124.07345495984));
#2516 = CARTESIAN_POINT('',(45.094600856659,123.88517127375));
#2517 = CARTESIAN_POINT('',(46.572344285205,123.52970511853));
#2518 = CARTESIAN_POINT('',(47.319567320267,123.36287586557));
#2519 = CARTESIAN_POINT('',(48.069401127437,123.20799482444));
#2520 = CARTESIAN_POINT('',(48.821546156683,123.06480811102));
#2521 = CARTESIAN_POINT('',(49.57572799427,122.93306787858));
#2522 = CARTESIAN_POINT('',(51.092284330427,122.69126354791));
#2523 = CARTESIAN_POINT('',(51.854678804905,122.58133712167));
#2524 = CARTESIAN_POINT('',(52.618627193964,122.48250946869));
#2525 = CARTESIAN_POINT('',(53.383895130326,122.39454453776));
#2526 = CARTESIAN_POINT('',(54.150267765485,122.3172152675));
#2527 = CARTESIAN_POINT('',(55.688453094159,122.1830761039));
#2528 = CARTESIAN_POINT('',(56.46027283972,122.12636493741));
#2529 = CARTESIAN_POINT('',(57.23281061463,122.07994925397));
#2530 = CARTESIAN_POINT('',(58.005882656777,122.04361791583));
#2531 = CARTESIAN_POINT('',(58.779319833693,122.01716948033));
#2532 = CARTESIAN_POINT('',(60.328882845972,121.98360580758));
#2533 = CARTESIAN_POINT('',(61.105008699551,121.97654734367));
#2534 = CARTESIAN_POINT('',(61.881189021011,121.97904352673));
#2535 = CARTESIAN_POINT('',(62.657278338041,121.99091023256));
#2536 = CARTESIAN_POINT('',(63.433141888307,122.01197249423));
#2537 = CARTESIAN_POINT('',(64.988049731368,122.07230707906));
#2538 = CARTESIAN_POINT('',(65.767089592833,122.11166974387));
#2539 = CARTESIAN_POINT('',(66.54564899968,122.15998424003));
#2540 = CARTESIAN_POINT('',(67.323609603129,122.21709045234));
#2541 = CARTESIAN_POINT('',(68.100860909785,122.28283640686));
#2542 = CARTESIAN_POINT('',(69.656079563652,122.43154387343));
#2543 = CARTESIAN_POINT('',(70.434041333292,122.51455637124));
#2544 = CARTESIAN_POINT('',(71.211081785927,122.60597062755));
#2545 = CARTESIAN_POINT('',(71.987102853755,122.70564834906));
#2546 = CARTESIAN_POINT('',(72.762012205805,122.81345808602));
#2547 = CARTESIAN_POINT('',(74.434678392911,123.0638402232));
#2548 = CARTESIAN_POINT('',(75.332015110923,123.20921431444));
#2549 = CARTESIAN_POINT('',(76.227597472299,123.36520224621));
#2550 = CARTESIAN_POINT('',(77.121297070941,123.53161847426));
#2551 = CARTESIAN_POINT('',(78.012993024324,123.70828716969));
#2552 = CARTESIAN_POINT('',(79.788063910112,124.08093925543));
#2553 = CARTESIAN_POINT('',(80.671457625834,124.27682957684));
#2554 = CARTESIAN_POINT('',(81.552640948417,124.48254926042));
#2555 = CARTESIAN_POINT('',(82.431507206632,124.69794117058));
#2556 = CARTESIAN_POINT('',(83.307955230266,124.92285495888));
#2557 = CARTESIAN_POINT('',(85.053010097841,125.39068493529));
#2558 = CARTESIAN_POINT('',(85.921632767835,125.63354029703));
#2559 = CARTESIAN_POINT('',(86.787662319124,125.88557088595));
#2560 = CARTESIAN_POINT('',(87.651008240266,126.14663863246));
#2561 = CARTESIAN_POINT('',(88.511584549357,126.41660966078));
#2562 = CARTESIAN_POINT('',(90.222805766455,126.97272448285));
#2563 = CARTESIAN_POINT('',(91.073478611391,127.25878148897));
#2564 = CARTESIAN_POINT('',(91.921247831519,127.55339745246));
#2565 = CARTESIAN_POINT('',(92.76603723636,127.85644637243));
#2566 = CARTESIAN_POINT('',(93.607774942271,128.16780410197));
#2567 = CARTESIAN_POINT('',(95.279786544586,128.80490158005));
#2568 = CARTESIAN_POINT('',(96.110099257562,129.13053921585));
#2569 = CARTESIAN_POINT('',(96.937264984068,129.46414115223));
#2570 = CARTESIAN_POINT('',(97.761221871819,129.80558708587));
#2571 = CARTESIAN_POINT('',(98.581912743555,130.15475651333));
#2572 = CARTESIAN_POINT('',(100.21086007171,130.86577046973));
#2573 = CARTESIAN_POINT('',(101.01916363819,131.22750718798));
#2574 = CARTESIAN_POINT('',(101.8241442343,131.59662064583));
#2575 = CARTESIAN_POINT('',(102.62575578754,131.97299066364));
#2576 = CARTESIAN_POINT('',(103.42395771509,132.35649512214));
#2577 = CARTESIAN_POINT('',(105.0075093266,133.13459489629));
#2578 = CARTESIAN_POINT('',(105.79291080367,133.52908514272));
#2579 = CARTESIAN_POINT('',(106.57488491924,133.93035932023));
#2580 = CARTESIAN_POINT('',(107.35340383844,134.33829271249));
#2581 = CARTESIAN_POINT('',(108.12844632745,134.75275726824));
#2582 = CARTESIAN_POINT('',(109.66579581335,135.59134759982));
#2583 = CARTESIAN_POINT('',(110.4281550286,136.01537809421));
#2584 = CARTESIAN_POINT('',(111.1870610172,136.44558451535));
#2585 = CARTESIAN_POINT('',(111.94250723899,136.88183393371));
#2586 = CARTESIAN_POINT('',(112.69449499565,137.32398905938));
#2587 = CARTESIAN_POINT('',(114.41769278718,138.35513630622));
#2588 = CARTESIAN_POINT('',(115.38650481033,138.94813698304));
#2589 = CARTESIAN_POINT('',(116.34948970619,139.55059646687));
#2590 = CARTESIAN_POINT('',(117.30669377452,140.16218776821));
#2591 = CARTESIAN_POINT('',(118.25819057613,140.78256885879));
#2592 = CARTESIAN_POINT('',(120.14054089603,142.03392206352));
#2593 = CARTESIAN_POINT('',(121.07150639436,142.6647271598));
#2594 = CARTESIAN_POINT('',(121.99707735353,143.30344844993));
#2595 = CARTESIAN_POINT('',(122.9173825511,143.94972279235));
#2596 = CARTESIAN_POINT('',(123.83258078398,144.60317155959));
#2597 = CARTESIAN_POINT('',(125.65132312352,145.9223112394));
#2598 = CARTESIAN_POINT('',(126.55488704068,146.58797528757));
#2599 = CARTESIAN_POINT('',(127.45374120975,147.26000064613));
#2600 = CARTESIAN_POINT('',(128.34810473357,147.93798056789));
#2601 = CARTESIAN_POINT('',(129.23822722795,148.62149369511));
#2602 = CARTESIAN_POINT('',(131.2090840354,150.15298911745));
#2603 = CARTESIAN_POINT('',(132.28784362137,151.00351062313));
#2604 = CARTESIAN_POINT('',(133.36118190813,151.86087204465));
#2605 = CARTESIAN_POINT('',(134.42967751943,152.72424290897));
#2606 = CARTESIAN_POINT('',(135.49396719826,153.59276644527));
#2607 = CARTESIAN_POINT('',(137.40440448563,155.16466924866));
#2608 = CARTESIAN_POINT('',(138.25181128904,155.8665143467));
#2609 = CARTESIAN_POINT('',(139.09731364279,156.57065304009));
#2610 = CARTESIAN_POINT('',(139.94128242469,157.27662519336));
#2611 = CARTESIAN_POINT('',(140.78410210865,157.98396442239));
#2612 = CARTESIAN_POINT('',(141.89478769666,158.91813203012));
#2613 = CARTESIAN_POINT('',(142.16333142854,159.14415297421));
#2614 = CARTESIAN_POINT('',(142.43181104478,159.37025008771));
#2615 = CARTESIAN_POINT('',(142.70023936128,159.59640810103));
#2616 = CARTESIAN_POINT('',(142.96862924566,159.82261171853));
#2617 = CARTESIAN_POINT('',(143.51105689662,160.27988375566));
#2618 = CARTESIAN_POINT('',(143.78509355562,160.51095347842));
#2619 = CARTESIAN_POINT('',(144.05911735528,160.74203846714));
#2620 = CARTESIAN_POINT('',(144.33314205923,160.97312239849));
#2621 = CARTESIAN_POINT('',(144.60718143375,161.2041889454));
#2622 = CARTESIAN_POINT('',(145.16824555503,161.6771530297));
#2623 = CARTESIAN_POINT('',(145.45527303254,161.91904731588));
#2624 = CARTESIAN_POINT('',(145.74234749375,162.16088588114));
#2625 = CARTESIAN_POINT('',(146.02948468588,162.40265000047));
#2626 = CARTESIAN_POINT('',(146.31670028987,162.64432097829));
#2627 = CARTESIAN_POINT('',(147.50093875701,163.63998430111));
#2628 = CARTESIAN_POINT('',(148.39878297642,164.39299807576));
#2629 = CARTESIAN_POINT('',(149.29801897611,165.14435556593));
#2630 = CARTESIAN_POINT('',(150.19911028052,165.89349267366));
#2631 = CARTESIAN_POINT('',(151.10250019778,166.63985592));
#2632 = CARTESIAN_POINT('',(152.91247446651,168.12413435151));
#2633 = CARTESIAN_POINT('',(153.81904424018,168.86206489075));
#2634 = CARTESIAN_POINT('',(154.72872561039,169.59617173519));
#2635 = CARTESIAN_POINT('',(155.64189874097,170.32594005055));
#2636 = CARTESIAN_POINT('',(156.55890604262,171.05087890053));
#2637 = CARTESIAN_POINT('',(158.3565859364,172.45533445732));
#2638 = CARTESIAN_POINT('',(159.23686809124,173.13535099824));
#2639 = CARTESIAN_POINT('',(160.12114908133,173.81018139578));
#2640 = CARTESIAN_POINT('',(161.00964978043,174.47945490069));
#2641 = CARTESIAN_POINT('',(161.90255281645,175.14283044566));
#2642 = CARTESIAN_POINT('',(162.8,175.8000000085));
#2643 = ( GEOMETRIC_REPRESENTATION_CONTEXT(2) 
PARAMETRIC_REPRESENTATION_CONTEXT() REPRESENTATION_CONTEXT('2D SPACE',''
  ) );
#2644 = ORIENTED_EDGE('',*,*,#907,.T.);
#2645 = ADVANCED_FACE('',(#2646),#1121,.F.);
#2646 = FACE_BOUND('',#2647,.F.);
#2647 = EDGE_LOOP('',(#2648,#2649));
#2648 = ORIENTED_EDGE('',*,*,#1095,.T.);
#2649 = ORIENTED_EDGE('',*,*,#1148,.T.);
#2650 = ADVANCED_FACE('',(#2651),#716,.T.);
#2651 = FACE_BOUND('',#2652,.T.);
#2652 = EDGE_LOOP('',(#2653,#2654,#2655));
#2653 = ORIENTED_EDGE('',*,*,#2102,.F.);
#2654 = ORIENTED_EDGE('',*,*,#342,.T.);
#2655 = ORIENTED_EDGE('',*,*,#2656,.F.);
#2656 = EDGE_CURVE('',#2056,#291,#2657,.T.);
#2657 = SURFACE_CURVE('',#2658,(#2662,#2668),.PCURVE_S1.);
#2658 = LINE('',#2659,#2660);
#2659 = CARTESIAN_POINT('',(-86.4,0.,74.));
#2660 = VECTOR('',#2661,1.);
#2661 = DIRECTION('',(-1.,0.,0.));
#2662 = PCURVE('',#716,#2663);
#2663 = DEFINITIONAL_REPRESENTATION('',(#2664),#2667);
#2664 = B_SPLINE_CURVE_WITH_KNOTS('',1,(#2665,#2666),.UNSPECIFIED.,.F.,
  .F.,(2,2),(-153.6,13.31328205786),.PIECEWISE_BEZIER_KNOTS.);
#2665 = CARTESIAN_POINT('',(162.8,307.2));
#2666 = CARTESIAN_POINT('',(162.8,140.28671794214));
#2667 = ( GEOMETRIC_REPRESENTATION_CONTEXT(2) 
PARAMETRIC_REPRESENTATION_CONTEXT() REPRESENTATION_CONTEXT('2D SPACE',''
  ) );
#2668 = PCURVE('',#318,#2669);
#2669 = DEFINITIONAL_REPRESENTATION('',(#2670),#2673);
#2670 = B_SPLINE_CURVE_WITH_KNOTS('',1,(#2671,#2672),.UNSPECIFIED.,.F.,
  .F.,(2,2),(-153.6,13.31328205786),.PIECEWISE_BEZIER_KNOTS.);
#2671 = CARTESIAN_POINT('',(-8.697043085704E-12,1.608832000195E-14));
#2672 = CARTESIAN_POINT('',(166.91328205786,-1.134390985871E-15));
#2673 = ( GEOMETRIC_REPRESENTATION_CONTEXT(2) 
PARAMETRIC_REPRESENTATION_CONTEXT() REPRESENTATION_CONTEXT('2D SPACE',''
  ) );
#2674 = ADVANCED_FACE('',(#2675),#318,.T.);
#2675 = FACE_BOUND('',#2676,.T.);
#2676 = EDGE_LOOP('',(#2677,#2678,#2697,#2698));
#2677 = ORIENTED_EDGE('',*,*,#290,.T.);
#2678 = ORIENTED_EDGE('',*,*,#2679,.T.);
#2679 = EDGE_CURVE('',#259,#2029,#2680,.T.);
#2680 = SURFACE_CURVE('',#2681,(#2685,#2691),.PCURVE_S1.);
#2681 = LINE('',#2682,#2683);
#2682 = CARTESIAN_POINT('',(-86.4,0.,74.));
#2683 = VECTOR('',#2684,1.);
#2684 = DIRECTION('',(-1.,0.,0.));
#2685 = PCURVE('',#318,#2686);
#2686 = DEFINITIONAL_REPRESENTATION('',(#2687),#2690);
#2687 = B_SPLINE_CURVE_WITH_KNOTS('',1,(#2688,#2689),.UNSPECIFIED.,.F.,
  .F.,(2,2),(-153.6,13.31328205786),.PIECEWISE_BEZIER_KNOTS.);
#2688 = CARTESIAN_POINT('',(-8.697043085704E-12,1.608832000195E-14));
#2689 = CARTESIAN_POINT('',(166.91328205786,-1.134390985871E-15));
#2690 = ( GEOMETRIC_REPRESENTATION_CONTEXT(2) 
PARAMETRIC_REPRESENTATION_CONTEXT() REPRESENTATION_CONTEXT('2D SPACE',''
  ) );
#2691 = PCURVE('',#276,#2692);
#2692 = DEFINITIONAL_REPRESENTATION('',(#2693),#2696);
#2693 = B_SPLINE_CURVE_WITH_KNOTS('',1,(#2694,#2695),.UNSPECIFIED.,.F.,
  .F.,(2,2),(-153.6,13.31328205786),.PIECEWISE_BEZIER_KNOTS.);
#2694 = CARTESIAN_POINT('',(162.8,307.2));
#2695 = CARTESIAN_POINT('',(162.8,140.28671794214));
#2696 = ( GEOMETRIC_REPRESENTATION_CONTEXT(2) 
PARAMETRIC_REPRESENTATION_CONTEXT() REPRESENTATION_CONTEXT('2D SPACE',''
  ) );
#2697 = ORIENTED_EDGE('',*,*,#2055,.F.);
#2698 = ORIENTED_EDGE('',*,*,#2656,.T.);
#2699 = ADVANCED_FACE('',(#2700),#276,.T.);
#2700 = FACE_BOUND('',#2701,.T.);
#2701 = EDGE_LOOP('',(#2702,#2703,#2704));
#2702 = ORIENTED_EDGE('',*,*,#258,.F.);
#2703 = ORIENTED_EDGE('',*,*,#2028,.T.);
#2704 = ORIENTED_EDGE('',*,*,#2679,.F.);
#2705 = ( GEOMETRIC_REPRESENTATION_CONTEXT(3) 
GLOBAL_UNCERTAINTY_ASSIGNED_CONTEXT((#2709)) 
GLOBAL_UNIT_ASSIGNED_CONTEXT((#2706,#2707,#2708)) REPRESENTATION_CONTEXT
('Context #1','3D Context with UNIT and UNCERTAINTY') );
#2706 = ( LENGTH_UNIT() NAMED_UNIT(*) SI_UNIT(.MILLI.,.METRE.) );
#2707 = ( NAMED_UNIT(*) PLANE_ANGLE_UNIT() SI_UNIT($,.RADIAN.) );
#2708 = ( NAMED_UNIT(*) SI_UNIT($,.STERADIAN.) SOLID_ANGLE_UNIT() );
#2709 = UNCERTAINTY_MEASURE_WITH_UNIT(LENGTH_MEASURE(2.E-06),#2706,
  'distance_accuracy_value','confusion accuracy');
#2710 = PRODUCT_RELATED_PRODUCT_CATEGORY('part',$,(#7));
ENDSEC;
END-ISO-10303-21;
