ISO-10303-21;
HEADER;
FILE_DESCRIPTION(('Open CASCADE Model'),'2;1');
FILE_NAME('Open CASCADE Shape Model','2026-09-05T04:29:47',('Author'),(
    'Open CASCADE'),'Open CASCADE STEP processor 7.8','Open CASCADE 7.8'
  ,'Unknown');
FILE_SCHEMA(('AUTOMOTIVE_DESIGN { 1 0 10303 214 1 1 1 1 }'));
ENDSEC;
DATA;
#1 = APPLICATION_PROTOCOL_DEFINITION('international standard',
  'automotive_design',2000,#2);
#2 = APPLICATION_CONTEXT(
  'core data for automotive mechanical design processes');
#3 = SHAPE_DEFINITION_REPRESENTATION(#4,#10);
#4 = PRODUCT_DEFINITION_SHAPE('','',#5);
#5 = PRODUCT_DEFINITION('design','',#6,#9);
#6 = PRODUCT_DEFINITION_FORMATION('','',#7);
#7 = PRODUCT('Open CASCADE STEP translator 7.8 55',
  'Open CASCADE STEP translator 7.8 55','',(#8));
#8 = PRODUCT_CONTEXT('',#2,'mechanical');
#9 = PRODUCT_DEFINITION_CONTEXT('part definition',#2,'design');
#10 = ADVANCED_BREP_SHAPE_REPRESENTATION('',(#11,#15),#2729);
#11 = AXIS2_PLACEMENT_3D('',#12,#13,#14);
#12 = CARTESIAN_POINT('',(0.,0.,0.));
#13 = DIRECTION('',(0.,0.,1.));
#14 = DIRECTION('',(1.,0.,-0.));
#15 = MANIFOLD_SOLID_BREP('',#16);
#16 = CLOSED_SHELL('',(#17,#1313,#1480,#1872,#1923,#1974,#2186,#2367,
    #2557,#2716));
#17 = ADVANCED_FACE('',(#18,#605),#44,.T.);
#18 = FACE_BOUND('',#19,.T.);
#19 = EDGE_LOOP('',(#20,#150,#182,#234));
#20 = ORIENTED_EDGE('',*,*,#21,.T.);
#21 = EDGE_CURVE('',#22,#24,#26,.T.);
#22 = VERTEX_POINT('',#23);
#23 = CARTESIAN_POINT('',(-34.44999999543,2.6645352591E-15,-167.5));
#24 = VERTEX_POINT('',#25);
#25 = CARTESIAN_POINT('',(34.45,0.,-167.5));
#26 = SURFACE_CURVE('',#27,(#43,#126),.PCURVE_S1.);
#27 = B_SPLINE_CURVE_WITH_KNOTS('',14,(#28,#29,#30,#31,#32,#33,#34,#35,
    #36,#37,#38,#39,#40,#41,#42),.UNSPECIFIED.,.T.,.F.,(15,15),(0.,1.),
  .PIECEWISE_BEZIER_KNOTS.);
#28 = CARTESIAN_POINT('',(34.45,2.611909748675E-15,-167.5));
#29 = CARTESIAN_POINT('',(34.450000000008,8.751579535006,-167.5));
#30 = CARTESIAN_POINT('',(26.977300256647,17.503162300406,-167.5));
#31 = CARTESIAN_POINT('',(12.031891216971,24.03997725818,-167.5));
#32 = CARTESIAN_POINT('',(-8.151235677837,26.147503118601,-167.5));
#33 = CARTESIAN_POINT('',(-29.10252150075,22.405048789708,-167.5));
#34 = CARTESIAN_POINT('',(-45.09648662231,12.984762282643,-167.5));
#35 = CARTESIAN_POINT('',(-51.11789534037,2.685960720372E-10,-167.5));
#36 = CARTESIAN_POINT('',(-45.09648662231,-12.98476228313,-167.5));
#37 = CARTESIAN_POINT('',(-29.10252150075,-22.40504878933,-167.5));
#38 = CARTESIAN_POINT('',(-8.15123567784,-26.14750311883,-167.5));
#39 = CARTESIAN_POINT('',(12.031891216973,-24.03997725806,-167.5));
#40 = CARTESIAN_POINT('',(26.977300256646,-17.50316230044,-167.5));
#41 = CARTESIAN_POINT('',(34.450000000008,-8.751579534997,-167.5));
#42 = CARTESIAN_POINT('',(34.45,-4.493517788655E-15,-167.5));
#43 = PCURVE('',#44,#120);
#44 = ( BOUNDED_SURFACE() B_SPLINE_SURFACE(14,4,(
    (#45,#46,#47,#48,#49)
    ,(#50,#51,#52,#53,#54)
    ,(#55,#56,#57,#58,#59)
    ,(#60,#61,#62,#63,#64)
    ,(#65,#66,#67,#68,#69)
    ,(#70,#71,#72,#73,#74)
    ,(#75,#76,#77,#78,#79)
    ,(#80,#81,#82,#83,#84)
    ,(#85,#86,#87,#88,#89)
    ,(#90,#91,#92,#93,#94)
    ,(#95,#96,#97,#98,#99)
    ,(#100,#101,#102,#103,#104)
    ,(#105,#106,#107,#108,#109)
    ,(#110,#111,#112,#113,#114)
    ,(#115,#116,#117,#118,#119
)),.UNSPECIFIED.,.T.,.F.,.F.) B_SPLINE_SURFACE_WITH_KNOTS((15,15),(5,5),
  (0.,1.),(0.,1.),.PIECEWISE_BEZIER_KNOTS.) 
GEOMETRIC_REPRESENTATION_ITEM() RATIONAL_B_SPLINE_SURFACE((
    (1.,1.,1.,1.,1.)
    ,(1.,1.,1.,1.,1.)
    ,(1.,1.,1.,1.,1.)
    ,(1.,1.,1.,1.,1.)
    ,(1.,1.,1.,1.,1.)
    ,(1.,1.,1.,1.,1.)
    ,(1.,1.,1.,1.,1.)
    ,(1.,1.,1.,1.,1.)
    ,(1.,1.,1.,1.,1.)
    ,(1.,1.,1.,1.,1.)
    ,(1.,1.,1.,1.,1.)
    ,(1.,1.,1.,1.,1.)
    ,(1.,1.,1.,1.,1.)
    ,(1.,1.,1.,1.,1.)
,(1.,1.,1.,1.,1.))) REPRESENTATION_ITEM('') SURFACE() );
#45 = CARTESIAN_POINT('',(34.45,2.611909748675E-15,-167.5));
#46 = CARTESIAN_POINT('',(80.811512525975,-4.317516317584E-14,
    -92.97490043913));
#47 = CARTESIAN_POINT('',(34.933717865004,3.31518592095E-14,
    6.068437044333));
#48 = CARTESIAN_POINT('',(51.303522983997,4.689793292343E-14,
    81.722421637412));
#49 = CARTESIAN_POINT('',(29.68,-1.877771356682E-14,167.5));
#50 = CARTESIAN_POINT('',(34.450000000008,8.751579535006,-167.5));
#51 = CARTESIAN_POINT('',(80.811512525982,20.529125666622,
    -92.97490043913));
#52 = CARTESIAN_POINT('',(34.933717864991,8.874461838878,6.068437044333)
  );
#53 = CARTESIAN_POINT('',(51.303522984021,13.033000343112,
    81.722421637412));
#54 = CARTESIAN_POINT('',(29.680000000001,7.539822368622,167.5));
#55 = CARTESIAN_POINT('',(26.977300256647,17.503162300406,-167.5));
#56 = CARTESIAN_POINT('',(63.282334908823,41.058258910998,
    -92.97490043913));
#57 = CARTESIAN_POINT('',(27.356092770059,17.74892695345,6.068437044333)
  );
#58 = CARTESIAN_POINT('',(40.175052068538,26.066005497033,
    81.722421637412));
#59 = CARTESIAN_POINT('',(23.241981759598,15.079647520345,167.5));
#60 = CARTESIAN_POINT('',(12.031891216971,24.03997725818,-167.5));
#61 = CARTESIAN_POINT('',(28.223957265184,56.392073245933,
    -92.97490043913));
#62 = CARTESIAN_POINT('',(12.200832892512,24.377526357687,6.068437044333
    ));
#63 = CARTESIAN_POINT('',(17.918096011507,35.800740951993,
    81.722421637412));
#64 = CARTESIAN_POINT('',(10.365937048397,20.711365022448,167.5));
#65 = CARTESIAN_POINT('',(-8.151235677837,26.147503118601,-167.5));
#66 = CARTESIAN_POINT('',(-19.12086165657,61.335828034663,
    -92.97490043913));
#67 = CARTESIAN_POINT('',(-8.265688458715,26.514644319636,6.068437044333
    ));
#68 = CARTESIAN_POINT('',(-12.13895811197,38.939304128506,
    81.722421637412));
#69 = CARTESIAN_POINT('',(-7.022603045377,22.527079609838,167.5));
#70 = CARTESIAN_POINT('',(-29.10252150075,22.405048789708,-167.5));
#71 = CARTESIAN_POINT('',(-68.26759886263,52.556919620062,
    -92.97490043913));
#72 = CARTESIAN_POINT('',(-29.5111545804,22.719641601863,6.068437044333)
  );
#73 = CARTESIAN_POINT('',(-43.33996750905,33.365977809214,
    81.722421637412));
#74 = CARTESIAN_POINT('',(-25.07294160088,19.302811265036,167.5));
#75 = CARTESIAN_POINT('',(-45.09648662231,12.984762282643,-167.5));
#76 = CARTESIAN_POINT('',(-105.7856398701,30.459166323786,
    -92.97490043913));
#77 = CARTESIAN_POINT('',(-45.7296934785,13.167083370379,6.068437044333)
  );
#78 = CARTESIAN_POINT('',(-67.15845102905,19.337127727921,
    81.722421637412));
#79 = CARTESIAN_POINT('',(-38.85235770507,11.186872120352,167.5));
#80 = CARTESIAN_POINT('',(-51.11789534037,2.685960720372E-10,-167.5));
#81 = CARTESIAN_POINT('',(-119.9104336614,5.418922781325E-10,
    -92.97490043913));
#82 = CARTESIAN_POINT('',(-51.83564974469,7.710436833335E-10,
    6.068437044333));
#83 = CARTESIAN_POINT('',(-76.12563478843,-1.713602150617E-10,
    81.722421637412));
#84 = CARTESIAN_POINT('',(-44.04003290895,3.219910752235E-10,167.5));
#85 = CARTESIAN_POINT('',(-45.09648662231,-12.98476228313,-167.5));
#86 = CARTESIAN_POINT('',(-105.78563987,-30.45916632478,-92.97490043913)
  );
#87 = CARTESIAN_POINT('',(-45.72969347875,-13.16708337178,6.068437044333
    ));
#88 = CARTESIAN_POINT('',(-67.15845102901,-19.33712772761,
    81.722421637412));
#89 = CARTESIAN_POINT('',(-38.8523577051,-11.18687212094,167.5));
#90 = CARTESIAN_POINT('',(-29.10252150075,-22.40504878933,-167.5));
#91 = CARTESIAN_POINT('',(-68.2675988627,-52.55691961928,-92.97490043913
    ));
#92 = CARTESIAN_POINT('',(-29.51115458004,-22.7196416008,6.068437044333)
  );
#93 = CARTESIAN_POINT('',(-43.3399675091,-33.36597780943,81.722421637412
    ));
#94 = CARTESIAN_POINT('',(-25.07294160084,-19.30281126458,167.5));
#95 = CARTESIAN_POINT('',(-8.15123567784,-26.14750311883,-167.5));
#96 = CARTESIAN_POINT('',(-19.12086165651,-61.33582803516,
    -92.97490043913));
#97 = CARTESIAN_POINT('',(-8.265688459011,-26.51464432028,6.068437044333
    ));
#98 = CARTESIAN_POINT('',(-12.13895811194,-38.93930412837,
    81.722421637412));
#99 = CARTESIAN_POINT('',(-7.022603045406,-22.52707961011,167.5));
#100 = CARTESIAN_POINT('',(12.031891216973,-24.03997725806,-167.5));
#101 = CARTESIAN_POINT('',(28.223957265155,-56.39207324567,
    -92.97490043913));
#102 = CARTESIAN_POINT('',(12.200832892677,-24.37752635737,
    6.068437044333));
#103 = CARTESIAN_POINT('',(17.91809601149,-35.80074095205,
    81.722421637412));
#104 = CARTESIAN_POINT('',(10.365937048414,-20.71136502231,167.5));
#105 = CARTESIAN_POINT('',(26.977300256646,-17.50316230044,-167.5));
#106 = CARTESIAN_POINT('',(63.282334908835,-41.05825891109,
    -92.97490043913));
#107 = CARTESIAN_POINT('',(27.356092769996,-17.74892695356,
    6.068437044333));
#108 = CARTESIAN_POINT('',(40.175052068543,-26.06600549701,
    81.722421637412));
#109 = CARTESIAN_POINT('',(23.241981759591,-15.07964752039,167.5));
#110 = CARTESIAN_POINT('',(34.450000000008,-8.751579534997,-167.5));
#111 = CARTESIAN_POINT('',(80.811512525979,-20.5291256666,
    -92.97490043913));
#112 = CARTESIAN_POINT('',(34.933717865005,-8.874461838854,
    6.068437044333));
#113 = CARTESIAN_POINT('',(51.30352298402,-13.03300034311,
    81.722421637412));
#114 = CARTESIAN_POINT('',(29.680000000003,-7.539822368611,167.5));
#115 = CARTESIAN_POINT('',(34.45,-4.493517788655E-15,-167.5));
#116 = CARTESIAN_POINT('',(80.811512525975,2.197510768368E-14,
    -92.97490043913));
#117 = CARTESIAN_POINT('',(34.933717865004,-2.995814030599E-15,
    6.068437044333));
#118 = CARTESIAN_POINT('',(51.303522983997,-1.043275651008E-13,
    81.722421637412));
#119 = CARTESIAN_POINT('',(29.68,9.643995708742E-15,167.5));
#120 = DEFINITIONAL_REPRESENTATION('',(#121),#125);
#121 = LINE('',#122,#123);
#122 = CARTESIAN_POINT('',(0.,0.));
#123 = VECTOR('',#124,1.);
#124 = DIRECTION('',(1.,0.));
#125 = ( GEOMETRIC_REPRESENTATION_CONTEXT(2) 
PARAMETRIC_REPRESENTATION_CONTEXT() REPRESENTATION_CONTEXT('2D SPACE',''
  ) );
#126 = PCURVE('',#127,#132);
#127 = PLANE('',#128);
#128 = AXIS2_PLACEMENT_3D('',#129,#130,#131);
#129 = CARTESIAN_POINT('',(34.45,2.611909748675E-15,-167.5));
#130 = DIRECTION('',(0.,0.,-1.));
#131 = DIRECTION('',(-1.,7.637955069477E-19,0.));
#132 = DEFINITIONAL_REPRESENTATION('',(#133),#149);
#133 = B_SPLINE_CURVE_WITH_KNOTS('',14,(#134,#135,#136,#137,#138,#139,
    #140,#141,#142,#143,#144,#145,#146,#147,#148),.UNSPECIFIED.,.F.,.F.,
  (15,15),(0.,1.),.PIECEWISE_BEZIER_KNOTS.);
#134 = CARTESIAN_POINT('',(0.,0.));
#135 = CARTESIAN_POINT('',(-7.915446076368E-12,8.751579535006));
#136 = CARTESIAN_POINT('',(7.472699743353,17.503162300406));
#137 = CARTESIAN_POINT('',(22.418108783029,24.03997725818));
#138 = CARTESIAN_POINT('',(42.601235677837,26.147503118601));
#139 = CARTESIAN_POINT('',(63.552521500753,22.405048789708));
#140 = CARTESIAN_POINT('',(79.546486622318,12.984762282643));
#141 = CARTESIAN_POINT('',(85.567895340379,2.685933947711E-10));
#142 = CARTESIAN_POINT('',(79.546486622319,-12.98476228313));
#143 = CARTESIAN_POINT('',(63.552521500751,-22.40504878933));
#144 = CARTESIAN_POINT('',(42.60123567784,-26.14750311883));
#145 = CARTESIAN_POINT('',(22.418108783027,-24.03997725806));
#146 = CARTESIAN_POINT('',(7.472699743354,-17.50316230044));
#147 = CARTESIAN_POINT('',(-8.192557743314E-12,-8.751579534997));
#148 = CARTESIAN_POINT('',(7.105427357601E-15,-7.10542753733E-15));
#149 = ( GEOMETRIC_REPRESENTATION_CONTEXT(2) 
PARAMETRIC_REPRESENTATION_CONTEXT() REPRESENTATION_CONTEXT('2D SPACE',''
  ) );
#150 = ORIENTED_EDGE('',*,*,#151,.T.);
#151 = EDGE_CURVE('',#24,#152,#154,.T.);
#152 = VERTEX_POINT('',#153);
#153 = CARTESIAN_POINT('',(29.68,0.,167.5));
#154 = SURFACE_CURVE('',#155,(#161,#168),.PCURVE_S1.);
#155 = ( BOUNDED_CURVE() B_SPLINE_CURVE(4,(#156,#157,#158,#159,#160),
.UNSPECIFIED.,.F.,.F.) B_SPLINE_CURVE_WITH_KNOTS((5,5),(0.,1.),
.PIECEWISE_BEZIER_KNOTS.) CURVE() GEOMETRIC_REPRESENTATION_ITEM() 
RATIONAL_B_SPLINE_CURVE((1.,1.,1.,1.,1.)) REPRESENTATION_ITEM('') );
#156 = CARTESIAN_POINT('',(34.45,2.611909748675E-15,-167.5));
#157 = CARTESIAN_POINT('',(80.811512525975,-4.317516317584E-14,
    -92.97490043913));
#158 = CARTESIAN_POINT('',(34.933717865004,3.31518592095E-14,
    6.068437044333));
#159 = CARTESIAN_POINT('',(51.303522983997,4.689793292343E-14,
    81.722421637412));
#160 = CARTESIAN_POINT('',(29.68,-1.877771356682E-14,167.5));
#161 = PCURVE('',#44,#162);
#162 = DEFINITIONAL_REPRESENTATION('',(#163),#167);
#163 = LINE('',#164,#165);
#164 = CARTESIAN_POINT('',(1.,0.));
#165 = VECTOR('',#166,1.);
#166 = DIRECTION('',(0.,1.));
#167 = ( GEOMETRIC_REPRESENTATION_CONTEXT(2) 
PARAMETRIC_REPRESENTATION_CONTEXT() REPRESENTATION_CONTEXT('2D SPACE',''
  ) );
#168 = PCURVE('',#169,#174);
#169 = PLANE('',#170);
#170 = AXIS2_PLACEMENT_3D('',#171,#172,#173);
#171 = CARTESIAN_POINT('',(-106.,0.,-201.));
#172 = DIRECTION('',(0.,1.,0.));
#173 = DIRECTION('',(0.,0.,1.));
#174 = DEFINITIONAL_REPRESENTATION('',(#175),#181);
#175 = ( BOUNDED_CURVE() B_SPLINE_CURVE(4,(#176,#177,#178,#179,#180),
.UNSPECIFIED.,.F.,.F.) B_SPLINE_CURVE_WITH_KNOTS((5,5),(0.,1.),
.PIECEWISE_BEZIER_KNOTS.) CURVE() GEOMETRIC_REPRESENTATION_ITEM() 
RATIONAL_B_SPLINE_CURVE((1.,1.,1.,1.,1.)) REPRESENTATION_ITEM('') );
#176 = CARTESIAN_POINT('',(33.5,140.45));
#177 = CARTESIAN_POINT('',(108.02509956086,186.81151252597));
#178 = CARTESIAN_POINT('',(207.06843704433,140.933717865));
#179 = CARTESIAN_POINT('',(282.72242163741,157.30352298399));
#180 = CARTESIAN_POINT('',(368.5,135.68));
#181 = ( GEOMETRIC_REPRESENTATION_CONTEXT(2) 
PARAMETRIC_REPRESENTATION_CONTEXT() REPRESENTATION_CONTEXT('2D SPACE',''
  ) );
#182 = ORIENTED_EDGE('',*,*,#183,.F.);
#183 = EDGE_CURVE('',#184,#152,#186,.T.);
#184 = VERTEX_POINT('',#185);
#185 = CARTESIAN_POINT('',(-29.67999999606,3.774758283726E-15,167.5));
#186 = SURFACE_CURVE('',#187,(#203,#210),.PCURVE_S1.);
#187 = B_SPLINE_CURVE_WITH_KNOTS('',14,(#188,#189,#190,#191,#192,#193,
    #194,#195,#196,#197,#198,#199,#200,#201,#202),.UNSPECIFIED.,.T.,.F.,
  (15,15),(0.,1.),.PIECEWISE_BEZIER_KNOTS.);
#188 = CARTESIAN_POINT('',(29.68,-1.877771356682E-14,167.5));
#189 = CARTESIAN_POINT('',(29.680000000001,7.539822368622,167.5));
#190 = CARTESIAN_POINT('',(23.241981759598,15.079647520345,167.5));
#191 = CARTESIAN_POINT('',(10.365937048397,20.711365022448,167.5));
#192 = CARTESIAN_POINT('',(-7.022603045377,22.527079609838,167.5));
#193 = CARTESIAN_POINT('',(-25.07294160088,19.302811265036,167.5));
#194 = CARTESIAN_POINT('',(-38.85235770507,11.186872120352,167.5));
#195 = CARTESIAN_POINT('',(-44.04003290895,3.219910752235E-10,167.5));
#196 = CARTESIAN_POINT('',(-38.8523577051,-11.18687212094,167.5));
#197 = CARTESIAN_POINT('',(-25.07294160084,-19.30281126458,167.5));
#198 = CARTESIAN_POINT('',(-7.022603045406,-22.52707961011,167.5));
#199 = CARTESIAN_POINT('',(10.365937048414,-20.71136502231,167.5));
#200 = CARTESIAN_POINT('',(23.241981759591,-15.07964752039,167.5));
#201 = CARTESIAN_POINT('',(29.680000000003,-7.539822368611,167.5));
#202 = CARTESIAN_POINT('',(29.68,9.643995708742E-15,167.5));
#203 = PCURVE('',#44,#204);
#204 = DEFINITIONAL_REPRESENTATION('',(#205),#209);
#205 = LINE('',#206,#207);
#206 = CARTESIAN_POINT('',(0.,1.));
#207 = VECTOR('',#208,1.);
#208 = DIRECTION('',(1.,0.));
#209 = ( GEOMETRIC_REPRESENTATION_CONTEXT(2) 
PARAMETRIC_REPRESENTATION_CONTEXT() REPRESENTATION_CONTEXT('2D SPACE',''
  ) );
#210 = PCURVE('',#211,#216);
#211 = PLANE('',#212);
#212 = AXIS2_PLACEMENT_3D('',#213,#214,#215);
#213 = CARTESIAN_POINT('',(29.68,-1.877771356682E-14,167.5));
#214 = DIRECTION('',(0.,0.,1.));
#215 = DIRECTION('',(-1.,3.799270864563E-16,0.));
#216 = DEFINITIONAL_REPRESENTATION('',(#217),#233);
#217 = B_SPLINE_CURVE_WITH_KNOTS('',14,(#218,#219,#220,#221,#222,#223,
    #224,#225,#226,#227,#228,#229,#230,#231,#232),.UNSPECIFIED.,.F.,.F.,
  (15,15),(0.,1.),.PIECEWISE_BEZIER_KNOTS.);
#218 = CARTESIAN_POINT('',(0.,0.));
#219 = CARTESIAN_POINT('',(-1.406874616805E-12,-7.539822368622));
#220 = CARTESIAN_POINT('',(6.438018240402,-15.07964752034));
#221 = CARTESIAN_POINT('',(19.314062951603,-20.71136502244));
#222 = CARTESIAN_POINT('',(36.702603045377,-22.52707960983));
#223 = CARTESIAN_POINT('',(54.752941600882,-19.30281126503));
#224 = CARTESIAN_POINT('',(68.532357705079,-11.18687212035));
#225 = CARTESIAN_POINT('',(73.720032908956,-3.219818446997E-10));
#226 = CARTESIAN_POINT('',(68.532357705101,11.186872120941));
#227 = CARTESIAN_POINT('',(54.752941600849,19.302811264587));
#228 = CARTESIAN_POINT('',(36.702603045406,22.527079610118));
#229 = CARTESIAN_POINT('',(19.314062951586,20.71136502231));
#230 = CARTESIAN_POINT('',(6.438018240409,15.079647520394));
#231 = CARTESIAN_POINT('',(-3.026912054338E-12,7.539822368611));
#232 = CARTESIAN_POINT('',(2.13162820728E-14,-2.842170927557E-14));
#233 = ( GEOMETRIC_REPRESENTATION_CONTEXT(2) 
PARAMETRIC_REPRESENTATION_CONTEXT() REPRESENTATION_CONTEXT('2D SPACE',''
  ) );
#234 = ORIENTED_EDGE('',*,*,#235,.F.);
#235 = EDGE_CURVE('',#22,#184,#236,.T.);
#236 = SURFACE_CURVE('',#237,(#356,#478),.PCURVE_S1.);
#237 = B_SPLINE_CURVE_WITH_KNOTS('',5,(#238,#239,#240,#241,#242,#243,
    #244,#245,#246,#247,#248,#249,#250,#251,#252,#253,#254,#255,#256,
    #257,#258,#259,#260,#261,#262,#263,#264,#265,#266,#267,#268,#269,
    #270,#271,#272,#273,#274,#275,#276,#277,#278,#279,#280,#281,#282,
    #283,#284,#285,#286,#287,#288,#289,#290,#291,#292,#293,#294,#295,
    #296,#297,#298,#299,#300,#301,#302,#303,#304,#305,#306,#307,#308,
    #309,#310,#311,#312,#313,#314,#315,#316,#317,#318,#319,#320,#321,
    #322,#323,#324,#325,#326,#327,#328,#329,#330,#331,#332,#333,#334,
    #335,#336,#337,#338,#339,#340,#341,#342,#343,#344,#345,#346,#347,
    #348,#349,#350,#351,#352,#353,#354,#355),.UNSPECIFIED.,.F.,.F.,(6,4,
    4,4,4,4,4,4,4,4,4,4,4,4,4,4,4,4,4,4,4,4,4,4,4,4,4,4,4,6),(0.,
    2.51245607899E-02,4.962917976018E-02,7.396408721519E-02,
    9.804804018947E-02,0.122170258255,0.146201687669,0.170288191019,
    0.194460041196,0.234008789719,0.273733759659,0.313695632615,
    0.353827127112,0.39282903394,0.452040566125,0.503781817769,
    0.527593414233,0.545912576614,0.597920504954,0.610293509245,
    0.664735929633,0.687972916608,0.707310636391,0.749924284293,
    0.805428991756,0.834540078217,0.875211516251,0.916111741157,
    0.957650943495,1.),.UNSPECIFIED.);
#238 = CARTESIAN_POINT('',(-34.44999999543,0.,-167.5));
#239 = CARTESIAN_POINT('',(-35.35279978117,0.,-166.0487694369));
#240 = CARTESIAN_POINT('',(-36.22804998995,0.,-164.5803971788));
#241 = CARTESIAN_POINT('',(-37.0754388413,0.,-163.0956666165));
#242 = CARTESIAN_POINT('',(-37.8948130236,0.,-161.5954158168));
#243 = CARTESIAN_POINT('',(-39.45798396718,0.,-158.6030204908));
#244 = CARTESIAN_POINT('',(-40.20314888238,0.,-157.1115851747));
#245 = CARTESIAN_POINT('',(-40.92164681566,0.,-155.6070402728));
#246 = CARTESIAN_POINT('',(-41.61361092095,0.,-154.0902169366));
#247 = CARTESIAN_POINT('',(-42.94035770328,0.,-151.044260394));
#248 = CARTESIAN_POINT('',(-43.57550440424,0.,-149.5152824233));
#249 = CARTESIAN_POINT('',(-44.1849734119,0.,-147.9758246756));
#250 = CARTESIAN_POINT('',(-44.76912796075,0.,-146.4266807158));
#251 = CARTESIAN_POINT('',(-45.88193923901,0.,-143.3266117203));
#252 = CARTESIAN_POINT('',(-46.41110664098,0.,-141.775868456));
#253 = CARTESIAN_POINT('',(-46.91635604098,0.,-140.2171193078));
#254 = CARTESIAN_POINT('',(-47.39820912654,0.,-138.6510617837));
#255 = CARTESIAN_POINT('',(-48.31700316745,0.,-135.5031274114));
#256 = CARTESIAN_POINT('',(-48.75387159172,0.,-133.9212292235));
#257 = CARTESIAN_POINT('',(-49.16842575773,0.,-132.3332992583));
#258 = CARTESIAN_POINT('',(-49.56129886952,0.,-130.7399368137));
#259 = CARTESIAN_POINT('',(-50.30360422811,0.,-127.5494456043));
#260 = CARTESIAN_POINT('',(-50.65319425677,0.,-125.9523542422));
#261 = CARTESIAN_POINT('',(-50.98257487526,0.,-124.3509441928));
#262 = CARTESIAN_POINT('',(-51.29242517689,0.,-122.745698109));
#263 = CARTESIAN_POINT('',(-51.8751014049,0.,-119.5247000518));
#264 = CARTESIAN_POINT('',(-52.14784065419,0.,-117.9089335548));
#265 = CARTESIAN_POINT('',(-52.40233734702,0.,-116.290171843));
#266 = CARTESIAN_POINT('',(-52.63928552093,0.,-114.6687948623));
#267 = CARTESIAN_POINT('',(-53.08023382462,0.,-111.4157146913));
#268 = CARTESIAN_POINT('',(-53.28411405982,0.,-109.7839965799));
#269 = CARTESIAN_POINT('',(-53.47170259945,0.,-108.1503092063));
#270 = CARTESIAN_POINT('',(-53.64368087234,0.,-106.5149417937));
#271 = CARTESIAN_POINT('',(-54.05763618634,0.,-102.2000874369));
#272 = CARTESIAN_POINT('',(-54.27454478882,0.,-99.51820350431));
#273 = CARTESIAN_POINT('',(-54.45434078661,0.,-96.83354968488));
#274 = CARTESIAN_POINT('',(-54.59978023794,0.,-94.14695388011));
#275 = CARTESIAN_POINT('',(-54.82759221076,0.,-88.75908361289));
#276 = CARTESIAN_POINT('',(-54.90968046871,0.,-86.05780951454));
#277 = CARTESIAN_POINT('',(-54.96230332705,0.,-83.35578752882));
#278 = CARTESIAN_POINT('',(-54.98787642484,0.,-80.65346374312));
#279 = CARTESIAN_POINT('',(-54.98937905072,0.,-75.23267613076));
#280 = CARTESIAN_POINT('',(-54.96501173962,0.,-72.51422154508));
#281 = CARTESIAN_POINT('',(-54.91779028732,0.,-69.79606225487));
#282 = CARTESIAN_POINT('',(-54.84978912256,0.,-67.07839930046));
#283 = CARTESIAN_POINT('',(-54.67565845205,0.,-61.63274026015));
#284 = CARTESIAN_POINT('',(-54.56936856303,0.,-58.90475589711));
#285 = CARTESIAN_POINT('',(-54.44596284527,0.,-56.17749073291));
#286 = CARTESIAN_POINT('',(-54.30719021183,0.,-53.45099726785));
#287 = CARTESIAN_POINT('',(-54.00639327095,0.,-48.07626805555));
#288 = CARTESIAN_POINT('',(-53.84513360588,0.,-45.42799372357));
#289 = CARTESIAN_POINT('',(-53.6723291707,0.,-42.78044783315));
#290 = CARTESIAN_POINT('',(-53.48930688318,0.,-40.13360502857));
#291 = CARTESIAN_POINT('',(-53.0057309855,0.,-33.4700475708));
#292 = CARTESIAN_POINT('',(-52.69341863086,0.,-29.45419466427));
#293 = CARTESIAN_POINT('',(-52.3645510241,0.,-25.4396725862));
#294 = CARTESIAN_POINT('',(-52.02271037789,0.,-21.426266967));
#295 = CARTESIAN_POINT('',(-51.36350730449,0.,-13.90741911497));
#296 = CARTESIAN_POINT('',(-51.04849822238,0.,-10.40177939456));
#297 = CARTESIAN_POINT('',(-50.72790452684,0.,-6.896647955871));
#298 = CARTESIAN_POINT('',(-50.40341499998,0.,-3.391880388738));
#299 = CARTESIAN_POINT('',(-49.9259075268,0.,1.725457990463));
#300 = CARTESIAN_POINT('',(-49.77487935406,0.,3.33821288345));
#301 = CARTESIAN_POINT('',(-49.62345021542,0.,4.950930146709));
#302 = CARTESIAN_POINT('',(-49.47173942222,0.,6.563620872117));
#303 = CARTESIAN_POINT('',(-49.20299912681,0.,9.416986174486));
#304 = CARTESIAN_POINT('',(-49.08604173273,0.,10.657667528902));
#305 = CARTESIAN_POINT('',(-48.96902753413,0.,11.89834352009));
#306 = CARTESIAN_POINT('',(-48.85199922428,0.,13.139018171345));
#307 = CARTESIAN_POINT('',(-48.40281881114,0.,17.901964884489));
#308 = CARTESIAN_POINT('',(-48.07083251365,0.,21.424252532657));
#309 = CARTESIAN_POINT('',(-47.7398951356,0.,24.946639125802));
#310 = CARTESIAN_POINT('',(-47.41053357032,0.,28.469173567045));
#311 = CARTESIAN_POINT('',(-47.00497693542,0.,32.829941423701));
#312 = CARTESIAN_POINT('',(-46.92713416893,0.,33.668021719839));
#313 = CARTESIAN_POINT('',(-46.84939255313,0.,34.506111404086));
#314 = CARTESIAN_POINT('',(-46.77175323447,0.,35.344210566349));
#315 = CARTESIAN_POINT('',(-46.35304574867,0.,39.870078513274));
#316 = CARTESIAN_POINT('',(-46.01385563606,0.,43.558021184051));
#317 = CARTESIAN_POINT('',(-45.67664514315,0.,47.24614509798));
#318 = CARTESIAN_POINT('',(-45.34097619023,0.,50.934409260161));
#319 = CARTESIAN_POINT('',(-44.86294436885,0.,56.196971846697));
#320 = CARTESIAN_POINT('',(-44.72006186328,0.,57.771223220896));
#321 = CARTESIAN_POINT('',(-44.57722471752,0.,59.345478704763));
#322 = CARTESIAN_POINT('',(-44.43434692148,0.,60.919730489394));
#323 = CARTESIAN_POINT('',(-44.17230614521,0.,63.804044094441));
#324 = CARTESIAN_POINT('',(-44.05318690197,0.,65.114109878123));
#325 = CARTESIAN_POINT('',(-43.93391051241,0.,66.424161379742));
#326 = CARTESIAN_POINT('',(-43.81441081529,0.,67.734192533618));
#327 = CARTESIAN_POINT('',(-43.43062351147,0.,71.930992356725));
#328 = CARTESIAN_POINT('',(-43.16519082212,0.,74.817655656654));
#329 = CARTESIAN_POINT('',(-42.89752598182,0.,77.704114930229));
#330 = CARTESIAN_POINT('',(-42.62666247143,0.,80.590276556027));
#331 = CARTESIAN_POINT('',(-41.99299975023,0.,87.234741047442));
#332 = CARTESIAN_POINT('',(-41.62717720485,0.,90.992750192046));
#333 = CARTESIAN_POINT('',(-41.25146819992,0.,94.749805637328));
#334 = CARTESIAN_POINT('',(-40.8628506348,0.,98.505554185501));
#335 = CARTESIAN_POINT('',(-40.24549228272,0.,104.22843618757));
#336 = CARTESIAN_POINT('',(-40.02860147779,0.,106.1968423851));
#337 = CARTESIAN_POINT('',(-39.80671822326,0.,108.16469668909));
#338 = CARTESIAN_POINT('',(-39.57931863825,0.,110.13192084099));
#339 = CARTESIAN_POINT('',(-39.01967211777,0.,114.84585079755));
#340 = CARTESIAN_POINT('',(-38.68165029742,0.,117.59186907075));
#341 = CARTESIAN_POINT('',(-38.33028700968,0.,120.33623761363));
#342 = CARTESIAN_POINT('',(-37.96399274148,0.,123.07865276209));
#343 = CARTESIAN_POINT('',(-37.19612708243,0.,128.57427240414));
#344 = CARTESIAN_POINT('',(-36.79436930429,0.,131.32744754533));
#345 = CARTESIAN_POINT('',(-36.3742058662,0.,134.07791576562));
#346 = CARTESIAN_POINT('',(-35.933940427,0.,136.82523271797));
#347 = CARTESIAN_POINT('',(-35.00265366916,0.,142.35540205902));
#348 = CARTESIAN_POINT('',(-34.51094729798,0.,145.13813661437));
#349 = CARTESIAN_POINT('',(-33.99504184788,0.,147.91654993944));
#350 = CARTESIAN_POINT('',(-33.45322731359,0.,150.69001237205));
#351 = CARTESIAN_POINT('',(-32.30350425067,0.,156.27958918228));
#352 = CARTESIAN_POINT('',(-31.69451317851,0.,159.09548074736));
#353 = CARTESIAN_POINT('',(-31.05526006089,0.,161.90474461725));
#354 = CARTESIAN_POINT('',(-30.38419635244,0.,164.7065487111));
#355 = CARTESIAN_POINT('',(-29.67999999606,0.,167.5));
#356 = PCURVE('',#44,#357);
#357 = DEFINITIONAL_REPRESENTATION('',(#358),#477);
#358 = B_SPLINE_CURVE_WITH_KNOTS('',5,(#359,#360,#361,#362,#363,#364,
    #365,#366,#367,#368,#369,#370,#371,#372,#373,#374,#375,#376,#377,
    #378,#379,#380,#381,#382,#383,#384,#385,#386,#387,#388,#389,#390,
    #391,#392,#393,#394,#395,#396,#397,#398,#399,#400,#401,#402,#403,
    #404,#405,#406,#407,#408,#409,#410,#411,#412,#413,#414,#415,#416,
    #417,#418,#419,#420,#421,#422,#423,#424,#425,#426,#427,#428,#429,
    #430,#431,#432,#433,#434,#435,#436,#437,#438,#439,#440,#441,#442,
    #443,#444,#445,#446,#447,#448,#449,#450,#451,#452,#453,#454,#455,
    #456,#457,#458,#459,#460,#461,#462,#463,#464,#465,#466,#467,#468,
    #469,#470,#471,#472,#473,#474,#475,#476),.UNSPECIFIED.,.F.,.F.,(6,4,
    4,4,4,4,4,4,4,4,4,4,4,4,4,4,4,4,4,4,4,4,4,4,4,4,4,4,4,6),(0.,
    2.51245607899E-02,4.962917976018E-02,7.396408721519E-02,
    9.804804018947E-02,0.122170258255,0.146201687669,0.170288191019,
    0.194460041196,0.234008789719,0.273733759659,0.313695632615,
    0.353827127112,0.39282903394,0.452040566125,0.503781817769,
    0.527593414233,0.545912576614,0.597920504954,0.610293509245,
    0.664735929633,0.687972916608,0.707310636391,0.749924284293,
    0.805428991756,0.834540078217,0.875211516251,0.916111741157,
    0.957650943495,1.),.UNSPECIFIED.);
#359 = CARTESIAN_POINT('',(0.5,0.));
#360 = CARTESIAN_POINT('',(0.5,4.868261067606E-03));
#361 = CARTESIAN_POINT('',(0.5,9.764786035381E-03));
#362 = CARTESIAN_POINT('',(0.5,1.468719492695E-02));
#363 = CARTESIAN_POINT('',(0.5,1.963307680169E-02));
#364 = CARTESIAN_POINT('',(0.5,2.944436569646E-02));
#365 = CARTESIAN_POINT('',(0.5,3.430876086001E-02));
#366 = CARTESIAN_POINT('',(0.5,3.919093574572E-02));
#367 = CARTESIAN_POINT('',(0.5,4.408871269953E-02));
#368 = CARTESIAN_POINT('',(0.5,5.387727322293E-02));
#369 = CARTESIAN_POINT('',(0.5,5.876787920362E-02));
#370 = CARTESIAN_POINT('',(0.5,6.366977597981E-02));
#371 = CARTESIAN_POINT('',(0.5,6.858106469112E-02));
#372 = CARTESIAN_POINT('',(0.5,7.836820863739E-02));
#373 = CARTESIAN_POINT('',(0.5,8.324391121226E-02));
#374 = CARTESIAN_POINT('',(0.5,8.812542174243E-02));
#375 = CARTESIAN_POINT('',(0.5,9.301122883459E-02));
#376 = CARTESIAN_POINT('',(0.5,0.102796538548));
#377 = CARTESIAN_POINT('',(0.5,0.107696051086));
#378 = CARTESIAN_POINT('',(0.5,0.112597203207));
#379 = CARTESIAN_POINT('',(0.5,0.117498842889));
#380 = CARTESIAN_POINT('',(0.5,0.127282710655));
#381 = CARTESIAN_POINT('',(0.5,0.132164940352));
#382 = CARTESIAN_POINT('',(0.5,0.13704573266));
#383 = CARTESIAN_POINT('',(0.5,0.141924295878));
#384 = CARTESIAN_POINT('',(0.5,0.151686877998));
#385 = CARTESIAN_POINT('',(0.5,0.156570880382));
#386 = CARTESIAN_POINT('',(0.5,0.16145137428));
#387 = CARTESIAN_POINT('',(0.5,0.166327866502));
#388 = CARTESIAN_POINT('',(0.5,0.176089397155));
#389 = CARTESIAN_POINT('',(0.5,0.180974400711));
#390 = CARTESIAN_POINT('',(0.5,0.185854650338));
#391 = CARTESIAN_POINT('',(0.5,0.190729896963));
#392 = CARTESIAN_POINT('',(0.5,0.20356821422));
#393 = CARTESIAN_POINT('',(0.5,0.211522632147));
#394 = CARTESIAN_POINT('',(0.5,0.219462676733));
#395 = CARTESIAN_POINT('',(0.5,0.227388305713));
#396 = CARTESIAN_POINT('',(0.5,0.243246947235));
#397 = CARTESIAN_POINT('',(0.5,0.251179799265));
#398 = CARTESIAN_POINT('',(0.5,0.259099032488));
#399 = CARTESIAN_POINT('',(0.5,0.267005413681));
#400 = CARTESIAN_POINT('',(0.5,0.282841666312));
#401 = CARTESIAN_POINT('',(0.5,0.290771369729));
#402 = CARTESIAN_POINT('',(0.5,0.298690178499));
#403 = CARTESIAN_POINT('',(0.5,0.30659927984));
#404 = CARTESIAN_POINT('',(0.5,0.322434255433));
#405 = CARTESIAN_POINT('',(0.5,0.33036003915));
#406 = CARTESIAN_POINT('',(0.5,0.338278686112));
#407 = CARTESIAN_POINT('',(0.5,0.346191545022));
#408 = CARTESIAN_POINT('',(0.5,0.361785854416));
#409 = CARTESIAN_POINT('',(0.5,0.369467537584));
#410 = CARTESIAN_POINT('',(0.5,0.377146313562));
#411 = CARTESIAN_POINT('',(0.5,0.384823403357));
#412 = CARTESIAN_POINT('',(0.5,0.404154380161));
#413 = CARTESIAN_POINT('',(0.5,0.415807593976));
#414 = CARTESIAN_POINT('',(0.5,0.427463833159));
#415 = CARTESIAN_POINT('',(0.5,0.439126845908));
#416 = CARTESIAN_POINT('',(0.5,0.461000438682));
#417 = CARTESIAN_POINT('',(0.5,0.471208600417));
#418 = CARTESIAN_POINT('',(0.5,0.48142670805));
#419 = CARTESIAN_POINT('',(0.5,0.491656654551));
#420 = CARTESIAN_POINT('',(0.5,0.506614041514));
#421 = CARTESIAN_POINT('',(0.5,0.5113309197));
#422 = CARTESIAN_POINT('',(0.5,0.516050785537));
#423 = CARTESIAN_POINT('',(0.5,0.520773773189));
#424 = CARTESIAN_POINT('',(0.5,0.529136065164));
#425 = CARTESIAN_POINT('',(0.5,0.532774047469));
#426 = CARTESIAN_POINT('',(0.5,0.536414000296));
#427 = CARTESIAN_POINT('',(0.5,0.54005597082));
#428 = CARTESIAN_POINT('',(0.5,0.554045364298));
#429 = CARTESIAN_POINT('',(0.5,0.564407320999));
#430 = CARTESIAN_POINT('',(0.5,0.574786806067));
#431 = CARTESIAN_POINT('',(0.5,0.585184343161));
#432 = CARTESIAN_POINT('',(0.5,0.598077948476));
#433 = CARTESIAN_POINT('',(0.5,0.600556922525));
#434 = CARTESIAN_POINT('',(0.5,0.603036923071));
#435 = CARTESIAN_POINT('',(0.5,0.605517949569));
#436 = CARTESIAN_POINT('',(0.5,0.618921262923));
#437 = CARTESIAN_POINT('',(0.5,0.629862350578));
#438 = CARTESIAN_POINT('',(0.5,0.640823089091));
#439 = CARTESIAN_POINT('',(0.5,0.651802751117));
#440 = CARTESIAN_POINT('',(0.5,0.667493820136));
#441 = CARTESIAN_POINT('',(0.5,0.672190844155));
#442 = CARTESIAN_POINT('',(0.5,0.676890968375));
#443 = CARTESIAN_POINT('',(0.5,0.681594068576));
#444 = CARTESIAN_POINT('',(0.5,0.690216255721));
#445 = CARTESIAN_POINT('',(0.5,0.694134472146));
#446 = CARTESIAN_POINT('',(0.5,0.698054565826));
#447 = CARTESIAN_POINT('',(0.5,0.70197644308));
#448 = CARTESIAN_POINT('',(0.5,0.714546162784));
#449 = CARTESIAN_POINT('',(0.5,0.723200480284));
#450 = CARTESIAN_POINT('',(0.5,0.731861844638));
#451 = CARTESIAN_POINT('',(0.5,0.740528891493));
#452 = CARTESIAN_POINT('',(0.5,0.760494206546));
#453 = CARTESIAN_POINT('',(0.5,0.771795286293));
#454 = CARTESIAN_POINT('',(0.5,0.7830996885));
#455 = CARTESIAN_POINT('',(0.5,0.79440299165));
#456 = CARTESIAN_POINT('',(0.5,0.811625050358));
#457 = CARTESIAN_POINT('',(0.5,0.817548364534));
#458 = CARTESIAN_POINT('',(0.5,0.823469187413));
#459 = CARTESIAN_POINT('',(0.5,0.829386696118));
#460 = CARTESIAN_POINT('',(0.5,0.843561545742));
#461 = CARTESIAN_POINT('',(0.5,0.851814878132));
#462 = CARTESIAN_POINT('',(0.5,0.860057580916));
#463 = CARTESIAN_POINT('',(0.5,0.868286937951));
#464 = CARTESIAN_POINT('',(0.5,0.884759262549));
#465 = CARTESIAN_POINT('',(0.5,0.893002036485));
#466 = CARTESIAN_POINT('',(0.5,0.901225322053));
#467 = CARTESIAN_POINT('',(0.5,0.909425813556));
#468 = CARTESIAN_POINT('',(0.5,0.925901890403));
#469 = CARTESIAN_POINT('',(0.5,0.934176640131));
#470 = CARTESIAN_POINT('',(0.5,0.942420565642));
#471 = CARTESIAN_POINT('',(0.5,0.950629713594));
#472 = CARTESIAN_POINT('',(0.5,0.967129575466));
#473 = CARTESIAN_POINT('',(0.5,0.975418758873));
#474 = CARTESIAN_POINT('',(0.5,0.983663210421));
#475 = CARTESIAN_POINT('',(0.5,0.99185844558));
#476 = CARTESIAN_POINT('',(0.5,1.));
#477 = ( GEOMETRIC_REPRESENTATION_CONTEXT(2) 
PARAMETRIC_REPRESENTATION_CONTEXT() REPRESENTATION_CONTEXT('2D SPACE',''
  ) );
#478 = PCURVE('',#479,#484);
#479 = PLANE('',#480);
#480 = AXIS2_PLACEMENT_3D('',#481,#482,#483);
#481 = CARTESIAN_POINT('',(-106.,0.,-201.));
#482 = DIRECTION('',(0.,1.,0.));
#483 = DIRECTION('',(0.,0.,1.));
#484 = DEFINITIONAL_REPRESENTATION('',(#485),#604);
#485 = B_SPLINE_CURVE_WITH_KNOTS('',5,(#486,#487,#488,#489,#490,#491,
    #492,#493,#494,#495,#496,#497,#498,#499,#500,#501,#502,#503,#504,
    #505,#506,#507,#508,#509,#510,#511,#512,#513,#514,#515,#516,#517,
    #518,#519,#520,#521,#522,#523,#524,#525,#526,#527,#528,#529,#530,
    #531,#532,#533,#534,#535,#536,#537,#538,#539,#540,#541,#542,#543,
    #544,#545,#546,#547,#548,#549,#550,#551,#552,#553,#554,#555,#556,
    #557,#558,#559,#560,#561,#562,#563,#564,#565,#566,#567,#568,#569,
    #570,#571,#572,#573,#574,#575,#576,#577,#578,#579,#580,#581,#582,
    #583,#584,#585,#586,#587,#588,#589,#590,#591,#592,#593,#594,#595,
    #596,#597,#598,#599,#600,#601,#602,#603),.UNSPECIFIED.,.F.,.F.,(6,4,
    4,4,4,4,4,4,4,4,4,4,4,4,4,4,4,4,4,4,4,4,4,4,4,4,4,4,4,6),(0.,
    2.51245607899E-02,4.962917976018E-02,7.396408721519E-02,
    9.804804018947E-02,0.122170258255,0.146201687669,0.170288191019,
    0.194460041196,0.234008789719,0.273733759659,0.313695632615,
    0.353827127112,0.39282903394,0.452040566125,0.503781817769,
    0.527593414233,0.545912576614,0.597920504954,0.610293509245,
    0.664735929633,0.687972916608,0.707310636391,0.749924284293,
    0.805428991756,0.834540078217,0.875211516251,0.916111741157,
    0.957650943495,1.),.UNSPECIFIED.);
#486 = CARTESIAN_POINT('',(33.5,71.550000004565));
#487 = CARTESIAN_POINT('',(34.951230563006,70.647200218823));
#488 = CARTESIAN_POINT('',(36.419602821107,69.771950010045));
#489 = CARTESIAN_POINT('',(37.904333383455,68.924561158691));
#490 = CARTESIAN_POINT('',(39.404584183153,68.105186976398));
#491 = CARTESIAN_POINT('',(42.396979509152,66.542016032816));
#492 = CARTESIAN_POINT('',(43.888414825276,65.796851117614));
#493 = CARTESIAN_POINT('',(45.39295972713,65.078353184331));
#494 = CARTESIAN_POINT('',(46.909783063308,64.386389079041));
#495 = CARTESIAN_POINT('',(49.955739605933,63.059642296712));
#496 = CARTESIAN_POINT('',(51.484717576661,62.424495595757));
#497 = CARTESIAN_POINT('',(53.024175324347,61.815026588091));
#498 = CARTESIAN_POINT('',(54.573319284139,61.230872039246));
#499 = CARTESIAN_POINT('',(57.673388279647,60.11806076099));
#500 = CARTESIAN_POINT('',(59.224131543968,59.588893359018));
#501 = CARTESIAN_POINT('',(60.782880692198,59.083643959018));
#502 = CARTESIAN_POINT('',(62.348938216209,58.601790873451));
#503 = CARTESIAN_POINT('',(65.496872588559,57.682996832545));
#504 = CARTESIAN_POINT('',(67.078770776454,57.246128408274));
#505 = CARTESIAN_POINT('',(68.666700741603,56.831574242264));
#506 = CARTESIAN_POINT('',(70.260063186285,56.438701130478));
#507 = CARTESIAN_POINT('',(73.450554395625,55.696395771888));
#508 = CARTESIAN_POINT('',(75.047645757786,55.34680574323));
#509 = CARTESIAN_POINT('',(76.649055807116,55.017425124739));
#510 = CARTESIAN_POINT('',(78.25430189094,54.70757482311));
#511 = CARTESIAN_POINT('',(81.47529994814,54.124898595098));
#512 = CARTESIAN_POINT('',(83.091066445176,53.852159345806));
#513 = CARTESIAN_POINT('',(84.709828156927,53.597662652973));
#514 = CARTESIAN_POINT('',(86.331205137668,53.36071447907));
#515 = CARTESIAN_POINT('',(89.584285308617,52.919766175371));
#516 = CARTESIAN_POINT('',(91.216003420072,52.715885940172));
#517 = CARTESIAN_POINT('',(92.849690793664,52.528297400544));
#518 = CARTESIAN_POINT('',(94.485058206273,52.356319127657));
#519 = CARTESIAN_POINT('',(98.79991256304,51.942363813659));
#520 = CARTESIAN_POINT('',(101.48179649568,51.725455211179));
#521 = CARTESIAN_POINT('',(104.16645031511,51.545659213388));
#522 = CARTESIAN_POINT('',(106.85304611988,51.400219762052));
#523 = CARTESIAN_POINT('',(112.2409163871,51.172407789232));
#524 = CARTESIAN_POINT('',(114.94219048545,51.090319531283));
#525 = CARTESIAN_POINT('',(117.64421247117,51.037696672945));
#526 = CARTESIAN_POINT('',(120.34653625687,51.012123575156));
#527 = CARTESIAN_POINT('',(125.76732386923,51.01062094928));
#528 = CARTESIAN_POINT('',(128.48577845491,51.034988260371));
#529 = CARTESIAN_POINT('',(131.20393774512,51.082209712674));
#530 = CARTESIAN_POINT('',(133.92160069953,51.150210877435));
#531 = CARTESIAN_POINT('',(139.36725973984,51.324341547941));
#532 = CARTESIAN_POINT('',(142.09524410288,51.430631436967));
#533 = CARTESIAN_POINT('',(144.82250926708,51.554037154729));
#534 = CARTESIAN_POINT('',(147.54900273214,51.69280978817));
#535 = CARTESIAN_POINT('',(152.92373194444,51.993606729048));
#536 = CARTESIAN_POINT('',(155.57200627642,52.154866394114));
#537 = CARTESIAN_POINT('',(158.21955216684,52.327670829294));
#538 = CARTESIAN_POINT('',(160.86639497142,52.510693116819));
#539 = CARTESIAN_POINT('',(167.52995242919,52.994269014494));
#540 = CARTESIAN_POINT('',(171.54580533572,53.306581369131));
#541 = CARTESIAN_POINT('',(175.56032741379,53.635448975897));
#542 = CARTESIAN_POINT('',(179.57373303299,53.977289622101));
#543 = CARTESIAN_POINT('',(187.09258088502,54.636492695509));
#544 = CARTESIAN_POINT('',(190.59822060543,54.951501777612));
#545 = CARTESIAN_POINT('',(194.10335204412,55.272095473152));
#546 = CARTESIAN_POINT('',(197.60811961126,55.596585000013));
#547 = CARTESIAN_POINT('',(202.72545799046,56.074092473191));
#548 = CARTESIAN_POINT('',(204.33821288345,56.22512064594));
#549 = CARTESIAN_POINT('',(205.9509301467,56.376549784576));
#550 = CARTESIAN_POINT('',(207.56362087211,56.528260577774));
#551 = CARTESIAN_POINT('',(210.41698617448,56.797000873186));
#552 = CARTESIAN_POINT('',(211.6576675289,56.91395826727));
#553 = CARTESIAN_POINT('',(212.89834352009,57.030972465868));
#554 = CARTESIAN_POINT('',(214.13901817134,57.148000775715));
#555 = CARTESIAN_POINT('',(218.90196488448,57.597181188853));
#556 = CARTESIAN_POINT('',(222.42425253265,57.929167486347));
#557 = CARTESIAN_POINT('',(225.9466391258,58.260104864393));
#558 = CARTESIAN_POINT('',(229.46917356704,58.58946642968));
#559 = CARTESIAN_POINT('',(233.8299414237,58.995023064576));
#560 = CARTESIAN_POINT('',(234.66802171983,59.07286583107));
#561 = CARTESIAN_POINT('',(235.50611140408,59.150607446867));
#562 = CARTESIAN_POINT('',(236.34421056634,59.228246765523));
#563 = CARTESIAN_POINT('',(240.87007851327,59.64695425133));
#564 = CARTESIAN_POINT('',(244.55802118405,59.986144363931));
#565 = CARTESIAN_POINT('',(248.24614509798,60.323354856844));
#566 = CARTESIAN_POINT('',(251.93440926016,60.659023809767));
#567 = CARTESIAN_POINT('',(257.19697184669,61.137055631146));
#568 = CARTESIAN_POINT('',(258.77122322089,61.279938136717));
#569 = CARTESIAN_POINT('',(260.34547870476,61.422775282474));
#570 = CARTESIAN_POINT('',(261.91973048939,61.565653078511));
#571 = CARTESIAN_POINT('',(264.80404409444,61.827693854787));
#572 = CARTESIAN_POINT('',(266.11410987812,61.94681309803));
#573 = CARTESIAN_POINT('',(267.42416137974,62.066089487585));
#574 = CARTESIAN_POINT('',(268.73419253361,62.18558918471));
#575 = CARTESIAN_POINT('',(272.93099235672,62.569376488525));
#576 = CARTESIAN_POINT('',(275.81765565665,62.834809177877));
#577 = CARTESIAN_POINT('',(278.70411493022,63.102474018173));
#578 = CARTESIAN_POINT('',(281.59027655602,63.373337528561));
#579 = CARTESIAN_POINT('',(288.23474104744,64.007000249769));
#580 = CARTESIAN_POINT('',(291.99275019204,64.372822795145));
#581 = CARTESIAN_POINT('',(295.74980563732,64.748531800073));
#582 = CARTESIAN_POINT('',(299.5055541855,65.137149365195));
#583 = CARTESIAN_POINT('',(305.22843618757,65.754507717272));
#584 = CARTESIAN_POINT('',(307.1968423851,65.971398522201));
#585 = CARTESIAN_POINT('',(309.16469668909,66.193281776734));
#586 = CARTESIAN_POINT('',(311.13192084099,66.420681361741));
#587 = CARTESIAN_POINT('',(315.84585079755,66.98032788223));
#588 = CARTESIAN_POINT('',(318.59186907075,67.318349702572));
#589 = CARTESIAN_POINT('',(321.33623761363,67.669712990313));
#590 = CARTESIAN_POINT('',(324.07865276209,68.036007258512));
#591 = CARTESIAN_POINT('',(329.57427240414,68.803872917565));
#592 = CARTESIAN_POINT('',(332.32744754533,69.205630695708));
#593 = CARTESIAN_POINT('',(335.07791576562,69.625794133793));
#594 = CARTESIAN_POINT('',(337.82523271797,70.066059572998));
#595 = CARTESIAN_POINT('',(343.35540205902,70.997346330837));
#596 = CARTESIAN_POINT('',(346.13813661437,71.489052702018));
#597 = CARTESIAN_POINT('',(348.91654993944,72.004958152112));
#598 = CARTESIAN_POINT('',(351.69001237205,72.546772686403));
#599 = CARTESIAN_POINT('',(357.27958918228,73.696495749324));
#600 = CARTESIAN_POINT('',(360.09548074736,74.305486821489));
#601 = CARTESIAN_POINT('',(362.90474461725,74.944739939105));
#602 = CARTESIAN_POINT('',(365.7065487111,75.615803647553));
#603 = CARTESIAN_POINT('',(368.5,76.320000003933));
#604 = ( GEOMETRIC_REPRESENTATION_CONTEXT(2) 
PARAMETRIC_REPRESENTATION_CONTEXT() REPRESENTATION_CONTEXT('2D SPACE',''
  ) );
#605 = FACE_BOUND('',#606,.T.);
#606 = EDGE_LOOP('',(#607,#802,#962,#1155));
#607 = ORIENTED_EDGE('',*,*,#608,.T.);
#608 = EDGE_CURVE('',#609,#611,#613,.T.);
#609 = VERTEX_POINT('',#610);
#610 = CARTESIAN_POINT('',(30.,-23.76955912811,-121.));
#611 = VERTEX_POINT('',#612);
#612 = CARTESIAN_POINT('',(-30.,-23.7695591227,-121.));
#613 = SURFACE_CURVE('',#614,(#673,#735),.PCURVE_S1.);
#614 = B_SPLINE_CURVE_WITH_KNOTS('',5,(#615,#616,#617,#618,#619,#620,
    #621,#622,#623,#624,#625,#626,#627,#628,#629,#630,#631,#632,#633,
    #634,#635,#636,#637,#638,#639,#640,#641,#642,#643,#644,#645,#646,
    #647,#648,#649,#650,#651,#652,#653,#654,#655,#656,#657,#658,#659,
    #660,#661,#662,#663,#664,#665,#666,#667,#668,#669,#670,#671,#672),
  .UNSPECIFIED.,.F.,.F.,(6,4,4,4,4,4,4,4,4,4,4,4,4,4,6),(0.,
    5.8334472699E-02,0.118215943233,0.179580596905,0.241955120309,
    0.305613269977,0.370056717691,0.435028628098,0.50000150762,
    0.596326107188,0.691794246047,0.785571910328,0.876870588422,
    0.939275425666,1.),.UNSPECIFIED.);
#615 = CARTESIAN_POINT('',(30.,-23.76955912811,-121.));
#616 = CARTESIAN_POINT('',(29.336493783847,-24.03786853432,-121.));
#617 = CARTESIAN_POINT('',(28.669094545303,-24.29654907091,-121.));
#618 = CARTESIAN_POINT('',(27.998114338674,-24.54584227546,-121.));
#619 = CARTESIAN_POINT('',(27.323830133181,-24.78596775318,-121.));
#620 = CARTESIAN_POINT('',(25.95117464431,-25.25440871416,-121.));
#621 = CARTESIAN_POINT('',(25.25264037948,-25.482242287,-121.));
#622 = CARTESIAN_POINT('',(24.551143406458,-25.70083766409,-121.));
#623 = CARTESIAN_POINT('',(23.846918626732,-25.91038756732,-121.));
#624 = CARTESIAN_POINT('',(22.415923160638,-26.31671025228,-121.));
#625 = CARTESIAN_POINT('',(21.689027323526,-26.5130382231,-121.));
#626 = CARTESIAN_POINT('',(20.959709728845,-26.70023236313,-121.));
#627 = CARTESIAN_POINT('',(20.228172810579,-26.87845757473,-121.));
#628 = CARTESIAN_POINT('',(18.748950146752,-27.22004800689,-121.));
#629 = CARTESIAN_POINT('',(18.001197738017,-27.38312063045,-121.));
#630 = CARTESIAN_POINT('',(17.25153103423,-27.53722913484,-121.));
#631 = CARTESIAN_POINT('',(16.500124710745,-27.68250763548,-121.));
#632 = CARTESIAN_POINT('',(14.978654332074,-27.95844673366,-121.));
#633 = CARTESIAN_POINT('',(14.208525322756,-28.08874517599,-121.));
#634 = CARTESIAN_POINT('',(13.436919531772,-28.21009055018,-121.));
#635 = CARTESIAN_POINT('',(12.663994191489,-28.32258876867,-121.));
#636 = CARTESIAN_POINT('',(11.106245815371,-28.53134781369,-121.));
#637 = CARTESIAN_POINT('',(10.321394273834,-28.6273913715,-121.));
#638 = CARTESIAN_POINT('',(9.535491173199,-28.7145510948,-121.));
#639 = CARTESIAN_POINT('',(8.748679568564,-28.79290268225,-121.));
#640 = CARTESIAN_POINT('',(7.167050888636,-28.93267914116,-121.));
#641 = CARTESIAN_POINT('',(6.3722216179,-28.99396004667,-121.));
#642 = CARTESIAN_POINT('',(5.576745191198,-29.046409211,-121.));
#643 = CARTESIAN_POINT('',(4.780755474352,-29.09007201515,-121.));
#644 = CARTESIAN_POINT('',(3.18799601597,-29.15988501043,-121.));
#645 = CARTESIAN_POINT('',(2.391226740588,-29.1860349948,-121.));
#646 = CARTESIAN_POINT('',(1.594203150901,-29.20345810241,-121.));
#647 = CARTESIAN_POINT('',(0.797053043159,-29.21216925636,-121.));
#648 = CARTESIAN_POINT('',(-1.181900929094,-29.21216714534,-121.));
#649 = CARTESIAN_POINT('',(-2.363702883419,-29.19301755969,-121.));
#650 = CARTESIAN_POINT('',(-3.545094235601,-29.15472017771,-121.));
#651 = CARTESIAN_POINT('',(-4.725655243646,-29.09720266132,-121.));
#652 = CARTESIAN_POINT('',(-7.07376979282,-28.94412054625,-121.));
#653 = CARTESIAN_POINT('',(-8.241342203069,-28.84889882676,-121.));
#654 = CARTESIAN_POINT('',(-9.407253987273,-28.73451191943,-121.));
#655 = CARTESIAN_POINT('',(-10.57105362058,-28.60074647558,-121.));
#656 = CARTESIAN_POINT('',(-12.87289528849,-28.2965833536,-121.));
#657 = CARTESIAN_POINT('',(-14.01102438642,-28.12687683568,-121.));
#658 = CARTESIAN_POINT('',(-15.14618342451,-27.93790538076,-121.));
#659 = CARTESIAN_POINT('',(-16.27785484685,-27.72931424876,-121.));
#660 = CARTESIAN_POINT('',(-18.50325517914,-27.27803915936,-121.));
#661 = CARTESIAN_POINT('',(-19.5971909598,-27.03640330768,-121.));
#662 = CARTESIAN_POINT('',(-20.68673355344,-26.7753311923,-121.));
#663 = CARTESIAN_POINT('',(-21.77126055631,-26.49432970721,-121.));
#664 = CARTESIAN_POINT('',(-23.58743217968,-25.98669306528,-121.));
#665 = CARTESIAN_POINT('',(-24.32213028574,-25.77099677973,-121.));
#666 = CARTESIAN_POINT('',(-25.05391611804,-25.54551802432,-121.));
#667 = CARTESIAN_POINT('',(-25.78252752196,-25.31004154778,-121.));
#668 = CARTESIAN_POINT('',(-27.21328903642,-24.82522936229,-121.));
#669 = CARTESIAN_POINT('',(-27.9156217831,-24.57643772607,-121.));
#670 = CARTESIAN_POINT('',(-28.61439822133,-24.31772997482,-121.));
#671 = CARTESIAN_POINT('',(-29.30930839837,-24.04886178458,-121.));
#672 = CARTESIAN_POINT('',(-30.,-23.7695591227,-121.));
#673 = PCURVE('',#44,#674);
#674 = DEFINITIONAL_REPRESENTATION('',(#675),#734);
#675 = B_SPLINE_CURVE_WITH_KNOTS('',5,(#676,#677,#678,#679,#680,#681,
    #682,#683,#684,#685,#686,#687,#688,#689,#690,#691,#692,#693,#694,
    #695,#696,#697,#698,#699,#700,#701,#702,#703,#704,#705,#706,#707,
    #708,#709,#710,#711,#712,#713,#714,#715,#716,#717,#718,#719,#720,
    #721,#722,#723,#724,#725,#726,#727,#728,#729,#730,#731,#732,#733),
  .UNSPECIFIED.,.F.,.F.,(6,4,4,4,4,4,4,4,4,4,4,4,4,4,6),(0.,
    5.8334472699E-02,0.118215943233,0.179580596905,0.241955120309,
    0.305613269977,0.370056717691,0.435028628098,0.50000150762,
    0.596326107188,0.691794246047,0.785571910328,0.876870588422,
    0.939275425666,1.),.UNSPECIFIED.);
#676 = CARTESIAN_POINT('',(0.848728520295,0.14721532605));
#677 = CARTESIAN_POINT('',(0.846213801737,0.14721532605));
#678 = CARTESIAN_POINT('',(0.843719807652,0.14721532605));
#679 = CARTESIAN_POINT('',(0.841245256432,0.14721532605));
#680 = CARTESIAN_POINT('',(0.838788955963,0.14721532605));
#681 = CARTESIAN_POINT('',(0.833845966311,0.14721532605));
#682 = CARTESIAN_POINT('',(0.831360198461,0.14721532605));
#683 = CARTESIAN_POINT('',(0.828891307969,0.14721532605));
#684 = CARTESIAN_POINT('',(0.826438182363,0.14721532605));
#685 = CARTESIAN_POINT('',(0.821500999522,0.14721532605));
#686 = CARTESIAN_POINT('',(0.819017680499,0.14721532605));
#687 = CARTESIAN_POINT('',(0.816548720465,0.14721532605));
#688 = CARTESIAN_POINT('',(0.81409307649,0.14721532605));
#689 = CARTESIAN_POINT('',(0.809166262374,0.14721532605));
#690 = CARTESIAN_POINT('',(0.806695501019,0.14721532605));
#691 = CARTESIAN_POINT('',(0.804236466422,0.14721532605));
#692 = CARTESIAN_POINT('',(0.80178819023,0.14721532605));
#693 = CARTESIAN_POINT('',(0.79686114692,0.14721532605));
#694 = CARTESIAN_POINT('',(0.794382788371,0.14721532605));
#695 = CARTESIAN_POINT('',(0.791913712782,0.14721532605));
#696 = CARTESIAN_POINT('',(0.789452992776,0.14721532605));
#697 = CARTESIAN_POINT('',(0.784516232323,0.14721532605));
#698 = CARTESIAN_POINT('',(0.782040376547,0.14721532605));
#699 = CARTESIAN_POINT('',(0.77957125992,0.14721532605));
#700 = CARTESIAN_POINT('',(0.777107996106,0.14721532605));
#701 = CARTESIAN_POINT('',(0.772171304261,0.14721532605));
#702 = CARTESIAN_POINT('',(0.769697957745,0.14721532605));
#703 = CARTESIAN_POINT('',(0.767228813223,0.14721532605));
#704 = CARTESIAN_POINT('',(0.764763012253,0.14721532605));
#705 = CARTESIAN_POINT('',(0.759836380525,0.14721532605));
#706 = CARTESIAN_POINT('',(0.757375549099,0.14721532605));
#707 = CARTESIAN_POINT('',(0.754916380315,0.14721532605));
#708 = CARTESIAN_POINT('',(0.752458040006,0.14721532605));
#709 = CARTESIAN_POINT('',(0.746355123702,0.14721532605));
#710 = CARTESIAN_POINT('',(0.742710544715,0.14721532605));
#711 = CARTESIAN_POINT('',(0.739063273211,0.14721532605));
#712 = CARTESIAN_POINT('',(0.735410576315,0.14721532605));
#713 = CARTESIAN_POINT('',(0.728121330402,0.14721532605));
#714 = CARTESIAN_POINT('',(0.724484929791,0.14721532605));
#715 = CARTESIAN_POINT('',(0.720837740124,0.14721532605));
#716 = CARTESIAN_POINT('',(0.717176981185,0.14721532605));
#717 = CARTESIAN_POINT('',(0.709887446388,0.14721532605));
#718 = CARTESIAN_POINT('',(0.70625926523,0.14721532605));
#719 = CARTESIAN_POINT('',(0.70261226499,0.14721532605));
#720 = CARTESIAN_POINT('',(0.69894348332,0.14721532605));
#721 = CARTESIAN_POINT('',(0.691653431141,0.14721532605));
#722 = CARTESIAN_POINT('',(0.68803348605,0.14721532605));
#723 = CARTESIAN_POINT('',(0.684386754538,0.14721532605));
#724 = CARTESIAN_POINT('',(0.680710016456,0.14721532605));
#725 = CARTESIAN_POINT('',(0.674463462194,0.14721532605));
#726 = CARTESIAN_POINT('',(0.671911587566,0.14721532605));
#727 = CARTESIAN_POINT('',(0.669342832777,0.14721532605));
#728 = CARTESIAN_POINT('',(0.666755949533,0.14721532605));
#729 = CARTESIAN_POINT('',(0.661613420998,0.14721532605));
#730 = CARTESIAN_POINT('',(0.65905881287,0.14721532605));
#731 = CARTESIAN_POINT('',(0.656484523538,0.14721532605));
#732 = CARTESIAN_POINT('',(0.653889232067,0.14721532605));
#733 = CARTESIAN_POINT('',(0.65127147967,0.14721532605));
#734 = ( GEOMETRIC_REPRESENTATION_CONTEXT(2) 
PARAMETRIC_REPRESENTATION_CONTEXT() REPRESENTATION_CONTEXT('2D SPACE',''
  ) );
#735 = PCURVE('',#736,#741);
#736 = PLANE('',#737);
#737 = AXIS2_PLACEMENT_3D('',#738,#739,#740);
#738 = CARTESIAN_POINT('',(-30.,-142.,-121.));
#739 = DIRECTION('',(0.,0.,1.));
#740 = DIRECTION('',(1.,0.,0.));
#741 = DEFINITIONAL_REPRESENTATION('',(#742),#801);
#742 = B_SPLINE_CURVE_WITH_KNOTS('',5,(#743,#744,#745,#746,#747,#748,
    #749,#750,#751,#752,#753,#754,#755,#756,#757,#758,#759,#760,#761,
    #762,#763,#764,#765,#766,#767,#768,#769,#770,#771,#772,#773,#774,
    #775,#776,#777,#778,#779,#780,#781,#782,#783,#784,#785,#786,#787,
    #788,#789,#790,#791,#792,#793,#794,#795,#796,#797,#798,#799,#800),
  .UNSPECIFIED.,.F.,.F.,(6,4,4,4,4,4,4,4,4,4,4,4,4,4,6),(0.,
    5.8334472699E-02,0.118215943233,0.179580596905,0.241955120309,
    0.305613269977,0.370056717691,0.435028628098,0.50000150762,
    0.596326107188,0.691794246047,0.785571910328,0.876870588422,
    0.939275425666,1.),.UNSPECIFIED.);
#743 = CARTESIAN_POINT('',(60.,118.23044087188));
#744 = CARTESIAN_POINT('',(59.336493783847,117.96213146568));
#745 = CARTESIAN_POINT('',(58.669094545303,117.70345092908));
#746 = CARTESIAN_POINT('',(57.998114338674,117.45415772453));
#747 = CARTESIAN_POINT('',(57.323830133181,117.21403224681));
#748 = CARTESIAN_POINT('',(55.95117464431,116.74559128583));
#749 = CARTESIAN_POINT('',(55.25264037948,116.51775771299));
#750 = CARTESIAN_POINT('',(54.551143406458,116.2991623359));
#751 = CARTESIAN_POINT('',(53.846918626732,116.08961243267));
#752 = CARTESIAN_POINT('',(52.415923160638,115.68328974771));
#753 = CARTESIAN_POINT('',(51.689027323526,115.48696177689));
#754 = CARTESIAN_POINT('',(50.959709728845,115.29976763686));
#755 = CARTESIAN_POINT('',(50.228172810579,115.12154242526));
#756 = CARTESIAN_POINT('',(48.748950146752,114.7799519931));
#757 = CARTESIAN_POINT('',(48.001197738017,114.61687936954));
#758 = CARTESIAN_POINT('',(47.25153103423,114.46277086515));
#759 = CARTESIAN_POINT('',(46.500124710745,114.31749236451));
#760 = CARTESIAN_POINT('',(44.978654332074,114.04155326633));
#761 = CARTESIAN_POINT('',(44.208525322756,113.911254824));
#762 = CARTESIAN_POINT('',(43.436919531772,113.78990944981));
#763 = CARTESIAN_POINT('',(42.663994191489,113.67741123132));
#764 = CARTESIAN_POINT('',(41.106245815371,113.46865218631));
#765 = CARTESIAN_POINT('',(40.321394273834,113.37260862849));
#766 = CARTESIAN_POINT('',(39.535491173199,113.28544890519));
#767 = CARTESIAN_POINT('',(38.748679568564,113.20709731775));
#768 = CARTESIAN_POINT('',(37.167050888636,113.06732085883));
#769 = CARTESIAN_POINT('',(36.3722216179,113.00603995332));
#770 = CARTESIAN_POINT('',(35.576745191198,112.95359078899));
#771 = CARTESIAN_POINT('',(34.780755474352,112.90992798484));
#772 = CARTESIAN_POINT('',(33.18799601597,112.84011498956));
#773 = CARTESIAN_POINT('',(32.391226740588,112.81396500519));
#774 = CARTESIAN_POINT('',(31.594203150901,112.79654189758));
#775 = CARTESIAN_POINT('',(30.797053043159,112.78783074363));
#776 = CARTESIAN_POINT('',(28.818099070906,112.78783285465));
#777 = CARTESIAN_POINT('',(27.636297116581,112.8069824403));
#778 = CARTESIAN_POINT('',(26.454905764399,112.84527982228));
#779 = CARTESIAN_POINT('',(25.274344756354,112.90279733868));
#780 = CARTESIAN_POINT('',(22.92623020718,113.05587945374));
#781 = CARTESIAN_POINT('',(21.758657796931,113.15110117323));
#782 = CARTESIAN_POINT('',(20.592746012727,113.26548808056));
#783 = CARTESIAN_POINT('',(19.428946379414,113.39925352441));
#784 = CARTESIAN_POINT('',(17.127104711509,113.7034166464));
#785 = CARTESIAN_POINT('',(15.988975613571,113.87312316431));
#786 = CARTESIAN_POINT('',(14.853816575487,114.06209461923));
#787 = CARTESIAN_POINT('',(13.722145153146,114.27068575123));
#788 = CARTESIAN_POINT('',(11.496744820851,114.72196084063));
#789 = CARTESIAN_POINT('',(10.4028090402,114.96359669231));
#790 = CARTESIAN_POINT('',(9.313266446557,115.22466880769));
#791 = CARTESIAN_POINT('',(8.228739443683,115.50567029279));
#792 = CARTESIAN_POINT('',(6.412567820311,116.01330693471));
#793 = CARTESIAN_POINT('',(5.677869714252,116.22900322026));
#794 = CARTESIAN_POINT('',(4.946083881958,116.45448197567));
#795 = CARTESIAN_POINT('',(4.21747247804,116.68995845221));
#796 = CARTESIAN_POINT('',(2.786710963572,117.1747706377));
#797 = CARTESIAN_POINT('',(2.084378216893,117.42356227392));
#798 = CARTESIAN_POINT('',(1.385601778667,117.68227002517));
#799 = CARTESIAN_POINT('',(0.690691601621,117.95113821541));
#800 = CARTESIAN_POINT('',(0.,118.23044087729));
#801 = ( GEOMETRIC_REPRESENTATION_CONTEXT(2) 
PARAMETRIC_REPRESENTATION_CONTEXT() REPRESENTATION_CONTEXT('2D SPACE',''
  ) );
#802 = ORIENTED_EDGE('',*,*,#803,.T.);
#803 = EDGE_CURVE('',#611,#804,#806,.T.);
#804 = VERTEX_POINT('',#805);
#805 = CARTESIAN_POINT('',(-30.,-23.90937416658,-19.));
#806 = SURFACE_CURVE('',#807,(#855,#906),.PCURVE_S1.);
#807 = B_SPLINE_CURVE_WITH_KNOTS('',6,(#808,#809,#810,#811,#812,#813,
    #814,#815,#816,#817,#818,#819,#820,#821,#822,#823,#824,#825,#826,
    #827,#828,#829,#830,#831,#832,#833,#834,#835,#836,#837,#838,#839,
    #840,#841,#842,#843,#844,#845,#846,#847,#848,#849,#850,#851,#852,
    #853,#854),.UNSPECIFIED.,.F.,.F.,(7,5,5,5,5,5,5,5,5,7),(0.,
    0.133996104714,0.269284968096,0.405753699556,0.541996972462,
    0.647172366852,0.752538255671,0.857961837971,0.963322359477,1.),
  .UNSPECIFIED.);
#808 = CARTESIAN_POINT('',(-30.,-23.7695591227,-121.));
#809 = CARTESIAN_POINT('',(-30.,-24.05308551945,-118.736657669));
#810 = CARTESIAN_POINT('',(-30.,-24.309990368,-116.4699893889));
#811 = CARTESIAN_POINT('',(-30.,-24.54213487086,-114.2006047116));
#812 = CARTESIAN_POINT('',(-30.,-24.75115216376,-111.9290070351));
#813 = CARTESIAN_POINT('',(-30.,-24.9385205479,-109.655601021));
#814 = CARTESIAN_POINT('',(-30.,-25.27426487734,-105.0838409859));
#815 = CARTESIAN_POINT('',(-30.,-25.42224653558,-102.7854717662));
#816 = CARTESIAN_POINT('',(-30.,-25.55091666814,-100.4859126295));
#817 = CARTESIAN_POINT('',(-30.,-25.66152700142,-98.18543356118));
#818 = CARTESIAN_POINT('',(-30.,-25.75521974299,-95.88425042366));
#819 = CARTESIAN_POINT('',(-30.,-25.91156147809,-91.26072858364));
#820 = CARTESIAN_POINT('',(-30.,-25.97393222821,-88.93838772681));
#821 = CARTESIAN_POINT('',(-30.,-26.02124578755,-86.61567470941));
#822 = CARTESIAN_POINT('',(-30.,-26.05449333152,-84.29272955391));
#823 = CARTESIAN_POINT('',(-30.,-26.07458852072,-81.96966158815));
#824 = CARTESIAN_POINT('',(-30.,-26.09016085612,-77.32727583669));
#825 = CARTESIAN_POINT('',(-30.,-26.08567855071,-75.00796231678));
#826 = CARTESIAN_POINT('',(-30.,-26.06977892624,-72.6886895906));
#827 = CARTESIAN_POINT('',(-30.,-26.04324263308,-70.36952118515));
#828 = CARTESIAN_POINT('',(-30.,-26.00679446137,-68.05050366143));
#829 = CARTESIAN_POINT('',(-30.,-25.92584581708,-63.94159940285));
#830 = CARTESIAN_POINT('',(-30.,-25.88507678348,-62.151640931));
#831 = CARTESIAN_POINT('',(-30.,-25.83911580286,-60.36180556441));
#832 = CARTESIAN_POINT('',(-30.,-25.78825719753,-58.5721042447));
#833 = CARTESIAN_POINT('',(-30.,-25.73277975012,-56.78254438952));
#834 = CARTESIAN_POINT('',(-30.,-25.61300827843,-53.20047431635));
#835 = CARTESIAN_POINT('',(-30.,-25.54869869041,-51.40796506377));
#836 = CARTESIAN_POINT('',(-30.,-25.48028491753,-49.61560614096));
#837 = CARTESIAN_POINT('',(-30.,-25.40801937388,-47.82339944853));
#838 = CARTESIAN_POINT('',(-30.,-25.3321414039,-46.0313447422));
#839 = CARTESIAN_POINT('',(-30.,-25.17356975959,-42.44655335908));
#840 = CARTESIAN_POINT('',(-30.,-25.09087273959,-40.65381714721));
#841 = CARTESIAN_POINT('',(-30.,-25.00501303076,-38.8612287037));
#842 = CARTESIAN_POINT('',(-30.,-24.91620613088,-37.06878454896));
#843 = CARTESIAN_POINT('',(-30.,-24.82465622718,-35.27648001719));
#844 = CARTESIAN_POINT('',(-30.,-24.63651245298,-31.69321051121));
#845 = CARTESIAN_POINT('',(-30.,-24.53992186683,-29.902245585));
#846 = CARTESIAN_POINT('',(-30.,-24.4409771009,-28.11140870082));
#847 = CARTESIAN_POINT('',(-30.,-24.33986068197,-26.32069356263));
#848 = CARTESIAN_POINT('',(-30.,-24.23674500061,-24.53009335538));
#849 = CARTESIAN_POINT('',(-30.,-24.09525664334,-22.11630234643));
#850 = CARTESIAN_POINT('',(-30.,-24.05849836917,-21.49301699745));
#851 = CARTESIAN_POINT('',(-30.,-24.02152434296,-20.86974439524));
#852 = CARTESIAN_POINT('',(-30.,-23.98434127713,-20.24648423423));
#853 = CARTESIAN_POINT('',(-30.,-23.94695574214,-19.62323620616));
#854 = CARTESIAN_POINT('',(-30.,-23.90937416658,-19.));
#855 = PCURVE('',#44,#856);
#856 = DEFINITIONAL_REPRESENTATION('',(#857),#905);
#857 = B_SPLINE_CURVE_WITH_KNOTS('',6,(#858,#859,#860,#861,#862,#863,
    #864,#865,#866,#867,#868,#869,#870,#871,#872,#873,#874,#875,#876,
    #877,#878,#879,#880,#881,#882,#883,#884,#885,#886,#887,#888,#889,
    #890,#891,#892,#893,#894,#895,#896,#897,#898,#899,#900,#901,#902,
    #903,#904),.UNSPECIFIED.,.F.,.F.,(7,5,5,5,5,5,5,5,5,7),(0.,
    0.133996104714,0.269284968096,0.405753699556,0.541996972462,
    0.647172366852,0.752538255671,0.857961837971,0.963322359477,1.),
  .UNSPECIFIED.);
#858 = CARTESIAN_POINT('',(0.65127147967,0.14721532605));
#859 = CARTESIAN_POINT('',(0.652169430749,0.15407406865));
#860 = CARTESIAN_POINT('',(0.652966050277,0.160917892457));
#861 = CARTESIAN_POINT('',(0.653673722449,0.16774667152));
#862 = CARTESIAN_POINT('',(0.654301959883,0.174560523525));
#863 = CARTESIAN_POINT('',(0.654858576871,0.181359779037));
#864 = CARTESIAN_POINT('',(0.655846323811,0.194995632007));
#865 = CARTESIAN_POINT('',(0.656276193747,0.201831915422));
#866 = CARTESIAN_POINT('',(0.656646367659,0.208654353));
#867 = CARTESIAN_POINT('',(0.65696225158,0.215463553237));
#868 = CARTESIAN_POINT('',(0.657228312447,0.222260205267));
#869 = CARTESIAN_POINT('',(0.657670429908,0.235889124519));
#870 = CARTESIAN_POINT('',(0.657845678379,0.242721163855));
#871 = CARTESIAN_POINT('',(0.657978090896,0.249541976946));
#872 = CARTESIAN_POINT('',(0.658070945408,0.256352358117));
#873 = CARTESIAN_POINT('',(0.658127022605,0.263153121287));
#874 = CARTESIAN_POINT('',(0.658170471015,0.27672586793));
#875 = CARTESIAN_POINT('',(0.658157954658,0.283497868347));
#876 = CARTESIAN_POINT('',(0.658113633877,0.290261935089));
#877 = CARTESIAN_POINT('',(0.658039580395,0.297018882674));
#878 = CARTESIAN_POINT('',(0.657937598203,0.303769516701));
#879 = CARTESIAN_POINT('',(0.657710261977,0.315721655243));
#880 = CARTESIAN_POINT('',(0.657595540128,0.320925383407));
#881 = CARTESIAN_POINT('',(0.657465877645,0.326126190082));
#882 = CARTESIAN_POINT('',(0.65732194621,0.331324432935));
#883 = CARTESIAN_POINT('',(0.657164360564,0.336520462064));
#884 = CARTESIAN_POINT('',(0.656822711937,0.34691818804));
#885 = CARTESIAN_POINT('',(0.656638603078,0.352119876995));
#886 = CARTESIAN_POINT('',(0.656441932116,0.357320032651));
#887 = CARTESIAN_POINT('',(0.656233229507,0.362518989793));
#888 = CARTESIAN_POINT('',(0.656012988275,0.367717073411));
#889 = CARTESIAN_POINT('',(0.6555502131,0.378114969902));
#890 = CARTESIAN_POINT('',(0.655307669528,0.383314781559));
#891 = CARTESIAN_POINT('',(0.655054491043,0.38851434921));
#892 = CARTESIAN_POINT('',(0.654791110268,0.393713977125));
#893 = CARTESIAN_POINT('',(0.654517934701,0.398913958299));
#894 = CARTESIAN_POINT('',(0.65395292777,0.409312079773));
#895 = CARTESIAN_POINT('',(0.653661109112,0.414510218872));
#896 = CARTESIAN_POINT('',(0.653360273459,0.41970927289));
#897 = CARTESIAN_POINT('',(0.653050785593,0.424909510602));
#898 = CARTESIAN_POINT('',(0.652732992358,0.430111188409));
#899 = CARTESIAN_POINT('',(0.652293817155,0.43712592178));
#900 = CARTESIAN_POINT('',(0.652179445199,0.438937497242));
#901 = CARTESIAN_POINT('',(0.6520641205,0.440749287085));
#902 = CARTESIAN_POINT('',(0.651947856703,0.442561301416));
#903 = CARTESIAN_POINT('',(0.65183066739,0.444373550101));
#904 = CARTESIAN_POINT('',(0.651712566081,0.446186042765));
#905 = ( GEOMETRIC_REPRESENTATION_CONTEXT(2) 
PARAMETRIC_REPRESENTATION_CONTEXT() REPRESENTATION_CONTEXT('2D SPACE',''
  ) );
#906 = PCURVE('',#907,#912);
#907 = PLANE('',#908);
#908 = AXIS2_PLACEMENT_3D('',#909,#910,#911);
#909 = CARTESIAN_POINT('',(-30.,-142.,-121.));
#910 = DIRECTION('',(1.,0.,0.));
#911 = DIRECTION('',(0.,0.,1.));
#912 = DEFINITIONAL_REPRESENTATION('',(#913),#961);
#913 = B_SPLINE_CURVE_WITH_KNOTS('',6,(#914,#915,#916,#917,#918,#919,
    #920,#921,#922,#923,#924,#925,#926,#927,#928,#929,#930,#931,#932,
    #933,#934,#935,#936,#937,#938,#939,#940,#941,#942,#943,#944,#945,
    #946,#947,#948,#949,#950,#951,#952,#953,#954,#955,#956,#957,#958,
    #959,#960),.UNSPECIFIED.,.F.,.F.,(7,5,5,5,5,5,5,5,5,7),(0.,
    0.133996104714,0.269284968096,0.405753699556,0.541996972462,
    0.647172366852,0.752538255671,0.857961837971,0.963322359477,1.),
  .UNSPECIFIED.);
#914 = CARTESIAN_POINT('',(0.,-118.2304408772));
#915 = CARTESIAN_POINT('',(2.263342330978,-117.9469144805));
#916 = CARTESIAN_POINT('',(4.53001061109,-117.6900096319));
#917 = CARTESIAN_POINT('',(6.799395288379,-117.4578651291));
#918 = CARTESIAN_POINT('',(9.070992964871,-117.2488478362));
#919 = CARTESIAN_POINT('',(11.344398978915,-117.061479452));
#920 = CARTESIAN_POINT('',(15.916159014068,-116.7257351226));
#921 = CARTESIAN_POINT('',(18.214528233733,-116.5777534644));
#922 = CARTESIAN_POINT('',(20.514087370421,-116.4490833318));
#923 = CARTESIAN_POINT('',(22.814566438815,-116.3384729985));
#924 = CARTESIAN_POINT('',(25.115749576334,-116.244780257));
#925 = CARTESIAN_POINT('',(29.739271416356,-116.0884385219));
#926 = CARTESIAN_POINT('',(32.061612273187,-116.0260677717));
#927 = CARTESIAN_POINT('',(34.384325290589,-115.9787542124));
#928 = CARTESIAN_POINT('',(36.707270446087,-115.9455066684));
#929 = CARTESIAN_POINT('',(39.03033841185,-115.9254114792));
#930 = CARTESIAN_POINT('',(43.672724163309,-115.9098391438));
#931 = CARTESIAN_POINT('',(45.992037683213,-115.9143214492));
#932 = CARTESIAN_POINT('',(48.311310409394,-115.9302210737));
#933 = CARTESIAN_POINT('',(50.630478814841,-115.9567573669));
#934 = CARTESIAN_POINT('',(52.949496338562,-115.9932055386));
#935 = CARTESIAN_POINT('',(57.05840059715,-116.0741541829));
#936 = CARTESIAN_POINT('',(58.848359068993,-116.1149232165));
#937 = CARTESIAN_POINT('',(60.638194435586,-116.1608841971));
#938 = CARTESIAN_POINT('',(62.427895755291,-116.2117428024));
#939 = CARTESIAN_POINT('',(64.217455610477,-116.2672202498));
#940 = CARTESIAN_POINT('',(67.799525683645,-116.3869917215));
#941 = CARTESIAN_POINT('',(69.592034936222,-116.4513013095));
#942 = CARTESIAN_POINT('',(71.384393859037,-116.5197150824));
#943 = CARTESIAN_POINT('',(73.176600551466,-116.5919806261));
#944 = CARTESIAN_POINT('',(74.968655257796,-116.667858596));
#945 = CARTESIAN_POINT('',(78.553446640916,-116.8264302404));
#946 = CARTESIAN_POINT('',(80.346182852789,-116.9091272604));
#947 = CARTESIAN_POINT('',(82.138771296292,-116.9949869692));
#948 = CARTESIAN_POINT('',(83.93121545104,-117.0837938691));
#949 = CARTESIAN_POINT('',(85.72351998281,-117.1753437728));
#950 = CARTESIAN_POINT('',(89.306789488785,-117.363487547));
#951 = CARTESIAN_POINT('',(91.097754414993,-117.4600781331));
#952 = CARTESIAN_POINT('',(92.888591299174,-117.559022899));
#953 = CARTESIAN_POINT('',(94.679306437364,-117.660139318));
#954 = CARTESIAN_POINT('',(96.46990664462,-117.7632549993));
#955 = CARTESIAN_POINT('',(98.88369765357,-117.9047433566));
#956 = CARTESIAN_POINT('',(99.506983002543,-117.9415016308));
#957 = CARTESIAN_POINT('',(100.13025560475,-117.978475657));
#958 = CARTESIAN_POINT('',(100.75351576576,-118.0156587228));
#959 = CARTESIAN_POINT('',(101.37676379383,-118.0530442578));
#960 = CARTESIAN_POINT('',(102.,-118.0906258334));
#961 = ( GEOMETRIC_REPRESENTATION_CONTEXT(2) 
PARAMETRIC_REPRESENTATION_CONTEXT() REPRESENTATION_CONTEXT('2D SPACE',''
  ) );
#962 = ORIENTED_EDGE('',*,*,#963,.F.);
#963 = EDGE_CURVE('',#964,#804,#966,.T.);
#964 = VERTEX_POINT('',#965);
#965 = CARTESIAN_POINT('',(30.,-23.90937417229,-19.));
#966 = SURFACE_CURVE('',#967,(#1026,#1088),.PCURVE_S1.);
#967 = B_SPLINE_CURVE_WITH_KNOTS('',5,(#968,#969,#970,#971,#972,#973,
    #974,#975,#976,#977,#978,#979,#980,#981,#982,#983,#984,#985,#986,
    #987,#988,#989,#990,#991,#992,#993,#994,#995,#996,#997,#998,#999,
    #1000,#1001,#1002,#1003,#1004,#1005,#1006,#1007,#1008,#1009,#1010,
    #1011,#1012,#1013,#1014,#1015,#1016,#1017,#1018,#1019,#1020,#1021,
    #1022,#1023,#1024,#1025),.UNSPECIFIED.,.F.,.F.,(6,4,4,4,4,4,4,4,4,4,
    4,4,4,4,6),(0.,5.844037017834E-02,0.118372759616,0.179776533504,
    0.242178502562,0.305856265985,0.370048866127,0.435026314569,
    0.500001516046,0.596457999862,0.691800806379,0.785471352552,
    0.876690175207,0.939157496972,1.),.UNSPECIFIED.);
#968 = CARTESIAN_POINT('',(30.,-23.90937417229,-19.));
#969 = CARTESIAN_POINT('',(29.334885481678,-24.17676115092,-19.));
#970 = CARTESIAN_POINT('',(28.665913564265,-24.43455127362,-19.));
#971 = CARTESIAN_POINT('',(27.993392528774,-24.68298373344,-19.));
#972 = CARTESIAN_POINT('',(27.317596163454,-24.92227599969,-19.));
#973 = CARTESIAN_POINT('',(25.942600347719,-25.38885256039,-19.));
#974 = CARTESIAN_POINT('',(25.243245444103,-25.61567447204,-19.));
#975 = CARTESIAN_POINT('',(24.540957881132,-25.83330063653,-19.));
#976 = CARTESIAN_POINT('',(23.835969537983,-26.04192137857,-19.));
#977 = CARTESIAN_POINT('',(22.403631891877,-26.44639601613,-19.));
#978 = CARTESIAN_POINT('',(21.676159754772,-26.64181094664,-19.));
#979 = CARTESIAN_POINT('',(20.946289887795,-26.82813344937,-19.));
#980 = CARTESIAN_POINT('',(20.214222302459,-27.00552631868,-19.));
#981 = CARTESIAN_POINT('',(18.734116342336,-27.34548008886,-19.));
#982 = CARTESIAN_POINT('',(17.986012756145,-27.50775321511,-19.));
#983 = CARTESIAN_POINT('',(17.236013678837,-27.66110249619,-19.));
#984 = CARTESIAN_POINT('',(16.484291846354,-27.80566028829,-19.));
#985 = CARTESIAN_POINT('',(14.962316080025,-28.08019963319,-19.));
#986 = CARTESIAN_POINT('',(14.191998238808,-28.20982294886,-19.));
#987 = CARTESIAN_POINT('',(13.42021806922,-28.33053247293,-19.));
#988 = CARTESIAN_POINT('',(12.647131203899,-28.44243270049,-19.));
#989 = CARTESIAN_POINT('',(11.092372316125,-28.64962356311,-19.));
#990 = CARTESIAN_POINT('',(10.310682038231,-28.7447727478,-19.));
#991 = CARTESIAN_POINT('',(9.527958613302,-28.83114822408,-19.));
#992 = CARTESIAN_POINT('',(8.744342055148,-28.90882379414,-19.));
#993 = CARTESIAN_POINT('',(7.165997025636,-29.04773509105,-19.));
#994 = CARTESIAN_POINT('',(6.371250363812,-29.10875831128,-19.));
#995 = CARTESIAN_POINT('',(5.575861927847,-29.16098730214,-19.));
#996 = CARTESIAN_POINT('',(4.779964438519,-29.20446688773,-19.));
#997 = CARTESIAN_POINT('',(3.187435186093,-29.27398490813,-19.));
#998 = CARTESIAN_POINT('',(2.390803918928,-29.30002399938,-19.));
#999 = CARTESIAN_POINT('',(1.593920446174,-29.31737330058,-19.));
#1000 = CARTESIAN_POINT('',(0.796911499321,-29.32604755088,-19.));
#1001 = CARTESIAN_POINT('',(-1.183267540866,-29.32604543856,-19.));
#1002 = CARTESIAN_POINT('',(-2.366435744466,-29.30692608266,-19.));
#1003 = CARTESIAN_POINT('',(-3.549195096746,-29.26868915503,-19.));
#1004 = CARTESIAN_POINT('',(-4.731127696425,-29.21126282821,-19.));
#1005 = CARTESIAN_POINT('',(-7.078850151655,-29.05862928458,-19.));
#1006 = CARTESIAN_POINT('',(-8.244665444369,-28.96386597519,-19.));
#1007 = CARTESIAN_POINT('',(-9.408837414127,-28.85007242743,-19.));
#1008 = CARTESIAN_POINT('',(-10.57092044588,-28.71703869215,-19.));
#1009 = CARTESIAN_POINT('',(-12.8696130581,-28.41458453233,-19.));
#1010 = CARTESIAN_POINT('',(-14.00630791057,-28.24584378301,-19.));
#1011 = CARTESIAN_POINT('',(-15.14006683164,-28.05797452334,-19.));
#1012 = CARTESIAN_POINT('',(-16.27037964505,-27.85062790524,-19.));
#1013 = CARTESIAN_POINT('',(-18.49349179862,-27.4020458966,-19.));
#1014 = CARTESIAN_POINT('',(-19.58649348662,-27.16184062856,-19.));
#1015 = CARTESIAN_POINT('',(-20.67515547276,-26.90233810727,-19.));
#1016 = CARTESIAN_POINT('',(-21.75886516643,-26.62305349824,-19.));
#1017 = CARTESIAN_POINT('',(-23.57517151799,-26.1181883561,-19.));
#1018 = CARTESIAN_POINT('',(-24.31077153674,-25.90342683054,-19.));
#1019 = CARTESIAN_POINT('',(-25.04348732644,-25.67892304394,-19.));
#1020 = CARTESIAN_POINT('',(-25.77305997837,-25.44446433408,-19.));
#1021 = CARTESIAN_POINT('',(-27.2064514954,-24.96152673211,-19.));
#1022 = CARTESIAN_POINT('',(-27.91044504857,-24.71357132992,-19.));
#1023 = CARTESIAN_POINT('',(-28.61091227396,-24.45572703594,-19.));
#1024 = CARTESIAN_POINT('',(-29.30754664995,-24.18775179978,-19.));
#1025 = CARTESIAN_POINT('',(-30.,-23.90937416658,-19.));
#1026 = PCURVE('',#44,#1027);
#1027 = DEFINITIONAL_REPRESENTATION('',(#1028),#1087);
#1028 = B_SPLINE_CURVE_WITH_KNOTS('',5,(#1029,#1030,#1031,#1032,#1033,
    #1034,#1035,#1036,#1037,#1038,#1039,#1040,#1041,#1042,#1043,#1044,
    #1045,#1046,#1047,#1048,#1049,#1050,#1051,#1052,#1053,#1054,#1055,
    #1056,#1057,#1058,#1059,#1060,#1061,#1062,#1063,#1064,#1065,#1066,
    #1067,#1068,#1069,#1070,#1071,#1072,#1073,#1074,#1075,#1076,#1077,
    #1078,#1079,#1080,#1081,#1082,#1083,#1084,#1085,#1086),
  .UNSPECIFIED.,.F.,.F.,(6,4,4,4,4,4,4,4,4,4,4,4,4,4,6),(0.,
    5.844037017834E-02,0.118372759616,0.179776533504,0.242178502562,
    0.305856265985,0.370048866127,0.435026314569,0.500001516046,
    0.596457999862,0.691800806379,0.785471352552,0.876690175207,
    0.939157496972,1.),.UNSPECIFIED.);
#1029 = CARTESIAN_POINT('',(0.848287434686,0.446186042693));
#1030 = CARTESIAN_POINT('',(0.845781361565,0.446186042693));
#1031 = CARTESIAN_POINT('',(0.843295782492,0.446186042693));
#1032 = CARTESIAN_POINT('',(0.840829433884,0.446186042693));
#1033 = CARTESIAN_POINT('',(0.838381138039,0.446186042693));
#1034 = CARTESIAN_POINT('',(0.833456394738,0.446186042693));
#1035 = CARTESIAN_POINT('',(0.83098082495,0.446186042693));
#1036 = CARTESIAN_POINT('',(0.828521918868,0.446186042693));
#1037 = CARTESIAN_POINT('',(0.826078579622,0.446186042693));
#1038 = CARTESIAN_POINT('',(0.821161368518,0.446186042693));
#1039 = CARTESIAN_POINT('',(0.81868821915,0.446186042693));
#1040 = CARTESIAN_POINT('',(0.816229244773,0.446186042693));
#1041 = CARTESIAN_POINT('',(0.813783416812,0.446186042693));
#1042 = CARTESIAN_POINT('',(0.808876568513,0.446186042693));
#1043 = CARTESIAN_POINT('',(0.806415946803,0.446186042693));
#1044 = CARTESIAN_POINT('',(0.80396689919,0.446186042693));
#1045 = CARTESIAN_POINT('',(0.801528470346,0.446186042693));
#1046 = CARTESIAN_POINT('',(0.79662139303,0.446186042693));
#1047 = CARTESIAN_POINT('',(0.79415314516,0.446186042693));
#1048 = CARTESIAN_POINT('',(0.791694057513,0.446186042693));
#1049 = CARTESIAN_POINT('',(0.789243214783,0.446186042693));
#1050 = CARTESIAN_POINT('',(0.784336518,0.446186042693));
#1051 = CARTESIAN_POINT('',(0.781880782856,0.446186042693));
#1052 = CARTESIAN_POINT('',(0.779431644482,0.446186042693));
#1053 = CARTESIAN_POINT('',(0.776988238311,0.446186042693));
#1054 = CARTESIAN_POINT('',(0.772081406276,0.446186042693));
#1055 = CARTESIAN_POINT('',(0.769618100136,0.446186042693));
#1056 = CARTESIAN_POINT('',(0.767158945113,0.446186042693));
#1057 = CARTESIAN_POINT('',(0.764703093278,0.446186042693));
#1058 = CARTESIAN_POINT('',(0.759796420962,0.446186042693));
#1059 = CARTESIAN_POINT('',(0.757345599582,0.446186042693));
#1060 = CARTESIAN_POINT('',(0.754896420662,0.446186042693));
#1061 = CARTESIAN_POINT('',(0.752448060183,0.446186042693));
#1062 = CARTESIAN_POINT('',(0.746365079268,0.446186042693));
#1063 = CARTESIAN_POINT('',(0.742730455881,0.446186042693));
#1064 = CARTESIAN_POINT('',(0.739093161908,0.446186042693));
#1065 = CARTESIAN_POINT('',(0.735450486954,0.446186042693));
#1066 = CARTESIAN_POINT('',(0.728191021254,0.446186042693));
#1067 = CARTESIAN_POINT('',(0.724574420343,0.446186042693));
#1068 = CARTESIAN_POINT('',(0.720947184063,0.446186042693));
#1069 = CARTESIAN_POINT('',(0.717306577873,0.446186042693));
#1070 = CARTESIAN_POINT('',(0.710056875277,0.446186042693));
#1071 = CARTESIAN_POINT('',(0.706448359007,0.446186042693));
#1072 = CARTESIAN_POINT('',(0.702821307376,0.446186042693));
#1073 = CARTESIAN_POINT('',(0.699172808222,0.446186042693));
#1074 = CARTESIAN_POINT('',(0.691922602258,0.446186042693));
#1075 = CARTESIAN_POINT('',(0.68832218728,0.446186042693));
#1076 = CARTESIAN_POINT('',(0.684695397674,0.446186042693));
#1077 = CARTESIAN_POINT('',(0.681039069781,0.446186042693));
#1078 = CARTESIAN_POINT('',(0.674823045512,0.446186042693));
#1079 = CARTESIAN_POINT('',(0.672280946312,0.446186042693));
#1080 = CARTESIAN_POINT('',(0.669722174607,0.446186042693));
#1081 = CARTESIAN_POINT('',(0.667145499032,0.446186042693));
#1082 = CARTESIAN_POINT('',(0.662021217103,0.446186042693));
#1083 = CARTESIAN_POINT('',(0.659474600676,0.446186042693));
#1084 = CARTESIAN_POINT('',(0.656908513238,0.446186042693));
#1085 = CARTESIAN_POINT('',(0.654321648923,0.446186042693));
#1086 = CARTESIAN_POINT('',(0.651712566318,0.446186042693));
#1087 = ( GEOMETRIC_REPRESENTATION_CONTEXT(2) 
PARAMETRIC_REPRESENTATION_CONTEXT() REPRESENTATION_CONTEXT('2D SPACE',''
  ) );
#1088 = PCURVE('',#1089,#1094);
#1089 = PLANE('',#1090);
#1090 = AXIS2_PLACEMENT_3D('',#1091,#1092,#1093);
#1091 = CARTESIAN_POINT('',(-30.,-142.,-19.));
#1092 = DIRECTION('',(0.,0.,1.));
#1093 = DIRECTION('',(1.,0.,0.));
#1094 = DEFINITIONAL_REPRESENTATION('',(#1095),#1154);
#1095 = B_SPLINE_CURVE_WITH_KNOTS('',5,(#1096,#1097,#1098,#1099,#1100,
    #1101,#1102,#1103,#1104,#1105,#1106,#1107,#1108,#1109,#1110,#1111,
    #1112,#1113,#1114,#1115,#1116,#1117,#1118,#1119,#1120,#1121,#1122,
    #1123,#1124,#1125,#1126,#1127,#1128,#1129,#1130,#1131,#1132,#1133,
    #1134,#1135,#1136,#1137,#1138,#1139,#1140,#1141,#1142,#1143,#1144,
    #1145,#1146,#1147,#1148,#1149,#1150,#1151,#1152,#1153),
  .UNSPECIFIED.,.F.,.F.,(6,4,4,4,4,4,4,4,4,4,4,4,4,4,6),(0.,
    5.844037017834E-02,0.118372759616,0.179776533504,0.242178502562,
    0.305856265985,0.370048866127,0.435026314569,0.500001516046,
    0.596457999862,0.691800806379,0.785471352552,0.876690175207,
    0.939157496972,1.),.UNSPECIFIED.);
#1096 = CARTESIAN_POINT('',(60.,118.0906258277));
#1097 = CARTESIAN_POINT('',(59.334885481678,117.82323884907));
#1098 = CARTESIAN_POINT('',(58.665913564265,117.56544872637));
#1099 = CARTESIAN_POINT('',(57.993392528774,117.31701626655));
#1100 = CARTESIAN_POINT('',(57.317596163454,117.0777240003));
#1101 = CARTESIAN_POINT('',(55.942600347719,116.6111474396));
#1102 = CARTESIAN_POINT('',(55.243245444103,116.38432552795));
#1103 = CARTESIAN_POINT('',(54.540957881132,116.16669936346));
#1104 = CARTESIAN_POINT('',(53.835969537983,115.95807862143));
#1105 = CARTESIAN_POINT('',(52.403631891877,115.55360398386));
#1106 = CARTESIAN_POINT('',(51.676159754772,115.35818905335));
#1107 = CARTESIAN_POINT('',(50.946289887795,115.17186655062));
#1108 = CARTESIAN_POINT('',(50.214222302459,114.99447368132));
#1109 = CARTESIAN_POINT('',(48.734116342336,114.65451991114));
#1110 = CARTESIAN_POINT('',(47.986012756145,114.49224678488));
#1111 = CARTESIAN_POINT('',(47.236013678837,114.3388975038));
#1112 = CARTESIAN_POINT('',(46.484291846354,114.1943397117));
#1113 = CARTESIAN_POINT('',(44.962316080025,113.9198003668));
#1114 = CARTESIAN_POINT('',(44.191998238808,113.79017705113));
#1115 = CARTESIAN_POINT('',(43.42021806922,113.66946752706));
#1116 = CARTESIAN_POINT('',(42.647131203899,113.5575672995));
#1117 = CARTESIAN_POINT('',(41.092372316125,113.35037643688));
#1118 = CARTESIAN_POINT('',(40.310682038231,113.25522725219));
#1119 = CARTESIAN_POINT('',(39.527958613302,113.16885177591));
#1120 = CARTESIAN_POINT('',(38.744342055148,113.09117620585));
#1121 = CARTESIAN_POINT('',(37.165997025636,112.95226490894));
#1122 = CARTESIAN_POINT('',(36.371250363812,112.89124168871));
#1123 = CARTESIAN_POINT('',(35.575861927847,112.83901269785));
#1124 = CARTESIAN_POINT('',(34.779964438519,112.79553311226));
#1125 = CARTESIAN_POINT('',(33.187435186093,112.72601509186));
#1126 = CARTESIAN_POINT('',(32.390803918928,112.69997600061));
#1127 = CARTESIAN_POINT('',(31.593920446174,112.68262669941));
#1128 = CARTESIAN_POINT('',(30.796911499321,112.67395244911));
#1129 = CARTESIAN_POINT('',(28.816732459134,112.67395456143));
#1130 = CARTESIAN_POINT('',(27.633564255534,112.69307391733));
#1131 = CARTESIAN_POINT('',(26.450804903254,112.73131084496));
#1132 = CARTESIAN_POINT('',(25.268872303575,112.78873717178));
#1133 = CARTESIAN_POINT('',(22.921149848345,112.94137071542));
#1134 = CARTESIAN_POINT('',(21.755334555631,113.0361340248));
#1135 = CARTESIAN_POINT('',(20.591162585873,113.14992757256));
#1136 = CARTESIAN_POINT('',(19.429079554113,113.28296130784));
#1137 = CARTESIAN_POINT('',(17.130386941892,113.58541546767));
#1138 = CARTESIAN_POINT('',(15.99369208943,113.75415621698));
#1139 = CARTESIAN_POINT('',(14.859933168352,113.94202547665));
#1140 = CARTESIAN_POINT('',(13.729620354946,114.14937209475));
#1141 = CARTESIAN_POINT('',(11.506508201372,114.59795410339));
#1142 = CARTESIAN_POINT('',(10.413506513378,114.83815937143));
#1143 = CARTESIAN_POINT('',(9.324844527239,115.09766189272));
#1144 = CARTESIAN_POINT('',(8.241134833565,115.37694650175));
#1145 = CARTESIAN_POINT('',(6.424828482007,115.88181164389));
#1146 = CARTESIAN_POINT('',(5.68922846326,116.09657316945));
#1147 = CARTESIAN_POINT('',(4.956512673555,116.32107695605));
#1148 = CARTESIAN_POINT('',(4.226940021627,116.55553566591));
#1149 = CARTESIAN_POINT('',(2.7935485046,117.03847326788));
#1150 = CARTESIAN_POINT('',(2.089554951427,117.28642867007));
#1151 = CARTESIAN_POINT('',(1.38908772604,117.54427296405));
#1152 = CARTESIAN_POINT('',(0.692453350047,117.81224820021));
#1153 = CARTESIAN_POINT('',(0.,118.09062583341));
#1154 = ( GEOMETRIC_REPRESENTATION_CONTEXT(2) 
PARAMETRIC_REPRESENTATION_CONTEXT() REPRESENTATION_CONTEXT('2D SPACE',''
  ) );
#1155 = ORIENTED_EDGE('',*,*,#1156,.F.);
#1156 = EDGE_CURVE('',#609,#964,#1157,.T.);
#1157 = SURFACE_CURVE('',#1158,(#1206,#1257),.PCURVE_S1.);
#1158 = B_SPLINE_CURVE_WITH_KNOTS('',6,(#1159,#1160,#1161,#1162,#1163,
    #1164,#1165,#1166,#1167,#1168,#1169,#1170,#1171,#1172,#1173,#1174,
    #1175,#1176,#1177,#1178,#1179,#1180,#1181,#1182,#1183,#1184,#1185,
    #1186,#1187,#1188,#1189,#1190,#1191,#1192,#1193,#1194,#1195,#1196,
    #1197,#1198,#1199,#1200,#1201,#1202,#1203,#1204,#1205),
  .UNSPECIFIED.,.F.,.F.,(7,5,5,5,5,5,5,5,5,7),(0.,0.133996104042,
    0.269284967417,0.405753698871,0.541997038476,0.647172433029,
    0.752538321924,0.857961904222,0.963322425653,1.),.UNSPECIFIED.);
#1159 = CARTESIAN_POINT('',(30.,-23.76955912811,-121.));
#1160 = CARTESIAN_POINT('',(30.,-24.05308552406,-118.7366576804));
#1161 = CARTESIAN_POINT('',(30.,-24.309990372,-116.4699894117));
#1162 = CARTESIAN_POINT('',(30.,-24.5421348744,-114.2006047459));
#1163 = CARTESIAN_POINT('',(30.,-24.75115216699,-111.9290070808));
#1164 = CARTESIAN_POINT('',(30.,-24.93852055097,-109.6556010783));
#1165 = CARTESIAN_POINT('',(30.,-25.27426488118,-105.0838410547));
#1166 = CARTESIAN_POINT('',(30.,-25.42224654015,-102.7854718352));
#1167 = CARTESIAN_POINT('',(30.,-25.55091667337,-100.4859126987));
#1168 = CARTESIAN_POINT('',(30.,-25.66152700726,-98.18543363045));
#1169 = CARTESIAN_POINT('',(30.,-25.75521974939,-95.88425049305));
#1170 = CARTESIAN_POINT('',(30.,-25.91156148552,-91.26072865325));
#1171 = CARTESIAN_POINT('',(30.,-25.97393223611,-88.93838779652));
#1172 = CARTESIAN_POINT('',(30.,-26.02124579588,-86.61567477921));
#1173 = CARTESIAN_POINT('',(30.,-26.05449334024,-84.29272962381));
#1174 = CARTESIAN_POINT('',(30.,-26.07458852979,-81.96966165813));
#1175 = CARTESIAN_POINT('',(30.,-26.09016086964,-77.32727477134));
#1176 = CARTESIAN_POINT('',(30.,-26.08567855632,-75.00796011597));
#1177 = CARTESIAN_POINT('',(30.,-26.06977891314,-72.6886862544));
#1178 = CARTESIAN_POINT('',(30.,-26.04324259159,-70.36951671373));
#1179 = CARTESIAN_POINT('',(30.,-26.00679438282,-68.05049805501));
#1180 = CARTESIAN_POINT('',(30.,-25.92584567635,-63.94159265921));
#1181 = CARTESIAN_POINT('',(30.,-25.88507662613,-62.15163418496));
#1182 = CARTESIAN_POINT('',(30.,-25.83911562961,-60.36179881599));
#1183 = CARTESIAN_POINT('',(30.,-25.78825700908,-58.57209749394));
#1184 = CARTESIAN_POINT('',(30.,-25.73277954714,-56.78253763642));
#1185 = CARTESIAN_POINT('',(30.,-25.61300804772,-53.20046756008));
#1186 = CARTESIAN_POINT('',(30.,-25.54869844648,-51.40795830666));
#1187 = CARTESIAN_POINT('',(30.,-25.48028466103,-49.61559938301));
#1188 = CARTESIAN_POINT('',(30.,-25.4080191054,-47.82339268976));
#1189 = CARTESIAN_POINT('',(30.,-25.33214112403,-46.03133798259));
#1190 = CARTESIAN_POINT('',(30.,-25.1735694581,-42.44654659916));
#1191 = CARTESIAN_POINT('',(30.,-25.09087242788,-40.65381038781));
#1192 = CARTESIAN_POINT('',(30.,-25.00501270936,-38.86122194481));
#1193 = CARTESIAN_POINT('',(30.,-24.91620580032,-37.06877779057));
#1194 = CARTESIAN_POINT('',(30.,-24.82465588796,-35.27647325929));
#1195 = CARTESIAN_POINT('',(30.,-24.63651209745,-31.69320375547));
#1196 = CARTESIAN_POINT('',(30.,-24.53992150366,-29.90223883094));
#1197 = CARTESIAN_POINT('',(30.,-24.44097673055,-28.11140194841));
#1198 = CARTESIAN_POINT('',(30.,-24.33986030489,-26.32068681187));
#1199 = CARTESIAN_POINT('',(30.,-24.23674461721,-24.53008660623));
#1200 = CARTESIAN_POINT('',(30.,-24.09525631785,-22.1162967236));
#1201 = CARTESIAN_POINT('',(30.,-24.05849810837,-21.49301249928));
#1202 = CARTESIAN_POINT('',(30.,-24.02152414766,-20.86974102168));
#1203 = CARTESIAN_POINT('',(30.,-23.9843411481,-20.24648198524));
#1204 = CARTESIAN_POINT('',(30.,-23.94695568013,-19.62323508168));
#1205 = CARTESIAN_POINT('',(30.,-23.90937417229,-19.));
#1206 = PCURVE('',#44,#1207);
#1207 = DEFINITIONAL_REPRESENTATION('',(#1208),#1256);
#1208 = B_SPLINE_CURVE_WITH_KNOTS('',6,(#1209,#1210,#1211,#1212,#1213,
    #1214,#1215,#1216,#1217,#1218,#1219,#1220,#1221,#1222,#1223,#1224,
    #1225,#1226,#1227,#1228,#1229,#1230,#1231,#1232,#1233,#1234,#1235,
    #1236,#1237,#1238,#1239,#1240,#1241,#1242,#1243,#1244,#1245,#1246,
    #1247,#1248,#1249,#1250,#1251,#1252,#1253,#1254,#1255),
  .UNSPECIFIED.,.F.,.F.,(7,5,5,5,5,5,5,5,5,7),(0.,0.133996104042,
    0.269284967417,0.405753698871,0.541997038476,0.647172433029,
    0.752538321924,0.857961904222,0.963322425653,1.),.UNSPECIFIED.);
#1209 = CARTESIAN_POINT('',(0.848728520295,0.14721532605));
#1210 = CARTESIAN_POINT('',(0.84783056922,0.154074068616));
#1211 = CARTESIAN_POINT('',(0.847033949696,0.160917892388));
#1212 = CARTESIAN_POINT('',(0.846326277527,0.167746671417));
#1213 = CARTESIAN_POINT('',(0.845698040094,0.174560523388));
#1214 = CARTESIAN_POINT('',(0.845141423108,0.181359778865));
#1215 = CARTESIAN_POINT('',(0.844153676167,0.194995631802));
#1216 = CARTESIAN_POINT('',(0.843723806229,0.201831915217));
#1217 = CARTESIAN_POINT('',(0.843353632315,0.208654352795));
#1218 = CARTESIAN_POINT('',(0.843037748393,0.215463553033));
#1219 = CARTESIAN_POINT('',(0.842771687525,0.222260205063));
#1220 = CARTESIAN_POINT('',(0.842329570062,0.235889124314));
#1221 = CARTESIAN_POINT('',(0.842154321589,0.24272116365));
#1222 = CARTESIAN_POINT('',(0.842021909071,0.249541976742));
#1223 = CARTESIAN_POINT('',(0.841929054559,0.256352357912));
#1224 = CARTESIAN_POINT('',(0.841872977361,0.263153121082));
#1225 = CARTESIAN_POINT('',(0.841829528939,0.276725871045));
#1226 = CARTESIAN_POINT('',(0.841842045317,0.283497874773));
#1227 = CARTESIAN_POINT('',(0.841886366151,0.290261944819));
#1228 = CARTESIAN_POINT('',(0.841960419712,0.297018895702));
#1229 = CARTESIAN_POINT('',(0.842062402008,0.303769533021));
#1230 = CARTESIAN_POINT('',(0.842289738409,0.31572167485));
#1231 = CARTESIAN_POINT('',(0.842404460306,0.320925403012));
#1232 = CARTESIAN_POINT('',(0.842534122835,0.326126209687));
#1233 = CARTESIAN_POINT('',(0.842678054314,0.331324452541));
#1234 = CARTESIAN_POINT('',(0.842835640003,0.336520481671));
#1235 = CARTESIAN_POINT('',(0.843177288713,0.346918207647));
#1236 = CARTESIAN_POINT('',(0.843361397612,0.3521198966));
#1237 = CARTESIAN_POINT('',(0.843558068612,0.357320052256));
#1238 = CARTESIAN_POINT('',(0.843766771259,0.362519009399));
#1239 = CARTESIAN_POINT('',(0.843987012527,0.367717093018));
#1240 = CARTESIAN_POINT('',(0.844449787771,0.378114989509));
#1241 = CARTESIAN_POINT('',(0.844692331378,0.383314801165));
#1242 = CARTESIAN_POINT('',(0.844945509895,0.388514368816));
#1243 = CARTESIAN_POINT('',(0.845208890702,0.393713996731));
#1244 = CARTESIAN_POINT('',(0.845482066299,0.398913977906));
#1245 = CARTESIAN_POINT('',(0.846047073289,0.40931209938));
#1246 = CARTESIAN_POINT('',(0.846338891976,0.414510238478));
#1247 = CARTESIAN_POINT('',(0.846639727656,0.419709292496));
#1248 = CARTESIAN_POINT('',(0.846949215549,0.424909530208));
#1249 = CARTESIAN_POINT('',(0.847267008809,0.430111208017));
#1250 = CARTESIAN_POINT('',(0.847706183841,0.437125938122));
#1251 = CARTESIAN_POINT('',(0.847820555598,0.438937510318));
#1252 = CARTESIAN_POINT('',(0.847935880094,0.440749296893));
#1253 = CARTESIAN_POINT('',(0.848052143684,0.442561307955));
#1254 = CARTESIAN_POINT('',(0.848169332788,0.444373553372));
#1255 = CARTESIAN_POINT('',(0.848287433884,0.446186042765));
#1256 = ( GEOMETRIC_REPRESENTATION_CONTEXT(2) 
PARAMETRIC_REPRESENTATION_CONTEXT() REPRESENTATION_CONTEXT('2D SPACE',''
  ) );
#1257 = PCURVE('',#1258,#1263);
#1258 = PLANE('',#1259);
#1259 = AXIS2_PLACEMENT_3D('',#1260,#1261,#1262);
#1260 = CARTESIAN_POINT('',(30.,-142.,-121.));
#1261 = DIRECTION('',(1.,0.,0.));
#1262 = DIRECTION('',(0.,0.,1.));
#1263 = DEFINITIONAL_REPRESENTATION('',(#1264),#1312);
#1264 = B_SPLINE_CURVE_WITH_KNOTS('',6,(#1265,#1266,#1267,#1268,#1269,
    #1270,#1271,#1272,#1273,#1274,#1275,#1276,#1277,#1278,#1279,#1280,
    #1281,#1282,#1283,#1284,#1285,#1286,#1287,#1288,#1289,#1290,#1291,
    #1292,#1293,#1294,#1295,#1296,#1297,#1298,#1299,#1300,#1301,#1302,
    #1303,#1304,#1305,#1306,#1307,#1308,#1309,#1310,#1311),
  .UNSPECIFIED.,.F.,.F.,(7,5,5,5,5,5,5,5,5,7),(0.,0.133996104042,
    0.269284967417,0.405753698871,0.541997038476,0.647172433029,
    0.752538321924,0.857961904222,0.963322425653,1.),.UNSPECIFIED.);
#1265 = CARTESIAN_POINT('',(0.,-118.2304408718));
#1266 = CARTESIAN_POINT('',(2.263342319552,-117.9469144759));
#1267 = CARTESIAN_POINT('',(4.530010588225,-117.6900096279));
#1268 = CARTESIAN_POINT('',(6.799395254067,-117.4578651255));
#1269 = CARTESIAN_POINT('',(9.070992919101,-117.248847833));
#1270 = CARTESIAN_POINT('',(11.344398921685,-117.061479449));
#1271 = CARTESIAN_POINT('',(15.916158945214,-116.7257351188));
#1272 = CARTESIAN_POINT('',(18.214528164735,-116.5777534598));
#1273 = CARTESIAN_POINT('',(20.514087301284,-116.4490833266));
#1274 = CARTESIAN_POINT('',(22.814566369548,-116.3384729927));
#1275 = CARTESIAN_POINT('',(25.115749506946,-116.2447802506));
#1276 = CARTESIAN_POINT('',(29.739271346743,-116.0884385144));
#1277 = CARTESIAN_POINT('',(32.061612203479,-116.0260677638));
#1278 = CARTESIAN_POINT('',(34.384325220783,-115.9787542041));
#1279 = CARTESIAN_POINT('',(36.707270376185,-115.9455066597));
#1280 = CARTESIAN_POINT('',(39.030338341861,-115.9254114702));
#1281 = CARTESIAN_POINT('',(43.672725228656,-115.9098391303));
#1282 = CARTESIAN_POINT('',(45.992039884021,-115.9143214436));
#1283 = CARTESIAN_POINT('',(48.311313745591,-115.9302210868));
#1284 = CARTESIAN_POINT('',(50.630483286263,-115.9567574084));
#1285 = CARTESIAN_POINT('',(52.949501944989,-115.9932056171));
#1286 = CARTESIAN_POINT('',(57.058407340789,-116.0741543236));
#1287 = CARTESIAN_POINT('',(58.84836581504,-116.1149233738));
#1288 = CARTESIAN_POINT('',(60.638201184002,-116.1608843703));
#1289 = CARTESIAN_POINT('',(62.427902506054,-116.2117429909));
#1290 = CARTESIAN_POINT('',(64.21746236358,-116.2672204528));
#1291 = CARTESIAN_POINT('',(67.799532439917,-116.3869919522));
#1292 = CARTESIAN_POINT('',(69.592041693333,-116.4513015535));
#1293 = CARTESIAN_POINT('',(71.384400616981,-116.5197153389));
#1294 = CARTESIAN_POINT('',(73.17660731024,-116.5919808945));
#1295 = CARTESIAN_POINT('',(74.968662017402,-116.6678588759));
#1296 = CARTESIAN_POINT('',(78.553453400833,-116.8264305418));
#1297 = CARTESIAN_POINT('',(80.346189612189,-116.9091275721));
#1298 = CARTESIAN_POINT('',(82.138778055183,-116.9949872906));
#1299 = CARTESIAN_POINT('',(83.93122220943,-117.0837941996));
#1300 = CARTESIAN_POINT('',(85.72352674071,-117.175344112));
#1301 = CARTESIAN_POINT('',(89.306796244524,-117.3634879025));
#1302 = CARTESIAN_POINT('',(91.097761169059,-117.4600784963));
#1303 = CARTESIAN_POINT('',(92.888598051582,-117.5590232694));
#1304 = CARTESIAN_POINT('',(94.67931318813,-117.6601396951));
#1305 = CARTESIAN_POINT('',(96.469913393763,-117.7632553827));
#1306 = CARTESIAN_POINT('',(98.883703276398,-117.9047436821));
#1307 = CARTESIAN_POINT('',(99.506987500713,-117.9415018916));
#1308 = CARTESIAN_POINT('',(100.13025897832,-117.9784758523));
#1309 = CARTESIAN_POINT('',(100.75351801476,-118.0156588518));
#1310 = CARTESIAN_POINT('',(101.37676491831,-118.0530443198));
#1311 = CARTESIAN_POINT('',(102.,-118.0906258277));
#1312 = ( GEOMETRIC_REPRESENTATION_CONTEXT(2) 
PARAMETRIC_REPRESENTATION_CONTEXT() REPRESENTATION_CONTEXT('2D SPACE',''
  ) );
#1313 = ADVANCED_FACE('',(#1314),#127,.T.);
#1314 = FACE_BOUND('',#1315,.T.);
#1315 = EDGE_LOOP('',(#1316,#1337,#1338,#1359));
#1316 = ORIENTED_EDGE('',*,*,#1317,.T.);
#1317 = EDGE_CURVE('',#1318,#24,#1320,.T.);
#1318 = VERTEX_POINT('',#1319);
#1319 = CARTESIAN_POINT('',(31.45,0.,-167.5));
#1320 = SURFACE_CURVE('',#1321,(#1325,#1331),.PCURVE_S1.);
#1321 = LINE('',#1322,#1323);
#1322 = CARTESIAN_POINT('',(-35.775,0.,-167.5));
#1323 = VECTOR('',#1324,1.);
#1324 = DIRECTION('',(1.,-0.,0.));
#1325 = PCURVE('',#127,#1326);
#1326 = DEFINITIONAL_REPRESENTATION('',(#1327),#1330);
#1327 = B_SPLINE_CURVE_WITH_KNOTS('',1,(#1328,#1329),.UNSPECIFIED.,.F.,
  .F.,(2,2),(-15.34289534037,70.225000000008),.PIECEWISE_BEZIER_KNOTS.);
#1328 = CARTESIAN_POINT('',(85.567895340379,-2.677266122675E-15));
#1329 = CARTESIAN_POINT('',(-8.185452315956E-12,-2.611909748675E-15));
#1330 = ( GEOMETRIC_REPRESENTATION_CONTEXT(2) 
PARAMETRIC_REPRESENTATION_CONTEXT() REPRESENTATION_CONTEXT('2D SPACE',''
  ) );
#1331 = PCURVE('',#169,#1332);
#1332 = DEFINITIONAL_REPRESENTATION('',(#1333),#1336);
#1333 = B_SPLINE_CURVE_WITH_KNOTS('',1,(#1334,#1335),.UNSPECIFIED.,.F.,
  .F.,(2,2),(-15.34289534037,70.225000000008),.PIECEWISE_BEZIER_KNOTS.);
#1334 = CARTESIAN_POINT('',(33.5,54.882104659621));
#1335 = CARTESIAN_POINT('',(33.5,140.45));
#1336 = ( GEOMETRIC_REPRESENTATION_CONTEXT(2) 
PARAMETRIC_REPRESENTATION_CONTEXT() REPRESENTATION_CONTEXT('2D SPACE',''
  ) );
#1337 = ORIENTED_EDGE('',*,*,#21,.F.);
#1338 = ORIENTED_EDGE('',*,*,#1339,.T.);
#1339 = EDGE_CURVE('',#22,#1340,#1342,.T.);
#1340 = VERTEX_POINT('',#1341);
#1341 = CARTESIAN_POINT('',(-31.44999999583,-7.960586780572E-15,-167.5)
  );
#1342 = SURFACE_CURVE('',#1343,(#1347,#1353),.PCURVE_S1.);
#1343 = LINE('',#1344,#1345);
#1344 = CARTESIAN_POINT('',(-35.775,0.,-167.5));
#1345 = VECTOR('',#1346,1.);
#1346 = DIRECTION('',(1.,-0.,0.));
#1347 = PCURVE('',#127,#1348);
#1348 = DEFINITIONAL_REPRESENTATION('',(#1349),#1352);
#1349 = B_SPLINE_CURVE_WITH_KNOTS('',1,(#1350,#1351),.UNSPECIFIED.,.F.,
  .F.,(2,2),(-15.34289534037,70.225000000008),.PIECEWISE_BEZIER_KNOTS.);
#1350 = CARTESIAN_POINT('',(85.567895340379,-2.677266122675E-15));
#1351 = CARTESIAN_POINT('',(-8.185452315956E-12,-2.611909748675E-15));
#1352 = ( GEOMETRIC_REPRESENTATION_CONTEXT(2) 
PARAMETRIC_REPRESENTATION_CONTEXT() REPRESENTATION_CONTEXT('2D SPACE',''
  ) );
#1353 = PCURVE('',#479,#1354);
#1354 = DEFINITIONAL_REPRESENTATION('',(#1355),#1358);
#1355 = B_SPLINE_CURVE_WITH_KNOTS('',1,(#1356,#1357),.UNSPECIFIED.,.F.,
  .F.,(2,2),(-15.34289534037,70.225000000008),.PIECEWISE_BEZIER_KNOTS.);
#1356 = CARTESIAN_POINT('',(33.5,54.882104659621));
#1357 = CARTESIAN_POINT('',(33.5,140.45));
#1358 = ( GEOMETRIC_REPRESENTATION_CONTEXT(2) 
PARAMETRIC_REPRESENTATION_CONTEXT() REPRESENTATION_CONTEXT('2D SPACE',''
  ) );
#1359 = ORIENTED_EDGE('',*,*,#1360,.T.);
#1360 = EDGE_CURVE('',#1340,#1318,#1361,.T.);
#1361 = SURFACE_CURVE('',#1362,(#1378,#1397),.PCURVE_S1.);
#1362 = B_SPLINE_CURVE_WITH_KNOTS('',14,(#1363,#1364,#1365,#1366,#1367,
    #1368,#1369,#1370,#1371,#1372,#1373,#1374,#1375,#1376,#1377),
  .UNSPECIFIED.,.T.,.F.,(15,15),(0.,1.),.PIECEWISE_BEZIER_KNOTS.);
#1363 = CARTESIAN_POINT('',(31.45,-1.186938746857E-14,-167.5));
#1364 = CARTESIAN_POINT('',(31.450000000009,7.405182683467,-167.5));
#1365 = CARTESIAN_POINT('',(24.62804334024,14.810368100341,-167.5));
#1366 = CARTESIAN_POINT('',(10.984121299697,20.341519218469,-167.5));
#1367 = CARTESIAN_POINT('',(-7.441403833667,22.124810331106,-167.5));
#1368 = CARTESIAN_POINT('',(-26.56819451945,18.958118206705,-167.5));
#1369 = CARTESIAN_POINT('',(-41.16936151748,10.987106546812,-167.5));
#1370 = CARTESIAN_POINT('',(-46.66640953406,2.722599546345E-10,-167.5));
#1371 = CARTESIAN_POINT('',(-41.16936151751,-10.98710654731,-167.5));
#1372 = CARTESIAN_POINT('',(-26.5681945194,-18.95811820632,-167.5));
#1373 = CARTESIAN_POINT('',(-7.441403833711,-22.12481033134,-167.5));
#1374 = CARTESIAN_POINT('',(10.984121299721,-20.34151921835,-167.5));
#1375 = CARTESIAN_POINT('',(24.628043340231,-14.81036810038,-167.5));
#1376 = CARTESIAN_POINT('',(31.450000000011,-7.405182683458,-167.5));
#1377 = CARTESIAN_POINT('',(31.45,1.655232180976E-14,-167.5));
#1378 = PCURVE('',#127,#1379);
#1379 = DEFINITIONAL_REPRESENTATION('',(#1380),#1396);
#1380 = B_SPLINE_CURVE_WITH_KNOTS('',14,(#1381,#1382,#1383,#1384,#1385,
    #1386,#1387,#1388,#1389,#1390,#1391,#1392,#1393,#1394,#1395),
  .UNSPECIFIED.,.F.,.F.,(15,15),(0.,1.),.PIECEWISE_BEZIER_KNOTS.);
#1381 = CARTESIAN_POINT('',(3.,-1.448358860377E-14));
#1382 = CARTESIAN_POINT('',(2.999999999991,7.405182683467));
#1383 = CARTESIAN_POINT('',(9.82195665976,14.810368100341));
#1384 = CARTESIAN_POINT('',(23.465878700303,20.341519218469));
#1385 = CARTESIAN_POINT('',(41.891403833667,22.124810331106));
#1386 = CARTESIAN_POINT('',(61.018194519455,18.958118206705));
#1387 = CARTESIAN_POINT('',(75.61936151748,10.987106546812));
#1388 = CARTESIAN_POINT('',(81.11640953406,2.722572807684E-10));
#1389 = CARTESIAN_POINT('',(75.619361517517,-10.98710654731));
#1390 = CARTESIAN_POINT('',(61.018194519402,-18.95811820632));
#1391 = CARTESIAN_POINT('',(41.891403833711,-22.12481033134));
#1392 = CARTESIAN_POINT('',(23.465878700279,-20.34151921835));
#1393 = CARTESIAN_POINT('',(9.821956659769,-14.81036810038));
#1394 = CARTESIAN_POINT('',(2.999999999989,-7.405182683458));
#1395 = CARTESIAN_POINT('',(3.,1.393812067456E-14));
#1396 = ( GEOMETRIC_REPRESENTATION_CONTEXT(2) 
PARAMETRIC_REPRESENTATION_CONTEXT() REPRESENTATION_CONTEXT('2D SPACE',''
  ) );
#1397 = PCURVE('',#1398,#1474);
#1398 = ( BOUNDED_SURFACE() B_SPLINE_SURFACE(14,4,(
    (#1399,#1400,#1401,#1402,#1403)
    ,(#1404,#1405,#1406,#1407,#1408)
    ,(#1409,#1410,#1411,#1412,#1413)
    ,(#1414,#1415,#1416,#1417,#1418)
    ,(#1419,#1420,#1421,#1422,#1423)
    ,(#1424,#1425,#1426,#1427,#1428)
    ,(#1429,#1430,#1431,#1432,#1433)
    ,(#1434,#1435,#1436,#1437,#1438)
    ,(#1439,#1440,#1441,#1442,#1443)
    ,(#1444,#1445,#1446,#1447,#1448)
    ,(#1449,#1450,#1451,#1452,#1453)
    ,(#1454,#1455,#1456,#1457,#1458)
    ,(#1459,#1460,#1461,#1462,#1463)
    ,(#1464,#1465,#1466,#1467,#1468)
    ,(#1469,#1470,#1471,#1472,#1473
)),.UNSPECIFIED.,.T.,.F.,.F.) B_SPLINE_SURFACE_WITH_KNOTS((15,15),(5,5),
  (0.,1.),(0.,1.),.PIECEWISE_BEZIER_KNOTS.) 
GEOMETRIC_REPRESENTATION_ITEM() RATIONAL_B_SPLINE_SURFACE((
    (1.,1.,1.,1.,1.)
    ,(1.,1.,1.,1.,1.)
    ,(1.,1.,1.,1.,1.)
    ,(1.,1.,1.,1.,1.)
    ,(1.,1.,1.,1.,1.)
    ,(1.,1.,1.,1.,1.)
    ,(1.,1.,1.,1.,1.)
    ,(1.,1.,1.,1.,1.)
    ,(1.,1.,1.,1.,1.)
    ,(1.,1.,1.,1.,1.)
    ,(1.,1.,1.,1.,1.)
    ,(1.,1.,1.,1.,1.)
    ,(1.,1.,1.,1.,1.)
    ,(1.,1.,1.,1.,1.)
,(1.,1.,1.,1.,1.))) REPRESENTATION_ITEM('') SURFACE() );
#1399 = CARTESIAN_POINT('',(31.45,-1.186938746857E-14,-167.5));
#1400 = CARTESIAN_POINT('',(77.811512525975,-5.541126402806E-14,
    -92.97490043913));
#1401 = CARTESIAN_POINT('',(31.933717865004,1.735387258849E-14,
    6.068437044333));
#1402 = CARTESIAN_POINT('',(48.303522983997,-6.730998134931E-14,
    81.722421637412));
#1403 = CARTESIAN_POINT('',(26.68,1.687095297996E-15,167.5));
#1404 = CARTESIAN_POINT('',(31.450000000009,7.405182683467,-167.5));
#1405 = CARTESIAN_POINT('',(77.811512525979,19.182728815088,
    -92.97490043913));
#1406 = CARTESIAN_POINT('',(31.933717865012,7.528064987326,
    6.068437044333));
#1407 = CARTESIAN_POINT('',(48.303522983999,11.68660349158,
    81.722421637412));
#1408 = CARTESIAN_POINT('',(26.680000000003,6.193425517081,167.5));
#1409 = CARTESIAN_POINT('',(24.62804334024,14.810368100341,-167.5));
#1410 = CARTESIAN_POINT('',(60.933077992436,38.365464710909,
    -92.97490043913));
#1411 = CARTESIAN_POINT('',(25.006835853561,15.056132753449,
    6.068437044333));
#1412 = CARTESIAN_POINT('',(37.825795152241,23.373211296933,
    81.722421637412));
#1413 = CARTESIAN_POINT('',(20.892724843189,12.386853320291,167.5));
#1414 = CARTESIAN_POINT('',(10.984121299697,20.341519218469,-167.5));
#1415 = CARTESIAN_POINT('',(27.176187347856,52.693615206292,
    -92.97490043913));
#1416 = CARTESIAN_POINT('',(11.153062975488,20.679068317787,
    6.068437044333));
#1417 = CARTESIAN_POINT('',(16.870326093914,32.102282912386,
    81.722421637412));
#1418 = CARTESIAN_POINT('',(9.318167131127,17.012906982703,167.5));
#1419 = CARTESIAN_POINT('',(-7.441403833667,22.124810331106,-167.5));
#1420 = CARTESIAN_POINT('',(-18.41102981228,57.313135247017,
    -92.97490043913));
#1421 = CARTESIAN_POINT('',(-7.555856615049,22.491951532539,
    6.068437044333));
#1422 = CARTESIAN_POINT('',(-11.42912626712,34.916611340779,
    81.722421637412));
#1423 = CARTESIAN_POINT('',(-6.312771201204,18.504386822415,167.5));
#1424 = CARTESIAN_POINT('',(-26.56819451945,18.958118206705,-167.5));
#1425 = CARTESIAN_POINT('',(-65.73327188155,49.109989037304,
    -92.97490043913));
#1426 = CARTESIAN_POINT('',(-26.97682759831,19.272711018208,
    6.068437044333));
#1427 = CARTESIAN_POINT('',(-40.80564052892,29.919047226616,
    81.722421637412));
#1428 = CARTESIAN_POINT('',(-22.53861461961,15.855880681914,167.5));
#1429 = CARTESIAN_POINT('',(-41.16936151748,10.987106546812,-167.5));
#1430 = CARTESIAN_POINT('',(-101.8585147649,28.461510587646,
    -92.97490043913));
#1431 = CARTESIAN_POINT('',(-41.80256837466,11.1694276354,6.068437044333
    ));
#1432 = CARTESIAN_POINT('',(-63.23132592259,17.339471991519,
    81.722421637412));
#1433 = CARTESIAN_POINT('',(-34.92523260016,9.189216384686,167.5));
#1434 = CARTESIAN_POINT('',(-46.66640953406,2.722599546345E-10,-167.5));
#1435 = CARTESIAN_POINT('',(-115.4589478555,8.527878170213E-10,
    -92.97490043913));
#1436 = CARTESIAN_POINT('',(-47.38416393732,-1.287539912633E-10,
    6.068437044333));
#1437 = CARTESIAN_POINT('',(-71.67414898396,4.959268647651E-10,
    81.722421637412));
#1438 = CARTESIAN_POINT('',(-39.58854710275,1.375965552571E-10,167.5));
#1439 = CARTESIAN_POINT('',(-41.16936151751,-10.98710654731,-167.5));
#1440 = CARTESIAN_POINT('',(-101.8585147648,-28.4615105892,
    -92.97490043913));
#1441 = CARTESIAN_POINT('',(-41.80256837487,-11.16942763517,
    6.068437044333));
#1442 = CARTESIAN_POINT('',(-63.23132592246,-17.33947199242,
    81.722421637412));
#1443 = CARTESIAN_POINT('',(-34.92523260015,-9.189216384939,167.5));
#1444 = CARTESIAN_POINT('',(-26.5681945194,-18.95811820632,-167.5));
#1445 = CARTESIAN_POINT('',(-65.73327188174,-49.10998903613,
    -92.97490043913));
#1446 = CARTESIAN_POINT('',(-26.97682759799,-19.27271101836,
    6.068437044333));
#1447 = CARTESIAN_POINT('',(-40.80564052912,-29.91904722592,
    81.722421637412));
#1448 = CARTESIAN_POINT('',(-22.53861461963,-15.85588068172,167.5));
#1449 = CARTESIAN_POINT('',(-7.441403833711,-22.12481033134,-167.5));
#1450 = CARTESIAN_POINT('',(-18.41102981211,-57.31313524773,
    -92.97490043913));
#1451 = CARTESIAN_POINT('',(-7.555856615323,-22.49195153246,
    6.068437044333));
#1452 = CARTESIAN_POINT('',(-11.42912626694,-34.9166113412,
    81.722421637412));
#1453 = CARTESIAN_POINT('',(-6.312771201188,-18.50438682253,167.5));
#1454 = CARTESIAN_POINT('',(10.984121299721,-20.34151921835,-167.5));
#1455 = CARTESIAN_POINT('',(27.176187347759,-52.69361520594,
    -92.97490043913));
#1456 = CARTESIAN_POINT('',(11.153062975651,-20.6790683178,
    6.068437044333));
#1457 = CARTESIAN_POINT('',(16.870326093809,-32.10228291217,
    81.722421637412));
#1458 = CARTESIAN_POINT('',(9.318167131117,-17.01290698264,167.5));
#1459 = CARTESIAN_POINT('',(24.628043340231,-14.81036810038,-167.5));
#1460 = CARTESIAN_POINT('',(60.933077992475,-38.36546471103,
    -92.97490043913));
#1461 = CARTESIAN_POINT('',(25.006835853495,-15.05613275344,
    6.068437044333));
#1462 = CARTESIAN_POINT('',(37.825795152284,-23.373211297,
    81.722421637412));
#1463 = CARTESIAN_POINT('',(20.892724843192,-12.38685332031,167.5));
#1464 = CARTESIAN_POINT('',(31.450000000011,-7.405182683458,-167.5));
#1465 = CARTESIAN_POINT('',(77.811512525969,-19.18272881506,
    -92.97490043913));
#1466 = CARTESIAN_POINT('',(31.933717865027,-7.528064987325,
    6.068437044333));
#1467 = CARTESIAN_POINT('',(48.303522983989,-11.68660349156,
    81.722421637412));
#1468 = CARTESIAN_POINT('',(26.680000000002,-6.193425517076,167.5));
#1469 = CARTESIAN_POINT('',(31.45,1.655232180976E-14,-167.5));
#1470 = CARTESIAN_POINT('',(77.811512525975,-1.948046309024E-14,
    -92.97490043913));
#1471 = CARTESIAN_POINT('',(31.933717865004,3.711260616E-15,
    6.068437044333));
#1472 = CARTESIAN_POINT('',(48.303522983997,4.38571528227E-14,
    81.722421637412));
#1473 = CARTESIAN_POINT('',(26.68,-5.4183321868E-15,167.5));
#1474 = DEFINITIONAL_REPRESENTATION('',(#1475),#1479);
#1475 = LINE('',#1476,#1477);
#1476 = CARTESIAN_POINT('',(0.,0.));
#1477 = VECTOR('',#1478,1.);
#1478 = DIRECTION('',(1.,0.));
#1479 = ( GEOMETRIC_REPRESENTATION_CONTEXT(2) 
PARAMETRIC_REPRESENTATION_CONTEXT() REPRESENTATION_CONTEXT('2D SPACE',''
  ) );
#1480 = ADVANCED_FACE('',(#1481),#479,.T.);
#1481 = FACE_BOUND('',#1482,.T.);
#1482 = EDGE_LOOP('',(#1483,#1484,#1485,#1506));
#1483 = ORIENTED_EDGE('',*,*,#1339,.F.);
#1484 = ORIENTED_EDGE('',*,*,#235,.T.);
#1485 = ORIENTED_EDGE('',*,*,#1486,.F.);
#1486 = EDGE_CURVE('',#1487,#184,#1489,.T.);
#1487 = VERTEX_POINT('',#1488);
#1488 = CARTESIAN_POINT('',(-26.67999999646,2.22044604925E-15,167.5));
#1489 = SURFACE_CURVE('',#1490,(#1494,#1500),.PCURVE_S1.);
#1490 = LINE('',#1491,#1492);
#1491 = CARTESIAN_POINT('',(-38.16,0.,167.5));
#1492 = VECTOR('',#1493,1.);
#1493 = DIRECTION('',(-1.,0.,0.));
#1494 = PCURVE('',#479,#1495);
#1495 = DEFINITIONAL_REPRESENTATION('',(#1496),#1499);
#1496 = B_SPLINE_CURVE_WITH_KNOTS('',1,(#1497,#1498),.UNSPECIFIED.,.F.,
  .F.,(2,2),(-67.84,5.880032908956),.PIECEWISE_BEZIER_KNOTS.);
#1497 = CARTESIAN_POINT('',(368.5,135.68));
#1498 = CARTESIAN_POINT('',(368.5,61.959967091044));
#1499 = ( GEOMETRIC_REPRESENTATION_CONTEXT(2) 
PARAMETRIC_REPRESENTATION_CONTEXT() REPRESENTATION_CONTEXT('2D SPACE',''
  ) );
#1500 = PCURVE('',#211,#1501);
#1501 = DEFINITIONAL_REPRESENTATION('',(#1502),#1505);
#1502 = B_SPLINE_CURVE_WITH_KNOTS('',1,(#1503,#1504),.UNSPECIFIED.,.F.,
  .F.,(2,2),(-67.84,5.880032908956),.PIECEWISE_BEZIER_KNOTS.);
#1503 = CARTESIAN_POINT('',(-3.026912054338E-12,-1.877771356682E-14));
#1504 = CARTESIAN_POINT('',(73.720032908956,9.230523749736E-15));
#1505 = ( GEOMETRIC_REPRESENTATION_CONTEXT(2) 
PARAMETRIC_REPRESENTATION_CONTEXT() REPRESENTATION_CONTEXT('2D SPACE',''
  ) );
#1506 = ORIENTED_EDGE('',*,*,#1507,.F.);
#1507 = EDGE_CURVE('',#1340,#1487,#1508,.T.);
#1508 = SURFACE_CURVE('',#1509,(#1628,#1750),.PCURVE_S1.);
#1509 = B_SPLINE_CURVE_WITH_KNOTS('',5,(#1510,#1511,#1512,#1513,#1514,
    #1515,#1516,#1517,#1518,#1519,#1520,#1521,#1522,#1523,#1524,#1525,
    #1526,#1527,#1528,#1529,#1530,#1531,#1532,#1533,#1534,#1535,#1536,
    #1537,#1538,#1539,#1540,#1541,#1542,#1543,#1544,#1545,#1546,#1547,
    #1548,#1549,#1550,#1551,#1552,#1553,#1554,#1555,#1556,#1557,#1558,
    #1559,#1560,#1561,#1562,#1563,#1564,#1565,#1566,#1567,#1568,#1569,
    #1570,#1571,#1572,#1573,#1574,#1575,#1576,#1577,#1578,#1579,#1580,
    #1581,#1582,#1583,#1584,#1585,#1586,#1587,#1588,#1589,#1590,#1591,
    #1592,#1593,#1594,#1595,#1596,#1597,#1598,#1599,#1600,#1601,#1602,
    #1603,#1604,#1605,#1606,#1607,#1608,#1609,#1610,#1611,#1612,#1613,
    #1614,#1615,#1616,#1617,#1618,#1619,#1620,#1621,#1622,#1623,#1624,
    #1625,#1626,#1627),.UNSPECIFIED.,.F.,.F.,(6,4,4,4,4,4,4,4,4,4,4,4,4,
    4,4,4,4,4,4,4,4,4,4,4,4,4,4,4,4,6),(0.,2.512456078998E-02,
    4.962917976033E-02,7.396408721542E-02,9.804804018978E-02,
    0.122170258255,0.146201687669,0.170288191019,0.194460041197,
    0.23400878972,0.27373375966,0.313695632616,0.353827127113,
    0.392829033941,0.452040566127,0.503781817771,0.527593414234,
    0.545912576615,0.597920504955,0.610293509246,0.664735929634,
    0.68797291661,0.707310636392,0.749924284294,0.805428991757,
    0.834540078218,0.875211516251,0.916111741157,0.957650943495,1.),
  .UNSPECIFIED.);
#1510 = CARTESIAN_POINT('',(-31.44999999583,0.,-167.5));
#1511 = CARTESIAN_POINT('',(-32.35279978157,0.,-166.0487694369));
#1512 = CARTESIAN_POINT('',(-33.22804999035,0.,-164.5803971788));
#1513 = CARTESIAN_POINT('',(-34.0754388417,0.,-163.0956666165));
#1514 = CARTESIAN_POINT('',(-34.89481302399,0.,-161.5954158168));
#1515 = CARTESIAN_POINT('',(-36.45798396758,0.,-158.6030204908));
#1516 = CARTESIAN_POINT('',(-37.20314888278,0.,-157.1115851747));
#1517 = CARTESIAN_POINT('',(-37.92164681606,0.,-155.6070402728));
#1518 = CARTESIAN_POINT('',(-38.61361092135,0.,-154.0902169366));
#1519 = CARTESIAN_POINT('',(-39.94035770368,0.,-151.044260394));
#1520 = CARTESIAN_POINT('',(-40.57550440464,0.,-149.5152824233));
#1521 = CARTESIAN_POINT('',(-41.1849734123,0.,-147.9758246756));
#1522 = CARTESIAN_POINT('',(-41.76912796115,0.,-146.4266807158));
#1523 = CARTESIAN_POINT('',(-42.8819392394,0.,-143.3266117203));
#1524 = CARTESIAN_POINT('',(-43.41110664137,0.,-141.775868456));
#1525 = CARTESIAN_POINT('',(-43.91635604137,0.,-140.2171193078));
#1526 = CARTESIAN_POINT('',(-44.39820912694,0.,-138.6510617837));
#1527 = CARTESIAN_POINT('',(-45.31700316785,0.,-135.5031274114));
#1528 = CARTESIAN_POINT('',(-45.75387159212,0.,-133.9212292235));
#1529 = CARTESIAN_POINT('',(-46.16842575813,0.,-132.3332992583));
#1530 = CARTESIAN_POINT('',(-46.56129886991,0.,-130.7399368137));
#1531 = CARTESIAN_POINT('',(-47.3036042285,0.,-127.5494456043));
#1532 = CARTESIAN_POINT('',(-47.65319425716,0.,-125.9523542422));
#1533 = CARTESIAN_POINT('',(-47.98257487565,0.,-124.3509441928));
#1534 = CARTESIAN_POINT('',(-48.29242517728,0.,-122.745698109));
#1535 = CARTESIAN_POINT('',(-48.8751014053,0.,-119.5247000518));
#1536 = CARTESIAN_POINT('',(-49.14784065459,0.,-117.9089335548));
#1537 = CARTESIAN_POINT('',(-49.40233734742,0.,-116.290171843));
#1538 = CARTESIAN_POINT('',(-49.63928552132,0.,-114.6687948623));
#1539 = CARTESIAN_POINT('',(-50.08023382502,0.,-111.4157146913));
#1540 = CARTESIAN_POINT('',(-50.28411406022,0.,-109.7839965799));
#1541 = CARTESIAN_POINT('',(-50.47170259985,0.,-108.1503092063));
#1542 = CARTESIAN_POINT('',(-50.64368087274,0.,-106.5149417937));
#1543 = CARTESIAN_POINT('',(-51.05763618673,0.,-102.2000874369));
#1544 = CARTESIAN_POINT('',(-51.27454478921,0.,-99.5182035043));
#1545 = CARTESIAN_POINT('',(-51.454340787,0.,-96.83354968489));
#1546 = CARTESIAN_POINT('',(-51.59978023834,0.,-94.14695388011));
#1547 = CARTESIAN_POINT('',(-51.82759221116,0.,-88.75908361289));
#1548 = CARTESIAN_POINT('',(-51.90968046911,0.,-86.05780951454));
#1549 = CARTESIAN_POINT('',(-51.96230332745,0.,-83.35578752882));
#1550 = CARTESIAN_POINT('',(-51.98787642524,0.,-80.65346374312));
#1551 = CARTESIAN_POINT('',(-51.98937905111,0.,-75.23267613076));
#1552 = CARTESIAN_POINT('',(-51.96501174002,0.,-72.51422154508));
#1553 = CARTESIAN_POINT('',(-51.91779028772,0.,-69.79606225487));
#1554 = CARTESIAN_POINT('',(-51.84978912296,0.,-67.07839930046));
#1555 = CARTESIAN_POINT('',(-51.67565845245,0.,-61.63274026015));
#1556 = CARTESIAN_POINT('',(-51.56936856343,0.,-58.90475589712));
#1557 = CARTESIAN_POINT('',(-51.44596284566,0.,-56.1774907329));
#1558 = CARTESIAN_POINT('',(-51.30719021222,0.,-53.45099726785));
#1559 = CARTESIAN_POINT('',(-51.00639327134,0.,-48.07626805555));
#1560 = CARTESIAN_POINT('',(-50.84513360628,0.,-45.42799372358));
#1561 = CARTESIAN_POINT('',(-50.6723291711,0.,-42.78044783315));
#1562 = CARTESIAN_POINT('',(-50.48930688357,0.,-40.13360502858));
#1563 = CARTESIAN_POINT('',(-50.0057309859,0.,-33.4700475708));
#1564 = CARTESIAN_POINT('',(-49.69341863126,0.,-29.45419466427));
#1565 = CARTESIAN_POINT('',(-49.3645510245,0.,-25.4396725862));
#1566 = CARTESIAN_POINT('',(-49.02271037829,0.,-21.426266967));
#1567 = CARTESIAN_POINT('',(-48.36350730488,0.,-13.90741911497));
#1568 = CARTESIAN_POINT('',(-48.04849822278,0.,-10.40177939457));
#1569 = CARTESIAN_POINT('',(-47.72790452724,0.,-6.896647955862));
#1570 = CARTESIAN_POINT('',(-47.40341500038,0.,-3.391880388742));
#1571 = CARTESIAN_POINT('',(-46.9259075272,0.,1.725457990463));
#1572 = CARTESIAN_POINT('',(-46.77487935445,0.,3.33821288345));
#1573 = CARTESIAN_POINT('',(-46.62345021582,0.,4.95093014671));
#1574 = CARTESIAN_POINT('',(-46.47173942262,0.,6.563620872117));
#1575 = CARTESIAN_POINT('',(-46.20299912721,0.,9.416986174486));
#1576 = CARTESIAN_POINT('',(-46.08604173312,0.,10.657667528902));
#1577 = CARTESIAN_POINT('',(-45.96902753452,0.,11.89834352009));
#1578 = CARTESIAN_POINT('',(-45.85199922468,0.,13.139018171345));
#1579 = CARTESIAN_POINT('',(-45.40281881154,0.,17.90196488448));
#1580 = CARTESIAN_POINT('',(-45.07083251404,0.,21.424252532675));
#1581 = CARTESIAN_POINT('',(-44.739895136,0.,24.946639125785));
#1582 = CARTESIAN_POINT('',(-44.41053357071,0.,28.469173567051));
#1583 = CARTESIAN_POINT('',(-44.00497693582,0.,32.829941423701));
#1584 = CARTESIAN_POINT('',(-43.92713416932,0.,33.668021719839));
#1585 = CARTESIAN_POINT('',(-43.84939255353,0.,34.506111404086));
#1586 = CARTESIAN_POINT('',(-43.77175323487,0.,35.344210566349));
#1587 = CARTESIAN_POINT('',(-43.35304574906,0.,39.870078513271));
#1588 = CARTESIAN_POINT('',(-43.01385563646,0.,43.558021184056));
#1589 = CARTESIAN_POINT('',(-42.67664514355,0.,47.246145097977));
#1590 = CARTESIAN_POINT('',(-42.34097619063,0.,50.934409260162));
#1591 = CARTESIAN_POINT('',(-41.86294436925,0.,56.196971846697));
#1592 = CARTESIAN_POINT('',(-41.72006186368,0.,57.771223220896));
#1593 = CARTESIAN_POINT('',(-41.57722471792,0.,59.345478704763));
#1594 = CARTESIAN_POINT('',(-41.43434692188,0.,60.919730489395));
#1595 = CARTESIAN_POINT('',(-41.17230614561,0.,63.804044094441));
#1596 = CARTESIAN_POINT('',(-41.05318690236,0.,65.114109878122));
#1597 = CARTESIAN_POINT('',(-40.93391051281,0.,66.424161379742));
#1598 = CARTESIAN_POINT('',(-40.81441081568,0.,67.734192533618));
#1599 = CARTESIAN_POINT('',(-40.43062351187,0.,71.930992356724));
#1600 = CARTESIAN_POINT('',(-40.16519082252,0.,74.817655656655));
#1601 = CARTESIAN_POINT('',(-39.89752598222,0.,77.704114930231));
#1602 = CARTESIAN_POINT('',(-39.62666247183,0.,80.590276556025));
#1603 = CARTESIAN_POINT('',(-38.99299975062,0.,87.234741047434));
#1604 = CARTESIAN_POINT('',(-38.62717720525,0.,90.992750192062));
#1605 = CARTESIAN_POINT('',(-38.25146820032,0.,94.749805637313));
#1606 = CARTESIAN_POINT('',(-37.8628506352,0.,98.505554185506));
#1607 = CARTESIAN_POINT('',(-37.24549228312,0.,104.22843618757));
#1608 = CARTESIAN_POINT('',(-37.02860147819,0.,106.1968423851));
#1609 = CARTESIAN_POINT('',(-36.80671822366,0.,108.16469668909));
#1610 = CARTESIAN_POINT('',(-36.57931863865,0.,110.13192084099));
#1611 = CARTESIAN_POINT('',(-36.01967211816,0.,114.84585079754));
#1612 = CARTESIAN_POINT('',(-35.68165029782,0.,117.59186907076));
#1613 = CARTESIAN_POINT('',(-35.33028701008,0.,120.33623761362));
#1614 = CARTESIAN_POINT('',(-34.96399274188,0.,123.07865276209));
#1615 = CARTESIAN_POINT('',(-34.19612708283,0.,128.57427240414));
#1616 = CARTESIAN_POINT('',(-33.79436930468,0.,131.32744754534));
#1617 = CARTESIAN_POINT('',(-33.3742058666,0.,134.07791576561));
#1618 = CARTESIAN_POINT('',(-32.93394042739,0.,136.82523271797));
#1619 = CARTESIAN_POINT('',(-32.00265366955,0.,142.35540205902));
#1620 = CARTESIAN_POINT('',(-31.51094729838,0.,145.13813661436));
#1621 = CARTESIAN_POINT('',(-30.99504184828,0.,147.91654993945));
#1622 = CARTESIAN_POINT('',(-30.45322731399,0.,150.69001237205));
#1623 = CARTESIAN_POINT('',(-29.30350425107,0.,156.27958918228));
#1624 = CARTESIAN_POINT('',(-28.6945131789,0.,159.09548074736));
#1625 = CARTESIAN_POINT('',(-28.05526006129,0.,161.90474461724));
#1626 = CARTESIAN_POINT('',(-27.38419635284,0.,164.70654871111));
#1627 = CARTESIAN_POINT('',(-26.67999999646,0.,167.5));
#1628 = PCURVE('',#479,#1629);
#1629 = DEFINITIONAL_REPRESENTATION('',(#1630),#1749);
#1630 = B_SPLINE_CURVE_WITH_KNOTS('',5,(#1631,#1632,#1633,#1634,#1635,
    #1636,#1637,#1638,#1639,#1640,#1641,#1642,#1643,#1644,#1645,#1646,
    #1647,#1648,#1649,#1650,#1651,#1652,#1653,#1654,#1655,#1656,#1657,
    #1658,#1659,#1660,#1661,#1662,#1663,#1664,#1665,#1666,#1667,#1668,
    #1669,#1670,#1671,#1672,#1673,#1674,#1675,#1676,#1677,#1678,#1679,
    #1680,#1681,#1682,#1683,#1684,#1685,#1686,#1687,#1688,#1689,#1690,
    #1691,#1692,#1693,#1694,#1695,#1696,#1697,#1698,#1699,#1700,#1701,
    #1702,#1703,#1704,#1705,#1706,#1707,#1708,#1709,#1710,#1711,#1712,
    #1713,#1714,#1715,#1716,#1717,#1718,#1719,#1720,#1721,#1722,#1723,
    #1724,#1725,#1726,#1727,#1728,#1729,#1730,#1731,#1732,#1733,#1734,
    #1735,#1736,#1737,#1738,#1739,#1740,#1741,#1742,#1743,#1744,#1745,
    #1746,#1747,#1748),.UNSPECIFIED.,.F.,.F.,(6,4,4,4,4,4,4,4,4,4,4,4,4,
    4,4,4,4,4,4,4,4,4,4,4,4,4,4,4,4,6),(0.,2.512456078998E-02,
    4.962917976033E-02,7.396408721542E-02,9.804804018978E-02,
    0.122170258255,0.146201687669,0.170288191019,0.194460041197,
    0.23400878972,0.27373375966,0.313695632616,0.353827127113,
    0.392829033941,0.452040566127,0.503781817771,0.527593414234,
    0.545912576615,0.597920504955,0.610293509246,0.664735929634,
    0.68797291661,0.707310636392,0.749924284294,0.805428991757,
    0.834540078218,0.875211516251,0.916111741157,0.957650943495,1.),
  .UNSPECIFIED.);
#1631 = CARTESIAN_POINT('',(33.5,74.550000004168));
#1632 = CARTESIAN_POINT('',(34.951230563007,73.647200218425));
#1633 = CARTESIAN_POINT('',(36.419602821106,72.771950009648));
#1634 = CARTESIAN_POINT('',(37.904333383455,71.924561158293));
#1635 = CARTESIAN_POINT('',(39.404584183153,71.105186976001));
#1636 = CARTESIAN_POINT('',(42.396979509152,69.542016032418));
#1637 = CARTESIAN_POINT('',(43.888414825276,68.796851117216));
#1638 = CARTESIAN_POINT('',(45.39295972713,68.078353183933));
#1639 = CARTESIAN_POINT('',(46.909783063308,67.386389078644));
#1640 = CARTESIAN_POINT('',(49.955739605933,66.059642296315));
#1641 = CARTESIAN_POINT('',(51.484717576661,65.42449559536));
#1642 = CARTESIAN_POINT('',(53.024175324347,64.815026587694));
#1643 = CARTESIAN_POINT('',(54.573319284139,64.230872038849));
#1644 = CARTESIAN_POINT('',(57.673388279647,63.118060760592));
#1645 = CARTESIAN_POINT('',(59.224131543968,62.588893358621));
#1646 = CARTESIAN_POINT('',(60.782880692198,62.083643958621));
#1647 = CARTESIAN_POINT('',(62.348938216209,61.601790873054));
#1648 = CARTESIAN_POINT('',(65.496872588558,60.682996832147));
#1649 = CARTESIAN_POINT('',(67.078770776455,60.246128407877));
#1650 = CARTESIAN_POINT('',(68.666700741601,59.831574241867));
#1651 = CARTESIAN_POINT('',(70.260063186285,59.438701130081));
#1652 = CARTESIAN_POINT('',(73.450554395625,58.696395771491));
#1653 = CARTESIAN_POINT('',(75.047645757785,58.346805742833));
#1654 = CARTESIAN_POINT('',(76.649055807117,58.017425124341));
#1655 = CARTESIAN_POINT('',(78.254301890939,57.707574822713));
#1656 = CARTESIAN_POINT('',(81.47529994814,57.1248985947));
#1657 = CARTESIAN_POINT('',(83.091066445175,56.852159345409));
#1658 = CARTESIAN_POINT('',(84.709828156929,56.597662652576));
#1659 = CARTESIAN_POINT('',(86.331205137667,56.360714478672));
#1660 = CARTESIAN_POINT('',(89.584285308616,55.919766174974));
#1661 = CARTESIAN_POINT('',(91.216003420074,55.715885939774));
#1662 = CARTESIAN_POINT('',(92.849690793662,55.528297400146));
#1663 = CARTESIAN_POINT('',(94.485058206274,55.356319127259));
#1664 = CARTESIAN_POINT('',(98.799912563039,54.942363813262));
#1665 = CARTESIAN_POINT('',(101.48179649569,54.725455210781));
#1666 = CARTESIAN_POINT('',(104.16645031511,54.545659212991));
#1667 = CARTESIAN_POINT('',(106.85304611988,54.400219761654));
#1668 = CARTESIAN_POINT('',(112.2409163871,54.172407788835));
#1669 = CARTESIAN_POINT('',(114.94219048545,54.090319530885));
#1670 = CARTESIAN_POINT('',(117.64421247117,54.037696672548));
#1671 = CARTESIAN_POINT('',(120.34653625687,54.012123574759));
#1672 = CARTESIAN_POINT('',(125.76732386923,54.010620948882));
#1673 = CARTESIAN_POINT('',(128.48577845491,54.034988259974));
#1674 = CARTESIAN_POINT('',(131.20393774512,54.082209712276));
#1675 = CARTESIAN_POINT('',(133.92160069953,54.150210877037));
#1676 = CARTESIAN_POINT('',(139.36725973984,54.324341547544));
#1677 = CARTESIAN_POINT('',(142.09524410287,54.430631436569));
#1678 = CARTESIAN_POINT('',(144.82250926709,54.554037154332));
#1679 = CARTESIAN_POINT('',(147.54900273214,54.692809787772));
#1680 = CARTESIAN_POINT('',(152.92373194444,54.993606728651));
#1681 = CARTESIAN_POINT('',(155.57200627641,55.154866393717));
#1682 = CARTESIAN_POINT('',(158.21955216684,55.327670828897));
#1683 = CARTESIAN_POINT('',(160.86639497141,55.510693116421));
#1684 = CARTESIAN_POINT('',(167.52995242919,55.994269014097));
#1685 = CARTESIAN_POINT('',(171.54580533572,56.306581368733));
#1686 = CARTESIAN_POINT('',(175.56032741379,56.6354489755));
#1687 = CARTESIAN_POINT('',(179.57373303299,56.977289621703));
#1688 = CARTESIAN_POINT('',(187.09258088502,57.636492695112));
#1689 = CARTESIAN_POINT('',(190.59822060542,57.951501777214));
#1690 = CARTESIAN_POINT('',(194.10335204413,58.272095472756));
#1691 = CARTESIAN_POINT('',(197.60811961125,58.596584999615));
#1692 = CARTESIAN_POINT('',(202.72545799046,59.074092472793));
#1693 = CARTESIAN_POINT('',(204.33821288345,59.225120645542));
#1694 = CARTESIAN_POINT('',(205.95093014671,59.376549784179));
#1695 = CARTESIAN_POINT('',(207.56362087211,59.528260577376));
#1696 = CARTESIAN_POINT('',(210.41698617448,59.797000872789));
#1697 = CARTESIAN_POINT('',(211.6576675289,59.913958266872));
#1698 = CARTESIAN_POINT('',(212.89834352009,60.030972465471));
#1699 = CARTESIAN_POINT('',(214.13901817134,60.148000775318));
#1700 = CARTESIAN_POINT('',(218.90196488448,60.597181188455));
#1701 = CARTESIAN_POINT('',(222.42425253267,60.929167485951));
#1702 = CARTESIAN_POINT('',(225.94663912578,61.260104863994));
#1703 = CARTESIAN_POINT('',(229.46917356705,61.589466429283));
#1704 = CARTESIAN_POINT('',(233.8299414237,61.995023064179));
#1705 = CARTESIAN_POINT('',(234.66802171983,62.072865830672));
#1706 = CARTESIAN_POINT('',(235.50611140408,62.150607446469));
#1707 = CARTESIAN_POINT('',(236.34421056634,62.228246765125));
#1708 = CARTESIAN_POINT('',(240.87007851327,62.646954250933));
#1709 = CARTESIAN_POINT('',(244.55802118405,62.986144363534));
#1710 = CARTESIAN_POINT('',(248.24614509797,63.323354856446));
#1711 = CARTESIAN_POINT('',(251.93440926016,63.659023809369));
#1712 = CARTESIAN_POINT('',(257.19697184669,64.137055630748));
#1713 = CARTESIAN_POINT('',(258.77122322089,64.279938136319));
#1714 = CARTESIAN_POINT('',(260.34547870476,64.422775282077));
#1715 = CARTESIAN_POINT('',(261.91973048939,64.565653078114));
#1716 = CARTESIAN_POINT('',(264.80404409444,64.827693854389));
#1717 = CARTESIAN_POINT('',(266.11410987812,64.946813097632));
#1718 = CARTESIAN_POINT('',(267.42416137974,65.066089487188));
#1719 = CARTESIAN_POINT('',(268.73419253361,65.185589184313));
#1720 = CARTESIAN_POINT('',(272.93099235672,65.569376488127));
#1721 = CARTESIAN_POINT('',(275.81765565665,65.83480917748));
#1722 = CARTESIAN_POINT('',(278.70411493023,66.102474017775));
#1723 = CARTESIAN_POINT('',(281.59027655602,66.373337528163));
#1724 = CARTESIAN_POINT('',(288.23474104743,67.007000249371));
#1725 = CARTESIAN_POINT('',(291.99275019206,67.372822794749));
#1726 = CARTESIAN_POINT('',(295.74980563731,67.748531799674));
#1727 = CARTESIAN_POINT('',(299.5055541855,68.137149364798));
#1728 = CARTESIAN_POINT('',(305.22843618757,68.754507716874));
#1729 = CARTESIAN_POINT('',(307.1968423851,68.971398521803));
#1730 = CARTESIAN_POINT('',(309.16469668909,69.193281776337));
#1731 = CARTESIAN_POINT('',(311.13192084099,69.420681361344));
#1732 = CARTESIAN_POINT('',(315.84585079754,69.980327881832));
#1733 = CARTESIAN_POINT('',(318.59186907076,70.318349702176));
#1734 = CARTESIAN_POINT('',(321.33623761362,70.669712989914));
#1735 = CARTESIAN_POINT('',(324.07865276209,71.036007258115));
#1736 = CARTESIAN_POINT('',(329.57427240414,71.803872917167));
#1737 = CARTESIAN_POINT('',(332.32744754534,72.205630695311));
#1738 = CARTESIAN_POINT('',(335.07791576561,72.625794133395));
#1739 = CARTESIAN_POINT('',(337.82523271797,73.066059572601));
#1740 = CARTESIAN_POINT('',(343.35540205902,73.997346330441));
#1741 = CARTESIAN_POINT('',(346.13813661436,74.489052701618));
#1742 = CARTESIAN_POINT('',(348.91654993945,75.004958151716));
#1743 = CARTESIAN_POINT('',(351.69001237205,75.546772686004));
#1744 = CARTESIAN_POINT('',(357.27958918228,76.696495748926));
#1745 = CARTESIAN_POINT('',(360.09548074736,77.305486821091));
#1746 = CARTESIAN_POINT('',(362.90474461724,77.944739938707));
#1747 = CARTESIAN_POINT('',(365.70654871111,78.615803647156));
#1748 = CARTESIAN_POINT('',(368.5,79.320000003535));
#1749 = ( GEOMETRIC_REPRESENTATION_CONTEXT(2) 
PARAMETRIC_REPRESENTATION_CONTEXT() REPRESENTATION_CONTEXT('2D SPACE',''
  ) );
#1750 = PCURVE('',#1398,#1751);
#1751 = DEFINITIONAL_REPRESENTATION('',(#1752),#1871);
#1752 = B_SPLINE_CURVE_WITH_KNOTS('',5,(#1753,#1754,#1755,#1756,#1757,
    #1758,#1759,#1760,#1761,#1762,#1763,#1764,#1765,#1766,#1767,#1768,
    #1769,#1770,#1771,#1772,#1773,#1774,#1775,#1776,#1777,#1778,#1779,
    #1780,#1781,#1782,#1783,#1784,#1785,#1786,#1787,#1788,#1789,#1790,
    #1791,#1792,#1793,#1794,#1795,#1796,#1797,#1798,#1799,#1800,#1801,
    #1802,#1803,#1804,#1805,#1806,#1807,#1808,#1809,#1810,#1811,#1812,
    #1813,#1814,#1815,#1816,#1817,#1818,#1819,#1820,#1821,#1822,#1823,
    #1824,#1825,#1826,#1827,#1828,#1829,#1830,#1831,#1832,#1833,#1834,
    #1835,#1836,#1837,#1838,#1839,#1840,#1841,#1842,#1843,#1844,#1845,
    #1846,#1847,#1848,#1849,#1850,#1851,#1852,#1853,#1854,#1855,#1856,
    #1857,#1858,#1859,#1860,#1861,#1862,#1863,#1864,#1865,#1866,#1867,
    #1868,#1869,#1870),.UNSPECIFIED.,.F.,.F.,(6,4,4,4,4,4,4,4,4,4,4,4,4,
    4,4,4,4,4,4,4,4,4,4,4,4,4,4,4,4,6),(0.,2.512456078998E-02,
    4.962917976033E-02,7.396408721542E-02,9.804804018978E-02,
    0.122170258255,0.146201687669,0.170288191019,0.194460041197,
    0.23400878972,0.27373375966,0.313695632616,0.353827127113,
    0.392829033941,0.452040566127,0.503781817771,0.527593414234,
    0.545912576615,0.597920504955,0.610293509246,0.664735929634,
    0.68797291661,0.707310636392,0.749924284294,0.805428991757,
    0.834540078218,0.875211516251,0.916111741157,0.957650943495,1.),
  .UNSPECIFIED.);
#1753 = CARTESIAN_POINT('',(0.5,0.));
#1754 = CARTESIAN_POINT('',(0.5,4.868261067607E-03));
#1755 = CARTESIAN_POINT('',(0.5,9.764786035379E-03));
#1756 = CARTESIAN_POINT('',(0.5,1.468719492696E-02));
#1757 = CARTESIAN_POINT('',(0.5,1.963307680169E-02));
#1758 = CARTESIAN_POINT('',(0.5,2.944436569646E-02));
#1759 = CARTESIAN_POINT('',(0.5,3.430876086001E-02));
#1760 = CARTESIAN_POINT('',(0.5,3.919093574572E-02));
#1761 = CARTESIAN_POINT('',(0.5,4.408871269953E-02));
#1762 = CARTESIAN_POINT('',(0.5,5.387727322293E-02));
#1763 = CARTESIAN_POINT('',(0.5,5.876787920362E-02));
#1764 = CARTESIAN_POINT('',(0.5,6.366977597981E-02));
#1765 = CARTESIAN_POINT('',(0.5,6.858106469112E-02));
#1766 = CARTESIAN_POINT('',(0.5,7.836820863739E-02));
#1767 = CARTESIAN_POINT('',(0.5,8.324391121226E-02));
#1768 = CARTESIAN_POINT('',(0.5,8.812542174243E-02));
#1769 = CARTESIAN_POINT('',(0.5,9.301122883459E-02));
#1770 = CARTESIAN_POINT('',(0.5,0.102796538548));
#1771 = CARTESIAN_POINT('',(0.5,0.107696051086));
#1772 = CARTESIAN_POINT('',(0.5,0.112597203207));
#1773 = CARTESIAN_POINT('',(0.5,0.117498842889));
#1774 = CARTESIAN_POINT('',(0.5,0.127282710655));
#1775 = CARTESIAN_POINT('',(0.5,0.132164940352));
#1776 = CARTESIAN_POINT('',(0.5,0.13704573266));
#1777 = CARTESIAN_POINT('',(0.5,0.141924295878));
#1778 = CARTESIAN_POINT('',(0.5,0.151686877998));
#1779 = CARTESIAN_POINT('',(0.5,0.156570880382));
#1780 = CARTESIAN_POINT('',(0.5,0.16145137428));
#1781 = CARTESIAN_POINT('',(0.5,0.166327866502));
#1782 = CARTESIAN_POINT('',(0.5,0.176089397155));
#1783 = CARTESIAN_POINT('',(0.5,0.180974400711));
#1784 = CARTESIAN_POINT('',(0.5,0.185854650338));
#1785 = CARTESIAN_POINT('',(0.5,0.190729896963));
#1786 = CARTESIAN_POINT('',(0.5,0.20356821422));
#1787 = CARTESIAN_POINT('',(0.5,0.211522632147));
#1788 = CARTESIAN_POINT('',(0.5,0.219462676733));
#1789 = CARTESIAN_POINT('',(0.5,0.227388305713));
#1790 = CARTESIAN_POINT('',(0.5,0.243246947235));
#1791 = CARTESIAN_POINT('',(0.5,0.251179799265));
#1792 = CARTESIAN_POINT('',(0.5,0.259099032488));
#1793 = CARTESIAN_POINT('',(0.5,0.267005413681));
#1794 = CARTESIAN_POINT('',(0.5,0.282841666312));
#1795 = CARTESIAN_POINT('',(0.5,0.290771369729));
#1796 = CARTESIAN_POINT('',(0.5,0.298690178499));
#1797 = CARTESIAN_POINT('',(0.5,0.30659927984));
#1798 = CARTESIAN_POINT('',(0.5,0.322434255433));
#1799 = CARTESIAN_POINT('',(0.5,0.33036003915));
#1800 = CARTESIAN_POINT('',(0.5,0.338278686112));
#1801 = CARTESIAN_POINT('',(0.5,0.346191545022));
#1802 = CARTESIAN_POINT('',(0.5,0.361785854416));
#1803 = CARTESIAN_POINT('',(0.5,0.369467537584));
#1804 = CARTESIAN_POINT('',(0.5,0.377146313562));
#1805 = CARTESIAN_POINT('',(0.5,0.384823403357));
#1806 = CARTESIAN_POINT('',(0.5,0.404154380161));
#1807 = CARTESIAN_POINT('',(0.5,0.415807593976));
#1808 = CARTESIAN_POINT('',(0.5,0.427463833159));
#1809 = CARTESIAN_POINT('',(0.5,0.439126845908));
#1810 = CARTESIAN_POINT('',(0.5,0.461000438682));
#1811 = CARTESIAN_POINT('',(0.5,0.471208600417));
#1812 = CARTESIAN_POINT('',(0.5,0.48142670805));
#1813 = CARTESIAN_POINT('',(0.5,0.491656654551));
#1814 = CARTESIAN_POINT('',(0.5,0.506614041514));
#1815 = CARTESIAN_POINT('',(0.5,0.5113309197));
#1816 = CARTESIAN_POINT('',(0.5,0.516050785537));
#1817 = CARTESIAN_POINT('',(0.5,0.520773773189));
#1818 = CARTESIAN_POINT('',(0.5,0.529136065164));
#1819 = CARTESIAN_POINT('',(0.5,0.532774047469));
#1820 = CARTESIAN_POINT('',(0.5,0.536414000296));
#1821 = CARTESIAN_POINT('',(0.5,0.54005597082));
#1822 = CARTESIAN_POINT('',(0.5,0.554045364298));
#1823 = CARTESIAN_POINT('',(0.5,0.564407320999));
#1824 = CARTESIAN_POINT('',(0.5,0.574786806067));
#1825 = CARTESIAN_POINT('',(0.5,0.585184343161));
#1826 = CARTESIAN_POINT('',(0.5,0.598077948476));
#1827 = CARTESIAN_POINT('',(0.5,0.600556922525));
#1828 = CARTESIAN_POINT('',(0.5,0.603036923071));
#1829 = CARTESIAN_POINT('',(0.5,0.605517949569));
#1830 = CARTESIAN_POINT('',(0.5,0.618921262923));
#1831 = CARTESIAN_POINT('',(0.5,0.629862350578));
#1832 = CARTESIAN_POINT('',(0.5,0.640823089091));
#1833 = CARTESIAN_POINT('',(0.5,0.651802751117));
#1834 = CARTESIAN_POINT('',(0.5,0.667493820136));
#1835 = CARTESIAN_POINT('',(0.5,0.672190844155));
#1836 = CARTESIAN_POINT('',(0.5,0.676890968375));
#1837 = CARTESIAN_POINT('',(0.5,0.681594068576));
#1838 = CARTESIAN_POINT('',(0.5,0.690216255721));
#1839 = CARTESIAN_POINT('',(0.5,0.694134472146));
#1840 = CARTESIAN_POINT('',(0.5,0.698054565826));
#1841 = CARTESIAN_POINT('',(0.5,0.70197644308));
#1842 = CARTESIAN_POINT('',(0.5,0.714546162784));
#1843 = CARTESIAN_POINT('',(0.5,0.723200480284));
#1844 = CARTESIAN_POINT('',(0.5,0.731861844638));
#1845 = CARTESIAN_POINT('',(0.5,0.740528891493));
#1846 = CARTESIAN_POINT('',(0.5,0.760494206546));
#1847 = CARTESIAN_POINT('',(0.5,0.771795286293));
#1848 = CARTESIAN_POINT('',(0.5,0.7830996885));
#1849 = CARTESIAN_POINT('',(0.5,0.79440299165));
#1850 = CARTESIAN_POINT('',(0.5,0.811625050358));
#1851 = CARTESIAN_POINT('',(0.5,0.817548364534));
#1852 = CARTESIAN_POINT('',(0.5,0.823469187413));
#1853 = CARTESIAN_POINT('',(0.5,0.829386696118));
#1854 = CARTESIAN_POINT('',(0.5,0.843561545742));
#1855 = CARTESIAN_POINT('',(0.5,0.851814878132));
#1856 = CARTESIAN_POINT('',(0.5,0.860057580916));
#1857 = CARTESIAN_POINT('',(0.5,0.868286937951));
#1858 = CARTESIAN_POINT('',(0.5,0.884759262549));
#1859 = CARTESIAN_POINT('',(0.5,0.893002036485));
#1860 = CARTESIAN_POINT('',(0.5,0.901225322053));
#1861 = CARTESIAN_POINT('',(0.5,0.909425813556));
#1862 = CARTESIAN_POINT('',(0.5,0.925901890403));
#1863 = CARTESIAN_POINT('',(0.5,0.934176640131));
#1864 = CARTESIAN_POINT('',(0.5,0.942420565642));
#1865 = CARTESIAN_POINT('',(0.5,0.950629713594));
#1866 = CARTESIAN_POINT('',(0.5,0.967129575466));
#1867 = CARTESIAN_POINT('',(0.5,0.975418758873));
#1868 = CARTESIAN_POINT('',(0.5,0.983663210421));
#1869 = CARTESIAN_POINT('',(0.5,0.99185844558));
#1870 = CARTESIAN_POINT('',(0.5,1.));
#1871 = ( GEOMETRIC_REPRESENTATION_CONTEXT(2) 
PARAMETRIC_REPRESENTATION_CONTEXT() REPRESENTATION_CONTEXT('2D SPACE',''
  ) );
#1872 = ADVANCED_FACE('',(#1873),#169,.T.);
#1873 = FACE_BOUND('',#1874,.T.);
#1874 = EDGE_LOOP('',(#1875,#1876,#1877,#1904));
#1875 = ORIENTED_EDGE('',*,*,#151,.F.);
#1876 = ORIENTED_EDGE('',*,*,#1317,.F.);
#1877 = ORIENTED_EDGE('',*,*,#1878,.T.);
#1878 = EDGE_CURVE('',#1318,#1879,#1881,.T.);
#1879 = VERTEX_POINT('',#1880);
#1880 = CARTESIAN_POINT('',(26.68,0.,167.5));
#1881 = SURFACE_CURVE('',#1882,(#1888,#1897),.PCURVE_S1.);
#1882 = ( BOUNDED_CURVE() B_SPLINE_CURVE(4,(#1883,#1884,#1885,#1886,
#1887),.UNSPECIFIED.,.F.,.F.) B_SPLINE_CURVE_WITH_KNOTS((5,5),(0.,1.),
.PIECEWISE_BEZIER_KNOTS.) CURVE() GEOMETRIC_REPRESENTATION_ITEM() 
RATIONAL_B_SPLINE_CURVE((1.,1.,1.,1.,1.)) REPRESENTATION_ITEM('') );
#1883 = CARTESIAN_POINT('',(31.45,-1.186938746857E-14,-167.5));
#1884 = CARTESIAN_POINT('',(77.811512525975,-5.541126402806E-14,
    -92.97490043913));
#1885 = CARTESIAN_POINT('',(31.933717865004,1.735387258849E-14,
    6.068437044333));
#1886 = CARTESIAN_POINT('',(48.303522983997,-6.730998134931E-14,
    81.722421637412));
#1887 = CARTESIAN_POINT('',(26.68,1.687095297996E-15,167.5));
#1888 = PCURVE('',#169,#1889);
#1889 = DEFINITIONAL_REPRESENTATION('',(#1890),#1896);
#1890 = ( BOUNDED_CURVE() B_SPLINE_CURVE(4,(#1891,#1892,#1893,#1894,
#1895),.UNSPECIFIED.,.F.,.F.) B_SPLINE_CURVE_WITH_KNOTS((5,5),(0.,1.),
.PIECEWISE_BEZIER_KNOTS.) CURVE() GEOMETRIC_REPRESENTATION_ITEM() 
RATIONAL_B_SPLINE_CURVE((1.,1.,1.,1.,1.)) REPRESENTATION_ITEM('') );
#1891 = CARTESIAN_POINT('',(33.5,137.45));
#1892 = CARTESIAN_POINT('',(108.02509956086,183.81151252597));
#1893 = CARTESIAN_POINT('',(207.06843704433,137.933717865));
#1894 = CARTESIAN_POINT('',(282.72242163741,154.30352298399));
#1895 = CARTESIAN_POINT('',(368.5,132.68));
#1896 = ( GEOMETRIC_REPRESENTATION_CONTEXT(2) 
PARAMETRIC_REPRESENTATION_CONTEXT() REPRESENTATION_CONTEXT('2D SPACE',''
  ) );
#1897 = PCURVE('',#1398,#1898);
#1898 = DEFINITIONAL_REPRESENTATION('',(#1899),#1903);
#1899 = LINE('',#1900,#1901);
#1900 = CARTESIAN_POINT('',(1.,0.));
#1901 = VECTOR('',#1902,1.);
#1902 = DIRECTION('',(0.,1.));
#1903 = ( GEOMETRIC_REPRESENTATION_CONTEXT(2) 
PARAMETRIC_REPRESENTATION_CONTEXT() REPRESENTATION_CONTEXT('2D SPACE',''
  ) );
#1904 = ORIENTED_EDGE('',*,*,#1905,.F.);
#1905 = EDGE_CURVE('',#152,#1879,#1906,.T.);
#1906 = SURFACE_CURVE('',#1907,(#1911,#1917),.PCURVE_S1.);
#1907 = LINE('',#1908,#1909);
#1908 = CARTESIAN_POINT('',(-38.16,0.,167.5));
#1909 = VECTOR('',#1910,1.);
#1910 = DIRECTION('',(-1.,0.,0.));
#1911 = PCURVE('',#169,#1912);
#1912 = DEFINITIONAL_REPRESENTATION('',(#1913),#1916);
#1913 = B_SPLINE_CURVE_WITH_KNOTS('',1,(#1914,#1915),.UNSPECIFIED.,.F.,
  .F.,(2,2),(-67.84,5.880032908956),.PIECEWISE_BEZIER_KNOTS.);
#1914 = CARTESIAN_POINT('',(368.5,135.68));
#1915 = CARTESIAN_POINT('',(368.5,61.959967091044));
#1916 = ( GEOMETRIC_REPRESENTATION_CONTEXT(2) 
PARAMETRIC_REPRESENTATION_CONTEXT() REPRESENTATION_CONTEXT('2D SPACE',''
  ) );
#1917 = PCURVE('',#211,#1918);
#1918 = DEFINITIONAL_REPRESENTATION('',(#1919),#1922);
#1919 = B_SPLINE_CURVE_WITH_KNOTS('',1,(#1920,#1921),.UNSPECIFIED.,.F.,
  .F.,(2,2),(-67.84,5.880032908956),.PIECEWISE_BEZIER_KNOTS.);
#1920 = CARTESIAN_POINT('',(-3.026912054338E-12,-1.877771356682E-14));
#1921 = CARTESIAN_POINT('',(73.720032908956,9.230523749736E-15));
#1922 = ( GEOMETRIC_REPRESENTATION_CONTEXT(2) 
PARAMETRIC_REPRESENTATION_CONTEXT() REPRESENTATION_CONTEXT('2D SPACE',''
  ) );
#1923 = ADVANCED_FACE('',(#1924),#211,.T.);
#1924 = FACE_BOUND('',#1925,.T.);
#1925 = EDGE_LOOP('',(#1926,#1927,#1928,#1973));
#1926 = ORIENTED_EDGE('',*,*,#183,.T.);
#1927 = ORIENTED_EDGE('',*,*,#1905,.T.);
#1928 = ORIENTED_EDGE('',*,*,#1929,.F.);
#1929 = EDGE_CURVE('',#1487,#1879,#1930,.T.);
#1930 = SURFACE_CURVE('',#1931,(#1947,#1966),.PCURVE_S1.);
#1931 = B_SPLINE_CURVE_WITH_KNOTS('',14,(#1932,#1933,#1934,#1935,#1936,
    #1937,#1938,#1939,#1940,#1941,#1942,#1943,#1944,#1945,#1946),
  .UNSPECIFIED.,.T.,.F.,(15,15),(0.,1.),.PIECEWISE_BEZIER_KNOTS.);
#1932 = CARTESIAN_POINT('',(26.68,1.687095297996E-15,167.5));
#1933 = CARTESIAN_POINT('',(26.680000000003,6.193425517081,167.5));
#1934 = CARTESIAN_POINT('',(20.892724843189,12.386853320291,167.5));
#1935 = CARTESIAN_POINT('',(9.318167131127,17.012906982703,167.5));
#1936 = CARTESIAN_POINT('',(-6.312771201204,18.504386822415,167.5));
#1937 = CARTESIAN_POINT('',(-22.53861461961,15.855880681914,167.5));
#1938 = CARTESIAN_POINT('',(-34.92523260016,9.189216384686,167.5));
#1939 = CARTESIAN_POINT('',(-39.58854710275,1.375965552571E-10,167.5));
#1940 = CARTESIAN_POINT('',(-34.92523260015,-9.189216384939,167.5));
#1941 = CARTESIAN_POINT('',(-22.53861461963,-15.85588068172,167.5));
#1942 = CARTESIAN_POINT('',(-6.312771201188,-18.50438682253,167.5));
#1943 = CARTESIAN_POINT('',(9.318167131117,-17.01290698264,167.5));
#1944 = CARTESIAN_POINT('',(20.892724843192,-12.38685332031,167.5));
#1945 = CARTESIAN_POINT('',(26.680000000002,-6.193425517076,167.5));
#1946 = CARTESIAN_POINT('',(26.68,-5.4183321868E-15,167.5));
#1947 = PCURVE('',#211,#1948);
#1948 = DEFINITIONAL_REPRESENTATION('',(#1949),#1965);
#1949 = B_SPLINE_CURVE_WITH_KNOTS('',14,(#1950,#1951,#1952,#1953,#1954,
    #1955,#1956,#1957,#1958,#1959,#1960,#1961,#1962,#1963,#1964),
  .UNSPECIFIED.,.F.,.F.,(15,15),(0.,1.),.PIECEWISE_BEZIER_KNOTS.);
#1950 = CARTESIAN_POINT('',(3.,-1.932502760545E-14));
#1951 = CARTESIAN_POINT('',(2.999999999997,-6.193425517081));
#1952 = CARTESIAN_POINT('',(8.787275156811,-12.38685332029));
#1953 = CARTESIAN_POINT('',(20.361832868873,-17.0129069827));
#1954 = CARTESIAN_POINT('',(35.992771201204,-18.50438682241));
#1955 = CARTESIAN_POINT('',(52.218614619611,-15.85588068191));
#1956 = CARTESIAN_POINT('',(64.605232600168,-9.189216384686));
#1957 = CARTESIAN_POINT('',(69.268547102759,-1.375890159734E-10));
#1958 = CARTESIAN_POINT('',(64.605232600153,9.189216384939));
#1959 = CARTESIAN_POINT('',(52.218614619631,15.85588068172));
#1960 = CARTESIAN_POINT('',(35.992771201188,18.504386822537));
#1961 = CARTESIAN_POINT('',(20.361832868883,17.012906982642));
#1962 = CARTESIAN_POINT('',(8.787275156808,12.386853320313));
#1963 = CARTESIAN_POINT('',(2.999999999998,6.193425517076));
#1964 = CARTESIAN_POINT('',(3.,-1.221960012065E-14));
#1965 = ( GEOMETRIC_REPRESENTATION_CONTEXT(2) 
PARAMETRIC_REPRESENTATION_CONTEXT() REPRESENTATION_CONTEXT('2D SPACE',''
  ) );
#1966 = PCURVE('',#1398,#1967);
#1967 = DEFINITIONAL_REPRESENTATION('',(#1968),#1972);
#1968 = LINE('',#1969,#1970);
#1969 = CARTESIAN_POINT('',(0.,1.));
#1970 = VECTOR('',#1971,1.);
#1971 = DIRECTION('',(1.,0.));
#1972 = ( GEOMETRIC_REPRESENTATION_CONTEXT(2) 
PARAMETRIC_REPRESENTATION_CONTEXT() REPRESENTATION_CONTEXT('2D SPACE',''
  ) );
#1973 = ORIENTED_EDGE('',*,*,#1486,.T.);
#1974 = ADVANCED_FACE('',(#1975),#736,.T.);
#1975 = FACE_BOUND('',#1976,.T.);
#1976 = EDGE_LOOP('',(#1977,#2000,#2001,#2024));
#1977 = ORIENTED_EDGE('',*,*,#1978,.F.);
#1978 = EDGE_CURVE('',#611,#1979,#1981,.T.);
#1979 = VERTEX_POINT('',#1980);
#1980 = CARTESIAN_POINT('',(-30.,-20.62430506202,-121.));
#1981 = SURFACE_CURVE('',#1982,(#1986,#1993),.PCURVE_S1.);
#1982 = LINE('',#1983,#1984);
#1983 = CARTESIAN_POINT('',(-30.,-142.,-121.));
#1984 = VECTOR('',#1985,1.);
#1985 = DIRECTION('',(0.,1.,0.));
#1986 = PCURVE('',#736,#1987);
#1987 = DEFINITIONAL_REPRESENTATION('',(#1988),#1992);
#1988 = LINE('',#1989,#1990);
#1989 = CARTESIAN_POINT('',(0.,0.));
#1990 = VECTOR('',#1991,1.);
#1991 = DIRECTION('',(0.,1.));
#1992 = ( GEOMETRIC_REPRESENTATION_CONTEXT(2) 
PARAMETRIC_REPRESENTATION_CONTEXT() REPRESENTATION_CONTEXT('2D SPACE',''
  ) );
#1993 = PCURVE('',#907,#1994);
#1994 = DEFINITIONAL_REPRESENTATION('',(#1995),#1999);
#1995 = LINE('',#1996,#1997);
#1996 = CARTESIAN_POINT('',(0.,0.));
#1997 = VECTOR('',#1998,1.);
#1998 = DIRECTION('',(0.,-1.));
#1999 = ( GEOMETRIC_REPRESENTATION_CONTEXT(2) 
PARAMETRIC_REPRESENTATION_CONTEXT() REPRESENTATION_CONTEXT('2D SPACE',''
  ) );
#2000 = ORIENTED_EDGE('',*,*,#608,.F.);
#2001 = ORIENTED_EDGE('',*,*,#2002,.T.);
#2002 = EDGE_CURVE('',#609,#2003,#2005,.T.);
#2003 = VERTEX_POINT('',#2004);
#2004 = CARTESIAN_POINT('',(30.,-20.62430506167,-121.));
#2005 = SURFACE_CURVE('',#2006,(#2010,#2017),.PCURVE_S1.);
#2006 = LINE('',#2007,#2008);
#2007 = CARTESIAN_POINT('',(30.,-142.,-121.));
#2008 = VECTOR('',#2009,1.);
#2009 = DIRECTION('',(0.,1.,0.));
#2010 = PCURVE('',#736,#2011);
#2011 = DEFINITIONAL_REPRESENTATION('',(#2012),#2016);
#2012 = LINE('',#2013,#2014);
#2013 = CARTESIAN_POINT('',(60.,0.));
#2014 = VECTOR('',#2015,1.);
#2015 = DIRECTION('',(0.,1.));
#2016 = ( GEOMETRIC_REPRESENTATION_CONTEXT(2) 
PARAMETRIC_REPRESENTATION_CONTEXT() REPRESENTATION_CONTEXT('2D SPACE',''
  ) );
#2017 = PCURVE('',#1258,#2018);
#2018 = DEFINITIONAL_REPRESENTATION('',(#2019),#2023);
#2019 = LINE('',#2020,#2021);
#2020 = CARTESIAN_POINT('',(0.,0.));
#2021 = VECTOR('',#2022,1.);
#2022 = DIRECTION('',(0.,-1.));
#2023 = ( GEOMETRIC_REPRESENTATION_CONTEXT(2) 
PARAMETRIC_REPRESENTATION_CONTEXT() REPRESENTATION_CONTEXT('2D SPACE',''
  ) );
#2024 = ORIENTED_EDGE('',*,*,#2025,.T.);
#2025 = EDGE_CURVE('',#2003,#1979,#2026,.T.);
#2026 = SURFACE_CURVE('',#2027,(#2078,#2132),.PCURVE_S1.);
#2027 = B_SPLINE_CURVE_WITH_KNOTS('',5,(#2028,#2029,#2030,#2031,#2032,
    #2033,#2034,#2035,#2036,#2037,#2038,#2039,#2040,#2041,#2042,#2043,
    #2044,#2045,#2046,#2047,#2048,#2049,#2050,#2051,#2052,#2053,#2054,
    #2055,#2056,#2057,#2058,#2059,#2060,#2061,#2062,#2063,#2064,#2065,
    #2066,#2067,#2068,#2069,#2070,#2071,#2072,#2073,#2074,#2075,#2076,
    #2077),.UNSPECIFIED.,.F.,.F.,(6,4,4,4,4,4,4,4,4,4,4,4,6),(0.,
    5.807436665074E-02,0.117922086438,0.209930807446,0.304781999124,
    0.401981033106,0.500001492243,0.598269182726,0.695220920565,
    0.790072033226,0.881852948654,0.941928278911,1.),.UNSPECIFIED.);
#2028 = CARTESIAN_POINT('',(30.,-20.62430506167,-121.));
#2029 = CARTESIAN_POINT('',(29.342915203346,-20.90224490999,-121.));
#2030 = CARTESIAN_POINT('',(28.681421340381,-21.16975819156,-121.));
#2031 = CARTESIAN_POINT('',(28.015914170092,-21.42717555538,-121.));
#2032 = CARTESIAN_POINT('',(27.346735579504,-21.67478829307,-121.));
#2033 = CARTESIAN_POINT('',(25.981084022366,-22.15820242736,-121.));
#2034 = CARTESIAN_POINT('',(25.284403740339,-22.39341149175,-121.));
#2035 = CARTESIAN_POINT('',(24.584458852112,-22.61877607436,-121.));
#2036 = CARTESIAN_POINT('',(23.881530063217,-22.83454855675,-121.));
#2037 = CARTESIAN_POINT('',(22.090978508087,-23.35828124198,-121.));
#2038 = CARTESIAN_POINT('',(20.999625839861,-23.65346917399,-121.));
#2039 = CARTESIAN_POINT('',(19.902681715932,-23.92734201763,-121.));
#2040 = CARTESIAN_POINT('',(18.800884096732,-24.18055995561,-121.));
#2041 = CARTESIAN_POINT('',(16.554635272595,-24.65399335099,-121.));
#2042 = CARTESIAN_POINT('',(15.409926393363,-24.87294571626,-121.));
#2043 = CARTESIAN_POINT('',(14.26139188062,-25.0711357528,-121.));
#2044 = CARTESIAN_POINT('',(13.109619525245,-25.24903200184,-121.));
#2045 = CARTESIAN_POINT('',(10.772038088634,-25.568888053,-121.));
#2046 = CARTESIAN_POINT('',(9.586098336117,-25.70984844699,-121.));
#2047 = CARTESIAN_POINT('',(8.397847366171,-25.8302830865,-121.));
#2048 = CARTESIAN_POINT('',(7.207787328206,-25.93047454967,-121.));
#2049 = CARTESIAN_POINT('',(4.814895540687,-26.09142599745,-121.));
#2050 = CARTESIAN_POINT('',(3.612045657343,-26.15184557898,-121.));
#2051 = CARTESIAN_POINT('',(2.408296362964,-26.19206172192,-121.));
#2052 = CARTESIAN_POINT('',(1.204103482321,-26.21216963425,-121.));
#2053 = CARTESIAN_POINT('',(-1.207324009403,-26.21216718362,-121.));
#2054 = CARTESIAN_POINT('',(-2.41455409168,-26.19195525004,-121.));
#2055 = CARTESIAN_POINT('',(-3.621337203374,-26.15153352322,-121.));
#2056 = CARTESIAN_POINT('',(-4.827214019469,-26.0908058211,-121.));
#2057 = CARTESIAN_POINT('',(-7.220077076475,-25.92943966253,-121.));
#2058 = CARTESIAN_POINT('',(-8.407095337814,-25.82934657056,-121.));
#2059 = CARTESIAN_POINT('',(-9.592311149909,-25.70911171823,-121.));
#2060 = CARTESIAN_POINT('',(-10.77522607173,-25.56845438925,-121.));
#2061 = CARTESIAN_POINT('',(-13.10979584841,-25.24900537629,-121.));
#2062 = CARTESIAN_POINT('',(-14.26156686298,-25.07110680474,-121.));
#2063 = CARTESIAN_POINT('',(-15.41009998931,-24.87291443924,-121.));
#2064 = CARTESIAN_POINT('',(-16.55480743304,-24.65395973294,-121.));
#2065 = CARTESIAN_POINT('',(-18.7983157877,-24.18109867588,-121.));
#2066 = CARTESIAN_POINT('',(-19.89739538848,-23.9285547936,-121.));
#2067 = CARTESIAN_POINT('',(-20.99164690836,-23.65545947501,-121.));
#2068 = CARTESIAN_POINT('',(-22.08033816168,-23.3611576717,-121.));
#2069 = CARTESIAN_POINT('',(-23.87099188627,-22.83778293487,-121.));
#2070 = CARTESIAN_POINT('',(-24.57662767589,-22.62129798653,-121.));
#2071 = CARTESIAN_POINT('',(-25.27925893497,-22.39514974331,-121.));
#2072 = CARTESIAN_POINT('',(-25.97860189167,-22.15908306801,-121.));
#2073 = CARTESIAN_POINT('',(-27.34685750999,-21.67474316869,-121.));
#2074 = CARTESIAN_POINT('',(-28.01600511737,-21.42714037442,-121.));
#2075 = CARTESIAN_POINT('',(-28.68148160246,-21.16973381102,-121.));
#2076 = CARTESIAN_POINT('',(-29.34294513658,-20.90223225063,-121.));
#2077 = CARTESIAN_POINT('',(-30.,-20.62430506202,-121.));
#2078 = PCURVE('',#736,#2079);
#2079 = DEFINITIONAL_REPRESENTATION('',(#2080),#2131);
#2080 = B_SPLINE_CURVE_WITH_KNOTS('',5,(#2081,#2082,#2083,#2084,#2085,
    #2086,#2087,#2088,#2089,#2090,#2091,#2092,#2093,#2094,#2095,#2096,
    #2097,#2098,#2099,#2100,#2101,#2102,#2103,#2104,#2105,#2106,#2107,
    #2108,#2109,#2110,#2111,#2112,#2113,#2114,#2115,#2116,#2117,#2118,
    #2119,#2120,#2121,#2122,#2123,#2124,#2125,#2126,#2127,#2128,#2129,
    #2130),.UNSPECIFIED.,.F.,.F.,(6,4,4,4,4,4,4,4,4,4,4,4,6),(0.,
    5.807436665074E-02,0.117922086438,0.209930807446,0.304781999124,
    0.401981033106,0.500001492243,0.598269182726,0.695220920565,
    0.790072033226,0.881852948654,0.941928278911,1.),.UNSPECIFIED.);
#2081 = CARTESIAN_POINT('',(60.,121.37569493832));
#2082 = CARTESIAN_POINT('',(59.342915203346,121.09775509));
#2083 = CARTESIAN_POINT('',(58.681421340381,120.83024180843));
#2084 = CARTESIAN_POINT('',(58.015914170092,120.57282444461));
#2085 = CARTESIAN_POINT('',(57.346735579504,120.32521170693));
#2086 = CARTESIAN_POINT('',(55.981084022366,119.84179757263));
#2087 = CARTESIAN_POINT('',(55.284403740339,119.60658850824));
#2088 = CARTESIAN_POINT('',(54.584458852112,119.38122392563));
#2089 = CARTESIAN_POINT('',(53.881530063217,119.16545144324));
#2090 = CARTESIAN_POINT('',(52.090978508087,118.64171875801));
#2091 = CARTESIAN_POINT('',(50.999625839861,118.346530826));
#2092 = CARTESIAN_POINT('',(49.902681715932,118.07265798236));
#2093 = CARTESIAN_POINT('',(48.800884096732,117.81944004438));
#2094 = CARTESIAN_POINT('',(46.554635272595,117.346006649));
#2095 = CARTESIAN_POINT('',(45.409926393363,117.12705428373));
#2096 = CARTESIAN_POINT('',(44.26139188062,116.92886424719));
#2097 = CARTESIAN_POINT('',(43.109619525245,116.75096799815));
#2098 = CARTESIAN_POINT('',(40.772038088634,116.431111947));
#2099 = CARTESIAN_POINT('',(39.586098336117,116.290151553));
#2100 = CARTESIAN_POINT('',(38.397847366171,116.1697169135));
#2101 = CARTESIAN_POINT('',(37.207787328206,116.06952545032));
#2102 = CARTESIAN_POINT('',(34.814895540687,115.90857400254));
#2103 = CARTESIAN_POINT('',(33.612045657343,115.84815442101));
#2104 = CARTESIAN_POINT('',(32.408296362964,115.80793827807));
#2105 = CARTESIAN_POINT('',(31.204103482321,115.78783036574));
#2106 = CARTESIAN_POINT('',(28.792675990597,115.78783281637));
#2107 = CARTESIAN_POINT('',(27.58544590832,115.80804474995));
#2108 = CARTESIAN_POINT('',(26.378662796626,115.84846647678));
#2109 = CARTESIAN_POINT('',(25.172785980531,115.90919417889));
#2110 = CARTESIAN_POINT('',(22.779922923525,116.07056033746));
#2111 = CARTESIAN_POINT('',(21.592904662186,116.17065342943));
#2112 = CARTESIAN_POINT('',(20.407688850091,116.29088828176));
#2113 = CARTESIAN_POINT('',(19.224773928268,116.43154561075));
#2114 = CARTESIAN_POINT('',(16.890204151581,116.75099462371));
#2115 = CARTESIAN_POINT('',(15.738433137018,116.92889319526));
#2116 = CARTESIAN_POINT('',(14.589900010686,117.12708556075));
#2117 = CARTESIAN_POINT('',(13.445192566951,117.34604026705));
#2118 = CARTESIAN_POINT('',(11.201684212297,117.81890132411));
#2119 = CARTESIAN_POINT('',(10.102604611514,118.07144520639));
#2120 = CARTESIAN_POINT('',(9.008353091634,118.34454052498));
#2121 = CARTESIAN_POINT('',(7.919661838318,118.63884232829));
#2122 = CARTESIAN_POINT('',(6.129008113729,119.16221706513));
#2123 = CARTESIAN_POINT('',(5.423372324103,119.37870201346));
#2124 = CARTESIAN_POINT('',(4.720741065024,119.60485025668));
#2125 = CARTESIAN_POINT('',(4.021398108322,119.84091693198));
#2126 = CARTESIAN_POINT('',(2.653142490006,120.3252568313));
#2127 = CARTESIAN_POINT('',(1.983994882623,120.57285962557));
#2128 = CARTESIAN_POINT('',(1.318518397539,120.83026618897));
#2129 = CARTESIAN_POINT('',(0.657054863414,121.09776774937));
#2130 = CARTESIAN_POINT('',(0.,121.37569493797));
#2131 = ( GEOMETRIC_REPRESENTATION_CONTEXT(2) 
PARAMETRIC_REPRESENTATION_CONTEXT() REPRESENTATION_CONTEXT('2D SPACE',''
  ) );
#2132 = PCURVE('',#1398,#2133);
#2133 = DEFINITIONAL_REPRESENTATION('',(#2134),#2185);
#2134 = B_SPLINE_CURVE_WITH_KNOTS('',5,(#2135,#2136,#2137,#2138,#2139,
    #2140,#2141,#2142,#2143,#2144,#2145,#2146,#2147,#2148,#2149,#2150,
    #2151,#2152,#2153,#2154,#2155,#2156,#2157,#2158,#2159,#2160,#2161,
    #2162,#2163,#2164,#2165,#2166,#2167,#2168,#2169,#2170,#2171,#2172,
    #2173,#2174,#2175,#2176,#2177,#2178,#2179,#2180,#2181,#2182,#2183,
    #2184),.UNSPECIFIED.,.F.,.F.,(6,4,4,4,4,4,4,4,4,4,4,4,6),(0.,
    5.807436665074E-02,0.117922086438,0.209930807446,0.304781999124,
    0.401981033106,0.500001492243,0.598269182726,0.695220920565,
    0.790072033226,0.881852948654,0.941928278911,1.),.UNSPECIFIED.);
#2135 = CARTESIAN_POINT('',(0.855862539012,0.14721532605));
#2136 = CARTESIAN_POINT('',(0.853128177341,0.14721532605));
#2137 = CARTESIAN_POINT('',(0.850421529168,0.14721532605));
#2138 = CARTESIAN_POINT('',(0.847740694208,0.14721532605));
#2139 = CARTESIAN_POINT('',(0.845083982282,0.14721532605));
#2140 = CARTESIAN_POINT('',(0.839735202802,0.14721532605));
#2141 = CARTESIAN_POINT('',(0.837044541431,0.14721532605));
#2142 = CARTESIAN_POINT('',(0.834376100718,0.14721532605));
#2143 = CARTESIAN_POINT('',(0.831728334985,0.14721532605));
#2144 = CARTESIAN_POINT('',(0.825058728521,0.14721532605));
#2145 = CARTESIAN_POINT('',(0.821063127426,0.14721532605));
#2146 = CARTESIAN_POINT('',(0.817107716187,0.14721532605));
#2147 = CARTESIAN_POINT('',(0.813187996304,0.14721532605));
#2148 = CARTESIAN_POINT('',(0.805291425165,0.14721532605));
#2149 = CARTESIAN_POINT('',(0.801316580242,0.14721532605));
#2150 = CARTESIAN_POINT('',(0.797370665746,0.14721532605));
#2151 = CARTESIAN_POINT('',(0.793449662179,0.14721532605));
#2152 = CARTESIAN_POINT('',(0.785553298532,0.14721532605));
#2153 = CARTESIAN_POINT('',(0.781579016448,0.14721532605));
#2154 = CARTESIAN_POINT('',(0.777622803128,0.14721532605));
#2155 = CARTESIAN_POINT('',(0.773680923561,0.14721532605));
#2156 = CARTESIAN_POINT('',(0.765785301426,0.14721532605));
#2157 = CARTESIAN_POINT('',(0.761831744059,0.14721532605));
#2158 = CARTESIAN_POINT('',(0.757885359441,0.14721532605));
#2159 = CARTESIAN_POINT('',(0.75394252745,0.14721532605));
#2160 = CARTESIAN_POINT('',(0.746046927784,0.14721532605));
#2161 = CARTESIAN_POINT('',(0.74209415064,0.14721532605));
#2162 = CARTESIAN_POINT('',(0.738137793706,0.14721532605));
#2163 = CARTESIAN_POINT('',(0.734174209164,0.14721532605));
#2164 = CARTESIAN_POINT('',(0.726278368309,0.14721532605));
#2165 = CARTESIAN_POINT('',(0.722346407002,0.14721532605));
#2166 = CARTESIAN_POINT('',(0.718400165486,0.14721532605));
#2167 = CARTESIAN_POINT('',(0.714435936263,0.14721532605));
#2168 = CARTESIAN_POINT('',(0.70654973847,0.14721532605));
#2169 = CARTESIAN_POINT('',(0.702628735238,0.14721532605));
#2170 = CARTESIAN_POINT('',(0.698682820754,0.14721532605));
#2171 = CARTESIAN_POINT('',(0.694707975509,0.14721532605));
#2172 = CARTESIAN_POINT('',(0.68682102672,0.14721532605));
#2173 = CARTESIAN_POINT('',(0.682911085092,0.14721532605));
#2174 = CARTESIAN_POINT('',(0.678965638712,0.14721532605));
#2175 = CARTESIAN_POINT('',(0.674980223009,0.14721532605));
#2176 = CARTESIAN_POINT('',(0.668311358414,0.14721532605));
#2177 = CARTESIAN_POINT('',(0.66565375589,0.14721532605));
#2178 = CARTESIAN_POINT('',(0.6629753325,0.14721532605));
#2179 = CARTESIAN_POINT('',(0.660274525543,0.14721532605));
#2180 = CARTESIAN_POINT('',(0.654915533604,0.14721532605));
#2181 = CARTESIAN_POINT('',(0.652258937756,0.14721532605));
#2182 = CARTESIAN_POINT('',(0.649578227095,0.14721532605));
#2183 = CARTESIAN_POINT('',(0.646871696947,0.14721532605));
#2184 = CARTESIAN_POINT('',(0.644137459825,0.14721532605));
#2185 = ( GEOMETRIC_REPRESENTATION_CONTEXT(2) 
PARAMETRIC_REPRESENTATION_CONTEXT() REPRESENTATION_CONTEXT('2D SPACE',''
  ) );
#2186 = ADVANCED_FACE('',(#2187),#1258,.F.);
#2187 = FACE_BOUND('',#2188,.F.);
#2188 = EDGE_LOOP('',(#2189,#2212,#2213,#2214));
#2189 = ORIENTED_EDGE('',*,*,#2190,.F.);
#2190 = EDGE_CURVE('',#964,#2191,#2193,.T.);
#2191 = VERTEX_POINT('',#2192);
#2192 = CARTESIAN_POINT('',(30.,-20.76626478584,-19.));
#2193 = SURFACE_CURVE('',#2194,(#2198,#2205),.PCURVE_S1.);
#2194 = LINE('',#2195,#2196);
#2195 = CARTESIAN_POINT('',(30.,-142.,-19.));
#2196 = VECTOR('',#2197,1.);
#2197 = DIRECTION('',(0.,1.,0.));
#2198 = PCURVE('',#1258,#2199);
#2199 = DEFINITIONAL_REPRESENTATION('',(#2200),#2204);
#2200 = LINE('',#2201,#2202);
#2201 = CARTESIAN_POINT('',(102.,0.));
#2202 = VECTOR('',#2203,1.);
#2203 = DIRECTION('',(0.,-1.));
#2204 = ( GEOMETRIC_REPRESENTATION_CONTEXT(2) 
PARAMETRIC_REPRESENTATION_CONTEXT() REPRESENTATION_CONTEXT('2D SPACE',''
  ) );
#2205 = PCURVE('',#1089,#2206);
#2206 = DEFINITIONAL_REPRESENTATION('',(#2207),#2211);
#2207 = LINE('',#2208,#2209);
#2208 = CARTESIAN_POINT('',(60.,0.));
#2209 = VECTOR('',#2210,1.);
#2210 = DIRECTION('',(0.,1.));
#2211 = ( GEOMETRIC_REPRESENTATION_CONTEXT(2) 
PARAMETRIC_REPRESENTATION_CONTEXT() REPRESENTATION_CONTEXT('2D SPACE',''
  ) );
#2212 = ORIENTED_EDGE('',*,*,#1156,.F.);
#2213 = ORIENTED_EDGE('',*,*,#2002,.T.);
#2214 = ORIENTED_EDGE('',*,*,#2215,.T.);
#2215 = EDGE_CURVE('',#2003,#2191,#2216,.T.);
#2216 = SURFACE_CURVE('',#2217,(#2265,#2316),.PCURVE_S1.);
#2217 = B_SPLINE_CURVE_WITH_KNOTS('',6,(#2218,#2219,#2220,#2221,#2222,
    #2223,#2224,#2225,#2226,#2227,#2228,#2229,#2230,#2231,#2232,#2233,
    #2234,#2235,#2236,#2237,#2238,#2239,#2240,#2241,#2242,#2243,#2244,
    #2245,#2246,#2247,#2248,#2249,#2250,#2251,#2252,#2253,#2254,#2255,
    #2256,#2257,#2258,#2259,#2260,#2261,#2262,#2263,#2264),
  .UNSPECIFIED.,.F.,.F.,(7,5,5,5,5,5,5,5,5,7),(0.,0.132698243334,
    0.266645256494,0.401749996938,0.536665452118,0.643849080547,
    0.750898367031,0.858348450439,0.96539660817,1.),.UNSPECIFIED.);
#2218 = CARTESIAN_POINT('',(30.,-20.62430506167,-121.));
#2219 = CARTESIAN_POINT('',(30.,-20.90938039907,-118.7590384411));
#2220 = CARTESIAN_POINT('',(30.,-21.16774393968,-116.5146884167));
#2221 = CARTESIAN_POINT('',(30.,-21.40131723358,-114.2675758418));
#2222 = CARTESIAN_POINT('',(30.,-21.61176374094,-112.0182144782));
#2223 = CARTESIAN_POINT('',(30.,-21.80058038368,-109.7670153896));
#2224 = CARTESIAN_POINT('',(30.,-22.1392531374,-105.2403641042));
#2225 = CARTESIAN_POINT('',(30.,-22.28872522092,-102.9648978749));
#2226 = CARTESIAN_POINT('',(30.,-22.41893369337,-100.6882199756));
#2227 = CARTESIAN_POINT('',(30.,-22.53113149461,-98.41060311262));
#2228 = CARTESIAN_POINT('',(30.,-22.62645739562,-96.13226507262));
#2229 = CARTESIAN_POINT('',(30.,-22.78615501963,-91.55477857485));
#2230 = CARTESIAN_POINT('',(30.,-22.85025164715,-89.25562795879));
#2231 = CARTESIAN_POINT('',(30.,-22.89932897644,-86.95609096339));
#2232 = CARTESIAN_POINT('',(30.,-22.93437018367,-84.65630904171));
#2233 = CARTESIAN_POINT('',(30.,-22.95627971648,-82.35639286188));
#2234 = CARTESIAN_POINT('',(30.,-22.97550253663,-77.75967468667));
#2235 = CARTESIAN_POINT('',(30.,-22.97285015926,-75.46287699498));
#2236 = CARTESIAN_POINT('',(30.,-22.95877654549,-73.16611135974));
#2237 = CARTESIAN_POINT('',(30.,-22.93405298404,-70.86944267633));
#2238 = CARTESIAN_POINT('',(30.,-22.89939476393,-68.57291885934));
#2239 = CARTESIAN_POINT('',(30.,-22.82057341741,-64.45223629207));
#2240 = CARTESIAN_POINT('',(30.,-22.77982834554,-62.62801397231));
#2241 = CARTESIAN_POINT('',(30.,-22.73356915121,-60.80392019022));
#2242 = CARTESIAN_POINT('',(30.,-22.68211145461,-58.97996741536));
#2243 = CARTESIAN_POINT('',(30.,-22.62575358649,-57.15616417763));
#2244 = CARTESIAN_POINT('',(30.,-22.50387953034,-53.51115159317));
#2245 = CARTESIAN_POINT('',(30.,-22.43837516338,-51.68994235357));
#2246 = CARTESIAN_POINT('',(30.,-22.36854618498,-49.86889203113));
#2247 = CARTESIAN_POINT('',(30.,-22.29465930529,-48.04800300524));
#2248 = CARTESIAN_POINT('',(30.,-22.21696700459,-46.22727530634));
#2249 = CARTESIAN_POINT('',(30.,-22.05414382317,-42.57932164169));
#2250 = CARTESIAN_POINT('',(30.,-21.96898659815,-40.75209720521));
#2251 = CARTESIAN_POINT('',(30.,-21.8804769816,-38.92503107485));
#2252 = CARTESIAN_POINT('',(30.,-21.78884371059,-37.09811971319));
#2253 = CARTESIAN_POINT('',(30.,-21.69430313586,-35.27135827713));
#2254 = CARTESIAN_POINT('',(30.,-21.50017905655,-31.62495556875));
#2255 = CARTESIAN_POINT('',(30.,-21.40061600301,-29.80531345202));
#2256 = CARTESIAN_POINT('',(30.,-21.29857190033,-27.98580826163));
#2257 = CARTESIAN_POINT('',(30.,-21.19423767561,-26.1664334329));
#2258 = CARTESIAN_POINT('',(30.,-21.08779334391,-24.34718184253));
#2259 = CARTESIAN_POINT('',(30.,-20.94437237277,-21.94000881375));
#2260 = CARTESIAN_POINT('',(30.,-20.90913392979,-21.35198390334));
#2261 = CARTESIAN_POINT('',(30.,-20.87369839962,-20.76397082371));
#2262 = CARTESIAN_POINT('',(30.,-20.83807138902,-20.17596931902));
#2263 = CARTESIAN_POINT('',(30.,-20.80225839119,-19.5879791312));
#2264 = CARTESIAN_POINT('',(30.,-20.76626478584,-19.));
#2265 = PCURVE('',#1258,#2266);
#2266 = DEFINITIONAL_REPRESENTATION('',(#2267),#2315);
#2267 = B_SPLINE_CURVE_WITH_KNOTS('',6,(#2268,#2269,#2270,#2271,#2272,
    #2273,#2274,#2275,#2276,#2277,#2278,#2279,#2280,#2281,#2282,#2283,
    #2284,#2285,#2286,#2287,#2288,#2289,#2290,#2291,#2292,#2293,#2294,
    #2295,#2296,#2297,#2298,#2299,#2300,#2301,#2302,#2303,#2304,#2305,
    #2306,#2307,#2308,#2309,#2310,#2311,#2312,#2313,#2314),
  .UNSPECIFIED.,.F.,.F.,(7,5,5,5,5,5,5,5,5,7),(0.,0.132698243334,
    0.266645256494,0.401749996938,0.536665452118,0.643849080547,
    0.750898367031,0.858348450439,0.96539660817,1.),.UNSPECIFIED.);
#2268 = CARTESIAN_POINT('',(0.,-121.3756949383));
#2269 = CARTESIAN_POINT('',(2.240961558853,-121.0906196009));
#2270 = CARTESIAN_POINT('',(4.485311583231,-120.8322560603));
#2271 = CARTESIAN_POINT('',(6.732424158192,-120.5986827664));
#2272 = CARTESIAN_POINT('',(8.981785521706,-120.388236259));
#2273 = CARTESIAN_POINT('',(11.232984610325,-120.1994196163));
#2274 = CARTESIAN_POINT('',(15.759635895733,-119.8607468625));
#2275 = CARTESIAN_POINT('',(18.035102125027,-119.711274779));
#2276 = CARTESIAN_POINT('',(20.311780024302,-119.5810663066));
#2277 = CARTESIAN_POINT('',(22.589396887374,-119.4688685053));
#2278 = CARTESIAN_POINT('',(24.867734927378,-119.3735426043));
#2279 = CARTESIAN_POINT('',(29.445221425147,-119.2138449803));
#2280 = CARTESIAN_POINT('',(31.744372041205,-119.1497483528));
#2281 = CARTESIAN_POINT('',(34.04390903661,-119.1006710235));
#2282 = CARTESIAN_POINT('',(36.343690958285,-119.0656298163));
#2283 = CARTESIAN_POINT('',(38.643607138117,-119.0437202835));
#2284 = CARTESIAN_POINT('',(43.240325313326,-119.0244974633));
#2285 = CARTESIAN_POINT('',(45.537123005011,-119.0271498407));
#2286 = CARTESIAN_POINT('',(47.833888640259,-119.0412234545));
#2287 = CARTESIAN_POINT('',(50.130557323664,-119.0659470159));
#2288 = CARTESIAN_POINT('',(52.427081140651,-119.100605236));
#2289 = CARTESIAN_POINT('',(56.547763707929,-119.1794265825));
#2290 = CARTESIAN_POINT('',(58.371986027689,-119.2201716544));
#2291 = CARTESIAN_POINT('',(60.196079809776,-119.2664308487));
#2292 = CARTESIAN_POINT('',(62.020032584637,-119.3178885453));
#2293 = CARTESIAN_POINT('',(63.843835822368,-119.3742464135));
#2294 = CARTESIAN_POINT('',(67.488848406823,-119.4961204696));
#2295 = CARTESIAN_POINT('',(69.310057646421,-119.5616248366));
#2296 = CARTESIAN_POINT('',(71.131107968861,-119.631453815));
#2297 = CARTESIAN_POINT('',(72.951996994757,-119.7053406947));
#2298 = CARTESIAN_POINT('',(74.772724693653,-119.7830329954));
#2299 = CARTESIAN_POINT('',(78.42067835831,-119.9458561768));
#2300 = CARTESIAN_POINT('',(80.247902794788,-120.0310134018));
#2301 = CARTESIAN_POINT('',(82.07496892515,-120.1195230183));
#2302 = CARTESIAN_POINT('',(83.901880286802,-120.2111562894));
#2303 = CARTESIAN_POINT('',(85.728641722864,-120.3056968641));
#2304 = CARTESIAN_POINT('',(89.375044431247,-120.4998209434));
#2305 = CARTESIAN_POINT('',(91.194686547974,-120.5993839969));
#2306 = CARTESIAN_POINT('',(93.01419173837,-120.7014280996));
#2307 = CARTESIAN_POINT('',(94.8335665671,-120.8057623243));
#2308 = CARTESIAN_POINT('',(96.652818157468,-120.912206656));
#2309 = CARTESIAN_POINT('',(99.05999118625,-121.0556276272));
#2310 = CARTESIAN_POINT('',(99.64801609666,-121.0908660702));
#2311 = CARTESIAN_POINT('',(100.23602917628,-121.1263016003));
#2312 = CARTESIAN_POINT('',(100.82403068097,-121.1619286109));
#2313 = CARTESIAN_POINT('',(101.41202086879,-121.1977416088));
#2314 = CARTESIAN_POINT('',(102.,-121.2337352141));
#2315 = ( GEOMETRIC_REPRESENTATION_CONTEXT(2) 
PARAMETRIC_REPRESENTATION_CONTEXT() REPRESENTATION_CONTEXT('2D SPACE',''
  ) );
#2316 = PCURVE('',#1398,#2317);
#2317 = DEFINITIONAL_REPRESENTATION('',(#2318),#2366);
#2318 = B_SPLINE_CURVE_WITH_KNOTS('',6,(#2319,#2320,#2321,#2322,#2323,
    #2324,#2325,#2326,#2327,#2328,#2329,#2330,#2331,#2332,#2333,#2334,
    #2335,#2336,#2337,#2338,#2339,#2340,#2341,#2342,#2343,#2344,#2345,
    #2346,#2347,#2348,#2349,#2350,#2351,#2352,#2353,#2354,#2355,#2356,
    #2357,#2358,#2359,#2360,#2361,#2362,#2363,#2364,#2365),
  .UNSPECIFIED.,.F.,.F.,(7,5,5,5,5,5,5,5,5,7),(0.,0.132698243334,
    0.266645256494,0.401749996938,0.536665452118,0.643849080547,
    0.750898367031,0.858348450439,0.96539660817,1.),.UNSPECIFIED.);
#2319 = CARTESIAN_POINT('',(0.855862539012,0.14721532605));
#2320 = CARTESIAN_POINT('',(0.854826118077,0.154006246849));
#2321 = CARTESIAN_POINT('',(0.853908028515,0.160782930226));
#2322 = CARTESIAN_POINT('',(0.85309315496,0.167545144853));
#2323 = CARTESIAN_POINT('',(0.85237006992,0.174292927712));
#2324 = CARTESIAN_POINT('',(0.851729453091,0.181026545308));
#2325 = CARTESIAN_POINT('',(0.850592431783,0.194529663411));
#2326 = CARTESIAN_POINT('',(0.850097437573,0.201298860978));
#2327 = CARTESIAN_POINT('',(0.849670725846,0.20805455153));
#2328 = CARTESIAN_POINT('',(0.849305963196,0.214797296354));
#2329 = CARTESIAN_POINT('',(0.848997959244,0.221527743219));
#2330 = CARTESIAN_POINT('',(0.84848432383,0.235023579988));
#2331 = CARTESIAN_POINT('',(0.848279604078,0.241788747016));
#2332 = CARTESIAN_POINT('',(0.848123540711,0.248542867761));
#2333 = CARTESIAN_POINT('',(0.848012374079,0.255286701389));
#2334 = CARTESIAN_POINT('',(0.847942937538,0.262021029548));
#2335 = CARTESIAN_POINT('',(0.847882032085,0.275462869623));
#2336 = CARTESIAN_POINT('',(0.84789045527,0.282170393758));
#2337 = CARTESIAN_POINT('',(0.847934992027,0.288870032871));
#2338 = CARTESIAN_POINT('',(0.848013311436,0.29556257443));
#2339 = CARTESIAN_POINT('',(0.848123398367,0.302248798935));
#2340 = CARTESIAN_POINT('',(0.84837473059,0.31423695825));
#2341 = CARTESIAN_POINT('',(0.848504920431,0.319540932256));
#2342 = CARTESIAN_POINT('',(0.848653132149,0.324841794776));
#2343 = CARTESIAN_POINT('',(0.848818560253,0.330139924376));
#2344 = CARTESIAN_POINT('',(0.849000473638,0.335435691756));
#2345 = CARTESIAN_POINT('',(0.849395676317,0.346016595325));
#2346 = CARTESIAN_POINT('',(0.849608923951,0.351301735262));
#2347 = CARTESIAN_POINT('',(0.849837277958,0.356585242561));
#2348 = CARTESIAN_POINT('',(0.850080122044,0.361867468568));
#2349 = CARTESIAN_POINT('',(0.850336887455,0.367148754327));
#2350 = CARTESIAN_POINT('',(0.850878230018,0.377729877901));
#2351 = CARTESIAN_POINT('',(0.851162904371,0.383029710461));
#2352 = CARTESIAN_POINT('',(0.851460547098,0.388329262539));
#2353 = CARTESIAN_POINT('',(0.85177066104,0.393628856305));
#2354 = CARTESIAN_POINT('',(0.85209278082,0.398928801819));
#2355 = CARTESIAN_POINT('',(0.852758916669,0.409510164946));
#2356 = CARTESIAN_POINT('',(0.853102844427,0.414791577219));
#2357 = CARTESIAN_POINT('',(0.853457826007,0.420073928388));
#2358 = CARTESIAN_POINT('',(0.853823453306,0.425357499822));
#2359 = CARTESIAN_POINT('',(0.854199340231,0.430642559727));
#2360 = CARTESIAN_POINT('',(0.854709827151,0.437638326041));
#2361 = CARTESIAN_POINT('',(0.854835565361,0.439347471056));
#2362 = CARTESIAN_POINT('',(0.854962325303,0.441056806871));
#2363 = CARTESIAN_POINT('',(0.855090094915,0.442766341959));
#2364 = CARTESIAN_POINT('',(0.855218862098,0.444476084579));
#2365 = CARTESIAN_POINT('',(0.855348614718,0.446186042779));
#2366 = ( GEOMETRIC_REPRESENTATION_CONTEXT(2) 
PARAMETRIC_REPRESENTATION_CONTEXT() REPRESENTATION_CONTEXT('2D SPACE',''
  ) );
#2367 = ADVANCED_FACE('',(#2368),#1089,.F.);
#2368 = FACE_BOUND('',#2369,.F.);
#2369 = EDGE_LOOP('',(#2370,#2393,#2394,#2395));
#2370 = ORIENTED_EDGE('',*,*,#2371,.F.);
#2371 = EDGE_CURVE('',#804,#2372,#2374,.T.);
#2372 = VERTEX_POINT('',#2373);
#2373 = CARTESIAN_POINT('',(-30.,-20.76626478575,-19.));
#2374 = SURFACE_CURVE('',#2375,(#2379,#2386),.PCURVE_S1.);
#2375 = LINE('',#2376,#2377);
#2376 = CARTESIAN_POINT('',(-30.,-142.,-19.));
#2377 = VECTOR('',#2378,1.);
#2378 = DIRECTION('',(0.,1.,0.));
#2379 = PCURVE('',#1089,#2380);
#2380 = DEFINITIONAL_REPRESENTATION('',(#2381),#2385);
#2381 = LINE('',#2382,#2383);
#2382 = CARTESIAN_POINT('',(0.,0.));
#2383 = VECTOR('',#2384,1.);
#2384 = DIRECTION('',(0.,1.));
#2385 = ( GEOMETRIC_REPRESENTATION_CONTEXT(2) 
PARAMETRIC_REPRESENTATION_CONTEXT() REPRESENTATION_CONTEXT('2D SPACE',''
  ) );
#2386 = PCURVE('',#907,#2387);
#2387 = DEFINITIONAL_REPRESENTATION('',(#2388),#2392);
#2388 = LINE('',#2389,#2390);
#2389 = CARTESIAN_POINT('',(102.,0.));
#2390 = VECTOR('',#2391,1.);
#2391 = DIRECTION('',(0.,-1.));
#2392 = ( GEOMETRIC_REPRESENTATION_CONTEXT(2) 
PARAMETRIC_REPRESENTATION_CONTEXT() REPRESENTATION_CONTEXT('2D SPACE',''
  ) );
#2393 = ORIENTED_EDGE('',*,*,#963,.F.);
#2394 = ORIENTED_EDGE('',*,*,#2190,.T.);
#2395 = ORIENTED_EDGE('',*,*,#2396,.T.);
#2396 = EDGE_CURVE('',#2191,#2372,#2397,.T.);
#2397 = SURFACE_CURVE('',#2398,(#2449,#2503),.PCURVE_S1.);
#2398 = B_SPLINE_CURVE_WITH_KNOTS('',5,(#2399,#2400,#2401,#2402,#2403,
    #2404,#2405,#2406,#2407,#2408,#2409,#2410,#2411,#2412,#2413,#2414,
    #2415,#2416,#2417,#2418,#2419,#2420,#2421,#2422,#2423,#2424,#2425,
    #2426,#2427,#2428,#2429,#2430,#2431,#2432,#2433,#2434,#2435,#2436,
    #2437,#2438,#2439,#2440,#2441,#2442,#2443,#2444,#2445,#2446,#2447,
    #2448),.UNSPECIFIED.,.F.,.F.,(6,4,4,4,4,4,4,4,4,4,4,4,6),(0.,
    5.8351734014E-02,0.118306105142,0.210323881335,0.305148403767,
    0.40204842719,0.5000014985,0.59820289797,0.695098870079,
    0.789916774735,0.881696641912,0.941872635699,1.),.UNSPECIFIED.);
#2399 = CARTESIAN_POINT('',(30.,-20.76626478584,-19.));
#2400 = CARTESIAN_POINT('',(29.339291987702,-21.04394037914,-19.));
#2401 = CARTESIAN_POINT('',(28.674196911501,-21.31117432516,-19.));
#2402 = CARTESIAN_POINT('',(28.005108033531,-21.56829616047,-19.));
#2403 = CARTESIAN_POINT('',(27.332365262739,-21.81559616039,-19.));
#2404 = CARTESIAN_POINT('',(25.96158519318,-22.29760825554,-19.));
#2405 = CARTESIAN_POINT('',(25.263362780496,-22.53178731734,-19.));
#2406 = CARTESIAN_POINT('',(24.561909465132,-22.7561593487,-19.));
#2407 = CARTESIAN_POINT('',(23.857502276399,-22.97097362188,-19.));
#2408 = CARTESIAN_POINT('',(22.065095233438,-23.49182410313,-19.));
#2409 = CARTESIAN_POINT('',(20.973423764107,-23.78520521276,-19.));
#2410 = CARTESIAN_POINT('',(19.876231301961,-24.05740571219,-19.));
#2411 = CARTESIAN_POINT('',(18.774244423741,-24.30907489497,-19.));
#2412 = CARTESIAN_POINT('',(16.528147062042,-24.77950477789,-19.));
#2413 = CARTESIAN_POINT('',(15.383785234502,-24.99702575264,-19.));
#2414 = CARTESIAN_POINT('',(14.23564476667,-25.1939116844,-19.));
#2415 = CARTESIAN_POINT('',(13.084305463469,-25.37062318963,-19.));
#2416 = CARTESIAN_POINT('',(10.750973811387,-25.68785977444,-19.));
#2417 = CARTESIAN_POINT('',(9.568868051631,-25.82750730887,-19.));
#2418 = CARTESIAN_POINT('',(8.384490003427,-25.94685398135,-19.));
#2419 = CARTESIAN_POINT('',(7.198332151963,-26.04617556956,-19.));
#2420 = CARTESIAN_POINT('',(4.81045048204,-26.20600114338,-19.));
#2421 = CARTESIAN_POINT('',(3.608702268216,-26.26607154356,-19.));
#2422 = CARTESIAN_POINT('',(2.4060641956,-26.30605591362,-19.));
#2423 = CARTESIAN_POINT('',(1.20298718509,-26.32604792805,-19.));
#2424 = CARTESIAN_POINT('',(-1.206221214918,-26.32604547917,-19.));
#2425 = CARTESIAN_POINT('',(-2.412348172041,-26.30594951225,-19.));
#2426 = CARTESIAN_POINT('',(-3.618032824969,-26.26575969384,-19.));
#2427 = CARTESIAN_POINT('',(-4.822820772845,-26.20538138618,-19.));
#2428 = CARTESIAN_POINT('',(-7.213668223268,-26.04494099454,-19.));
#2429 = CARTESIAN_POINT('',(-8.399759189492,-25.94541711954,-19.));
#2430 = CARTESIAN_POINT('',(-9.584066828232,-25.82586792261,-19.));
#2431 = CARTESIAN_POINT('',(-10.76609849059,-25.68601715091,-19.));
#2432 = CARTESIAN_POINT('',(-13.0992434505,-25.36838040325,-19.));
#2433 = CARTESIAN_POINT('',(-14.25047047276,-25.19147313504,-19.));
#2434 = CARTESIAN_POINT('',(-15.3984948438,-24.99439091325,-19.));
#2435 = CARTESIAN_POINT('',(-16.54273646887,-24.7766726455,-19.));
#2436 = CARTESIAN_POINT('',(-18.78580541972,-24.30643434468,-19.));
#2437 = CARTESIAN_POINT('',(-19.88490546841,-24.05525457241,-19.));
#2438 = CARTESIAN_POINT('',(-20.97923207914,-23.78364610414,-19.));
#2439 = CARTESIAN_POINT('',(-22.06806395114,-23.49096426173,-19.));
#2440 = CARTESIAN_POINT('',(-23.86027764933,-22.97016526188,-19.));
#2441 = CARTESIAN_POINT('',(-24.56727808487,-22.75452054735,-19.));
#2442 = CARTESIAN_POINT('',(-25.27130184591,-22.52924641334,-19.));
#2443 = CARTESIAN_POINT('',(-25.97206867775,-22.29409071734,-19.));
#2444 = CARTESIAN_POINT('',(-27.34271204805,-21.81179168779,-19.));
#2445 = CARTESIAN_POINT('',(-28.01282603109,-21.56532971634,-19.));
#2446 = CARTESIAN_POINT('',(-28.67931157867,-21.30911907605,-19.));
#2447 = CARTESIAN_POINT('',(-29.3418324912,-21.04287268023,-19.));
#2448 = CARTESIAN_POINT('',(-30.,-20.76626478575,-19.));
#2449 = PCURVE('',#1089,#2450);
#2450 = DEFINITIONAL_REPRESENTATION('',(#2451),#2502);
#2451 = B_SPLINE_CURVE_WITH_KNOTS('',5,(#2452,#2453,#2454,#2455,#2456,
    #2457,#2458,#2459,#2460,#2461,#2462,#2463,#2464,#2465,#2466,#2467,
    #2468,#2469,#2470,#2471,#2472,#2473,#2474,#2475,#2476,#2477,#2478,
    #2479,#2480,#2481,#2482,#2483,#2484,#2485,#2486,#2487,#2488,#2489,
    #2490,#2491,#2492,#2493,#2494,#2495,#2496,#2497,#2498,#2499,#2500,
    #2501),.UNSPECIFIED.,.F.,.F.,(6,4,4,4,4,4,4,4,4,4,4,4,6),(0.,
    5.8351734014E-02,0.118306105142,0.210323881335,0.305148403767,
    0.40204842719,0.5000014985,0.59820289797,0.695098870079,
    0.789916774735,0.881696641912,0.941872635699,1.),.UNSPECIFIED.);
#2452 = CARTESIAN_POINT('',(60.,121.23373521415));
#2453 = CARTESIAN_POINT('',(59.339291987702,120.95605962085));
#2454 = CARTESIAN_POINT('',(58.674196911501,120.68882567483));
#2455 = CARTESIAN_POINT('',(58.005108033531,120.43170383952));
#2456 = CARTESIAN_POINT('',(57.332365262739,120.1844038396));
#2457 = CARTESIAN_POINT('',(55.96158519318,119.70239174445));
#2458 = CARTESIAN_POINT('',(55.263362780496,119.46821268265));
#2459 = CARTESIAN_POINT('',(54.561909465132,119.24384065129));
#2460 = CARTESIAN_POINT('',(53.857502276399,119.02902637811));
#2461 = CARTESIAN_POINT('',(52.065095233438,118.50817589686));
#2462 = CARTESIAN_POINT('',(50.973423764107,118.21479478723));
#2463 = CARTESIAN_POINT('',(49.876231301961,117.9425942878));
#2464 = CARTESIAN_POINT('',(48.774244423741,117.69092510502));
#2465 = CARTESIAN_POINT('',(46.528147062042,117.2204952221));
#2466 = CARTESIAN_POINT('',(45.383785234502,117.00297424735));
#2467 = CARTESIAN_POINT('',(44.23564476667,116.80608831559));
#2468 = CARTESIAN_POINT('',(43.084305463469,116.62937681037));
#2469 = CARTESIAN_POINT('',(40.750973811387,116.31214022555));
#2470 = CARTESIAN_POINT('',(39.568868051631,116.17249269112));
#2471 = CARTESIAN_POINT('',(38.384490003427,116.05314601865));
#2472 = CARTESIAN_POINT('',(37.198332151963,115.95382443043));
#2473 = CARTESIAN_POINT('',(34.81045048204,115.79399885661));
#2474 = CARTESIAN_POINT('',(33.608702268216,115.73392845643));
#2475 = CARTESIAN_POINT('',(32.4060641956,115.69394408637));
#2476 = CARTESIAN_POINT('',(31.20298718509,115.67395207195));
#2477 = CARTESIAN_POINT('',(28.793778785082,115.67395452082));
#2478 = CARTESIAN_POINT('',(27.587651827959,115.69405048774));
#2479 = CARTESIAN_POINT('',(26.381967175031,115.73424030615));
#2480 = CARTESIAN_POINT('',(25.177179227155,115.79461861382));
#2481 = CARTESIAN_POINT('',(22.786331776732,115.95505900545));
#2482 = CARTESIAN_POINT('',(21.600240810508,116.05458288045));
#2483 = CARTESIAN_POINT('',(20.415933171768,116.17413207738));
#2484 = CARTESIAN_POINT('',(19.233901509402,116.31398284908));
#2485 = CARTESIAN_POINT('',(16.900756549499,116.63161959674));
#2486 = CARTESIAN_POINT('',(15.749529527232,116.80852686496));
#2487 = CARTESIAN_POINT('',(14.601505156191,117.00560908674));
#2488 = CARTESIAN_POINT('',(13.457263531126,117.2233273545));
#2489 = CARTESIAN_POINT('',(11.214194580274,117.69356565532));
#2490 = CARTESIAN_POINT('',(10.115094531581,117.94474542758));
#2491 = CARTESIAN_POINT('',(9.020767920859,118.21635389585));
#2492 = CARTESIAN_POINT('',(7.93193604886,118.50903573826));
#2493 = CARTESIAN_POINT('',(6.139722350669,119.02983473811));
#2494 = CARTESIAN_POINT('',(5.43272191513,119.24547945264));
#2495 = CARTESIAN_POINT('',(4.728698154087,119.47075358665));
#2496 = CARTESIAN_POINT('',(4.027931322249,119.70590928265));
#2497 = CARTESIAN_POINT('',(2.657287951946,120.1882083122));
#2498 = CARTESIAN_POINT('',(1.987173968905,120.43467028365));
#2499 = CARTESIAN_POINT('',(1.320688421327,120.69088092394));
#2500 = CARTESIAN_POINT('',(0.658167508792,120.95712731976));
#2501 = CARTESIAN_POINT('',(0.,121.23373521424));
#2502 = ( GEOMETRIC_REPRESENTATION_CONTEXT(2) 
PARAMETRIC_REPRESENTATION_CONTEXT() REPRESENTATION_CONTEXT('2D SPACE',''
  ) );
#2503 = PCURVE('',#1398,#2504);
#2504 = DEFINITIONAL_REPRESENTATION('',(#2505),#2556);
#2505 = B_SPLINE_CURVE_WITH_KNOTS('',5,(#2506,#2507,#2508,#2509,#2510,
    #2511,#2512,#2513,#2514,#2515,#2516,#2517,#2518,#2519,#2520,#2521,
    #2522,#2523,#2524,#2525,#2526,#2527,#2528,#2529,#2530,#2531,#2532,
    #2533,#2534,#2535,#2536,#2537,#2538,#2539,#2540,#2541,#2542,#2543,
    #2544,#2545,#2546,#2547,#2548,#2549,#2550,#2551,#2552,#2553,#2554,
    #2555),.UNSPECIFIED.,.F.,.F.,(6,4,4,4,4,4,4,4,4,4,4,4,6),(0.,
    5.8351734014E-02,0.118306105142,0.210323881335,0.305148403767,
    0.40204842719,0.5000014985,0.59820289797,0.695098870079,
    0.789916774735,0.881696641912,0.941872635699,1.),.UNSPECIFIED.);
#2506 = CARTESIAN_POINT('',(0.855348614517,0.446186042693));
#2507 = CARTESIAN_POINT('',(0.852617411714,0.446186042693));
#2508 = CARTESIAN_POINT('',(0.849913723382,0.446186042693));
#2509 = CARTESIAN_POINT('',(0.847235663179,0.446186042693));
#2510 = CARTESIAN_POINT('',(0.844581549432,0.446186042693));
#2511 = CARTESIAN_POINT('',(0.83924579023,0.446186042693));
#2512 = CARTESIAN_POINT('',(0.836565398835,0.446186042693));
#2513 = CARTESIAN_POINT('',(0.833906935839,0.446186042693));
#2514 = CARTESIAN_POINT('',(0.831268877434,0.446186042693));
#2515 = CARTESIAN_POINT('',(0.824630034124,0.446186042693));
#2516 = CARTESIAN_POINT('',(0.820654996116,0.446186042693));
#2517 = CARTESIAN_POINT('',(0.81671950427,0.446186042693));
#2518 = CARTESIAN_POINT('',(0.812819137768,0.446186042693));
#2519 = CARTESIAN_POINT('',(0.804962379436,0.446186042693));
#2520 = CARTESIAN_POINT('',(0.801007936878,0.446186042693));
#2521 = CARTESIAN_POINT('',(0.797081954,0.446186042693));
#2522 = CARTESIAN_POINT('',(0.793180477637,0.446186042693));
#2523 = CARTESIAN_POINT('',(0.785334075998,0.446186042693));
#2524 = CARTESIAN_POINT('',(0.781390089102,0.446186042693));
#2525 = CARTESIAN_POINT('',(0.777463787795,0.446186042693));
#2526 = CARTESIAN_POINT('',(0.773551522873,0.446186042693));
#2527 = CARTESIAN_POINT('',(0.765705522011,0.446186042693));
#2528 = CARTESIAN_POINT('',(0.76177201852,0.446186042693));
#2529 = CARTESIAN_POINT('',(0.757845578356,0.446186042693));
#2530 = CARTESIAN_POINT('',(0.753922636966,0.446186042693));
#2531 = CARTESIAN_POINT('',(0.746066817703,0.446186042693));
#2532 = CARTESIAN_POINT('',(0.7421339306,0.446186042693));
#2533 = CARTESIAN_POINT('',(0.738197517832,0.446186042693));
#2534 = CARTESIAN_POINT('',(0.734253987439,0.446186042693));
#2535 = CARTESIAN_POINT('',(0.726397931394,0.446186042693));
#2536 = CARTESIAN_POINT('',(0.722485694092,0.446186042693));
#2537 = CARTESIAN_POINT('',(0.718559393409,0.446186042693));
#2538 = CARTESIAN_POINT('',(0.714615379545,0.446186042693));
#2539 = CARTESIAN_POINT('',(0.706768976482,0.446186042693));
#2540 = CARTESIAN_POINT('',(0.702867528055,0.446186042693));
#2541 = CARTESIAN_POINT('',(0.698941546186,0.446186042693));
#2542 = CARTESIAN_POINT('',(0.694987076749,0.446186042693));
#2543 = CARTESIAN_POINT('',(0.687139942491,0.446186042693));
#2544 = CARTESIAN_POINT('',(0.68324938446,0.446186042693));
#2545 = CARTESIAN_POINT('',(0.679323859227,0.446186042693));
#2546 = CARTESIAN_POINT('',(0.675358978245,0.446186042693));
#2547 = CARTESIAN_POINT('',(0.668720837573,0.446186042693));
#2548 = CARTESIAN_POINT('',(0.666072953475,0.446186042693));
#2549 = CARTESIAN_POINT('',(0.663404508084,0.446186042693));
#2550 = CARTESIAN_POINT('',(0.66071396029,0.446186042693));
#2551 = CARTESIAN_POINT('',(0.655377626854,0.446186042693));
#2552 = CARTESIAN_POINT('',(0.652733443184,0.446186042693));
#2553 = CARTESIAN_POINT('',(0.650065484376,0.446186042693));
#2554 = CARTESIAN_POINT('',(0.647372086374,0.446186042693));
#2555 = CARTESIAN_POINT('',(0.644651385383,0.446186042693));
#2556 = ( GEOMETRIC_REPRESENTATION_CONTEXT(2) 
PARAMETRIC_REPRESENTATION_CONTEXT() REPRESENTATION_CONTEXT('2D SPACE',''
  ) );
#2557 = ADVANCED_FACE('',(#2558),#907,.T.);
#2558 = FACE_BOUND('',#2559,.T.);
#2559 = EDGE_LOOP('',(#2560,#2561,#2562,#2563));
#2560 = ORIENTED_EDGE('',*,*,#2371,.F.);
#2561 = ORIENTED_EDGE('',*,*,#803,.F.);
#2562 = ORIENTED_EDGE('',*,*,#1978,.T.);
#2563 = ORIENTED_EDGE('',*,*,#2564,.T.);
#2564 = EDGE_CURVE('',#1979,#2372,#2565,.T.);
#2565 = SURFACE_CURVE('',#2566,(#2614,#2665),.PCURVE_S1.);
#2566 = B_SPLINE_CURVE_WITH_KNOTS('',6,(#2567,#2568,#2569,#2570,#2571,
    #2572,#2573,#2574,#2575,#2576,#2577,#2578,#2579,#2580,#2581,#2582,
    #2583,#2584,#2585,#2586,#2587,#2588,#2589,#2590,#2591,#2592,#2593,
    #2594,#2595,#2596,#2597,#2598,#2599,#2600,#2601,#2602,#2603,#2604,
    #2605,#2606,#2607,#2608,#2609,#2610,#2611,#2612,#2613),
  .UNSPECIFIED.,.F.,.F.,(7,5,5,5,5,5,5,5,5,7),(0.,0.132698243075,
    0.266645256232,0.401749996676,0.536665492025,0.643849120558,
    0.750898407092,0.858348490498,0.965396648184,1.),.UNSPECIFIED.);
#2567 = CARTESIAN_POINT('',(-30.,-20.62430506202,-121.));
#2568 = CARTESIAN_POINT('',(-30.,-20.90938039799,-118.7590384454));
#2569 = CARTESIAN_POINT('',(-30.,-21.16774393739,-116.5146884253));
#2570 = CARTESIAN_POINT('',(-30.,-21.40131723029,-114.2675758547));
#2571 = CARTESIAN_POINT('',(-30.,-21.61176373681,-112.0182144956));
#2572 = CARTESIAN_POINT('',(-30.,-21.80058037886,-109.7670154113));
#2573 = CARTESIAN_POINT('',(-30.,-22.1392531318,-105.2403641304));
#2574 = CARTESIAN_POINT('',(-30.,-22.28872521514,-102.9648979011));
#2575 = CARTESIAN_POINT('',(-30.,-22.41893368747,-100.6882200019));
#2576 = CARTESIAN_POINT('',(-30.,-22.53113148861,-98.41060313892));
#2577 = CARTESIAN_POINT('',(-30.,-22.62645738957,-96.13226509897));
#2578 = CARTESIAN_POINT('',(-30.,-22.78615501353,-91.55477860129));
#2579 = CARTESIAN_POINT('',(-30.,-22.85025164106,-89.25562798528));
#2580 = CARTESIAN_POINT('',(-30.,-22.89932897038,-86.95609098991));
#2581 = CARTESIAN_POINT('',(-30.,-22.93437017767,-84.65630906826));
#2582 = CARTESIAN_POINT('',(-30.,-22.95627971056,-82.35639288848));
#2583 = CARTESIAN_POINT('',(-30.,-22.97550253376,-77.75967402948));
#2584 = CARTESIAN_POINT('',(-30.,-22.97285015207,-75.46287565395));
#2585 = CARTESIAN_POINT('',(-30.,-22.95877652745,-73.16610933489));
#2586 = CARTESIAN_POINT('',(-30.,-22.93405294928,-70.86943996777));
#2587 = CARTESIAN_POINT('',(-30.,-22.89939470719,-68.5729154672));
#2588 = CARTESIAN_POINT('',(-30.,-22.82057332312,-64.45223221493));
#2589 = CARTESIAN_POINT('',(-30.,-22.77982824091,-62.62800989364));
#2590 = CARTESIAN_POINT('',(-30.,-22.73356903671,-60.80391611005));
#2591 = CARTESIAN_POINT('',(-30.,-22.6821113307,-58.97996333371));
#2592 = CARTESIAN_POINT('',(-30.,-22.62575345362,-57.15616009449));
#2593 = CARTESIAN_POINT('',(-30.,-22.50387938043,-53.51114750803));
#2594 = CARTESIAN_POINT('',(-30.,-22.43837500541,-51.68993826789));
#2595 = CARTESIAN_POINT('',(-30.,-22.36854601934,-49.86888794492));
#2596 = CARTESIAN_POINT('',(-30.,-22.29465913239,-48.04799891849));
#2597 = CARTESIAN_POINT('',(-30.,-22.21696682482,-46.22727121906));
#2598 = CARTESIAN_POINT('',(-30.,-22.05414363039,-42.57931755419));
#2599 = CARTESIAN_POINT('',(-30.,-21.96898639924,-40.75209311803));
#2600 = CARTESIAN_POINT('',(-30.,-21.88047677692,-38.92502698798));
#2601 = CARTESIAN_POINT('',(-30.,-21.78884350048,-37.09811562663));
#2602 = CARTESIAN_POINT('',(-30.,-21.69430292066,-35.27135419086));
#2603 = CARTESIAN_POINT('',(-30.,-21.50017883185,-31.62495148381));
#2604 = CARTESIAN_POINT('',(-30.,-21.4006157739,-29.80530936812));
#2605 = CARTESIAN_POINT('',(-30.,-21.29857166713,-27.98580417875));
#2606 = CARTESIAN_POINT('',(-30.,-21.19423743859,-26.16642935104));
#2607 = CARTESIAN_POINT('',(-30.,-21.08779310337,-24.34717776167));
#2608 = CARTESIAN_POINT('',(-30.,-20.94437216841,-21.94000541393));
#2609 = CARTESIAN_POINT('',(-30.,-20.90913376537,-21.35198118354));
#2610 = CARTESIAN_POINT('',(-30.,-20.87369827562,-20.7639687839));
#2611 = CARTESIAN_POINT('',(-30.,-20.83807130589,-20.17596795917));
#2612 = CARTESIAN_POINT('',(-30.,-20.80225834937,-19.58797845129));
#2613 = CARTESIAN_POINT('',(-30.,-20.76626478575,-19.));
#2614 = PCURVE('',#907,#2615);
#2615 = DEFINITIONAL_REPRESENTATION('',(#2616),#2664);
#2616 = B_SPLINE_CURVE_WITH_KNOTS('',6,(#2617,#2618,#2619,#2620,#2621,
    #2622,#2623,#2624,#2625,#2626,#2627,#2628,#2629,#2630,#2631,#2632,
    #2633,#2634,#2635,#2636,#2637,#2638,#2639,#2640,#2641,#2642,#2643,
    #2644,#2645,#2646,#2647,#2648,#2649,#2650,#2651,#2652,#2653,#2654,
    #2655,#2656,#2657,#2658,#2659,#2660,#2661,#2662,#2663),
  .UNSPECIFIED.,.F.,.F.,(7,5,5,5,5,5,5,5,5,7),(0.,0.132698243075,
    0.266645256232,0.401749996676,0.536665492025,0.643849120558,
    0.750898407092,0.858348490498,0.965396648184,1.),.UNSPECIFIED.);
#2617 = CARTESIAN_POINT('',(0.,-121.3756949379));
#2618 = CARTESIAN_POINT('',(2.240961554572,-121.090619602));
#2619 = CARTESIAN_POINT('',(4.485311574627,-120.8322560626));
#2620 = CARTESIAN_POINT('',(6.732424145244,-120.5986827697));
#2621 = CARTESIAN_POINT('',(8.981785504382,-120.3882362631));
#2622 = CARTESIAN_POINT('',(11.232984588618,-120.1994196211));
#2623 = CARTESIAN_POINT('',(15.759635869586,-119.8607468681));
#2624 = CARTESIAN_POINT('',(18.035102098832,-119.7112747848));
#2625 = CARTESIAN_POINT('',(20.311779998056,-119.5810663125));
#2626 = CARTESIAN_POINT('',(22.589396861075,-119.4688685113));
#2627 = CARTESIAN_POINT('',(24.867734901022,-119.3735426104));
#2628 = CARTESIAN_POINT('',(29.445221398701,-119.2138449864));
#2629 = CARTESIAN_POINT('',(31.744372014715,-119.1497483589));
#2630 = CARTESIAN_POINT('',(34.043909010089,-119.1006710296));
#2631 = CARTESIAN_POINT('',(36.343690931732,-119.0656298223));
#2632 = CARTESIAN_POINT('',(38.643607111519,-119.0437202894));
#2633 = CARTESIAN_POINT('',(43.24032597052,-119.0244974662));
#2634 = CARTESIAN_POINT('',(45.53712434605,-119.0271498479));
#2635 = CARTESIAN_POINT('',(47.833890665107,-119.0412234725));
#2636 = CARTESIAN_POINT('',(50.130560032228,-119.0659470507));
#2637 = CARTESIAN_POINT('',(52.427084532799,-119.1006052928));
#2638 = CARTESIAN_POINT('',(56.547767785068,-119.1794266768));
#2639 = CARTESIAN_POINT('',(58.371990106354,-119.220171759));
#2640 = CARTESIAN_POINT('',(60.196083889942,-119.2664309632));
#2641 = CARTESIAN_POINT('',(62.02003666629,-119.3178886692));
#2642 = CARTESIAN_POINT('',(63.843839905505,-119.3742465463));
#2643 = CARTESIAN_POINT('',(67.488852491969,-119.4961206195));
#2644 = CARTESIAN_POINT('',(69.310061732104,-119.5616249945));
#2645 = CARTESIAN_POINT('',(71.131112055077,-119.6314539806));
#2646 = CARTESIAN_POINT('',(72.952001081504,-119.7053408676));
#2647 = CARTESIAN_POINT('',(74.772728780931,-119.7830331751));
#2648 = CARTESIAN_POINT('',(78.420682445805,-119.9458563696));
#2649 = CARTESIAN_POINT('',(80.247906881966,-120.0310136007));
#2650 = CARTESIAN_POINT('',(82.074973012017,-120.119523223));
#2651 = CARTESIAN_POINT('',(83.901884373366,-120.2111564995));
#2652 = CARTESIAN_POINT('',(85.728645809134,-120.3056970793));
#2653 = CARTESIAN_POINT('',(89.375048516186,-120.4998211681));
#2654 = CARTESIAN_POINT('',(91.194690631873,-120.599384226));
#2655 = CARTESIAN_POINT('',(93.014195821242,-120.7014283328));
#2656 = CARTESIAN_POINT('',(94.833570648958,-120.8057625614));
#2657 = CARTESIAN_POINT('',(96.652822238325,-120.9122068966));
#2658 = CARTESIAN_POINT('',(99.059994586067,-121.0556278315));
#2659 = CARTESIAN_POINT('',(99.648018816458,-121.0908662346));
#2660 = CARTESIAN_POINT('',(100.23603121609,-121.1263017243));
#2661 = CARTESIAN_POINT('',(100.82403204082,-121.1619286941));
#2662 = CARTESIAN_POINT('',(101.4120215487,-121.1977416506));
#2663 = CARTESIAN_POINT('',(102.,-121.2337352142));
#2664 = ( GEOMETRIC_REPRESENTATION_CONTEXT(2) 
PARAMETRIC_REPRESENTATION_CONTEXT() REPRESENTATION_CONTEXT('2D SPACE',''
  ) );
#2665 = PCURVE('',#1398,#2666);
#2666 = DEFINITIONAL_REPRESENTATION('',(#2667),#2715);
#2667 = B_SPLINE_CURVE_WITH_KNOTS('',6,(#2668,#2669,#2670,#2671,#2672,
    #2673,#2674,#2675,#2676,#2677,#2678,#2679,#2680,#2681,#2682,#2683,
    #2684,#2685,#2686,#2687,#2688,#2689,#2690,#2691,#2692,#2693,#2694,
    #2695,#2696,#2697,#2698,#2699,#2700,#2701,#2702,#2703,#2704,#2705,
    #2706,#2707,#2708,#2709,#2710,#2711,#2712,#2713,#2714),
  .UNSPECIFIED.,.F.,.F.,(7,5,5,5,5,5,5,5,5,7),(0.,0.132698243075,
    0.266645256232,0.401749996676,0.536665492025,0.643849120558,
    0.750898407092,0.858348490498,0.965396648184,1.),.UNSPECIFIED.);
#2668 = CARTESIAN_POINT('',(0.644137460956,0.14721532605));
#2669 = CARTESIAN_POINT('',(0.645173881889,0.154006246836));
#2670 = CARTESIAN_POINT('',(0.646091971449,0.1607829302));
#2671 = CARTESIAN_POINT('',(0.646906845002,0.167545144814));
#2672 = CARTESIAN_POINT('',(0.647629930041,0.17429292766));
#2673 = CARTESIAN_POINT('',(0.648270546869,0.181026545243));
#2674 = CARTESIAN_POINT('',(0.649407568177,0.194529663333));
#2675 = CARTESIAN_POINT('',(0.649902562388,0.201298860901));
#2676 = CARTESIAN_POINT('',(0.650329274115,0.208054551453));
#2677 = CARTESIAN_POINT('',(0.650694036765,0.214797296276));
#2678 = CARTESIAN_POINT('',(0.651002040718,0.221527743141));
#2679 = CARTESIAN_POINT('',(0.651515676132,0.23502357991));
#2680 = CARTESIAN_POINT('',(0.651720395885,0.241788746938));
#2681 = CARTESIAN_POINT('',(0.651876459252,0.248542867683));
#2682 = CARTESIAN_POINT('',(0.651987625885,0.255286701311));
#2683 = CARTESIAN_POINT('',(0.652057062426,0.26202102947));
#2684 = CARTESIAN_POINT('',(0.652117967889,0.275462871545));
#2685 = CARTESIAN_POINT('',(0.65210954469,0.282170397674));
#2686 = CARTESIAN_POINT('',(0.652065007899,0.288870038778));
#2687 = CARTESIAN_POINT('',(0.651986688437,0.295562582323));
#2688 = CARTESIAN_POINT('',(0.651876601435,0.302248808811));
#2689 = CARTESIAN_POINT('',(0.651625269091,0.314236970105));
#2690 = CARTESIAN_POINT('',(0.651495079216,0.319540944111));
#2691 = CARTESIAN_POINT('',(0.651346867465,0.324841806631));
#2692 = CARTESIAN_POINT('',(0.65118143933,0.330139936231));
#2693 = CARTESIAN_POINT('',(0.650999525914,0.335435703612));
#2694 = CARTESIAN_POINT('',(0.650604323176,0.34601660718));
#2695 = CARTESIAN_POINT('',(0.650391075513,0.351301747117));
#2696 = CARTESIAN_POINT('',(0.650162721478,0.356585254415));
#2697 = CARTESIAN_POINT('',(0.649919877366,0.361867480422));
#2698 = CARTESIAN_POINT('',(0.649663111929,0.367148766183));
#2699 = CARTESIAN_POINT('',(0.649121769316,0.377729889756));
#2700 = CARTESIAN_POINT('',(0.648837094938,0.383029722316));
#2701 = CARTESIAN_POINT('',(0.648539452188,0.388329274394));
#2702 = CARTESIAN_POINT('',(0.648229338223,0.39362886816));
#2703 = CARTESIAN_POINT('',(0.647907218421,0.398928813674));
#2704 = CARTESIAN_POINT('',(0.64724108253,0.409510176802));
#2705 = CARTESIAN_POINT('',(0.646897154751,0.414791589074));
#2706 = CARTESIAN_POINT('',(0.646542173152,0.420073940243));
#2707 = CARTESIAN_POINT('',(0.646176545833,0.425357511678));
#2708 = CARTESIAN_POINT('',(0.645800658889,0.430642571583));
#2709 = CARTESIAN_POINT('',(0.645290172089,0.437638335922));
#2710 = CARTESIAN_POINT('',(0.64516443402,0.439347478962));
#2711 = CARTESIAN_POINT('',(0.645037674222,0.441056812801));
#2712 = CARTESIAN_POINT('',(0.644909904755,0.442766345913));
#2713 = CARTESIAN_POINT('',(0.64478113772,0.444476086556));
#2714 = CARTESIAN_POINT('',(0.644651385251,0.446186042779));
#2715 = ( GEOMETRIC_REPRESENTATION_CONTEXT(2) 
PARAMETRIC_REPRESENTATION_CONTEXT() REPRESENTATION_CONTEXT('2D SPACE',''
  ) );
#2716 = ADVANCED_FACE('',(#2717,#2723),#1398,.F.);
#2717 = FACE_BOUND('',#2718,.F.);
#2718 = EDGE_LOOP('',(#2719,#2720,#2721,#2722));
#2719 = ORIENTED_EDGE('',*,*,#1360,.T.);
#2720 = ORIENTED_EDGE('',*,*,#1878,.T.);
#2721 = ORIENTED_EDGE('',*,*,#1929,.F.);
#2722 = ORIENTED_EDGE('',*,*,#1507,.F.);
#2723 = FACE_BOUND('',#2724,.F.);
#2724 = EDGE_LOOP('',(#2725,#2726,#2727,#2728));
#2725 = ORIENTED_EDGE('',*,*,#2025,.T.);
#2726 = ORIENTED_EDGE('',*,*,#2564,.T.);
#2727 = ORIENTED_EDGE('',*,*,#2396,.F.);
#2728 = ORIENTED_EDGE('',*,*,#2215,.F.);
#2729 = ( GEOMETRIC_REPRESENTATION_CONTEXT(3) 
GLOBAL_UNCERTAINTY_ASSIGNED_CONTEXT((#2733)) 
GLOBAL_UNIT_ASSIGNED_CONTEXT((#2730,#2731,#2732)) REPRESENTATION_CONTEXT
('Context #1','3D Context with UNIT and UNCERTAINTY') );
#2730 = ( LENGTH_UNIT() NAMED_UNIT(*) SI_UNIT(.MILLI.,.METRE.) );
#2731 = ( NAMED_UNIT(*) PLANE_ANGLE_UNIT() SI_UNIT($,.RADIAN.) );
#2732 = ( NAMED_UNIT(*) SI_UNIT($,.STERADIAN.) SOLID_ANGLE_UNIT() );
#2733 = UNCERTAINTY_MEASURE_WITH_UNIT(LENGTH_MEASURE(2.E-06),#2730,
  'distance_accuracy_value','confusion accuracy');
#2734 = PRODUCT_RELATED_PRODUCT_CATEGORY('part',$,(#7));
ENDSEC;
END-ISO-10303-21;
