ISO-10303-21;
HEADER;
FILE_DESCRIPTION(('Open CASCADE Model'),'2;1');
FILE_NAME('Open CASCADE Shape Model','2026-09-05T04:29:47',('Author'),(
    'Open CASCADE'),'Open CASCADE STEP processor 7.8','Open CASCADE 7.8'
  ,'Unknown');
FILE_SCHEMA(('AUTOMOTIVE_DESIGN { 1 0 10303 214 1 1 1 1 }'));
ENDSEC;
DATA;
#1 = APPLICATION_PROTOCOL_DEFINITION('international standard',
  'automotive_design',2000,#2);
#2 = APPLICATION_CONTEXT(
  'core data for automotive mechanical design processes');
#3 = SHAPE_DEFINITION_REPRESENTATION(#4,#10);
#4 = PRODUCT_DEFINITION_SHAPE('','',#5);
#5 = PRODUCT_DEFINITION('design','',#6,#9);
#6 = PRODUCT_DEFINITION_FORMATION('','',#7);
#7 = PRODUCT('Open CASCADE STEP translator 7.8 57',
  'Open CASCADE STEP translator 7.8 57','',(#8));
#8 = PRODUCT_CONTEXT('',#2,'mechanical');
#9 = PRODUCT_DEFINITION_CONTEXT('part definition',#2,'design');
#10 = ADVANCED_BREP_SHAPE_REPRESENTATION('',(#11,#15),#1675);
#11 = AXIS2_PLACEMENT_3D('',#12,#13,#14);
#12 = CARTESIAN_POINT('',(0.,0.,0.));
#13 = DIRECTION('',(0.,0.,1.));
#14 = DIRECTION('',(1.,0.,-0.));
#15 = MANIFOLD_SOLID_BREP('',#16);
#16 = CLOSED_SHELL('',(#17,#802,#1081,#1295,#1476,#1668));
#17 = ADVANCED_FACE('',(#18),#76,.T.);
#18 = FACE_BOUND('',#19,.T.);
#19 = EDGE_LOOP('',(#20,#258,#451,#611));
#20 = ORIENTED_EDGE('',*,*,#21,.F.);
#21 = EDGE_CURVE('',#22,#24,#26,.T.);
#22 = VERTEX_POINT('',#23);
#23 = CARTESIAN_POINT('',(-29.,-24.28501648162,-120.));
#24 = VERTEX_POINT('',#25);
#25 = CARTESIAN_POINT('',(-29.,-24.36059524756,-20.));
#26 = SURFACE_CURVE('',#27,(#75,#202),.PCURVE_S1.);
#27 = B_SPLINE_CURVE_WITH_KNOTS('',6,(#28,#29,#30,#31,#32,#33,#34,#35,
    #36,#37,#38,#39,#40,#41,#42,#43,#44,#45,#46,#47,#48,#49,#50,#51,#52,
    #53,#54,#55,#56,#57,#58,#59,#60,#61,#62,#63,#64,#65,#66,#67,#68,#69,
    #70,#71,#72,#73,#74),.UNSPECIFIED.,.F.,.F.,(7,5,5,5,5,5,5,5,5,7),(0.
    ,0.137288984631,0.275735044801,0.415373158553,0.555519169874,
    0.661116921001,0.766542997965,0.872013929306,0.977414481286,1.),
  .UNSPECIFIED.);
#28 = CARTESIAN_POINT('',(-29.,-24.28501648162,-120.));
#29 = CARTESIAN_POINT('',(-29.,-24.55566216931,-117.725020723));
#30 = CARTESIAN_POINT('',(-29.,-24.80051700482,-115.4469811395));
#31 = CARTESIAN_POINT('',(-29.,-25.02134818533,-113.1664433897));
#32 = CARTESIAN_POINT('',(-29.,-25.21971924764,-110.8838734543));
#33 = CARTESIAN_POINT('',(-29.,-25.39705140655,-108.5996470246));
#34 = CARTESIAN_POINT('',(-29.,-25.71356533552,-104.0091927064));
#35 = CARTESIAN_POINT('',(-29.,-25.85241242012,-101.7029540702));
#36 = CARTESIAN_POINT('',(-29.,-25.97251723567,-99.39563720347));
#37 = CARTESIAN_POINT('',(-29.,-26.07508856388,-97.08749259843));
#38 = CARTESIAN_POINT('',(-29.,-26.1612330737,-94.77872061475));
#39 = CARTESIAN_POINT('',(-29.,-26.30332831344,-90.1403413439));
#40 = CARTESIAN_POINT('',(-29.,-26.35901236628,-87.81073254892));
#41 = CARTESIAN_POINT('',(-29.,-26.40007878113,-85.48080465811));
#42 = CARTESIAN_POINT('',(-29.,-26.4274920913,-83.1506872218));
#43 = CARTESIAN_POINT('',(-29.,-26.44214323552,-80.82048107734));
#44 = CARTESIAN_POINT('',(-29.,-26.44759048594,-76.15156046327));
#45 = CARTESIAN_POINT('',(-29.,-26.43829958269,-73.81284978995));
#46 = CARTESIAN_POINT('',(-29.,-26.41782723627,-71.47420141066));
#47 = CARTESIAN_POINT('',(-29.,-26.38694886758,-69.13567402931));
#48 = CARTESIAN_POINT('',(-29.,-26.34638506726,-66.79731011205));
#49 = CARTESIAN_POINT('',(-29.,-26.2594548916,-62.69735932712));
#50 = CARTESIAN_POINT('',(-29.,-26.2169840122,-60.93569154482));
#51 = CARTESIAN_POINT('',(-29.,-26.16968473368,-59.17414442866));
#52 = CARTESIAN_POINT('',(-29.,-26.11782979677,-57.41272691208));
#53 = CARTESIAN_POINT('',(-29.,-26.06167795296,-55.6514448662));
#54 = CARTESIAN_POINT('',(-29.,-25.94137038532,-52.13202042024));
#55 = CARTESIAN_POINT('',(-29.,-25.8772280102,-50.37387794702));
#56 = CARTESIAN_POINT('',(-29.,-25.80929235617,-48.61587654986));
#57 = CARTESIAN_POINT('',(-29.,-25.73779594301,-46.85801728979));
#58 = CARTESIAN_POINT('',(-29.,-25.66295956091,-45.10029938426));
#59 = CARTESIAN_POINT('',(-29.,-25.50699180842,-41.58439325389));
#60 = CARTESIAN_POINT('',(-29.,-25.42585807993,-39.82620540604));
#61 = CARTESIAN_POINT('',(-29.,-25.34180054743,-38.06815411712));
#62 = CARTESIAN_POINT('',(-29.,-25.25501843136,-36.31023582378));
#63 = CARTESIAN_POINT('',(-29.,-25.16570071026,-34.5524459459));
#64 = CARTESIAN_POINT('',(-29.,-24.98241270453,-31.0382846952));
#65 = CARTESIAN_POINT('',(-29.,-24.88844576255,-29.28191333898));
#66 = CARTESIAN_POINT('',(-29.,-24.79230378545,-27.52565928661));
#67 = CARTESIAN_POINT('',(-29.,-24.69415601941,-25.76951657019));
#68 = CARTESIAN_POINT('',(-29.,-24.59416246614,-24.01347878516));
#69 = CARTESIAN_POINT('',(-29.,-24.47068377502,-21.88127152731));
#70 = CARTESIAN_POINT('',(-29.,-24.44881583957,-21.50500847166));
#71 = CARTESIAN_POINT('',(-29.,-24.42687156188,-21.12874985753));
#72 = CARTESIAN_POINT('',(-29.,-24.40485240854,-20.75249561867));
#73 = CARTESIAN_POINT('',(-29.,-24.38275982739,-20.37624568848));
#74 = CARTESIAN_POINT('',(-29.,-24.36059524756,-20.));
#75 = PCURVE('',#76,#152);
#76 = ( BOUNDED_SURFACE() B_SPLINE_SURFACE(14,4,(
    (#77,#78,#79,#80,#81)
    ,(#82,#83,#84,#85,#86)
    ,(#87,#88,#89,#90,#91)
    ,(#92,#93,#94,#95,#96)
    ,(#97,#98,#99,#100,#101)
    ,(#102,#103,#104,#105,#106)
    ,(#107,#108,#109,#110,#111)
    ,(#112,#113,#114,#115,#116)
    ,(#117,#118,#119,#120,#121)
    ,(#122,#123,#124,#125,#126)
    ,(#127,#128,#129,#130,#131)
    ,(#132,#133,#134,#135,#136)
    ,(#137,#138,#139,#140,#141)
    ,(#142,#143,#144,#145,#146)
    ,(#147,#148,#149,#150,#151
)),.UNSPECIFIED.,.T.,.F.,.F.) B_SPLINE_SURFACE_WITH_KNOTS((15,15),(5,5),
  (0.,1.),(0.,1.),.PIECEWISE_BEZIER_KNOTS.) 
GEOMETRIC_REPRESENTATION_ITEM() RATIONAL_B_SPLINE_SURFACE((
    (1.,1.,1.,1.,1.)
    ,(1.,1.,1.,1.,1.)
    ,(1.,1.,1.,1.,1.)
    ,(1.,1.,1.,1.,1.)
    ,(1.,1.,1.,1.,1.)
    ,(1.,1.,1.,1.,1.)
    ,(1.,1.,1.,1.,1.)
    ,(1.,1.,1.,1.,1.)
    ,(1.,1.,1.,1.,1.)
    ,(1.,1.,1.,1.,1.)
    ,(1.,1.,1.,1.,1.)
    ,(1.,1.,1.,1.,1.)
    ,(1.,1.,1.,1.,1.)
    ,(1.,1.,1.,1.,1.)
,(1.,1.,1.,1.,1.))) REPRESENTATION_ITEM('') SURFACE() );
#77 = CARTESIAN_POINT('',(34.45,2.611909748675E-15,-167.5));
#78 = CARTESIAN_POINT('',(80.811512525975,-4.317516317584E-14,
    -92.97490043913));
#79 = CARTESIAN_POINT('',(34.933717865004,3.31518592095E-14,
    6.068437044333));
#80 = CARTESIAN_POINT('',(51.303522983997,4.689793292343E-14,
    81.722421637412));
#81 = CARTESIAN_POINT('',(29.68,-1.877771356682E-14,167.5));
#82 = CARTESIAN_POINT('',(34.450000000008,8.751579535006,-167.5));
#83 = CARTESIAN_POINT('',(80.811512525982,20.529125666622,
    -92.97490043913));
#84 = CARTESIAN_POINT('',(34.933717864991,8.874461838878,6.068437044333)
  );
#85 = CARTESIAN_POINT('',(51.303522984021,13.033000343112,
    81.722421637412));
#86 = CARTESIAN_POINT('',(29.680000000001,7.539822368622,167.5));
#87 = CARTESIAN_POINT('',(26.977300256647,17.503162300406,-167.5));
#88 = CARTESIAN_POINT('',(63.282334908823,41.058258910998,
    -92.97490043913));
#89 = CARTESIAN_POINT('',(27.356092770059,17.74892695345,6.068437044333)
  );
#90 = CARTESIAN_POINT('',(40.175052068538,26.066005497033,
    81.722421637412));
#91 = CARTESIAN_POINT('',(23.241981759598,15.079647520345,167.5));
#92 = CARTESIAN_POINT('',(12.031891216971,24.03997725818,-167.5));
#93 = CARTESIAN_POINT('',(28.223957265184,56.392073245933,
    -92.97490043913));
#94 = CARTESIAN_POINT('',(12.200832892512,24.377526357687,6.068437044333
    ));
#95 = CARTESIAN_POINT('',(17.918096011507,35.800740951993,
    81.722421637412));
#96 = CARTESIAN_POINT('',(10.365937048397,20.711365022448,167.5));
#97 = CARTESIAN_POINT('',(-8.151235677837,26.147503118601,-167.5));
#98 = CARTESIAN_POINT('',(-19.12086165657,61.335828034663,
    -92.97490043913));
#99 = CARTESIAN_POINT('',(-8.265688458715,26.514644319636,6.068437044333
    ));
#100 = CARTESIAN_POINT('',(-12.13895811197,38.939304128506,
    81.722421637412));
#101 = CARTESIAN_POINT('',(-7.022603045377,22.527079609838,167.5));
#102 = CARTESIAN_POINT('',(-29.10252150075,22.405048789708,-167.5));
#103 = CARTESIAN_POINT('',(-68.26759886263,52.556919620062,
    -92.97490043913));
#104 = CARTESIAN_POINT('',(-29.5111545804,22.719641601863,6.068437044333
    ));
#105 = CARTESIAN_POINT('',(-43.33996750905,33.365977809214,
    81.722421637412));
#106 = CARTESIAN_POINT('',(-25.07294160088,19.302811265036,167.5));
#107 = CARTESIAN_POINT('',(-45.09648662231,12.984762282643,-167.5));
#108 = CARTESIAN_POINT('',(-105.7856398701,30.459166323786,
    -92.97490043913));
#109 = CARTESIAN_POINT('',(-45.7296934785,13.167083370379,6.068437044333
    ));
#110 = CARTESIAN_POINT('',(-67.15845102905,19.337127727921,
    81.722421637412));
#111 = CARTESIAN_POINT('',(-38.85235770507,11.186872120352,167.5));
#112 = CARTESIAN_POINT('',(-51.11789534037,2.685960720372E-10,-167.5));
#113 = CARTESIAN_POINT('',(-119.9104336614,5.418922781325E-10,
    -92.97490043913));
#114 = CARTESIAN_POINT('',(-51.83564974469,7.710436833335E-10,
    6.068437044333));
#115 = CARTESIAN_POINT('',(-76.12563478843,-1.713602150617E-10,
    81.722421637412));
#116 = CARTESIAN_POINT('',(-44.04003290895,3.219910752235E-10,167.5));
#117 = CARTESIAN_POINT('',(-45.09648662231,-12.98476228313,-167.5));
#118 = CARTESIAN_POINT('',(-105.78563987,-30.45916632478,-92.97490043913
    ));
#119 = CARTESIAN_POINT('',(-45.72969347875,-13.16708337178,
    6.068437044333));
#120 = CARTESIAN_POINT('',(-67.15845102901,-19.33712772761,
    81.722421637412));
#121 = CARTESIAN_POINT('',(-38.8523577051,-11.18687212094,167.5));
#122 = CARTESIAN_POINT('',(-29.10252150075,-22.40504878933,-167.5));
#123 = CARTESIAN_POINT('',(-68.2675988627,-52.55691961928,
    -92.97490043913));
#124 = CARTESIAN_POINT('',(-29.51115458004,-22.7196416008,6.068437044333
    ));
#125 = CARTESIAN_POINT('',(-43.3399675091,-33.36597780943,
    81.722421637412));
#126 = CARTESIAN_POINT('',(-25.07294160084,-19.30281126458,167.5));
#127 = CARTESIAN_POINT('',(-8.15123567784,-26.14750311883,-167.5));
#128 = CARTESIAN_POINT('',(-19.12086165651,-61.33582803516,
    -92.97490043913));
#129 = CARTESIAN_POINT('',(-8.265688459011,-26.51464432028,
    6.068437044333));
#130 = CARTESIAN_POINT('',(-12.13895811194,-38.93930412837,
    81.722421637412));
#131 = CARTESIAN_POINT('',(-7.022603045406,-22.52707961011,167.5));
#132 = CARTESIAN_POINT('',(12.031891216973,-24.03997725806,-167.5));
#133 = CARTESIAN_POINT('',(28.223957265155,-56.39207324567,
    -92.97490043913));
#134 = CARTESIAN_POINT('',(12.200832892677,-24.37752635737,
    6.068437044333));
#135 = CARTESIAN_POINT('',(17.91809601149,-35.80074095205,
    81.722421637412));
#136 = CARTESIAN_POINT('',(10.365937048414,-20.71136502231,167.5));
#137 = CARTESIAN_POINT('',(26.977300256646,-17.50316230044,-167.5));
#138 = CARTESIAN_POINT('',(63.282334908835,-41.05825891109,
    -92.97490043913));
#139 = CARTESIAN_POINT('',(27.356092769996,-17.74892695356,
    6.068437044333));
#140 = CARTESIAN_POINT('',(40.175052068543,-26.06600549701,
    81.722421637412));
#141 = CARTESIAN_POINT('',(23.241981759591,-15.07964752039,167.5));
#142 = CARTESIAN_POINT('',(34.450000000008,-8.751579534997,-167.5));
#143 = CARTESIAN_POINT('',(80.811512525979,-20.5291256666,
    -92.97490043913));
#144 = CARTESIAN_POINT('',(34.933717865005,-8.874461838854,
    6.068437044333));
#145 = CARTESIAN_POINT('',(51.30352298402,-13.03300034311,
    81.722421637412));
#146 = CARTESIAN_POINT('',(29.680000000003,-7.539822368611,167.5));
#147 = CARTESIAN_POINT('',(34.45,-4.493517788655E-15,-167.5));
#148 = CARTESIAN_POINT('',(80.811512525975,2.197510768368E-14,
    -92.97490043913));
#149 = CARTESIAN_POINT('',(34.933717865004,-2.995814030599E-15,
    6.068437044333));
#150 = CARTESIAN_POINT('',(51.303522983997,-1.043275651008E-13,
    81.722421637412));
#151 = CARTESIAN_POINT('',(29.68,9.643995708742E-15,167.5));
#152 = DEFINITIONAL_REPRESENTATION('',(#153),#201);
#153 = B_SPLINE_CURVE_WITH_KNOTS('',6,(#154,#155,#156,#157,#158,#159,
    #160,#161,#162,#163,#164,#165,#166,#167,#168,#169,#170,#171,#172,
    #173,#174,#175,#176,#177,#178,#179,#180,#181,#182,#183,#184,#185,
    #186,#187,#188,#189,#190,#191,#192,#193,#194,#195,#196,#197,#198,
    #199,#200),.UNSPECIFIED.,.F.,.F.,(7,5,5,5,5,5,5,5,5,7),(0.,
    0.137288984631,0.275735044801,0.415373158553,0.555519169874,
    0.661116921001,0.766542997965,0.872013929306,0.977414481286,1.),
  .UNSPECIFIED.);
#154 = CARTESIAN_POINT('',(0.655399611103,0.150243667834));
#155 = CARTESIAN_POINT('',(0.65622253863,0.157128524176));
#156 = CARTESIAN_POINT('',(0.656951938811,0.163997935023));
#157 = CARTESIAN_POINT('',(0.657599020425,0.170851929147));
#158 = CARTESIAN_POINT('',(0.658172440617,0.17769074273));
#159 = CARTESIAN_POINT('',(0.658679329132,0.184514796294));
#160 = CARTESIAN_POINT('',(0.659575709308,0.198191978183));
#161 = CARTESIAN_POINT('',(0.659964177842,0.205044829785));
#162 = CARTESIAN_POINT('',(0.660297132891,0.211883840028));
#163 = CARTESIAN_POINT('',(0.660579521324,0.21870967021));
#164 = CARTESIAN_POINT('',(0.660815444116,0.22552304962));
#165 = CARTESIAN_POINT('',(0.66120312256,0.239185069284));
#166 = CARTESIAN_POINT('',(0.661354133517,0.246033488243));
#167 = CARTESIAN_POINT('',(0.661465103532,0.25287084445));
#168 = CARTESIAN_POINT('',(0.661539056969,0.259697956545));
#169 = CARTESIAN_POINT('',(0.661578567046,0.266515656931));
#170 = CARTESIAN_POINT('',(0.661593256748,0.280158704065));
#171 = CARTESIAN_POINT('',(0.661568201085,0.286983976995));
#172 = CARTESIAN_POINT('',(0.661513010265,0.293801471767));
#173 = CARTESIAN_POINT('',(0.661429641028,0.300612026501));
#174 = CARTESIAN_POINT('',(0.66131980129,0.307416467192));
#175 = CARTESIAN_POINT('',(0.661083470204,0.319338659663));
#176 = CARTESIAN_POINT('',(0.660967758467,0.32445869707));
#177 = CARTESIAN_POINT('',(0.66083854178,0.329576073614));
#178 = CARTESIAN_POINT('',(0.660696415436,0.334691128827));
#179 = CARTESIAN_POINT('',(0.660541926486,0.339804194655));
#180 = CARTESIAN_POINT('',(0.660209511791,0.350018688635));
#181 = CARTESIAN_POINT('',(0.660031625842,0.355120121242));
#182 = CARTESIAN_POINT('',(0.659842428232,0.360220217341));
#183 = CARTESIAN_POINT('',(0.659642389519,0.365319290569));
#184 = CARTESIAN_POINT('',(0.659431948661,0.370417645231));
#185 = CARTESIAN_POINT('',(0.658990983583,0.380615676314));
#186 = CARTESIAN_POINT('',(0.658760452924,0.385715351858));
#187 = CARTESIAN_POINT('',(0.658520330057,0.390814898141));
#188 = CARTESIAN_POINT('',(0.658271002548,0.39591459979));
#189 = CARTESIAN_POINT('',(0.658012836503,0.401014730844));
#190 = CARTESIAN_POINT('',(0.657479694583,0.411212974952));
#191 = CARTESIAN_POINT('',(0.65720473123,0.416311086699));
#192 = CARTESIAN_POINT('',(0.656921631329,0.421410152862));
#193 = CARTESIAN_POINT('',(0.656630724152,0.426510424774));
#194 = CARTESIAN_POINT('',(0.656332323436,0.431612142231));
#195 = CARTESIAN_POINT('',(0.655961243418,0.437809102142));
#196 = CARTESIAN_POINT('',(0.655895429218,0.438902747596));
#197 = CARTESIAN_POINT('',(0.655829287473,0.439996472179));
#198 = CARTESIAN_POINT('',(0.655762821035,0.441090278126));
#199 = CARTESIAN_POINT('',(0.655696032909,0.442184167594));
#200 = CARTESIAN_POINT('',(0.655628926251,0.443278142658));
#201 = ( GEOMETRIC_REPRESENTATION_CONTEXT(2) 
PARAMETRIC_REPRESENTATION_CONTEXT() REPRESENTATION_CONTEXT('2D SPACE',''
  ) );
#202 = PCURVE('',#203,#208);
#203 = PLANE('',#204);
#204 = AXIS2_PLACEMENT_3D('',#205,#206,#207);
#205 = CARTESIAN_POINT('',(-29.,-142.,-120.));
#206 = DIRECTION('',(1.,0.,0.));
#207 = DIRECTION('',(0.,0.,1.));
#208 = DEFINITIONAL_REPRESENTATION('',(#209),#257);
#209 = B_SPLINE_CURVE_WITH_KNOTS('',6,(#210,#211,#212,#213,#214,#215,
    #216,#217,#218,#219,#220,#221,#222,#223,#224,#225,#226,#227,#228,
    #229,#230,#231,#232,#233,#234,#235,#236,#237,#238,#239,#240,#241,
    #242,#243,#244,#245,#246,#247,#248,#249,#250,#251,#252,#253,#254,
    #255,#256),.UNSPECIFIED.,.F.,.F.,(7,5,5,5,5,5,5,5,5,7),(0.,
    0.137288984631,0.275735044801,0.415373158553,0.555519169874,
    0.661116921001,0.766542997965,0.872013929306,0.977414481286,1.),
  .UNSPECIFIED.);
#210 = CARTESIAN_POINT('',(0.,-117.7149835183));
#211 = CARTESIAN_POINT('',(2.274979276973,-117.4443378306));
#212 = CARTESIAN_POINT('',(4.55301886041,-117.1994829951));
#213 = CARTESIAN_POINT('',(6.833556610227,-116.9786518146));
#214 = CARTESIAN_POINT('',(9.116126545602,-116.7802807523));
#215 = CARTESIAN_POINT('',(11.400352975383,-116.6029485934));
#216 = CARTESIAN_POINT('',(15.990807293532,-116.2864346644));
#217 = CARTESIAN_POINT('',(18.297045929723,-116.1475875798));
#218 = CARTESIAN_POINT('',(20.604362796527,-116.0274827643));
#219 = CARTESIAN_POINT('',(22.912507401561,-115.9249114361));
#220 = CARTESIAN_POINT('',(25.221279385249,-115.8387669262));
#221 = CARTESIAN_POINT('',(29.859658656097,-115.6966716865));
#222 = CARTESIAN_POINT('',(32.18926745108,-115.6409876337));
#223 = CARTESIAN_POINT('',(34.519195341883,-115.5999212188));
#224 = CARTESIAN_POINT('',(36.849312778196,-115.5725079086));
#225 = CARTESIAN_POINT('',(39.179518922651,-115.5578567644));
#226 = CARTESIAN_POINT('',(43.848439536724,-115.552409514));
#227 = CARTESIAN_POINT('',(46.187150210042,-115.5617004173));
#228 = CARTESIAN_POINT('',(48.525798589335,-115.5821727637));
#229 = CARTESIAN_POINT('',(50.864325970681,-115.6130511324));
#230 = CARTESIAN_POINT('',(53.202689887943,-115.6536149327));
#231 = CARTESIAN_POINT('',(57.302640672878,-115.7405451084));
#232 = CARTESIAN_POINT('',(59.064308455176,-115.7830159877));
#233 = CARTESIAN_POINT('',(60.82585557134,-115.8303152663));
#234 = CARTESIAN_POINT('',(62.587273087918,-115.8821702032));
#235 = CARTESIAN_POINT('',(64.3485551338,-115.938322047));
#236 = CARTESIAN_POINT('',(67.867979579751,-116.0586296146));
#237 = CARTESIAN_POINT('',(69.626122052974,-116.1227719898));
#238 = CARTESIAN_POINT('',(71.384123450133,-116.1907076438));
#239 = CARTESIAN_POINT('',(73.141982710209,-116.2622040569));
#240 = CARTESIAN_POINT('',(74.899700615733,-116.337040439));
#241 = CARTESIAN_POINT('',(78.415606746108,-116.4930081915));
#242 = CARTESIAN_POINT('',(80.173794593957,-116.57414192));
#243 = CARTESIAN_POINT('',(81.931845882878,-116.6581994525));
#244 = CARTESIAN_POINT('',(83.689764176213,-116.7449815686));
#245 = CARTESIAN_POINT('',(85.447554054098,-116.8342992897));
#246 = CARTESIAN_POINT('',(88.9617153048,-117.0175872954));
#247 = CARTESIAN_POINT('',(90.718086661016,-117.1115542374));
#248 = CARTESIAN_POINT('',(92.474340713384,-117.2076962145));
#249 = CARTESIAN_POINT('',(94.230483429809,-117.3058439805));
#250 = CARTESIAN_POINT('',(95.986521214833,-117.4058375338));
#251 = CARTESIAN_POINT('',(98.118728472682,-117.5293162249));
#252 = CARTESIAN_POINT('',(98.494991528333,-117.5511841604));
#253 = CARTESIAN_POINT('',(98.871250142468,-117.5731284381));
#254 = CARTESIAN_POINT('',(99.24750438133,-117.5951475914));
#255 = CARTESIAN_POINT('',(99.62375431152,-117.6172401726));
#256 = CARTESIAN_POINT('',(100.,-117.6394047524));
#257 = ( GEOMETRIC_REPRESENTATION_CONTEXT(2) 
PARAMETRIC_REPRESENTATION_CONTEXT() REPRESENTATION_CONTEXT('2D SPACE',''
  ) );
#258 = ORIENTED_EDGE('',*,*,#259,.F.);
#259 = EDGE_CURVE('',#260,#22,#262,.T.);
#260 = VERTEX_POINT('',#261);
#261 = CARTESIAN_POINT('',(29.,-24.28501648946,-120.));
#262 = SURFACE_CURVE('',#263,(#322,#384),.PCURVE_S1.);
#263 = B_SPLINE_CURVE_WITH_KNOTS('',5,(#264,#265,#266,#267,#268,#269,
    #270,#271,#272,#273,#274,#275,#276,#277,#278,#279,#280,#281,#282,
    #283,#284,#285,#286,#287,#288,#289,#290,#291,#292,#293,#294,#295,
    #296,#297,#298,#299,#300,#301,#302,#303,#304,#305,#306,#307,#308,
    #309,#310,#311,#312,#313,#314,#315,#316,#317,#318,#319,#320,#321),
  .UNSPECIFIED.,.F.,.F.,(6,4,4,4,4,4,4,4,4,4,4,4,4,4,6),(0.,
    6.163870775117E-02,0.124724818934,0.215954601208,0.309444684041,
    0.404472200349,0.500001712646,0.565107792656,0.629696274445,
    0.694073268171,0.757460932979,0.820168653275,0.881451621713,
    0.941375530931,1.),.UNSPECIFIED.);
#264 = CARTESIAN_POINT('',(29.,-24.28501648946,-120.));
#265 = CARTESIAN_POINT('',(28.318559331439,-24.54573893267,-120.));
#266 = CARTESIAN_POINT('',(27.633395770589,-24.79672923043,-120.));
#267 = CARTESIAN_POINT('',(26.944810629197,-25.03822557075,-120.));
#268 = CARTESIAN_POINT('',(26.253071865184,-25.27044377163,-120.));
#269 = CARTESIAN_POINT('',(24.847444308917,-25.72195042344,-120.));
#270 = CARTESIAN_POINT('',(24.133418322289,-25.94080740228,-120.));
#271 = CARTESIAN_POINT('',(23.416588363215,-26.1503556,-120.));
#272 = CARTESIAN_POINT('',(22.697180904206,-26.350781309,-120.));
#273 = CARTESIAN_POINT('',(20.931613491524,-26.81913512181,-120.));
#274 = CARTESIAN_POINT('',(19.882863606881,-27.07728827943,-120.));
#275 = CARTESIAN_POINT('',(18.829752622333,-27.31721210988,-120.));
#276 = CARTESIAN_POINT('',(17.772809793049,-27.53932117097,-120.));
#277 = CARTESIAN_POINT('',(15.625907055373,-27.95367928874,-120.));
#278 = CARTESIAN_POINT('',(14.535782236813,-28.14505134099,-120.));
#279 = CARTESIAN_POINT('',(13.44261419025,-28.31845651167,-120.));
#280 = CARTESIAN_POINT('',(12.346848844417,-28.47419255925,-120.));
#281 = CARTESIAN_POINT('',(10.132866648231,-28.75307337494,-120.));
#282 = CARTESIAN_POINT('',(9.014580268825,-28.87563963152,-120.));
#283 = CARTESIAN_POINT('',(7.894447080556,-28.9804420268,-120.));
#284 = CARTESIAN_POINT('',(6.77286032146,-29.06765942519,-120.));
#285 = CARTESIAN_POINT('',(4.521582836984,-29.20753169779,-120.));
#286 = CARTESIAN_POINT('',(3.391883370834,-29.26000152666,-120.));
#287 = CARTESIAN_POINT('',(2.261461768226,-29.29494116189,-120.));
#288 = CARTESIAN_POINT('',(1.130682724876,-29.31241057764,-120.));
#289 = CARTESIAN_POINT('',(-0.770756584738,-29.31240854931,-120.));
#290 = CARTESIAN_POINT('',(-1.541415355141,-29.30429299327,-120.));
#291 = CARTESIAN_POINT('',(-2.311960542382,-29.28806274265,-120.));
#292 = CARTESIAN_POINT('',(-3.082277515297,-29.26370489593,-120.));
#293 = CARTESIAN_POINT('',(-4.616101936362,-29.19894079259,-120.));
#294 = CARTESIAN_POINT('',(-5.379614449312,-29.15866361936,-120.));
#295 = CARTESIAN_POINT('',(-6.142674843486,-29.11033693749,-120.));
#296 = CARTESIAN_POINT('',(-6.905166298104,-29.05392258473,-120.));
#297 = CARTESIAN_POINT('',(-8.426275790746,-28.92502756801,-120.));
#298 = CARTESIAN_POINT('',(-9.184897908932,-28.85260003249,-120.));
#299 = CARTESIAN_POINT('',(-9.942715353814,-28.77203619397,-120.));
#300 = CARTESIAN_POINT('',(-10.6996023401,-28.6832716681,-120.));
#301 = CARTESIAN_POINT('',(-12.19963547327,-28.490676221,-120.));
#302 = CARTESIAN_POINT('',(-12.94281354219,-28.38709767927,-120.));
#303 = CARTESIAN_POINT('',(-13.68483461709,-28.27541809426,-120.));
#304 = CARTESIAN_POINT('',(-14.42556314891,-28.15554855484,-120.));
#305 = CARTESIAN_POINT('',(-15.89621503274,-27.90059780688,-120.));
#306 = CARTESIAN_POINT('',(-16.62616846082,-27.76569341028,-120.));
#307 = CARTESIAN_POINT('',(-17.35457437257,-27.62257270114,-120.));
#308 = CARTESIAN_POINT('',(-18.08127962689,-27.47112018919,-120.));
#309 = CARTESIAN_POINT('',(-19.51448775775,-27.15492276708,-120.));
#310 = CARTESIAN_POINT('',(-20.22107377443,-26.99055787924,-120.));
#311 = CARTESIAN_POINT('',(-20.92572127298,-26.81798784442,-120.));
#312 = CARTESIAN_POINT('',(-21.62825861751,-26.63707399427,-120.));
#313 = CARTESIAN_POINT('',(-23.01320705367,-26.26244913485,-120.));
#314 = CARTESIAN_POINT('',(-23.69571806819,-26.06911073033,-120.));
#315 = CARTESIAN_POINT('',(-24.37585459463,-25.86750114045,-120.));
#316 = CARTESIAN_POINT('',(-25.05341931563,-25.6574580724,-120.));
#317 = CARTESIAN_POINT('',(-26.38833512495,-25.22488718878,-120.));
#318 = CARTESIAN_POINT('',(-27.0458047966,-25.0027287306,-120.));
#319 = CARTESIAN_POINT('',(-27.70039802446,-24.77215825864,-120.));
#320 = CARTESIAN_POINT('',(-28.35188290005,-24.53298916747,-120.));
#321 = CARTESIAN_POINT('',(-29.,-24.28501648162,-120.));
#322 = PCURVE('',#76,#323);
#323 = DEFINITIONAL_REPRESENTATION('',(#324),#383);
#324 = B_SPLINE_CURVE_WITH_KNOTS('',5,(#325,#326,#327,#328,#329,#330,
    #331,#332,#333,#334,#335,#336,#337,#338,#339,#340,#341,#342,#343,
    #344,#345,#346,#347,#348,#349,#350,#351,#352,#353,#354,#355,#356,
    #357,#358,#359,#360,#361,#362,#363,#364,#365,#366,#367,#368,#369,
    #370,#371,#372,#373,#374,#375,#376,#377,#378,#379,#380,#381,#382),
  .UNSPECIFIED.,.F.,.F.,(6,4,4,4,4,4,4,4,4,4,4,4,4,4,6),(0.,
    6.163870775117E-02,0.124724818934,0.215954601208,0.309444684041,
    0.404472200349,0.500001712646,0.565107792656,0.629696274445,
    0.694073268171,0.757460932979,0.820168653275,0.881451621713,
    0.941375530931,1.),.UNSPECIFIED.);
#325 = CARTESIAN_POINT('',(0.844600388922,0.150243667834));
#326 = CARTESIAN_POINT('',(0.842072516432,0.150243667834));
#327 = CARTESIAN_POINT('',(0.839564754076,0.150243667834));
#328 = CARTESIAN_POINT('',(0.837075824588,0.150243667834));
#329 = CARTESIAN_POINT('',(0.834604539388,0.150243667834));
#330 = CARTESIAN_POINT('',(0.829637415417,0.150243667834));
#331 = CARTESIAN_POINT('',(0.827142362403,0.150243667834));
#332 = CARTESIAN_POINT('',(0.824663460892,0.150243667834));
#333 = CARTESIAN_POINT('',(0.822199609418,0.150243667834));
#334 = CARTESIAN_POINT('',(0.81620705357,0.150243667834));
#335 = CARTESIAN_POINT('',(0.812693661941,0.150243667834));
#336 = CARTESIAN_POINT('',(0.809206479977,0.150243667834));
#337 = CARTESIAN_POINT('',(0.805742726052,0.150243667834));
#338 = CARTESIAN_POINT('',(0.798771496931,0.150243667834));
#339 = CARTESIAN_POINT('',(0.79526507888,0.150243667834));
#340 = CARTESIAN_POINT('',(0.791777679808,0.150243667834));
#341 = CARTESIAN_POINT('',(0.788306727204,0.150243667834));
#342 = CARTESIAN_POINT('',(0.781335906716,0.150243667834));
#343 = CARTESIAN_POINT('',(0.777836512644,0.150243667834));
#344 = CARTESIAN_POINT('',(0.774348961616,0.150243667834));
#345 = CARTESIAN_POINT('',(0.770870827755,0.150243667834));
#346 = CARTESIAN_POINT('',(0.763910277403,0.150243667834));
#347 = CARTESIAN_POINT('',(0.760427937895,0.150243667834));
#348 = CARTESIAN_POINT('',(0.756950301076,0.150243667834));
#349 = CARTESIAN_POINT('',(0.753474999588,0.150243667834));
#350 = CARTESIAN_POINT('',(0.747631184475,0.150243667834));
#351 = CARTESIAN_POINT('',(0.74526266859,0.150243667834));
#352 = CARTESIAN_POINT('',(0.742893411536,0.150243667834));
#353 = CARTESIAN_POINT('',(0.740522667522,0.150243667834));
#354 = CARTESIAN_POINT('',(0.735795569421,0.150243667834));
#355 = CARTESIAN_POINT('',(0.733439250172,0.150243667834));
#356 = CARTESIAN_POINT('',(0.73107999504,0.150243667834));
#357 = CARTESIAN_POINT('',(0.728717056325,0.150243667834));
#358 = CARTESIAN_POINT('',(0.723990038662,0.150243667834));
#359 = CARTESIAN_POINT('',(0.721625988163,0.150243667834));
#360 = CARTESIAN_POINT('',(0.719256765244,0.150243667834));
#361 = CARTESIAN_POINT('',(0.716881589981,0.150243667834));
#362 = CARTESIAN_POINT('',(0.71215432974,0.150243667834));
#363 = CARTESIAN_POINT('',(0.709802450223,0.150243667834));
#364 = CARTESIAN_POINT('',(0.707443250459,0.150243667834));
#365 = CARTESIAN_POINT('',(0.705075927379,0.150243667834));
#366 = CARTESIAN_POINT('',(0.70034884894,0.150243667834));
#367 = CARTESIAN_POINT('',(0.697989284151,0.150243667834));
#368 = CARTESIAN_POINT('',(0.695620137861,0.150243667834));
#369 = CARTESIAN_POINT('',(0.693240553516,0.150243667834));
#370 = CARTESIAN_POINT('',(0.688513027566,0.150243667834));
#371 = CARTESIAN_POINT('',(0.686165594801,0.150243667834));
#372 = CARTESIAN_POINT('',(0.683806488701,0.150243667834));
#373 = CARTESIAN_POINT('',(0.681434812533,0.150243667834));
#374 = CARTESIAN_POINT('',(0.676717313203,0.150243667834));
#375 = CARTESIAN_POINT('',(0.674372082607,0.150243667834));
#376 = CARTESIAN_POINT('',(0.672013033415,0.150243667834));
#377 = CARTESIAN_POINT('',(0.669639211987,0.150243667834));
#378 = CARTESIAN_POINT('',(0.664911807743,0.150243667834));
#379 = CARTESIAN_POINT('',(0.662558902011,0.150243667834));
#380 = CARTESIAN_POINT('',(0.660189930335,0.150243667834));
#381 = CARTESIAN_POINT('',(0.65780386647,0.150243667834));
#382 = CARTESIAN_POINT('',(0.6553996111,0.150243667834));
#383 = ( GEOMETRIC_REPRESENTATION_CONTEXT(2) 
PARAMETRIC_REPRESENTATION_CONTEXT() REPRESENTATION_CONTEXT('2D SPACE',''
  ) );
#384 = PCURVE('',#385,#390);
#385 = PLANE('',#386);
#386 = AXIS2_PLACEMENT_3D('',#387,#388,#389);
#387 = CARTESIAN_POINT('',(-29.,-142.,-120.));
#388 = DIRECTION('',(0.,0.,1.));
#389 = DIRECTION('',(1.,0.,0.));
#390 = DEFINITIONAL_REPRESENTATION('',(#391),#450);
#391 = B_SPLINE_CURVE_WITH_KNOTS('',5,(#392,#393,#394,#395,#396,#397,
    #398,#399,#400,#401,#402,#403,#404,#405,#406,#407,#408,#409,#410,
    #411,#412,#413,#414,#415,#416,#417,#418,#419,#420,#421,#422,#423,
    #424,#425,#426,#427,#428,#429,#430,#431,#432,#433,#434,#435,#436,
    #437,#438,#439,#440,#441,#442,#443,#444,#445,#446,#447,#448,#449),
  .UNSPECIFIED.,.F.,.F.,(6,4,4,4,4,4,4,4,4,4,4,4,4,4,6),(0.,
    6.163870775117E-02,0.124724818934,0.215954601208,0.309444684041,
    0.404472200349,0.500001712646,0.565107792656,0.629696274445,
    0.694073268171,0.757460932979,0.820168653275,0.881451621713,
    0.941375530931,1.),.UNSPECIFIED.);
#392 = CARTESIAN_POINT('',(58.,117.71498351053));
#393 = CARTESIAN_POINT('',(57.318559331439,117.45426106732));
#394 = CARTESIAN_POINT('',(56.633395770589,117.20327076957));
#395 = CARTESIAN_POINT('',(55.944810629197,116.96177442924));
#396 = CARTESIAN_POINT('',(55.253071865184,116.72955622836));
#397 = CARTESIAN_POINT('',(53.847444308917,116.27804957655));
#398 = CARTESIAN_POINT('',(53.133418322289,116.05919259771));
#399 = CARTESIAN_POINT('',(52.416588363215,115.84964439999));
#400 = CARTESIAN_POINT('',(51.697180904206,115.64921869099));
#401 = CARTESIAN_POINT('',(49.931613491524,115.18086487818));
#402 = CARTESIAN_POINT('',(48.882863606881,114.92271172056));
#403 = CARTESIAN_POINT('',(47.829752622333,114.68278789011));
#404 = CARTESIAN_POINT('',(46.772809793049,114.46067882902));
#405 = CARTESIAN_POINT('',(44.625907055373,114.04632071125));
#406 = CARTESIAN_POINT('',(43.535782236813,113.854948659));
#407 = CARTESIAN_POINT('',(42.44261419025,113.68154348832));
#408 = CARTESIAN_POINT('',(41.346848844417,113.52580744074));
#409 = CARTESIAN_POINT('',(39.132866648231,113.24692662505));
#410 = CARTESIAN_POINT('',(38.014580268825,113.12436036847));
#411 = CARTESIAN_POINT('',(36.894447080556,113.01955797319));
#412 = CARTESIAN_POINT('',(35.77286032146,112.9323405748));
#413 = CARTESIAN_POINT('',(33.521582836984,112.7924683022));
#414 = CARTESIAN_POINT('',(32.391883370834,112.73999847333));
#415 = CARTESIAN_POINT('',(31.261461768226,112.7050588381));
#416 = CARTESIAN_POINT('',(30.130682724876,112.68758942236));
#417 = CARTESIAN_POINT('',(28.229243415262,112.68759145068));
#418 = CARTESIAN_POINT('',(27.458584644859,112.69570700672));
#419 = CARTESIAN_POINT('',(26.688039457618,112.71193725734));
#420 = CARTESIAN_POINT('',(25.917722484703,112.73629510406));
#421 = CARTESIAN_POINT('',(24.383898063638,112.8010592074));
#422 = CARTESIAN_POINT('',(23.620385550688,112.84133638063));
#423 = CARTESIAN_POINT('',(22.857325156514,112.8896630625));
#424 = CARTESIAN_POINT('',(22.094833701896,112.94607741526));
#425 = CARTESIAN_POINT('',(20.573724209254,113.07497243198));
#426 = CARTESIAN_POINT('',(19.815102091068,113.1473999675));
#427 = CARTESIAN_POINT('',(19.057284646186,113.22796380602));
#428 = CARTESIAN_POINT('',(18.300397659898,113.31672833189));
#429 = CARTESIAN_POINT('',(16.800364526722,113.50932377899));
#430 = CARTESIAN_POINT('',(16.057186457803,113.61290232072));
#431 = CARTESIAN_POINT('',(15.315165382906,113.72458190573));
#432 = CARTESIAN_POINT('',(14.574436851089,113.84445144515));
#433 = CARTESIAN_POINT('',(13.103784967257,114.09940219311));
#434 = CARTESIAN_POINT('',(12.373831539173,114.23430658971));
#435 = CARTESIAN_POINT('',(11.645425627423,114.37742729885));
#436 = CARTESIAN_POINT('',(10.918720373106,114.5288798108));
#437 = CARTESIAN_POINT('',(9.48551224225,114.84507723291));
#438 = CARTESIAN_POINT('',(8.778926225567,115.00944212075));
#439 = CARTESIAN_POINT('',(8.074278727018,115.18201215557));
#440 = CARTESIAN_POINT('',(7.371741382489,115.36292600572));
#441 = CARTESIAN_POINT('',(5.986792946321,115.73755086514));
#442 = CARTESIAN_POINT('',(5.304281931801,115.93088926966));
#443 = CARTESIAN_POINT('',(4.624145405364,116.13249885954));
#444 = CARTESIAN_POINT('',(3.946580684364,116.34254192759));
#445 = CARTESIAN_POINT('',(2.611664875043,116.77511281122));
#446 = CARTESIAN_POINT('',(1.954195203392,116.9972712694));
#447 = CARTESIAN_POINT('',(1.299601975538,117.22784174135));
#448 = CARTESIAN_POINT('',(0.648117099942,117.46701083252));
#449 = CARTESIAN_POINT('',(0.,117.71498351837));
#450 = ( GEOMETRIC_REPRESENTATION_CONTEXT(2) 
PARAMETRIC_REPRESENTATION_CONTEXT() REPRESENTATION_CONTEXT('2D SPACE',''
  ) );
#451 = ORIENTED_EDGE('',*,*,#452,.T.);
#452 = EDGE_CURVE('',#260,#453,#455,.T.);
#453 = VERTEX_POINT('',#454);
#454 = CARTESIAN_POINT('',(29.,-24.36059525553,-20.));
#455 = SURFACE_CURVE('',#456,(#504,#555),.PCURVE_S1.);
#456 = B_SPLINE_CURVE_WITH_KNOTS('',6,(#457,#458,#459,#460,#461,#462,
    #463,#464,#465,#466,#467,#468,#469,#470,#471,#472,#473,#474,#475,
    #476,#477,#478,#479,#480,#481,#482,#483,#484,#485,#486,#487,#488,
    #489,#490,#491,#492,#493,#494,#495,#496,#497,#498,#499,#500,#501,
    #502,#503),.UNSPECIFIED.,.F.,.F.,(7,5,5,5,5,5,5,5,5,7),(0.,
    0.137288983999,0.275735044163,0.41537315791,0.555519168924,
    0.661116920049,0.766542997012,0.872013928353,0.977414480334,1.),
  .UNSPECIFIED.);
#457 = CARTESIAN_POINT('',(29.,-24.28501648946,-120.));
#458 = CARTESIAN_POINT('',(29.,-24.55566217637,-117.7250207335));
#459 = CARTESIAN_POINT('',(29.,-24.80051701127,-115.4469811606));
#460 = CARTESIAN_POINT('',(29.,-25.02134819131,-113.1664434213));
#461 = CARTESIAN_POINT('',(29.,-25.2197192533,-110.8838734965));
#462 = CARTESIAN_POINT('',(29.,-25.39705141202,-108.5996470773));
#463 = CARTESIAN_POINT('',(29.,-25.71356534159,-104.0091927698));
#464 = CARTESIAN_POINT('',(29.,-25.85241242679,-101.7029541338));
#465 = CARTESIAN_POINT('',(29.,-25.97251724289,-99.39563726714));
#466 = CARTESIAN_POINT('',(29.,-26.07508857161,-97.08749266222));
#467 = CARTESIAN_POINT('',(29.,-26.1612330819,-94.77872067865));
#468 = CARTESIAN_POINT('',(29.,-26.3033283225,-90.140341408));
#469 = CARTESIAN_POINT('',(29.,-26.35901237574,-87.81073261311));
#470 = CARTESIAN_POINT('',(29.,-26.40007879096,-85.48080472239));
#471 = CARTESIAN_POINT('',(29.,-26.42749210146,-83.15068728615));
#472 = CARTESIAN_POINT('',(29.,-26.44214324598,-80.82048114178));
#473 = CARTESIAN_POINT('',(29.,-26.44759049695,-76.15156053289));
#474 = CARTESIAN_POINT('',(29.,-26.438299594,-73.81284986468));
#475 = CARTESIAN_POINT('',(29.,-26.41782724789,-71.47420149049));
#476 = CARTESIAN_POINT('',(29.,-26.38694887954,-69.13567411425));
#477 = CARTESIAN_POINT('',(29.,-26.34638507958,-66.79731020209));
#478 = CARTESIAN_POINT('',(29.,-26.25945490446,-62.69735942228));
#479 = CARTESIAN_POINT('',(29.,-26.21698402524,-60.93569164001));
#480 = CARTESIAN_POINT('',(29.,-26.16968474688,-59.17414452388));
#481 = CARTESIAN_POINT('',(29.,-26.11782981011,-57.41272700733));
#482 = CARTESIAN_POINT('',(29.,-26.06167796642,-55.65144496148));
#483 = CARTESIAN_POINT('',(29.,-25.94137039901,-52.13202051557));
#484 = CARTESIAN_POINT('',(29.,-25.87722802399,-50.37387804235));
#485 = CARTESIAN_POINT('',(29.,-25.80929237005,-48.61587664521));
#486 = CARTESIAN_POINT('',(29.,-25.73779595695,-46.85801738514));
#487 = CARTESIAN_POINT('',(29.,-25.66295957491,-45.10029947963));
#488 = CARTESIAN_POINT('',(29.,-25.5069918225,-41.58439334925));
#489 = CARTESIAN_POINT('',(29.,-25.42585809404,-39.82620550139));
#490 = CARTESIAN_POINT('',(29.,-25.34180056155,-38.06815421246));
#491 = CARTESIAN_POINT('',(29.,-25.25501844548,-36.31023591912));
#492 = CARTESIAN_POINT('',(29.,-25.16570072437,-34.55244604123));
#493 = CARTESIAN_POINT('',(29.,-24.98241271858,-31.03828479049));
#494 = CARTESIAN_POINT('',(29.,-24.88844577655,-29.28191343425));
#495 = CARTESIAN_POINT('',(29.,-24.7923037994,-27.52565938186));
#496 = CARTESIAN_POINT('',(29.,-24.69415603329,-25.76951666541));
#497 = CARTESIAN_POINT('',(29.,-24.59416247994,-24.01347888037));
#498 = CARTESIAN_POINT('',(29.,-24.47068378778,-21.88127160663));
#499 = CARTESIAN_POINT('',(29.,-24.44881585139,-21.50500853512));
#500 = CARTESIAN_POINT('',(29.,-24.42687157275,-21.12874990512));
#501 = CARTESIAN_POINT('',(29.,-24.40485241845,-20.75249565039));
#502 = CARTESIAN_POINT('',(29.,-24.38275983634,-20.37624570434));
#503 = CARTESIAN_POINT('',(29.,-24.36059525553,-20.));
#504 = PCURVE('',#76,#505);
#505 = DEFINITIONAL_REPRESENTATION('',(#506),#554);
#506 = B_SPLINE_CURVE_WITH_KNOTS('',6,(#507,#508,#509,#510,#511,#512,
    #513,#514,#515,#516,#517,#518,#519,#520,#521,#522,#523,#524,#525,
    #526,#527,#528,#529,#530,#531,#532,#533,#534,#535,#536,#537,#538,
    #539,#540,#541,#542,#543,#544,#545,#546,#547,#548,#549,#550,#551,
    #552,#553),.UNSPECIFIED.,.F.,.F.,(7,5,5,5,5,5,5,5,5,7),(0.,
    0.137288983999,0.275735044163,0.41537315791,0.555519168924,
    0.661116920049,0.766542997012,0.872013928353,0.977414480334,1.),
  .UNSPECIFIED.);
#507 = CARTESIAN_POINT('',(0.844600388861,0.150243667834));
#508 = CARTESIAN_POINT('',(0.843777461338,0.157128524144));
#509 = CARTESIAN_POINT('',(0.84304806116,0.16399793496));
#510 = CARTESIAN_POINT('',(0.842400979549,0.170851929052));
#511 = CARTESIAN_POINT('',(0.841827559358,0.177690742604));
#512 = CARTESIAN_POINT('',(0.841320670844,0.184514796136));
#513 = CARTESIAN_POINT('',(0.840424290668,0.198191977995));
#514 = CARTESIAN_POINT('',(0.840035822132,0.205044829596));
#515 = CARTESIAN_POINT('',(0.839702867082,0.211883839839));
#516 = CARTESIAN_POINT('',(0.839420478648,0.218709670022));
#517 = CARTESIAN_POINT('',(0.839184555855,0.225523049431));
#518 = CARTESIAN_POINT('',(0.838796877409,0.239185069095));
#519 = CARTESIAN_POINT('',(0.838645866451,0.246033488055));
#520 = CARTESIAN_POINT('',(0.838534896436,0.252870844261));
#521 = CARTESIAN_POINT('',(0.838460942997,0.259697956357));
#522 = CARTESIAN_POINT('',(0.83842143292,0.266515656743));
#523 = CARTESIAN_POINT('',(0.838406743217,0.280158703862));
#524 = CARTESIAN_POINT('',(0.838431798879,0.286983976777));
#525 = CARTESIAN_POINT('',(0.838486989698,0.293801471534));
#526 = CARTESIAN_POINT('',(0.838570358933,0.300612026253));
#527 = CARTESIAN_POINT('',(0.83868019867,0.30741646693));
#528 = CARTESIAN_POINT('',(0.838916529754,0.319338659387));
#529 = CARTESIAN_POINT('',(0.839032241491,0.324458696794));
#530 = CARTESIAN_POINT('',(0.839161458178,0.329576073337));
#531 = CARTESIAN_POINT('',(0.83930358452,0.33469112855));
#532 = CARTESIAN_POINT('',(0.839458073471,0.339804194379));
#533 = CARTESIAN_POINT('',(0.839790488164,0.350018688358));
#534 = CARTESIAN_POINT('',(0.839968374113,0.355120120966));
#535 = CARTESIAN_POINT('',(0.840157571722,0.360220217064));
#536 = CARTESIAN_POINT('',(0.840357610434,0.365319290292));
#537 = CARTESIAN_POINT('',(0.840568051292,0.370417644955));
#538 = CARTESIAN_POINT('',(0.841009016369,0.380615676038));
#539 = CARTESIAN_POINT('',(0.841239547028,0.385715351582));
#540 = CARTESIAN_POINT('',(0.841479669894,0.390814897864));
#541 = CARTESIAN_POINT('',(0.841728997403,0.395914599513));
#542 = CARTESIAN_POINT('',(0.841987163447,0.401014730567));
#543 = CARTESIAN_POINT('',(0.842520305367,0.411212974676));
#544 = CARTESIAN_POINT('',(0.842795268719,0.416311086422));
#545 = CARTESIAN_POINT('',(0.84307836862,0.421410152585));
#546 = CARTESIAN_POINT('',(0.843369275796,0.426510424497));
#547 = CARTESIAN_POINT('',(0.843667676512,0.431612141955));
#548 = CARTESIAN_POINT('',(0.844038756532,0.437809101911));
#549 = CARTESIAN_POINT('',(0.844104570736,0.438902747412));
#550 = CARTESIAN_POINT('',(0.844170712483,0.43999647204));
#551 = CARTESIAN_POINT('',(0.844237178923,0.441090278034));
#552 = CARTESIAN_POINT('',(0.844303967053,0.442184167548));
#553 = CARTESIAN_POINT('',(0.844371073713,0.443278142658));
#554 = ( GEOMETRIC_REPRESENTATION_CONTEXT(2) 
PARAMETRIC_REPRESENTATION_CONTEXT() REPRESENTATION_CONTEXT('2D SPACE',''
  ) );
#555 = PCURVE('',#556,#561);
#556 = PLANE('',#557);
#557 = AXIS2_PLACEMENT_3D('',#558,#559,#560);
#558 = CARTESIAN_POINT('',(29.,-142.,-120.));
#559 = DIRECTION('',(1.,0.,0.));
#560 = DIRECTION('',(0.,0.,1.));
#561 = DEFINITIONAL_REPRESENTATION('',(#562),#610);
#562 = B_SPLINE_CURVE_WITH_KNOTS('',6,(#563,#564,#565,#566,#567,#568,
    #569,#570,#571,#572,#573,#574,#575,#576,#577,#578,#579,#580,#581,
    #582,#583,#584,#585,#586,#587,#588,#589,#590,#591,#592,#593,#594,
    #595,#596,#597,#598,#599,#600,#601,#602,#603,#604,#605,#606,#607,
    #608,#609),.UNSPECIFIED.,.F.,.F.,(7,5,5,5,5,5,5,5,5,7),(0.,
    0.137288983999,0.275735044163,0.41537315791,0.555519168924,
    0.661116920049,0.766542997012,0.872013928353,0.977414480334,1.),
  .UNSPECIFIED.);
#563 = CARTESIAN_POINT('',(0.,-117.7149835105));
#564 = CARTESIAN_POINT('',(2.274979266452,-117.4443378236));
#565 = CARTESIAN_POINT('',(4.553018839352,-117.1994829887));
#566 = CARTESIAN_POINT('',(6.833556578624,-116.9786518086));
#567 = CARTESIAN_POINT('',(9.116126503445,-116.7802807466));
#568 = CARTESIAN_POINT('',(11.400352922669,-116.6029485879));
#569 = CARTESIAN_POINT('',(15.990807230117,-116.2864346584));
#570 = CARTESIAN_POINT('',(18.297045866175,-116.1475875732));
#571 = CARTESIAN_POINT('',(20.604362732858,-116.0274827571));
#572 = CARTESIAN_POINT('',(22.912507337776,-115.9249114283));
#573 = CARTESIAN_POINT('',(25.221279321349,-115.838766918));
#574 = CARTESIAN_POINT('',(29.859658591999,-115.6966716774));
#575 = CARTESIAN_POINT('',(32.18926738689,-115.6409876242));
#576 = CARTESIAN_POINT('',(34.51919527761,-115.599921209));
#577 = CARTESIAN_POINT('',(36.849312713841,-115.5725078985));
#578 = CARTESIAN_POINT('',(39.179518858212,-115.557856754));
#579 = CARTESIAN_POINT('',(43.848439467102,-115.552409503));
#580 = CARTESIAN_POINT('',(46.187150135312,-115.5617004059));
#581 = CARTESIAN_POINT('',(48.525798509503,-115.5821727521));
#582 = CARTESIAN_POINT('',(50.864325885749,-115.6130511204));
#583 = CARTESIAN_POINT('',(53.202689797909,-115.6536149204));
#584 = CARTESIAN_POINT('',(57.302640577712,-115.7405450955));
#585 = CARTESIAN_POINT('',(59.064308359986,-115.7830159747));
#586 = CARTESIAN_POINT('',(60.825855476116,-115.8303152531));
#587 = CARTESIAN_POINT('',(62.587272992661,-115.8821701898));
#588 = CARTESIAN_POINT('',(64.348555038517,-115.9383220335));
#589 = CARTESIAN_POINT('',(67.867979484426,-116.0586296009));
#590 = CARTESIAN_POINT('',(69.626121957641,-116.122771976));
#591 = CARTESIAN_POINT('',(71.38412335479,-116.1907076299));
#592 = CARTESIAN_POINT('',(73.141982614856,-116.262204043));
#593 = CARTESIAN_POINT('',(74.89970052037,-116.337040425));
#594 = CARTESIAN_POINT('',(78.415606650743,-116.4930081774));
#595 = CARTESIAN_POINT('',(80.173794498602,-116.5741419059));
#596 = CARTESIAN_POINT('',(81.931845787532,-116.6581994384));
#597 = CARTESIAN_POINT('',(83.689764080875,-116.7449815545));
#598 = CARTESIAN_POINT('',(85.447553958766,-116.8342992756));
#599 = CARTESIAN_POINT('',(88.961715209501,-117.0175872814));
#600 = CARTESIAN_POINT('',(90.718086565742,-117.1115542234));
#601 = CARTESIAN_POINT('',(92.474340618134,-117.2076962005));
#602 = CARTESIAN_POINT('',(94.230483334582,-117.3058439667));
#603 = CARTESIAN_POINT('',(95.986521119629,-117.40583752));
#604 = CARTESIAN_POINT('',(98.118728393364,-117.5293162122));
#605 = CARTESIAN_POINT('',(98.494991464879,-117.5511841486));
#606 = CARTESIAN_POINT('',(98.871250094879,-117.5731284272));
#607 = CARTESIAN_POINT('',(99.247504349604,-117.5951475815));
#608 = CARTESIAN_POINT('',(99.623754295657,-117.6172401636));
#609 = CARTESIAN_POINT('',(100.,-117.6394047444));
#610 = ( GEOMETRIC_REPRESENTATION_CONTEXT(2) 
PARAMETRIC_REPRESENTATION_CONTEXT() REPRESENTATION_CONTEXT('2D SPACE',''
  ) );
#611 = ORIENTED_EDGE('',*,*,#612,.T.);
#612 = EDGE_CURVE('',#453,#24,#613,.T.);
#613 = SURFACE_CURVE('',#614,(#673,#735),.PCURVE_S1.);
#614 = B_SPLINE_CURVE_WITH_KNOTS('',5,(#615,#616,#617,#618,#619,#620,
    #621,#622,#623,#624,#625,#626,#627,#628,#629,#630,#631,#632,#633,
    #634,#635,#636,#637,#638,#639,#640,#641,#642,#643,#644,#645,#646,
    #647,#648,#649,#650,#651,#652,#653,#654,#655,#656,#657,#658,#659,
    #660,#661,#662,#663,#664,#665,#666,#667,#668,#669,#670,#671,#672),
  .UNSPECIFIED.,.F.,.F.,(6,4,4,4,4,4,4,4,4,4,4,4,4,4,6),(0.,
    6.16626562959E-02,0.124915901402,0.21611448231,0.309559519871,
    0.404532383812,0.500001715457,0.564978799978,0.629713646479,
    0.693966651593,0.757236106806,0.819834944483,0.881276719847,
    0.941359671603,1.),.UNSPECIFIED.);
#615 = CARTESIAN_POINT('',(29.,-24.36059525553,-20.));
#616 = CARTESIAN_POINT('',(28.318096247029,-24.6206854355,-20.));
#617 = CARTESIAN_POINT('',(27.632491901403,-24.87107167235,-20.));
#618 = CARTESIAN_POINT('',(26.943485843771,-25.11199047545,-20.));
#619 = CARTESIAN_POINT('',(26.251343977255,-25.34365615748,-20.));
#620 = CARTESIAN_POINT('',(24.843325791658,-25.79460760121,-20.));
#621 = CARTESIAN_POINT('',(24.127299276316,-26.01342006914,-20.));
#622 = CARTESIAN_POINT('',(23.408471804318,-26.22290559052,-20.));
#623 = CARTESIAN_POINT('',(22.687069779637,-26.42325040135,-20.));
#624 = CARTESIAN_POINT('',(20.919753209448,-26.89053592039,-20.));
#625 = CARTESIAN_POINT('',(19.871281459331,-27.14779354809,-20.));
#626 = CARTESIAN_POINT('',(18.818478835351,-27.38689066378,-20.));
#627 = CARTESIAN_POINT('',(17.761870188829,-27.60823804611,-20.));
#628 = CARTESIAN_POINT('',(15.615841244909,-28.02114996556,-20.));
#629 = CARTESIAN_POINT('',(14.52625807899,-28.21184572873,-20.));
#630 = CARTESIAN_POINT('',(13.433652080111,-28.38464115411,-20.));
#631 = CARTESIAN_POINT('',(12.338465824712,-28.53983126436,-20.));
#632 = CARTESIAN_POINT('',(10.125784237872,-28.8177224495,-20.));
#633 = CARTESIAN_POINT('',(9.008220226537,-28.93985041466,-20.));
#634 = CARTESIAN_POINT('',(7.888821487725,-29.0442792314,-20.));
#635 = CARTESIAN_POINT('',(6.767978557814,-29.13118611607,-20.));
#636 = CARTESIAN_POINT('',(4.51826859577,-29.2705561349,-20.));
#637 = CARTESIAN_POINT('',(3.389392981783,-29.32283681101,-20.));
#638 = CARTESIAN_POINT('',(2.259799905376,-29.35765071585,-20.));
#639 = CARTESIAN_POINT('',(1.129851681017,-29.37505726383,-20.));
#640 = CARTESIAN_POINT('',(-0.769149239907,-29.37505523811,-20.));
#641 = CARTESIAN_POINT('',(-1.538200460496,-29.36699073621,-20.));
#642 = CARTESIAN_POINT('',(-2.307139285146,-29.35086259125,-20.));
#643 = CARTESIAN_POINT('',(-3.075852289784,-29.32665809098,-20.));
#644 = CARTESIAN_POINT('',(-4.609732832678,-29.26216589349,-20.));
#645 = CARTESIAN_POINT('',(-5.374902521787,-29.2219384497,-20.));
#646 = CARTESIAN_POINT('',(-6.139620573673,-29.17364433969,-20.));
#647 = CARTESIAN_POINT('',(-6.903769941077,-29.11724542738,-20.));
#648 = CARTESIAN_POINT('',(-8.425007094164,-28.98861615839,-20.));
#649 = CARTESIAN_POINT('',(-9.182104683554,-28.91650668223,-20.));
#650 = CARTESIAN_POINT('',(-9.938404620509,-28.83631215427,-20.));
#651 = CARTESIAN_POINT('',(-10.69378249922,-28.74796902726,-20.));
#652 = CARTESIAN_POINT('',(-12.19088571955,-28.55630952781,-20.));
#653 = CARTESIAN_POINT('',(-12.93264256647,-28.45324294033,-20.));
#654 = CARTESIAN_POINT('',(-13.67325329471,-28.34212682835,-20.));
#655 = CARTESIAN_POINT('',(-14.41258392561,-28.22287348285,-20.));
#656 = CARTESIAN_POINT('',(-15.88057721766,-27.96923998054,-20.));
#657 = CARTESIAN_POINT('',(-16.60926930617,-27.83503340697,-20.));
#658 = CARTESIAN_POINT('',(-17.33642904485,-27.69266277409,-20.));
#659 = CARTESIAN_POINT('',(-18.06190516593,-27.54201417356,-20.));
#660 = CARTESIAN_POINT('',(-19.4957866737,-27.22684248653,-20.));
#661 = CARTESIAN_POINT('',(-20.20425901075,-27.06262715176,-20.));
#662 = CARTESIAN_POINT('',(-20.91079578393,-26.89019019245,-20.));
#663 = CARTESIAN_POINT('',(-21.61522537936,-26.70939305507,-20.));
#664 = CARTESIAN_POINT('',(-23.00396529579,-26.33495528608,-20.));
#665 = CARTESIAN_POINT('',(-23.68837513338,-26.14168695366,-20.));
#666 = CARTESIAN_POINT('',(-24.37041313381,-25.94013092998,-20.));
#667 = CARTESIAN_POINT('',(-25.0498820418,-25.730124965,-20.));
#668 = CARTESIAN_POINT('',(-26.38699675175,-25.29810343349,-20.));
#669 = CARTESIAN_POINT('',(-27.0447736997,-25.07649715192,-20.));
#670 = CARTESIAN_POINT('',(-27.69969112029,-24.84650355691,-20.));
#671 = CARTESIAN_POINT('',(-28.35151896659,-24.6079374086,-20.));
#672 = CARTESIAN_POINT('',(-29.,-24.36059524756,-20.));
#673 = PCURVE('',#76,#674);
#674 = DEFINITIONAL_REPRESENTATION('',(#675),#734);
#675 = B_SPLINE_CURVE_WITH_KNOTS('',5,(#676,#677,#678,#679,#680,#681,
    #682,#683,#684,#685,#686,#687,#688,#689,#690,#691,#692,#693,#694,
    #695,#696,#697,#698,#699,#700,#701,#702,#703,#704,#705,#706,#707,
    #708,#709,#710,#711,#712,#713,#714,#715,#716,#717,#718,#719,#720,
    #721,#722,#723,#724,#725,#726,#727,#728,#729,#730,#731,#732,#733),
  .UNSPECIFIED.,.F.,.F.,(6,4,4,4,4,4,4,4,4,4,4,4,4,4,6),(0.,
    6.16626562959E-02,0.124915901402,0.21611448231,0.309559519871,
    0.404532383812,0.500001715457,0.564978799978,0.629713646479,
    0.693966651593,0.757236106806,0.819834944483,0.881276719847,
    0.941359671603,1.),.UNSPECIFIED.);
#676 = CARTESIAN_POINT('',(0.844371073453,0.443278142579));
#677 = CARTESIAN_POINT('',(0.841849331162,0.443278142579));
#678 = CARTESIAN_POINT('',(0.839347555372,0.443278142579));
#679 = CARTESIAN_POINT('',(0.836864479303,0.443278142579));
#680 = CARTESIAN_POINT('',(0.834398924002,0.443278142579));
#681 = CARTESIAN_POINT('',(0.829437497458,0.443278142579));
#682 = CARTESIAN_POINT('',(0.82694248434,0.443278142579));
#683 = CARTESIAN_POINT('',(0.824463581675,0.443278142579));
#684 = CARTESIAN_POINT('',(0.821999689152,0.443278142579));
#685 = CARTESIAN_POINT('',(0.816017507415,0.443278142579));
#686 = CARTESIAN_POINT('',(0.812514314068,0.443278142579));
#687 = CARTESIAN_POINT('',(0.809037105597,0.443278142579));
#688 = CARTESIAN_POINT('',(0.805583126227,0.443278142579));
#689 = CARTESIAN_POINT('',(0.798631826317,0.443278142579));
#690 = CARTESIAN_POINT('',(0.795135547848,0.443278142579));
#691 = CARTESIAN_POINT('',(0.791658125216,0.443278142579));
#692 = CARTESIAN_POINT('',(0.788197008968,0.443278142579));
#693 = CARTESIAN_POINT('',(0.781246111611,0.443278142579));
#694 = CARTESIAN_POINT('',(0.777756797555,0.443278142579));
#695 = CARTESIAN_POINT('',(0.774279225085,0.443278142579));
#696 = CARTESIAN_POINT('',(0.770810989374,0.443278142579));
#697 = CARTESIAN_POINT('',(0.763870358592,0.443278142579));
#698 = CARTESIAN_POINT('',(0.760398039056,0.443278142579));
#699 = CARTESIAN_POINT('',(0.756930381832,0.443278142579));
#700 = CARTESIAN_POINT('',(0.75346503998,0.443278142579));
#701 = CARTESIAN_POINT('',(0.747641165748,0.443278142579));
#702 = CARTESIAN_POINT('',(0.745282631143,0.443278142579));
#703 = CARTESIAN_POINT('',(0.742923364685,0.443278142579));
#704 = CARTESIAN_POINT('',(0.740562630001,0.443278142579));
#705 = CARTESIAN_POINT('',(0.73584555086,0.443278142579));
#706 = CARTESIAN_POINT('',(0.73348922225,0.443278142579));
#707 = CARTESIAN_POINT('',(0.731129967047,0.443278142579));
#708 = CARTESIAN_POINT('',(0.728767037622,0.443278142579));
#709 = CARTESIAN_POINT('',(0.724049926772,0.443278142579));
#710 = CARTESIAN_POINT('',(0.721695810535,0.443278142579));
#711 = CARTESIAN_POINT('',(0.719336577619,0.443278142579));
#712 = CARTESIAN_POINT('',(0.716971458107,0.443278142579));
#713 = CARTESIAN_POINT('',(0.71226416316,0.443278142579));
#714 = CARTESIAN_POINT('',(0.709922190079,0.443278142579));
#715 = CARTESIAN_POINT('',(0.707572979763,0.443278142579));
#716 = CARTESIAN_POINT('',(0.705215739707,0.443278142579));
#717 = CARTESIAN_POINT('',(0.700508626307,0.443278142579));
#718 = CARTESIAN_POINT('',(0.698158939078,0.443278142579));
#719 = CARTESIAN_POINT('',(0.695799781304,0.443278142579));
#720 = CARTESIAN_POINT('',(0.693430307927,0.443278142579));
#721 = CARTESIAN_POINT('',(0.688712954502,0.443278142579));
#722 = CARTESIAN_POINT('',(0.686365484247,0.443278142579));
#723 = CARTESIAN_POINT('',(0.684006377227,0.443278142579));
#724 = CARTESIAN_POINT('',(0.681634737629,0.443278142579));
#725 = CARTESIAN_POINT('',(0.67691724106,0.443278142579));
#726 = CARTESIAN_POINT('',(0.674571973349,0.443278142579));
#727 = CARTESIAN_POINT('',(0.672212923158,0.443278142579));
#728 = CARTESIAN_POINT('',(0.669839137847,0.443278142579));
#729 = CARTESIAN_POINT('',(0.665117438074,0.443278142579));
#730 = CARTESIAN_POINT('',(0.66277027064,0.443278142579));
#731 = CARTESIAN_POINT('',(0.660407153314,0.443278142579));
#732 = CARTESIAN_POINT('',(0.658027068536,0.443278142579));
#733 = CARTESIAN_POINT('',(0.655628926512,0.443278142579));
#734 = ( GEOMETRIC_REPRESENTATION_CONTEXT(2) 
PARAMETRIC_REPRESENTATION_CONTEXT() REPRESENTATION_CONTEXT('2D SPACE',''
  ) );
#735 = PCURVE('',#736,#741);
#736 = PLANE('',#737);
#737 = AXIS2_PLACEMENT_3D('',#738,#739,#740);
#738 = CARTESIAN_POINT('',(-29.,-142.,-20.));
#739 = DIRECTION('',(0.,0.,1.));
#740 = DIRECTION('',(1.,0.,0.));
#741 = DEFINITIONAL_REPRESENTATION('',(#742),#801);
#742 = B_SPLINE_CURVE_WITH_KNOTS('',5,(#743,#744,#745,#746,#747,#748,
    #749,#750,#751,#752,#753,#754,#755,#756,#757,#758,#759,#760,#761,
    #762,#763,#764,#765,#766,#767,#768,#769,#770,#771,#772,#773,#774,
    #775,#776,#777,#778,#779,#780,#781,#782,#783,#784,#785,#786,#787,
    #788,#789,#790,#791,#792,#793,#794,#795,#796,#797,#798,#799,#800),
  .UNSPECIFIED.,.F.,.F.,(6,4,4,4,4,4,4,4,4,4,4,4,4,4,6),(0.,
    6.16626562959E-02,0.124915901402,0.21611448231,0.309559519871,
    0.404532383812,0.500001715457,0.564978799978,0.629713646479,
    0.693966651593,0.757236106806,0.819834944483,0.881276719847,
    0.941359671603,1.),.UNSPECIFIED.);
#743 = CARTESIAN_POINT('',(58.,117.63940474446));
#744 = CARTESIAN_POINT('',(57.318096247029,117.37931456449));
#745 = CARTESIAN_POINT('',(56.632491901403,117.12892832764));
#746 = CARTESIAN_POINT('',(55.943485843771,116.88800952454));
#747 = CARTESIAN_POINT('',(55.251343977255,116.65634384251));
#748 = CARTESIAN_POINT('',(53.843325791658,116.20539239878));
#749 = CARTESIAN_POINT('',(53.127299276316,115.98657993085));
#750 = CARTESIAN_POINT('',(52.408471804318,115.77709440947));
#751 = CARTESIAN_POINT('',(51.687069779637,115.57674959864));
#752 = CARTESIAN_POINT('',(49.919753209448,115.10946407961));
#753 = CARTESIAN_POINT('',(48.871281459331,114.8522064519));
#754 = CARTESIAN_POINT('',(47.818478835351,114.61310933621));
#755 = CARTESIAN_POINT('',(46.761870188829,114.39176195388));
#756 = CARTESIAN_POINT('',(44.615841244909,113.97885003443));
#757 = CARTESIAN_POINT('',(43.52625807899,113.78815427127));
#758 = CARTESIAN_POINT('',(42.433652080111,113.61535884588));
#759 = CARTESIAN_POINT('',(41.338465824712,113.46016873563));
#760 = CARTESIAN_POINT('',(39.125784237872,113.18227755049));
#761 = CARTESIAN_POINT('',(38.008220226537,113.06014958533));
#762 = CARTESIAN_POINT('',(36.888821487725,112.9557207686));
#763 = CARTESIAN_POINT('',(35.767978557814,112.86881388392));
#764 = CARTESIAN_POINT('',(33.51826859577,112.72944386509));
#765 = CARTESIAN_POINT('',(32.389392981783,112.67716318898));
#766 = CARTESIAN_POINT('',(31.259799905376,112.64234928414));
#767 = CARTESIAN_POINT('',(30.129851681017,112.62494273616));
#768 = CARTESIAN_POINT('',(28.230850760093,112.62494476188));
#769 = CARTESIAN_POINT('',(27.461799539504,112.63300926378));
#770 = CARTESIAN_POINT('',(26.692860714854,112.64913740874));
#771 = CARTESIAN_POINT('',(25.924147710216,112.67334190902));
#772 = CARTESIAN_POINT('',(24.390267167322,112.7378341065));
#773 = CARTESIAN_POINT('',(23.625097478213,112.7780615503));
#774 = CARTESIAN_POINT('',(22.860379426327,112.8263556603));
#775 = CARTESIAN_POINT('',(22.096230058923,112.88275457261));
#776 = CARTESIAN_POINT('',(20.574992905836,113.0113838416));
#777 = CARTESIAN_POINT('',(19.817895316446,113.08349331776));
#778 = CARTESIAN_POINT('',(19.061595379491,113.16368784572));
#779 = CARTESIAN_POINT('',(18.306217500771,113.25203097273));
#780 = CARTESIAN_POINT('',(16.809114280444,113.44369047218));
#781 = CARTESIAN_POINT('',(16.06735743353,113.54675705966));
#782 = CARTESIAN_POINT('',(15.32674670529,113.65787317164));
#783 = CARTESIAN_POINT('',(14.587416074382,113.77712651714));
#784 = CARTESIAN_POINT('',(13.11942278234,114.03076001946));
#785 = CARTESIAN_POINT('',(12.390730693823,114.16496659302));
#786 = CARTESIAN_POINT('',(11.663570955147,114.3073372259));
#787 = CARTESIAN_POINT('',(10.938094834064,114.45798582643));
#788 = CARTESIAN_POINT('',(9.504213326294,114.77315751346));
#789 = CARTESIAN_POINT('',(8.795740989248,114.93737284823));
#790 = CARTESIAN_POINT('',(8.089204216069,115.10980980754));
#791 = CARTESIAN_POINT('',(7.384774620639,115.29060694492));
#792 = CARTESIAN_POINT('',(5.996034704202,115.66504471391));
#793 = CARTESIAN_POINT('',(5.311624866617,115.85831304633));
#794 = CARTESIAN_POINT('',(4.629586866188,116.05986907001));
#795 = CARTESIAN_POINT('',(3.950117958198,116.26987503499));
#796 = CARTESIAN_POINT('',(2.613003248248,116.7018965665));
#797 = CARTESIAN_POINT('',(1.955226300294,116.92350284807));
#798 = CARTESIAN_POINT('',(1.300308879703,117.15349644308));
#799 = CARTESIAN_POINT('',(0.648481033406,117.39206259139));
#800 = CARTESIAN_POINT('',(0.,117.63940475243));
#801 = ( GEOMETRIC_REPRESENTATION_CONTEXT(2) 
PARAMETRIC_REPRESENTATION_CONTEXT() REPRESENTATION_CONTEXT('2D SPACE',''
  ) );
#802 = ADVANCED_FACE('',(#803),#203,.F.);
#803 = FACE_BOUND('',#804,.F.);
#804 = EDGE_LOOP('',(#805,#828,#829,#852));
#805 = ORIENTED_EDGE('',*,*,#806,.F.);
#806 = EDGE_CURVE('',#24,#807,#809,.T.);
#807 = VERTEX_POINT('',#808);
#808 = CARTESIAN_POINT('',(-29.,-21.23538793917,-20.));
#809 = SURFACE_CURVE('',#810,(#814,#821),.PCURVE_S1.);
#810 = LINE('',#811,#812);
#811 = CARTESIAN_POINT('',(-29.,-142.,-20.));
#812 = VECTOR('',#813,1.);
#813 = DIRECTION('',(0.,1.,0.));
#814 = PCURVE('',#203,#815);
#815 = DEFINITIONAL_REPRESENTATION('',(#816),#820);
#816 = LINE('',#817,#818);
#817 = CARTESIAN_POINT('',(100.,0.));
#818 = VECTOR('',#819,1.);
#819 = DIRECTION('',(0.,-1.));
#820 = ( GEOMETRIC_REPRESENTATION_CONTEXT(2) 
PARAMETRIC_REPRESENTATION_CONTEXT() REPRESENTATION_CONTEXT('2D SPACE',''
  ) );
#821 = PCURVE('',#736,#822);
#822 = DEFINITIONAL_REPRESENTATION('',(#823),#827);
#823 = LINE('',#824,#825);
#824 = CARTESIAN_POINT('',(0.,0.));
#825 = VECTOR('',#826,1.);
#826 = DIRECTION('',(0.,1.));
#827 = ( GEOMETRIC_REPRESENTATION_CONTEXT(2) 
PARAMETRIC_REPRESENTATION_CONTEXT() REPRESENTATION_CONTEXT('2D SPACE',''
  ) );
#828 = ORIENTED_EDGE('',*,*,#21,.F.);
#829 = ORIENTED_EDGE('',*,*,#830,.T.);
#830 = EDGE_CURVE('',#22,#831,#833,.T.);
#831 = VERTEX_POINT('',#832);
#832 = CARTESIAN_POINT('',(-29.,-21.15882337354,-120.));
#833 = SURFACE_CURVE('',#834,(#838,#845),.PCURVE_S1.);
#834 = LINE('',#835,#836);
#835 = CARTESIAN_POINT('',(-29.,-142.,-120.));
#836 = VECTOR('',#837,1.);
#837 = DIRECTION('',(0.,1.,0.));
#838 = PCURVE('',#203,#839);
#839 = DEFINITIONAL_REPRESENTATION('',(#840),#844);
#840 = LINE('',#841,#842);
#841 = CARTESIAN_POINT('',(0.,0.));
#842 = VECTOR('',#843,1.);
#843 = DIRECTION('',(0.,-1.));
#844 = ( GEOMETRIC_REPRESENTATION_CONTEXT(2) 
PARAMETRIC_REPRESENTATION_CONTEXT() REPRESENTATION_CONTEXT('2D SPACE',''
  ) );
#845 = PCURVE('',#385,#846);
#846 = DEFINITIONAL_REPRESENTATION('',(#847),#851);
#847 = LINE('',#848,#849);
#848 = CARTESIAN_POINT('',(0.,0.));
#849 = VECTOR('',#850,1.);
#850 = DIRECTION('',(0.,1.));
#851 = ( GEOMETRIC_REPRESENTATION_CONTEXT(2) 
PARAMETRIC_REPRESENTATION_CONTEXT() REPRESENTATION_CONTEXT('2D SPACE',''
  ) );
#852 = ORIENTED_EDGE('',*,*,#853,.T.);
#853 = EDGE_CURVE('',#831,#807,#854,.T.);
#854 = SURFACE_CURVE('',#855,(#903,#954),.PCURVE_S1.);
#855 = B_SPLINE_CURVE_WITH_KNOTS('',6,(#856,#857,#858,#859,#860,#861,
    #862,#863,#864,#865,#866,#867,#868,#869,#870,#871,#872,#873,#874,
    #875,#876,#877,#878,#879,#880,#881,#882,#883,#884,#885,#886,#887,
    #888,#889,#890,#891,#892,#893,#894,#895,#896,#897,#898,#899,#900,
    #901,#902),.UNSPECIFIED.,.F.,.F.,(7,5,5,5,5,5,5,5,5,7),(0.,
    0.136134241393,0.273551220945,0.412143990651,0.551294148316,
    0.658257058133,0.765402136269,0.872596021157,0.979373585601,1.),
  .UNSPECIFIED.);
#856 = CARTESIAN_POINT('',(-29.,-21.15882337354,-120.));
#857 = CARTESIAN_POINT('',(-29.,-21.43067090297,-117.7445056618));
#858 = CARTESIAN_POINT('',(-29.,-21.67667552524,-115.4859049725));
#859 = CARTESIAN_POINT('',(-29.,-21.89864846131,-113.2247716876));
#860 = CARTESIAN_POINT('',(-29.,-22.0981748682,-110.9615791737));
#861 = CARTESIAN_POINT('',(-29.,-22.27668864666,-108.6967076887));
#862 = CARTESIAN_POINT('',(-29.,-22.59579856081,-104.1428312547));
#863 = CARTESIAN_POINT('',(-29.,-22.73602100721,-101.8538131454));
#864 = CARTESIAN_POINT('',(-29.,-22.85750441936,-99.56369760972));
#865 = CARTESIAN_POINT('',(-29.,-22.96146117992,-97.27273794378));
#866 = CARTESIAN_POINT('',(-29.,-23.04899759035,-94.9811365498));
#867 = CARTESIAN_POINT('',(-29.,-23.19389380062,-90.37734383926));
#868 = CARTESIAN_POINT('',(-29.,-23.25098863627,-88.06515101071));
#869 = CARTESIAN_POINT('',(-29.,-23.29346961992,-85.75262779989));
#870 = CARTESIAN_POINT('',(-29.,-23.32229686975,-83.43990521115));
#871 = CARTESIAN_POINT('',(-29.,-23.33835572909,-81.12708538323));
#872 = CARTESIAN_POINT('',(-29.,-23.34660065092,-76.49209655004));
#873 = CARTESIAN_POINT('',(-29.,-23.33869038334,-74.16993130389));
#874 = CARTESIAN_POINT('',(-29.,-23.31957196845,-71.84782228045));
#875 = CARTESIAN_POINT('',(-29.,-23.2900150614,-69.52582943469));
#876 = CARTESIAN_POINT('',(-29.,-23.2507341931,-67.20399641362));
#877 = CARTESIAN_POINT('',(-29.,-23.16524055673,-63.09773156623));
#878 = CARTESIAN_POINT('',(-29.,-23.12273297317,-61.31322430882));
#879 = CARTESIAN_POINT('',(-29.,-23.07517711492,-59.52884190462));
#880 = CARTESIAN_POINT('',(-29.,-23.02285946722,-57.74459426222));
#881 = CARTESIAN_POINT('',(-29.,-22.96605141214,-55.96048796853));
#882 = CARTESIAN_POINT('',(-29.,-22.84386595072,-52.38952626944));
#883 = CARTESIAN_POINT('',(-29.,-22.77847432773,-50.60267177309));
#884 = CARTESIAN_POINT('',(-29.,-22.70909415772,-48.8159661651));
#885 = CARTESIAN_POINT('',(-29.,-22.63597107162,-47.02941083643));
#886 = CARTESIAN_POINT('',(-29.,-22.55933796525,-45.24300516464));
#887 = CARTESIAN_POINT('',(-29.,-22.39945562685,-41.6696741862));
#888 = CARTESIAN_POINT('',(-29.,-22.31620374339,-39.88274929925));
#889 = CARTESIAN_POINT('',(-29.,-22.22987996638,-38.09596930762));
#890 = CARTESIAN_POINT('',(-29.,-22.14069385816,-36.30933056291));
#891 = CARTESIAN_POINT('',(-29.,-22.04884392591,-34.5228283138));
#892 = CARTESIAN_POINT('',(-29.,-21.86055766268,-30.95702302216));
#893 = CARTESIAN_POINT('',(-29.,-21.76414074957,-29.17771916234));
#894 = CARTESIAN_POINT('',(-29.,-21.66545228659,-27.39853940158));
#895 = CARTESIAN_POINT('',(-29.,-21.56466786395,-25.61947755105));
#896 = CARTESIAN_POINT('',(-29.,-21.4619532579,-23.84052695806));
#897 = CARTESIAN_POINT('',(-29.,-21.33728013575,-21.71805753374));
#898 = CARTESIAN_POINT('',(-29.,-21.31702963809,-21.37443845042));
#899 = CARTESIAN_POINT('',(-29.,-21.29671406347,-21.03082320594));
#900 = CARTESIAN_POINT('',(-29.,-21.27633452459,-20.68721174987));
#901 = CARTESIAN_POINT('',(-29.,-21.25589212101,-20.34360403153));
#902 = CARTESIAN_POINT('',(-29.,-21.23538793917,-20.));
#903 = PCURVE('',#203,#904);
#904 = DEFINITIONAL_REPRESENTATION('',(#905),#953);
#905 = B_SPLINE_CURVE_WITH_KNOTS('',6,(#906,#907,#908,#909,#910,#911,
    #912,#913,#914,#915,#916,#917,#918,#919,#920,#921,#922,#923,#924,
    #925,#926,#927,#928,#929,#930,#931,#932,#933,#934,#935,#936,#937,
    #938,#939,#940,#941,#942,#943,#944,#945,#946,#947,#948,#949,#950,
    #951,#952),.UNSPECIFIED.,.F.,.F.,(7,5,5,5,5,5,5,5,5,7),(0.,
    0.136134241393,0.273551220945,0.412143990651,0.551294148316,
    0.658257058133,0.765402136269,0.872596021157,0.979373585601,1.),
  .UNSPECIFIED.);
#906 = CARTESIAN_POINT('',(0.,-120.8411766264));
#907 = CARTESIAN_POINT('',(2.255494338164,-120.569329097));
#908 = CARTESIAN_POINT('',(4.514095027441,-120.3233244747));
#909 = CARTESIAN_POINT('',(6.775228312383,-120.1013515386));
#910 = CARTESIAN_POINT('',(9.038420826238,-119.9018251318));
#911 = CARTESIAN_POINT('',(11.303292311241,-119.7233113533));
#912 = CARTESIAN_POINT('',(15.857168745292,-119.4042014391));
#913 = CARTESIAN_POINT('',(18.146186854564,-119.2639789927));
#914 = CARTESIAN_POINT('',(20.436302390276,-119.1424955806));
#915 = CARTESIAN_POINT('',(22.727262056218,-119.03853882));
#916 = CARTESIAN_POINT('',(25.018863450191,-118.9510024096));
#917 = CARTESIAN_POINT('',(29.622656160736,-118.8061061993));
#918 = CARTESIAN_POINT('',(31.934848989284,-118.7490113637));
#919 = CARTESIAN_POINT('',(34.247372200104,-118.70653038));
#920 = CARTESIAN_POINT('',(36.560094788841,-118.6777031302));
#921 = CARTESIAN_POINT('',(38.872914616764,-118.6616442709));
#922 = CARTESIAN_POINT('',(43.50790344996,-118.653399349));
#923 = CARTESIAN_POINT('',(45.830068696109,-118.6613096166));
#924 = CARTESIAN_POINT('',(48.152177719544,-118.6804280315));
#925 = CARTESIAN_POINT('',(50.474170565309,-118.7099849385));
#926 = CARTESIAN_POINT('',(52.796003586376,-118.7492658068));
#927 = CARTESIAN_POINT('',(56.902268433767,-118.8347594432));
#928 = CARTESIAN_POINT('',(58.68677569118,-118.8772670268));
#929 = CARTESIAN_POINT('',(60.471158095373,-118.924822885));
#930 = CARTESIAN_POINT('',(62.255405737779,-118.9771405327));
#931 = CARTESIAN_POINT('',(64.039512031466,-119.0339485878));
#932 = CARTESIAN_POINT('',(67.610473730553,-119.1561340492));
#933 = CARTESIAN_POINT('',(69.397328226907,-119.2215256722));
#934 = CARTESIAN_POINT('',(71.184033834897,-119.2909058422));
#935 = CARTESIAN_POINT('',(72.970589163569,-119.3640289283));
#936 = CARTESIAN_POINT('',(74.75699483536,-119.4406620347));
#937 = CARTESIAN_POINT('',(78.330325813795,-119.6005443731));
#938 = CARTESIAN_POINT('',(80.117250700744,-119.6837962566));
#939 = CARTESIAN_POINT('',(81.90403069238,-119.7701200336));
#940 = CARTESIAN_POINT('',(83.690669437085,-119.8593061418));
#941 = CARTESIAN_POINT('',(85.477171686191,-119.951156074));
#942 = CARTESIAN_POINT('',(89.042976977839,-120.1394423373));
#943 = CARTESIAN_POINT('',(90.822280837655,-120.2358592504));
#944 = CARTESIAN_POINT('',(92.601460598411,-120.3345477134));
#945 = CARTESIAN_POINT('',(94.380522448943,-120.435332136));
#946 = CARTESIAN_POINT('',(96.15947304194,-120.538046742));
#947 = CARTESIAN_POINT('',(98.281942466259,-120.6627198642));
#948 = CARTESIAN_POINT('',(98.625561549575,-120.6829703619));
#949 = CARTESIAN_POINT('',(98.969176794059,-120.7032859365));
#950 = CARTESIAN_POINT('',(99.31278825013,-120.7236654754));
#951 = CARTESIAN_POINT('',(99.656395968467,-120.7441078789));
#952 = CARTESIAN_POINT('',(100.,-120.7646120608));
#953 = ( GEOMETRIC_REPRESENTATION_CONTEXT(2) 
PARAMETRIC_REPRESENTATION_CONTEXT() REPRESENTATION_CONTEXT('2D SPACE',''
  ) );
#954 = PCURVE('',#955,#1031);
#955 = ( BOUNDED_SURFACE() B_SPLINE_SURFACE(14,4,(
    (#956,#957,#958,#959,#960)
    ,(#961,#962,#963,#964,#965)
    ,(#966,#967,#968,#969,#970)
    ,(#971,#972,#973,#974,#975)
    ,(#976,#977,#978,#979,#980)
    ,(#981,#982,#983,#984,#985)
    ,(#986,#987,#988,#989,#990)
    ,(#991,#992,#993,#994,#995)
    ,(#996,#997,#998,#999,#1000)
    ,(#1001,#1002,#1003,#1004,#1005)
    ,(#1006,#1007,#1008,#1009,#1010)
    ,(#1011,#1012,#1013,#1014,#1015)
    ,(#1016,#1017,#1018,#1019,#1020)
    ,(#1021,#1022,#1023,#1024,#1025)
    ,(#1026,#1027,#1028,#1029,#1030
)),.UNSPECIFIED.,.T.,.F.,.F.) B_SPLINE_SURFACE_WITH_KNOTS((15,15),(5,5),
  (0.,1.),(0.,1.),.PIECEWISE_BEZIER_KNOTS.) 
GEOMETRIC_REPRESENTATION_ITEM() RATIONAL_B_SPLINE_SURFACE((
    (1.,1.,1.,1.,1.)
    ,(1.,1.,1.,1.,1.)
    ,(1.,1.,1.,1.,1.)
    ,(1.,1.,1.,1.,1.)
    ,(1.,1.,1.,1.,1.)
    ,(1.,1.,1.,1.,1.)
    ,(1.,1.,1.,1.,1.)
    ,(1.,1.,1.,1.,1.)
    ,(1.,1.,1.,1.,1.)
    ,(1.,1.,1.,1.,1.)
    ,(1.,1.,1.,1.,1.)
    ,(1.,1.,1.,1.,1.)
    ,(1.,1.,1.,1.,1.)
    ,(1.,1.,1.,1.,1.)
,(1.,1.,1.,1.,1.))) REPRESENTATION_ITEM('') SURFACE() );
#956 = CARTESIAN_POINT('',(31.45,-1.186938746857E-14,-167.5));
#957 = CARTESIAN_POINT('',(77.811512525975,-5.541126402806E-14,
    -92.97490043913));
#958 = CARTESIAN_POINT('',(31.933717865004,1.735387258849E-14,
    6.068437044333));
#959 = CARTESIAN_POINT('',(48.303522983997,-6.730998134931E-14,
    81.722421637412));
#960 = CARTESIAN_POINT('',(26.68,1.687095297996E-15,167.5));
#961 = CARTESIAN_POINT('',(31.450000000009,7.405182683467,-167.5));
#962 = CARTESIAN_POINT('',(77.811512525979,19.182728815088,
    -92.97490043913));
#963 = CARTESIAN_POINT('',(31.933717865012,7.528064987326,6.068437044333
    ));
#964 = CARTESIAN_POINT('',(48.303522983999,11.68660349158,
    81.722421637412));
#965 = CARTESIAN_POINT('',(26.680000000003,6.193425517081,167.5));
#966 = CARTESIAN_POINT('',(24.62804334024,14.810368100341,-167.5));
#967 = CARTESIAN_POINT('',(60.933077992436,38.365464710909,
    -92.97490043913));
#968 = CARTESIAN_POINT('',(25.006835853561,15.056132753449,
    6.068437044333));
#969 = CARTESIAN_POINT('',(37.825795152241,23.373211296933,
    81.722421637412));
#970 = CARTESIAN_POINT('',(20.892724843189,12.386853320291,167.5));
#971 = CARTESIAN_POINT('',(10.984121299697,20.341519218469,-167.5));
#972 = CARTESIAN_POINT('',(27.176187347856,52.693615206292,
    -92.97490043913));
#973 = CARTESIAN_POINT('',(11.153062975488,20.679068317787,
    6.068437044333));
#974 = CARTESIAN_POINT('',(16.870326093914,32.102282912386,
    81.722421637412));
#975 = CARTESIAN_POINT('',(9.318167131127,17.012906982703,167.5));
#976 = CARTESIAN_POINT('',(-7.441403833667,22.124810331106,-167.5));
#977 = CARTESIAN_POINT('',(-18.41102981228,57.313135247017,
    -92.97490043913));
#978 = CARTESIAN_POINT('',(-7.555856615049,22.491951532539,
    6.068437044333));
#979 = CARTESIAN_POINT('',(-11.42912626712,34.916611340779,
    81.722421637412));
#980 = CARTESIAN_POINT('',(-6.312771201204,18.504386822415,167.5));
#981 = CARTESIAN_POINT('',(-26.56819451945,18.958118206705,-167.5));
#982 = CARTESIAN_POINT('',(-65.73327188155,49.109989037304,
    -92.97490043913));
#983 = CARTESIAN_POINT('',(-26.97682759831,19.272711018208,
    6.068437044333));
#984 = CARTESIAN_POINT('',(-40.80564052892,29.919047226616,
    81.722421637412));
#985 = CARTESIAN_POINT('',(-22.53861461961,15.855880681914,167.5));
#986 = CARTESIAN_POINT('',(-41.16936151748,10.987106546812,-167.5));
#987 = CARTESIAN_POINT('',(-101.8585147649,28.461510587646,
    -92.97490043913));
#988 = CARTESIAN_POINT('',(-41.80256837466,11.1694276354,6.068437044333)
  );
#989 = CARTESIAN_POINT('',(-63.23132592259,17.339471991519,
    81.722421637412));
#990 = CARTESIAN_POINT('',(-34.92523260016,9.189216384686,167.5));
#991 = CARTESIAN_POINT('',(-46.66640953406,2.722599546345E-10,-167.5));
#992 = CARTESIAN_POINT('',(-115.4589478555,8.527878170213E-10,
    -92.97490043913));
#993 = CARTESIAN_POINT('',(-47.38416393732,-1.287539912633E-10,
    6.068437044333));
#994 = CARTESIAN_POINT('',(-71.67414898396,4.959268647651E-10,
    81.722421637412));
#995 = CARTESIAN_POINT('',(-39.58854710275,1.375965552571E-10,167.5));
#996 = CARTESIAN_POINT('',(-41.16936151751,-10.98710654731,-167.5));
#997 = CARTESIAN_POINT('',(-101.8585147648,-28.4615105892,
    -92.97490043913));
#998 = CARTESIAN_POINT('',(-41.80256837487,-11.16942763517,
    6.068437044333));
#999 = CARTESIAN_POINT('',(-63.23132592246,-17.33947199242,
    81.722421637412));
#1000 = CARTESIAN_POINT('',(-34.92523260015,-9.189216384939,167.5));
#1001 = CARTESIAN_POINT('',(-26.5681945194,-18.95811820632,-167.5));
#1002 = CARTESIAN_POINT('',(-65.73327188174,-49.10998903613,
    -92.97490043913));
#1003 = CARTESIAN_POINT('',(-26.97682759799,-19.27271101836,
    6.068437044333));
#1004 = CARTESIAN_POINT('',(-40.80564052912,-29.91904722592,
    81.722421637412));
#1005 = CARTESIAN_POINT('',(-22.53861461963,-15.85588068172,167.5));
#1006 = CARTESIAN_POINT('',(-7.441403833711,-22.12481033134,-167.5));
#1007 = CARTESIAN_POINT('',(-18.41102981211,-57.31313524773,
    -92.97490043913));
#1008 = CARTESIAN_POINT('',(-7.555856615323,-22.49195153246,
    6.068437044333));
#1009 = CARTESIAN_POINT('',(-11.42912626694,-34.9166113412,
    81.722421637412));
#1010 = CARTESIAN_POINT('',(-6.312771201188,-18.50438682253,167.5));
#1011 = CARTESIAN_POINT('',(10.984121299721,-20.34151921835,-167.5));
#1012 = CARTESIAN_POINT('',(27.176187347759,-52.69361520594,
    -92.97490043913));
#1013 = CARTESIAN_POINT('',(11.153062975651,-20.6790683178,
    6.068437044333));
#1014 = CARTESIAN_POINT('',(16.870326093809,-32.10228291217,
    81.722421637412));
#1015 = CARTESIAN_POINT('',(9.318167131117,-17.01290698264,167.5));
#1016 = CARTESIAN_POINT('',(24.628043340231,-14.81036810038,-167.5));
#1017 = CARTESIAN_POINT('',(60.933077992475,-38.36546471103,
    -92.97490043913));
#1018 = CARTESIAN_POINT('',(25.006835853495,-15.05613275344,
    6.068437044333));
#1019 = CARTESIAN_POINT('',(37.825795152284,-23.373211297,
    81.722421637412));
#1020 = CARTESIAN_POINT('',(20.892724843192,-12.38685332031,167.5));
#1021 = CARTESIAN_POINT('',(31.450000000011,-7.405182683458,-167.5));
#1022 = CARTESIAN_POINT('',(77.811512525969,-19.18272881506,
    -92.97490043913));
#1023 = CARTESIAN_POINT('',(31.933717865027,-7.528064987325,
    6.068437044333));
#1024 = CARTESIAN_POINT('',(48.303522983989,-11.68660349156,
    81.722421637412));
#1025 = CARTESIAN_POINT('',(26.680000000002,-6.193425517076,167.5));
#1026 = CARTESIAN_POINT('',(31.45,1.655232180976E-14,-167.5));
#1027 = CARTESIAN_POINT('',(77.811512525975,-1.948046309024E-14,
    -92.97490043913));
#1028 = CARTESIAN_POINT('',(31.933717865004,3.711260616E-15,
    6.068437044333));
#1029 = CARTESIAN_POINT('',(48.303522983997,4.38571528227E-14,
    81.722421637412));
#1030 = CARTESIAN_POINT('',(26.68,-5.4183321868E-15,167.5));
#1031 = DEFINITIONAL_REPRESENTATION('',(#1032),#1080);
#1032 = B_SPLINE_CURVE_WITH_KNOTS('',6,(#1033,#1034,#1035,#1036,#1037,
    #1038,#1039,#1040,#1041,#1042,#1043,#1044,#1045,#1046,#1047,#1048,
    #1049,#1050,#1051,#1052,#1053,#1054,#1055,#1056,#1057,#1058,#1059,
    #1060,#1061,#1062,#1063,#1064,#1065,#1066,#1067,#1068,#1069,#1070,
    #1071,#1072,#1073,#1074,#1075,#1076,#1077,#1078,#1079),
  .UNSPECIFIED.,.F.,.F.,(7,5,5,5,5,5,5,5,5,7),(0.,0.136134241393,
    0.273551220945,0.412143990651,0.551294148316,0.658257058133,
    0.765402136269,0.872596021157,0.979373585601,1.),.UNSPECIFIED.);
#1033 = CARTESIAN_POINT('',(0.648686511959,0.150243667834));
#1034 = CARTESIAN_POINT('',(0.649633658011,0.157069556164));
#1035 = CARTESIAN_POINT('',(0.650472000626,0.163880559759));
#1036 = CARTESIAN_POINT('',(0.651215129673,0.170676624205));
#1037 = CARTESIAN_POINT('',(0.65187339043,0.177457920727));
#1038 = CARTESIAN_POINT('',(0.652455244845,0.184224817388));
#1039 = CARTESIAN_POINT('',(0.653484996492,0.19779456043));
#1040 = CARTESIAN_POINT('',(0.653931583161,0.204597105541));
#1041 = CARTESIAN_POINT('',(0.654314660107,0.211386060449));
#1042 = CARTESIAN_POINT('',(0.654640019934,0.218162049184));
#1043 = CARTESIAN_POINT('',(0.654912426419,0.224925768646));
#1044 = CARTESIAN_POINT('',(0.655361460196,0.23848798446));
#1045 = CARTESIAN_POINT('',(0.655537244742,0.245286262922));
#1046 = CARTESIAN_POINT('',(0.655667521347,0.252073605219));
#1047 = CARTESIAN_POINT('',(0.655755758506,0.258850802908));
#1048 = CARTESIAN_POINT('',(0.655804886657,0.265618663698));
#1049 = CARTESIAN_POINT('',(0.655830108916,0.279164553969));
#1050 = CARTESIAN_POINT('',(0.655805907493,0.285942503341));
#1051 = CARTESIAN_POINT('',(0.655747452347,0.292712698307));
#1052 = CARTESIAN_POINT('',(0.655656946302,0.29947595668));
#1053 = CARTESIAN_POINT('',(0.655536298577,0.306233085759));
#1054 = CARTESIAN_POINT('',(0.655272611956,0.318174909598));
#1055 = CARTESIAN_POINT('',(0.655141207433,0.323361780583));
#1056 = CARTESIAN_POINT('',(0.654993770301,0.328545862486));
#1057 = CARTESIAN_POINT('',(0.654830997678,0.333727508267));
#1058 = CARTESIAN_POINT('',(0.654653525728,0.338907063112));
#1059 = CARTESIAN_POINT('',(0.654270033927,0.349271486384));
#1060 = CARTESIAN_POINT('',(0.654063967651,0.354456347784));
#1061 = CARTESIAN_POINT('',(0.653844329926,0.359639789127));
#1062 = CARTESIAN_POINT('',(0.653611666679,0.364822139886));
#1063 = CARTESIAN_POINT('',(0.653366483971,0.370003719671));
#1064 = CARTESIAN_POINT('',(0.652851894862,0.380368316901));
#1065 = CARTESIAN_POINT('',(0.652582480179,0.385551333352));
#1066 = CARTESIAN_POINT('',(0.652301472306,0.39073419761));
#1067 = CARTESIAN_POINT('',(0.652009312989,0.395917208446));
#1068 = CARTESIAN_POINT('',(0.651706417369,0.401100653376));
#1069 = CARTESIAN_POINT('',(0.651081147168,0.411448829688));
#1070 = CARTESIAN_POINT('',(0.650758854344,0.416613555146));
#1071 = CARTESIAN_POINT('',(0.650426680645,0.421779258028));
#1072 = CARTESIAN_POINT('',(0.650084992534,0.426946199186));
#1073 = CARTESIAN_POINT('',(0.649734137803,0.432114627335));
#1074 = CARTESIAN_POINT('',(0.649304963177,0.438283506568));
#1075 = CARTESIAN_POINT('',(0.649235151067,0.439282298383));
#1076 = CARTESIAN_POINT('',(0.649165011546,0.44028115622));
#1077 = CARTESIAN_POINT('',(0.649094546953,0.441280081768));
#1078 = CARTESIAN_POINT('',(0.649023759663,0.442279076686));
#1079 = CARTESIAN_POINT('',(0.648952652085,0.4432781426));
#1080 = ( GEOMETRIC_REPRESENTATION_CONTEXT(2) 
PARAMETRIC_REPRESENTATION_CONTEXT() REPRESENTATION_CONTEXT('2D SPACE',''
  ) );
#1081 = ADVANCED_FACE('',(#1082),#736,.T.);
#1082 = FACE_BOUND('',#1083,.T.);
#1083 = EDGE_LOOP('',(#1084,#1085,#1086,#1109));
#1084 = ORIENTED_EDGE('',*,*,#806,.F.);
#1085 = ORIENTED_EDGE('',*,*,#612,.F.);
#1086 = ORIENTED_EDGE('',*,*,#1087,.T.);
#1087 = EDGE_CURVE('',#453,#1088,#1090,.T.);
#1088 = VERTEX_POINT('',#1089);
#1089 = CARTESIAN_POINT('',(29.,-21.23538794255,-20.));
#1090 = SURFACE_CURVE('',#1091,(#1095,#1102),.PCURVE_S1.);
#1091 = LINE('',#1092,#1093);
#1092 = CARTESIAN_POINT('',(29.,-142.,-20.));
#1093 = VECTOR('',#1094,1.);
#1094 = DIRECTION('',(0.,1.,0.));
#1095 = PCURVE('',#736,#1096);
#1096 = DEFINITIONAL_REPRESENTATION('',(#1097),#1101);
#1097 = LINE('',#1098,#1099);
#1098 = CARTESIAN_POINT('',(58.,0.));
#1099 = VECTOR('',#1100,1.);
#1100 = DIRECTION('',(0.,1.));
#1101 = ( GEOMETRIC_REPRESENTATION_CONTEXT(2) 
PARAMETRIC_REPRESENTATION_CONTEXT() REPRESENTATION_CONTEXT('2D SPACE',''
  ) );
#1102 = PCURVE('',#556,#1103);
#1103 = DEFINITIONAL_REPRESENTATION('',(#1104),#1108);
#1104 = LINE('',#1105,#1106);
#1105 = CARTESIAN_POINT('',(100.,0.));
#1106 = VECTOR('',#1107,1.);
#1107 = DIRECTION('',(0.,-1.));
#1108 = ( GEOMETRIC_REPRESENTATION_CONTEXT(2) 
PARAMETRIC_REPRESENTATION_CONTEXT() REPRESENTATION_CONTEXT('2D SPACE',''
  ) );
#1109 = ORIENTED_EDGE('',*,*,#1110,.T.);
#1110 = EDGE_CURVE('',#1088,#807,#1111,.T.);
#1111 = SURFACE_CURVE('',#1112,(#1171,#1233),.PCURVE_S1.);
#1112 = B_SPLINE_CURVE_WITH_KNOTS('',5,(#1113,#1114,#1115,#1116,#1117,
    #1118,#1119,#1120,#1121,#1122,#1123,#1124,#1125,#1126,#1127,#1128,
    #1129,#1130,#1131,#1132,#1133,#1134,#1135,#1136,#1137,#1138,#1139,
    #1140,#1141,#1142,#1143,#1144,#1145,#1146,#1147,#1148,#1149,#1150,
    #1151,#1152,#1153,#1154,#1155,#1156,#1157,#1158,#1159,#1160,#1161,
    #1162,#1163,#1164,#1165,#1166,#1167,#1168,#1169,#1170),
  .UNSPECIFIED.,.F.,.F.,(6,4,4,4,4,4,4,4,4,4,4,4,4,4,6),(0.,
    5.804192310397E-02,0.117476530507,0.178773487359,0.241211232563,
    0.305028691766,0.369451833362,0.434710390768,0.500001465942,
    0.597331534126,0.693703415661,0.788184397455,0.879653979998,
    0.940798738569,1.),.UNSPECIFIED.);
#1113 = CARTESIAN_POINT('',(29.,-21.23538794255,-20.));
#1114 = CARTESIAN_POINT('',(28.360875654684,-21.4893474549,-20.));
#1115 = CARTESIAN_POINT('',(27.718048325895,-21.73398573748,-20.));
#1116 = CARTESIAN_POINT('',(27.071832362619,-21.96957294865,-20.));
#1117 = CARTESIAN_POINT('',(26.422502262528,-22.19634829013,-20.));
#1118 = CARTESIAN_POINT('',(25.102440328296,-22.63794458283,-20.));
#1119 = CARTESIAN_POINT('',(24.431570331464,-22.85234761806,-20.));
#1120 = CARTESIAN_POINT('',(23.757942035502,-23.05797069014,-20.));
#1121 = CARTESIAN_POINT('',(23.081781540355,-23.25501871226,-20.));
#1122 = CARTESIAN_POINT('',(21.703532660696,-23.63824474161,-20.));
#1123 = CARTESIAN_POINT('',(21.001296973206,-23.82388863969,-20.));
#1124 = CARTESIAN_POINT('',(20.296797908425,-24.000808386,-20.));
#1125 = CARTESIAN_POINT('',(19.590230709959,-24.16918203156,-20.));
#1126 = CARTESIAN_POINT('',(18.160120421323,-24.49212534578,-20.));
#1127 = CARTESIAN_POINT('',(17.436507202554,-24.64638010976,-20.));
#1128 = CARTESIAN_POINT('',(16.711111545586,-24.79209364069,-20.));
#1129 = CARTESIAN_POINT('',(15.984099932464,-24.92940992499,-20.));
#1130 = CARTESIAN_POINT('',(14.511047051041,-25.19034671893,-20.));
#1131 = CARTESIAN_POINT('',(13.764941118485,-25.31359780769,-20.));
#1132 = CARTESIAN_POINT('',(13.017464833454,-25.42833794286,-20.));
#1133 = CARTESIAN_POINT('',(12.268766395525,-25.53468025229,-20.));
#1134 = CARTESIAN_POINT('',(10.762081123355,-25.73168798115,-20.));
#1135 = CARTESIAN_POINT('',(10.004074244231,-25.82219524236,-20.));
#1136 = CARTESIAN_POINT('',(9.245101344657,-25.9043376542,-20.));
#1137 = CARTESIAN_POINT('',(8.485294500521,-25.97819487629,-20.));
#1138 = CARTESIAN_POINT('',(6.954398775276,-26.11031472352,-20.));
#1139 = CARTESIAN_POINT('',(6.183291920995,-26.16836284447,-20.));
#1140 = CARTESIAN_POINT('',(5.411586142802,-26.21803851685,-20.));
#1141 = CARTESIAN_POINT('',(4.639405710086,-26.25938999943,-20.));
#1142 = CARTESIAN_POINT('',(3.093949634629,-26.32552426244,-20.));
#1143 = CARTESIAN_POINT('',(2.320674127776,-26.35029884663,-20.));
#1144 = CARTESIAN_POINT('',(1.547163407338,-26.36680442326,-20.));
#1145 = CARTESIAN_POINT('',(0.773535730492,-26.37505684938,-20.));
#1146 = CARTESIAN_POINT('',(-1.153347130437,-26.3750548906,-20.));
#1147 = CARTESIAN_POINT('',(-2.306600311303,-26.35671314766,-20.));
#1148 = CARTESIAN_POINT('',(-3.459467816163,-26.3200315069,-20.));
#1149 = CARTESIAN_POINT('',(-4.611554386572,-26.26493134284,-20.));
#1150 = CARTESIAN_POINT('',(-6.902022146504,-26.11830344578,-20.));
#1151 = CARTESIAN_POINT('',(-8.040422951781,-26.02713967661,-20.));
#1152 = CARTESIAN_POINT('',(-9.177261817466,-25.91760844862,-20.));
#1153 = CARTESIAN_POINT('',(-10.31211011454,-25.78947790646,-20.));
#1154 = CARTESIAN_POINT('',(-12.55467721313,-25.49825561971,-20.));
#1155 = CARTESIAN_POINT('',(-13.66248696698,-25.33589977627,-20.));
#1156 = CARTESIAN_POINT('',(-14.76749569575,-25.15505026162,-20.));
#1157 = CARTESIAN_POINT('',(-15.86920494552,-24.95531978945,-20.));
#1158 = CARTESIAN_POINT('',(-18.02990263914,-24.52409031908,-20.));
#1159 = CARTESIAN_POINT('',(-19.08912765291,-24.29380799503,-20.));
#1160 = CARTESIAN_POINT('',(-20.1442145019,-24.04491535136,-20.));
#1161 = CARTESIAN_POINT('',(-21.19455761522,-23.77687472451,-20.));
#1162 = CARTESIAN_POINT('',(-22.93792392943,-23.29660080875,-20.));
#1163 = CARTESIAN_POINT('',(-23.63396200774,-23.09532708771,-20.));
#1164 = CARTESIAN_POINT('',(-24.32734705725,-22.88500242943,-20.));
#1165 = CARTESIAN_POINT('',(-25.01783501231,-22.66540559188,-20.));
#1166 = CARTESIAN_POINT('',(-26.370615856,-22.21444566874,-20.));
#1167 = CARTESIAN_POINT('',(-27.03310572752,-21.98367897485,-20.));
#1168 = CARTESIAN_POINT('',(-27.69236718016,-21.74375482411,-20.));
#1169 = CARTESIAN_POINT('',(-28.34810975954,-21.49442004733,-20.));
#1170 = CARTESIAN_POINT('',(-29.,-21.23538793917,-20.));
#1171 = PCURVE('',#736,#1172);
#1172 = DEFINITIONAL_REPRESENTATION('',(#1173),#1232);
#1173 = B_SPLINE_CURVE_WITH_KNOTS('',5,(#1174,#1175,#1176,#1177,#1178,
    #1179,#1180,#1181,#1182,#1183,#1184,#1185,#1186,#1187,#1188,#1189,
    #1190,#1191,#1192,#1193,#1194,#1195,#1196,#1197,#1198,#1199,#1200,
    #1201,#1202,#1203,#1204,#1205,#1206,#1207,#1208,#1209,#1210,#1211,
    #1212,#1213,#1214,#1215,#1216,#1217,#1218,#1219,#1220,#1221,#1222,
    #1223,#1224,#1225,#1226,#1227,#1228,#1229,#1230,#1231),
  .UNSPECIFIED.,.F.,.F.,(6,4,4,4,4,4,4,4,4,4,4,4,4,4,6),(0.,
    5.804192310397E-02,0.117476530507,0.178773487359,0.241211232563,
    0.305028691766,0.369451833362,0.434710390768,0.500001465942,
    0.597331534126,0.693703415661,0.788184397455,0.879653979998,
    0.940798738569,1.),.UNSPECIFIED.);
#1174 = CARTESIAN_POINT('',(58.,120.76461205744));
#1175 = CARTESIAN_POINT('',(57.360875654684,120.51065254509));
#1176 = CARTESIAN_POINT('',(56.718048325895,120.26601426251));
#1177 = CARTESIAN_POINT('',(56.071832362619,120.03042705134));
#1178 = CARTESIAN_POINT('',(55.422502262528,119.80365170986));
#1179 = CARTESIAN_POINT('',(54.102440328296,119.36205541716));
#1180 = CARTESIAN_POINT('',(53.431570331464,119.14765238193));
#1181 = CARTESIAN_POINT('',(52.757942035502,118.94202930985));
#1182 = CARTESIAN_POINT('',(52.081781540355,118.74498128773));
#1183 = CARTESIAN_POINT('',(50.703532660696,118.36175525838));
#1184 = CARTESIAN_POINT('',(50.001296973206,118.17611136031));
#1185 = CARTESIAN_POINT('',(49.296797908425,117.99919161399));
#1186 = CARTESIAN_POINT('',(48.590230709959,117.83081796843));
#1187 = CARTESIAN_POINT('',(47.160120421323,117.50787465421));
#1188 = CARTESIAN_POINT('',(46.436507202554,117.35361989023));
#1189 = CARTESIAN_POINT('',(45.711111545586,117.2079063593));
#1190 = CARTESIAN_POINT('',(44.984099932464,117.070590075));
#1191 = CARTESIAN_POINT('',(43.511047051041,116.80965328106));
#1192 = CARTESIAN_POINT('',(42.764941118485,116.6864021923));
#1193 = CARTESIAN_POINT('',(42.017464833454,116.57166205713));
#1194 = CARTESIAN_POINT('',(41.268766395525,116.4653197477));
#1195 = CARTESIAN_POINT('',(39.762081123355,116.26831201884));
#1196 = CARTESIAN_POINT('',(39.004074244231,116.17780475763));
#1197 = CARTESIAN_POINT('',(38.245101344657,116.09566234579));
#1198 = CARTESIAN_POINT('',(37.485294500521,116.0218051237));
#1199 = CARTESIAN_POINT('',(35.954398775276,115.88968527647));
#1200 = CARTESIAN_POINT('',(35.183291920995,115.83163715552));
#1201 = CARTESIAN_POINT('',(34.411586142802,115.78196148315));
#1202 = CARTESIAN_POINT('',(33.639405710086,115.74061000056));
#1203 = CARTESIAN_POINT('',(32.093949634629,115.67447573755));
#1204 = CARTESIAN_POINT('',(31.320674127776,115.64970115336));
#1205 = CARTESIAN_POINT('',(30.547163407338,115.63319557673));
#1206 = CARTESIAN_POINT('',(29.773535730492,115.62494315061));
#1207 = CARTESIAN_POINT('',(27.846652869563,115.62494510939));
#1208 = CARTESIAN_POINT('',(26.693399688697,115.64328685233));
#1209 = CARTESIAN_POINT('',(25.540532183837,115.67996849309));
#1210 = CARTESIAN_POINT('',(24.388445613428,115.73506865715));
#1211 = CARTESIAN_POINT('',(22.097977853496,115.88169655421));
#1212 = CARTESIAN_POINT('',(20.959577048219,115.97286032338));
#1213 = CARTESIAN_POINT('',(19.822738182534,116.08239155137));
#1214 = CARTESIAN_POINT('',(18.687889885458,116.21052209354));
#1215 = CARTESIAN_POINT('',(16.445322786864,116.50174438028));
#1216 = CARTESIAN_POINT('',(15.337513033015,116.66410022372));
#1217 = CARTESIAN_POINT('',(14.23250430425,116.84494973837));
#1218 = CARTESIAN_POINT('',(13.130795054478,117.04468021054));
#1219 = CARTESIAN_POINT('',(10.97009736086,117.47590968091));
#1220 = CARTESIAN_POINT('',(9.91087234709,117.70619200496));
#1221 = CARTESIAN_POINT('',(8.855785498096,117.95508464863));
#1222 = CARTESIAN_POINT('',(7.805442384771,118.22312527548));
#1223 = CARTESIAN_POINT('',(6.062076070562,118.70339919124));
#1224 = CARTESIAN_POINT('',(5.366037992253,118.90467291228));
#1225 = CARTESIAN_POINT('',(4.672652942745,119.11499757056));
#1226 = CARTESIAN_POINT('',(3.982164987688,119.33459440811));
#1227 = CARTESIAN_POINT('',(2.629384143994,119.78555433125));
#1228 = CARTESIAN_POINT('',(1.966894272473,120.01632102514));
#1229 = CARTESIAN_POINT('',(1.307632819836,120.25624517589));
#1230 = CARTESIAN_POINT('',(0.651890240458,120.50557995266));
#1231 = CARTESIAN_POINT('',(0.,120.76461206082));
#1232 = ( GEOMETRIC_REPRESENTATION_CONTEXT(2) 
PARAMETRIC_REPRESENTATION_CONTEXT() REPRESENTATION_CONTEXT('2D SPACE',''
  ) );
#1233 = PCURVE('',#955,#1234);
#1234 = DEFINITIONAL_REPRESENTATION('',(#1235),#1294);
#1235 = B_SPLINE_CURVE_WITH_KNOTS('',5,(#1236,#1237,#1238,#1239,#1240,
    #1241,#1242,#1243,#1244,#1245,#1246,#1247,#1248,#1249,#1250,#1251,
    #1252,#1253,#1254,#1255,#1256,#1257,#1258,#1259,#1260,#1261,#1262,
    #1263,#1264,#1265,#1266,#1267,#1268,#1269,#1270,#1271,#1272,#1273,
    #1274,#1275,#1276,#1277,#1278,#1279,#1280,#1281,#1282,#1283,#1284,
    #1285,#1286,#1287,#1288,#1289,#1290,#1291,#1292,#1293),
  .UNSPECIFIED.,.F.,.F.,(6,4,4,4,4,4,4,4,4,4,4,4,4,4,6),(0.,
    5.804192310397E-02,0.117476530507,0.178773487359,0.241211232563,
    0.305028691766,0.369451833362,0.434710390768,0.500001465942,
    0.597331534126,0.693703415661,0.788184397455,0.879653979998,
    0.940798738569,1.),.UNSPECIFIED.);
#1236 = CARTESIAN_POINT('',(0.85104734807,0.443278142579));
#1237 = CARTESIAN_POINT('',(0.848463506067,0.443278142579));
#1238 = CARTESIAN_POINT('',(0.845903318621,0.443278142579));
#1239 = CARTESIAN_POINT('',(0.843365227371,0.443278142579));
#1240 = CARTESIAN_POINT('',(0.840847827487,0.443278142579));
#1241 = CARTESIAN_POINT('',(0.83579184589,0.443278142579));
#1242 = CARTESIAN_POINT('',(0.833254210728,0.443278142579));
#1243 = CARTESIAN_POINT('',(0.830735492554,0.443278142579));
#1244 = CARTESIAN_POINT('',(0.828234418469,0.443278142579));
#1245 = CARTESIAN_POINT('',(0.823187308947,0.443278142579));
#1246 = CARTESIAN_POINT('',(0.82064232212,0.443278142579));
#1247 = CARTESIAN_POINT('',(0.818113529703,0.443278142579));
#1248 = CARTESIAN_POINT('',(0.815599721077,0.443278142579));
#1249 = CARTESIAN_POINT('',(0.81055330426,0.443278142579));
#1250 = CARTESIAN_POINT('',(0.80802121556,0.443278142579));
#1251 = CARTESIAN_POINT('',(0.805502325191,0.443278142579));
#1252 = CARTESIAN_POINT('',(0.802995520498,0.443278142579));
#1253 = CARTESIAN_POINT('',(0.79794885081,0.443278142579));
#1254 = CARTESIAN_POINT('',(0.795409478035,0.443278142579));
#1255 = CARTESIAN_POINT('',(0.79288053068,0.443278142579));
#1256 = CARTESIAN_POINT('',(0.790360953065,0.443278142579));
#1257 = CARTESIAN_POINT('',(0.785314704262,0.443278142579));
#1258 = CARTESIAN_POINT('',(0.78278819151,0.443278142579));
#1259 = CARTESIAN_POINT('',(0.780269178435,0.443278142579));
#1260 = CARTESIAN_POINT('',(0.77775667509,0.443278142579));
#1261 = CARTESIAN_POINT('',(0.772710276364,0.443278142579));
#1262 = CARTESIAN_POINT('',(0.770176524962,0.443278142579));
#1263 = CARTESIAN_POINT('',(0.767647487317,0.443278142579));
#1264 = CARTESIAN_POINT('',(0.765122198037,0.443278142579));
#1265 = CARTESIAN_POINT('',(0.760075975272,0.443278142579));
#1266 = CARTESIAN_POINT('',(0.757555043536,0.443278142579));
#1267 = CARTESIAN_POINT('',(0.755035976402,0.443278142579));
#1268 = CARTESIAN_POINT('',(0.75251783798,0.443278142579));
#1269 = CARTESIAN_POINT('',(0.746245886164,0.443278142579));
#1270 = CARTESIAN_POINT('',(0.742492068494,0.443278142579));
#1271 = CARTESIAN_POINT('',(0.738735183626,0.443278142579));
#1272 = CARTESIAN_POINT('',(0.734972111916,0.443278142579));
#1273 = CARTESIAN_POINT('',(0.727464381501,0.443278142579));
#1274 = CARTESIAN_POINT('',(0.723719909065,0.443278142579));
#1275 = CARTESIAN_POINT('',(0.719963135811,0.443278142579));
#1276 = CARTESIAN_POINT('',(0.716190873397,0.443278142579));
#1277 = CARTESIAN_POINT('',(0.708682823353,0.443278142579));
#1278 = CARTESIAN_POINT('',(0.704947787438,0.443278142579));
#1279 = CARTESIAN_POINT('',(0.70119127053,0.443278142579));
#1280 = CARTESIAN_POINT('',(0.697409838528,0.443278142579));
#1281 = CARTESIAN_POINT('',(0.689910869094,0.443278142579));
#1282 = CARTESIAN_POINT('',(0.686195157289,0.443278142579));
#1283 = CARTESIAN_POINT('',(0.682448978783,0.443278142579));
#1284 = CARTESIAN_POINT('',(0.678668576402,0.443278142579));
#1285 = CARTESIAN_POINT('',(0.672296741608,0.443278142579));
#1286 = CARTESIAN_POINT('',(0.669726648818,0.443278142579));
#1287 = CARTESIAN_POINT('',(0.667138036759,0.443278142579));
#1288 = CARTESIAN_POINT('',(0.664529528004,0.443278142579));
#1289 = CARTESIAN_POINT('',(0.659353253472,0.443278142579));
#1290 = CARTESIAN_POINT('',(0.656786833735,0.443278142579));
#1291 = CARTESIAN_POINT('',(0.654198946412,0.443278142579));
#1292 = CARTESIAN_POINT('',(0.6515881036,0.443278142579));
#1293 = CARTESIAN_POINT('',(0.648952651835,0.443278142579));
#1294 = ( GEOMETRIC_REPRESENTATION_CONTEXT(2) 
PARAMETRIC_REPRESENTATION_CONTEXT() REPRESENTATION_CONTEXT('2D SPACE',''
  ) );
#1295 = ADVANCED_FACE('',(#1296),#556,.T.);
#1296 = FACE_BOUND('',#1297,.T.);
#1297 = EDGE_LOOP('',(#1298,#1299,#1300,#1323));
#1298 = ORIENTED_EDGE('',*,*,#1087,.F.);
#1299 = ORIENTED_EDGE('',*,*,#452,.F.);
#1300 = ORIENTED_EDGE('',*,*,#1301,.T.);
#1301 = EDGE_CURVE('',#260,#1302,#1304,.T.);
#1302 = VERTEX_POINT('',#1303);
#1303 = CARTESIAN_POINT('',(29.,-21.15882337673,-120.));
#1304 = SURFACE_CURVE('',#1305,(#1309,#1316),.PCURVE_S1.);
#1305 = LINE('',#1306,#1307);
#1306 = CARTESIAN_POINT('',(29.,-142.,-120.));
#1307 = VECTOR('',#1308,1.);
#1308 = DIRECTION('',(0.,1.,0.));
#1309 = PCURVE('',#556,#1310);
#1310 = DEFINITIONAL_REPRESENTATION('',(#1311),#1315);
#1311 = LINE('',#1312,#1313);
#1312 = CARTESIAN_POINT('',(0.,0.));
#1313 = VECTOR('',#1314,1.);
#1314 = DIRECTION('',(0.,-1.));
#1315 = ( GEOMETRIC_REPRESENTATION_CONTEXT(2) 
PARAMETRIC_REPRESENTATION_CONTEXT() REPRESENTATION_CONTEXT('2D SPACE',''
  ) );
#1316 = PCURVE('',#385,#1317);
#1317 = DEFINITIONAL_REPRESENTATION('',(#1318),#1322);
#1318 = LINE('',#1319,#1320);
#1319 = CARTESIAN_POINT('',(58.,0.));
#1320 = VECTOR('',#1321,1.);
#1321 = DIRECTION('',(0.,1.));
#1322 = ( GEOMETRIC_REPRESENTATION_CONTEXT(2) 
PARAMETRIC_REPRESENTATION_CONTEXT() REPRESENTATION_CONTEXT('2D SPACE',''
  ) );
#1323 = ORIENTED_EDGE('',*,*,#1324,.T.);
#1324 = EDGE_CURVE('',#1302,#1088,#1325,.T.);
#1325 = SURFACE_CURVE('',#1326,(#1374,#1425),.PCURVE_S1.);
#1326 = B_SPLINE_CURVE_WITH_KNOTS('',6,(#1327,#1328,#1329,#1330,#1331,
    #1332,#1333,#1334,#1335,#1336,#1337,#1338,#1339,#1340,#1341,#1342,
    #1343,#1344,#1345,#1346,#1347,#1348,#1349,#1350,#1351,#1352,#1353,
    #1354,#1355,#1356,#1357,#1358,#1359,#1360,#1361,#1362,#1363,#1364,
    #1365,#1366,#1367,#1368,#1369,#1370,#1371,#1372,#1373),
  .UNSPECIFIED.,.F.,.F.,(7,5,5,5,5,5,5,5,5,7),(0.,0.1361342409,
    0.273551220447,0.412143990149,0.551294145735,0.658257055545,
    0.765402133679,0.872596018567,0.979373583014,1.),.UNSPECIFIED.);
#1327 = CARTESIAN_POINT('',(29.,-21.15882337673,-120.));
#1328 = CARTESIAN_POINT('',(29.,-21.43067090585,-117.74450567));
#1329 = CARTESIAN_POINT('',(29.,-21.6766755279,-115.485904989));
#1330 = CARTESIAN_POINT('',(29.,-21.89864846384,-113.2247717123));
#1331 = CARTESIAN_POINT('',(29.,-22.09817487068,-110.9615792066));
#1332 = CARTESIAN_POINT('',(29.,-22.27668864917,-108.6967077299));
#1333 = CARTESIAN_POINT('',(29.,-22.59579856409,-104.1428313042));
#1334 = CARTESIAN_POINT('',(29.,-22.7360210111,-101.853813195));
#1335 = CARTESIAN_POINT('',(29.,-22.85750442379,-99.56369765944));
#1336 = CARTESIAN_POINT('',(29.,-22.96146118484,-97.27273799359));
#1337 = CARTESIAN_POINT('',(29.,-23.04899759572,-94.9811365997));
#1338 = CARTESIAN_POINT('',(29.,-23.1938938068,-90.37734388931));
#1339 = CARTESIAN_POINT('',(29.,-23.25098864281,-88.06515106083));
#1340 = CARTESIAN_POINT('',(29.,-23.29346962678,-85.75262785008));
#1341 = CARTESIAN_POINT('',(29.,-23.3222968769,-83.43990526141));
#1342 = CARTESIAN_POINT('',(29.,-23.3383557365,-81.12708543355));
#1343 = CARTESIAN_POINT('',(29.,-23.34660065872,-76.4920966351));
#1344 = CARTESIAN_POINT('',(29.,-23.33869039162,-74.16993142364));
#1345 = CARTESIAN_POINT('',(29.,-23.31957197751,-71.84782243488));
#1346 = CARTESIAN_POINT('',(29.,-23.29001507151,-69.52582962379));
#1347 = CARTESIAN_POINT('',(29.,-23.25073420448,-67.20399663739));
#1348 = CARTESIAN_POINT('',(29.,-23.16524057018,-63.09773182475));
#1349 = CARTESIAN_POINT('',(29.,-23.12273298716,-61.31322456742));
#1350 = CARTESIAN_POINT('',(29.,-23.07517712942,-59.52884216332));
#1351 = CARTESIAN_POINT('',(29.,-23.0228594822,-57.744594521));
#1352 = CARTESIAN_POINT('',(29.,-22.96605142756,-55.96048822739));
#1353 = CARTESIAN_POINT('',(29.,-22.84386596694,-52.38952652842));
#1354 = CARTESIAN_POINT('',(29.,-22.77847434432,-50.60267203209));
#1355 = CARTESIAN_POINT('',(29.,-22.70909417465,-48.81596642413));
#1356 = CARTESIAN_POINT('',(29.,-22.63597108885,-47.02941109548));
#1357 = CARTESIAN_POINT('',(29.,-22.55933798276,-45.24300542372));
#1358 = CARTESIAN_POINT('',(29.,-22.39945564484,-41.66967444529));
#1359 = CARTESIAN_POINT('',(29.,-22.31620376158,-39.88274955832));
#1360 = CARTESIAN_POINT('',(29.,-22.22987998476,-38.09596956666));
#1361 = CARTESIAN_POINT('',(29.,-22.14069387668,-36.30933082193));
#1362 = CARTESIAN_POINT('',(29.,-22.04884394455,-34.52282857281));
#1363 = CARTESIAN_POINT('',(29.,-21.86055768151,-30.95702328107));
#1364 = CARTESIAN_POINT('',(29.,-21.76414076846,-29.17771942118));
#1365 = CARTESIAN_POINT('',(29.,-21.66545230551,-27.39853966036));
#1366 = CARTESIAN_POINT('',(29.,-21.56466788289,-25.61947780977));
#1367 = CARTESIAN_POINT('',(29.,-21.46195327682,-23.84052721671));
#1368 = CARTESIAN_POINT('',(29.,-21.33728015208,-21.71805774923));
#1369 = CARTESIAN_POINT('',(29.,-21.31702965186,-21.37443862281));
#1370 = CARTESIAN_POINT('',(29.,-21.29671407468,-21.03082333523));
#1371 = CARTESIAN_POINT('',(29.,-21.27633453321,-20.68721183606));
#1372 = CARTESIAN_POINT('',(29.,-21.25589212701,-20.34360407462));
#1373 = CARTESIAN_POINT('',(29.,-21.23538794255,-20.));
#1374 = PCURVE('',#556,#1375);
#1375 = DEFINITIONAL_REPRESENTATION('',(#1376),#1424);
#1376 = B_SPLINE_CURVE_WITH_KNOTS('',6,(#1377,#1378,#1379,#1380,#1381,
    #1382,#1383,#1384,#1385,#1386,#1387,#1388,#1389,#1390,#1391,#1392,
    #1393,#1394,#1395,#1396,#1397,#1398,#1399,#1400,#1401,#1402,#1403,
    #1404,#1405,#1406,#1407,#1408,#1409,#1410,#1411,#1412,#1413,#1414,
    #1415,#1416,#1417,#1418,#1419,#1420,#1421,#1422,#1423),
  .UNSPECIFIED.,.F.,.F.,(7,5,5,5,5,5,5,5,5,7),(0.,0.1361342409,
    0.273551220447,0.412143990149,0.551294145735,0.658257055545,
    0.765402133679,0.872596018567,0.979373583014,1.),.UNSPECIFIED.);
#1377 = CARTESIAN_POINT('',(0.,-120.8411766232));
#1378 = CARTESIAN_POINT('',(2.255494329932,-120.5693290941));
#1379 = CARTESIAN_POINT('',(4.514095010978,-120.323324472));
#1380 = CARTESIAN_POINT('',(6.775228287679,-120.1013515361));
#1381 = CARTESIAN_POINT('',(9.038420793301,-119.9018251293));
#1382 = CARTESIAN_POINT('',(11.303292270066,-119.7233113508));
#1383 = CARTESIAN_POINT('',(15.857168695767,-119.4042014359));
#1384 = CARTESIAN_POINT('',(18.146186804934,-119.2639789889));
#1385 = CARTESIAN_POINT('',(20.436302340551,-119.1424955762));
#1386 = CARTESIAN_POINT('',(22.727262006404,-119.0385388151));
#1387 = CARTESIAN_POINT('',(25.018863400292,-118.9510024042));
#1388 = CARTESIAN_POINT('',(29.622656110683,-118.8061061931));
#1389 = CARTESIAN_POINT('',(31.934848939161,-118.7490113571));
#1390 = CARTESIAN_POINT('',(34.247372149914,-118.7065303732));
#1391 = CARTESIAN_POINT('',(36.560094738587,-118.677703123));
#1392 = CARTESIAN_POINT('',(38.872914566447,-118.6616442634));
#1393 = CARTESIAN_POINT('',(43.507903364898,-118.6533993412));
#1394 = CARTESIAN_POINT('',(45.83006857636,-118.6613096083));
#1395 = CARTESIAN_POINT('',(48.152177565115,-118.6804280224));
#1396 = CARTESIAN_POINT('',(50.474170376206,-118.7099849284));
#1397 = CARTESIAN_POINT('',(52.796003362603,-118.7492657955));
#1398 = CARTESIAN_POINT('',(56.902268175243,-118.8347594298));
#1399 = CARTESIAN_POINT('',(58.686775432577,-118.8772670128));
#1400 = CARTESIAN_POINT('',(60.47115783668,-118.9248228705));
#1401 = CARTESIAN_POINT('',(62.255405478996,-118.9771405177));
#1402 = CARTESIAN_POINT('',(64.039511772606,-119.0339485724));
#1403 = CARTESIAN_POINT('',(67.610473471577,-119.156134033));
#1404 = CARTESIAN_POINT('',(69.397327967905,-119.2215256556));
#1405 = CARTESIAN_POINT('',(71.184033575868,-119.2909058253));
#1406 = CARTESIAN_POINT('',(72.970588904511,-119.3640289111));
#1407 = CARTESIAN_POINT('',(74.756994576273,-119.4406620172));
#1408 = CARTESIAN_POINT('',(78.330325554703,-119.6005443551));
#1409 = CARTESIAN_POINT('',(80.117250441678,-119.6837962384));
#1410 = CARTESIAN_POINT('',(81.904030433337,-119.7701200152));
#1411 = CARTESIAN_POINT('',(83.690669178064,-119.8593061233));
#1412 = CARTESIAN_POINT('',(85.47717142719,-119.9511560554));
#1413 = CARTESIAN_POINT('',(89.042976718926,-120.1394423184));
#1414 = CARTESIAN_POINT('',(90.822280578811,-120.2358592315));
#1415 = CARTESIAN_POINT('',(92.601460339634,-120.3345476944));
#1416 = CARTESIAN_POINT('',(94.38052219023,-120.4353321171));
#1417 = CARTESIAN_POINT('',(96.159472783289,-120.5380467231));
#1418 = CARTESIAN_POINT('',(98.28194225077,-120.6627198479));
#1419 = CARTESIAN_POINT('',(98.625561377187,-120.6829703481));
#1420 = CARTESIAN_POINT('',(98.96917666477,-120.7032859253));
#1421 = CARTESIAN_POINT('',(99.312788163938,-120.7236654667));
#1422 = CARTESIAN_POINT('',(99.656395925371,-120.7441078729));
#1423 = CARTESIAN_POINT('',(100.,-120.7646120574));
#1424 = ( GEOMETRIC_REPRESENTATION_CONTEXT(2) 
PARAMETRIC_REPRESENTATION_CONTEXT() REPRESENTATION_CONTEXT('2D SPACE',''
  ) );
#1425 = PCURVE('',#955,#1426);
#1426 = DEFINITIONAL_REPRESENTATION('',(#1427),#1475);
#1427 = B_SPLINE_CURVE_WITH_KNOTS('',6,(#1428,#1429,#1430,#1431,#1432,
    #1433,#1434,#1435,#1436,#1437,#1438,#1439,#1440,#1441,#1442,#1443,
    #1444,#1445,#1446,#1447,#1448,#1449,#1450,#1451,#1452,#1453,#1454,
    #1455,#1456,#1457,#1458,#1459,#1460,#1461,#1462,#1463,#1464,#1465,
    #1466,#1467,#1468,#1469,#1470,#1471,#1472,#1473,#1474),
  .UNSPECIFIED.,.F.,.F.,(7,5,5,5,5,5,5,5,5,7),(0.,0.1361342409,
    0.273551220447,0.412143990149,0.551294145735,0.658257055545,
    0.765402133679,0.872596018567,0.979373583014,1.),.UNSPECIFIED.);
#1428 = CARTESIAN_POINT('',(0.851313488006,0.150243667834));
#1429 = CARTESIAN_POINT('',(0.850366341958,0.157069556139));
#1430 = CARTESIAN_POINT('',(0.849527999345,0.163880559709));
#1431 = CARTESIAN_POINT('',(0.8487848703,0.170676624131));
#1432 = CARTESIAN_POINT('',(0.848126609545,0.177457920628));
#1433 = CARTESIAN_POINT('',(0.84754475513,0.184224817265));
#1434 = CARTESIAN_POINT('',(0.846515003482,0.197794560283));
#1435 = CARTESIAN_POINT('',(0.846068416812,0.204597105393));
#1436 = CARTESIAN_POINT('',(0.845685339865,0.211386060301));
#1437 = CARTESIAN_POINT('',(0.845359980037,0.218162049037));
#1438 = CARTESIAN_POINT('',(0.845087573551,0.224925768498));
#1439 = CARTESIAN_POINT('',(0.844638539773,0.238487984312));
#1440 = CARTESIAN_POINT('',(0.844462755226,0.245286262775));
#1441 = CARTESIAN_POINT('',(0.844332478619,0.252073605072));
#1442 = CARTESIAN_POINT('',(0.84424424146,0.258850802761));
#1443 = CARTESIAN_POINT('',(0.844195113308,0.265618663551));
#1444 = CARTESIAN_POINT('',(0.844169891048,0.279164553721));
#1445 = CARTESIAN_POINT('',(0.844194092469,0.285942502991));
#1446 = CARTESIAN_POINT('',(0.844252547613,0.292712697857));
#1447 = CARTESIAN_POINT('',(0.844343053655,0.299475956129));
#1448 = CARTESIAN_POINT('',(0.844463701376,0.306233085108));
#1449 = CARTESIAN_POINT('',(0.84472738799,0.318174908847));
#1450 = CARTESIAN_POINT('',(0.84485879251,0.323361779831));
#1451 = CARTESIAN_POINT('',(0.845006229641,0.328545861734));
#1452 = CARTESIAN_POINT('',(0.845169002262,0.333727507516));
#1453 = CARTESIAN_POINT('',(0.84534647421,0.33890706236));
#1454 = CARTESIAN_POINT('',(0.845729966008,0.349271485632));
#1455 = CARTESIAN_POINT('',(0.845936032283,0.354456347032));
#1456 = CARTESIAN_POINT('',(0.846155670005,0.359639788376));
#1457 = CARTESIAN_POINT('',(0.846388333251,0.364822139135));
#1458 = CARTESIAN_POINT('',(0.846633515958,0.37000371892));
#1459 = CARTESIAN_POINT('',(0.847148105064,0.38036831615));
#1460 = CARTESIAN_POINT('',(0.847417519746,0.3855513326));
#1461 = CARTESIAN_POINT('',(0.847698527618,0.390734196858));
#1462 = CARTESIAN_POINT('',(0.847990686933,0.395917207694));
#1463 = CARTESIAN_POINT('',(0.848293582552,0.401100652625));
#1464 = CARTESIAN_POINT('',(0.84891885275,0.411448828937));
#1465 = CARTESIAN_POINT('',(0.849241145573,0.416613554395));
#1466 = CARTESIAN_POINT('',(0.849573319271,0.421779257277));
#1467 = CARTESIAN_POINT('',(0.849915007382,0.426946198435));
#1468 = CARTESIAN_POINT('',(0.850265862111,0.432114626583));
#1469 = CARTESIAN_POINT('',(0.850695036745,0.438283505942));
#1470 = CARTESIAN_POINT('',(0.850764848864,0.439282297882));
#1471 = CARTESIAN_POINT('',(0.850834988393,0.440281155844));
#1472 = CARTESIAN_POINT('',(0.850905452995,0.441280081517));
#1473 = CARTESIAN_POINT('',(0.850976240294,0.442279076561));
#1474 = CARTESIAN_POINT('',(0.851047347881,0.4432781426));
#1475 = ( GEOMETRIC_REPRESENTATION_CONTEXT(2) 
PARAMETRIC_REPRESENTATION_CONTEXT() REPRESENTATION_CONTEXT('2D SPACE',''
  ) );
#1476 = ADVANCED_FACE('',(#1477),#385,.F.);
#1477 = FACE_BOUND('',#1478,.F.);
#1478 = EDGE_LOOP('',(#1479,#1480,#1481,#1482));
#1479 = ORIENTED_EDGE('',*,*,#830,.F.);
#1480 = ORIENTED_EDGE('',*,*,#259,.F.);
#1481 = ORIENTED_EDGE('',*,*,#1301,.T.);
#1482 = ORIENTED_EDGE('',*,*,#1483,.T.);
#1483 = EDGE_CURVE('',#1302,#831,#1484,.T.);
#1484 = SURFACE_CURVE('',#1485,(#1544,#1606),.PCURVE_S1.);
#1485 = B_SPLINE_CURVE_WITH_KNOTS('',5,(#1486,#1487,#1488,#1489,#1490,
    #1491,#1492,#1493,#1494,#1495,#1496,#1497,#1498,#1499,#1500,#1501,
    #1502,#1503,#1504,#1505,#1506,#1507,#1508,#1509,#1510,#1511,#1512,
    #1513,#1514,#1515,#1516,#1517,#1518,#1519,#1520,#1521,#1522,#1523,
    #1524,#1525,#1526,#1527,#1528,#1529,#1530,#1531,#1532,#1533,#1534,
    #1535,#1536,#1537,#1538,#1539,#1540,#1541,#1542,#1543),
  .UNSPECIFIED.,.F.,.F.,(6,4,4,4,4,4,4,4,4,4,4,4,4,4,6),(0.,
    5.909538943463E-02,0.120059064898,0.211762847442,0.306253630972,
    0.402645848334,0.500001643582,0.565653480073,0.63075320127,
    0.695270687027,0.75892418026,0.821442584524,0.882569254771,
    0.942066019558,1.),.UNSPECIFIED.);
#1486 = CARTESIAN_POINT('',(29.,-21.15882337673,-120.));
#1487 = CARTESIAN_POINT('',(28.349500968631,-21.41817990947,-120.));
#1488 = CARTESIAN_POINT('',(27.69513399141,-21.66783274163,-120.));
#1489 = CARTESIAN_POINT('',(27.037234335895,-21.90806975964,-120.));
#1490 = CARTESIAN_POINT('',(26.376093921674,-22.13914517435,-120.));
#1491 = CARTESIAN_POINT('',(25.026839738308,-22.5904565172,-120.));
#1492 = CARTESIAN_POINT('',(24.338535737899,-22.81011821808,-120.));
#1493 = CARTESIAN_POINT('',(23.647330515892,-23.02052685965,-120.));
#1494 = CARTESIAN_POINT('',(22.95346834816,-23.22190384406,-120.));
#1495 = CARTESIAN_POINT('',(21.209754567782,-23.70407932998,-120.));
#1496 = CARTESIAN_POINT('',(20.156822770409,-23.97372276099,-120.));
#1497 = CARTESIAN_POINT('',(19.099090343831,-24.22405390871,-120.));
#1498 = CARTESIAN_POINT('',(18.037172523765,-24.45561938994,-120.));
#1499 = CARTESIAN_POINT('',(15.873616758239,-24.88861669831,-120.));
#1500 = CARTESIAN_POINT('',(14.771758853911,-25.08891752189,-120.));
#1501 = CARTESIAN_POINT('',(13.666582431919,-25.27027931959,-120.));
#1502 = CARTESIAN_POINT('',(12.55858928896,-25.43309260218,-120.));
#1503 = CARTESIAN_POINT('',(10.31550387081,-25.7251490783,-120.));
#1504 = CARTESIAN_POINT('',(9.180319642885,-25.85365017514,-120.));
#1505 = CARTESIAN_POINT('',(8.043133754354,-25.96349623401,-120.));
#1506 = CARTESIAN_POINT('',(6.904377394522,-26.05492103707,-120.));
#1507 = CARTESIAN_POINT('',(4.613120850748,-26.20197199867,-120.));
#1508 = CARTESIAN_POINT('',(3.46060083921,-26.2572311578,-120.));
#1509 = CARTESIAN_POINT('',(2.307295645469,-26.29401758009,-120.));
#1510 = CARTESIAN_POINT('',(1.153602722948,-26.31241054853,-120.));
#1511 = CARTESIAN_POINT('',(-0.778085450052,-26.31240858508,-120.));
#1512 = CARTESIAN_POINT('',(-1.556078689168,-26.30404317387,-120.));
#1513 = CARTESIAN_POINT('',(-2.333952457282,-26.2873132056,-120.));
#1514 = CARTESIAN_POINT('',(-3.111585950383,-26.26220234869,-120.));
#1515 = CARTESIAN_POINT('',(-4.659590962995,-26.19543533671,-120.));
#1516 = CARTESIAN_POINT('',(-5.429968062673,-26.15392002862,-120.));
#1517 = CARTESIAN_POINT('',(-6.199868825728,-26.1041001698,-120.));
#1518 = CARTESIAN_POINT('',(-6.96916923587,-26.04592735255,-120.));
#1519 = CARTESIAN_POINT('',(-8.499437888583,-25.91334130654,-120.));
#1520 = CARTESIAN_POINT('',(-9.26041856249,-25.8390778417,-120.));
#1521 = CARTESIAN_POINT('',(-10.02055733936,-25.75648297412,-120.));
#1522 = CARTESIAN_POINT('',(-10.77972077689,-25.66547594944,-120.));
#1523 = CARTESIAN_POINT('',(-12.28566214415,-25.46777361786,-120.));
#1524 = CARTESIAN_POINT('',(-13.03246913052,-25.36130451765,-120.));
#1525 = CARTESIAN_POINT('',(-13.77805232492,-25.24645682866,-120.));
#1526 = CARTESIAN_POINT('',(-14.52226368664,-25.12311728624,-120.));
#1527 = CARTESIAN_POINT('',(-15.99437853896,-24.86154326221,-120.));
#1528 = CARTESIAN_POINT('',(-16.72233536212,-24.72361334874,-120.));
#1529 = CARTESIAN_POINT('',(-17.44866194867,-24.57723877801,-120.));
#1530 = CARTESIAN_POINT('',(-18.17318991411,-24.42227371279,-120.));
#1531 = CARTESIAN_POINT('',(-19.60219333101,-24.09847418771,-120.));
#1532 = CARTESIAN_POINT('',(-20.30675508256,-23.93002496388,-120.));
#1533 = CARTESIAN_POINT('',(-21.00924652914,-23.75304841779,-120.));
#1534 = CARTESIAN_POINT('',(-21.70947242085,-23.56736638097,-120.));
#1535 = CARTESIAN_POINT('',(-23.08635260105,-23.18337830483,-120.));
#1536 = CARTESIAN_POINT('',(-23.76313636714,-22.98554092923,-120.));
#1537 = CARTESIAN_POINT('',(-24.43736555468,-22.77907938819,-120.));
#1538 = CARTESIAN_POINT('',(-25.1088112392,-22.56378624761,-120.));
#1539 = CARTESIAN_POINT('',(-26.42805997318,-22.12095862479,-120.));
#1540 = CARTESIAN_POINT('',(-27.07601931505,-21.89389472149,-120.));
#1541 = CARTESIAN_POINT('',(-27.72085300678,-21.65801614093,-120.));
#1542 = CARTESIAN_POINT('',(-28.36228523302,-21.41308277152,-120.));
#1543 = CARTESIAN_POINT('',(-29.,-21.15882337354,-120.));
#1544 = PCURVE('',#385,#1545);
#1545 = DEFINITIONAL_REPRESENTATION('',(#1546),#1605);
#1546 = B_SPLINE_CURVE_WITH_KNOTS('',5,(#1547,#1548,#1549,#1550,#1551,
    #1552,#1553,#1554,#1555,#1556,#1557,#1558,#1559,#1560,#1561,#1562,
    #1563,#1564,#1565,#1566,#1567,#1568,#1569,#1570,#1571,#1572,#1573,
    #1574,#1575,#1576,#1577,#1578,#1579,#1580,#1581,#1582,#1583,#1584,
    #1585,#1586,#1587,#1588,#1589,#1590,#1591,#1592,#1593,#1594,#1595,
    #1596,#1597,#1598,#1599,#1600,#1601,#1602,#1603,#1604),
  .UNSPECIFIED.,.F.,.F.,(6,4,4,4,4,4,4,4,4,4,4,4,4,4,6),(0.,
    5.909538943463E-02,0.120059064898,0.211762847442,0.306253630972,
    0.402645848334,0.500001643582,0.565653480073,0.63075320127,
    0.695270687027,0.75892418026,0.821442584524,0.882569254771,
    0.942066019558,1.),.UNSPECIFIED.);
#1547 = CARTESIAN_POINT('',(58.,120.84117662326));
#1548 = CARTESIAN_POINT('',(57.349500968631,120.58182009052));
#1549 = CARTESIAN_POINT('',(56.69513399141,120.33216725836));
#1550 = CARTESIAN_POINT('',(56.037234335895,120.09193024035));
#1551 = CARTESIAN_POINT('',(55.376093921674,119.86085482564));
#1552 = CARTESIAN_POINT('',(54.026839738308,119.40954348279));
#1553 = CARTESIAN_POINT('',(53.338535737899,119.18988178191));
#1554 = CARTESIAN_POINT('',(52.647330515892,118.97947314034));
#1555 = CARTESIAN_POINT('',(51.95346834816,118.77809615593));
#1556 = CARTESIAN_POINT('',(50.209754567782,118.29592067001));
#1557 = CARTESIAN_POINT('',(49.156822770409,118.026277239));
#1558 = CARTESIAN_POINT('',(48.099090343831,117.77594609128));
#1559 = CARTESIAN_POINT('',(47.037172523765,117.54438061005));
#1560 = CARTESIAN_POINT('',(44.873616758239,117.11138330168));
#1561 = CARTESIAN_POINT('',(43.771758853911,116.9110824781));
#1562 = CARTESIAN_POINT('',(42.666582431919,116.7297206804));
#1563 = CARTESIAN_POINT('',(41.55858928896,116.56690739781));
#1564 = CARTESIAN_POINT('',(39.31550387081,116.27485092169));
#1565 = CARTESIAN_POINT('',(38.180319642885,116.14634982485));
#1566 = CARTESIAN_POINT('',(37.043133754354,116.03650376598));
#1567 = CARTESIAN_POINT('',(35.904377394522,115.94507896292));
#1568 = CARTESIAN_POINT('',(33.613120850748,115.79802800132));
#1569 = CARTESIAN_POINT('',(32.46060083921,115.74276884219));
#1570 = CARTESIAN_POINT('',(31.307295645469,115.7059824199));
#1571 = CARTESIAN_POINT('',(30.153602722948,115.68758945146));
#1572 = CARTESIAN_POINT('',(28.221914549948,115.68759141491));
#1573 = CARTESIAN_POINT('',(27.443921310832,115.69595682612));
#1574 = CARTESIAN_POINT('',(26.666047542718,115.71268679439));
#1575 = CARTESIAN_POINT('',(25.888414049617,115.73779765131));
#1576 = CARTESIAN_POINT('',(24.340409037005,115.80456466328));
#1577 = CARTESIAN_POINT('',(23.570031937327,115.84607997137));
#1578 = CARTESIAN_POINT('',(22.800131174272,115.89589983019));
#1579 = CARTESIAN_POINT('',(22.03083076413,115.95407264744));
#1580 = CARTESIAN_POINT('',(20.500562111417,116.08665869345));
#1581 = CARTESIAN_POINT('',(19.73958143751,116.16092215829));
#1582 = CARTESIAN_POINT('',(18.979442660639,116.24351702587));
#1583 = CARTESIAN_POINT('',(18.220279223105,116.33452405055));
#1584 = CARTESIAN_POINT('',(16.714337855846,116.53222638214));
#1585 = CARTESIAN_POINT('',(15.967530869473,116.63869548234));
#1586 = CARTESIAN_POINT('',(15.22194767508,116.75354317133));
#1587 = CARTESIAN_POINT('',(14.477736313359,116.87688271375));
#1588 = CARTESIAN_POINT('',(13.005621461036,117.13845673778));
#1589 = CARTESIAN_POINT('',(12.277664637871,117.27638665126));
#1590 = CARTESIAN_POINT('',(11.551338051328,117.42276122198));
#1591 = CARTESIAN_POINT('',(10.826810085888,117.5777262872));
#1592 = CARTESIAN_POINT('',(9.397806668983,117.90152581228));
#1593 = CARTESIAN_POINT('',(8.693244917432,118.06997503611));
#1594 = CARTESIAN_POINT('',(7.99075347086,118.2469515822));
#1595 = CARTESIAN_POINT('',(7.290527579148,118.43263361902));
#1596 = CARTESIAN_POINT('',(5.913647398948,118.81662169517));
#1597 = CARTESIAN_POINT('',(5.236863632856,119.01445907076));
#1598 = CARTESIAN_POINT('',(4.562634445318,119.22092061181));
#1599 = CARTESIAN_POINT('',(3.891188760794,119.43621375238));
#1600 = CARTESIAN_POINT('',(2.571940026811,119.8790413752));
#1601 = CARTESIAN_POINT('',(1.923980684948,120.1061052785));
#1602 = CARTESIAN_POINT('',(1.279146993217,120.34198385906));
#1603 = CARTESIAN_POINT('',(0.637714766972,120.58691722847));
#1604 = CARTESIAN_POINT('',(0.,120.84117662645));
#1605 = ( GEOMETRIC_REPRESENTATION_CONTEXT(2) 
PARAMETRIC_REPRESENTATION_CONTEXT() REPRESENTATION_CONTEXT('2D SPACE',''
  ) );
#1606 = PCURVE('',#955,#1607);
#1607 = DEFINITIONAL_REPRESENTATION('',(#1608),#1667);
#1608 = B_SPLINE_CURVE_WITH_KNOTS('',5,(#1609,#1610,#1611,#1612,#1613,
    #1614,#1615,#1616,#1617,#1618,#1619,#1620,#1621,#1622,#1623,#1624,
    #1625,#1626,#1627,#1628,#1629,#1630,#1631,#1632,#1633,#1634,#1635,
    #1636,#1637,#1638,#1639,#1640,#1641,#1642,#1643,#1644,#1645,#1646,
    #1647,#1648,#1649,#1650,#1651,#1652,#1653,#1654,#1655,#1656,#1657,
    #1658,#1659,#1660,#1661,#1662,#1663,#1664,#1665,#1666),
  .UNSPECIFIED.,.F.,.F.,(6,4,4,4,4,4,4,4,4,4,4,4,4,4,6),(0.,
    5.909538943463E-02,0.120059064898,0.211762847442,0.306253630972,
    0.402645848334,0.500001643582,0.565653480073,0.63075320127,
    0.695270687027,0.75892418026,0.821442584524,0.882569254771,
    0.942066019558,1.),.UNSPECIFIED.);
#1609 = CARTESIAN_POINT('',(0.851313488006,0.150243667834));
#1610 = CARTESIAN_POINT('',(0.848674439958,0.150243667834));
#1611 = CARTESIAN_POINT('',(0.846060135137,0.150243667834));
#1612 = CARTESIAN_POINT('',(0.8434689068,0.150243667834));
#1613 = CARTESIAN_POINT('',(0.840899263253,0.150243667834));
#1614 = CARTESIAN_POINT('',(0.835719748331,0.150243667834));
#1615 = CARTESIAN_POINT('',(0.833111180149,0.150243667834));
#1616 = CARTESIAN_POINT('',(0.83052257041,0.150243667834));
#1617 = CARTESIAN_POINT('',(0.827952539421,0.150243667834));
#1618 = CARTESIAN_POINT('',(0.821559852485,0.150243667834));
#1619 = CARTESIAN_POINT('',(0.817759037344,0.150243667834));
#1620 = CARTESIAN_POINT('',(0.813992925063,0.150243667834));
#1621 = CARTESIAN_POINT('',(0.810257694294,0.150243667834));
#1622 = CARTESIAN_POINT('',(0.802729152567,0.150243667834));
#1623 = CARTESIAN_POINT('',(0.79893754894,0.150243667834));
#1624 = CARTESIAN_POINT('',(0.795171062325,0.150243667834));
#1625 = CARTESIAN_POINT('',(0.791426229131,0.150243667834));
#1626 = CARTESIAN_POINT('',(0.783898273479,0.150243667834));
#1627 = CARTESIAN_POINT('',(0.780115912928,0.150243667834));
#1628 = CARTESIAN_POINT('',(0.776349166524,0.150243667834));
#1629 = CARTESIAN_POINT('',(0.772594819673,0.150243667834));
#1630 = CARTESIAN_POINT('',(0.765067187973,0.150243667834));
#1631 = CARTESIAN_POINT('',(0.761294091907,0.150243667834));
#1632 = CARTESIAN_POINT('',(0.75752723238,0.150243667834));
#1633 = CARTESIAN_POINT('',(0.753763464396,0.150243667834));
#1634 = CARTESIAN_POINT('',(0.747461607182,0.150243667834));
#1635 = CARTESIAN_POINT('',(0.744923513767,0.150243667834));
#1636 = CARTESIAN_POINT('',(0.742384469202,0.150243667834));
#1637 = CARTESIAN_POINT('',(0.739843515004,0.150243667834));
#1638 = CARTESIAN_POINT('',(0.734777247483,0.150243667834));
#1639 = CARTESIAN_POINT('',(0.732251981269,0.150243667834));
#1640 = CARTESIAN_POINT('',(0.729722943936,0.150243667834));
#1641 = CARTESIAN_POINT('',(0.72718916978,0.150243667834));
#1642 = CARTESIAN_POINT('',(0.722132882027,0.150243667834));
#1643 = CARTESIAN_POINT('',(0.719610469291,0.150243667834));
#1644 = CARTESIAN_POINT('',(0.717081468596,0.150243667834));
#1645 = CARTESIAN_POINT('',(0.714544877602,0.150243667834));
#1646 = CARTESIAN_POINT('',(0.709488515815,0.150243667834));
#1647 = CARTESIAN_POINT('',(0.706968973489,0.150243667834));
#1648 = CARTESIAN_POINT('',(0.704440027001,0.150243667834));
#1649 = CARTESIAN_POINT('',(0.701900619804,0.150243667834));
#1650 = CARTESIAN_POINT('',(0.696844148518,0.150243667834));
#1651 = CARTESIAN_POINT('',(0.69432749225,0.150243667834));
#1652 = CARTESIAN_POINT('',(0.691798616405,0.150243667834));
#1653 = CARTESIAN_POINT('',(0.689256393792,0.150243667834));
#1654 = CARTESIAN_POINT('',(0.684199771023,0.150243667834));
#1655 = CARTESIAN_POINT('',(0.681686010043,0.150243667834));
#1656 = CARTESIAN_POINT('',(0.679157219254,0.150243667834));
#1657 = CARTESIAN_POINT('',(0.676612186408,0.150243667834));
#1658 = CARTESIAN_POINT('',(0.671555360883,0.150243667834));
#1659 = CARTESIAN_POINT('',(0.669044493093,0.150243667834));
#1660 = CARTESIAN_POINT('',(0.666515792204,0.150243667834));
#1661 = CARTESIAN_POINT('',(0.6639679683,0.150243667834));
#1662 = CARTESIAN_POINT('',(0.658898681815,0.150243667834));
#1663 = CARTESIAN_POINT('',(0.656378288693,0.150243667834));
#1664 = CARTESIAN_POINT('',(0.6538371004,0.150243667834));
#1665 = CARTESIAN_POINT('',(0.651273693659,0.150243667834));
#1666 = CARTESIAN_POINT('',(0.648686510839,0.150243667834));
#1667 = ( GEOMETRIC_REPRESENTATION_CONTEXT(2) 
PARAMETRIC_REPRESENTATION_CONTEXT() REPRESENTATION_CONTEXT('2D SPACE',''
  ) );
#1668 = ADVANCED_FACE('',(#1669),#955,.F.);
#1669 = FACE_BOUND('',#1670,.F.);
#1670 = EDGE_LOOP('',(#1671,#1672,#1673,#1674));
#1671 = ORIENTED_EDGE('',*,*,#853,.F.);
#1672 = ORIENTED_EDGE('',*,*,#1483,.F.);
#1673 = ORIENTED_EDGE('',*,*,#1324,.T.);
#1674 = ORIENTED_EDGE('',*,*,#1110,.T.);
#1675 = ( GEOMETRIC_REPRESENTATION_CONTEXT(3) 
GLOBAL_UNCERTAINTY_ASSIGNED_CONTEXT((#1679)) 
GLOBAL_UNIT_ASSIGNED_CONTEXT((#1676,#1677,#1678)) REPRESENTATION_CONTEXT
('Context #1','3D Context with UNIT and UNCERTAINTY') );
#1676 = ( LENGTH_UNIT() NAMED_UNIT(*) SI_UNIT(.MILLI.,.METRE.) );
#1677 = ( NAMED_UNIT(*) PLANE_ANGLE_UNIT() SI_UNIT($,.RADIAN.) );
#1678 = ( NAMED_UNIT(*) SI_UNIT($,.STERADIAN.) SOLID_ANGLE_UNIT() );
#1679 = UNCERTAINTY_MEASURE_WITH_UNIT(LENGTH_MEASURE(5.E-06),#1676,
  'distance_accuracy_value','confusion accuracy');
#1680 = PRODUCT_RELATED_PRODUCT_CATEGORY('part',$,(#7));
ENDSEC;
END-ISO-10303-21;
