ISO-10303-21;
HEADER;
FILE_DESCRIPTION(('Open CASCADE Model'),'2;1');
FILE_NAME('Open CASCADE Shape Model','2026-09-05T04:29:47',('Author'),(
    'Open CASCADE'),'Open CASCADE STEP processor 7.8','Open CASCADE 7.8'
  ,'Unknown');
FILE_SCHEMA(('AUTOMOTIVE_DESIGN { 1 0 10303 214 1 1 1 1 }'));
ENDSEC;
DATA;
#1 = APPLICATION_PROTOCOL_DEFINITION('international standard',
  'automotive_design',2000,#2);
#2 = APPLICATION_CONTEXT(
  'core data for automotive mechanical design processes');
#3 = SHAPE_DEFINITION_REPRESENTATION(#4,#10);
#4 = PRODUCT_DEFINITION_SHAPE('','',#5);
#5 = PRODUCT_DEFINITION('design','',#6,#9);
#6 = PRODUCT_DEFINITION_FORMATION('','',#7);
#7 = PRODUCT('Open CASCADE STEP translator 7.8 56',
  'Open CASCADE STEP translator 7.8 56','',(#8));
#8 = PRODUCT_CONTEXT('',#2,'mechanical');
#9 = PRODUCT_DEFINITION_CONTEXT('part definition',#2,'design');
#10 = ADVANCED_BREP_SHAPE_REPRESENTATION('',(#11,#15),#2609);
#11 = AXIS2_PLACEMENT_3D('',#12,#13,#14);
#12 = CARTESIAN_POINT('',(0.,0.,0.));
#13 = DIRECTION('',(0.,0.,1.));
#14 = DIRECTION('',(1.,0.,-0.));
#15 = MANIFOLD_SOLID_BREP('',#16);
#16 = CLOSED_SHELL('',(#17,#1250,#1417,#1776,#1827,#1878,#2030,#2238,
    #2410,#2596));
#17 = ADVANCED_FACE('',(#18,#572),#44,.T.);
#18 = FACE_BOUND('',#19,.T.);
#19 = EDGE_LOOP('',(#20,#150,#182,#234));
#20 = ORIENTED_EDGE('',*,*,#21,.T.);
#21 = EDGE_CURVE('',#22,#24,#26,.T.);
#22 = VERTEX_POINT('',#23);
#23 = CARTESIAN_POINT('',(-27.29999999638,-2.076131084625E-14,-143.));
#24 = VERTEX_POINT('',#25);
#25 = CARTESIAN_POINT('',(27.3,0.,-143.));
#26 = SURFACE_CURVE('',#27,(#43,#126),.PCURVE_S1.);
#27 = B_SPLINE_CURVE_WITH_KNOTS('',14,(#28,#29,#30,#31,#32,#33,#34,#35,
    #36,#37,#38,#39,#40,#41,#42),.UNSPECIFIED.,.T.,.F.,(15,15),(0.,1.),
  .PIECEWISE_BEZIER_KNOTS.);
#28 = CARTESIAN_POINT('',(27.3,-1.189142450245E-14,-143.));
#29 = CARTESIAN_POINT('',(27.300000000004,7.001263628004,-143.));
#30 = CARTESIAN_POINT('',(21.378237939243,14.002529840328,-143.));
#31 = CARTESIAN_POINT('',(9.534706247371,19.231981806535,-143.));
#32 = CARTESIAN_POINT('',(-6.459469782348,20.918002494901,-143.));
#33 = CARTESIAN_POINT('',(-23.06237552905,17.924039031732,-143.));
#34 = CARTESIAN_POINT('',(-35.7368384552,10.387809826163,-143.));
#35 = CARTESIAN_POINT('',(-40.50852083601,1.591151370568E-10,-143.));
#36 = CARTESIAN_POINT('',(-35.73683845519,-10.38780982645,-143.));
#37 = CARTESIAN_POINT('',(-23.06237552907,-17.9240390315,-143.));
#38 = CARTESIAN_POINT('',(-6.459469782332,-20.91800249504,-143.));
#39 = CARTESIAN_POINT('',(9.534706247361,-19.23198180646,-143.));
#40 = CARTESIAN_POINT('',(21.378237939248,-14.00252984035,-143.));
#41 = CARTESIAN_POINT('',(27.300000000002,-7.001263627999,-143.));
#42 = CARTESIAN_POINT('',(27.3,9.424857426564E-15,-143.));
#43 = PCURVE('',#44,#120);
#44 = ( BOUNDED_SURFACE() B_SPLINE_SURFACE(14,4,(
    (#45,#46,#47,#48,#49)
    ,(#50,#51,#52,#53,#54)
    ,(#55,#56,#57,#58,#59)
    ,(#60,#61,#62,#63,#64)
    ,(#65,#66,#67,#68,#69)
    ,(#70,#71,#72,#73,#74)
    ,(#75,#76,#77,#78,#79)
    ,(#80,#81,#82,#83,#84)
    ,(#85,#86,#87,#88,#89)
    ,(#90,#91,#92,#93,#94)
    ,(#95,#96,#97,#98,#99)
    ,(#100,#101,#102,#103,#104)
    ,(#105,#106,#107,#108,#109)
    ,(#110,#111,#112,#113,#114)
    ,(#115,#116,#117,#118,#119
)),.UNSPECIFIED.,.T.,.F.,.F.) B_SPLINE_SURFACE_WITH_KNOTS((15,15),(5,5),
  (0.,1.),(0.,1.),.PIECEWISE_BEZIER_KNOTS.) 
GEOMETRIC_REPRESENTATION_ITEM() RATIONAL_B_SPLINE_SURFACE((
    (1.,1.,1.,1.,1.)
    ,(1.,1.,1.,1.,1.)
    ,(1.,1.,1.,1.,1.)
    ,(1.,1.,1.,1.,1.)
    ,(1.,1.,1.,1.,1.)
    ,(1.,1.,1.,1.,1.)
    ,(1.,1.,1.,1.,1.)
    ,(1.,1.,1.,1.,1.)
    ,(1.,1.,1.,1.,1.)
    ,(1.,1.,1.,1.,1.)
    ,(1.,1.,1.,1.,1.)
    ,(1.,1.,1.,1.,1.)
    ,(1.,1.,1.,1.,1.)
    ,(1.,1.,1.,1.,1.)
,(1.,1.,1.,1.,1.))) REPRESENTATION_ITEM('') SURFACE() );
#45 = CARTESIAN_POINT('',(27.3,-1.189142450245E-14,-143.));
#46 = CARTESIAN_POINT('',(64.281642179681,-5.376286428287E-14,
    -78.39388069735));
#47 = CARTESIAN_POINT('',(27.361717075776,-2.619381835087E-15,
    4.558646112895));
#48 = CARTESIAN_POINT('',(40.770728156069,-2.984077983421E-14,
    69.970569624269));
#49 = CARTESIAN_POINT('',(23.52,9.043634169226E-15,143.));
#50 = CARTESIAN_POINT('',(27.300000000004,7.001263628004,-143.));
#51 = CARTESIAN_POINT('',(64.281642179706,16.485447741434,
    -78.39388069735));
#52 = CARTESIAN_POINT('',(27.361717075759,7.017091375907,4.558646112895)
  );
#53 = CARTESIAN_POINT('',(40.770728156076,10.455920004629,
    69.970569624269));
#54 = CARTESIAN_POINT('',(23.520000000004,6.031857894897,143.));
#55 = CARTESIAN_POINT('',(21.378237939243,14.002529840328,-143.));
#56 = CARTESIAN_POINT('',(50.338030829315,32.970901567969,
    -78.39388069735));
#57 = CARTESIAN_POINT('',(21.426567695052,14.034185342005,4.558646112895
    ));
#58 = CARTESIAN_POINT('',(31.926971702434,20.911843868759,
    69.970569624269));
#59 = CARTESIAN_POINT('',(18.418174224573,12.063718016277,143.));
#60 = CARTESIAN_POINT('',(9.534706247371,19.231981806535,-143.));
#61 = CARTESIAN_POINT('',(22.450790303598,45.284372633546,
    -78.39388069735));
#62 = CARTESIAN_POINT('',(9.556261345555,19.275459523638,4.558646112895)
  );
#63 = CARTESIAN_POINT('',(14.239447489382,28.721681396964,
    69.970569624269));
#64 = CARTESIAN_POINT('',(8.214516151598,16.569092017954,143.));
#65 = CARTESIAN_POINT('',(-6.459469782348,20.918002494901,-143.));
#66 = CARTESIAN_POINT('',(-15.209718873,49.254342545302,-78.39388069735)
  );
#67 = CARTESIAN_POINT('',(-6.47407269702,20.965291797035,4.558646112895)
  );
#68 = CARTESIAN_POINT('',(-9.646787052369,31.239640779732,
    69.970569624269));
#69 = CARTESIAN_POINT('',(-5.565081658674,18.021663687879,143.));
#70 = CARTESIAN_POINT('',(-23.06237552905,17.924039031732,-143.));
#71 = CARTESIAN_POINT('',(-54.30356672341,42.20463968715,-78.39388069735
    ));
#72 = CARTESIAN_POINT('',(-23.11451261341,17.964559884109,4.558646112895
    ));
#73 = CARTESIAN_POINT('',(-34.44211880316,26.768356147365,
    69.970569624269));
#74 = CARTESIAN_POINT('',(-19.86912353266,15.442249012016,143.));
#75 = CARTESIAN_POINT('',(-35.7368384552,10.387809826163,-143.));
#76 = CARTESIAN_POINT('',(-84.14735026525,24.45954118194,-78.39388069735
    ));
#77 = CARTESIAN_POINT('',(-35.81762867991,10.411293535077,4.558646112895
    ));
#78 = CARTESIAN_POINT('',(-53.37058336323,15.513500753009,
    69.970569624269));
#79 = CARTESIAN_POINT('',(-30.78866082303,8.949497696298,143.));
#80 = CARTESIAN_POINT('',(-40.50852083601,1.591151370568E-10,-143.));
#81 = CARTESIAN_POINT('',(-95.38293925182,7.363841873478E-10,
    -78.39388069735));
#82 = CARTESIAN_POINT('',(-40.60009839956,-1.387537028848E-10,
    4.558646112895));
#83 = CARTESIAN_POINT('',(-60.49677256441,3.414367830701E-10,
    69.970569624269));
#84 = CARTESIAN_POINT('',(-34.89964872015,2.402590829076E-10,143.));
#85 = CARTESIAN_POINT('',(-35.73683845519,-10.38780982645,-143.));
#86 = CARTESIAN_POINT('',(-84.14735026524,-24.45954118328,
    -78.39388069735));
#87 = CARTESIAN_POINT('',(-35.81762867994,-10.41129353482,4.558646112895
    ));
#88 = CARTESIAN_POINT('',(-53.37058336317,-15.51350075363,
    69.970569624269));
#89 = CARTESIAN_POINT('',(-30.78866082304,-8.949497696738,143.));
#90 = CARTESIAN_POINT('',(-23.06237552907,-17.9240390315,-143.));
#91 = CARTESIAN_POINT('',(-54.30356672342,-42.20463968613,
    -78.39388069735));
#92 = CARTESIAN_POINT('',(-23.11451261335,-17.96455988429,4.558646112895
    ));
#93 = CARTESIAN_POINT('',(-34.44211880326,-26.76835614688,
    69.970569624269));
#94 = CARTESIAN_POINT('',(-19.86912353264,-15.44224901168,143.));
#95 = CARTESIAN_POINT('',(-6.459469782332,-20.91800249504,-143.));
#96 = CARTESIAN_POINT('',(-15.20971887298,-49.25434254593,
    -78.39388069735));
#97 = CARTESIAN_POINT('',(-6.474072697072,-20.96529179692,4.558646112895
    ));
#98 = CARTESIAN_POINT('',(-9.646787052278,-31.23964078003,
    69.970569624269));
#99 = CARTESIAN_POINT('',(-5.565081658685,-18.02166368808,143.));
#100 = CARTESIAN_POINT('',(9.534706247361,-19.23198180646,-143.));
#101 = CARTESIAN_POINT('',(22.45079030359,-45.28437263323,
    -78.39388069735));
#102 = CARTESIAN_POINT('',(9.556261345589,-19.27545952369,4.558646112895
    ));
#103 = CARTESIAN_POINT('',(14.239447489326,-28.72168139681,
    69.970569624269));
#104 = CARTESIAN_POINT('',(8.214516151604,-16.56909201785,143.));
#105 = CARTESIAN_POINT('',(21.378237939248,-14.00252984035,-143.));
#106 = CARTESIAN_POINT('',(50.338030829319,-32.97090156808,
    -78.39388069735));
#107 = CARTESIAN_POINT('',(21.426567695036,-14.03418534198,
    4.558646112895));
#108 = CARTESIAN_POINT('',(31.926971702457,-20.91184386881,
    69.970569624269));
#109 = CARTESIAN_POINT('',(18.418174224571,-12.06371801631,143.));
#110 = CARTESIAN_POINT('',(27.300000000002,-7.001263627999,-143.));
#111 = CARTESIAN_POINT('',(64.281642179705,-16.4854477414,
    -78.39388069735));
#112 = CARTESIAN_POINT('',(27.361717075762,-7.017091375911,
    4.558646112895));
#113 = CARTESIAN_POINT('',(40.770728156071,-10.45592000461,
    69.970569624269));
#114 = CARTESIAN_POINT('',(23.520000000005,-6.031857894889,143.));
#115 = CARTESIAN_POINT('',(27.3,9.424857426564E-15,-143.));
#116 = CARTESIAN_POINT('',(64.281642179681,-7.818511780088E-15,
    -78.39388069735));
#117 = CARTESIAN_POINT('',(27.361717075776,-2.007595783004E-15,
    4.558646112895));
#118 = CARTESIAN_POINT('',(40.770728156069,3.610598256886E-14,
    69.970569624269));
#119 = CARTESIAN_POINT('',(23.52,-1.227264802745E-14,143.));
#120 = DEFINITIONAL_REPRESENTATION('',(#121),#125);
#121 = LINE('',#122,#123);
#122 = CARTESIAN_POINT('',(0.,0.));
#123 = VECTOR('',#124,1.);
#124 = DIRECTION('',(1.,0.));
#125 = ( GEOMETRIC_REPRESENTATION_CONTEXT(2) 
PARAMETRIC_REPRESENTATION_CONTEXT() REPRESENTATION_CONTEXT('2D SPACE',''
  ) );
#126 = PCURVE('',#127,#132);
#127 = PLANE('',#128);
#128 = AXIS2_PLACEMENT_3D('',#129,#130,#131);
#129 = CARTESIAN_POINT('',(27.3,-1.189142450245E-14,-143.));
#130 = DIRECTION('',(0.,0.,-1.));
#131 = DIRECTION('',(-1.,2.421921636058E-16,0.));
#132 = DEFINITIONAL_REPRESENTATION('',(#133),#149);
#133 = B_SPLINE_CURVE_WITH_KNOTS('',14,(#134,#135,#136,#137,#138,#139,
    #140,#141,#142,#143,#144,#145,#146,#147,#148),.UNSPECIFIED.,.F.,.F.,
  (15,15),(0.,1.),.PIECEWISE_BEZIER_KNOTS.);
#134 = CARTESIAN_POINT('',(0.,0.));
#135 = CARTESIAN_POINT('',(-3.58468810191E-12,7.001263628004));
#136 = CARTESIAN_POINT('',(5.921762060757,14.002529840328));
#137 = CARTESIAN_POINT('',(17.765293752629,19.231981806535));
#138 = CARTESIAN_POINT('',(33.759469782348,20.918002494901));
#139 = CARTESIAN_POINT('',(50.362375529052,17.924039031732));
#140 = CARTESIAN_POINT('',(63.036838455209,10.387809826163));
#141 = CARTESIAN_POINT('',(67.808520836015,1.59110605789E-10));
#142 = CARTESIAN_POINT('',(63.036838455195,-10.38780982645));
#143 = CARTESIAN_POINT('',(50.362375529071,-17.9240390315));
#144 = CARTESIAN_POINT('',(33.759469782332,-20.91800249504));
#145 = CARTESIAN_POINT('',(17.765293752639,-19.23198180646));
#146 = CARTESIAN_POINT('',(5.921762060752,-14.00252984035));
#147 = CARTESIAN_POINT('',(-2.533084852985E-12,-7.001263627999));
#148 = CARTESIAN_POINT('',(-1.7763568394E-14,2.131628192902E-14));
#149 = ( GEOMETRIC_REPRESENTATION_CONTEXT(2) 
PARAMETRIC_REPRESENTATION_CONTEXT() REPRESENTATION_CONTEXT('2D SPACE',''
  ) );
#150 = ORIENTED_EDGE('',*,*,#151,.T.);
#151 = EDGE_CURVE('',#24,#152,#154,.T.);
#152 = VERTEX_POINT('',#153);
#153 = CARTESIAN_POINT('',(23.52,0.,143.));
#154 = SURFACE_CURVE('',#155,(#161,#168),.PCURVE_S1.);
#155 = ( BOUNDED_CURVE() B_SPLINE_CURVE(4,(#156,#157,#158,#159,#160),
.UNSPECIFIED.,.F.,.F.) B_SPLINE_CURVE_WITH_KNOTS((5,5),(0.,1.),
.PIECEWISE_BEZIER_KNOTS.) CURVE() GEOMETRIC_REPRESENTATION_ITEM() 
RATIONAL_B_SPLINE_CURVE((1.,1.,1.,1.,1.)) REPRESENTATION_ITEM('') );
#156 = CARTESIAN_POINT('',(27.3,-1.189142450245E-14,-143.));
#157 = CARTESIAN_POINT('',(64.281642179681,-5.376286428287E-14,
    -78.39388069735));
#158 = CARTESIAN_POINT('',(27.361717075776,-2.619381835087E-15,
    4.558646112895));
#159 = CARTESIAN_POINT('',(40.770728156069,-2.984077983421E-14,
    69.970569624269));
#160 = CARTESIAN_POINT('',(23.52,9.043634169226E-15,143.));
#161 = PCURVE('',#44,#162);
#162 = DEFINITIONAL_REPRESENTATION('',(#163),#167);
#163 = LINE('',#164,#165);
#164 = CARTESIAN_POINT('',(1.,0.));
#165 = VECTOR('',#166,1.);
#166 = DIRECTION('',(0.,1.));
#167 = ( GEOMETRIC_REPRESENTATION_CONTEXT(2) 
PARAMETRIC_REPRESENTATION_CONTEXT() REPRESENTATION_CONTEXT('2D SPACE',''
  ) );
#168 = PCURVE('',#169,#174);
#169 = PLANE('',#170);
#170 = AXIS2_PLACEMENT_3D('',#171,#172,#173);
#171 = CARTESIAN_POINT('',(-84.,0.,-171.6));
#172 = DIRECTION('',(0.,1.,0.));
#173 = DIRECTION('',(0.,0.,1.));
#174 = DEFINITIONAL_REPRESENTATION('',(#175),#181);
#175 = ( BOUNDED_CURVE() B_SPLINE_CURVE(4,(#176,#177,#178,#179,#180),
.UNSPECIFIED.,.F.,.F.) B_SPLINE_CURVE_WITH_KNOTS((5,5),(0.,1.),
.PIECEWISE_BEZIER_KNOTS.) CURVE() GEOMETRIC_REPRESENTATION_ITEM() 
RATIONAL_B_SPLINE_CURVE((1.,1.,1.,1.,1.)) REPRESENTATION_ITEM('') );
#176 = CARTESIAN_POINT('',(28.6,111.3));
#177 = CARTESIAN_POINT('',(93.206119302645,148.28164217968));
#178 = CARTESIAN_POINT('',(176.15864611289,111.36171707577));
#179 = CARTESIAN_POINT('',(241.57056962426,124.77072815606));
#180 = CARTESIAN_POINT('',(314.6,107.52));
#181 = ( GEOMETRIC_REPRESENTATION_CONTEXT(2) 
PARAMETRIC_REPRESENTATION_CONTEXT() REPRESENTATION_CONTEXT('2D SPACE',''
  ) );
#182 = ORIENTED_EDGE('',*,*,#183,.F.);
#183 = EDGE_CURVE('',#184,#152,#186,.T.);
#184 = VERTEX_POINT('',#185);
#185 = CARTESIAN_POINT('',(-23.51999999688,3.10862446895E-15,143.));
#186 = SURFACE_CURVE('',#187,(#203,#210),.PCURVE_S1.);
#187 = B_SPLINE_CURVE_WITH_KNOTS('',14,(#188,#189,#190,#191,#192,#193,
    #194,#195,#196,#197,#198,#199,#200,#201,#202),.UNSPECIFIED.,.T.,.F.,
  (15,15),(0.,1.),.PIECEWISE_BEZIER_KNOTS.);
#188 = CARTESIAN_POINT('',(23.52,9.043634169226E-15,143.));
#189 = CARTESIAN_POINT('',(23.520000000004,6.031857894897,143.));
#190 = CARTESIAN_POINT('',(18.418174224573,12.063718016277,143.));
#191 = CARTESIAN_POINT('',(8.214516151598,16.569092017954,143.));
#192 = CARTESIAN_POINT('',(-5.565081658674,18.021663687879,143.));
#193 = CARTESIAN_POINT('',(-19.86912353266,15.442249012016,143.));
#194 = CARTESIAN_POINT('',(-30.78866082303,8.949497696298,143.));
#195 = CARTESIAN_POINT('',(-34.89964872015,2.402590829076E-10,143.));
#196 = CARTESIAN_POINT('',(-30.78866082304,-8.949497696738,143.));
#197 = CARTESIAN_POINT('',(-19.86912353264,-15.44224901168,143.));
#198 = CARTESIAN_POINT('',(-5.565081658685,-18.02166368808,143.));
#199 = CARTESIAN_POINT('',(8.214516151604,-16.56909201785,143.));
#200 = CARTESIAN_POINT('',(18.418174224571,-12.06371801631,143.));
#201 = CARTESIAN_POINT('',(23.520000000005,-6.031857894889,143.));
#202 = CARTESIAN_POINT('',(23.52,-1.227264802745E-14,143.));
#203 = PCURVE('',#44,#204);
#204 = DEFINITIONAL_REPRESENTATION('',(#205),#209);
#205 = LINE('',#206,#207);
#206 = CARTESIAN_POINT('',(0.,1.));
#207 = VECTOR('',#208,1.);
#208 = DIRECTION('',(1.,0.));
#209 = ( GEOMETRIC_REPRESENTATION_CONTEXT(2) 
PARAMETRIC_REPRESENTATION_CONTEXT() REPRESENTATION_CONTEXT('2D SPACE',''
  ) );
#210 = PCURVE('',#211,#216);
#211 = PLANE('',#212);
#212 = AXIS2_PLACEMENT_3D('',#213,#214,#215);
#213 = CARTESIAN_POINT('',(23.52,9.043634169226E-15,143.));
#214 = DIRECTION('',(0.,0.,1.));
#215 = DIRECTION('',(-1.,-1.261694239088E-16,0.));
#216 = DEFINITIONAL_REPRESENTATION('',(#217),#233);
#217 = B_SPLINE_CURVE_WITH_KNOTS('',14,(#218,#219,#220,#221,#222,#223,
    #224,#225,#226,#227,#228,#229,#230,#231,#232),.UNSPECIFIED.,.F.,.F.,
  (15,15),(0.,1.),.PIECEWISE_BEZIER_KNOTS.);
#218 = CARTESIAN_POINT('',(0.,0.));
#219 = CARTESIAN_POINT('',(-4.288125410312E-12,-6.031857894897));
#220 = CARTESIAN_POINT('',(5.101825775427,-12.06371801627));
#221 = CARTESIAN_POINT('',(15.305483848402,-16.56909201795));
#222 = CARTESIAN_POINT('',(29.085081658674,-18.02166368787));
#223 = CARTESIAN_POINT('',(43.38912353266,-15.44224901201));
#224 = CARTESIAN_POINT('',(54.308660823038,-8.949497696298));
#225 = CARTESIAN_POINT('',(58.419648720152,-2.402574100469E-10));
#226 = CARTESIAN_POINT('',(54.308660823046,8.949497696738));
#227 = CARTESIAN_POINT('',(43.389123532648,15.442249011681));
#228 = CARTESIAN_POINT('',(29.085081658685,18.021663688088));
#229 = CARTESIAN_POINT('',(15.305483848396,16.569092017851));
#230 = CARTESIAN_POINT('',(5.101825775429,12.063718016315));
#231 = CARTESIAN_POINT('',(-4.73932004752E-12,6.031857894889));
#232 = CARTESIAN_POINT('',(-1.06581410364E-14,2.131628219667E-14));
#233 = ( GEOMETRIC_REPRESENTATION_CONTEXT(2) 
PARAMETRIC_REPRESENTATION_CONTEXT() REPRESENTATION_CONTEXT('2D SPACE',''
  ) );
#234 = ORIENTED_EDGE('',*,*,#235,.F.);
#235 = EDGE_CURVE('',#22,#184,#236,.T.);
#236 = SURFACE_CURVE('',#237,(#345,#456),.PCURVE_S1.);
#237 = B_SPLINE_CURVE_WITH_KNOTS('',8,(#238,#239,#240,#241,#242,#243,
    #244,#245,#246,#247,#248,#249,#250,#251,#252,#253,#254,#255,#256,
    #257,#258,#259,#260,#261,#262,#263,#264,#265,#266,#267,#268,#269,
    #270,#271,#272,#273,#274,#275,#276,#277,#278,#279,#280,#281,#282,
    #283,#284,#285,#286,#287,#288,#289,#290,#291,#292,#293,#294,#295,
    #296,#297,#298,#299,#300,#301,#302,#303,#304,#305,#306,#307,#308,
    #309,#310,#311,#312,#313,#314,#315,#316,#317,#318,#319,#320,#321,
    #322,#323,#324,#325,#326,#327,#328,#329,#330,#331,#332,#333,#334,
    #335,#336,#337,#338,#339,#340,#341,#342,#343,#344),.UNSPECIFIED.,.F.
  ,.F.,(9,7,7,7,7,7,7,7,7,7,7,7,7,7,7,9),(0.,0.19089299714,
    0.351657874414,0.449002361627,0.49957451892,0.521760780229,
    0.54490321084,0.572997781758,0.60898533812,0.667642719941,
    0.689421833275,0.705234147171,0.741730048734,0.816565462094,
    0.978372595911,1.),.UNSPECIFIED.);
#238 = CARTESIAN_POINT('',(-27.29999999638,0.,-143.));
#239 = CARTESIAN_POINT('',(-30.73821374395,0.,-136.99351585));
#240 = CARTESIAN_POINT('',(-33.70419902984,0.,-130.7195759043));
#241 = CARTESIAN_POINT('',(-36.18536364836,0.,-124.2325742462));
#242 = CARTESIAN_POINT('',(-38.20427287137,0.,-117.5864179284));
#243 = CARTESIAN_POINT('',(-39.80430283164,0.,-110.8305036138));
#244 = CARTESIAN_POINT('',(-41.03606347899,0.,-104.0056698008));
#245 = CARTESIAN_POINT('',(-41.95038345253,0.,-97.14203107258));
#246 = CARTESIAN_POINT('',(-43.13664747281,0.,-84.45977145887));
#247 = CARTESIAN_POINT('',(-43.48736010764,0.,-78.64548948975));
#248 = CARTESIAN_POINT('',(-43.67467349006,0.,-72.82254976197));
#249 = CARTESIAN_POINT('',(-43.72403433677,0.,-66.99685398275));
#250 = CARTESIAN_POINT('',(-43.65800011651,0.,-61.17243241181));
#251 = CARTESIAN_POINT('',(-43.49632488589,0.,-55.3514405799));
#252 = CARTESIAN_POINT('',(-43.25615759721,0.,-49.53415711881));
#253 = CARTESIAN_POINT('',(-42.76822717121,0.,-40.1978438486));
#254 = CARTESIAN_POINT('',(-42.56086138548,0.,-36.67795840575));
#255 = CARTESIAN_POINT('',(-42.33345187083,0.,-33.15928425538));
#256 = CARTESIAN_POINT('',(-42.08899875414,0.,-29.64175517956));
#257 = CARTESIAN_POINT('',(-41.83022397224,0.,-26.12527811866));
#258 = CARTESIAN_POINT('',(-41.55958875493,0.,-22.60973195202));
#259 = CARTESIAN_POINT('',(-41.27930505204,0.,-19.09496670076));
#260 = CARTESIAN_POINT('',(-40.84173851217,0.,-13.75513395704));
#261 = CARTESIAN_POINT('',(-40.69006396489,0.,-11.92963501324));
#262 = CARTESIAN_POINT('',(-40.53659337028,0.,-10.10428579411));
#263 = CARTESIAN_POINT('',(-40.38158570371,0.,-8.279066512218));
#264 = CARTESIAN_POINT('',(-40.22528280823,0.,-6.453958120096));
#265 = CARTESIAN_POINT('',(-40.06790939459,0.,-4.628942310288));
#266 = CARTESIAN_POINT('',(-39.90967304125,0.,-2.804001515317));
#267 = CARTESIAN_POINT('',(-39.68105007914,0.,-0.178533673497));
#268 = CARTESIAN_POINT('',(-39.61120655624,0.,0.622040286007));
#269 = CARTESIAN_POINT('',(-39.54124972358,0.,1.422604352943));
#270 = CARTESIAN_POINT('',(-39.47119504814,0.,2.223159860672));
#271 = CARTESIAN_POINT('',(-39.40105736596,0.,3.023708093789));
#272 = CARTESIAN_POINT('',(-39.33085088214,0.,3.824250288127));
#273 = CARTESIAN_POINT('',(-39.26058917087,0.,4.624787630753));
#274 = CARTESIAN_POINT('',(-39.11695126324,0.,6.260355775637));
#275 = CARTESIAN_POINT('',(-39.04357133965,0.,7.095386245247));
#276 = CARTESIAN_POINT('',(-38.97016009748,0.,7.930413959184));
#277 = CARTESIAN_POINT('',(-38.89673147389,0.,8.765440141781));
#278 = CARTESIAN_POINT('',(-38.82329865028,0.,9.600465951318));
#279 = CARTESIAN_POINT('',(-38.74987405229,0.,10.435492480026));
#280 = CARTESIAN_POINT('',(-38.67646934984,0.,11.270520754084));
#281 = CARTESIAN_POINT('',(-38.51402062882,0.,13.119267080443));
#282 = CARTESIAN_POINT('',(-38.42499118933,0.,14.132986409434));
#283 = CARTESIAN_POINT('',(-38.3360266775,0.,15.146711436536));
#284 = CARTESIAN_POINT('',(-38.24714495165,0.,16.16044372435));
#285 = CARTESIAN_POINT('',(-38.15836218959,0.,17.174184682133));
#286 = CARTESIAN_POINT('',(-38.06969288866,0.,18.187935565803));
#287 = CARTESIAN_POINT('',(-37.98114986564,0.,19.201697477934));
#288 = CARTESIAN_POINT('',(-37.77950167205,0.,21.514058383197));
#289 = CARTESIAN_POINT('',(-37.66648448383,0.,22.812665054056));
#290 = CARTESIAN_POINT('',(-37.5537161494,0.,24.111293367416));
#291 = CARTESIAN_POINT('',(-37.44121542481,0.,25.409944893383));
#292 = CARTESIAN_POINT('',(-37.32899636494,0.,26.708620785085));
#293 = CARTESIAN_POINT('',(-37.2170683235,0.,28.007321778677));
#294 = CARTESIAN_POINT('',(-37.10543595304,0.,29.306048193339));
#295 = CARTESIAN_POINT('',(-36.81262752962,0.,32.721680994703));
#296 = CARTESIAN_POINT('',(-36.63194106285,0.,34.838629439827));
#297 = CARTESIAN_POINT('',(-36.4520391802,0.,36.955644726179));
#298 = CARTESIAN_POINT('',(-36.27288721787,0.,39.072723544436));
#299 = CARTESIAN_POINT('',(-36.09441590858,0.,41.189859768722));
#300 = CARTESIAN_POINT('',(-35.91652081741,0.,43.307044408919));
#301 = CARTESIAN_POINT('',(-35.73906177771,0.,45.424265562962));
#302 = CARTESIAN_POINT('',(-35.4960692963,0.,48.327627176383));
#303 = CARTESIAN_POINT('',(-35.43031205232,0.,49.113748974537));
#304 = CARTESIAN_POINT('',(-35.36458157002,0.,49.899873008024));
#305 = CARTESIAN_POINT('',(-35.29886813217,0.,50.685998463721));
#306 = CARTESIAN_POINT('',(-35.23316132933,0.,51.472124470958));
#307 = CARTESIAN_POINT('',(-35.16745005978,0.,52.258250101519));
#308 = CARTESIAN_POINT('',(-35.1017225296,0.,53.044374369646));
#309 = CARTESIAN_POINT('',(-34.98822514965,0.,54.401245162778));
#310 = CARTESIAN_POINT('',(-34.94046889243,0.,54.971992823956));
#311 = CARTESIAN_POINT('',(-34.89269270124,0.,55.542738816088));
#312 = CARTESIAN_POINT('',(-34.84489160266,0.,56.113482722275));
#313 = CARTESIAN_POINT('',(-34.79706042961,0.,56.684224108206));
#314 = CARTESIAN_POINT('',(-34.74919382134,0.,57.254962522153));
#315 = CARTESIAN_POINT('',(-34.7012862234,0.,57.825697494973));
#316 = CARTESIAN_POINT('',(-34.54265000217,0.,59.713714813319));
#317 = CARTESIAN_POINT('',(-34.43171916258,0.,61.030980094223));
#318 = CARTESIAN_POINT('',(-34.32046864555,0.,62.348218480255));
#319 = CARTESIAN_POINT('',(-34.20882226304,0.,63.665423472028));
#320 = CARTESIAN_POINT('',(-34.09669836233,0.,64.982587973341));
#321 = CARTESIAN_POINT('',(-33.98400982601,0.,66.299704291172));
#322 = CARTESIAN_POINT('',(-33.87066407199,0.,67.616764135684));
#323 = CARTESIAN_POINT('',(-33.52259714166,0.,71.634276278981));
#324 = CARTESIAN_POINT('',(-33.2854562808,0.,74.334513218024));
#325 = CARTESIAN_POINT('',(-33.04429509172,0.,77.034399696267));
#326 = CARTESIAN_POINT('',(-32.79817376648,0.,79.733846861899));
#327 = CARTESIAN_POINT('',(-32.54605985027,0.,82.432746919986));
#328 = CARTESIAN_POINT('',(-32.28683214522,0.,85.130973497098));
#329 = CARTESIAN_POINT('',(-32.01928673615,0.,87.828382202951));
#330 = CARTESIAN_POINT('',(-31.14291697102,0.,96.354958622221));
#331 = CARTESIAN_POINT('',(-30.49886431277,0.,102.18016849199));
#332 = CARTESIAN_POINT('',(-29.79702113302,0.,107.999275453));
#333 = CARTESIAN_POINT('',(-29.02288076303,0.,113.80993745126));
#334 = CARTESIAN_POINT('',(-28.1607667107,0.,119.60869089642));
#335 = CARTESIAN_POINT('',(-27.19465191474,0.,125.39107151414));
#336 = CARTESIAN_POINT('',(-26.1092117037,0.,131.15176653628));
#337 = CARTESIAN_POINT('',(-24.72805363424,0.,137.65104538942));
#338 = CARTESIAN_POINT('',(-24.56283964959,0.,138.4168230668));
#339 = CARTESIAN_POINT('',(-24.3952217118,0.,139.18208094192));
#340 = CARTESIAN_POINT('',(-24.2251684665,0.,139.94680293655));
#341 = CARTESIAN_POINT('',(-24.05264926431,0.,140.71097267115));
#342 = CARTESIAN_POINT('',(-23.87763416079,0.,141.47457346491));
#343 = CARTESIAN_POINT('',(-23.70009391648,0.,142.23758833567));
#344 = CARTESIAN_POINT('',(-23.51999999688,0.,143.));
#345 = PCURVE('',#44,#346);
#346 = DEFINITIONAL_REPRESENTATION('',(#347),#455);
#347 = B_SPLINE_CURVE_WITH_KNOTS('',8,(#348,#349,#350,#351,#352,#353,
    #354,#355,#356,#357,#358,#359,#360,#361,#362,#363,#364,#365,#366,
    #367,#368,#369,#370,#371,#372,#373,#374,#375,#376,#377,#378,#379,
    #380,#381,#382,#383,#384,#385,#386,#387,#388,#389,#390,#391,#392,
    #393,#394,#395,#396,#397,#398,#399,#400,#401,#402,#403,#404,#405,
    #406,#407,#408,#409,#410,#411,#412,#413,#414,#415,#416,#417,#418,
    #419,#420,#421,#422,#423,#424,#425,#426,#427,#428,#429,#430,#431,
    #432,#433,#434,#435,#436,#437,#438,#439,#440,#441,#442,#443,#444,
    #445,#446,#447,#448,#449,#450,#451,#452,#453,#454),.UNSPECIFIED.,.F.
  ,.F.,(9,7,7,7,7,7,7,7,7,7,7,7,7,7,7,9),(0.,0.19089299714,
    0.351657874414,0.449002361627,0.49957451892,0.521760780229,
    0.54490321084,0.572997781758,0.60898533812,0.667642719941,
    0.689421833275,0.705234147171,0.741730048734,0.816565462094,
    0.978372595911,1.),.UNSPECIFIED.);
#348 = CARTESIAN_POINT('',(0.5,0.));
#349 = CARTESIAN_POINT('',(0.5,2.324270601153E-02));
#350 = CARTESIAN_POINT('',(0.5,4.699438706184E-02));
#351 = CARTESIAN_POINT('',(0.5,7.106800710165E-02));
#352 = CARTESIAN_POINT('',(0.5,9.530861782714E-02));
#353 = CARTESIAN_POINT('',(0.5,0.11959348696));
#354 = CARTESIAN_POINT('',(0.5,0.143833486719));
#355 = CARTESIAN_POINT('',(0.5,0.167974663005));
#356 = CARTESIAN_POINT('',(0.5,0.212233483739));
#357 = CARTESIAN_POINT('',(0.5,0.23239073489));
#358 = CARTESIAN_POINT('',(0.5,0.252471956353));
#359 = CARTESIAN_POINT('',(0.5,0.272480944925));
#360 = CARTESIAN_POINT('',(0.5,0.292425069702));
#361 = CARTESIAN_POINT('',(0.5,0.312315453351));
#362 = CARTESIAN_POINT('',(0.5,0.332167260818));
#363 = CARTESIAN_POINT('',(0.5,0.364008890614));
#364 = CARTESIAN_POINT('',(0.5,0.376009154924));
#365 = CARTESIAN_POINT('',(0.5,0.388004053895));
#366 = CARTESIAN_POINT('',(0.5,0.399996656255));
#367 = CARTESIAN_POINT('',(0.5,0.41198986449));
#368 = CARTESIAN_POINT('',(0.5,0.42398643364));
#369 = CARTESIAN_POINT('',(0.5,0.435988982897));
#370 = CARTESIAN_POINT('',(0.5,0.454239932672));
#371 = CARTESIAN_POINT('',(0.5,0.46048212394));
#372 = CARTESIAN_POINT('',(0.5,0.466726906917));
#373 = CARTESIAN_POINT('',(0.5,0.472974595341));
#374 = CARTESIAN_POINT('',(0.5,0.47922548357));
#375 = CARTESIAN_POINT('',(0.5,0.485479846583));
#376 = CARTESIAN_POINT('',(0.5,0.491737939985));
#377 = CARTESIAN_POINT('',(0.5,0.500747197416));
#378 = CARTESIAN_POINT('',(0.5,0.503495157976));
#379 = CARTESIAN_POINT('',(0.5,0.506243901486));
#380 = CARTESIAN_POINT('',(0.5,0.508993446945));
#381 = CARTESIAN_POINT('',(0.5,0.511743812544));
#382 = CARTESIAN_POINT('',(0.5,0.514495015669));
#383 = CARTESIAN_POINT('',(0.5,0.517247072897));
#384 = CARTESIAN_POINT('',(0.5,0.522871570995));
#385 = CARTESIAN_POINT('',(0.5,0.525744088428));
#386 = CARTESIAN_POINT('',(0.5,0.528617570197));
#387 = CARTESIAN_POINT('',(0.5,0.531492033193));
#388 = CARTESIAN_POINT('',(0.5,0.534367493298));
#389 = CARTESIAN_POINT('',(0.5,0.53724396539));
#390 = CARTESIAN_POINT('',(0.5,0.540121463336));
#391 = CARTESIAN_POINT('',(0.5,0.546494501239));
#392 = CARTESIAN_POINT('',(0.5,0.549990533247));
#393 = CARTESIAN_POINT('',(0.5,0.553488119048));
#394 = CARTESIAN_POINT('',(0.5,0.556987279368));
#395 = CARTESIAN_POINT('',(0.5,0.560488032638));
#396 = CARTESIAN_POINT('',(0.5,0.563990394991));
#397 = CARTESIAN_POINT('',(0.5,0.567494380265));
#398 = CARTESIAN_POINT('',(0.5,0.575490500609));
#399 = CARTESIAN_POINT('',(0.5,0.579983682951));
#400 = CARTESIAN_POINT('',(0.5,0.584479571334));
#401 = CARTESIAN_POINT('',(0.5,0.588978183568));
#402 = CARTESIAN_POINT('',(0.5,0.593479530972));
#403 = CARTESIAN_POINT('',(0.5,0.597983618372));
#404 = CARTESIAN_POINT('',(0.5,0.602490444102));
#405 = CARTESIAN_POINT('',(0.5,0.614350283512));
#406 = CARTESIAN_POINT('',(0.5,0.621707820348));
#407 = CARTESIAN_POINT('',(0.5,0.629072574062));
#408 = CARTESIAN_POINT('',(0.5,0.636444461655));
#409 = CARTESIAN_POINT('',(0.5,0.64382335248));
#410 = CARTESIAN_POINT('',(0.5,0.65120906714));
#411 = CARTESIAN_POINT('',(0.5,0.658601376381));
#412 = CARTESIAN_POINT('',(0.5,0.668747061961));
#413 = CARTESIAN_POINT('',(0.5,0.671494994434));
#414 = CARTESIAN_POINT('',(0.5,0.674243783109));
#415 = CARTESIAN_POINT('',(0.5,0.676993412694));
#416 = CARTESIAN_POINT('',(0.5,0.679743866917));
#417 = CARTESIAN_POINT('',(0.5,0.682495128526));
#418 = CARTESIAN_POINT('',(0.5,0.685247179291));
#419 = CARTESIAN_POINT('',(0.5,0.689998633484));
#420 = CARTESIAN_POINT('',(0.5,0.691997672813));
#421 = CARTESIAN_POINT('',(0.5,0.693997110633));
#422 = CARTESIAN_POINT('',(0.5,0.695996939307));
#423 = CARTESIAN_POINT('',(0.5,0.69799715092));
#424 = CARTESIAN_POINT('',(0.5,0.699997737272));
#425 = CARTESIAN_POINT('',(0.5,0.701998689885));
#426 = CARTESIAN_POINT('',(0.5,0.708619160575));
#427 = CARTESIAN_POINT('',(0.5,0.713240225374));
#428 = CARTESIAN_POINT('',(0.5,0.717863086973));
#429 = CARTESIAN_POINT('',(0.5,0.722487629563));
#430 = CARTESIAN_POINT('',(0.5,0.727113728941));
#431 = CARTESIAN_POINT('',(0.5,0.731741252522));
#432 = CARTESIAN_POINT('',(0.5,0.73637005933));
#433 = CARTESIAN_POINT('',(0.5,0.750493765302));
#434 = CARTESIAN_POINT('',(0.5,0.759992277328));
#435 = CARTESIAN_POINT('',(0.5,0.769494272528));
#436 = CARTESIAN_POINT('',(0.5,0.778998309727));
#437 = CARTESIAN_POINT('',(0.5,0.788502771411));
#438 = CARTESIAN_POINT('',(0.5,0.798005868226));
#439 = CARTESIAN_POINT('',(0.5,0.807505646669));
#440 = CARTESIAN_POINT('',(0.5,0.837528437419));
#441 = CARTESIAN_POINT('',(0.5,0.858030252502));
#442 = CARTESIAN_POINT('',(0.5,0.878485795989));
#443 = CARTESIAN_POINT('',(0.5,0.898869283588));
#444 = CARTESIAN_POINT('',(0.5,0.91914931208));
#445 = CARTESIAN_POINT('',(0.5,0.939290149764));
#446 = CARTESIAN_POINT('',(0.5,0.959253445423));
#447 = CARTESIAN_POINT('',(0.5,0.98163935653));
#448 = CARTESIAN_POINT('',(0.5,0.98427480927));
#449 = CARTESIAN_POINT('',(0.5,0.986906259691));
#450 = CARTESIAN_POINT('',(0.5,0.98953360886));
#451 = CARTESIAN_POINT('',(0.5,0.992156757431));
#452 = CARTESIAN_POINT('',(0.5,0.994775605652));
#453 = CARTESIAN_POINT('',(0.5,0.997390053365));
#454 = CARTESIAN_POINT('',(0.5,1.));
#455 = ( GEOMETRIC_REPRESENTATION_CONTEXT(2) 
PARAMETRIC_REPRESENTATION_CONTEXT() REPRESENTATION_CONTEXT('2D SPACE',''
  ) );
#456 = PCURVE('',#457,#462);
#457 = PLANE('',#458);
#458 = AXIS2_PLACEMENT_3D('',#459,#460,#461);
#459 = CARTESIAN_POINT('',(-84.,0.,-171.6));
#460 = DIRECTION('',(0.,1.,0.));
#461 = DIRECTION('',(0.,0.,1.));
#462 = DEFINITIONAL_REPRESENTATION('',(#463),#571);
#463 = B_SPLINE_CURVE_WITH_KNOTS('',8,(#464,#465,#466,#467,#468,#469,
    #470,#471,#472,#473,#474,#475,#476,#477,#478,#479,#480,#481,#482,
    #483,#484,#485,#486,#487,#488,#489,#490,#491,#492,#493,#494,#495,
    #496,#497,#498,#499,#500,#501,#502,#503,#504,#505,#506,#507,#508,
    #509,#510,#511,#512,#513,#514,#515,#516,#517,#518,#519,#520,#521,
    #522,#523,#524,#525,#526,#527,#528,#529,#530,#531,#532,#533,#534,
    #535,#536,#537,#538,#539,#540,#541,#542,#543,#544,#545,#546,#547,
    #548,#549,#550,#551,#552,#553,#554,#555,#556,#557,#558,#559,#560,
    #561,#562,#563,#564,#565,#566,#567,#568,#569,#570),.UNSPECIFIED.,.F.
  ,.F.,(9,7,7,7,7,7,7,7,7,7,7,7,7,7,7,9),(0.,0.19089299714,
    0.351657874414,0.449002361627,0.49957451892,0.521760780229,
    0.54490321084,0.572997781758,0.60898533812,0.667642719941,
    0.689421833275,0.705234147171,0.741730048734,0.816565462094,
    0.978372595911,1.),.UNSPECIFIED.);
#464 = CARTESIAN_POINT('',(28.6,56.700000003618));
#465 = CARTESIAN_POINT('',(34.606484149989,53.26178625605));
#466 = CARTESIAN_POINT('',(40.880424095672,50.295800970158));
#467 = CARTESIAN_POINT('',(47.367425753701,47.814636351636));
#468 = CARTESIAN_POINT('',(54.013582071563,45.795727128628));
#469 = CARTESIAN_POINT('',(60.769496386123,44.195697168356));
#470 = CARTESIAN_POINT('',(67.594330199106,42.963936521001));
#471 = CARTESIAN_POINT('',(74.45796892742,42.049616547466));
#472 = CARTESIAN_POINT('',(87.140228541127,40.863352527187));
#473 = CARTESIAN_POINT('',(92.954510510242,40.512639892358));
#474 = CARTESIAN_POINT('',(98.777450238021,40.325326509933));
#475 = CARTESIAN_POINT('',(104.60314601724,40.275965663225));
#476 = CARTESIAN_POINT('',(110.42756758818,40.341999883485));
#477 = CARTESIAN_POINT('',(116.24855942009,40.503675114107));
#478 = CARTESIAN_POINT('',(122.06584288118,40.74384240279));
#479 = CARTESIAN_POINT('',(131.40215615139,41.231772828782));
#480 = CARTESIAN_POINT('',(134.92204159424,41.439138614519));
#481 = CARTESIAN_POINT('',(138.44071574461,41.666548129169));
#482 = CARTESIAN_POINT('',(141.95824482043,41.911001245857));
#483 = CARTESIAN_POINT('',(145.47472188133,42.169776027756));
#484 = CARTESIAN_POINT('',(148.99026804797,42.440411245063));
#485 = CARTESIAN_POINT('',(152.50503329923,42.720694947957));
#486 = CARTESIAN_POINT('',(157.84486604295,43.158261487825));
#487 = CARTESIAN_POINT('',(159.67036498675,43.309936035109));
#488 = CARTESIAN_POINT('',(161.49571420588,43.463406629715));
#489 = CARTESIAN_POINT('',(163.32093348778,43.618414296286));
#490 = CARTESIAN_POINT('',(165.1460418799,43.774717191769));
#491 = CARTESIAN_POINT('',(166.97105768971,43.932090605407));
#492 = CARTESIAN_POINT('',(168.79599848468,44.090326958744));
#493 = CARTESIAN_POINT('',(171.4214663265,44.318949920858));
#494 = CARTESIAN_POINT('',(172.222040286,44.388793443756));
#495 = CARTESIAN_POINT('',(173.02260435294,44.458750276412));
#496 = CARTESIAN_POINT('',(173.82315986067,44.528804951852));
#497 = CARTESIAN_POINT('',(174.62370809378,44.598942634035));
#498 = CARTESIAN_POINT('',(175.42425028812,44.669149117853));
#499 = CARTESIAN_POINT('',(176.22478763075,44.73941082913));
#500 = CARTESIAN_POINT('',(177.86035577563,44.883048736757));
#501 = CARTESIAN_POINT('',(178.69538624524,44.956428660349));
#502 = CARTESIAN_POINT('',(179.53041395918,45.029839902512));
#503 = CARTESIAN_POINT('',(180.36544014178,45.103268526102));
#504 = CARTESIAN_POINT('',(181.20046595131,45.176701349719));
#505 = CARTESIAN_POINT('',(182.03549248002,45.250125947706));
#506 = CARTESIAN_POINT('',(182.87052075408,45.323530650151));
#507 = CARTESIAN_POINT('',(184.71926708044,45.485979371177));
#508 = CARTESIAN_POINT('',(185.73298640943,45.575008810661));
#509 = CARTESIAN_POINT('',(186.74671143653,45.663973322496));
#510 = CARTESIAN_POINT('',(187.76044372435,45.75285504835));
#511 = CARTESIAN_POINT('',(188.77418468213,45.841637810401));
#512 = CARTESIAN_POINT('',(189.7879355658,45.930307111335));
#513 = CARTESIAN_POINT('',(190.80169747793,46.018850134351));
#514 = CARTESIAN_POINT('',(193.11405838319,46.22049832795));
#515 = CARTESIAN_POINT('',(194.41266505405,46.333515516169));
#516 = CARTESIAN_POINT('',(195.71129336741,46.446283850596));
#517 = CARTESIAN_POINT('',(197.00994489338,46.558784575185));
#518 = CARTESIAN_POINT('',(198.30862078508,46.671003635055));
#519 = CARTESIAN_POINT('',(199.60732177867,46.782931676493));
#520 = CARTESIAN_POINT('',(200.90604819333,46.894564046951));
#521 = CARTESIAN_POINT('',(204.3216809947,47.187372470374));
#522 = CARTESIAN_POINT('',(206.43862943982,47.368058937148));
#523 = CARTESIAN_POINT('',(208.55564472617,47.547960819799));
#524 = CARTESIAN_POINT('',(210.67272354443,47.727112782125));
#525 = CARTESIAN_POINT('',(212.78985976872,47.905584091418));
#526 = CARTESIAN_POINT('',(214.90704440891,48.083479182589));
#527 = CARTESIAN_POINT('',(217.02426556296,48.260938222288));
#528 = CARTESIAN_POINT('',(219.92762717638,48.503930703694));
#529 = CARTESIAN_POINT('',(220.71374897453,48.569687947679));
#530 = CARTESIAN_POINT('',(221.49987300802,48.63541842998));
#531 = CARTESIAN_POINT('',(222.28599846372,48.701131867823));
#532 = CARTESIAN_POINT('',(223.07212447095,48.76683867067));
#533 = CARTESIAN_POINT('',(223.85825010151,48.832549940218));
#534 = CARTESIAN_POINT('',(224.64437436964,48.898277470399));
#535 = CARTESIAN_POINT('',(226.00124516277,49.011774850348));
#536 = CARTESIAN_POINT('',(226.57199282395,49.059531107565));
#537 = CARTESIAN_POINT('',(227.14273881608,49.107307298759));
#538 = CARTESIAN_POINT('',(227.71348272227,49.155108397337));
#539 = CARTESIAN_POINT('',(228.2842241082,49.202939570382));
#540 = CARTESIAN_POINT('',(228.85496252215,49.250806178656));
#541 = CARTESIAN_POINT('',(229.42569749497,49.298713776597));
#542 = CARTESIAN_POINT('',(231.31371481331,49.457349997827));
#543 = CARTESIAN_POINT('',(232.63098009422,49.568280837419));
#544 = CARTESIAN_POINT('',(233.94821848025,49.67953135445));
#545 = CARTESIAN_POINT('',(235.26542347202,49.791177736956));
#546 = CARTESIAN_POINT('',(236.58258797334,49.903301637663));
#547 = CARTESIAN_POINT('',(237.89970429117,50.015990173981));
#548 = CARTESIAN_POINT('',(239.21676413568,50.12933592801));
#549 = CARTESIAN_POINT('',(243.23427627898,50.477402858331));
#550 = CARTESIAN_POINT('',(245.93451321802,50.714543719193));
#551 = CARTESIAN_POINT('',(248.63439969626,50.95570490828));
#552 = CARTESIAN_POINT('',(251.33384686189,51.201826233517));
#553 = CARTESIAN_POINT('',(254.03274691998,51.453940149723));
#554 = CARTESIAN_POINT('',(256.73097349709,51.713167854778));
#555 = CARTESIAN_POINT('',(259.42838220295,51.980713263848));
#556 = CARTESIAN_POINT('',(267.95495862222,52.857083028975));
#557 = CARTESIAN_POINT('',(273.78016849199,53.501135687221));
#558 = CARTESIAN_POINT('',(279.599275453,54.202978866977));
#559 = CARTESIAN_POINT('',(285.40993745126,54.977119236965));
#560 = CARTESIAN_POINT('',(291.20869089642,55.839233289297));
#561 = CARTESIAN_POINT('',(296.99107151414,56.805348085255));
#562 = CARTESIAN_POINT('',(302.75176653628,57.890788296291));
#563 = CARTESIAN_POINT('',(309.25104538942,59.27194636576));
#564 = CARTESIAN_POINT('',(310.0168230668,59.437160350402));
#565 = CARTESIAN_POINT('',(310.78208094192,59.604778288194));
#566 = CARTESIAN_POINT('',(311.54680293655,59.774831533491));
#567 = CARTESIAN_POINT('',(312.31097267115,59.947350735686));
#568 = CARTESIAN_POINT('',(313.07457346491,60.122365839206));
#569 = CARTESIAN_POINT('',(313.83758833567,60.299906083516));
#570 = CARTESIAN_POINT('',(314.6,60.480000003117));
#571 = ( GEOMETRIC_REPRESENTATION_CONTEXT(2) 
PARAMETRIC_REPRESENTATION_CONTEXT() REPRESENTATION_CONTEXT('2D SPACE',''
  ) );
#572 = FACE_BOUND('',#573,.T.);
#573 = EDGE_LOOP('',(#574,#673,#896,#1029));
#574 = ORIENTED_EDGE('',*,*,#575,.T.);
#575 = EDGE_CURVE('',#576,#578,#580,.T.);
#576 = VERTEX_POINT('',#577);
#577 = CARTESIAN_POINT('',(23.,-21.17080822414,-67.));
#578 = VERTEX_POINT('',#579);
#579 = CARTESIAN_POINT('',(-23.,-21.17080821549,-67.));
#580 = SURFACE_CURVE('',#581,(#608,#638),.PCURVE_S1.);
#581 = B_SPLINE_CURVE_WITH_KNOTS('',7,(#582,#583,#584,#585,#586,#587,
    #588,#589,#590,#591,#592,#593,#594,#595,#596,#597,#598,#599,#600,
    #601,#602,#603,#604,#605,#606,#607),.UNSPECIFIED.,.F.,.F.,(8,6,6,6,8
    ),(0.,0.24189195072,0.499993057916,0.870557276235,1.),
  .UNSPECIFIED.);
#582 = CARTESIAN_POINT('',(23.,-21.17080822414,-67.));
#583 = CARTESIAN_POINT('',(21.474891310227,-21.71183043742,-67.));
#584 = CARTESIAN_POINT('',(19.931612654632,-22.2013144674,-67.));
#585 = CARTESIAN_POINT('',(18.373229112113,-22.64190854493,-67.));
#586 = CARTESIAN_POINT('',(16.802330196774,-23.0356429758,-67.));
#587 = CARTESIAN_POINT('',(15.221101571114,-23.38419414475,-67.));
#588 = CARTESIAN_POINT('',(13.631337252662,-23.6889294877,-67.));
#589 = CARTESIAN_POINT('',(10.330551006262,-24.2304876086,-67.));
#590 = CARTESIAN_POINT('',(8.618728277732,-24.46136084565,-67.));
#591 = CARTESIAN_POINT('',(6.900793887297,-24.64486394594,-67.));
#592 = CARTESIAN_POINT('',(5.178434155708,-24.7818968014,-67.));
#593 = CARTESIAN_POINT('',(3.453217716893,-24.87304763637,-67.));
#594 = CARTESIAN_POINT('',(1.726599405331,-24.9186256398,-67.));
#595 = CARTESIAN_POINT('',(-2.479135572574,-24.91862111067,-67.));
#596 = CARTESIAN_POINT('',(-4.957733535935,-24.82466469558,-67.));
#597 = CARTESIAN_POINT('',(-7.432328010093,-24.63680993851,-67.));
#598 = CARTESIAN_POINT('',(-9.898613872281,-24.35371755039,-67.));
#599 = CARTESIAN_POINT('',(-12.3515241552,-23.97283635754,-67.));
#600 = CARTESIAN_POINT('',(-14.78522853626,-23.49039330399,-67.));
#601 = CARTESIAN_POINT('',(-18.03398771939,-22.69395238058,-67.));
#602 = CARTESIAN_POINT('',(-18.8718043558,-22.47462701251,-67.));
#603 = CARTESIAN_POINT('',(-19.70607868343,-22.24190197334,-67.));
#604 = CARTESIAN_POINT('',(-20.53645562801,-21.99549284496,-67.));
#605 = CARTESIAN_POINT('',(-21.36253740183,-21.73508356138,-67.));
#606 = CARTESIAN_POINT('',(-22.18388171722,-21.46032077379,-67.));
#607 = CARTESIAN_POINT('',(-23.,-21.17080821549,-67.));
#608 = PCURVE('',#44,#609);
#609 = DEFINITIONAL_REPRESENTATION('',(#610),#637);
#610 = B_SPLINE_CURVE_WITH_KNOTS('',7,(#611,#612,#613,#614,#615,#616,
    #617,#618,#619,#620,#621,#622,#623,#624,#625,#626,#627,#628,#629,
    #630,#631,#632,#633,#634,#635,#636),.UNSPECIFIED.,.F.,.F.,(8,6,6,6,8
    ),(0.,0.24189195072,0.499993057916,0.870557276235,1.),
  .UNSPECIFIED.);
#611 = CARTESIAN_POINT('',(0.838422356325,0.272408658895));
#612 = CARTESIAN_POINT('',(0.83187078549,0.272408658895));
#613 = CARTESIAN_POINT('',(0.825436489574,0.272408658895));
#614 = CARTESIAN_POINT('',(0.819101921794,0.272408658895));
#615 = CARTESIAN_POINT('',(0.812853047717,0.272408658895));
#616 = CARTESIAN_POINT('',(0.806677394941,0.272408658895));
#617 = CARTESIAN_POINT('',(0.800563409196,0.272408658895));
#618 = CARTESIAN_POINT('',(0.788029772609,0.272408658895));
#619 = CARTESIAN_POINT('',(0.781617797196,0.272408658895));
#620 = CARTESIAN_POINT('',(0.775250426541,0.272408658895));
#621 = CARTESIAN_POINT('',(0.768915897811,0.272408658895));
#622 = CARTESIAN_POINT('',(0.762603236061,0.272408658895));
#623 = CARTESIAN_POINT('',(0.756301582367,0.272408658895));
#624 = CARTESIAN_POINT('',(0.740951880955,0.272408658895));
#625 = CARTESIAN_POINT('',(0.731905727117,0.272408658895));
#626 = CARTESIAN_POINT('',(0.722826397839,0.272408658895));
#627 = CARTESIAN_POINT('',(0.713682024568,0.272408658895));
#628 = CARTESIAN_POINT('',(0.704439315692,0.272408658895));
#629 = CARTESIAN_POINT('',(0.6950616279,0.272408658895));
#630 = CARTESIAN_POINT('',(0.682159494359,0.272408658895));
#631 = CARTESIAN_POINT('',(0.678797102749,0.272408658895));
#632 = CARTESIAN_POINT('',(0.675410444082,0.272408658895));
#633 = CARTESIAN_POINT('',(0.671997450278,0.272408658895));
#634 = CARTESIAN_POINT('',(0.668555933256,0.272408658895));
#635 = CARTESIAN_POINT('',(0.665083529336,0.272408658895));
#636 = CARTESIAN_POINT('',(0.66157764364,0.272408658895));
#637 = ( GEOMETRIC_REPRESENTATION_CONTEXT(2) 
PARAMETRIC_REPRESENTATION_CONTEXT() REPRESENTATION_CONTEXT('2D SPACE',''
  ) );
#638 = PCURVE('',#639,#644);
#639 = PLANE('',#640);
#640 = AXIS2_PLACEMENT_3D('',#641,#642,#643);
#641 = CARTESIAN_POINT('',(-23.,-142.,-67.));
#642 = DIRECTION('',(0.,0.,1.));
#643 = DIRECTION('',(1.,0.,0.));
#644 = DEFINITIONAL_REPRESENTATION('',(#645),#672);
#645 = B_SPLINE_CURVE_WITH_KNOTS('',7,(#646,#647,#648,#649,#650,#651,
    #652,#653,#654,#655,#656,#657,#658,#659,#660,#661,#662,#663,#664,
    #665,#666,#667,#668,#669,#670,#671),.UNSPECIFIED.,.F.,.F.,(8,6,6,6,8
    ),(0.,0.24189195072,0.499993057916,0.870557276235,1.),
  .UNSPECIFIED.);
#646 = CARTESIAN_POINT('',(46.,120.82919177585));
#647 = CARTESIAN_POINT('',(44.474891310227,120.28816956257));
#648 = CARTESIAN_POINT('',(42.931612654632,119.79868553259));
#649 = CARTESIAN_POINT('',(41.373229112113,119.35809145506));
#650 = CARTESIAN_POINT('',(39.802330196774,118.9643570242));
#651 = CARTESIAN_POINT('',(38.221101571114,118.61580585524));
#652 = CARTESIAN_POINT('',(36.631337252662,118.31107051229));
#653 = CARTESIAN_POINT('',(33.330551006262,117.76951239139));
#654 = CARTESIAN_POINT('',(31.618728277732,117.53863915434));
#655 = CARTESIAN_POINT('',(29.900793887297,117.35513605405));
#656 = CARTESIAN_POINT('',(28.178434155708,117.21810319859));
#657 = CARTESIAN_POINT('',(26.453217716893,117.12695236362));
#658 = CARTESIAN_POINT('',(24.726599405331,117.0813743602));
#659 = CARTESIAN_POINT('',(20.520864427426,117.08137888932));
#660 = CARTESIAN_POINT('',(18.042266464065,117.17533530441));
#661 = CARTESIAN_POINT('',(15.567671989907,117.36319006148));
#662 = CARTESIAN_POINT('',(13.101386127719,117.6462824496));
#663 = CARTESIAN_POINT('',(10.648475844794,118.02716364245));
#664 = CARTESIAN_POINT('',(8.214771463739,118.509606696));
#665 = CARTESIAN_POINT('',(4.966012280601,119.30604761941));
#666 = CARTESIAN_POINT('',(4.128195644192,119.52537298748));
#667 = CARTESIAN_POINT('',(3.293921316563,119.75809802665));
#668 = CARTESIAN_POINT('',(2.463544371982,120.00450715504));
#669 = CARTESIAN_POINT('',(1.637462598161,120.26491643861));
#670 = CARTESIAN_POINT('',(0.816118282777,120.5396792262));
#671 = CARTESIAN_POINT('',(0.,120.8291917845));
#672 = ( GEOMETRIC_REPRESENTATION_CONTEXT(2) 
PARAMETRIC_REPRESENTATION_CONTEXT() REPRESENTATION_CONTEXT('2D SPACE',''
  ) );
#673 = ORIENTED_EDGE('',*,*,#674,.T.);
#674 = EDGE_CURVE('',#578,#675,#677,.T.);
#675 = VERTEX_POINT('',#676);
#676 = CARTESIAN_POINT('',(-23.,-14.24907403867,67.));
#677 = SURFACE_CURVE('',#678,(#747,#819),.PCURVE_S1.);
#678 = B_SPLINE_CURVE_WITH_KNOTS('',7,(#679,#680,#681,#682,#683,#684,
    #685,#686,#687,#688,#689,#690,#691,#692,#693,#694,#695,#696,#697,
    #698,#699,#700,#701,#702,#703,#704,#705,#706,#707,#708,#709,#710,
    #711,#712,#713,#714,#715,#716,#717,#718,#719,#720,#721,#722,#723,
    #724,#725,#726,#727,#728,#729,#730,#731,#732,#733,#734,#735,#736,
    #737,#738,#739,#740,#741,#742,#743,#744,#745,#746),.UNSPECIFIED.,.F.
  ,.F.,(8,6,6,6,6,6,6,6,6,6,6,8),(0.,0.298438849773,0.47526230115,
    0.57085881259,0.618496494406,0.661702990903,0.719875848383,
    0.775725106062,0.814295635696,0.852792873163,0.927458376814,1.),
  .UNSPECIFIED.);
#679 = CARTESIAN_POINT('',(-23.,-21.17080821549,-67.));
#680 = CARTESIAN_POINT('',(-23.,-21.17583131337,-61.27858122843));
#681 = CARTESIAN_POINT('',(-23.,-21.10297288437,-55.55730109697));
#682 = CARTESIAN_POINT('',(-23.,-20.96678033978,-49.83703781758));
#683 = CARTESIAN_POINT('',(-23.,-20.77909700626,-44.11834504802));
#684 = CARTESIAN_POINT('',(-23.,-20.54999546967,-38.40142655993));
#685 = CARTESIAN_POINT('',(-23.,-20.28803013393,-32.68612827932));
#686 = CARTESIAN_POINT('',(-23.,-19.83004084529,-23.5863034482));
#687 = CARTESIAN_POINT('',(-23.,-19.65065092282,-20.20113006429));
#688 = CARTESIAN_POINT('',(-23.,-19.46377596443,-16.81635865579));
#689 = CARTESIAN_POINT('',(-23.,-19.27076323852,-13.43193420808));
#690 = CARTESIAN_POINT('',(-23.,-19.07281093601,-10.04780095496));
#691 = CARTESIAN_POINT('',(-23.,-18.87097238403,-6.663902146771));
#692 = CARTESIAN_POINT('',(-23.,-18.55542079593,-1.450830067896));
#693 = CARTESIAN_POINT('',(-23.,-18.44381737283,0.378467269034));
#694 = CARTESIAN_POINT('',(-23.,-18.33148601186,2.207720085109));
#695 = CARTESIAN_POINT('',(-23.,-18.2185572153,4.036936055728));
#696 = CARTESIAN_POINT('',(-23.,-18.10514858942,5.866122221926));
#697 = CARTESIAN_POINT('',(-23.,-17.99136484447,7.695284990365));
#698 = CARTESIAN_POINT('',(-23.,-17.82045586875,10.435930281242));
#699 = CARTESIAN_POINT('',(-23.,-17.76354354875,11.347426033863));
#700 = CARTESIAN_POINT('',(-23.,-17.70657216832,12.258918092973));
#701 = CARTESIAN_POINT('',(-23.,-17.64955221444,13.170407109529));
#702 = CARTESIAN_POINT('',(-23.,-17.59249332741,14.081893683677));
#703 = CARTESIAN_POINT('',(-23.,-17.53540430086,14.993378364749));
#704 = CARTESIAN_POINT('',(-23.,-17.42649426221,16.731560137114));
#705 = CARTESIAN_POINT('',(-23.,-17.37467717491,17.558257474215));
#706 = CARTESIAN_POINT('',(-23.,-17.3228477488,18.384954033912));
#707 = CARTESIAN_POINT('',(-23.,-17.27101130758,19.211650149748));
#708 = CARTESIAN_POINT('',(-23.,-17.21917256973,20.038346117461));
#709 = CARTESIAN_POINT('',(-23.,-17.16733564857,20.86504219499));
#710 = CARTESIAN_POINT('',(-23.,-17.04571843393,22.804795577479));
#711 = CARTESIAN_POINT('',(-23.,-16.97594242786,23.917853147943));
#712 = CARTESIAN_POINT('',(-23.,-16.90618463335,25.030911852714));
#713 = CARTESIAN_POINT('',(-23.,-16.83645151531,26.143972096514));
#714 = CARTESIAN_POINT('',(-23.,-16.76674740412,27.257034149944));
#715 = CARTESIAN_POINT('',(-23.,-16.69707449571,28.370098149481));
#716 = CARTESIAN_POINT('',(-23.,-16.56057290502,30.551770826385));
#717 = CARTESIAN_POINT('',(-23.,-16.49374171773,31.620379348054));
#718 = CARTESIAN_POINT('',(-23.,-16.42693934682,32.688989664716));
#719 = CARTESIAN_POINT('',(-23.,-16.36016387068,33.757601655323));
#720 = CARTESIAN_POINT('',(-23.,-16.29341138878,34.826215075546));
#721 = CARTESIAN_POINT('',(-23.,-16.22667602174,35.894829557778));
#722 = CARTESIAN_POINT('',(-23.,-16.11386762608,37.701449918538));
#723 = CARTESIAN_POINT('',(-23.,-16.06778973661,38.439455497097));
#724 = CARTESIAN_POINT('',(-23.,-16.02171364316,39.177461184613));
#725 = CARTESIAN_POINT('',(-23.,-15.97563626009,39.915466788469));
#726 = CARTESIAN_POINT('',(-23.,-15.92955401577,40.653472085626));
#727 = CARTESIAN_POINT('',(-23.,-15.88346285267,41.391476822622));
#728 = CARTESIAN_POINT('',(-23.,-15.79134121044,42.866082244994));
#729 = CARTESIAN_POINT('',(-23.,-15.74531077164,43.602682932448));
#730 = CARTESIAN_POINT('',(-23.,-15.69926239414,44.339282496031));
#731 = CARTESIAN_POINT('',(-23.,-15.65319104663,45.075880620748));
#732 = CARTESIAN_POINT('',(-23.,-15.60709118325,45.81247695852));
#733 = CARTESIAN_POINT('',(-23.,-15.56095674357,46.54907112818));
#734 = CARTESIAN_POINT('',(-23.,-15.42522346004,48.714284234054));
#735 = CARTESIAN_POINT('',(-23.,-15.33551095344,50.14289601206));
#736 = CARTESIAN_POINT('',(-23.,-15.24559554745,51.571495054631));
#737 = CARTESIAN_POINT('',(-23.,-15.15542166138,53.000077832688));
#738 = CARTESIAN_POINT('',(-23.,-15.06492585011,54.428640259619));
#739 = CARTESIAN_POINT('',(-23.,-14.97403643508,55.857177667973));
#740 = CARTESIAN_POINT('',(-23.,-14.79390868919,58.673557632579));
#741 = CARTESIAN_POINT('',(-23.,-14.70469694218,60.061401807621));
#742 = CARTESIAN_POINT('',(-23.,-14.61496423169,61.449212515406));
#743 = CARTESIAN_POINT('',(-23.,-14.52462925976,62.836984269936));
#744 = CARTESIAN_POINT('',(-23.,-14.43360265369,64.224710866409));
#745 = CARTESIAN_POINT('',(-23.,-14.3417865267,65.612385352562));
#746 = CARTESIAN_POINT('',(-23.,-14.24907403867,67.));
#747 = PCURVE('',#44,#748);
#748 = DEFINITIONAL_REPRESENTATION('',(#749),#818);
#749 = B_SPLINE_CURVE_WITH_KNOTS('',7,(#750,#751,#752,#753,#754,#755,
    #756,#757,#758,#759,#760,#761,#762,#763,#764,#765,#766,#767,#768,
    #769,#770,#771,#772,#773,#774,#775,#776,#777,#778,#779,#780,#781,
    #782,#783,#784,#785,#786,#787,#788,#789,#790,#791,#792,#793,#794,
    #795,#796,#797,#798,#799,#800,#801,#802,#803,#804,#805,#806,#807,
    #808,#809,#810,#811,#812,#813,#814,#815,#816,#817),.UNSPECIFIED.,.F.
  ,.F.,(8,6,6,6,6,6,6,6,6,6,6,8),(0.,0.298438849773,0.47526230115,
    0.57085881259,0.618496494406,0.661702990903,0.719875848383,
    0.775725106062,0.814295635696,0.852792873163,0.927458376814,1.),
  .UNSPECIFIED.);
#750 = CARTESIAN_POINT('',(0.66157764364,0.272408658895));
#751 = CARTESIAN_POINT('',(0.66159456493,0.292044485342));
#752 = CARTESIAN_POINT('',(0.661349126232,0.311618248043));
#753 = CARTESIAN_POINT('',(0.660890664537,0.331147247879));
#754 = CARTESIAN_POINT('',(0.660250742304,0.350646879883));
#755 = CARTESIAN_POINT('',(0.659454503037,0.370131345885));
#756 = CARTESIAN_POINT('',(0.65852238586,0.389613960743));
#757 = CARTESIAN_POINT('',(0.656849761299,0.420657042211));
#758 = CARTESIAN_POINT('',(0.656185970627,0.432210295633));
#759 = CARTESIAN_POINT('',(0.655484377104,0.443769527325));
#760 = CARTESIAN_POINT('',(0.654748311411,0.45533693765));
#761 = CARTESIAN_POINT('',(0.653980845118,0.466914496781));
#762 = CARTESIAN_POINT('',(0.653184808552,0.478503947096));
#763 = CARTESIAN_POINT('',(0.651918296726,0.496379675576));
#764 = CARTESIAN_POINT('',(0.651466246008,0.502656466429));
#765 = CARTESIAN_POINT('',(0.651006988876,0.508937405908));
#766 = CARTESIAN_POINT('',(0.650540900443,0.515222707292));
#767 = CARTESIAN_POINT('',(0.650068325837,0.521512561037));
#768 = CARTESIAN_POINT('',(0.6495895802,0.527807134777));
#769 = CARTESIAN_POINT('',(0.648863446971,0.537245711393));
#770 = CARTESIAN_POINT('',(0.648620483026,0.540386057393));
#771 = CARTESIAN_POINT('',(0.648376091718,0.543527629155));
#772 = CARTESIAN_POINT('',(0.648130305335,0.546670443008));
#773 = CARTESIAN_POINT('',(0.647883153595,0.549814513774));
#774 = CARTESIAN_POINT('',(0.64763466364,0.552959854765));
#775 = CARTESIAN_POINT('',(0.647158292798,0.55896040668));
#776 = CARTESIAN_POINT('',(0.64693064477,0.561815390173));
#777 = CARTESIAN_POINT('',(0.646701934286,0.564671437071));
#778 = CARTESIAN_POINT('',(0.646472177494,0.567528555112));
#779 = CARTESIAN_POINT('',(0.646241388363,0.57038675097));
#780 = CARTESIAN_POINT('',(0.646009578687,0.573246030253));
#781 = CARTESIAN_POINT('',(0.645463290403,0.579957571521));
#782 = CARTESIAN_POINT('',(0.645147989586,0.583810717728));
#783 = CARTESIAN_POINT('',(0.644830879609,0.587665847255));
#784 = CARTESIAN_POINT('',(0.644511975309,0.591522967559));
#785 = CARTESIAN_POINT('',(0.644191282373,0.595382082434));
#786 = CARTESIAN_POINT('',(0.643868797348,0.599243192006));
#787 = CARTESIAN_POINT('',(0.643233171028,0.606815089545));
#788 = CARTESIAN_POINT('',(0.642920170218,0.610525721566));
#789 = CARTESIAN_POINT('',(0.642605494121,0.614238185665));
#790 = CARTESIAN_POINT('',(0.642289121564,0.617952475429));
#791 = CARTESIAN_POINT('',(0.641971021282,0.621668581166));
#792 = CARTESIAN_POINT('',(0.641651151917,0.625386489908));
#793 = CARTESIAN_POINT('',(0.641107297029,0.631675075873));
#794 = CARTESIAN_POINT('',(0.64088426345,0.634244818522));
#795 = CARTESIAN_POINT('',(0.640660344178,0.636815407992));
#796 = CARTESIAN_POINT('',(0.64043551929,0.639386838144));
#797 = CARTESIAN_POINT('',(0.640209766043,0.641959102058));
#798 = CARTESIAN_POINT('',(0.639983058875,0.644532192041));
#799 = CARTESIAN_POINT('',(0.639528112586,0.649675116225));
#800 = CARTESIAN_POINT('',(0.63929987703,0.652244947313));
#801 = CARTESIAN_POINT('',(0.639070634532,0.654815584455));
#802 = CARTESIAN_POINT('',(0.638840353596,0.657387018429));
#803 = CARTESIAN_POINT('',(0.638608999435,0.659959239209));
#804 = CARTESIAN_POINT('',(0.638376533962,0.662532235973));
#805 = CARTESIAN_POINT('',(0.637689812698,0.670097814252));
#806 = CARTESIAN_POINT('',(0.637232373306,0.675092506573));
#807 = CARTESIAN_POINT('',(0.636770293846,0.680089989312));
#808 = CARTESIAN_POINT('',(0.636303220689,0.685090166043));
#809 = CARTESIAN_POINT('',(0.635830744161,0.69009292847));
#810 = CARTESIAN_POINT('',(0.635352392332,0.695098156232));
#811 = CARTESIAN_POINT('',(0.634396646648,0.704970835789));
#812 = CARTESIAN_POINT('',(0.633919612668,0.70983815648));
#813 = CARTESIAN_POINT('',(0.633436026508,0.714707557333));
#814 = CARTESIAN_POINT('',(0.632945331218,0.719578905435));
#815 = CARTESIAN_POINT('',(0.632446901308,0.724452056297));
#816 = CARTESIAN_POINT('',(0.631940034781,0.729326853733));
#817 = CARTESIAN_POINT('',(0.631423945168,0.73420312974));
#818 = ( GEOMETRIC_REPRESENTATION_CONTEXT(2) 
PARAMETRIC_REPRESENTATION_CONTEXT() REPRESENTATION_CONTEXT('2D SPACE',''
  ) );
#819 = PCURVE('',#820,#825);
#820 = PLANE('',#821);
#821 = AXIS2_PLACEMENT_3D('',#822,#823,#824);
#822 = CARTESIAN_POINT('',(-23.,-142.,-67.));
#823 = DIRECTION('',(1.,0.,0.));
#824 = DIRECTION('',(0.,0.,1.));
#825 = DEFINITIONAL_REPRESENTATION('',(#826),#895);
#826 = B_SPLINE_CURVE_WITH_KNOTS('',7,(#827,#828,#829,#830,#831,#832,
    #833,#834,#835,#836,#837,#838,#839,#840,#841,#842,#843,#844,#845,
    #846,#847,#848,#849,#850,#851,#852,#853,#854,#855,#856,#857,#858,
    #859,#860,#861,#862,#863,#864,#865,#866,#867,#868,#869,#870,#871,
    #872,#873,#874,#875,#876,#877,#878,#879,#880,#881,#882,#883,#884,
    #885,#886,#887,#888,#889,#890,#891,#892,#893,#894),.UNSPECIFIED.,.F.
  ,.F.,(8,6,6,6,6,6,6,6,6,6,6,8),(0.,0.298438849773,0.47526230115,
    0.57085881259,0.618496494406,0.661702990903,0.719875848383,
    0.775725106062,0.814295635696,0.852792873163,0.927458376814,1.),
  .UNSPECIFIED.);
#827 = CARTESIAN_POINT('',(0.,-120.8291917845));
#828 = CARTESIAN_POINT('',(5.721418771568,-120.8241686866));
#829 = CARTESIAN_POINT('',(11.44269890303,-120.8970271156));
#830 = CARTESIAN_POINT('',(17.162962182414,-121.0332196602));
#831 = CARTESIAN_POINT('',(22.881654951973,-121.2209029937));
#832 = CARTESIAN_POINT('',(28.598573440067,-121.4500045303));
#833 = CARTESIAN_POINT('',(34.313871720674,-121.711969866));
#834 = CARTESIAN_POINT('',(43.413696551793,-122.1699591547));
#835 = CARTESIAN_POINT('',(46.798869935702,-122.3493490771));
#836 = CARTESIAN_POINT('',(50.183641344202,-122.5362240355));
#837 = CARTESIAN_POINT('',(53.568065791915,-122.7292367614));
#838 = CARTESIAN_POINT('',(56.952199045035,-122.9271890639));
#839 = CARTESIAN_POINT('',(60.336097853229,-123.1290276159));
#840 = CARTESIAN_POINT('',(65.549169932104,-123.444579204));
#841 = CARTESIAN_POINT('',(67.378467269034,-123.5561826271));
#842 = CARTESIAN_POINT('',(69.207720085109,-123.6685139881));
#843 = CARTESIAN_POINT('',(71.036936055728,-123.7814427846));
#844 = CARTESIAN_POINT('',(72.866122221926,-123.8948514105));
#845 = CARTESIAN_POINT('',(74.695284990365,-124.0086351555));
#846 = CARTESIAN_POINT('',(77.435930281242,-124.1795441312));
#847 = CARTESIAN_POINT('',(78.347426033863,-124.2364564512));
#848 = CARTESIAN_POINT('',(79.258918092973,-124.2934278316));
#849 = CARTESIAN_POINT('',(80.170407109529,-124.3504477855));
#850 = CARTESIAN_POINT('',(81.081893683677,-124.4075066725));
#851 = CARTESIAN_POINT('',(81.993378364749,-124.4645956991));
#852 = CARTESIAN_POINT('',(83.731560137114,-124.5735057377));
#853 = CARTESIAN_POINT('',(84.558257474215,-124.625322825));
#854 = CARTESIAN_POINT('',(85.384954033912,-124.6771522511));
#855 = CARTESIAN_POINT('',(86.211650149748,-124.7289886924));
#856 = CARTESIAN_POINT('',(87.038346117461,-124.7808274302));
#857 = CARTESIAN_POINT('',(87.86504219499,-124.8326643514));
#858 = CARTESIAN_POINT('',(89.804795577479,-124.954281566));
#859 = CARTESIAN_POINT('',(90.917853147943,-125.0240575721));
#860 = CARTESIAN_POINT('',(92.030911852714,-125.0938153666));
#861 = CARTESIAN_POINT('',(93.143972096514,-125.1635484846));
#862 = CARTESIAN_POINT('',(94.257034149944,-125.2332525958));
#863 = CARTESIAN_POINT('',(95.370098149481,-125.3029255042));
#864 = CARTESIAN_POINT('',(97.551770826385,-125.4394270949));
#865 = CARTESIAN_POINT('',(98.620379348054,-125.5062582822));
#866 = CARTESIAN_POINT('',(99.688989664716,-125.5730606531));
#867 = CARTESIAN_POINT('',(100.75760165532,-125.6398361293));
#868 = CARTESIAN_POINT('',(101.82621507554,-125.7065886112));
#869 = CARTESIAN_POINT('',(102.89482955777,-125.7733239782));
#870 = CARTESIAN_POINT('',(104.70144991853,-125.8861323739));
#871 = CARTESIAN_POINT('',(105.43945549709,-125.9322102633));
#872 = CARTESIAN_POINT('',(106.17746118461,-125.9782863568));
#873 = CARTESIAN_POINT('',(106.91546678846,-126.0243637399));
#874 = CARTESIAN_POINT('',(107.65347208562,-126.0704459842));
#875 = CARTESIAN_POINT('',(108.39147682262,-126.1165371473));
#876 = CARTESIAN_POINT('',(109.86608224499,-126.2086587895));
#877 = CARTESIAN_POINT('',(110.60268293244,-126.2546892283));
#878 = CARTESIAN_POINT('',(111.33928249603,-126.3007376058));
#879 = CARTESIAN_POINT('',(112.07588062074,-126.3468089533));
#880 = CARTESIAN_POINT('',(112.81247695852,-126.3929088167));
#881 = CARTESIAN_POINT('',(113.54907112818,-126.4390432564));
#882 = CARTESIAN_POINT('',(115.71428423405,-126.5747765399));
#883 = CARTESIAN_POINT('',(117.14289601206,-126.6644890465));
#884 = CARTESIAN_POINT('',(118.57149505463,-126.7544044525));
#885 = CARTESIAN_POINT('',(120.00007783268,-126.8445783386));
#886 = CARTESIAN_POINT('',(121.42864025961,-126.9350741498));
#887 = CARTESIAN_POINT('',(122.85717766797,-127.0259635649));
#888 = CARTESIAN_POINT('',(125.67355763257,-127.2060913108));
#889 = CARTESIAN_POINT('',(127.06140180762,-127.2953030578));
#890 = CARTESIAN_POINT('',(128.4492125154,-127.3850357683));
#891 = CARTESIAN_POINT('',(129.83698426993,-127.4753707402));
#892 = CARTESIAN_POINT('',(131.2247108664,-127.5663973463));
#893 = CARTESIAN_POINT('',(132.61238535256,-127.6582134732));
#894 = CARTESIAN_POINT('',(134.,-127.7509259613));
#895 = ( GEOMETRIC_REPRESENTATION_CONTEXT(2) 
PARAMETRIC_REPRESENTATION_CONTEXT() REPRESENTATION_CONTEXT('2D SPACE',''
  ) );
#896 = ORIENTED_EDGE('',*,*,#897,.F.);
#897 = EDGE_CURVE('',#898,#675,#900,.T.);
#898 = VERTEX_POINT('',#899);
#899 = CARTESIAN_POINT('',(23.,-14.24907402859,67.));
#900 = SURFACE_CURVE('',#901,(#940,#982),.PCURVE_S1.);
#901 = B_SPLINE_CURVE_WITH_KNOTS('',7,(#902,#903,#904,#905,#906,#907,
    #908,#909,#910,#911,#912,#913,#914,#915,#916,#917,#918,#919,#920,
    #921,#922,#923,#924,#925,#926,#927,#928,#929,#930,#931,#932,#933,
    #934,#935,#936,#937,#938,#939),.UNSPECIFIED.,.F.,.F.,(8,6,6,6,6,6,8)
  ,(0.,0.114829885502,0.302371602508,0.499993375117,0.78796242584,
    0.885171368486,1.),.UNSPECIFIED.);
#902 = CARTESIAN_POINT('',(23.,-14.24907402859,67.));
#903 = CARTESIAN_POINT('',(22.309550063866,-14.61298679993,67.));
#904 = CARTESIAN_POINT('',(21.609390613616,-14.95842886455,67.));
#905 = CARTESIAN_POINT('',(20.900625825462,-15.28615359395,67.));
#906 = CARTESIAN_POINT('',(20.18421339729,-15.59681712916,67.));
#907 = CARTESIAN_POINT('',(19.460978468849,-15.89100909405,67.));
#908 = CARTESIAN_POINT('',(18.731620939698,-16.16926881623,67.));
#909 = CARTESIAN_POINT('',(16.796459832211,-16.86132534663,67.));
#910 = CARTESIAN_POINT('',(15.581549524026,-17.24932460257,67.));
#911 = CARTESIAN_POINT('',(14.354485659943,-17.59824622565,67.));
#912 = CARTESIAN_POINT('',(13.117374945074,-17.909740028,67.));
#913 = CARTESIAN_POINT('',(11.871991224949,-18.18516673524,67.));
#914 = CARTESIAN_POINT('',(10.619785361164,-18.4256341872,67.));
#915 = CARTESIAN_POINT('',(8.036389192892,-18.84949052626,67.));
#916 = CARTESIAN_POINT('',(6.704720412691,-19.02909247495,67.));
#917 = CARTESIAN_POINT('',(5.368297137824,-19.17184404637,67.));
#918 = CARTESIAN_POINT('',(4.028431220065,-19.27844527856,67.));
#919 = CARTESIAN_POINT('',(2.686342958579,-19.34935375951,67.));
#920 = CARTESIAN_POINT('',(1.343164125166,-19.38481001161,67.));
#921 = CARTESIAN_POINT('',(-1.957379213925,-19.38480645728,67.));
#922 = CARTESIAN_POINT('',(-3.914309332216,-19.30951630881,67.));
#923 = CARTESIAN_POINT('',(-5.86799071349,-19.15898549417,67.));
#924 = CARTESIAN_POINT('',(-7.814922950874,-18.9321068543,67.));
#925 = CARTESIAN_POINT('',(-9.75096387304,-18.62677167024,67.));
#926 = CARTESIAN_POINT('',(-11.67132980841,-18.23986949174,67.));
#927 = CARTESIAN_POINT('',(-14.21150204186,-17.60631213865,67.));
#928 = CARTESIAN_POINT('',(-14.85010780746,-17.43654320146,67.));
#929 = CARTESIAN_POINT('',(-15.48601107329,-17.2567053779,67.));
#930 = CARTESIAN_POINT('',(-16.11894707595,-17.06658630121,67.));
#931 = CARTESIAN_POINT('',(-16.74861961908,-16.86595058681,67.));
#932 = CARTESIAN_POINT('',(-17.37469977504,-16.65453577635,67.));
#933 = CARTESIAN_POINT('',(-18.73171315536,-16.16923362876,67.));
#934 = CARTESIAN_POINT('',(-19.46105466932,-15.89097809303,67.));
#935 = CARTESIAN_POINT('',(-20.1842737813,-15.59679094142,67.));
#936 = CARTESIAN_POINT('',(-20.90067062919,-15.28613287677,67.));
#937 = CARTESIAN_POINT('',(-21.60942012005,-14.95841430939,67.));
#938 = CARTESIAN_POINT('',(-22.3095646129,-14.61297913779,67.));
#939 = CARTESIAN_POINT('',(-23.,-14.24907403867,67.));
#940 = PCURVE('',#44,#941);
#941 = DEFINITIONAL_REPRESENTATION('',(#942),#981);
#942 = B_SPLINE_CURVE_WITH_KNOTS('',7,(#943,#944,#945,#946,#947,#948,
    #949,#950,#951,#952,#953,#954,#955,#956,#957,#958,#959,#960,#961,
    #962,#963,#964,#965,#966,#967,#968,#969,#970,#971,#972,#973,#974,
    #975,#976,#977,#978,#979,#980),.UNSPECIFIED.,.F.,.F.,(8,6,6,6,6,6,8)
  ,(0.,0.114829885502,0.302371602508,0.499993375117,0.78796242584,
    0.885171368486,1.),.UNSPECIFIED.);
#943 = CARTESIAN_POINT('',(0.868576054815,0.73420312974));
#944 = CARTESIAN_POINT('',(0.864169211246,0.73420312974));
#945 = CARTESIAN_POINT('',(0.85983170106,0.73420312974));
#946 = CARTESIAN_POINT('',(0.855557622605,0.73420312974));
#947 = CARTESIAN_POINT('',(0.851341882526,0.73420312974));
#948 = CARTESIAN_POINT('',(0.847179869893,0.73420312974));
#949 = CARTESIAN_POINT('',(0.843067239854,0.73420312974));
#950 = CARTESIAN_POINT('',(0.832356820304,0.73420312974));
#951 = CARTESIAN_POINT('',(0.8258351776,0.73420312974));
#952 = CARTESIAN_POINT('',(0.819416509233,0.73420312974));
#953 = CARTESIAN_POINT('',(0.813086198153,0.73420312974));
#954 = CARTESIAN_POINT('',(0.806831271057,0.73420312974));
#955 = CARTESIAN_POINT('',(0.800639720159,0.73420312974));
#956 = CARTESIAN_POINT('',(0.788029773632,0.73420312974));
#957 = CARTESIAN_POINT('',(0.781617798692,0.73420312974));
#958 = CARTESIAN_POINT('',(0.775250428112,0.73420312974));
#959 = CARTESIAN_POINT('',(0.768915899175,0.73420312974));
#960 = CARTESIAN_POINT('',(0.762603237032,0.73420312974));
#961 = CARTESIAN_POINT('',(0.75630158285,0.73420312974));
#962 = CARTESIAN_POINT('',(0.740816768392,0.73420312974));
#963 = CARTESIAN_POINT('',(0.731635647458,0.73420312974));
#964 = CARTESIAN_POINT('',(0.722419805618,0.73420312974));
#965 = CARTESIAN_POINT('',(0.713135937225,0.73420312974));
#966 = CARTESIAN_POINT('',(0.703749186557,0.73420312974));
#967 = CARTESIAN_POINT('',(0.694221157934,0.73420312974));
#968 = CARTESIAN_POINT('',(0.6812179483,0.73420312974));
#969 = CARTESIAN_POINT('',(0.677914452847,0.73420312974));
#970 = CARTESIAN_POINT('',(0.674587226351,0.73420312974));
#971 = CARTESIAN_POINT('',(0.671234298298,0.73420312974));
#972 = CARTESIAN_POINT('',(0.66785358496,0.73420312974));
#973 = CARTESIAN_POINT('',(0.664442838023,0.73420312974));
#974 = CARTESIAN_POINT('',(0.656932240133,0.73420312974));
#975 = CARTESIAN_POINT('',(0.652819691558,0.73420312974));
#976 = CARTESIAN_POINT('',(0.648657762108,0.73420312974));
#977 = CARTESIAN_POINT('',(0.644442107181,0.73420312974));
#978 = CARTESIAN_POINT('',(0.640168116118,0.73420312974));
#979 = CARTESIAN_POINT('',(0.635830695871,0.73420312974));
#980 = CARTESIAN_POINT('',(0.631423945168,0.73420312974));
#981 = ( GEOMETRIC_REPRESENTATION_CONTEXT(2) 
PARAMETRIC_REPRESENTATION_CONTEXT() REPRESENTATION_CONTEXT('2D SPACE',''
  ) );
#982 = PCURVE('',#983,#988);
#983 = PLANE('',#984);
#984 = AXIS2_PLACEMENT_3D('',#985,#986,#987);
#985 = CARTESIAN_POINT('',(-23.,-142.,67.));
#986 = DIRECTION('',(0.,0.,1.));
#987 = DIRECTION('',(1.,0.,0.));
#988 = DEFINITIONAL_REPRESENTATION('',(#989),#1028);
#989 = B_SPLINE_CURVE_WITH_KNOTS('',7,(#990,#991,#992,#993,#994,#995,
    #996,#997,#998,#999,#1000,#1001,#1002,#1003,#1004,#1005,#1006,#1007,
    #1008,#1009,#1010,#1011,#1012,#1013,#1014,#1015,#1016,#1017,#1018,
    #1019,#1020,#1021,#1022,#1023,#1024,#1025,#1026,#1027),
  .UNSPECIFIED.,.F.,.F.,(8,6,6,6,6,6,8),(0.,0.114829885502,
    0.302371602508,0.499993375117,0.78796242584,0.885171368486,1.),
  .UNSPECIFIED.);
#990 = CARTESIAN_POINT('',(46.,127.75092597141));
#991 = CARTESIAN_POINT('',(45.309550063866,127.38701320006));
#992 = CARTESIAN_POINT('',(44.609390613616,127.04157113544));
#993 = CARTESIAN_POINT('',(43.900625825462,126.71384640604));
#994 = CARTESIAN_POINT('',(43.18421339729,126.40318287083));
#995 = CARTESIAN_POINT('',(42.460978468849,126.10899090594));
#996 = CARTESIAN_POINT('',(41.731620939698,125.83073118376));
#997 = CARTESIAN_POINT('',(39.796459832211,125.13867465337));
#998 = CARTESIAN_POINT('',(38.581549524026,124.75067539742));
#999 = CARTESIAN_POINT('',(37.354485659943,124.40175377434));
#1000 = CARTESIAN_POINT('',(36.117374945074,124.090259972));
#1001 = CARTESIAN_POINT('',(34.871991224949,123.81483326476));
#1002 = CARTESIAN_POINT('',(33.619785361164,123.5743658128));
#1003 = CARTESIAN_POINT('',(31.036389192892,123.15050947373));
#1004 = CARTESIAN_POINT('',(29.704720412691,122.97090752504));
#1005 = CARTESIAN_POINT('',(28.368297137824,122.82815595362));
#1006 = CARTESIAN_POINT('',(27.028431220065,122.72155472143));
#1007 = CARTESIAN_POINT('',(25.686342958579,122.65064624048));
#1008 = CARTESIAN_POINT('',(24.343164125166,122.61518998838));
#1009 = CARTESIAN_POINT('',(21.042620786075,122.61519354271));
#1010 = CARTESIAN_POINT('',(19.085690667784,122.69048369118));
#1011 = CARTESIAN_POINT('',(17.13200928651,122.84101450582));
#1012 = CARTESIAN_POINT('',(15.185077049126,123.06789314569));
#1013 = CARTESIAN_POINT('',(13.24903612696,123.37322832975));
#1014 = CARTESIAN_POINT('',(11.328670191584,123.76013050825));
#1015 = CARTESIAN_POINT('',(8.78849795814,124.39368786134));
#1016 = CARTESIAN_POINT('',(8.149892192534,124.56345679853));
#1017 = CARTESIAN_POINT('',(7.513988926704,124.74329462209));
#1018 = CARTESIAN_POINT('',(6.881052924046,124.93341369878));
#1019 = CARTESIAN_POINT('',(6.251380380916,125.13404941318));
#1020 = CARTESIAN_POINT('',(5.62530022496,125.34546422364));
#1021 = CARTESIAN_POINT('',(4.268286844631,125.83076637123));
#1022 = CARTESIAN_POINT('',(3.53894533068,126.10902190696));
#1023 = CARTESIAN_POINT('',(2.815726218692,126.40320905857));
#1024 = CARTESIAN_POINT('',(2.099329370803,126.71386712322));
#1025 = CARTESIAN_POINT('',(1.390579879948,127.0415856906));
#1026 = CARTESIAN_POINT('',(0.690435387099,127.3870208622));
#1027 = CARTESIAN_POINT('',(0.,127.75092596132));
#1028 = ( GEOMETRIC_REPRESENTATION_CONTEXT(2) 
PARAMETRIC_REPRESENTATION_CONTEXT() REPRESENTATION_CONTEXT('2D SPACE',''
  ) );
#1029 = ORIENTED_EDGE('',*,*,#1030,.F.);
#1030 = EDGE_CURVE('',#576,#898,#1031,.T.);
#1031 = SURFACE_CURVE('',#1032,(#1101,#1173),.PCURVE_S1.);
#1032 = B_SPLINE_CURVE_WITH_KNOTS('',7,(#1033,#1034,#1035,#1036,#1037,
    #1038,#1039,#1040,#1041,#1042,#1043,#1044,#1045,#1046,#1047,#1048,
    #1049,#1050,#1051,#1052,#1053,#1054,#1055,#1056,#1057,#1058,#1059,
    #1060,#1061,#1062,#1063,#1064,#1065,#1066,#1067,#1068,#1069,#1070,
    #1071,#1072,#1073,#1074,#1075,#1076,#1077,#1078,#1079,#1080,#1081,
    #1082,#1083,#1084,#1085,#1086,#1087,#1088,#1089,#1090,#1091,#1092,
    #1093,#1094,#1095,#1096,#1097,#1098,#1099,#1100),.UNSPECIFIED.,.F.,
  .F.,(8,6,6,6,6,6,6,6,6,6,6,8),(0.,0.298438864491,0.4752623158,
    0.570858827178,0.618496508959,0.661703005423,0.719875862859,
    0.775725120496,0.814295650102,0.852792887542,0.927458391149,1.),
  .UNSPECIFIED.);
#1033 = CARTESIAN_POINT('',(23.,-21.17080822414,-67.));
#1034 = CARTESIAN_POINT('',(23.,-21.17583132228,-61.27858094622));
#1035 = CARTESIAN_POINT('',(23.,-21.10297288577,-55.55730053258));
#1036 = CARTESIAN_POINT('',(23.,-20.96678032808,-49.8370369712));
#1037 = CARTESIAN_POINT('',(23.,-20.77909697747,-44.11834391976));
#1038 = CARTESIAN_POINT('',(23.,-20.54999542114,-38.40142515007));
#1039 = CARTESIAN_POINT('',(23.,-20.28803006401,-32.68612658796));
#1040 = CARTESIAN_POINT('',(23.,-19.83004074849,-23.58630147691));
#1041 = CARTESIAN_POINT('',(23.,-19.65065082195,-20.20112809449));
#1042 = CARTESIAN_POINT('',(23.,-19.46377586003,-16.81635668746));
#1043 = CARTESIAN_POINT('',(23.,-19.2707631311,-13.4319322412));
#1044 = CARTESIAN_POINT('',(23.,-19.07281082601,-10.0477989895));
#1045 = CARTESIAN_POINT('',(23.,-18.87097227184,-6.663900182719));
#1046 = CARTESIAN_POINT('',(23.,-18.55542068093,-1.450828106457));
#1047 = CARTESIAN_POINT('',(23.,-18.44381725697,0.37846922925));
#1048 = CARTESIAN_POINT('',(23.,-18.33148589524,2.207722044107));
#1049 = CARTESIAN_POINT('',(23.,-18.21855709799,4.036938013515));
#1050 = CARTESIAN_POINT('',(23.,-18.10514847151,5.866124178504));
#1051 = CARTESIAN_POINT('',(23.,-17.99136472602,7.69528694574));
#1052 = CARTESIAN_POINT('',(23.,-17.82045574958,10.435932234746));
#1053 = CARTESIAN_POINT('',(23.,-17.76354342937,11.347427986696));
#1054 = CARTESIAN_POINT('',(23.,-17.70657204874,12.258920045136));
#1055 = CARTESIAN_POINT('',(23.,-17.64955209467,13.170409061023));
#1056 = CARTESIAN_POINT('',(23.,-17.59249320745,14.081895634503));
#1057 = CARTESIAN_POINT('',(23.,-17.53540418074,14.993380314907));
#1058 = CARTESIAN_POINT('',(23.,-17.42649414179,16.731562085977));
#1059 = CARTESIAN_POINT('',(23.,-17.37467705436,17.558259422449));
#1060 = CARTESIAN_POINT('',(23.,-17.32284762812,18.384955981519));
#1061 = CARTESIAN_POINT('',(23.,-17.27101118678,19.211652096727));
#1062 = CARTESIAN_POINT('',(23.,-17.21917244883,20.038348063813));
#1063 = CARTESIAN_POINT('',(23.,-17.16733552755,20.865044140715));
#1064 = CARTESIAN_POINT('',(23.,-17.04571831267,22.804797521721));
#1065 = CARTESIAN_POINT('',(23.,-16.97594230646,23.91785509133));
#1066 = CARTESIAN_POINT('',(23.,-16.90618451183,25.030913795244));
#1067 = CARTESIAN_POINT('',(23.,-16.83645139366,26.143974038189));
#1068 = CARTESIAN_POINT('',(23.,-16.76674728236,27.257036090764));
#1069 = CARTESIAN_POINT('',(23.,-16.69707437381,28.370100089445));
#1070 = CARTESIAN_POINT('',(23.,-16.56057278288,30.551772764685));
#1071 = CARTESIAN_POINT('',(23.,-16.49374159546,31.620381285546));
#1072 = CARTESIAN_POINT('',(23.,-16.42693922442,32.688991601399));
#1073 = CARTESIAN_POINT('',(23.,-16.36016374814,33.757603591196));
#1074 = CARTESIAN_POINT('',(23.,-16.29341126609,34.82621701061));
#1075 = CARTESIAN_POINT('',(23.,-16.22667589889,35.894831492031));
#1076 = CARTESIAN_POINT('',(23.,-16.11386750294,37.701451851441));
#1077 = CARTESIAN_POINT('',(23.,-16.06778961335,38.439457429462));
#1078 = CARTESIAN_POINT('',(23.,-16.02171351977,39.17746311644));
#1079 = CARTESIAN_POINT('',(23.,-15.97563613655,39.915468719757));
#1080 = CARTESIAN_POINT('',(23.,-15.92955389209,40.653474016374));
#1081 = CARTESIAN_POINT('',(23.,-15.88346272883,41.39147875283));
#1082 = CARTESIAN_POINT('',(23.,-15.79134108626,42.866084174151));
#1083 = CARTESIAN_POINT('',(23.,-15.74531064728,43.602684861095));
#1084 = CARTESIAN_POINT('',(23.,-15.69926226958,44.339284424166));
#1085 = CARTESIAN_POINT('',(23.,-15.65319092188,45.075882548371));
#1086 = CARTESIAN_POINT('',(23.,-15.60709105829,45.81247888563));
#1087 = CARTESIAN_POINT('',(23.,-15.56095661838,46.549073054776));
#1088 = CARTESIAN_POINT('',(23.,-15.42522333413,48.714286159259));
#1089 = CARTESIAN_POINT('',(23.,-15.335510827,50.142897936386));
#1090 = CARTESIAN_POINT('',(23.,-15.24559542042,51.571496978074));
#1091 = CARTESIAN_POINT('',(23.,-15.1554215337,53.000079755244));
#1092 = CARTESIAN_POINT('',(23.,-15.06492572171,54.428642181284));
#1093 = CARTESIAN_POINT('',(23.,-14.97403630589,55.85717958874));
#1094 = CARTESIAN_POINT('',(23.,-14.79390857575,58.673559278144));
#1095 = CARTESIAN_POINT('',(23.,-14.70469684547,60.061403178896));
#1096 = CARTESIAN_POINT('',(23.,-14.61496415184,61.449213612397));
#1097 = CARTESIAN_POINT('',(23.,-14.52462919695,62.836985092651));
#1098 = CARTESIAN_POINT('',(23.,-14.43360260815,64.224711414866));
#1099 = CARTESIAN_POINT('',(23.,-14.34178649872,65.612385626781));
#1100 = CARTESIAN_POINT('',(23.,-14.24907402859,67.));
#1101 = PCURVE('',#44,#1102);
#1102 = DEFINITIONAL_REPRESENTATION('',(#1103),#1172);
#1103 = B_SPLINE_CURVE_WITH_KNOTS('',7,(#1104,#1105,#1106,#1107,#1108,
    #1109,#1110,#1111,#1112,#1113,#1114,#1115,#1116,#1117,#1118,#1119,
    #1120,#1121,#1122,#1123,#1124,#1125,#1126,#1127,#1128,#1129,#1130,
    #1131,#1132,#1133,#1134,#1135,#1136,#1137,#1138,#1139,#1140,#1141,
    #1142,#1143,#1144,#1145,#1146,#1147,#1148,#1149,#1150,#1151,#1152,
    #1153,#1154,#1155,#1156,#1157,#1158,#1159,#1160,#1161,#1162,#1163,
    #1164,#1165,#1166,#1167,#1168,#1169,#1170,#1171),.UNSPECIFIED.,.F.,
  .F.,(8,6,6,6,6,6,6,6,6,6,6,8),(0.,0.298438864491,0.4752623158,
    0.570858827178,0.618496508959,0.661703005423,0.719875862859,
    0.775725120496,0.814295650102,0.852792887542,0.927458391149,1.),
  .UNSPECIFIED.);
#1104 = CARTESIAN_POINT('',(0.838422356325,0.272408658895));
#1105 = CARTESIAN_POINT('',(0.838405435035,0.29204448631));
#1106 = CARTESIAN_POINT('',(0.838650873757,0.311618249974));
#1107 = CARTESIAN_POINT('',(0.839109335496,0.331147250769));
#1108 = CARTESIAN_POINT('',(0.839749257787,0.35064688373));
#1109 = CARTESIAN_POINT('',(0.840545497124,0.37013135069));
#1110 = CARTESIAN_POINT('',(0.84147761438,0.389613966509));
#1111 = CARTESIAN_POINT('',(0.843150239049,0.420657048938));
#1112 = CARTESIAN_POINT('',(0.84381402974,0.432210302359));
#1113 = CARTESIAN_POINT('',(0.84451562328,0.44376953405));
#1114 = CARTESIAN_POINT('',(0.845251688989,0.455336944375));
#1115 = CARTESIAN_POINT('',(0.846019155297,0.466914503507));
#1116 = CARTESIAN_POINT('',(0.846815191877,0.478503953824));
#1117 = CARTESIAN_POINT('',(0.848081703722,0.496379682305));
#1118 = CARTESIAN_POINT('',(0.848533754447,0.502656473159));
#1119 = CARTESIAN_POINT('',(0.848993011585,0.508937412637));
#1120 = CARTESIAN_POINT('',(0.849459100024,0.515222714021));
#1121 = CARTESIAN_POINT('',(0.849931674636,0.521512567767));
#1122 = CARTESIAN_POINT('',(0.850410420279,0.527807141506));
#1123 = CARTESIAN_POINT('',(0.851136553515,0.537245718123));
#1124 = CARTESIAN_POINT('',(0.851379517462,0.540386064123));
#1125 = CARTESIAN_POINT('',(0.851623908773,0.543527635885));
#1126 = CARTESIAN_POINT('',(0.851869695159,0.546670449738));
#1127 = CARTESIAN_POINT('',(0.852116846902,0.549814520504));
#1128 = CARTESIAN_POINT('',(0.852365336858,0.552959861495));
#1129 = CARTESIAN_POINT('',(0.852841707705,0.55896041341));
#1130 = CARTESIAN_POINT('',(0.853069355735,0.561815396903));
#1131 = CARTESIAN_POINT('',(0.853298066221,0.564671443801));
#1132 = CARTESIAN_POINT('',(0.853527823016,0.567528561842));
#1133 = CARTESIAN_POINT('',(0.853758612148,0.5703867577));
#1134 = CARTESIAN_POINT('',(0.853990421826,0.573246036983));
#1135 = CARTESIAN_POINT('',(0.854536710115,0.579957578251));
#1136 = CARTESIAN_POINT('',(0.854852010935,0.583810724458));
#1137 = CARTESIAN_POINT('',(0.855169120914,0.587665853985));
#1138 = CARTESIAN_POINT('',(0.855488025217,0.591522974289));
#1139 = CARTESIAN_POINT('',(0.855808718155,0.595382089164));
#1140 = CARTESIAN_POINT('',(0.856131203183,0.599243198736));
#1141 = CARTESIAN_POINT('',(0.856766829509,0.606815096275));
#1142 = CARTESIAN_POINT('',(0.857079830321,0.610525728296));
#1143 = CARTESIAN_POINT('',(0.857394506421,0.614238192395));
#1144 = CARTESIAN_POINT('',(0.85771087898,0.617952482159));
#1145 = CARTESIAN_POINT('',(0.858028979265,0.621668587896));
#1146 = CARTESIAN_POINT('',(0.858348848633,0.625386496638));
#1147 = CARTESIAN_POINT('',(0.858892703526,0.631675082603));
#1148 = CARTESIAN_POINT('',(0.859115737107,0.634244825252));
#1149 = CARTESIAN_POINT('',(0.859339656381,0.636815414722));
#1150 = CARTESIAN_POINT('',(0.859564481271,0.639386844874));
#1151 = CARTESIAN_POINT('',(0.85979023452,0.641959108789));
#1152 = CARTESIAN_POINT('',(0.860016941691,0.644532198771));
#1153 = CARTESIAN_POINT('',(0.860471887984,0.649675122955));
#1154 = CARTESIAN_POINT('',(0.860700123543,0.652244954043));
#1155 = CARTESIAN_POINT('',(0.860929366043,0.654815591186));
#1156 = CARTESIAN_POINT('',(0.861159646981,0.657387025159));
#1157 = CARTESIAN_POINT('',(0.861391001145,0.65995924594));
#1158 = CARTESIAN_POINT('',(0.86162346662,0.662532242703));
#1159 = CARTESIAN_POINT('',(0.862310187893,0.670097820983));
#1160 = CARTESIAN_POINT('',(0.86276762729,0.675092513303));
#1161 = CARTESIAN_POINT('',(0.863229706756,0.680089996042));
#1162 = CARTESIAN_POINT('',(0.863696779919,0.685090172774));
#1163 = CARTESIAN_POINT('',(0.864169256454,0.6900929352));
#1164 = CARTESIAN_POINT('',(0.86464760829,0.695098162962));
#1165 = CARTESIAN_POINT('',(0.865603353896,0.70497084156));
#1166 = CARTESIAN_POINT('',(0.866080387789,0.709838161291));
#1167 = CARTESIAN_POINT('',(0.86656397386,0.714707561184));
#1168 = CARTESIAN_POINT('',(0.867054669058,0.719578908324));
#1169 = CARTESIAN_POINT('',(0.867553098874,0.724452058224));
#1170 = CARTESIAN_POINT('',(0.868059965303,0.729326854696));
#1171 = CARTESIAN_POINT('',(0.868576054815,0.73420312974));
#1172 = ( GEOMETRIC_REPRESENTATION_CONTEXT(2) 
PARAMETRIC_REPRESENTATION_CONTEXT() REPRESENTATION_CONTEXT('2D SPACE',''
  ) );
#1173 = PCURVE('',#1174,#1179);
#1174 = PLANE('',#1175);
#1175 = AXIS2_PLACEMENT_3D('',#1176,#1177,#1178);
#1176 = CARTESIAN_POINT('',(23.,-142.,-67.));
#1177 = DIRECTION('',(1.,0.,0.));
#1178 = DIRECTION('',(0.,0.,1.));
#1179 = DEFINITIONAL_REPRESENTATION('',(#1180),#1249);
#1180 = B_SPLINE_CURVE_WITH_KNOTS('',7,(#1181,#1182,#1183,#1184,#1185,
    #1186,#1187,#1188,#1189,#1190,#1191,#1192,#1193,#1194,#1195,#1196,
    #1197,#1198,#1199,#1200,#1201,#1202,#1203,#1204,#1205,#1206,#1207,
    #1208,#1209,#1210,#1211,#1212,#1213,#1214,#1215,#1216,#1217,#1218,
    #1219,#1220,#1221,#1222,#1223,#1224,#1225,#1226,#1227,#1228,#1229,
    #1230,#1231,#1232,#1233,#1234,#1235,#1236,#1237,#1238,#1239,#1240,
    #1241,#1242,#1243,#1244,#1245,#1246,#1247,#1248),.UNSPECIFIED.,.F.,
  .F.,(8,6,6,6,6,6,6,6,6,6,6,8),(0.,0.298438864491,0.4752623158,
    0.570858827178,0.618496508959,0.661703005423,0.719875862859,
    0.775725120496,0.814295650102,0.852792887542,0.927458391149,1.),
  .UNSPECIFIED.);
#1181 = CARTESIAN_POINT('',(0.,-120.8291917758));
#1182 = CARTESIAN_POINT('',(5.721419053772,-120.8241686777));
#1183 = CARTESIAN_POINT('',(11.442699467419,-120.8970271142));
#1184 = CARTESIAN_POINT('',(17.162963028795,-121.0332196719));
#1185 = CARTESIAN_POINT('',(22.881656080234,-121.2209030225));
#1186 = CARTESIAN_POINT('',(28.598574849923,-121.4500045788));
#1187 = CARTESIAN_POINT('',(34.313873412035,-121.7119699359));
#1188 = CARTESIAN_POINT('',(43.413698523089,-122.1699592515));
#1189 = CARTESIAN_POINT('',(46.798871905508,-122.349349178));
#1190 = CARTESIAN_POINT('',(50.183643312534,-122.5362241399));
#1191 = CARTESIAN_POINT('',(53.568067758799,-122.7292368689));
#1192 = CARTESIAN_POINT('',(56.952201010496,-122.9271891739));
#1193 = CARTESIAN_POINT('',(60.336099817281,-123.1290277281));
#1194 = CARTESIAN_POINT('',(65.549171893543,-123.444579319));
#1195 = CARTESIAN_POINT('',(67.37846922925,-123.556182743));
#1196 = CARTESIAN_POINT('',(69.207722044107,-123.6685141047));
#1197 = CARTESIAN_POINT('',(71.036938013515,-123.781442902));
#1198 = CARTESIAN_POINT('',(72.866124178504,-123.8948515284));
#1199 = CARTESIAN_POINT('',(74.69528694574,-124.0086352739));
#1200 = CARTESIAN_POINT('',(77.435932234746,-124.1795442504));
#1201 = CARTESIAN_POINT('',(78.347427986696,-124.2364565706));
#1202 = CARTESIAN_POINT('',(79.258920045136,-124.2934279512));
#1203 = CARTESIAN_POINT('',(80.170409061023,-124.3504479053));
#1204 = CARTESIAN_POINT('',(81.081895634503,-124.4075067925));
#1205 = CARTESIAN_POINT('',(81.993380314907,-124.4645958192));
#1206 = CARTESIAN_POINT('',(83.731562085977,-124.5735058582));
#1207 = CARTESIAN_POINT('',(84.558259422449,-124.6253229456));
#1208 = CARTESIAN_POINT('',(85.384955981519,-124.6771523718));
#1209 = CARTESIAN_POINT('',(86.211652096727,-124.7289888132));
#1210 = CARTESIAN_POINT('',(87.038348063813,-124.7808275511));
#1211 = CARTESIAN_POINT('',(87.865044140715,-124.8326644724));
#1212 = CARTESIAN_POINT('',(89.804797521721,-124.9542816873));
#1213 = CARTESIAN_POINT('',(90.91785509133,-125.0240576935));
#1214 = CARTESIAN_POINT('',(92.030913795244,-125.0938154881));
#1215 = CARTESIAN_POINT('',(93.143974038189,-125.1635486063));
#1216 = CARTESIAN_POINT('',(94.257036090764,-125.2332527176));
#1217 = CARTESIAN_POINT('',(95.370100089445,-125.3029256261));
#1218 = CARTESIAN_POINT('',(97.551772764685,-125.4394272171));
#1219 = CARTESIAN_POINT('',(98.620381285546,-125.5062584045));
#1220 = CARTESIAN_POINT('',(99.688991601399,-125.5730607755));
#1221 = CARTESIAN_POINT('',(100.75760359119,-125.6398362518));
#1222 = CARTESIAN_POINT('',(101.82621701061,-125.7065887339));
#1223 = CARTESIAN_POINT('',(102.89483149203,-125.7733241011));
#1224 = CARTESIAN_POINT('',(104.70145185144,-125.886132497));
#1225 = CARTESIAN_POINT('',(105.43945742946,-125.9322103866));
#1226 = CARTESIAN_POINT('',(106.17746311644,-125.9782864802));
#1227 = CARTESIAN_POINT('',(106.91546871975,-126.0243638634));
#1228 = CARTESIAN_POINT('',(107.65347401637,-126.0704461079));
#1229 = CARTESIAN_POINT('',(108.39147875283,-126.1165372711));
#1230 = CARTESIAN_POINT('',(109.86608417415,-126.2086589137));
#1231 = CARTESIAN_POINT('',(110.60268486109,-126.2546893527));
#1232 = CARTESIAN_POINT('',(111.33928442416,-126.3007377304));
#1233 = CARTESIAN_POINT('',(112.07588254837,-126.3468090781));
#1234 = CARTESIAN_POINT('',(112.81247888563,-126.3929089417));
#1235 = CARTESIAN_POINT('',(113.54907305477,-126.4390433816));
#1236 = CARTESIAN_POINT('',(115.71428615925,-126.5747766658));
#1237 = CARTESIAN_POINT('',(117.14289793638,-126.6644891729));
#1238 = CARTESIAN_POINT('',(118.57149697807,-126.7544045795));
#1239 = CARTESIAN_POINT('',(120.00007975524,-126.8445784662));
#1240 = CARTESIAN_POINT('',(121.42864218128,-126.9350742782));
#1241 = CARTESIAN_POINT('',(122.85717958874,-127.0259636941));
#1242 = CARTESIAN_POINT('',(125.67355927814,-127.2060914242));
#1243 = CARTESIAN_POINT('',(127.06140317889,-127.2953031545));
#1244 = CARTESIAN_POINT('',(128.44921361239,-127.3850358481));
#1245 = CARTESIAN_POINT('',(129.83698509265,-127.475370803));
#1246 = CARTESIAN_POINT('',(131.22471141486,-127.5663973918));
#1247 = CARTESIAN_POINT('',(132.61238562678,-127.6582135012));
#1248 = CARTESIAN_POINT('',(134.,-127.7509259714));
#1249 = ( GEOMETRIC_REPRESENTATION_CONTEXT(2) 
PARAMETRIC_REPRESENTATION_CONTEXT() REPRESENTATION_CONTEXT('2D SPACE',''
  ) );
#1250 = ADVANCED_FACE('',(#1251),#127,.T.);
#1251 = FACE_BOUND('',#1252,.T.);
#1252 = EDGE_LOOP('',(#1253,#1274,#1275,#1296));
#1253 = ORIENTED_EDGE('',*,*,#1254,.T.);
#1254 = EDGE_CURVE('',#1255,#24,#1257,.T.);
#1255 = VERTEX_POINT('',#1256);
#1256 = CARTESIAN_POINT('',(24.3,0.,-143.));
#1257 = SURFACE_CURVE('',#1258,(#1262,#1268),.PCURVE_S1.);
#1258 = LINE('',#1259,#1260);
#1259 = CARTESIAN_POINT('',(-28.35,0.,-143.));
#1260 = VECTOR('',#1261,1.);
#1261 = DIRECTION('',(1.,-0.,0.));
#1262 = PCURVE('',#127,#1263);
#1263 = DEFINITIONAL_REPRESENTATION('',(#1264),#1267);
#1264 = B_SPLINE_CURVE_WITH_KNOTS('',1,(#1265,#1266),.UNSPECIFIED.,.F.,
  .F.,(2,2),(-12.15852083601,55.650000000004),.PIECEWISE_BEZIER_KNOTS.);
#1265 = CARTESIAN_POINT('',(67.808520836015,-4.531267869734E-15));
#1266 = CARTESIAN_POINT('',(-3.581135388231E-12,1.189142450245E-14));
#1267 = ( GEOMETRIC_REPRESENTATION_CONTEXT(2) 
PARAMETRIC_REPRESENTATION_CONTEXT() REPRESENTATION_CONTEXT('2D SPACE',''
  ) );
#1268 = PCURVE('',#169,#1269);
#1269 = DEFINITIONAL_REPRESENTATION('',(#1270),#1273);
#1270 = B_SPLINE_CURVE_WITH_KNOTS('',1,(#1271,#1272),.UNSPECIFIED.,.F.,
  .F.,(2,2),(-12.15852083601,55.650000000004),.PIECEWISE_BEZIER_KNOTS.);
#1271 = CARTESIAN_POINT('',(28.6,43.491479163985));
#1272 = CARTESIAN_POINT('',(28.6,111.3));
#1273 = ( GEOMETRIC_REPRESENTATION_CONTEXT(2) 
PARAMETRIC_REPRESENTATION_CONTEXT() REPRESENTATION_CONTEXT('2D SPACE',''
  ) );
#1274 = ORIENTED_EDGE('',*,*,#21,.F.);
#1275 = ORIENTED_EDGE('',*,*,#1276,.T.);
#1276 = EDGE_CURVE('',#22,#1277,#1279,.T.);
#1277 = VERTEX_POINT('',#1278);
#1278 = CARTESIAN_POINT('',(-24.29999999678,-1.57268494604E-14,-143.));
#1279 = SURFACE_CURVE('',#1280,(#1284,#1290),.PCURVE_S1.);
#1280 = LINE('',#1281,#1282);
#1281 = CARTESIAN_POINT('',(-28.35,0.,-143.));
#1282 = VECTOR('',#1283,1.);
#1283 = DIRECTION('',(1.,-0.,0.));
#1284 = PCURVE('',#127,#1285);
#1285 = DEFINITIONAL_REPRESENTATION('',(#1286),#1289);
#1286 = B_SPLINE_CURVE_WITH_KNOTS('',1,(#1287,#1288),.UNSPECIFIED.,.F.,
  .F.,(2,2),(-12.15852083601,55.650000000004),.PIECEWISE_BEZIER_KNOTS.);
#1287 = CARTESIAN_POINT('',(67.808520836015,-4.531267869734E-15));
#1288 = CARTESIAN_POINT('',(-3.581135388231E-12,1.189142450245E-14));
#1289 = ( GEOMETRIC_REPRESENTATION_CONTEXT(2) 
PARAMETRIC_REPRESENTATION_CONTEXT() REPRESENTATION_CONTEXT('2D SPACE',''
  ) );
#1290 = PCURVE('',#457,#1291);
#1291 = DEFINITIONAL_REPRESENTATION('',(#1292),#1295);
#1292 = B_SPLINE_CURVE_WITH_KNOTS('',1,(#1293,#1294),.UNSPECIFIED.,.F.,
  .F.,(2,2),(-12.15852083601,55.650000000004),.PIECEWISE_BEZIER_KNOTS.);
#1293 = CARTESIAN_POINT('',(28.6,43.491479163985));
#1294 = CARTESIAN_POINT('',(28.6,111.3));
#1295 = ( GEOMETRIC_REPRESENTATION_CONTEXT(2) 
PARAMETRIC_REPRESENTATION_CONTEXT() REPRESENTATION_CONTEXT('2D SPACE',''
  ) );
#1296 = ORIENTED_EDGE('',*,*,#1297,.T.);
#1297 = EDGE_CURVE('',#1277,#1255,#1298,.T.);
#1298 = SURFACE_CURVE('',#1299,(#1315,#1334),.PCURVE_S1.);
#1299 = B_SPLINE_CURVE_WITH_KNOTS('',14,(#1300,#1301,#1302,#1303,#1304,
    #1305,#1306,#1307,#1308,#1309,#1310,#1311,#1312,#1313,#1314),
  .UNSPECIFIED.,.T.,.F.,(15,15),(0.,1.),.PIECEWISE_BEZIER_KNOTS.);
#1300 = CARTESIAN_POINT('',(24.3,-5.6454473925E-15,-143.));
#1301 = CARTESIAN_POINT('',(24.300000000006,5.654866776467,-143.));
#1302 = CARTESIAN_POINT('',(19.02898102283,11.309735640258,-143.));
#1303 = CARTESIAN_POINT('',(8.486936330115,15.533523766838,-143.));
#1304 = CARTESIAN_POINT('',(-5.749637938219,16.895309707374,-143.));
#1305 = CARTESIAN_POINT('',(-20.52804854769,14.477108448784,-143.));
#1306 = CARTESIAN_POINT('',(-31.80971335044,8.390154090257,-143.));
#1307 = CARTESIAN_POINT('',(-36.05703502962,2.474714985668E-10,-143.));
#1308 = CARTESIAN_POINT('',(-31.80971335044,-8.390154090709,-143.));
#1309 = CARTESIAN_POINT('',(-20.52804854768,-14.47710844844,-143.));
#1310 = CARTESIAN_POINT('',(-5.749637938223,-16.89530970758,-143.));
#1311 = CARTESIAN_POINT('',(8.486936330118,-15.53352376673,-143.));
#1312 = CARTESIAN_POINT('',(19.028981022829,-11.30973564029,-143.));
#1313 = CARTESIAN_POINT('',(24.300000000006,-5.654866776458,-143.));
#1314 = CARTESIAN_POINT('',(24.3,1.459979848972E-15,-143.));
#1315 = PCURVE('',#127,#1316);
#1316 = DEFINITIONAL_REPRESENTATION('',(#1317),#1333);
#1317 = B_SPLINE_CURVE_WITH_KNOTS('',14,(#1318,#1319,#1320,#1321,#1322,
    #1323,#1324,#1325,#1326,#1327,#1328,#1329,#1330,#1331,#1332),
  .UNSPECIFIED.,.F.,.F.,(15,15),(0.,1.),.PIECEWISE_BEZIER_KNOTS.);
#1318 = CARTESIAN_POINT('',(3.,5.519400619136E-15));
#1319 = CARTESIAN_POINT('',(2.999999999994,5.654866776467));
#1320 = CARTESIAN_POINT('',(8.27101897717,11.309735640258));
#1321 = CARTESIAN_POINT('',(18.813063669885,15.533523766838));
#1322 = CARTESIAN_POINT('',(33.049637938219,16.895309707374));
#1323 = CARTESIAN_POINT('',(47.828048547691,14.477108448784));
#1324 = CARTESIAN_POINT('',(59.109713350446,8.390154090257));
#1325 = CARTESIAN_POINT('',(63.357035029625,2.474680454139E-10));
#1326 = CARTESIAN_POINT('',(59.109713350448,-8.390154090709));
#1327 = CARTESIAN_POINT('',(47.828048547687,-14.47710844844));
#1328 = CARTESIAN_POINT('',(33.049637938223,-16.89530970758));
#1329 = CARTESIAN_POINT('',(18.813063669881,-15.53352376673));
#1330 = CARTESIAN_POINT('',(8.271018977171,-11.30973564029));
#1331 = CARTESIAN_POINT('',(2.999999999994,-5.654866776458));
#1332 = CARTESIAN_POINT('',(3.,1.262482786061E-14));
#1333 = ( GEOMETRIC_REPRESENTATION_CONTEXT(2) 
PARAMETRIC_REPRESENTATION_CONTEXT() REPRESENTATION_CONTEXT('2D SPACE',''
  ) );
#1334 = PCURVE('',#1335,#1411);
#1335 = ( BOUNDED_SURFACE() B_SPLINE_SURFACE(14,4,(
    (#1336,#1337,#1338,#1339,#1340)
    ,(#1341,#1342,#1343,#1344,#1345)
    ,(#1346,#1347,#1348,#1349,#1350)
    ,(#1351,#1352,#1353,#1354,#1355)
    ,(#1356,#1357,#1358,#1359,#1360)
    ,(#1361,#1362,#1363,#1364,#1365)
    ,(#1366,#1367,#1368,#1369,#1370)
    ,(#1371,#1372,#1373,#1374,#1375)
    ,(#1376,#1377,#1378,#1379,#1380)
    ,(#1381,#1382,#1383,#1384,#1385)
    ,(#1386,#1387,#1388,#1389,#1390)
    ,(#1391,#1392,#1393,#1394,#1395)
    ,(#1396,#1397,#1398,#1399,#1400)
    ,(#1401,#1402,#1403,#1404,#1405)
    ,(#1406,#1407,#1408,#1409,#1410
)),.UNSPECIFIED.,.T.,.F.,.F.) B_SPLINE_SURFACE_WITH_KNOTS((15,15),(5,5),
  (0.,1.),(0.,1.),.PIECEWISE_BEZIER_KNOTS.) 
GEOMETRIC_REPRESENTATION_ITEM() RATIONAL_B_SPLINE_SURFACE((
    (1.,1.,1.,1.,1.)
    ,(1.,1.,1.,1.,1.)
    ,(1.,1.,1.,1.,1.)
    ,(1.,1.,1.,1.,1.)
    ,(1.,1.,1.,1.,1.)
    ,(1.,1.,1.,1.,1.)
    ,(1.,1.,1.,1.,1.)
    ,(1.,1.,1.,1.,1.)
    ,(1.,1.,1.,1.,1.)
    ,(1.,1.,1.,1.,1.)
    ,(1.,1.,1.,1.,1.)
    ,(1.,1.,1.,1.,1.)
    ,(1.,1.,1.,1.,1.)
    ,(1.,1.,1.,1.,1.)
,(1.,1.,1.,1.,1.))) REPRESENTATION_ITEM('') SURFACE() );
#1336 = CARTESIAN_POINT('',(24.3,-5.6454473925E-15,-143.));
#1337 = CARTESIAN_POINT('',(61.281642179681,1.652526969123E-13,
    -78.39388069735));
#1338 = CARTESIAN_POINT('',(24.361717075776,-3.092600790556E-13,
    4.558646112895));
#1339 = CARTESIAN_POINT('',(37.770728156069,1.68508011266E-13,
    69.970569624269));
#1340 = CARTESIAN_POINT('',(20.52,-1.275348474789E-14,143.));
#1341 = CARTESIAN_POINT('',(24.300000000006,5.654866776467,-143.));
#1342 = CARTESIAN_POINT('',(61.281642179691,15.139050889893,
    -78.39388069735));
#1343 = CARTESIAN_POINT('',(24.361717075756,5.670694524365,
    4.558646112895));
#1344 = CARTESIAN_POINT('',(37.770728156085,9.109523153094,
    69.970569624269));
#1345 = CARTESIAN_POINT('',(20.52,4.685461043357,143.));
#1346 = CARTESIAN_POINT('',(19.02898102283,11.309735640258,-143.));
#1347 = CARTESIAN_POINT('',(47.988773912983,30.278107367914,
    -78.39388069735));
#1348 = CARTESIAN_POINT('',(19.077310778658,11.341391141952,
    4.558646112895));
#1349 = CARTESIAN_POINT('',(29.577714785993,18.219049668676,
    69.970569624269));
#1350 = CARTESIAN_POINT('',(16.068917308192,9.370923816218,143.));
#1351 = CARTESIAN_POINT('',(8.486936330115,15.533523766838,-143.));
#1352 = CARTESIAN_POINT('',(21.403020386104,41.58591459381,
    -78.39388069735));
#1353 = CARTESIAN_POINT('',(8.50849142825,15.577001483891,4.558646112895
    ));
#1354 = CARTESIAN_POINT('',(13.191677572203,25.023223357304,
    69.970569624269));
#1355 = CARTESIAN_POINT('',(7.166746234251,12.870633978223,143.));
#1356 = CARTESIAN_POINT('',(-5.749637938219,16.895309707374,-143.));
#1357 = CARTESIAN_POINT('',(-14.49988702836,45.231649757849,
    -78.39388069735));
#1358 = CARTESIAN_POINT('',(-5.764240852792,16.942599009621,
    4.558646112895));
#1359 = CARTESIAN_POINT('',(-8.936955208395,27.216947992129,
    69.970569624269));
#1360 = CARTESIAN_POINT('',(-4.855249814352,13.998970900427,143.));
#1361 = CARTESIAN_POINT('',(-20.52804854769,14.477108448784,-143.));
#1362 = CARTESIAN_POINT('',(-51.76923974289,38.757709104098,
    -78.39388069735));
#1363 = CARTESIAN_POINT('',(-20.58018563222,14.517629300962,
    4.558646112895));
#1364 = CARTESIAN_POINT('',(-31.90779182153,23.321425564546,
    69.970569624269));
#1365 = CARTESIAN_POINT('',(-17.33479655161,11.995318428938,143.));
#1366 = CARTESIAN_POINT('',(-31.80971335044,8.390154090257,-143.));
#1367 = CARTESIAN_POINT('',(-80.22022515938,22.461885446141,
    -78.39388069735));
#1368 = CARTESIAN_POINT('',(-31.89050357489,8.41363779946,4.558646112895
    ));
#1369 = CARTESIAN_POINT('',(-49.44345825886,13.515845016923,
    69.970569624269));
#1370 = CARTESIAN_POINT('',(-26.86153571784,6.951841960574,143.));
#1371 = CARTESIAN_POINT('',(-36.05703502962,2.474714985668E-10,-143.));
#1372 = CARTESIAN_POINT('',(-90.93145344662,7.485516249413E-10,
    -78.39388069735));
#1373 = CARTESIAN_POINT('',(-36.14861259349,-3.992932155718E-10,
    4.558646112895));
#1374 = CARTESIAN_POINT('',(-56.04528675755,6.368508448952E-10,
    69.970569624269));
#1375 = CARTESIAN_POINT('',(-30.44816291424,1.194043578337E-10,143.));
#1376 = CARTESIAN_POINT('',(-31.80971335044,-8.390154090709,-143.));
#1377 = CARTESIAN_POINT('',(-80.22022515945,-22.46188544751,
    -78.39388069735));
#1378 = CARTESIAN_POINT('',(-31.89050357487,-8.413637798729,
    4.558646112895));
#1379 = CARTESIAN_POINT('',(-49.44345825889,-13.51584501808,
    69.970569624269));
#1380 = CARTESIAN_POINT('',(-26.86153571784,-6.951841960794,143.));
#1381 = CARTESIAN_POINT('',(-20.52804854768,-14.47710844844,-143.));
#1382 = CARTESIAN_POINT('',(-51.76923974278,-38.75770910304,
    -78.39388069735));
#1383 = CARTESIAN_POINT('',(-20.58018563225,-14.51762930151,
    4.558646112895));
#1384 = CARTESIAN_POINT('',(-31.90779182149,-23.32142556365,
    69.970569624269));
#1385 = CARTESIAN_POINT('',(-17.33479655161,-11.99531842876,143.));
#1386 = CARTESIAN_POINT('',(-5.749637938223,-16.89530970758,-143.));
#1387 = CARTESIAN_POINT('',(-14.49988702845,-45.2316497585,
    -78.39388069735));
#1388 = CARTESIAN_POINT('',(-5.764240852769,-16.94259900927,
    4.558646112895));
#1389 = CARTESIAN_POINT('',(-8.936955208434,-27.21694799268,
    69.970569624269));
#1390 = CARTESIAN_POINT('',(-4.855249814361,-13.99897090053,143.));
#1391 = CARTESIAN_POINT('',(8.486936330118,-15.53352376673,-143.));
#1392 = CARTESIAN_POINT('',(21.403020386154,-41.58591459348,
    -78.39388069735));
#1393 = CARTESIAN_POINT('',(8.508491428241,-15.57700148406,
    4.558646112895));
#1394 = CARTESIAN_POINT('',(13.191677572225,-25.02322335703,
    69.970569624269));
#1395 = CARTESIAN_POINT('',(7.166746234256,-12.87063397816,143.));
#1396 = CARTESIAN_POINT('',(19.028981022829,-11.30973564029,-143.));
#1397 = CARTESIAN_POINT('',(47.988773912965,-30.27810736803,
    -78.39388069735));
#1398 = CARTESIAN_POINT('',(19.077310778659,-11.34139114188,
    4.558646112895));
#1399 = CARTESIAN_POINT('',(29.577714785984,-18.21904966877,
    69.970569624269));
#1400 = CARTESIAN_POINT('',(16.06891730819,-9.370923816238,143.));
#1401 = CARTESIAN_POINT('',(24.300000000006,-5.654866776458,-143.));
#1402 = CARTESIAN_POINT('',(61.281642179695,-15.13905088986,
    -78.39388069735));
#1403 = CARTESIAN_POINT('',(24.361717075756,-5.670694524379,
    4.558646112895));
#1404 = CARTESIAN_POINT('',(37.770728156087,-9.109523153072,
    69.970569624269));
#1405 = CARTESIAN_POINT('',(20.52,-4.685461043353,143.));
#1406 = CARTESIAN_POINT('',(24.3,1.459979848972E-15,-143.));
#1407 = CARTESIAN_POINT('',(61.281642179681,-1.436760719466E-13,
    -78.39388069735));
#1408 = CARTESIAN_POINT('',(24.361717075777,2.135793933249E-13,
    4.558646112895));
#1409 = CARTESIAN_POINT('',(37.770728156069,-1.426527878457E-13,
    69.970569624269));
#1410 = CARTESIAN_POINT('',(20.52,1.457369871089E-15,143.));
#1411 = DEFINITIONAL_REPRESENTATION('',(#1412),#1416);
#1412 = LINE('',#1413,#1414);
#1413 = CARTESIAN_POINT('',(0.,0.));
#1414 = VECTOR('',#1415,1.);
#1415 = DIRECTION('',(1.,0.));
#1416 = ( GEOMETRIC_REPRESENTATION_CONTEXT(2) 
PARAMETRIC_REPRESENTATION_CONTEXT() REPRESENTATION_CONTEXT('2D SPACE',''
  ) );
#1417 = ADVANCED_FACE('',(#1418),#457,.T.);
#1418 = FACE_BOUND('',#1419,.T.);
#1419 = EDGE_LOOP('',(#1420,#1421,#1422,#1443));
#1420 = ORIENTED_EDGE('',*,*,#1276,.F.);
#1421 = ORIENTED_EDGE('',*,*,#235,.T.);
#1422 = ORIENTED_EDGE('',*,*,#1423,.F.);
#1423 = EDGE_CURVE('',#1424,#184,#1426,.T.);
#1424 = VERTEX_POINT('',#1425);
#1425 = CARTESIAN_POINT('',(-20.51999999728,8.253701112149E-15,143.));
#1426 = SURFACE_CURVE('',#1427,(#1431,#1437),.PCURVE_S1.);
#1427 = LINE('',#1428,#1429);
#1428 = CARTESIAN_POINT('',(-30.24,0.,143.));
#1429 = VECTOR('',#1430,1.);
#1430 = DIRECTION('',(-1.,0.,0.));
#1431 = PCURVE('',#457,#1432);
#1432 = DEFINITIONAL_REPRESENTATION('',(#1433),#1436);
#1433 = B_SPLINE_CURVE_WITH_KNOTS('',1,(#1434,#1435),.UNSPECIFIED.,.F.,
  .F.,(2,2),(-53.76,4.659648720152),.PIECEWISE_BEZIER_KNOTS.);
#1434 = CARTESIAN_POINT('',(314.6,107.52));
#1435 = CARTESIAN_POINT('',(314.6,49.100351279848));
#1436 = ( GEOMETRIC_REPRESENTATION_CONTEXT(2) 
PARAMETRIC_REPRESENTATION_CONTEXT() REPRESENTATION_CONTEXT('2D SPACE',''
  ) );
#1437 = PCURVE('',#211,#1438);
#1438 = DEFINITIONAL_REPRESENTATION('',(#1439),#1442);
#1439 = B_SPLINE_CURVE_WITH_KNOTS('',1,(#1440,#1441),.UNSPECIFIED.,.F.,
  .F.,(2,2),(-53.76,4.659648720152),.PIECEWISE_BEZIER_KNOTS.);
#1440 = CARTESIAN_POINT('',(-4.73932004752E-12,9.043634169227E-15));
#1441 = CARTESIAN_POINT('',(58.419648720152,1.672860745251E-15));
#1442 = ( GEOMETRIC_REPRESENTATION_CONTEXT(2) 
PARAMETRIC_REPRESENTATION_CONTEXT() REPRESENTATION_CONTEXT('2D SPACE',''
  ) );
#1443 = ORIENTED_EDGE('',*,*,#1444,.F.);
#1444 = EDGE_CURVE('',#1277,#1424,#1445,.T.);
#1445 = SURFACE_CURVE('',#1446,(#1554,#1665),.PCURVE_S1.);
#1446 = B_SPLINE_CURVE_WITH_KNOTS('',8,(#1447,#1448,#1449,#1450,#1451,
    #1452,#1453,#1454,#1455,#1456,#1457,#1458,#1459,#1460,#1461,#1462,
    #1463,#1464,#1465,#1466,#1467,#1468,#1469,#1470,#1471,#1472,#1473,
    #1474,#1475,#1476,#1477,#1478,#1479,#1480,#1481,#1482,#1483,#1484,
    #1485,#1486,#1487,#1488,#1489,#1490,#1491,#1492,#1493,#1494,#1495,
    #1496,#1497,#1498,#1499,#1500,#1501,#1502,#1503,#1504,#1505,#1506,
    #1507,#1508,#1509,#1510,#1511,#1512,#1513,#1514,#1515,#1516,#1517,
    #1518,#1519,#1520,#1521,#1522,#1523,#1524,#1525,#1526,#1527,#1528,
    #1529,#1530,#1531,#1532,#1533,#1534,#1535,#1536,#1537,#1538,#1539,
    #1540,#1541,#1542,#1543,#1544,#1545,#1546,#1547,#1548,#1549,#1550,
    #1551,#1552,#1553),.UNSPECIFIED.,.F.,.F.,(9,7,7,7,7,7,7,7,7,7,7,7,7,
    7,7,9),(0.,0.190892997138,0.351657874412,0.449002361625,
    0.499574518918,0.521760780226,0.544903210837,0.572997781756,
    0.608985338118,0.667642719938,0.689421833273,0.705234147168,
    0.741730048731,0.816565462092,0.97837259591,1.),.UNSPECIFIED.);
#1447 = CARTESIAN_POINT('',(-24.29999999678,0.,-143.));
#1448 = CARTESIAN_POINT('',(-27.73821374435,0.,-136.9935158499));
#1449 = CARTESIAN_POINT('',(-30.70419903021,0.,-130.7195759043));
#1450 = CARTESIAN_POINT('',(-33.18536364879,0.,-124.2325742461));
#1451 = CARTESIAN_POINT('',(-35.20427287173,0.,-117.5864179286));
#1452 = CARTESIAN_POINT('',(-36.80430283206,0.,-110.8305036136));
#1453 = CARTESIAN_POINT('',(-38.03606347938,0.,-104.0056698009));
#1454 = CARTESIAN_POINT('',(-38.95038345293,0.,-97.14203107255));
#1455 = CARTESIAN_POINT('',(-40.13664747321,0.,-84.45977145887));
#1456 = CARTESIAN_POINT('',(-40.48736010804,0.,-78.64548948974));
#1457 = CARTESIAN_POINT('',(-40.67467349046,0.,-72.822549762));
#1458 = CARTESIAN_POINT('',(-40.72403433717,0.,-66.99685398275));
#1459 = CARTESIAN_POINT('',(-40.65800011691,0.,-61.17243241178));
#1460 = CARTESIAN_POINT('',(-40.49632488629,0.,-55.35144057993));
#1461 = CARTESIAN_POINT('',(-40.2561575976,0.,-49.5341571188));
#1462 = CARTESIAN_POINT('',(-39.76822717161,0.,-40.1978438486));
#1463 = CARTESIAN_POINT('',(-39.56086138587,0.,-36.67795840575));
#1464 = CARTESIAN_POINT('',(-39.33345187122,0.,-33.15928425538));
#1465 = CARTESIAN_POINT('',(-39.08899875454,0.,-29.64175517955));
#1466 = CARTESIAN_POINT('',(-38.83022397264,0.,-26.12527811866));
#1467 = CARTESIAN_POINT('',(-38.55958875533,0.,-22.60973195202));
#1468 = CARTESIAN_POINT('',(-38.27930505244,0.,-19.09496670076));
#1469 = CARTESIAN_POINT('',(-37.84173851257,0.,-13.75513395704));
#1470 = CARTESIAN_POINT('',(-37.69006396528,0.,-11.92963501324));
#1471 = CARTESIAN_POINT('',(-37.53659337068,0.,-10.10428579411));
#1472 = CARTESIAN_POINT('',(-37.38158570411,0.,-8.279066512219));
#1473 = CARTESIAN_POINT('',(-37.22528280862,0.,-6.453958120096));
#1474 = CARTESIAN_POINT('',(-37.06790939499,0.,-4.628942310288));
#1475 = CARTESIAN_POINT('',(-36.90967304165,0.,-2.804001515317));
#1476 = CARTESIAN_POINT('',(-36.68105007954,0.,-0.178533673497));
#1477 = CARTESIAN_POINT('',(-36.61120655664,0.,0.622040286007));
#1478 = CARTESIAN_POINT('',(-36.54124972398,0.,1.422604352943));
#1479 = CARTESIAN_POINT('',(-36.47119504854,0.,2.223159860672));
#1480 = CARTESIAN_POINT('',(-36.40105736636,0.,3.023708093789));
#1481 = CARTESIAN_POINT('',(-36.33085088254,0.,3.824250288127));
#1482 = CARTESIAN_POINT('',(-36.26058917126,0.,4.624787630753));
#1483 = CARTESIAN_POINT('',(-36.11695126364,0.,6.260355775637));
#1484 = CARTESIAN_POINT('',(-36.04357134004,0.,7.095386245248));
#1485 = CARTESIAN_POINT('',(-35.97016009788,0.,7.930413959184));
#1486 = CARTESIAN_POINT('',(-35.89673147429,0.,8.765440141781));
#1487 = CARTESIAN_POINT('',(-35.82329865067,0.,9.600465951318));
#1488 = CARTESIAN_POINT('',(-35.74987405269,0.,10.435492480026));
#1489 = CARTESIAN_POINT('',(-35.67646935024,0.,11.270520754084));
#1490 = CARTESIAN_POINT('',(-35.51402062922,0.,13.119267080443));
#1491 = CARTESIAN_POINT('',(-35.42499118973,0.,14.132986409434));
#1492 = CARTESIAN_POINT('',(-35.3360266779,0.,15.146711436536));
#1493 = CARTESIAN_POINT('',(-35.24714495204,0.,16.16044372435));
#1494 = CARTESIAN_POINT('',(-35.15836218999,0.,17.174184682133));
#1495 = CARTESIAN_POINT('',(-35.06969288906,0.,18.187935565803));
#1496 = CARTESIAN_POINT('',(-34.98114986604,0.,19.201697477934));
#1497 = CARTESIAN_POINT('',(-34.77950167244,0.,21.514058383197));
#1498 = CARTESIAN_POINT('',(-34.66648448422,0.,22.812665054056));
#1499 = CARTESIAN_POINT('',(-34.5537161498,0.,24.111293367416));
#1500 = CARTESIAN_POINT('',(-34.44121542521,0.,25.409944893383));
#1501 = CARTESIAN_POINT('',(-34.32899636534,0.,26.708620785084));
#1502 = CARTESIAN_POINT('',(-34.2170683239,0.,28.007321778677));
#1503 = CARTESIAN_POINT('',(-34.10543595344,0.,29.306048193339));
#1504 = CARTESIAN_POINT('',(-33.81262753002,0.,32.721680994704));
#1505 = CARTESIAN_POINT('',(-33.63194106325,0.,34.838629439827));
#1506 = CARTESIAN_POINT('',(-33.45203918059,0.,36.955644726179));
#1507 = CARTESIAN_POINT('',(-33.27288721827,0.,39.072723544435));
#1508 = CARTESIAN_POINT('',(-33.09441590898,0.,41.189859768723));
#1509 = CARTESIAN_POINT('',(-32.9165208178,0.,43.30704440892));
#1510 = CARTESIAN_POINT('',(-32.7390617781,0.,45.424265562961));
#1511 = CARTESIAN_POINT('',(-32.4960692967,0.,48.327627176383));
#1512 = CARTESIAN_POINT('',(-32.43031205271,0.,49.113748974537));
#1513 = CARTESIAN_POINT('',(-32.36458157041,0.,49.899873008025));
#1514 = CARTESIAN_POINT('',(-32.29886813257,0.,50.685998463721));
#1515 = CARTESIAN_POINT('',(-32.23316132972,0.,51.472124470958));
#1516 = CARTESIAN_POINT('',(-32.16745006018,0.,52.258250101519));
#1517 = CARTESIAN_POINT('',(-32.10172252999,0.,53.044374369646));
#1518 = CARTESIAN_POINT('',(-31.98822515004,0.,54.401245162777));
#1519 = CARTESIAN_POINT('',(-31.94046889283,0.,54.971992823956));
#1520 = CARTESIAN_POINT('',(-31.89269270163,0.,55.542738816088));
#1521 = CARTESIAN_POINT('',(-31.84489160306,0.,56.113482722276));
#1522 = CARTESIAN_POINT('',(-31.79706043001,0.,56.684224108206));
#1523 = CARTESIAN_POINT('',(-31.74919382174,0.,57.254962522153));
#1524 = CARTESIAN_POINT('',(-31.7012862238,0.,57.825697494973));
#1525 = CARTESIAN_POINT('',(-31.54265000257,0.,59.713714813319));
#1526 = CARTESIAN_POINT('',(-31.43171916297,0.,61.030980094223));
#1527 = CARTESIAN_POINT('',(-31.32046864594,0.,62.348218480255));
#1528 = CARTESIAN_POINT('',(-31.20882226344,0.,63.665423472028));
#1529 = CARTESIAN_POINT('',(-31.09669836273,0.,64.982587973341));
#1530 = CARTESIAN_POINT('',(-30.98400982641,0.,66.299704291172));
#1531 = CARTESIAN_POINT('',(-30.87066407238,0.,67.616764135684));
#1532 = CARTESIAN_POINT('',(-30.52259714206,0.,71.634276278996));
#1533 = CARTESIAN_POINT('',(-30.2854562812,0.,74.334513218005));
#1534 = CARTESIAN_POINT('',(-30.04429509211,0.,77.034399696263));
#1535 = CARTESIAN_POINT('',(-29.79817376687,0.,79.733846861915));
#1536 = CARTESIAN_POINT('',(-29.54605985067,0.,82.43274691999));
#1537 = CARTESIAN_POINT('',(-29.28683214562,0.,85.130973497083));
#1538 = CARTESIAN_POINT('',(-29.01928673654,0.,87.828382202958));
#1539 = CARTESIAN_POINT('',(-28.14291697141,0.,96.354958622261));
#1540 = CARTESIAN_POINT('',(-27.49886431318,0.,102.1801684919));
#1541 = CARTESIAN_POINT('',(-26.79702113341,0.,107.99927545307));
#1542 = CARTESIAN_POINT('',(-26.02288076342,0.,113.8099374513));
#1543 = CARTESIAN_POINT('',(-25.1607667111,0.,119.60869089635));
#1544 = CARTESIAN_POINT('',(-24.19465191514,0.,125.39107151415));
#1545 = CARTESIAN_POINT('',(-23.1092117041,0.,131.15176653629));
#1546 = CARTESIAN_POINT('',(-21.72805363463,0.,137.65104538942));
#1547 = CARTESIAN_POINT('',(-21.56283964999,0.,138.4168230668));
#1548 = CARTESIAN_POINT('',(-21.3952217122,0.,139.18208094192));
#1549 = CARTESIAN_POINT('',(-21.2251684669,0.,139.94680293655));
#1550 = CARTESIAN_POINT('',(-21.05264926471,0.,140.71097267115));
#1551 = CARTESIAN_POINT('',(-20.87763416119,0.,141.47457346491));
#1552 = CARTESIAN_POINT('',(-20.70009391688,0.,142.23758833567));
#1553 = CARTESIAN_POINT('',(-20.51999999728,0.,143.));
#1554 = PCURVE('',#457,#1555);
#1555 = DEFINITIONAL_REPRESENTATION('',(#1556),#1664);
#1556 = B_SPLINE_CURVE_WITH_KNOTS('',8,(#1557,#1558,#1559,#1560,#1561,
    #1562,#1563,#1564,#1565,#1566,#1567,#1568,#1569,#1570,#1571,#1572,
    #1573,#1574,#1575,#1576,#1577,#1578,#1579,#1580,#1581,#1582,#1583,
    #1584,#1585,#1586,#1587,#1588,#1589,#1590,#1591,#1592,#1593,#1594,
    #1595,#1596,#1597,#1598,#1599,#1600,#1601,#1602,#1603,#1604,#1605,
    #1606,#1607,#1608,#1609,#1610,#1611,#1612,#1613,#1614,#1615,#1616,
    #1617,#1618,#1619,#1620,#1621,#1622,#1623,#1624,#1625,#1626,#1627,
    #1628,#1629,#1630,#1631,#1632,#1633,#1634,#1635,#1636,#1637,#1638,
    #1639,#1640,#1641,#1642,#1643,#1644,#1645,#1646,#1647,#1648,#1649,
    #1650,#1651,#1652,#1653,#1654,#1655,#1656,#1657,#1658,#1659,#1660,
    #1661,#1662,#1663),.UNSPECIFIED.,.F.,.F.,(9,7,7,7,7,7,7,7,7,7,7,7,7,
    7,7,9),(0.,0.190892997138,0.351657874412,0.449002361625,
    0.499574518918,0.521760780226,0.544903210837,0.572997781756,
    0.608985338118,0.667642719938,0.689421833273,0.705234147168,
    0.741730048731,0.816565462092,0.97837259591,1.),.UNSPECIFIED.);
#1557 = CARTESIAN_POINT('',(28.6,59.70000000322));
#1558 = CARTESIAN_POINT('',(34.606484150002,56.261786255645));
#1559 = CARTESIAN_POINT('',(40.880424095601,53.295800969783));
#1560 = CARTESIAN_POINT('',(47.367425753874,50.814636351203));
#1561 = CARTESIAN_POINT('',(54.013582071321,48.795727128265));
#1562 = CARTESIAN_POINT('',(60.769496386327,47.195697167936));
#1563 = CARTESIAN_POINT('',(67.594330199005,45.963936520613));
#1564 = CARTESIAN_POINT('',(74.457968927444,45.049616547066));
#1565 = CARTESIAN_POINT('',(87.140228541122,43.86335252679));
#1566 = CARTESIAN_POINT('',(92.954510510259,43.512639891959));
#1567 = CARTESIAN_POINT('',(98.777450237997,43.325326509535));
#1568 = CARTESIAN_POINT('',(104.60314601724,43.275965662828));
#1569 = CARTESIAN_POINT('',(110.42756758821,43.341999883087));
#1570 = CARTESIAN_POINT('',(116.24855942006,43.503675113709));
#1571 = CARTESIAN_POINT('',(122.06584288119,43.743842402393));
#1572 = CARTESIAN_POINT('',(131.40215615139,44.231772828384));
#1573 = CARTESIAN_POINT('',(134.92204159424,44.439138614122));
#1574 = CARTESIAN_POINT('',(138.44071574461,44.666548128771));
#1575 = CARTESIAN_POINT('',(141.95824482044,44.91100124546));
#1576 = CARTESIAN_POINT('',(145.47472188133,45.169776027358));
#1577 = CARTESIAN_POINT('',(148.99026804797,45.440411244665));
#1578 = CARTESIAN_POINT('',(152.50503329923,45.72069494756));
#1579 = CARTESIAN_POINT('',(157.84486604295,46.158261487427));
#1580 = CARTESIAN_POINT('',(159.67036498675,46.309936034712));
#1581 = CARTESIAN_POINT('',(161.49571420588,46.463406629317));
#1582 = CARTESIAN_POINT('',(163.32093348778,46.618414295889));
#1583 = CARTESIAN_POINT('',(165.1460418799,46.774717191371));
#1584 = CARTESIAN_POINT('',(166.97105768971,46.932090605009));
#1585 = CARTESIAN_POINT('',(168.79599848468,47.090326958346));
#1586 = CARTESIAN_POINT('',(171.4214663265,47.31894992046));
#1587 = CARTESIAN_POINT('',(172.222040286,47.388793443358));
#1588 = CARTESIAN_POINT('',(173.02260435294,47.458750276014));
#1589 = CARTESIAN_POINT('',(173.82315986067,47.528804951454));
#1590 = CARTESIAN_POINT('',(174.62370809378,47.598942633637));
#1591 = CARTESIAN_POINT('',(175.42425028812,47.669149117455));
#1592 = CARTESIAN_POINT('',(176.22478763075,47.739410828732));
#1593 = CARTESIAN_POINT('',(177.86035577563,47.88304873636));
#1594 = CARTESIAN_POINT('',(178.69538624524,47.956428659952));
#1595 = CARTESIAN_POINT('',(179.53041395918,48.029839902115));
#1596 = CARTESIAN_POINT('',(180.36544014178,48.103268525705));
#1597 = CARTESIAN_POINT('',(181.20046595131,48.176701349321));
#1598 = CARTESIAN_POINT('',(182.03549248002,48.250125947309));
#1599 = CARTESIAN_POINT('',(182.87052075408,48.323530649754));
#1600 = CARTESIAN_POINT('',(184.71926708044,48.48597937078));
#1601 = CARTESIAN_POINT('',(185.73298640943,48.575008810264));
#1602 = CARTESIAN_POINT('',(186.74671143653,48.663973322099));
#1603 = CARTESIAN_POINT('',(187.76044372435,48.752855047953));
#1604 = CARTESIAN_POINT('',(188.77418468213,48.841637810003));
#1605 = CARTESIAN_POINT('',(189.7879355658,48.930307110938));
#1606 = CARTESIAN_POINT('',(190.80169747793,49.018850133953));
#1607 = CARTESIAN_POINT('',(193.11405838319,49.220498327553));
#1608 = CARTESIAN_POINT('',(194.41266505405,49.333515515771));
#1609 = CARTESIAN_POINT('',(195.71129336741,49.446283850198));
#1610 = CARTESIAN_POINT('',(197.00994489338,49.558784574787));
#1611 = CARTESIAN_POINT('',(198.30862078508,49.671003634657));
#1612 = CARTESIAN_POINT('',(199.60732177867,49.782931676095));
#1613 = CARTESIAN_POINT('',(200.90604819333,49.894564046554));
#1614 = CARTESIAN_POINT('',(204.3216809947,50.187372469976));
#1615 = CARTESIAN_POINT('',(206.43862943982,50.36805893675));
#1616 = CARTESIAN_POINT('',(208.55564472617,50.547960819401));
#1617 = CARTESIAN_POINT('',(210.67272354443,50.727112781727));
#1618 = CARTESIAN_POINT('',(212.78985976872,50.90558409102));
#1619 = CARTESIAN_POINT('',(214.90704440892,51.083479182191));
#1620 = CARTESIAN_POINT('',(217.02426556296,51.260938221891));
#1621 = CARTESIAN_POINT('',(219.92762717638,51.503930703296));
#1622 = CARTESIAN_POINT('',(220.71374897453,51.569687947281));
#1623 = CARTESIAN_POINT('',(221.49987300802,51.635418429582));
#1624 = CARTESIAN_POINT('',(222.28599846372,51.701131867425));
#1625 = CARTESIAN_POINT('',(223.07212447095,51.766838670272));
#1626 = CARTESIAN_POINT('',(223.85825010151,51.83254993982));
#1627 = CARTESIAN_POINT('',(224.64437436964,51.898277470002));
#1628 = CARTESIAN_POINT('',(226.00124516277,52.011774849951));
#1629 = CARTESIAN_POINT('',(226.57199282395,52.059531107167));
#1630 = CARTESIAN_POINT('',(227.14273881608,52.107307298361));
#1631 = CARTESIAN_POINT('',(227.71348272227,52.155108396939));
#1632 = CARTESIAN_POINT('',(228.2842241082,52.202939569984));
#1633 = CARTESIAN_POINT('',(228.85496252215,52.250806178258));
#1634 = CARTESIAN_POINT('',(229.42569749497,52.298713776199));
#1635 = CARTESIAN_POINT('',(231.31371481331,52.45734999743));
#1636 = CARTESIAN_POINT('',(232.63098009422,52.568280837022));
#1637 = CARTESIAN_POINT('',(233.94821848025,52.679531354052));
#1638 = CARTESIAN_POINT('',(235.26542347202,52.791177736558));
#1639 = CARTESIAN_POINT('',(236.58258797334,52.903301637265));
#1640 = CARTESIAN_POINT('',(237.89970429117,53.015990173584));
#1641 = CARTESIAN_POINT('',(239.21676413568,53.129335927612));
#1642 = CARTESIAN_POINT('',(243.23427627899,53.477402857935));
#1643 = CARTESIAN_POINT('',(245.934513218,53.714543718794));
#1644 = CARTESIAN_POINT('',(248.63439969626,53.955704907882));
#1645 = CARTESIAN_POINT('',(251.33384686191,54.201826233121));
#1646 = CARTESIAN_POINT('',(254.03274691999,54.453940149325));
#1647 = CARTESIAN_POINT('',(256.73097349708,54.713167854379));
#1648 = CARTESIAN_POINT('',(259.42838220295,54.980713263451));
#1649 = CARTESIAN_POINT('',(267.95495862226,55.857083028582));
#1650 = CARTESIAN_POINT('',(273.7801684919,56.501135686815));
#1651 = CARTESIAN_POINT('',(279.59927545307,57.202978866582));
#1652 = CARTESIAN_POINT('',(285.4099374513,57.977119236573));
#1653 = CARTESIAN_POINT('',(291.20869089635,58.839233288897));
#1654 = CARTESIAN_POINT('',(296.99107151415,59.805348084854));
#1655 = CARTESIAN_POINT('',(302.75176653629,60.890788295896));
#1656 = CARTESIAN_POINT('',(309.25104538942,62.271946365362));
#1657 = CARTESIAN_POINT('',(310.0168230668,62.437160350005));
#1658 = CARTESIAN_POINT('',(310.78208094192,62.604778287797));
#1659 = CARTESIAN_POINT('',(311.54680293655,62.774831533094));
#1660 = CARTESIAN_POINT('',(312.31097267115,62.947350735288));
#1661 = CARTESIAN_POINT('',(313.07457346491,63.122365838808));
#1662 = CARTESIAN_POINT('',(313.83758833567,63.299906083118));
#1663 = CARTESIAN_POINT('',(314.6,63.480000002719));
#1664 = ( GEOMETRIC_REPRESENTATION_CONTEXT(2) 
PARAMETRIC_REPRESENTATION_CONTEXT() REPRESENTATION_CONTEXT('2D SPACE',''
  ) );
#1665 = PCURVE('',#1335,#1666);
#1666 = DEFINITIONAL_REPRESENTATION('',(#1667),#1775);
#1667 = B_SPLINE_CURVE_WITH_KNOTS('',8,(#1668,#1669,#1670,#1671,#1672,
    #1673,#1674,#1675,#1676,#1677,#1678,#1679,#1680,#1681,#1682,#1683,
    #1684,#1685,#1686,#1687,#1688,#1689,#1690,#1691,#1692,#1693,#1694,
    #1695,#1696,#1697,#1698,#1699,#1700,#1701,#1702,#1703,#1704,#1705,
    #1706,#1707,#1708,#1709,#1710,#1711,#1712,#1713,#1714,#1715,#1716,
    #1717,#1718,#1719,#1720,#1721,#1722,#1723,#1724,#1725,#1726,#1727,
    #1728,#1729,#1730,#1731,#1732,#1733,#1734,#1735,#1736,#1737,#1738,
    #1739,#1740,#1741,#1742,#1743,#1744,#1745,#1746,#1747,#1748,#1749,
    #1750,#1751,#1752,#1753,#1754,#1755,#1756,#1757,#1758,#1759,#1760,
    #1761,#1762,#1763,#1764,#1765,#1766,#1767,#1768,#1769,#1770,#1771,
    #1772,#1773,#1774),.UNSPECIFIED.,.F.,.F.,(9,7,7,7,7,7,7,7,7,7,7,7,7,
    7,7,9),(0.,0.190892997138,0.351657874412,0.449002361625,
    0.499574518918,0.521760780226,0.544903210837,0.572997781756,
    0.608985338118,0.667642719938,0.689421833273,0.705234147168,
    0.741730048731,0.816565462092,0.97837259591,1.),.UNSPECIFIED.);
#1668 = CARTESIAN_POINT('',(0.5,0.));
#1669 = CARTESIAN_POINT('',(0.5,2.324270601158E-02));
#1670 = CARTESIAN_POINT('',(0.5,4.699438706158E-02));
#1671 = CARTESIAN_POINT('',(0.5,7.106800710228E-02));
#1672 = CARTESIAN_POINT('',(0.5,9.530861782626E-02));
#1673 = CARTESIAN_POINT('',(0.5,0.11959348696));
#1674 = CARTESIAN_POINT('',(0.5,0.143833486718));
#1675 = CARTESIAN_POINT('',(0.5,0.167974663005));
#1676 = CARTESIAN_POINT('',(0.5,0.212233483739));
#1677 = CARTESIAN_POINT('',(0.5,0.23239073489));
#1678 = CARTESIAN_POINT('',(0.5,0.252471956353));
#1679 = CARTESIAN_POINT('',(0.5,0.272480944925));
#1680 = CARTESIAN_POINT('',(0.5,0.292425069702));
#1681 = CARTESIAN_POINT('',(0.5,0.312315453351));
#1682 = CARTESIAN_POINT('',(0.5,0.332167260818));
#1683 = CARTESIAN_POINT('',(0.5,0.364008890614));
#1684 = CARTESIAN_POINT('',(0.5,0.376009154924));
#1685 = CARTESIAN_POINT('',(0.5,0.388004053895));
#1686 = CARTESIAN_POINT('',(0.5,0.399996656255));
#1687 = CARTESIAN_POINT('',(0.5,0.41198986449));
#1688 = CARTESIAN_POINT('',(0.5,0.42398643364));
#1689 = CARTESIAN_POINT('',(0.5,0.435988982897));
#1690 = CARTESIAN_POINT('',(0.5,0.454239932672));
#1691 = CARTESIAN_POINT('',(0.5,0.46048212394));
#1692 = CARTESIAN_POINT('',(0.5,0.466726906917));
#1693 = CARTESIAN_POINT('',(0.5,0.472974595341));
#1694 = CARTESIAN_POINT('',(0.5,0.47922548357));
#1695 = CARTESIAN_POINT('',(0.5,0.485479846583));
#1696 = CARTESIAN_POINT('',(0.5,0.491737939985));
#1697 = CARTESIAN_POINT('',(0.5,0.500747197416));
#1698 = CARTESIAN_POINT('',(0.5,0.503495157976));
#1699 = CARTESIAN_POINT('',(0.5,0.506243901486));
#1700 = CARTESIAN_POINT('',(0.5,0.508993446945));
#1701 = CARTESIAN_POINT('',(0.5,0.511743812544));
#1702 = CARTESIAN_POINT('',(0.5,0.514495015669));
#1703 = CARTESIAN_POINT('',(0.5,0.517247072897));
#1704 = CARTESIAN_POINT('',(0.5,0.522871570995));
#1705 = CARTESIAN_POINT('',(0.5,0.525744088428));
#1706 = CARTESIAN_POINT('',(0.5,0.528617570197));
#1707 = CARTESIAN_POINT('',(0.5,0.531492033193));
#1708 = CARTESIAN_POINT('',(0.5,0.534367493298));
#1709 = CARTESIAN_POINT('',(0.5,0.53724396539));
#1710 = CARTESIAN_POINT('',(0.5,0.540121463336));
#1711 = CARTESIAN_POINT('',(0.5,0.546494501239));
#1712 = CARTESIAN_POINT('',(0.5,0.549990533247));
#1713 = CARTESIAN_POINT('',(0.5,0.553488119048));
#1714 = CARTESIAN_POINT('',(0.5,0.556987279368));
#1715 = CARTESIAN_POINT('',(0.5,0.560488032638));
#1716 = CARTESIAN_POINT('',(0.5,0.563990394991));
#1717 = CARTESIAN_POINT('',(0.5,0.567494380265));
#1718 = CARTESIAN_POINT('',(0.5,0.575490500609));
#1719 = CARTESIAN_POINT('',(0.5,0.579983682951));
#1720 = CARTESIAN_POINT('',(0.5,0.584479571334));
#1721 = CARTESIAN_POINT('',(0.5,0.588978183568));
#1722 = CARTESIAN_POINT('',(0.5,0.593479530972));
#1723 = CARTESIAN_POINT('',(0.5,0.597983618372));
#1724 = CARTESIAN_POINT('',(0.5,0.602490444102));
#1725 = CARTESIAN_POINT('',(0.5,0.614350283512));
#1726 = CARTESIAN_POINT('',(0.5,0.621707820348));
#1727 = CARTESIAN_POINT('',(0.5,0.629072574062));
#1728 = CARTESIAN_POINT('',(0.5,0.636444461655));
#1729 = CARTESIAN_POINT('',(0.5,0.64382335248));
#1730 = CARTESIAN_POINT('',(0.5,0.65120906714));
#1731 = CARTESIAN_POINT('',(0.5,0.658601376381));
#1732 = CARTESIAN_POINT('',(0.5,0.668747061961));
#1733 = CARTESIAN_POINT('',(0.5,0.671494994434));
#1734 = CARTESIAN_POINT('',(0.5,0.674243783109));
#1735 = CARTESIAN_POINT('',(0.5,0.676993412694));
#1736 = CARTESIAN_POINT('',(0.5,0.679743866917));
#1737 = CARTESIAN_POINT('',(0.5,0.682495128526));
#1738 = CARTESIAN_POINT('',(0.5,0.685247179291));
#1739 = CARTESIAN_POINT('',(0.5,0.689998633484));
#1740 = CARTESIAN_POINT('',(0.5,0.691997672813));
#1741 = CARTESIAN_POINT('',(0.5,0.693997110633));
#1742 = CARTESIAN_POINT('',(0.5,0.695996939307));
#1743 = CARTESIAN_POINT('',(0.5,0.69799715092));
#1744 = CARTESIAN_POINT('',(0.5,0.699997737272));
#1745 = CARTESIAN_POINT('',(0.5,0.701998689885));
#1746 = CARTESIAN_POINT('',(0.5,0.708619160575));
#1747 = CARTESIAN_POINT('',(0.5,0.713240225374));
#1748 = CARTESIAN_POINT('',(0.5,0.717863086973));
#1749 = CARTESIAN_POINT('',(0.5,0.722487629563));
#1750 = CARTESIAN_POINT('',(0.5,0.727113728941));
#1751 = CARTESIAN_POINT('',(0.5,0.731741252522));
#1752 = CARTESIAN_POINT('',(0.5,0.73637005933));
#1753 = CARTESIAN_POINT('',(0.5,0.750493765302));
#1754 = CARTESIAN_POINT('',(0.5,0.759992277328));
#1755 = CARTESIAN_POINT('',(0.5,0.769494272528));
#1756 = CARTESIAN_POINT('',(0.5,0.778998309727));
#1757 = CARTESIAN_POINT('',(0.5,0.788502771411));
#1758 = CARTESIAN_POINT('',(0.5,0.798005868226));
#1759 = CARTESIAN_POINT('',(0.5,0.807505646669));
#1760 = CARTESIAN_POINT('',(0.5,0.837528437419));
#1761 = CARTESIAN_POINT('',(0.5,0.858030252502));
#1762 = CARTESIAN_POINT('',(0.5,0.878485795989));
#1763 = CARTESIAN_POINT('',(0.5,0.898869283588));
#1764 = CARTESIAN_POINT('',(0.5,0.91914931208));
#1765 = CARTESIAN_POINT('',(0.5,0.939290149764));
#1766 = CARTESIAN_POINT('',(0.5,0.959253445423));
#1767 = CARTESIAN_POINT('',(0.5,0.98163935653));
#1768 = CARTESIAN_POINT('',(0.5,0.98427480927));
#1769 = CARTESIAN_POINT('',(0.5,0.986906259691));
#1770 = CARTESIAN_POINT('',(0.5,0.98953360886));
#1771 = CARTESIAN_POINT('',(0.5,0.992156757431));
#1772 = CARTESIAN_POINT('',(0.5,0.994775605652));
#1773 = CARTESIAN_POINT('',(0.5,0.997390053365));
#1774 = CARTESIAN_POINT('',(0.5,1.));
#1775 = ( GEOMETRIC_REPRESENTATION_CONTEXT(2) 
PARAMETRIC_REPRESENTATION_CONTEXT() REPRESENTATION_CONTEXT('2D SPACE',''
  ) );
#1776 = ADVANCED_FACE('',(#1777),#169,.T.);
#1777 = FACE_BOUND('',#1778,.T.);
#1778 = EDGE_LOOP('',(#1779,#1780,#1781,#1808));
#1779 = ORIENTED_EDGE('',*,*,#151,.F.);
#1780 = ORIENTED_EDGE('',*,*,#1254,.F.);
#1781 = ORIENTED_EDGE('',*,*,#1782,.T.);
#1782 = EDGE_CURVE('',#1255,#1783,#1785,.T.);
#1783 = VERTEX_POINT('',#1784);
#1784 = CARTESIAN_POINT('',(20.52,0.,143.));
#1785 = SURFACE_CURVE('',#1786,(#1792,#1801),.PCURVE_S1.);
#1786 = ( BOUNDED_CURVE() B_SPLINE_CURVE(4,(#1787,#1788,#1789,#1790,
#1791),.UNSPECIFIED.,.F.,.F.) B_SPLINE_CURVE_WITH_KNOTS((5,5),(0.,1.),
.PIECEWISE_BEZIER_KNOTS.) CURVE() GEOMETRIC_REPRESENTATION_ITEM() 
RATIONAL_B_SPLINE_CURVE((1.,1.,1.,1.,1.)) REPRESENTATION_ITEM('') );
#1787 = CARTESIAN_POINT('',(24.3,-5.6454473925E-15,-143.));
#1788 = CARTESIAN_POINT('',(61.281642179681,1.652526969123E-13,
    -78.39388069735));
#1789 = CARTESIAN_POINT('',(24.361717075776,-3.092600790556E-13,
    4.558646112895));
#1790 = CARTESIAN_POINT('',(37.770728156069,1.68508011266E-13,
    69.970569624269));
#1791 = CARTESIAN_POINT('',(20.52,-1.275348474789E-14,143.));
#1792 = PCURVE('',#169,#1793);
#1793 = DEFINITIONAL_REPRESENTATION('',(#1794),#1800);
#1794 = ( BOUNDED_CURVE() B_SPLINE_CURVE(4,(#1795,#1796,#1797,#1798,
#1799),.UNSPECIFIED.,.F.,.F.) B_SPLINE_CURVE_WITH_KNOTS((5,5),(0.,1.),
.PIECEWISE_BEZIER_KNOTS.) CURVE() GEOMETRIC_REPRESENTATION_ITEM() 
RATIONAL_B_SPLINE_CURVE((1.,1.,1.,1.,1.)) REPRESENTATION_ITEM('') );
#1795 = CARTESIAN_POINT('',(28.6,108.3));
#1796 = CARTESIAN_POINT('',(93.206119302646,145.28164217968));
#1797 = CARTESIAN_POINT('',(176.15864611289,108.36171707577));
#1798 = CARTESIAN_POINT('',(241.57056962426,121.77072815606));
#1799 = CARTESIAN_POINT('',(314.6,104.52));
#1800 = ( GEOMETRIC_REPRESENTATION_CONTEXT(2) 
PARAMETRIC_REPRESENTATION_CONTEXT() REPRESENTATION_CONTEXT('2D SPACE',''
  ) );
#1801 = PCURVE('',#1335,#1802);
#1802 = DEFINITIONAL_REPRESENTATION('',(#1803),#1807);
#1803 = LINE('',#1804,#1805);
#1804 = CARTESIAN_POINT('',(1.,0.));
#1805 = VECTOR('',#1806,1.);
#1806 = DIRECTION('',(0.,1.));
#1807 = ( GEOMETRIC_REPRESENTATION_CONTEXT(2) 
PARAMETRIC_REPRESENTATION_CONTEXT() REPRESENTATION_CONTEXT('2D SPACE',''
  ) );
#1808 = ORIENTED_EDGE('',*,*,#1809,.F.);
#1809 = EDGE_CURVE('',#152,#1783,#1810,.T.);
#1810 = SURFACE_CURVE('',#1811,(#1815,#1821),.PCURVE_S1.);
#1811 = LINE('',#1812,#1813);
#1812 = CARTESIAN_POINT('',(-30.24,0.,143.));
#1813 = VECTOR('',#1814,1.);
#1814 = DIRECTION('',(-1.,0.,0.));
#1815 = PCURVE('',#169,#1816);
#1816 = DEFINITIONAL_REPRESENTATION('',(#1817),#1820);
#1817 = B_SPLINE_CURVE_WITH_KNOTS('',1,(#1818,#1819),.UNSPECIFIED.,.F.,
  .F.,(2,2),(-53.76,4.659648720152),.PIECEWISE_BEZIER_KNOTS.);
#1818 = CARTESIAN_POINT('',(314.6,107.52));
#1819 = CARTESIAN_POINT('',(314.6,49.100351279848));
#1820 = ( GEOMETRIC_REPRESENTATION_CONTEXT(2) 
PARAMETRIC_REPRESENTATION_CONTEXT() REPRESENTATION_CONTEXT('2D SPACE',''
  ) );
#1821 = PCURVE('',#211,#1822);
#1822 = DEFINITIONAL_REPRESENTATION('',(#1823),#1826);
#1823 = B_SPLINE_CURVE_WITH_KNOTS('',1,(#1824,#1825),.UNSPECIFIED.,.F.,
  .F.,(2,2),(-53.76,4.659648720152),.PIECEWISE_BEZIER_KNOTS.);
#1824 = CARTESIAN_POINT('',(-4.73932004752E-12,9.043634169227E-15));
#1825 = CARTESIAN_POINT('',(58.419648720152,1.672860745251E-15));
#1826 = ( GEOMETRIC_REPRESENTATION_CONTEXT(2) 
PARAMETRIC_REPRESENTATION_CONTEXT() REPRESENTATION_CONTEXT('2D SPACE',''
  ) );
#1827 = ADVANCED_FACE('',(#1828),#211,.T.);
#1828 = FACE_BOUND('',#1829,.T.);
#1829 = EDGE_LOOP('',(#1830,#1831,#1832,#1877));
#1830 = ORIENTED_EDGE('',*,*,#183,.T.);
#1831 = ORIENTED_EDGE('',*,*,#1809,.T.);
#1832 = ORIENTED_EDGE('',*,*,#1833,.F.);
#1833 = EDGE_CURVE('',#1424,#1783,#1834,.T.);
#1834 = SURFACE_CURVE('',#1835,(#1851,#1870),.PCURVE_S1.);
#1835 = B_SPLINE_CURVE_WITH_KNOTS('',14,(#1836,#1837,#1838,#1839,#1840,
    #1841,#1842,#1843,#1844,#1845,#1846,#1847,#1848,#1849,#1850),
  .UNSPECIFIED.,.T.,.F.,(15,15),(0.,1.),.PIECEWISE_BEZIER_KNOTS.);
#1836 = CARTESIAN_POINT('',(20.52,-1.275348474789E-14,143.));
#1837 = CARTESIAN_POINT('',(20.52,4.685461043357,143.));
#1838 = CARTESIAN_POINT('',(16.068917308192,9.370923816218,143.));
#1839 = CARTESIAN_POINT('',(7.166746234251,12.870633978223,143.));
#1840 = CARTESIAN_POINT('',(-4.855249814352,13.998970900427,143.));
#1841 = CARTESIAN_POINT('',(-17.33479655161,11.995318428938,143.));
#1842 = CARTESIAN_POINT('',(-26.86153571784,6.951841960574,143.));
#1843 = CARTESIAN_POINT('',(-30.44816291424,1.194043578337E-10,143.));
#1844 = CARTESIAN_POINT('',(-26.86153571784,-6.951841960794,143.));
#1845 = CARTESIAN_POINT('',(-17.33479655161,-11.99531842876,143.));
#1846 = CARTESIAN_POINT('',(-4.855249814361,-13.99897090053,143.));
#1847 = CARTESIAN_POINT('',(7.166746234256,-12.87063397816,143.));
#1848 = CARTESIAN_POINT('',(16.06891730819,-9.370923816238,143.));
#1849 = CARTESIAN_POINT('',(20.52,-4.685461043353,143.));
#1850 = CARTESIAN_POINT('',(20.52,1.457369871089E-15,143.));
#1851 = PCURVE('',#211,#1852);
#1852 = DEFINITIONAL_REPRESENTATION('',(#1853),#1869);
#1853 = B_SPLINE_CURVE_WITH_KNOTS('',14,(#1854,#1855,#1856,#1857,#1858,
    #1859,#1860,#1861,#1862,#1863,#1864,#1865,#1866,#1867,#1868),
  .UNSPECIFIED.,.F.,.F.,(15,15),(0.,1.),.PIECEWISE_BEZIER_KNOTS.);
#1854 = CARTESIAN_POINT('',(3.,2.141861064539E-14));
#1855 = CARTESIAN_POINT('',(3.,-4.685461043357));
#1856 = CARTESIAN_POINT('',(7.451082691808,-9.370923816218));
#1857 = CARTESIAN_POINT('',(16.353253765749,-12.87063397822));
#1858 = CARTESIAN_POINT('',(28.375249814352,-13.99897090042));
#1859 = CARTESIAN_POINT('',(40.854796551619,-11.99531842893));
#1860 = CARTESIAN_POINT('',(50.38153571784,-6.951841960574));
#1861 = CARTESIAN_POINT('',(53.968162914249,-1.194021233315E-10));
#1862 = CARTESIAN_POINT('',(50.381535717846,6.951841960794));
#1863 = CARTESIAN_POINT('',(40.85479655161,11.995318428768));
#1864 = CARTESIAN_POINT('',(28.375249814361,13.998970900536));
#1865 = CARTESIAN_POINT('',(16.353253765744,12.870633978168));
#1866 = CARTESIAN_POINT('',(7.45108269181,9.370923816238));
#1867 = CARTESIAN_POINT('',(3.,4.685461043353));
#1868 = CARTESIAN_POINT('',(3.,7.207756026411E-15));
#1869 = ( GEOMETRIC_REPRESENTATION_CONTEXT(2) 
PARAMETRIC_REPRESENTATION_CONTEXT() REPRESENTATION_CONTEXT('2D SPACE',''
  ) );
#1870 = PCURVE('',#1335,#1871);
#1871 = DEFINITIONAL_REPRESENTATION('',(#1872),#1876);
#1872 = LINE('',#1873,#1874);
#1873 = CARTESIAN_POINT('',(0.,1.));
#1874 = VECTOR('',#1875,1.);
#1875 = DIRECTION('',(1.,0.));
#1876 = ( GEOMETRIC_REPRESENTATION_CONTEXT(2) 
PARAMETRIC_REPRESENTATION_CONTEXT() REPRESENTATION_CONTEXT('2D SPACE',''
  ) );
#1877 = ORIENTED_EDGE('',*,*,#1423,.T.);
#1878 = ADVANCED_FACE('',(#1879),#639,.T.);
#1879 = FACE_BOUND('',#1880,.T.);
#1880 = EDGE_LOOP('',(#1881,#1904,#1905,#1928));
#1881 = ORIENTED_EDGE('',*,*,#1882,.F.);
#1882 = EDGE_CURVE('',#578,#1883,#1885,.T.);
#1883 = VERTEX_POINT('',#1884);
#1884 = CARTESIAN_POINT('',(-23.,-18.063857799,-67.));
#1885 = SURFACE_CURVE('',#1886,(#1890,#1897),.PCURVE_S1.);
#1886 = LINE('',#1887,#1888);
#1887 = CARTESIAN_POINT('',(-23.,-142.,-67.));
#1888 = VECTOR('',#1889,1.);
#1889 = DIRECTION('',(0.,1.,0.));
#1890 = PCURVE('',#639,#1891);
#1891 = DEFINITIONAL_REPRESENTATION('',(#1892),#1896);
#1892 = LINE('',#1893,#1894);
#1893 = CARTESIAN_POINT('',(0.,0.));
#1894 = VECTOR('',#1895,1.);
#1895 = DIRECTION('',(0.,1.));
#1896 = ( GEOMETRIC_REPRESENTATION_CONTEXT(2) 
PARAMETRIC_REPRESENTATION_CONTEXT() REPRESENTATION_CONTEXT('2D SPACE',''
  ) );
#1897 = PCURVE('',#820,#1898);
#1898 = DEFINITIONAL_REPRESENTATION('',(#1899),#1903);
#1899 = LINE('',#1900,#1901);
#1900 = CARTESIAN_POINT('',(0.,0.));
#1901 = VECTOR('',#1902,1.);
#1902 = DIRECTION('',(0.,-1.));
#1903 = ( GEOMETRIC_REPRESENTATION_CONTEXT(2) 
PARAMETRIC_REPRESENTATION_CONTEXT() REPRESENTATION_CONTEXT('2D SPACE',''
  ) );
#1904 = ORIENTED_EDGE('',*,*,#575,.F.);
#1905 = ORIENTED_EDGE('',*,*,#1906,.T.);
#1906 = EDGE_CURVE('',#576,#1907,#1909,.T.);
#1907 = VERTEX_POINT('',#1908);
#1908 = CARTESIAN_POINT('',(23.,-18.06385780438,-67.));
#1909 = SURFACE_CURVE('',#1910,(#1914,#1921),.PCURVE_S1.);
#1910 = LINE('',#1911,#1912);
#1911 = CARTESIAN_POINT('',(23.,-142.,-67.));
#1912 = VECTOR('',#1913,1.);
#1913 = DIRECTION('',(0.,1.,0.));
#1914 = PCURVE('',#639,#1915);
#1915 = DEFINITIONAL_REPRESENTATION('',(#1916),#1920);
#1916 = LINE('',#1917,#1918);
#1917 = CARTESIAN_POINT('',(46.,0.));
#1918 = VECTOR('',#1919,1.);
#1919 = DIRECTION('',(0.,1.));
#1920 = ( GEOMETRIC_REPRESENTATION_CONTEXT(2) 
PARAMETRIC_REPRESENTATION_CONTEXT() REPRESENTATION_CONTEXT('2D SPACE',''
  ) );
#1921 = PCURVE('',#1174,#1922);
#1922 = DEFINITIONAL_REPRESENTATION('',(#1923),#1927);
#1923 = LINE('',#1924,#1925);
#1924 = CARTESIAN_POINT('',(0.,0.));
#1925 = VECTOR('',#1926,1.);
#1926 = DIRECTION('',(0.,-1.));
#1927 = ( GEOMETRIC_REPRESENTATION_CONTEXT(2) 
PARAMETRIC_REPRESENTATION_CONTEXT() REPRESENTATION_CONTEXT('2D SPACE',''
  ) );
#1928 = ORIENTED_EDGE('',*,*,#1929,.T.);
#1929 = EDGE_CURVE('',#1907,#1883,#1930,.T.);
#1930 = SURFACE_CURVE('',#1931,(#1962,#1996),.PCURVE_S1.);
#1931 = B_SPLINE_CURVE_WITH_KNOTS('',8,(#1932,#1933,#1934,#1935,#1936,
    #1937,#1938,#1939,#1940,#1941,#1942,#1943,#1944,#1945,#1946,#1947,
    #1948,#1949,#1950,#1951,#1952,#1953,#1954,#1955,#1956,#1957,#1958,
    #1959,#1960,#1961),.UNSPECIFIED.,.F.,.F.,(9,7,7,7,9),(0.,
    0.241542008409,0.499988313063,0.874972026808,1.),.UNSPECIFIED.);
#1932 = CARTESIAN_POINT('',(23.,-18.06385780438,-67.));
#1933 = CARTESIAN_POINT('',(21.672870376914,-18.55617247255,-67.));
#1934 = CARTESIAN_POINT('',(20.330270126313,-19.00642663986,-67.));
#1935 = CARTESIAN_POINT('',(18.974615228015,-19.41698313822,-67.));
#1936 = CARTESIAN_POINT('',(17.607960447437,-19.78969392304,-67.));
#1937 = CARTESIAN_POINT('',(16.232053962972,-20.12609315195,-67.));
#1938 = CARTESIAN_POINT('',(14.848359777088,-20.42747702877,-67.));
#1939 = CARTESIAN_POINT('',(13.458064387758,-20.69492622265,-67.));
#1940 = CARTESIAN_POINT('',(10.568406454766,-21.18013161694,-67.));
#1941 = CARTESIAN_POINT('',(9.068430102142,-21.39306508951,-67.));
#1942 = CARTESIAN_POINT('',(7.56339259279,-21.56920879007,-67.));
#1943 = CARTESIAN_POINT('',(6.054446336301,-21.70935929794,-67.));
#1944 = CARTESIAN_POINT('',(4.542664939145,-21.81408866778,-67.));
#1945 = CARTESIAN_POINT('',(3.029046891112,-21.88377819142,-67.));
#1946 = CARTESIAN_POINT('',(1.514516697012,-21.91862532549,-67.));
#1947 = CARTESIAN_POINT('',(-2.197623150724,-21.91862154942,-67.));
#1948 = CARTESIAN_POINT('',(-4.394666259291,-21.84525785182,-67.));
#1949 = CARTESIAN_POINT('',(-6.589002585651,-21.69859284572,-67.));
#1950 = CARTESIAN_POINT('',(-8.777892616508,-21.47771725887,-67.));
#1951 = CARTESIAN_POINT('',(-10.95807616117,-21.18093689289,-67.));
#1952 = CARTESIAN_POINT('',(-13.12574385092,-20.80564978511,-67.));
#1953 = CARTESIAN_POINT('',(-15.27651825204,-20.34824468898,-67.));
#1954 = CARTESIAN_POINT('',(-18.11509129721,-19.62136905296,-67.));
#1955 = CARTESIAN_POINT('',(-18.82237630061,-19.42987671688,-67.));
#1956 = CARTESIAN_POINT('',(-19.5269529864,-19.22844767818,-67.));
#1957 = CARTESIAN_POINT('',(-20.2285863369,-19.01686375262,-67.));
#1958 = CARTESIAN_POINT('',(-20.92701378671,-18.79488707116,-67.));
#1959 = CARTESIAN_POINT('',(-21.62194434882,-18.56225732693,-67.));
#1960 = CARTESIAN_POINT('',(-22.31305723925,-18.31868746269,-67.));
#1961 = CARTESIAN_POINT('',(-23.,-18.063857799,-67.));
#1962 = PCURVE('',#639,#1963);
#1963 = DEFINITIONAL_REPRESENTATION('',(#1964),#1995);
#1964 = B_SPLINE_CURVE_WITH_KNOTS('',8,(#1965,#1966,#1967,#1968,#1969,
    #1970,#1971,#1972,#1973,#1974,#1975,#1976,#1977,#1978,#1979,#1980,
    #1981,#1982,#1983,#1984,#1985,#1986,#1987,#1988,#1989,#1990,#1991,
    #1992,#1993,#1994),.UNSPECIFIED.,.F.,.F.,(9,7,7,7,9),(0.,
    0.241542008409,0.499988313063,0.874972026808,1.),.UNSPECIFIED.);
#1965 = CARTESIAN_POINT('',(46.,123.93614219561));
#1966 = CARTESIAN_POINT('',(44.672870376914,123.44382752744));
#1967 = CARTESIAN_POINT('',(43.330270126313,122.99357336013));
#1968 = CARTESIAN_POINT('',(41.974615228015,122.58301686177));
#1969 = CARTESIAN_POINT('',(40.607960447437,122.21030607695));
#1970 = CARTESIAN_POINT('',(39.232053962972,121.87390684804));
#1971 = CARTESIAN_POINT('',(37.848359777088,121.57252297122));
#1972 = CARTESIAN_POINT('',(36.458064387758,121.30507377734));
#1973 = CARTESIAN_POINT('',(33.568406454766,120.81986838305));
#1974 = CARTESIAN_POINT('',(32.068430102142,120.60693491048));
#1975 = CARTESIAN_POINT('',(30.56339259279,120.43079120993));
#1976 = CARTESIAN_POINT('',(29.054446336301,120.29064070206));
#1977 = CARTESIAN_POINT('',(27.542664939145,120.18591133221));
#1978 = CARTESIAN_POINT('',(26.029046891112,120.11622180857));
#1979 = CARTESIAN_POINT('',(24.514516697012,120.0813746745));
#1980 = CARTESIAN_POINT('',(20.802376849276,120.08137845057));
#1981 = CARTESIAN_POINT('',(18.605333740709,120.15474214817));
#1982 = CARTESIAN_POINT('',(16.410997414349,120.30140715427));
#1983 = CARTESIAN_POINT('',(14.222107383492,120.52228274113));
#1984 = CARTESIAN_POINT('',(12.041923838821,120.8190631071));
#1985 = CARTESIAN_POINT('',(9.874256149076,121.19435021488));
#1986 = CARTESIAN_POINT('',(7.723481747952,121.65175531101));
#1987 = CARTESIAN_POINT('',(4.884908702789,122.37863094703));
#1988 = CARTESIAN_POINT('',(4.177623699386,122.57012328311));
#1989 = CARTESIAN_POINT('',(3.473047013596,122.77155232181));
#1990 = CARTESIAN_POINT('',(2.771413663096,122.98313624737));
#1991 = CARTESIAN_POINT('',(2.07298621329,123.20511292883));
#1992 = CARTESIAN_POINT('',(1.378055651171,123.43774267306));
#1993 = CARTESIAN_POINT('',(0.686942760743,123.6813125373));
#1994 = CARTESIAN_POINT('',(0.,123.93614220099));
#1995 = ( GEOMETRIC_REPRESENTATION_CONTEXT(2) 
PARAMETRIC_REPRESENTATION_CONTEXT() REPRESENTATION_CONTEXT('2D SPACE',''
  ) );
#1996 = PCURVE('',#1335,#1997);
#1997 = DEFINITIONAL_REPRESENTATION('',(#1998),#2029);
#1998 = B_SPLINE_CURVE_WITH_KNOTS('',8,(#1999,#2000,#2001,#2002,#2003,
    #2004,#2005,#2006,#2007,#2008,#2009,#2010,#2011,#2012,#2013,#2014,
    #2015,#2016,#2017,#2018,#2019,#2020,#2021,#2022,#2023,#2024,#2025,
    #2026,#2027,#2028),.UNSPECIFIED.,.F.,.F.,(9,7,7,7,9),(0.,
    0.241542008409,0.499988313063,0.874972026808,1.),.UNSPECIFIED.);
#1999 = CARTESIAN_POINT('',(0.845831463378,0.272408658895));
#2000 = CARTESIAN_POINT('',(0.839520015223,0.272408658895));
#2001 = CARTESIAN_POINT('',(0.833331577593,0.272408658895));
#2002 = CARTESIAN_POINT('',(0.827249117775,0.272408658895));
#2003 = CARTESIAN_POINT('',(0.821258991358,0.272408658895));
#2004 = CARTESIAN_POINT('',(0.815349402899,0.272408658895));
#2005 = CARTESIAN_POINT('',(0.809509645817,0.272408658895));
#2006 = CARTESIAN_POINT('',(0.803729698994,0.272408658895));
#2007 = CARTESIAN_POINT('',(0.791868806761,0.272408658895));
#2008 = CARTESIAN_POINT('',(0.785795963423,0.272408658895));
#2009 = CARTESIAN_POINT('',(0.779769679901,0.272408658895));
#2010 = CARTESIAN_POINT('',(0.773779759216,0.272408658895));
#2011 = CARTESIAN_POINT('',(0.767816822998,0.272408658895));
#2012 = CARTESIAN_POINT('',(0.761871867158,0.272408658895));
#2013 = CARTESIAN_POINT('',(0.755935905317,0.272408658895));
#2014 = CARTESIAN_POINT('',(0.741386768512,0.272408658895));
#2015 = CARTESIAN_POINT('',(0.732775807696,0.272408658895));
#2016 = CARTESIAN_POINT('',(0.724137029692,0.272408658895));
#2017 = CARTESIAN_POINT('',(0.715442759335,0.272408658895));
#2018 = CARTESIAN_POINT('',(0.706665178324,0.272408658895));
#2019 = CARTESIAN_POINT('',(0.697773962605,0.272408658895));
#2020 = CARTESIAN_POINT('',(0.688734357925,0.272408658895));
#2021 = CARTESIAN_POINT('',(0.6764205453,0.272408658895));
#2022 = CARTESIAN_POINT('',(0.67332002493,0.272408658895));
#2023 = CARTESIAN_POINT('',(0.670196413225,0.272408658895));
#2024 = CARTESIAN_POINT('',(0.667048003581,0.272408658895));
#2025 = CARTESIAN_POINT('',(0.663873003481,0.272408658895));
#2026 = CARTESIAN_POINT('',(0.66066950404,0.272408658895));
#2027 = CARTESIAN_POINT('',(0.65743543949,0.272408658895));
#2028 = CARTESIAN_POINT('',(0.654168536586,0.272408658895));
#2029 = ( GEOMETRIC_REPRESENTATION_CONTEXT(2) 
PARAMETRIC_REPRESENTATION_CONTEXT() REPRESENTATION_CONTEXT('2D SPACE',''
  ) );
#2030 = ADVANCED_FACE('',(#2031),#1174,.F.);
#2031 = FACE_BOUND('',#2032,.F.);
#2032 = EDGE_LOOP('',(#2033,#2056,#2057,#2058));
#2033 = ORIENTED_EDGE('',*,*,#2034,.F.);
#2034 = EDGE_CURVE('',#898,#2035,#2037,.T.);
#2035 = VERTEX_POINT('',#2036);
#2036 = CARTESIAN_POINT('',(23.,-10.95213578977,67.));
#2037 = SURFACE_CURVE('',#2038,(#2042,#2049),.PCURVE_S1.);
#2038 = LINE('',#2039,#2040);
#2039 = CARTESIAN_POINT('',(23.,-142.,67.));
#2040 = VECTOR('',#2041,1.);
#2041 = DIRECTION('',(0.,1.,0.));
#2042 = PCURVE('',#1174,#2043);
#2043 = DEFINITIONAL_REPRESENTATION('',(#2044),#2048);
#2044 = LINE('',#2045,#2046);
#2045 = CARTESIAN_POINT('',(134.,0.));
#2046 = VECTOR('',#2047,1.);
#2047 = DIRECTION('',(0.,-1.));
#2048 = ( GEOMETRIC_REPRESENTATION_CONTEXT(2) 
PARAMETRIC_REPRESENTATION_CONTEXT() REPRESENTATION_CONTEXT('2D SPACE',''
  ) );
#2049 = PCURVE('',#983,#2050);
#2050 = DEFINITIONAL_REPRESENTATION('',(#2051),#2055);
#2051 = LINE('',#2052,#2053);
#2052 = CARTESIAN_POINT('',(46.,0.));
#2053 = VECTOR('',#2054,1.);
#2054 = DIRECTION('',(0.,1.));
#2055 = ( GEOMETRIC_REPRESENTATION_CONTEXT(2) 
PARAMETRIC_REPRESENTATION_CONTEXT() REPRESENTATION_CONTEXT('2D SPACE',''
  ) );
#2056 = ORIENTED_EDGE('',*,*,#1030,.F.);
#2057 = ORIENTED_EDGE('',*,*,#1906,.T.);
#2058 = ORIENTED_EDGE('',*,*,#2059,.T.);
#2059 = EDGE_CURVE('',#1907,#2035,#2060,.T.);
#2060 = SURFACE_CURVE('',#2061,(#2118,#2178),.PCURVE_S1.);
#2061 = B_SPLINE_CURVE_WITH_KNOTS('',7,(#2062,#2063,#2064,#2065,#2066,
    #2067,#2068,#2069,#2070,#2071,#2072,#2073,#2074,#2075,#2076,#2077,
    #2078,#2079,#2080,#2081,#2082,#2083,#2084,#2085,#2086,#2087,#2088,
    #2089,#2090,#2091,#2092,#2093,#2094,#2095,#2096,#2097,#2098,#2099,
    #2100,#2101,#2102,#2103,#2104,#2105,#2106,#2107,#2108,#2109,#2110,
    #2111,#2112,#2113,#2114,#2115,#2116,#2117),.UNSPECIFIED.,.F.,.F.,(8,
    6,6,6,6,6,6,6,6,8),(0.,0.300511277366,0.48384901298,0.588074569384,
    0.648632132959,0.68961654612,0.762736060088,0.809900920545,
    0.882579843172,1.),.UNSPECIFIED.);
#2062 = CARTESIAN_POINT('',(23.,-18.06385780438,-67.));
#2063 = CARTESIAN_POINT('',(23.,-18.06897982899,-61.23835184112));
#2064 = CARTESIAN_POINT('',(23.,-17.994128136,-55.4768513651));
#2065 = CARTESIAN_POINT('',(23.,-17.85434918559,-49.71641265868));
#2066 = CARTESIAN_POINT('',(23.,-17.66179141146,-43.95761433153));
#2067 = CARTESIAN_POINT('',(23.,-17.42675749608,-38.20067049017));
#2068 = CARTESIAN_POINT('',(23.,-17.15796253488,-32.44542224692));
#2069 = CARTESIAN_POINT('',(23.,-16.68265384455,-23.18084306323));
#2070 = CARTESIAN_POINT('',(23.,-16.49272532426,-19.67086260382));
#2071 = CARTESIAN_POINT('',(23.,-16.29464181963,-16.16132948224));
#2072 = CARTESIAN_POINT('',(23.,-16.08988771243,-12.65218209462));
#2073 = CARTESIAN_POINT('',(23.,-15.87977426228,-9.143358299168));
#2074 = CARTESIAN_POINT('',(23.,-15.66544430275,-5.634795153712));
#2075 = CARTESIAN_POINT('',(23.,-15.3241770512,-0.131960418961));
#2076 = CARTESIAN_POINT('',(23.,-15.19943755323,1.862443179087));
#2077 = CARTESIAN_POINT('',(23.,-15.07382689677,3.856792147827));
#2078 = CARTESIAN_POINT('',(23.,-14.94750535613,5.851096137472));
#2079 = CARTESIAN_POINT('',(23.,-14.82061482266,7.845363847783));
#2080 = CARTESIAN_POINT('',(23.,-14.69327825898,9.839602993342));
#2081 = CARTESIAN_POINT('',(23.,-14.49141451133,12.99250863287));
#2082 = CARTESIAN_POINT('',(23.,-14.41711419389,14.15118958054));
#2083 = CARTESIAN_POINT('',(23.,-14.34271856049,15.30986440554));
#2084 = CARTESIAN_POINT('',(23.,-14.26824564084,16.468534256281));
#2085 = CARTESIAN_POINT('',(23.,-14.19371113466,17.62720013588));
#2086 = CARTESIAN_POINT('',(23.,-14.11912841165,18.785862902153));
#2087 = CARTESIAN_POINT('',(23.,-13.99400692867,20.728686505506));
#2088 = CARTESIAN_POINT('',(23.,-13.94348829616,21.512848641442));
#2089 = CARTESIAN_POINT('',(23.,-13.89295602492,22.297009894798));
#2090 = CARTESIAN_POINT('',(23.,-13.84241299794,23.081170451065));
#2091 = CARTESIAN_POINT('',(23.,-13.79186157029,23.865330461848));
#2092 = CARTESIAN_POINT('',(23.,-13.74130356914,24.64949004487));
#2093 = CARTESIAN_POINT('',(23.,-13.6005313133,26.83265290542));
#2094 = CARTESIAN_POINT('',(23.,-13.51030539413,28.231655421784));
#2095 = CARTESIAN_POINT('',(23.,-13.4200701443,29.630657324041));
#2096 = CARTESIAN_POINT('',(23.,-13.32982725589,31.029658721309));
#2097 = CARTESIAN_POINT('',(23.,-13.23957250502,32.428659340837));
#2098 = CARTESIAN_POINT('',(23.,-13.14929575177,33.82765852801));
#2099 = CARTESIAN_POINT('',(23.,-13.00072446057,36.129061203658));
#2100 = CARTESIAN_POINT('',(23.,-12.94245207,37.031466128136));
#2101 = CARTESIAN_POINT('',(23.,-12.88415941395,37.933869739086));
#2102 = CARTESIAN_POINT('',(23.,-12.82584098498,38.836271680281));
#2103 = CARTESIAN_POINT('',(23.,-12.76749012284,39.738671519958));
#2104 = CARTESIAN_POINT('',(23.,-12.70909901445,40.641068750817));
#2105 = CARTESIAN_POINT('',(23.,-12.5606047959,42.934011302613));
#2106 = CARTESIAN_POINT('',(23.,-12.47043400231,44.32455221782));
#2107 = CARTESIAN_POINT('',(23.,-12.38011331657,45.715083410967));
#2108 = CARTESIAN_POINT('',(23.,-12.28960295369,47.105602280875));
#2109 = CARTESIAN_POINT('',(23.,-12.1988559198,48.496105722472));
#2110 = CARTESIAN_POINT('',(23.,-12.1078175917,49.886590099398));
#2111 = CARTESIAN_POINT('',(23.,-11.86877179162,53.523481908542));
#2112 = CARTESIAN_POINT('',(23.,-11.72019462966,55.76985122784));
#2113 = CARTESIAN_POINT('',(23.,-11.57042853237,58.016142287742));
#2114 = CARTESIAN_POINT('',(23.,-11.41915489475,60.26233320542));
#2115 = CARTESIAN_POINT('',(23.,-11.26599383266,62.508396562179));
#2116 = CARTESIAN_POINT('',(23.,-11.11049623067,64.754298863653));
#2117 = CARTESIAN_POINT('',(23.,-10.95213578977,67.));
#2118 = PCURVE('',#1174,#2119);
#2119 = DEFINITIONAL_REPRESENTATION('',(#2120),#2177);
#2120 = B_SPLINE_CURVE_WITH_KNOTS('',7,(#2121,#2122,#2123,#2124,#2125,
    #2126,#2127,#2128,#2129,#2130,#2131,#2132,#2133,#2134,#2135,#2136,
    #2137,#2138,#2139,#2140,#2141,#2142,#2143,#2144,#2145,#2146,#2147,
    #2148,#2149,#2150,#2151,#2152,#2153,#2154,#2155,#2156,#2157,#2158,
    #2159,#2160,#2161,#2162,#2163,#2164,#2165,#2166,#2167,#2168,#2169,
    #2170,#2171,#2172,#2173,#2174,#2175,#2176),.UNSPECIFIED.,.F.,.F.,(8,
    6,6,6,6,6,6,6,6,8),(0.,0.300511277366,0.48384901298,0.588074569384,
    0.648632132959,0.68961654612,0.762736060088,0.809900920545,
    0.882579843172,1.),.UNSPECIFIED.);
#2121 = CARTESIAN_POINT('',(0.,-123.9361421956));
#2122 = CARTESIAN_POINT('',(5.761648158876,-123.931020171));
#2123 = CARTESIAN_POINT('',(11.523148634897,-124.0058718639));
#2124 = CARTESIAN_POINT('',(17.283587341314,-124.1456508144));
#2125 = CARTESIAN_POINT('',(23.042385668463,-124.3382085885));
#2126 = CARTESIAN_POINT('',(28.799329509823,-124.5732425039));
#2127 = CARTESIAN_POINT('',(34.554577753072,-124.8420374651));
#2128 = CARTESIAN_POINT('',(43.819156936764,-125.3173461554));
#2129 = CARTESIAN_POINT('',(47.329137396177,-125.5072746757));
#2130 = CARTESIAN_POINT('',(50.838670517755,-125.7053581803));
#2131 = CARTESIAN_POINT('',(54.347817905374,-125.9101122875));
#2132 = CARTESIAN_POINT('',(57.856641700832,-126.1202257377));
#2133 = CARTESIAN_POINT('',(61.365204846288,-126.3345556972));
#2134 = CARTESIAN_POINT('',(66.868039581039,-126.6758229487));
#2135 = CARTESIAN_POINT('',(68.862443179087,-126.8005624467));
#2136 = CARTESIAN_POINT('',(70.856792147827,-126.9261731032));
#2137 = CARTESIAN_POINT('',(72.851096137472,-127.0524946438));
#2138 = CARTESIAN_POINT('',(74.845363847783,-127.1793851773));
#2139 = CARTESIAN_POINT('',(76.839602993342,-127.306721741));
#2140 = CARTESIAN_POINT('',(79.99250863287,-127.5085854886));
#2141 = CARTESIAN_POINT('',(81.15118958054,-127.5828858061));
#2142 = CARTESIAN_POINT('',(82.30986440554,-127.6572814395));
#2143 = CARTESIAN_POINT('',(83.468534256281,-127.7317543591));
#2144 = CARTESIAN_POINT('',(84.62720013588,-127.8062888653));
#2145 = CARTESIAN_POINT('',(85.785862902153,-127.8808715883));
#2146 = CARTESIAN_POINT('',(87.728686505506,-128.0059930713));
#2147 = CARTESIAN_POINT('',(88.512848641442,-128.0565117038));
#2148 = CARTESIAN_POINT('',(89.297009894798,-128.107043975));
#2149 = CARTESIAN_POINT('',(90.081170451065,-128.157587002));
#2150 = CARTESIAN_POINT('',(90.865330461848,-128.2081384297));
#2151 = CARTESIAN_POINT('',(91.64949004487,-128.2586964308));
#2152 = CARTESIAN_POINT('',(93.83265290542,-128.3994686866));
#2153 = CARTESIAN_POINT('',(95.231655421784,-128.4896946058));
#2154 = CARTESIAN_POINT('',(96.630657324041,-128.5799298556));
#2155 = CARTESIAN_POINT('',(98.029658721309,-128.6701727441));
#2156 = CARTESIAN_POINT('',(99.428659340837,-128.7604274949));
#2157 = CARTESIAN_POINT('',(100.82765852801,-128.8507042482));
#2158 = CARTESIAN_POINT('',(103.12906120365,-128.9992755394));
#2159 = CARTESIAN_POINT('',(104.03146612813,-129.0575479299));
#2160 = CARTESIAN_POINT('',(104.93386973908,-129.115840586));
#2161 = CARTESIAN_POINT('',(105.83627168028,-129.174159015));
#2162 = CARTESIAN_POINT('',(106.73867151995,-129.2325098771));
#2163 = CARTESIAN_POINT('',(107.64106875081,-129.2909009855));
#2164 = CARTESIAN_POINT('',(109.93401130261,-129.439395204));
#2165 = CARTESIAN_POINT('',(111.32455221782,-129.5295659976));
#2166 = CARTESIAN_POINT('',(112.71508341096,-129.6198866834));
#2167 = CARTESIAN_POINT('',(114.10560228087,-129.7103970463));
#2168 = CARTESIAN_POINT('',(115.49610572247,-129.8011440801));
#2169 = CARTESIAN_POINT('',(116.88659009939,-129.8921824082));
#2170 = CARTESIAN_POINT('',(120.52348190854,-130.1312282083));
#2171 = CARTESIAN_POINT('',(122.76985122784,-130.2798053703));
#2172 = CARTESIAN_POINT('',(125.01614228774,-130.4295714676));
#2173 = CARTESIAN_POINT('',(127.26233320542,-130.5808451052));
#2174 = CARTESIAN_POINT('',(129.50839656217,-130.7340061673));
#2175 = CARTESIAN_POINT('',(131.75429886365,-130.8895037693));
#2176 = CARTESIAN_POINT('',(134.,-131.0478642102));
#2177 = ( GEOMETRIC_REPRESENTATION_CONTEXT(2) 
PARAMETRIC_REPRESENTATION_CONTEXT() REPRESENTATION_CONTEXT('2D SPACE',''
  ) );
#2178 = PCURVE('',#1335,#2179);
#2179 = DEFINITIONAL_REPRESENTATION('',(#2180),#2237);
#2180 = B_SPLINE_CURVE_WITH_KNOTS('',7,(#2181,#2182,#2183,#2184,#2185,
    #2186,#2187,#2188,#2189,#2190,#2191,#2192,#2193,#2194,#2195,#2196,
    #2197,#2198,#2199,#2200,#2201,#2202,#2203,#2204,#2205,#2206,#2207,
    #2208,#2209,#2210,#2211,#2212,#2213,#2214,#2215,#2216,#2217,#2218,
    #2219,#2220,#2221,#2222,#2223,#2224,#2225,#2226,#2227,#2228,#2229,
    #2230,#2231,#2232,#2233,#2234,#2235,#2236),.UNSPECIFIED.,.F.,.F.,(8,
    6,6,6,6,6,6,6,6,8),(0.,0.300511277366,0.48384901298,0.588074569384,
    0.648632132959,0.68961654612,0.762736060088,0.809900920545,
    0.882579843172,1.),.UNSPECIFIED.);
#2181 = CARTESIAN_POINT('',(0.845831463378,0.272408658895));
#2182 = CARTESIAN_POINT('',(0.845811205109,0.292182552017));
#2183 = CARTESIAN_POINT('',(0.846107253485,0.311893481224));
#2184 = CARTESIAN_POINT('',(0.846659660337,0.331559056066));
#2185 = CARTESIAN_POINT('',(0.847431596885,0.351194932911));
#2186 = CARTESIAN_POINT('',(0.848394147892,0.370815560537));
#2187 = CARTESIAN_POINT('',(0.849524337081,0.390434495543));
#2188 = CARTESIAN_POINT('',(0.85158230497,0.422040622437));
#2189 = CARTESIAN_POINT('',(0.852417166114,0.434020548117));
#2190 = CARTESIAN_POINT('',(0.853302626658,0.44600706917));
#2191 = CARTESIAN_POINT('',(0.854234698791,0.458002616973));
#2192 = CARTESIAN_POINT('',(0.855209736194,0.470009356063));
#2193 = CARTESIAN_POINT('',(0.856224411115,0.482029186483));
#2194 = CARTESIAN_POINT('',(0.857873512362,0.500905249245));
#2195 = CARTESIAN_POINT('',(0.858483085327,0.507751514584));
#2196 = CARTESIAN_POINT('',(0.859103989246,0.514602826986));
#2197 = CARTESIAN_POINT('',(0.859735728592,0.521459450031));
#2198 = CARTESIAN_POINT('',(0.860377856829,0.52832161494));
#2199 = CARTESIAN_POINT('',(0.861029985577,0.535189519858));
#2200 = CARTESIAN_POINT('',(0.86207632032,0.54605717821));
#2201 = CARTESIAN_POINT('',(0.86246411514,0.550053020386));
#2202 = CARTESIAN_POINT('',(0.862855114283,0.554050887885));
#2203 = CARTESIAN_POINT('',(0.863249263215,0.558050808889));
#2204 = CARTESIAN_POINT('',(0.863646516828,0.562052807527));
#2205 = CARTESIAN_POINT('',(0.864046839441,0.566056903888));
#2206 = CARTESIAN_POINT('',(0.864723196168,0.572774454446));
#2207 = CARTESIAN_POINT('',(0.86499758157,0.575486763038));
#2208 = CARTESIAN_POINT('',(0.865273353043,0.578200044743));
#2209 = CARTESIAN_POINT('',(0.865550505234,0.580914303624));
#2210 = CARTESIAN_POINT('',(0.865829035398,0.583629542853));
#2211 = CARTESIAN_POINT('',(0.866108943398,0.586345764712));
#2212 = CARTESIAN_POINT('',(0.866892072832,0.593910686041));
#2213 = CARTESIAN_POINT('',(0.867398309902,0.598761533433));
#2214 = CARTESIAN_POINT('',(0.867908953083,0.603615520839));
#2215 = CARTESIAN_POINT('',(0.868424048299,0.608472646777));
#2216 = CARTESIAN_POINT('',(0.868943677221,0.613332900212));
#2217 = CARTESIAN_POINT('',(0.869467957273,0.618196260559));
#2218 = CARTESIAN_POINT('',(0.870338321106,0.626201734234));
#2219 = CARTESIAN_POINT('',(0.870681600812,0.629342050895));
#2220 = CARTESIAN_POINT('',(0.871026922592,0.632483639527));
#2221 = CARTESIAN_POINT('',(0.871374336674,0.635626490244));
#2222 = CARTESIAN_POINT('',(0.871723901665,0.638770591406));
#2223 = CARTESIAN_POINT('',(0.872075684551,0.641915929615));
#2224 = CARTESIAN_POINT('',(0.872975376066,0.649911196913));
#2225 = CARTESIAN_POINT('',(0.873526437554,0.654762805459));
#2226 = CARTESIAN_POINT('',(0.874083224284,0.659617259868));
#2227 = CARTESIAN_POINT('',(0.874646067552,0.664474494417));
#2228 = CARTESIAN_POINT('',(0.875215358439,0.66933443293));
#2229 = CARTESIAN_POINT('',(0.875791555437,0.674196988555));
#2230 = CARTESIAN_POINT('',(0.877318116102,0.686922084672));
#2231 = CARTESIAN_POINT('',(0.878280454392,0.694788679393));
#2232 = CARTESIAN_POINT('',(0.87926447545,0.702661438531));
#2233 = CARTESIAN_POINT('',(0.880272930528,0.710539874172));
#2234 = CARTESIAN_POINT('',(0.881309204193,0.718423417276));
#2235 = CARTESIAN_POINT('',(0.88237746492,0.726311415286));
#2236 = CARTESIAN_POINT('',(0.883482815679,0.73420312974));
#2237 = ( GEOMETRIC_REPRESENTATION_CONTEXT(2) 
PARAMETRIC_REPRESENTATION_CONTEXT() REPRESENTATION_CONTEXT('2D SPACE',''
  ) );
#2238 = ADVANCED_FACE('',(#2239),#983,.F.);
#2239 = FACE_BOUND('',#2240,.F.);
#2240 = EDGE_LOOP('',(#2241,#2264,#2265,#2266));
#2241 = ORIENTED_EDGE('',*,*,#2242,.F.);
#2242 = EDGE_CURVE('',#675,#2243,#2245,.T.);
#2243 = VERTEX_POINT('',#2244);
#2244 = CARTESIAN_POINT('',(-23.,-10.95213580993,67.));
#2245 = SURFACE_CURVE('',#2246,(#2250,#2257),.PCURVE_S1.);
#2246 = LINE('',#2247,#2248);
#2247 = CARTESIAN_POINT('',(-23.,-142.,67.));
#2248 = VECTOR('',#2249,1.);
#2249 = DIRECTION('',(0.,1.,0.));
#2250 = PCURVE('',#983,#2251);
#2251 = DEFINITIONAL_REPRESENTATION('',(#2252),#2256);
#2252 = LINE('',#2253,#2254);
#2253 = CARTESIAN_POINT('',(0.,0.));
#2254 = VECTOR('',#2255,1.);
#2255 = DIRECTION('',(0.,1.));
#2256 = ( GEOMETRIC_REPRESENTATION_CONTEXT(2) 
PARAMETRIC_REPRESENTATION_CONTEXT() REPRESENTATION_CONTEXT('2D SPACE',''
  ) );
#2257 = PCURVE('',#820,#2258);
#2258 = DEFINITIONAL_REPRESENTATION('',(#2259),#2263);
#2259 = LINE('',#2260,#2261);
#2260 = CARTESIAN_POINT('',(134.,0.));
#2261 = VECTOR('',#2262,1.);
#2262 = DIRECTION('',(0.,-1.));
#2263 = ( GEOMETRIC_REPRESENTATION_CONTEXT(2) 
PARAMETRIC_REPRESENTATION_CONTEXT() REPRESENTATION_CONTEXT('2D SPACE',''
  ) );
#2264 = ORIENTED_EDGE('',*,*,#897,.F.);
#2265 = ORIENTED_EDGE('',*,*,#2034,.T.);
#2266 = ORIENTED_EDGE('',*,*,#2267,.T.);
#2267 = EDGE_CURVE('',#2035,#2243,#2268,.T.);
#2268 = SURFACE_CURVE('',#2269,(#2314,#2362),.PCURVE_S1.);
#2269 = B_SPLINE_CURVE_WITH_KNOTS('',8,(#2270,#2271,#2272,#2273,#2274,
    #2275,#2276,#2277,#2278,#2279,#2280,#2281,#2282,#2283,#2284,#2285,
    #2286,#2287,#2288,#2289,#2290,#2291,#2292,#2293,#2294,#2295,#2296,
    #2297,#2298,#2299,#2300,#2301,#2302,#2303,#2304,#2305,#2306,#2307,
    #2308,#2309,#2310,#2311,#2312,#2313),.UNSPECIFIED.,.F.,.F.,(9,7,7,7,
    7,7,9),(0.,0.104944371941,0.295182848529,0.499984129548,
    0.800715113057,0.895054774879,1.),.UNSPECIFIED.);
#2270 = CARTESIAN_POINT('',(23.,-10.95213578977,67.));
#2271 = CARTESIAN_POINT('',(22.459916583151,-11.2705538644,67.));
#2272 = CARTESIAN_POINT('',(21.911491592704,-11.57476485825,67.));
#2273 = CARTESIAN_POINT('',(21.355638261665,-11.86541949593,67.));
#2274 = CARTESIAN_POINT('',(20.793152432236,-12.14308751839,67.));
#2275 = CARTESIAN_POINT('',(20.22472415568,-12.40828064293,67.));
#2276 = CARTESIAN_POINT('',(19.650945520798,-12.66146812926,67.));
#2277 = CARTESIAN_POINT('',(19.072314711039,-12.90308495156,67.));
#2278 = CARTESIAN_POINT('',(17.432257736172,-13.55127775243,67.));
#2279 = CARTESIAN_POINT('',(16.360890131747,-13.93223164045,67.));
#2280 = CARTESIAN_POINT('',(15.277548241451,-14.2788178744,67.));
#2281 = CARTESIAN_POINT('',(14.184241914341,-14.59288388131,67.));
#2282 = CARTESIAN_POINT('',(13.082649238095,-14.87594410063,67.));
#2283 = CARTESIAN_POINT('',(11.974144133691,-15.12927301259,67.));
#2284 = CARTESIAN_POINT('',(10.859802977765,-15.35392604423,67.));
#2285 = CARTESIAN_POINT('',(8.535337251223,-15.76267498112,67.));
#2286 = CARTESIAN_POINT('',(7.324646039029,-15.94230852419,67.));
#2287 = CARTESIAN_POINT('',(6.109469255115,-16.09073687253,67.));
#2288 = CARTESIAN_POINT('',(4.890846777515,-16.20873819026,67.));
#2289 = CARTESIAN_POINT('',(3.669737735997,-16.29686727212,67.));
#2290 = CARTESIAN_POINT('',(2.447024883002,-16.35549368904,67.));
#2291 = CARTESIAN_POINT('',(1.223515909901,-16.38480979135,67.));
#2292 = CARTESIAN_POINT('',(-1.796759323424,-16.3848067755,67.));
#2293 = CARTESIAN_POINT('',(-3.592883120568,-16.32159114912,67.));
#2294 = CARTESIAN_POINT('',(-5.386572272403,-16.19523505915,67.));
#2295 = CARTESIAN_POINT('',(-7.175376363949,-16.0048013426,67.));
#2296 = CARTESIAN_POINT('',(-8.956274430078,-15.74857073193,67.));
#2297 = CARTESIAN_POINT('',(-10.72563239475,-15.42386606976,67.));
#2298 = CARTESIAN_POINT('',(-12.47918936728,-15.02698935142,67.));
#2299 = CARTESIAN_POINT('',(-14.75538277901,-14.40289968514,67.));
#2300 = CARTESIAN_POINT('',(-15.29680683498,-14.24619323961,67.));
#2301 = CARTESIAN_POINT('',(-15.83594277331,-14.08163022424,67.));
#2302 = CARTESIAN_POINT('',(-16.3725894063,-13.90901662077,67.));
#2303 = CARTESIAN_POINT('',(-16.90651965652,-13.72814093229,67.));
#2304 = CARTESIAN_POINT('',(-17.43747963277,-13.53877145232,67.));
#2305 = CARTESIAN_POINT('',(-17.96518715531,-13.34065193192,67.));
#2306 = CARTESIAN_POINT('',(-19.07239584993,-12.90305107064,67.));
#2307 = CARTESIAN_POINT('',(-19.65101448492,-12.66143769983,67.));
#2308 = CARTESIAN_POINT('',(-20.22478108867,-12.4082540859,67.));
#2309 = CARTESIAN_POINT('',(-20.79319750145,-12.14306527746,67.));
#2310 = CARTESIAN_POINT('',(-21.35567166467,-11.86540203998,67.));
#2311 = CARTESIAN_POINT('',(-21.91151356419,-11.57475268442,67.));
#2312 = CARTESIAN_POINT('',(-22.45992740247,-11.27054750267,67.));
#2313 = CARTESIAN_POINT('',(-23.,-10.95213580993,67.));
#2314 = PCURVE('',#983,#2315);
#2315 = DEFINITIONAL_REPRESENTATION('',(#2316),#2361);
#2316 = B_SPLINE_CURVE_WITH_KNOTS('',8,(#2317,#2318,#2319,#2320,#2321,
    #2322,#2323,#2324,#2325,#2326,#2327,#2328,#2329,#2330,#2331,#2332,
    #2333,#2334,#2335,#2336,#2337,#2338,#2339,#2340,#2341,#2342,#2343,
    #2344,#2345,#2346,#2347,#2348,#2349,#2350,#2351,#2352,#2353,#2354,
    #2355,#2356,#2357,#2358,#2359,#2360),.UNSPECIFIED.,.F.,.F.,(9,7,7,7,
    7,7,9),(0.,0.104944371941,0.295182848529,0.499984129548,
    0.800715113057,0.895054774879,1.),.UNSPECIFIED.);
#2317 = CARTESIAN_POINT('',(46.,131.04786421023));
#2318 = CARTESIAN_POINT('',(45.459916583151,130.72944613559));
#2319 = CARTESIAN_POINT('',(44.911491592704,130.42523514175));
#2320 = CARTESIAN_POINT('',(44.355638261665,130.13458050406));
#2321 = CARTESIAN_POINT('',(43.793152432236,129.8569124816));
#2322 = CARTESIAN_POINT('',(43.22472415568,129.59171935706));
#2323 = CARTESIAN_POINT('',(42.650945520798,129.33853187073));
#2324 = CARTESIAN_POINT('',(42.072314711039,129.09691504843));
#2325 = CARTESIAN_POINT('',(40.432257736172,128.44872224756));
#2326 = CARTESIAN_POINT('',(39.360890131747,128.06776835955));
#2327 = CARTESIAN_POINT('',(38.277548241451,127.72118212559));
#2328 = CARTESIAN_POINT('',(37.184241914341,127.40711611868));
#2329 = CARTESIAN_POINT('',(36.082649238095,127.12405589936));
#2330 = CARTESIAN_POINT('',(34.974144133691,126.8707269874));
#2331 = CARTESIAN_POINT('',(33.859802977765,126.64607395576));
#2332 = CARTESIAN_POINT('',(31.535337251223,126.23732501887));
#2333 = CARTESIAN_POINT('',(30.324646039029,126.0576914758));
#2334 = CARTESIAN_POINT('',(29.109469255115,125.90926312746));
#2335 = CARTESIAN_POINT('',(27.890846777515,125.79126180973));
#2336 = CARTESIAN_POINT('',(26.669737735997,125.70313272787));
#2337 = CARTESIAN_POINT('',(25.447024883002,125.64450631095));
#2338 = CARTESIAN_POINT('',(24.223515909901,125.61519020864));
#2339 = CARTESIAN_POINT('',(21.203240676576,125.6151932245));
#2340 = CARTESIAN_POINT('',(19.407116879432,125.67840885087));
#2341 = CARTESIAN_POINT('',(17.613427727597,125.80476494084));
#2342 = CARTESIAN_POINT('',(15.824623636051,125.99519865739));
#2343 = CARTESIAN_POINT('',(14.043725569922,126.25142926806));
#2344 = CARTESIAN_POINT('',(12.274367605245,126.57613393023));
#2345 = CARTESIAN_POINT('',(10.52081063272,126.97301064857));
#2346 = CARTESIAN_POINT('',(8.244617220985,127.59710031485));
#2347 = CARTESIAN_POINT('',(7.703193165017,127.75380676038));
#2348 = CARTESIAN_POINT('',(7.164057226683,127.91836977575));
#2349 = CARTESIAN_POINT('',(6.627410593694,128.09098337922));
#2350 = CARTESIAN_POINT('',(6.093480343473,128.2718590677));
#2351 = CARTESIAN_POINT('',(5.562520367223,128.46122854767));
#2352 = CARTESIAN_POINT('',(5.034812844685,128.65934806807));
#2353 = CARTESIAN_POINT('',(3.927604150069,129.09694892935));
#2354 = CARTESIAN_POINT('',(3.348985515073,129.33856230016));
#2355 = CARTESIAN_POINT('',(2.775218911321,129.59174591409));
#2356 = CARTESIAN_POINT('',(2.206802498548,129.85693472253));
#2357 = CARTESIAN_POINT('',(1.644328335321,130.13459796001));
#2358 = CARTESIAN_POINT('',(1.08848643581,130.42524731557));
#2359 = CARTESIAN_POINT('',(0.540072597521,130.72945249732));
#2360 = CARTESIAN_POINT('',(0.,131.04786419006));
#2361 = ( GEOMETRIC_REPRESENTATION_CONTEXT(2) 
PARAMETRIC_REPRESENTATION_CONTEXT() REPRESENTATION_CONTEXT('2D SPACE',''
  ) );
#2362 = PCURVE('',#1335,#2363);
#2363 = DEFINITIONAL_REPRESENTATION('',(#2364),#2409);
#2364 = B_SPLINE_CURVE_WITH_KNOTS('',8,(#2365,#2366,#2367,#2368,#2369,
    #2370,#2371,#2372,#2373,#2374,#2375,#2376,#2377,#2378,#2379,#2380,
    #2381,#2382,#2383,#2384,#2385,#2386,#2387,#2388,#2389,#2390,#2391,
    #2392,#2393,#2394,#2395,#2396,#2397,#2398,#2399,#2400,#2401,#2402,
    #2403,#2404,#2405,#2406,#2407,#2408),.UNSPECIFIED.,.F.,.F.,(9,7,7,7,
    7,7,9),(0.,0.104944371941,0.295182848529,0.499984129548,
    0.800715113057,0.895054774879,1.),.UNSPECIFIED.);
#2365 = CARTESIAN_POINT('',(0.883482815679,0.73420312974));
#2366 = CARTESIAN_POINT('',(0.879324321692,0.73420312974));
#2367 = CARTESIAN_POINT('',(0.875239771497,0.73420312974));
#2368 = CARTESIAN_POINT('',(0.871223283462,0.73420312974));
#2369 = CARTESIAN_POINT('',(0.867269791858,0.73420312974));
#2370 = CARTESIAN_POINT('',(0.86337477639,0.73420312974));
#2371 = CARTESIAN_POINT('',(0.859534060905,0.73420312974));
#2372 = CARTESIAN_POINT('',(0.855743681265,0.73420312974));
#2373 = CARTESIAN_POINT('',(0.845213122038,0.73420312974));
#2374 = CARTESIAN_POINT('',(0.838580734237,0.73420312974));
#2375 = CARTESIAN_POINT('',(0.832079751321,0.73420312974));
#2376 = CARTESIAN_POINT('',(0.825692489248,0.73420312974));
#2377 = CARTESIAN_POINT('',(0.819403937178,0.73420312974));
#2378 = CARTESIAN_POINT('',(0.813200600978,0.73420312974));
#2379 = CARTESIAN_POINT('',(0.80706996059,0.73420312974));
#2380 = CARTESIAN_POINT('',(0.794464886482,0.73420312974));
#2381 = CARTESIAN_POINT('',(0.788001334123,0.73420312974));
#2382 = CARTESIAN_POINT('',(0.781594581391,0.73420312974));
#2383 = CARTESIAN_POINT('',(0.775232026786,0.73420312974));
#2384 = CARTESIAN_POINT('',(0.768902217945,0.73420312974));
#2385 = CARTESIAN_POINT('',(0.762594220066,0.73420312974));
#2386 = CARTESIAN_POINT('',(0.756297124857,0.73420312974));
#2387 = CARTESIAN_POINT('',(0.740752537281,0.73420312974));
#2388 = CARTESIAN_POINT('',(0.731508340526,0.73420312974));
#2389 = CARTESIAN_POINT('',(0.722229130346,0.73420312974));
#2390 = CARTESIAN_POINT('',(0.712879969399,0.73420312974));
#2391 = CARTESIAN_POINT('',(0.703425774504,0.73420312974));
#2392 = CARTESIAN_POINT('',(0.693827610535,0.73420312974));
#2393 = CARTESIAN_POINT('',(0.684040357912,0.73420312974));
#2394 = CARTESIAN_POINT('',(0.670849814041,0.73420312974));
#2395 = CARTESIAN_POINT('',(0.667675395107,0.73420312974));
#2396 = CARTESIAN_POINT('',(0.664474482722,0.73420312974));
#2397 = CARTESIAN_POINT('',(0.661245125769,0.73420312974));
#2398 = CARTESIAN_POINT('',(0.657985266431,0.73420312974));
#2399 = CARTESIAN_POINT('',(0.654692701194,0.73420312974));
#2400 = CARTESIAN_POINT('',(0.651365027723,0.73420312974));
#2401 = CARTESIAN_POINT('',(0.644255787194,0.73420312974));
#2402 = CARTESIAN_POINT('',(0.640465477438,0.73420312974));
#2403 = CARTESIAN_POINT('',(0.636624833464,0.73420312974));
#2404 = CARTESIAN_POINT('',(0.632729891348,0.73420312974));
#2405 = CARTESIAN_POINT('',(0.628776475161,0.73420312974));
#2406 = CARTESIAN_POINT('',(0.624760064859,0.73420312974));
#2407 = CARTESIAN_POINT('',(0.620675595006,0.73420312974));
#2408 = CARTESIAN_POINT('',(0.616517184336,0.73420312974));
#2409 = ( GEOMETRIC_REPRESENTATION_CONTEXT(2) 
PARAMETRIC_REPRESENTATION_CONTEXT() REPRESENTATION_CONTEXT('2D SPACE',''
  ) );
#2410 = ADVANCED_FACE('',(#2411),#820,.T.);
#2411 = FACE_BOUND('',#2412,.T.);
#2412 = EDGE_LOOP('',(#2413,#2414,#2415,#2416));
#2413 = ORIENTED_EDGE('',*,*,#2242,.F.);
#2414 = ORIENTED_EDGE('',*,*,#674,.F.);
#2415 = ORIENTED_EDGE('',*,*,#1882,.T.);
#2416 = ORIENTED_EDGE('',*,*,#2417,.T.);
#2417 = EDGE_CURVE('',#1883,#2243,#2418,.T.);
#2418 = SURFACE_CURVE('',#2419,(#2476,#2536),.PCURVE_S1.);
#2419 = B_SPLINE_CURVE_WITH_KNOTS('',7,(#2420,#2421,#2422,#2423,#2424,
    #2425,#2426,#2427,#2428,#2429,#2430,#2431,#2432,#2433,#2434,#2435,
    #2436,#2437,#2438,#2439,#2440,#2441,#2442,#2443,#2444,#2445,#2446,
    #2447,#2448,#2449,#2450,#2451,#2452,#2453,#2454,#2455,#2456,#2457,
    #2458,#2459,#2460,#2461,#2462,#2463,#2464,#2465,#2466,#2467,#2468,
    #2469,#2470,#2471,#2472,#2473,#2474,#2475),.UNSPECIFIED.,.F.,.F.,(8,
    6,6,6,6,6,6,6,6,8),(0.,0.30051127739,0.483849013005,0.588074569408,
    0.648632132983,0.689616546144,0.762736060111,0.809900920568,
    0.882579843194,1.),.UNSPECIFIED.);
#2420 = CARTESIAN_POINT('',(-23.,-18.063857799,-67.));
#2421 = CARTESIAN_POINT('',(-23.,-18.0689798236,-61.23835184072));
#2422 = CARTESIAN_POINT('',(-23.,-17.99412813074,-55.47685136431));
#2423 = CARTESIAN_POINT('',(-23.,-17.85434918057,-49.71641265749));
#2424 = CARTESIAN_POINT('',(-23.,-17.66179140678,-43.95761432994));
#2425 = CARTESIAN_POINT('',(-23.,-17.42675749186,-38.20067048816));
#2426 = CARTESIAN_POINT('',(-23.,-17.15796253123,-32.44542224449));
#2427 = CARTESIAN_POINT('',(-23.,-16.68265384202,-23.18084306037));
#2428 = CARTESIAN_POINT('',(-23.,-16.49272532221,-19.67086260098));
#2429 = CARTESIAN_POINT('',(-23.,-16.2946418181,-16.1613294794));
#2430 = CARTESIAN_POINT('',(-23.,-16.08988771147,-12.65218209178));
#2431 = CARTESIAN_POINT('',(-23.,-15.87977426194,-9.143358296333));
#2432 = CARTESIAN_POINT('',(-23.,-15.66544430306,-5.634795150865));
#2433 = CARTESIAN_POINT('',(-23.,-15.32417705262,-0.131960416114));
#2434 = CARTESIAN_POINT('',(-23.,-15.19943755506,1.862443181935));
#2435 = CARTESIAN_POINT('',(-23.,-15.07382689903,3.856792150671));
#2436 = CARTESIAN_POINT('',(-23.,-14.94750535883,5.851096140311));
#2437 = CARTESIAN_POINT('',(-23.,-14.82061482581,7.845363850621));
#2438 = CARTESIAN_POINT('',(-23.,-14.6932782626,9.839602996184));
#2439 = CARTESIAN_POINT('',(-23.,-14.49141451571,12.992508635709));
#2440 = CARTESIAN_POINT('',(-23.,-14.41711419854,14.151189583378));
#2441 = CARTESIAN_POINT('',(-23.,-14.34271856543,15.309864408375));
#2442 = CARTESIAN_POINT('',(-23.,-14.26824564607,16.468534259116));
#2443 = CARTESIAN_POINT('',(-23.,-14.19371114018,17.627200138714));
#2444 = CARTESIAN_POINT('',(-23.,-14.11912841747,18.785862904986));
#2445 = CARTESIAN_POINT('',(-23.,-13.99400693499,20.728686508337));
#2446 = CARTESIAN_POINT('',(-23.,-13.94348830269,21.512848644273));
#2447 = CARTESIAN_POINT('',(-23.,-13.89295603165,22.297009897628));
#2448 = CARTESIAN_POINT('',(-23.,-13.84241300488,23.081170453894));
#2449 = CARTESIAN_POINT('',(-23.,-13.79186157745,23.865330464676));
#2450 = CARTESIAN_POINT('',(-23.,-13.7413035765,24.649490047697));
#2451 = CARTESIAN_POINT('',(-23.,-13.60053132126,26.832652908245));
#2452 = CARTESIAN_POINT('',(-23.,-13.51030540247,28.231655424607));
#2453 = CARTESIAN_POINT('',(-23.,-13.42007015303,29.630657326862));
#2454 = CARTESIAN_POINT('',(-23.,-13.32982726501,31.029658724128));
#2455 = CARTESIAN_POINT('',(-23.,-13.23957251453,32.428659343655));
#2456 = CARTESIAN_POINT('',(-23.,-13.14929576169,33.827658530828));
#2457 = CARTESIAN_POINT('',(-23.,-13.00072447114,36.129061206474));
#2458 = CARTESIAN_POINT('',(-23.,-12.94245208084,37.03146613095));
#2459 = CARTESIAN_POINT('',(-23.,-12.88415942505,37.9338697419));
#2460 = CARTESIAN_POINT('',(-23.,-12.82584099635,38.836271683094));
#2461 = CARTESIAN_POINT('',(-23.,-12.76749013447,39.738671522769));
#2462 = CARTESIAN_POINT('',(-23.,-12.70909902635,40.641068753628));
#2463 = CARTESIAN_POINT('',(-23.,-12.56060480848,42.934011305422));
#2464 = CARTESIAN_POINT('',(-23.,-12.4704340153,44.324552220625));
#2465 = CARTESIAN_POINT('',(-23.,-12.38011332998,45.715083413771));
#2466 = CARTESIAN_POINT('',(-23.,-12.28960296752,47.10560228368));
#2467 = CARTESIAN_POINT('',(-23.,-12.19885593406,48.496105725276));
#2468 = CARTESIAN_POINT('',(-23.,-12.10781760638,49.886590102199));
#2469 = CARTESIAN_POINT('',(-23.,-11.86877180745,53.523481910944));
#2470 = CARTESIAN_POINT('',(-23.,-11.7201946462,55.769851229836));
#2471 = CARTESIAN_POINT('',(-23.,-11.57042854964,58.016142289337));
#2472 = CARTESIAN_POINT('',(-23.,-11.41915491274,60.262333206618));
#2473 = CARTESIAN_POINT('',(-23.,-11.26599385139,62.508396562978));
#2474 = CARTESIAN_POINT('',(-23.,-11.11049625012,64.75429886405));
#2475 = CARTESIAN_POINT('',(-23.,-10.95213580993,67.));
#2476 = PCURVE('',#820,#2477);
#2477 = DEFINITIONAL_REPRESENTATION('',(#2478),#2535);
#2478 = B_SPLINE_CURVE_WITH_KNOTS('',7,(#2479,#2480,#2481,#2482,#2483,
    #2484,#2485,#2486,#2487,#2488,#2489,#2490,#2491,#2492,#2493,#2494,
    #2495,#2496,#2497,#2498,#2499,#2500,#2501,#2502,#2503,#2504,#2505,
    #2506,#2507,#2508,#2509,#2510,#2511,#2512,#2513,#2514,#2515,#2516,
    #2517,#2518,#2519,#2520,#2521,#2522,#2523,#2524,#2525,#2526,#2527,
    #2528,#2529,#2530,#2531,#2532,#2533,#2534),.UNSPECIFIED.,.F.,.F.,(8,
    6,6,6,6,6,6,6,6,8),(0.,0.30051127739,0.483849013005,0.588074569408,
    0.648632132983,0.689616546144,0.762736060111,0.809900920568,
    0.882579843194,1.),.UNSPECIFIED.);
#2479 = CARTESIAN_POINT('',(0.,-123.9361422009));
#2480 = CARTESIAN_POINT('',(5.761648159272,-123.9310201763));
#2481 = CARTESIAN_POINT('',(11.52314863569,-124.0058718692));
#2482 = CARTESIAN_POINT('',(17.283587342509,-124.1456508194));
#2483 = CARTESIAN_POINT('',(23.042385670057,-124.3382085932));
#2484 = CARTESIAN_POINT('',(28.79932951184,-124.5732425081));
#2485 = CARTESIAN_POINT('',(34.554577755508,-124.8420374687));
#2486 = CARTESIAN_POINT('',(43.819156939622,-125.3173461579));
#2487 = CARTESIAN_POINT('',(47.329137399019,-125.5072746777));
#2488 = CARTESIAN_POINT('',(50.8386705206,-125.7053581818));
#2489 = CARTESIAN_POINT('',(54.347817908216,-125.9101122885));
#2490 = CARTESIAN_POINT('',(57.856641703667,-126.120225738));
#2491 = CARTESIAN_POINT('',(61.365204849135,-126.3345556969));
#2492 = CARTESIAN_POINT('',(66.868039583886,-126.6758229473));
#2493 = CARTESIAN_POINT('',(68.862443181935,-126.8005624449));
#2494 = CARTESIAN_POINT('',(70.856792150671,-126.9261731009));
#2495 = CARTESIAN_POINT('',(72.851096140311,-127.0524946411));
#2496 = CARTESIAN_POINT('',(74.845363850621,-127.1793851741));
#2497 = CARTESIAN_POINT('',(76.839602996184,-127.3067217374));
#2498 = CARTESIAN_POINT('',(79.992508635709,-127.5085854842));
#2499 = CARTESIAN_POINT('',(81.151189583378,-127.5828858014));
#2500 = CARTESIAN_POINT('',(82.309864408375,-127.6572814345));
#2501 = CARTESIAN_POINT('',(83.468534259116,-127.7317543539));
#2502 = CARTESIAN_POINT('',(84.627200138714,-127.8062888598));
#2503 = CARTESIAN_POINT('',(85.785862904986,-127.8808715825));
#2504 = CARTESIAN_POINT('',(87.728686508337,-128.005993065));
#2505 = CARTESIAN_POINT('',(88.512848644273,-128.0565116973));
#2506 = CARTESIAN_POINT('',(89.297009897628,-128.1070439683));
#2507 = CARTESIAN_POINT('',(90.081170453894,-128.1575869951));
#2508 = CARTESIAN_POINT('',(90.865330464676,-128.2081384225));
#2509 = CARTESIAN_POINT('',(91.649490047697,-128.2586964234));
#2510 = CARTESIAN_POINT('',(93.832652908245,-128.3994686787));
#2511 = CARTESIAN_POINT('',(95.231655424607,-128.4896945975));
#2512 = CARTESIAN_POINT('',(96.630657326862,-128.5799298469));
#2513 = CARTESIAN_POINT('',(98.029658724128,-128.6701727349));
#2514 = CARTESIAN_POINT('',(99.428659343655,-128.7604274854));
#2515 = CARTESIAN_POINT('',(100.82765853082,-128.8507042383));
#2516 = CARTESIAN_POINT('',(103.12906120647,-128.9992755288));
#2517 = CARTESIAN_POINT('',(104.03146613095,-129.0575479191));
#2518 = CARTESIAN_POINT('',(104.9338697419,-129.1158405749));
#2519 = CARTESIAN_POINT('',(105.83627168309,-129.1741590036));
#2520 = CARTESIAN_POINT('',(106.73867152276,-129.2325098655));
#2521 = CARTESIAN_POINT('',(107.64106875362,-129.2909009736));
#2522 = CARTESIAN_POINT('',(109.93401130542,-129.4393951915));
#2523 = CARTESIAN_POINT('',(111.32455222062,-129.5295659846));
#2524 = CARTESIAN_POINT('',(112.71508341377,-129.61988667));
#2525 = CARTESIAN_POINT('',(114.10560228368,-129.7103970324));
#2526 = CARTESIAN_POINT('',(115.49610572527,-129.8011440659));
#2527 = CARTESIAN_POINT('',(116.88659010219,-129.8921823936));
#2528 = CARTESIAN_POINT('',(120.52348191094,-130.1312281925));
#2529 = CARTESIAN_POINT('',(122.76985122983,-130.2798053537));
#2530 = CARTESIAN_POINT('',(125.01614228933,-130.4295714503));
#2531 = CARTESIAN_POINT('',(127.26233320661,-130.5808450872));
#2532 = CARTESIAN_POINT('',(129.50839656297,-130.7340061486));
#2533 = CARTESIAN_POINT('',(131.75429886405,-130.8895037498));
#2534 = CARTESIAN_POINT('',(134.,-131.04786419));
#2535 = ( GEOMETRIC_REPRESENTATION_CONTEXT(2) 
PARAMETRIC_REPRESENTATION_CONTEXT() REPRESENTATION_CONTEXT('2D SPACE',''
  ) );
#2536 = PCURVE('',#1335,#2537);
#2537 = DEFINITIONAL_REPRESENTATION('',(#2538),#2595);
#2538 = B_SPLINE_CURVE_WITH_KNOTS('',7,(#2539,#2540,#2541,#2542,#2543,
    #2544,#2545,#2546,#2547,#2548,#2549,#2550,#2551,#2552,#2553,#2554,
    #2555,#2556,#2557,#2558,#2559,#2560,#2561,#2562,#2563,#2564,#2565,
    #2566,#2567,#2568,#2569,#2570,#2571,#2572,#2573,#2574,#2575,#2576,
    #2577,#2578,#2579,#2580,#2581,#2582,#2583,#2584,#2585,#2586,#2587,
    #2588,#2589,#2590,#2591,#2592,#2593,#2594),.UNSPECIFIED.,.F.,.F.,(8,
    6,6,6,6,6,6,6,6,8),(0.,0.30051127739,0.483849013005,0.588074569408,
    0.648632132983,0.689616546144,0.762736060111,0.809900920568,
    0.882579843194,1.),.UNSPECIFIED.);
#2539 = CARTESIAN_POINT('',(0.654168536586,0.272408658895));
#2540 = CARTESIAN_POINT('',(0.654188794856,0.292182552018));
#2541 = CARTESIAN_POINT('',(0.653892746479,0.311893481227));
#2542 = CARTESIAN_POINT('',(0.653340339627,0.33155905607));
#2543 = CARTESIAN_POINT('',(0.65256840308,0.351194932916));
#2544 = CARTESIAN_POINT('',(0.651605852073,0.370815560544));
#2545 = CARTESIAN_POINT('',(0.650475662884,0.390434495552));
#2546 = CARTESIAN_POINT('',(0.648417694995,0.422040622447));
#2547 = CARTESIAN_POINT('',(0.647582833851,0.434020548126));
#2548 = CARTESIAN_POINT('',(0.646697373308,0.44600706918));
#2549 = CARTESIAN_POINT('',(0.645765301175,0.458002616983));
#2550 = CARTESIAN_POINT('',(0.644790263773,0.470009356073));
#2551 = CARTESIAN_POINT('',(0.643775588853,0.482029186493));
#2552 = CARTESIAN_POINT('',(0.642126487607,0.500905249254));
#2553 = CARTESIAN_POINT('',(0.641516914643,0.507751514594));
#2554 = CARTESIAN_POINT('',(0.640896010724,0.514602826996));
#2555 = CARTESIAN_POINT('',(0.640264271379,0.52145945004));
#2556 = CARTESIAN_POINT('',(0.639622143143,0.52832161495));
#2557 = CARTESIAN_POINT('',(0.638970014395,0.535189519868));
#2558 = CARTESIAN_POINT('',(0.637923679654,0.54605717822));
#2559 = CARTESIAN_POINT('',(0.637535884834,0.550053020395));
#2560 = CARTESIAN_POINT('',(0.637144885691,0.554050887895));
#2561 = CARTESIAN_POINT('',(0.63675073676,0.558050808898));
#2562 = CARTESIAN_POINT('',(0.636353483147,0.562052807537));
#2563 = CARTESIAN_POINT('',(0.635953160535,0.566056903897));
#2564 = CARTESIAN_POINT('',(0.635276803808,0.572774454456));
#2565 = CARTESIAN_POINT('',(0.635002418407,0.575486763048));
#2566 = CARTESIAN_POINT('',(0.634726646935,0.578200044753));
#2567 = CARTESIAN_POINT('',(0.634449494744,0.580914303634));
#2568 = CARTESIAN_POINT('',(0.63417096458,0.583629542863));
#2569 = CARTESIAN_POINT('',(0.63389105658,0.586345764722));
#2570 = CARTESIAN_POINT('',(0.633107927147,0.59391068605));
#2571 = CARTESIAN_POINT('',(0.632601690079,0.598761533443));
#2572 = CARTESIAN_POINT('',(0.632091046898,0.603615520849));
#2573 = CARTESIAN_POINT('',(0.631575951684,0.608472646786));
#2574 = CARTESIAN_POINT('',(0.631056322762,0.613332900222));
#2575 = CARTESIAN_POINT('',(0.630532042711,0.618196260569));
#2576 = CARTESIAN_POINT('',(0.629661678879,0.626201734244));
#2577 = CARTESIAN_POINT('',(0.629318399174,0.629342050905));
#2578 = CARTESIAN_POINT('',(0.628973077395,0.632483639536));
#2579 = CARTESIAN_POINT('',(0.628625663313,0.635626490254));
#2580 = CARTESIAN_POINT('',(0.628276098323,0.638770591416));
#2581 = CARTESIAN_POINT('',(0.627924315438,0.641915929625));
#2582 = CARTESIAN_POINT('',(0.627024623924,0.649911196923));
#2583 = CARTESIAN_POINT('',(0.626473562437,0.654762805469));
#2584 = CARTESIAN_POINT('',(0.625916775708,0.659617259878));
#2585 = CARTESIAN_POINT('',(0.625353932442,0.664474494427));
#2586 = CARTESIAN_POINT('',(0.624784641555,0.66933443294));
#2587 = CARTESIAN_POINT('',(0.624208444558,0.674196988565));
#2588 = CARTESIAN_POINT('',(0.622681883897,0.68692208468));
#2589 = CARTESIAN_POINT('',(0.621719545609,0.6947886794));
#2590 = CARTESIAN_POINT('',(0.620735524553,0.702661438536));
#2591 = CARTESIAN_POINT('',(0.619727069478,0.710539874176));
#2592 = CARTESIAN_POINT('',(0.618690795816,0.718423417279));
#2593 = CARTESIAN_POINT('',(0.617622535091,0.726311415287));
#2594 = CARTESIAN_POINT('',(0.616517184336,0.73420312974));
#2595 = ( GEOMETRIC_REPRESENTATION_CONTEXT(2) 
PARAMETRIC_REPRESENTATION_CONTEXT() REPRESENTATION_CONTEXT('2D SPACE',''
  ) );
#2596 = ADVANCED_FACE('',(#2597,#2603),#1335,.F.);
#2597 = FACE_BOUND('',#2598,.F.);
#2598 = EDGE_LOOP('',(#2599,#2600,#2601,#2602));
#2599 = ORIENTED_EDGE('',*,*,#1297,.T.);
#2600 = ORIENTED_EDGE('',*,*,#1782,.T.);
#2601 = ORIENTED_EDGE('',*,*,#1833,.F.);
#2602 = ORIENTED_EDGE('',*,*,#1444,.F.);
#2603 = FACE_BOUND('',#2604,.F.);
#2604 = EDGE_LOOP('',(#2605,#2606,#2607,#2608));
#2605 = ORIENTED_EDGE('',*,*,#1929,.T.);
#2606 = ORIENTED_EDGE('',*,*,#2417,.T.);
#2607 = ORIENTED_EDGE('',*,*,#2267,.F.);
#2608 = ORIENTED_EDGE('',*,*,#2059,.F.);
#2609 = ( GEOMETRIC_REPRESENTATION_CONTEXT(3) 
GLOBAL_UNCERTAINTY_ASSIGNED_CONTEXT((#2613)) 
GLOBAL_UNIT_ASSIGNED_CONTEXT((#2610,#2611,#2612)) REPRESENTATION_CONTEXT
('Context #1','3D Context with UNIT and UNCERTAINTY') );
#2610 = ( LENGTH_UNIT() NAMED_UNIT(*) SI_UNIT(.MILLI.,.METRE.) );
#2611 = ( NAMED_UNIT(*) PLANE_ANGLE_UNIT() SI_UNIT($,.RADIAN.) );
#2612 = ( NAMED_UNIT(*) SI_UNIT($,.STERADIAN.) SOLID_ANGLE_UNIT() );
#2613 = UNCERTAINTY_MEASURE_WITH_UNIT(LENGTH_MEASURE(2.E-06),#2610,
  'distance_accuracy_value','confusion accuracy');
#2614 = PRODUCT_RELATED_PRODUCT_CATEGORY('part',$,(#7));
ENDSEC;
END-ISO-10303-21;
