ISO-10303-21;
HEADER;
FILE_DESCRIPTION(('Open CASCADE Model'),'2;1');
FILE_NAME('Open CASCADE Shape Model','2026-09-05T05:20:55',('Author'),(
    'Open CASCADE'),'Open CASCADE STEP processor 7.8','Open CASCADE 7.8'
  ,'Unknown');
FILE_SCHEMA(('AUTOMOTIVE_DESIGN { 1 0 10303 214 1 1 1 1 }'));
ENDSEC;
DATA;
#1 = APPLICATION_PROTOCOL_DEFINITION('international standard',
  'automotive_design',2000,#2);
#2 = APPLICATION_CONTEXT(
  'core data for automotive mechanical design processes');
#3 = SHAPE_DEFINITION_REPRESENTATION(#4,#10);
#4 = PRODUCT_DEFINITION_SHAPE('','',#5);
#5 = PRODUCT_DEFINITION('design','',#6,#9);
#6 = PRODUCT_DEFINITION_FORMATION('','',#7);
#7 = PRODUCT('Open CASCADE STEP translator 7.8 67',
  'Open CASCADE STEP translator 7.8 67','',(#8));
#8 = PRODUCT_CONTEXT('',#2,'mechanical');
#9 = PRODUCT_DEFINITION_CONTEXT('part definition',#2,'design');
#10 = ADVANCED_BREP_SHAPE_REPRESENTATION('',(#11,#15),#2153);
#11 = AXIS2_PLACEMENT_3D('',#12,#13,#14);
#12 = CARTESIAN_POINT('',(0.,0.,0.));
#13 = DIRECTION('',(0.,0.,1.));
#14 = DIRECTION('',(1.,0.,-0.));
#15 = MANIFOLD_SOLID_BREP('',#16);
#16 = CLOSED_SHELL('',(#17,#359,#679,#728,#777,#970,#1080,#1135,#1223,
    #1256,#1448,#1640,#1669,#1698,#1733,#1762,#1954,#2146));
#17 = ADVANCED_FACE('',(#18,#155),#31,.T.);
#18 = FACE_BOUND('',#19,.T.);
#19 = EDGE_LOOP('',(#20,#59,#95,#121));
#20 = ORIENTED_EDGE('',*,*,#21,.T.);
#21 = EDGE_CURVE('',#22,#24,#26,.T.);
#22 = VERTEX_POINT('',#23);
#23 = CARTESIAN_POINT('',(-33.696,-28.8,-79.));
#24 = VERTEX_POINT('',#25);
#25 = CARTESIAN_POINT('',(33.696,-28.8,-79.));
#26 = SURFACE_CURVE('',#27,(#30,#48),.PCURVE_S1.);
#27 = B_SPLINE_CURVE_WITH_KNOTS('',1,(#28,#29),.UNSPECIFIED.,.F.,.F.,(2,
    2),(0.,1.),.PIECEWISE_BEZIER_KNOTS.);
#28 = CARTESIAN_POINT('',(-33.696,-28.8,-79.));
#29 = CARTESIAN_POINT('',(33.696,-28.8,-79.));
#30 = PCURVE('',#31,#42);
#31 = ( BOUNDED_SURFACE() B_SPLINE_SURFACE(1,4,(
    (#32,#33,#34,#35,#36)
    ,(#37,#38,#39,#40,#41
)),.UNSPECIFIED.,.F.,.F.,.F.) B_SPLINE_SURFACE_WITH_KNOTS((2,2),(5,5),(
    0.,1.),(0.,1.),.PIECEWISE_BEZIER_KNOTS.) 
GEOMETRIC_REPRESENTATION_ITEM() RATIONAL_B_SPLINE_SURFACE((
    (1.,1.,1.,1.,1.)
,(1.,1.,1.,1.,1.))) REPRESENTATION_ITEM('') SURFACE() );
#32 = CARTESIAN_POINT('',(-33.696,-28.8,-79.));
#33 = CARTESIAN_POINT('',(-62.24873636705,-53.20404817696,
    -55.89428949229));
#34 = CARTESIAN_POINT('',(-61.26192134755,-52.36061653637,4.481661438521
    ));
#35 = CARTESIAN_POINT('',(-59.80129893929,-51.11222131563,
    43.275891913936));
#36 = CARTESIAN_POINT('',(-37.0656,-31.68,79.));
#37 = CARTESIAN_POINT('',(33.696,-28.8,-79.));
#38 = CARTESIAN_POINT('',(62.24873636705,-53.20404817696,-55.89428949229
    ));
#39 = CARTESIAN_POINT('',(61.261921347559,-52.36061653637,4.481661438521
    ));
#40 = CARTESIAN_POINT('',(59.801298939292,-51.11222131563,
    43.275891913936));
#41 = CARTESIAN_POINT('',(37.0656,-31.68,79.));
#42 = DEFINITIONAL_REPRESENTATION('',(#43),#47);
#43 = LINE('',#44,#45);
#44 = CARTESIAN_POINT('',(0.,0.));
#45 = VECTOR('',#46,1.);
#46 = DIRECTION('',(1.,0.));
#47 = ( GEOMETRIC_REPRESENTATION_CONTEXT(2) 
PARAMETRIC_REPRESENTATION_CONTEXT() REPRESENTATION_CONTEXT('2D SPACE',''
  ) );
#48 = PCURVE('',#49,#54);
#49 = PLANE('',#50);
#50 = AXIS2_PLACEMENT_3D('',#51,#52,#53);
#51 = CARTESIAN_POINT('',(-33.696,-28.8,-79.));
#52 = DIRECTION('',(0.,0.,1.));
#53 = DIRECTION('',(0.875189204101,0.483780794395,-0.));
#54 = DEFINITIONAL_REPRESENTATION('',(#55),#58);
#55 = B_SPLINE_CURVE_WITH_KNOTS('',1,(#56,#57),.UNSPECIFIED.,.F.,.F.,(2,
    2),(0.,1.),.PIECEWISE_BEZIER_KNOTS.);
#56 = CARTESIAN_POINT('',(0.,0.));
#57 = CARTESIAN_POINT('',(58.980750842742,-32.60295529589));
#58 = ( GEOMETRIC_REPRESENTATION_CONTEXT(2) 
PARAMETRIC_REPRESENTATION_CONTEXT() REPRESENTATION_CONTEXT('2D SPACE',''
  ) );
#59 = ORIENTED_EDGE('',*,*,#60,.T.);
#60 = EDGE_CURVE('',#24,#61,#63,.T.);
#61 = VERTEX_POINT('',#62);
#62 = CARTESIAN_POINT('',(37.0656,-31.68,79.));
#63 = SURFACE_CURVE('',#64,(#70,#77),.PCURVE_S1.);
#64 = ( BOUNDED_CURVE() B_SPLINE_CURVE(4,(#65,#66,#67,#68,#69),
.UNSPECIFIED.,.F.,.F.) B_SPLINE_CURVE_WITH_KNOTS((5,5),(0.,1.),
.PIECEWISE_BEZIER_KNOTS.) CURVE() GEOMETRIC_REPRESENTATION_ITEM() 
RATIONAL_B_SPLINE_CURVE((1.,1.,1.,1.,1.)) REPRESENTATION_ITEM('') );
#65 = CARTESIAN_POINT('',(33.696,-28.8,-79.));
#66 = CARTESIAN_POINT('',(62.24873636705,-53.20404817696,-55.89428949229
    ));
#67 = CARTESIAN_POINT('',(61.261921347559,-52.36061653637,4.481661438521
    ));
#68 = CARTESIAN_POINT('',(59.801298939292,-51.11222131563,
    43.275891913936));
#69 = CARTESIAN_POINT('',(37.0656,-31.68,79.));
#70 = PCURVE('',#31,#71);
#71 = DEFINITIONAL_REPRESENTATION('',(#72),#76);
#72 = LINE('',#73,#74);
#73 = CARTESIAN_POINT('',(1.,0.));
#74 = VECTOR('',#75,1.);
#75 = DIRECTION('',(0.,1.));
#76 = ( GEOMETRIC_REPRESENTATION_CONTEXT(2) 
PARAMETRIC_REPRESENTATION_CONTEXT() REPRESENTATION_CONTEXT('2D SPACE',''
  ) );
#77 = PCURVE('',#78,#89);
#78 = ( BOUNDED_SURFACE() B_SPLINE_SURFACE(1,4,(
    (#79,#80,#81,#82,#83)
    ,(#84,#85,#86,#87,#88
)),.UNSPECIFIED.,.F.,.F.,.F.) B_SPLINE_SURFACE_WITH_KNOTS((2,2),(5,5),(
    1.,2.),(0.,1.),.PIECEWISE_BEZIER_KNOTS.) 
GEOMETRIC_REPRESENTATION_ITEM() RATIONAL_B_SPLINE_SURFACE((
    (1.,1.,1.,1.,1.)
,(1.,1.,1.,1.,1.))) REPRESENTATION_ITEM('') SURFACE() );
#79 = CARTESIAN_POINT('',(33.696,-28.8,-79.));
#80 = CARTESIAN_POINT('',(62.24873636705,-53.20404817696,-55.89428949229
    ));
#81 = CARTESIAN_POINT('',(61.261921347559,-52.36061653637,4.481661438521
    ));
#82 = CARTESIAN_POINT('',(59.801298939292,-51.11222131563,
    43.275891913936));
#83 = CARTESIAN_POINT('',(37.0656,-31.68,79.));
#84 = CARTESIAN_POINT('',(46.8,-15.696,-79.));
#85 = CARTESIAN_POINT('',(86.45657828757,-28.99620625644,-55.89428949229
    ));
#86 = CARTESIAN_POINT('',(85.08600187161,-28.53653601232,4.481661438521)
  );
#87 = CARTESIAN_POINT('',(83.057359637905,-27.85616061702,
    43.275891913936));
#88 = CARTESIAN_POINT('',(51.48,-17.2656,79.));
#89 = DEFINITIONAL_REPRESENTATION('',(#90),#94);
#90 = LINE('',#91,#92);
#91 = CARTESIAN_POINT('',(1.,0.));
#92 = VECTOR('',#93,1.);
#93 = DIRECTION('',(0.,1.));
#94 = ( GEOMETRIC_REPRESENTATION_CONTEXT(2) 
PARAMETRIC_REPRESENTATION_CONTEXT() REPRESENTATION_CONTEXT('2D SPACE',''
  ) );
#95 = ORIENTED_EDGE('',*,*,#96,.F.);
#96 = EDGE_CURVE('',#97,#61,#99,.T.);
#97 = VERTEX_POINT('',#98);
#98 = CARTESIAN_POINT('',(-37.0656,-31.68,79.));
#99 = SURFACE_CURVE('',#100,(#103,#110),.PCURVE_S1.);
#100 = B_SPLINE_CURVE_WITH_KNOTS('',1,(#101,#102),.UNSPECIFIED.,.F.,.F.,
  (2,2),(0.,1.),.PIECEWISE_BEZIER_KNOTS.);
#101 = CARTESIAN_POINT('',(-37.0656,-31.68,79.));
#102 = CARTESIAN_POINT('',(37.0656,-31.68,79.));
#103 = PCURVE('',#31,#104);
#104 = DEFINITIONAL_REPRESENTATION('',(#105),#109);
#105 = LINE('',#106,#107);
#106 = CARTESIAN_POINT('',(0.,1.));
#107 = VECTOR('',#108,1.);
#108 = DIRECTION('',(1.,0.));
#109 = ( GEOMETRIC_REPRESENTATION_CONTEXT(2) 
PARAMETRIC_REPRESENTATION_CONTEXT() REPRESENTATION_CONTEXT('2D SPACE',''
  ) );
#110 = PCURVE('',#111,#116);
#111 = PLANE('',#112);
#112 = AXIS2_PLACEMENT_3D('',#113,#114,#115);
#113 = CARTESIAN_POINT('',(-37.0656,-31.68,79.));
#114 = DIRECTION('',(0.,0.,1.));
#115 = DIRECTION('',(0.875189204101,0.483780794395,-0.));
#116 = DEFINITIONAL_REPRESENTATION('',(#117),#120);
#117 = B_SPLINE_CURVE_WITH_KNOTS('',1,(#118,#119),.UNSPECIFIED.,.F.,.F.,
  (2,2),(0.,1.),.PIECEWISE_BEZIER_KNOTS.);
#118 = CARTESIAN_POINT('',(0.,0.));
#119 = CARTESIAN_POINT('',(64.878825927016,-35.86325082548));
#120 = ( GEOMETRIC_REPRESENTATION_CONTEXT(2) 
PARAMETRIC_REPRESENTATION_CONTEXT() REPRESENTATION_CONTEXT('2D SPACE',''
  ) );
#121 = ORIENTED_EDGE('',*,*,#122,.F.);
#122 = EDGE_CURVE('',#22,#97,#123,.T.);
#123 = SURFACE_CURVE('',#124,(#130,#137),.PCURVE_S1.);
#124 = ( BOUNDED_CURVE() B_SPLINE_CURVE(4,(#125,#126,#127,#128,#129),
.UNSPECIFIED.,.F.,.F.) B_SPLINE_CURVE_WITH_KNOTS((5,5),(0.,1.),
.PIECEWISE_BEZIER_KNOTS.) CURVE() GEOMETRIC_REPRESENTATION_ITEM() 
RATIONAL_B_SPLINE_CURVE((1.,1.,1.,1.,1.)) REPRESENTATION_ITEM('') );
#125 = CARTESIAN_POINT('',(-33.696,-28.8,-79.));
#126 = CARTESIAN_POINT('',(-62.24873636705,-53.20404817696,
    -55.89428949229));
#127 = CARTESIAN_POINT('',(-61.26192134755,-52.36061653637,
    4.481661438521));
#128 = CARTESIAN_POINT('',(-59.80129893929,-51.11222131563,
    43.275891913936));
#129 = CARTESIAN_POINT('',(-37.0656,-31.68,79.));
#130 = PCURVE('',#31,#131);
#131 = DEFINITIONAL_REPRESENTATION('',(#132),#136);
#132 = LINE('',#133,#134);
#133 = CARTESIAN_POINT('',(0.,0.));
#134 = VECTOR('',#135,1.);
#135 = DIRECTION('',(0.,1.));
#136 = ( GEOMETRIC_REPRESENTATION_CONTEXT(2) 
PARAMETRIC_REPRESENTATION_CONTEXT() REPRESENTATION_CONTEXT('2D SPACE',''
  ) );
#137 = PCURVE('',#138,#149);
#138 = ( BOUNDED_SURFACE() B_SPLINE_SURFACE(1,4,(
    (#139,#140,#141,#142,#143)
    ,(#144,#145,#146,#147,#148
)),.UNSPECIFIED.,.F.,.F.,.F.) B_SPLINE_SURFACE_WITH_KNOTS((2,2),(5,5),(
    7.,8.),(0.,1.),.PIECEWISE_BEZIER_KNOTS.) 
GEOMETRIC_REPRESENTATION_ITEM() RATIONAL_B_SPLINE_SURFACE((
    (1.,1.,1.,1.,1.)
,(1.,1.,1.,1.,1.))) REPRESENTATION_ITEM('') SURFACE() );
#139 = CARTESIAN_POINT('',(-46.8,-15.696,-79.));
#140 = CARTESIAN_POINT('',(-86.45657828757,-28.99620625644,
    -55.89428949229));
#141 = CARTESIAN_POINT('',(-85.08600187161,-28.53653601232,
    4.481661438521));
#142 = CARTESIAN_POINT('',(-83.0573596379,-27.85616061702,
    43.275891913936));
#143 = CARTESIAN_POINT('',(-51.48,-17.2656,79.));
#144 = CARTESIAN_POINT('',(-33.696,-28.8,-79.));
#145 = CARTESIAN_POINT('',(-62.24873636705,-53.20404817696,
    -55.89428949229));
#146 = CARTESIAN_POINT('',(-61.26192134755,-52.36061653637,
    4.481661438521));
#147 = CARTESIAN_POINT('',(-59.80129893929,-51.11222131563,
    43.275891913936));
#148 = CARTESIAN_POINT('',(-37.0656,-31.68,79.));
#149 = DEFINITIONAL_REPRESENTATION('',(#150),#154);
#150 = LINE('',#151,#152);
#151 = CARTESIAN_POINT('',(8.,0.));
#152 = VECTOR('',#153,1.);
#153 = DIRECTION('',(0.,1.));
#154 = ( GEOMETRIC_REPRESENTATION_CONTEXT(2) 
PARAMETRIC_REPRESENTATION_CONTEXT() REPRESENTATION_CONTEXT('2D SPACE',''
  ) );
#155 = FACE_BOUND('',#156,.T.);
#156 = EDGE_LOOP('',(#157,#226,#260,#327));
#157 = ORIENTED_EDGE('',*,*,#158,.F.);
#158 = EDGE_CURVE('',#159,#161,#163,.T.);
#159 = VERTEX_POINT('',#160);
#160 = CARTESIAN_POINT('',(-46.,-44.17259542405,46.));
#161 = VERTEX_POINT('',#162);
#162 = CARTESIAN_POINT('',(-46.,-48.66312772842,-22.));
#163 = SURFACE_CURVE('',#164,(#181,#201),.PCURVE_S1.);
#164 = B_SPLINE_CURVE_WITH_KNOTS('',8,(#165,#166,#167,#168,#169,#170,
    #171,#172,#173,#174,#175,#176,#177,#178,#179,#180),.UNSPECIFIED.,.F.
  ,.F.,(9,7,9),(0.,0.670609100296,1.),.UNSPECIFIED.);
#165 = CARTESIAN_POINT('',(-46.,-44.17259542405,46.));
#166 = CARTESIAN_POINT('',(-46.,-45.51587721346,40.422845524208));
#167 = CARTESIAN_POINT('',(-46.,-46.63045082635,34.792905743437));
#168 = CARTESIAN_POINT('',(-46.,-47.53711959202,29.123566788142));
#169 = CARTESIAN_POINT('',(-46.,-48.25568669733,23.426515847956));
#170 = CARTESIAN_POINT('',(-46.,-48.80122684542,17.71121764228));
#171 = CARTESIAN_POINT('',(-46.,-49.18411522622,11.98488524402));
#172 = CARTESIAN_POINT('',(-46.,-49.41000210752,6.252469832173));
#173 = CARTESIAN_POINT('',(-46.,-49.51248908743,-2.30080534427));
#174 = CARTESIAN_POINT('',(-46.,-49.5083255025,-5.118568863788));
#175 = CARTESIAN_POINT('',(-46.,-49.46624196632,-7.936212947157));
#176 = CARTESIAN_POINT('',(-46.,-49.38590862504,-10.75315865259));
#177 = CARTESIAN_POINT('',(-46.,-49.26666577421,-13.5687601545));
#178 = CARTESIAN_POINT('',(-46.,-49.10749549359,-16.38230341604));
#179 = CARTESIAN_POINT('',(-46.,-48.90696300147,-19.19300342597));
#180 = CARTESIAN_POINT('',(-46.,-48.66312772842,-22.));
#181 = PCURVE('',#31,#182);
#182 = DEFINITIONAL_REPRESENTATION('',(#183),#200);
#183 = B_SPLINE_CURVE_WITH_KNOTS('',8,(#184,#185,#186,#187,#188,#189,
    #190,#191,#192,#193,#194,#195,#196,#197,#198,#199),.UNSPECIFIED.,.F.
  ,.F.,(9,7,9),(0.,0.670609100296,1.),.UNSPECIFIED.);
#184 = CARTESIAN_POINT('',(5.497023732925E-02,0.779596127586));
#185 = CARTESIAN_POINT('',(6.850352352633E-02,0.744407752766));
#186 = CARTESIAN_POINT('',(7.879201717943E-02,0.709686890407));
#187 = CARTESIAN_POINT('',(8.671970646569E-02,0.675495530719));
#188 = CARTESIAN_POINT('',(9.27624672845E-02,0.641831923472));
#189 = CARTESIAN_POINT('',(9.723628312745E-02,0.608651712864));
#190 = CARTESIAN_POINT('',(0.100328046983,0.57588423444));
#191 = CARTESIAN_POINT('',(0.1021436776,0.543435435177));
#192 = CARTESIAN_POINT('',(0.102966627825,0.495340003651));
#193 = CARTESIAN_POINT('',(0.102932763398,0.479547508885));
#194 = CARTESIAN_POINT('',(0.102595679865,0.463791254423));
#195 = CARTESIAN_POINT('',(0.101951708762,0.448057182487));
#196 = CARTESIAN_POINT('',(0.100992066548,0.432330514484));
#197 = CARTESIAN_POINT('',(9.970228334135E-02,0.416595451767));
#198 = CARTESIAN_POINT('',(9.806078935713E-02,0.400834702599));
#199 = CARTESIAN_POINT('',(9.60366590527E-02,0.385028835287));
#200 = ( GEOMETRIC_REPRESENTATION_CONTEXT(2) 
PARAMETRIC_REPRESENTATION_CONTEXT() REPRESENTATION_CONTEXT('2D SPACE',''
  ) );
#201 = PCURVE('',#202,#207);
#202 = PLANE('',#203);
#203 = AXIS2_PLACEMENT_3D('',#204,#205,#206);
#204 = CARTESIAN_POINT('',(-46.,-142.,-22.));
#205 = DIRECTION('',(1.,0.,0.));
#206 = DIRECTION('',(0.,0.,1.));
#207 = DEFINITIONAL_REPRESENTATION('',(#208),#225);
#208 = B_SPLINE_CURVE_WITH_KNOTS('',8,(#209,#210,#211,#212,#213,#214,
    #215,#216,#217,#218,#219,#220,#221,#222,#223,#224),.UNSPECIFIED.,.F.
  ,.F.,(9,7,9),(0.,0.670609100296,1.),.UNSPECIFIED.);
#209 = CARTESIAN_POINT('',(68.,-97.82740457594));
#210 = CARTESIAN_POINT('',(62.422845524208,-96.48412278653));
#211 = CARTESIAN_POINT('',(56.792905743437,-95.36954917364));
#212 = CARTESIAN_POINT('',(51.123566788142,-94.46288040797));
#213 = CARTESIAN_POINT('',(45.426515847956,-93.74431330266));
#214 = CARTESIAN_POINT('',(39.71121764228,-93.19877315457));
#215 = CARTESIAN_POINT('',(33.98488524402,-92.81588477377));
#216 = CARTESIAN_POINT('',(28.252469832173,-92.58999789247));
#217 = CARTESIAN_POINT('',(19.69919465573,-92.48751091256));
#218 = CARTESIAN_POINT('',(16.881431136212,-92.49167449749));
#219 = CARTESIAN_POINT('',(14.063787052843,-92.53375803367));
#220 = CARTESIAN_POINT('',(11.24684134741,-92.61409137495));
#221 = CARTESIAN_POINT('',(8.431239845492,-92.73333422579));
#222 = CARTESIAN_POINT('',(5.617696583951,-92.8925045064));
#223 = CARTESIAN_POINT('',(2.806996574024,-93.09303699852));
#224 = CARTESIAN_POINT('',(0.,-93.33687227157));
#225 = ( GEOMETRIC_REPRESENTATION_CONTEXT(2) 
PARAMETRIC_REPRESENTATION_CONTEXT() REPRESENTATION_CONTEXT('2D SPACE',''
  ) );
#226 = ORIENTED_EDGE('',*,*,#227,.F.);
#227 = EDGE_CURVE('',#228,#159,#230,.T.);
#228 = VERTEX_POINT('',#229);
#229 = CARTESIAN_POINT('',(46.,-44.17259542405,46.));
#230 = SURFACE_CURVE('',#231,(#237,#246),.PCURVE_S1.);
#231 = B_SPLINE_CURVE_WITH_KNOTS('',4,(#232,#233,#234,#235,#236),
  .UNSPECIFIED.,.F.,.F.,(5,5),(0.,1.),.PIECEWISE_BEZIER_KNOTS.);
#232 = CARTESIAN_POINT('',(46.,-44.17259542405,46.));
#233 = CARTESIAN_POINT('',(23.,-44.17259542405,46.));
#234 = CARTESIAN_POINT('',(1.563194018672E-13,-44.17259542405,46.));
#235 = CARTESIAN_POINT('',(-23.,-44.17259542405,46.));
#236 = CARTESIAN_POINT('',(-46.,-44.17259542405,46.));
#237 = PCURVE('',#31,#238);
#238 = DEFINITIONAL_REPRESENTATION('',(#239),#245);
#239 = B_SPLINE_CURVE_WITH_KNOTS('',4,(#240,#241,#242,#243,#244),
  .UNSPECIFIED.,.F.,.F.,(5,5),(0.,1.),.PIECEWISE_BEZIER_KNOTS.);
#240 = CARTESIAN_POINT('',(0.945029762671,0.779596127586));
#241 = CARTESIAN_POINT('',(0.722514881335,0.779596127586));
#242 = CARTESIAN_POINT('',(0.5,0.779596127586));
#243 = CARTESIAN_POINT('',(0.277485118665,0.779596127586));
#244 = CARTESIAN_POINT('',(5.497023732925E-02,0.779596127586));
#245 = ( GEOMETRIC_REPRESENTATION_CONTEXT(2) 
PARAMETRIC_REPRESENTATION_CONTEXT() REPRESENTATION_CONTEXT('2D SPACE',''
  ) );
#246 = PCURVE('',#247,#252);
#247 = PLANE('',#248);
#248 = AXIS2_PLACEMENT_3D('',#249,#250,#251);
#249 = CARTESIAN_POINT('',(-46.,-142.,46.));
#250 = DIRECTION('',(0.,0.,1.));
#251 = DIRECTION('',(1.,0.,0.));
#252 = DEFINITIONAL_REPRESENTATION('',(#253),#259);
#253 = B_SPLINE_CURVE_WITH_KNOTS('',4,(#254,#255,#256,#257,#258),
  .UNSPECIFIED.,.F.,.F.,(5,5),(0.,1.),.PIECEWISE_BEZIER_KNOTS.);
#254 = CARTESIAN_POINT('',(92.,97.827404575942));
#255 = CARTESIAN_POINT('',(69.,97.827404575942));
#256 = CARTESIAN_POINT('',(46.,97.827404575942));
#257 = CARTESIAN_POINT('',(23.,97.827404575942));
#258 = CARTESIAN_POINT('',(0.,97.827404575942));
#259 = ( GEOMETRIC_REPRESENTATION_CONTEXT(2) 
PARAMETRIC_REPRESENTATION_CONTEXT() REPRESENTATION_CONTEXT('2D SPACE',''
  ) );
#260 = ORIENTED_EDGE('',*,*,#261,.F.);
#261 = EDGE_CURVE('',#262,#228,#264,.T.);
#262 = VERTEX_POINT('',#263);
#263 = CARTESIAN_POINT('',(46.,-48.66312772842,-22.));
#264 = SURFACE_CURVE('',#265,(#282,#302),.PCURVE_S1.);
#265 = B_SPLINE_CURVE_WITH_KNOTS('',8,(#266,#267,#268,#269,#270,#271,
    #272,#273,#274,#275,#276,#277,#278,#279,#280,#281),.UNSPECIFIED.,.F.
  ,.F.,(9,7,9),(0.,0.513215870619,1.),.UNSPECIFIED.);
#266 = CARTESIAN_POINT('',(46.,-48.66312772842,-22.));
#267 = CARTESIAN_POINT('',(46.,-49.04302550208,-17.62667149918));
#268 = CARTESIAN_POINT('',(46.,-49.31778203677,-13.24466432612));
#269 = CARTESIAN_POINT('',(46.,-49.49480558512,-8.85684534972));
#270 = CARTESIAN_POINT('',(46.,-49.57840637817,-4.465873470556));
#271 = CARTESIAN_POINT('',(46.,-49.57081191535,-7.422620299553E-02));
#272 = CARTESIAN_POINT('',(46.,-49.47237348304,4.315792614449));
#273 = CARTESIAN_POINT('',(46.,-49.28166793865,8.702043704845));
#274 = CARTESIAN_POINT('',(46.,-48.72390016911,17.237450580601));
#275 = CARTESIAN_POINT('',(46.,-48.36647805196,21.386392064253));
#276 = CARTESIAN_POINT('',(46.,-47.92040834476,25.5276449159));
#277 = CARTESIAN_POINT('',(46.,-47.38151959367,29.658630800622));
#278 = CARTESIAN_POINT('',(46.,-46.74436085954,33.775946401156));
#279 = CARTESIAN_POINT('',(46.,-46.00225825477,37.875374887399));
#280 = CARTESIAN_POINT('',(46.,-45.14758993035,41.951932783197));
#281 = CARTESIAN_POINT('',(46.,-44.17259542405,46.));
#282 = PCURVE('',#31,#283);
#283 = DEFINITIONAL_REPRESENTATION('',(#284),#301);
#284 = B_SPLINE_CURVE_WITH_KNOTS('',8,(#285,#286,#287,#288,#289,#290,
    #291,#292,#293,#294,#295,#296,#297,#298,#299,#300),.UNSPECIFIED.,.F.
  ,.F.,(9,7,9),(0.,0.513215870619,1.),.UNSPECIFIED.);
#285 = CARTESIAN_POINT('',(0.903963340947,0.385028835287));
#286 = CARTESIAN_POINT('',(0.900809725859,0.409654533314));
#287 = CARTESIAN_POINT('',(0.8985851802,0.434168952325));
#288 = CARTESIAN_POINT('',(0.897171971818,0.458647855374));
#289 = CARTESIAN_POINT('',(0.896509354612,0.483152681126));
#290 = CARTESIAN_POINT('',(0.896568328848,0.507737649183));
#291 = CARTESIAN_POINT('',(0.897349149927,0.532451855934));
#292 = CARTESIAN_POINT('',(0.898879531807,0.557340917667));
#293 = CARTESIAN_POINT('',(0.903447094841,0.606259654638));
#294 = CARTESIAN_POINT('',(0.906402143942,0.630263037561));
#295 = CARTESIAN_POINT('',(0.910143331924,0.654492372145));
#296 = CARTESIAN_POINT('',(0.914753007092,0.678974381408));
#297 = CARTESIAN_POINT('',(0.920348858691,0.703726881635));
#298 = CARTESIAN_POINT('',(0.927091807982,0.728756554187));
#299 = CARTESIAN_POINT('',(0.935206894678,0.754055342022));
#300 = CARTESIAN_POINT('',(0.945029762671,0.779596127586));
#301 = ( GEOMETRIC_REPRESENTATION_CONTEXT(2) 
PARAMETRIC_REPRESENTATION_CONTEXT() REPRESENTATION_CONTEXT('2D SPACE',''
  ) );
#302 = PCURVE('',#303,#308);
#303 = PLANE('',#304);
#304 = AXIS2_PLACEMENT_3D('',#305,#306,#307);
#305 = CARTESIAN_POINT('',(46.,-142.,-22.));
#306 = DIRECTION('',(1.,0.,0.));
#307 = DIRECTION('',(0.,0.,1.));
#308 = DEFINITIONAL_REPRESENTATION('',(#309),#326);
#309 = B_SPLINE_CURVE_WITH_KNOTS('',8,(#310,#311,#312,#313,#314,#315,
    #316,#317,#318,#319,#320,#321,#322,#323,#324,#325),.UNSPECIFIED.,.F.
  ,.F.,(9,7,9),(0.,0.513215870619,1.),.UNSPECIFIED.);
#310 = CARTESIAN_POINT('',(0.,-93.33687227157));
#311 = CARTESIAN_POINT('',(4.37332850082,-92.95697449791));
#312 = CARTESIAN_POINT('',(8.755335673877,-92.68221796322));
#313 = CARTESIAN_POINT('',(13.14315465028,-92.50519441487));
#314 = CARTESIAN_POINT('',(17.534126529444,-92.42159362182));
#315 = CARTESIAN_POINT('',(21.925773797004,-92.42918808464));
#316 = CARTESIAN_POINT('',(26.315792614449,-92.52762651695));
#317 = CARTESIAN_POINT('',(30.702043704845,-92.71833206134));
#318 = CARTESIAN_POINT('',(39.237450580601,-93.27609983088));
#319 = CARTESIAN_POINT('',(43.386392064253,-93.63352194803));
#320 = CARTESIAN_POINT('',(47.5276449159,-94.07959165523));
#321 = CARTESIAN_POINT('',(51.658630800622,-94.61848040632));
#322 = CARTESIAN_POINT('',(55.775946401156,-95.25563914045));
#323 = CARTESIAN_POINT('',(59.875374887399,-95.99774174522));
#324 = CARTESIAN_POINT('',(63.951932783197,-96.85241006964));
#325 = CARTESIAN_POINT('',(68.,-97.82740457594));
#326 = ( GEOMETRIC_REPRESENTATION_CONTEXT(2) 
PARAMETRIC_REPRESENTATION_CONTEXT() REPRESENTATION_CONTEXT('2D SPACE',''
  ) );
#327 = ORIENTED_EDGE('',*,*,#328,.T.);
#328 = EDGE_CURVE('',#262,#161,#329,.T.);
#329 = SURFACE_CURVE('',#330,(#336,#345),.PCURVE_S1.);
#330 = B_SPLINE_CURVE_WITH_KNOTS('',4,(#331,#332,#333,#334,#335),
  .UNSPECIFIED.,.F.,.F.,(5,5),(0.,1.),.PIECEWISE_BEZIER_KNOTS.);
#331 = CARTESIAN_POINT('',(46.,-48.66312772842,-22.));
#332 = CARTESIAN_POINT('',(23.,-48.66312772842,-22.));
#333 = CARTESIAN_POINT('',(4.760636329593E-13,-48.66312772842,-22.));
#334 = CARTESIAN_POINT('',(-23.,-48.66312772842,-22.));
#335 = CARTESIAN_POINT('',(-46.,-48.66312772842,-22.));
#336 = PCURVE('',#31,#337);
#337 = DEFINITIONAL_REPRESENTATION('',(#338),#344);
#338 = B_SPLINE_CURVE_WITH_KNOTS('',4,(#339,#340,#341,#342,#343),
  .UNSPECIFIED.,.F.,.F.,(5,5),(0.,1.),.PIECEWISE_BEZIER_KNOTS.);
#339 = CARTESIAN_POINT('',(0.903963340947,0.385028835287));
#340 = CARTESIAN_POINT('',(0.701981670474,0.385028835287));
#341 = CARTESIAN_POINT('',(0.5,0.385028835287));
#342 = CARTESIAN_POINT('',(0.298018329526,0.385028835287));
#343 = CARTESIAN_POINT('',(9.60366590527E-02,0.385028835287));
#344 = ( GEOMETRIC_REPRESENTATION_CONTEXT(2) 
PARAMETRIC_REPRESENTATION_CONTEXT() REPRESENTATION_CONTEXT('2D SPACE',''
  ) );
#345 = PCURVE('',#346,#351);
#346 = PLANE('',#347);
#347 = AXIS2_PLACEMENT_3D('',#348,#349,#350);
#348 = CARTESIAN_POINT('',(-46.,-142.,-22.));
#349 = DIRECTION('',(0.,0.,1.));
#350 = DIRECTION('',(1.,0.,0.));
#351 = DEFINITIONAL_REPRESENTATION('',(#352),#358);
#352 = B_SPLINE_CURVE_WITH_KNOTS('',4,(#353,#354,#355,#356,#357),
  .UNSPECIFIED.,.F.,.F.,(5,5),(0.,1.),.PIECEWISE_BEZIER_KNOTS.);
#353 = CARTESIAN_POINT('',(92.,93.336872271575));
#354 = CARTESIAN_POINT('',(69.,93.336872271575));
#355 = CARTESIAN_POINT('',(46.,93.336872271575));
#356 = CARTESIAN_POINT('',(23.,93.336872271575));
#357 = CARTESIAN_POINT('',(0.,93.336872271575));
#358 = ( GEOMETRIC_REPRESENTATION_CONTEXT(2) 
PARAMETRIC_REPRESENTATION_CONTEXT() REPRESENTATION_CONTEXT('2D SPACE',''
  ) );
#359 = ADVANCED_FACE('',(#360),#49,.F.);
#360 = FACE_BOUND('',#361,.F.);
#361 = EDGE_LOOP('',(#362,#383,#384,#405,#437,#463,#495,#527,#559,#591,
    #623,#649));
#362 = ORIENTED_EDGE('',*,*,#363,.T.);
#363 = EDGE_CURVE('',#364,#22,#366,.T.);
#364 = VERTEX_POINT('',#365);
#365 = CARTESIAN_POINT('',(-46.8,-15.696,-79.));
#366 = SURFACE_CURVE('',#367,(#370,#376),.PCURVE_S1.);
#367 = B_SPLINE_CURVE_WITH_KNOTS('',1,(#368,#369),.UNSPECIFIED.,.F.,.F.,
  (2,2),(7.,8.),.PIECEWISE_BEZIER_KNOTS.);
#368 = CARTESIAN_POINT('',(-46.8,-15.696,-79.));
#369 = CARTESIAN_POINT('',(-33.696,-28.8,-79.));
#370 = PCURVE('',#49,#371);
#371 = DEFINITIONAL_REPRESENTATION('',(#372),#375);
#372 = B_SPLINE_CURVE_WITH_KNOTS('',1,(#373,#374),.UNSPECIFIED.,.F.,.F.,
  (2,2),(7.,8.),.PIECEWISE_BEZIER_KNOTS.);
#373 = CARTESIAN_POINT('',(-5.129015800775,17.807942860291));
#374 = CARTESIAN_POINT('',(0.,0.));
#375 = ( GEOMETRIC_REPRESENTATION_CONTEXT(2) 
PARAMETRIC_REPRESENTATION_CONTEXT() REPRESENTATION_CONTEXT('2D SPACE',''
  ) );
#376 = PCURVE('',#138,#377);
#377 = DEFINITIONAL_REPRESENTATION('',(#378),#382);
#378 = LINE('',#379,#380);
#379 = CARTESIAN_POINT('',(0.,0.));
#380 = VECTOR('',#381,1.);
#381 = DIRECTION('',(1.,0.));
#382 = ( GEOMETRIC_REPRESENTATION_CONTEXT(2) 
PARAMETRIC_REPRESENTATION_CONTEXT() REPRESENTATION_CONTEXT('2D SPACE',''
  ) );
#383 = ORIENTED_EDGE('',*,*,#21,.T.);
#384 = ORIENTED_EDGE('',*,*,#385,.T.);
#385 = EDGE_CURVE('',#24,#386,#388,.T.);
#386 = VERTEX_POINT('',#387);
#387 = CARTESIAN_POINT('',(46.8,-15.696,-79.));
#388 = SURFACE_CURVE('',#389,(#392,#398),.PCURVE_S1.);
#389 = B_SPLINE_CURVE_WITH_KNOTS('',1,(#390,#391),.UNSPECIFIED.,.F.,.F.,
  (2,2),(1.,2.),.PIECEWISE_BEZIER_KNOTS.);
#390 = CARTESIAN_POINT('',(33.696,-28.8,-79.));
#391 = CARTESIAN_POINT('',(46.8,-15.696,-79.));
#392 = PCURVE('',#49,#393);
#393 = DEFINITIONAL_REPRESENTATION('',(#394),#397);
#394 = B_SPLINE_CURVE_WITH_KNOTS('',1,(#395,#396),.UNSPECIFIED.,.F.,.F.,
  (2,2),(1.,2.),.PIECEWISE_BEZIER_KNOTS.);
#395 = CARTESIAN_POINT('',(58.980750842742,-32.60295529589));
#396 = CARTESIAN_POINT('',(76.788693703033,-27.47393949512));
#397 = ( GEOMETRIC_REPRESENTATION_CONTEXT(2) 
PARAMETRIC_REPRESENTATION_CONTEXT() REPRESENTATION_CONTEXT('2D SPACE',''
  ) );
#398 = PCURVE('',#78,#399);
#399 = DEFINITIONAL_REPRESENTATION('',(#400),#404);
#400 = LINE('',#401,#402);
#401 = CARTESIAN_POINT('',(0.,0.));
#402 = VECTOR('',#403,1.);
#403 = DIRECTION('',(1.,0.));
#404 = ( GEOMETRIC_REPRESENTATION_CONTEXT(2) 
PARAMETRIC_REPRESENTATION_CONTEXT() REPRESENTATION_CONTEXT('2D SPACE',''
  ) );
#405 = ORIENTED_EDGE('',*,*,#406,.T.);
#406 = EDGE_CURVE('',#386,#407,#409,.T.);
#407 = VERTEX_POINT('',#408);
#408 = CARTESIAN_POINT('',(46.8,0.,-79.));
#409 = SURFACE_CURVE('',#410,(#413,#419),.PCURVE_S1.);
#410 = B_SPLINE_CURVE_WITH_KNOTS('',1,(#411,#412),.UNSPECIFIED.,.F.,.F.,
  (2,2),(2.,3.),.PIECEWISE_BEZIER_KNOTS.);
#411 = CARTESIAN_POINT('',(46.8,-15.696,-79.));
#412 = CARTESIAN_POINT('',(46.8,15.696,-79.));
#413 = PCURVE('',#49,#414);
#414 = DEFINITIONAL_REPRESENTATION('',(#415),#418);
#415 = B_SPLINE_CURVE_WITH_KNOTS('',1,(#416,#417),.UNSPECIFIED.,.F.,.F.,
  (2,2),(2.,3.),.PIECEWISE_BEZIER_KNOTS.);
#416 = CARTESIAN_POINT('',(76.788693703033,-27.47393949512));
#417 = CARTESIAN_POINT('',(91.975540400696,-3.552713678801E-15));
#418 = ( GEOMETRIC_REPRESENTATION_CONTEXT(2) 
PARAMETRIC_REPRESENTATION_CONTEXT() REPRESENTATION_CONTEXT('2D SPACE',''
  ) );
#419 = PCURVE('',#420,#431);
#420 = ( BOUNDED_SURFACE() B_SPLINE_SURFACE(1,4,(
    (#421,#422,#423,#424,#425)
    ,(#426,#427,#428,#429,#430
)),.UNSPECIFIED.,.F.,.F.,.F.) B_SPLINE_SURFACE_WITH_KNOTS((2,2),(5,5),(
    2.,3.),(0.,1.),.PIECEWISE_BEZIER_KNOTS.) 
GEOMETRIC_REPRESENTATION_ITEM() RATIONAL_B_SPLINE_SURFACE((
    (1.,1.,1.,1.,1.)
,(1.,1.,1.,1.,1.))) REPRESENTATION_ITEM('') SURFACE() );
#421 = CARTESIAN_POINT('',(46.8,-15.696,-79.));
#422 = CARTESIAN_POINT('',(86.45657828757,-28.99620625644,
    -55.89428949229));
#423 = CARTESIAN_POINT('',(85.08600187161,-28.53653601232,4.481661438521
    ));
#424 = CARTESIAN_POINT('',(83.057359637905,-27.85616061702,
    43.275891913936));
#425 = CARTESIAN_POINT('',(51.48,-17.2656,79.));
#426 = CARTESIAN_POINT('',(46.8,15.696,-79.));
#427 = CARTESIAN_POINT('',(86.45657828757,28.996206256446,
    -55.89428949229));
#428 = CARTESIAN_POINT('',(85.08600187161,28.536536012325,4.481661438521
    ));
#429 = CARTESIAN_POINT('',(83.057359637905,27.856160617021,
    43.275891913936));
#430 = CARTESIAN_POINT('',(51.48,17.2656,79.));
#431 = DEFINITIONAL_REPRESENTATION('',(#432),#436);
#432 = LINE('',#433,#434);
#433 = CARTESIAN_POINT('',(0.,0.));
#434 = VECTOR('',#435,1.);
#435 = DIRECTION('',(1.,0.));
#436 = ( GEOMETRIC_REPRESENTATION_CONTEXT(2) 
PARAMETRIC_REPRESENTATION_CONTEXT() REPRESENTATION_CONTEXT('2D SPACE',''
  ) );
#437 = ORIENTED_EDGE('',*,*,#438,.T.);
#438 = EDGE_CURVE('',#407,#439,#441,.T.);
#439 = VERTEX_POINT('',#440);
#440 = CARTESIAN_POINT('',(43.8,0.,-79.));
#441 = SURFACE_CURVE('',#442,(#446,#452),.PCURVE_S1.);
#442 = LINE('',#443,#444);
#443 = CARTESIAN_POINT('',(-94.848,0.,-79.));
#444 = VECTOR('',#445,1.);
#445 = DIRECTION('',(-1.,0.,0.));
#446 = PCURVE('',#49,#447);
#447 = DEFINITIONAL_REPRESENTATION('',(#448),#451);
#448 = B_SPLINE_CURVE_WITH_KNOTS('',1,(#449,#450),.UNSPECIFIED.,.F.,.F.,
  (2,2),(-150.3243220035,-39.37167799642),.PIECEWISE_BEZIER_KNOTS.);
#449 = CARTESIAN_POINT('',(91.975540400696,-17.93440769888));
#450 = CARTESIAN_POINT('',(-5.129015800775,35.742350559175));
#451 = ( GEOMETRIC_REPRESENTATION_CONTEXT(2) 
PARAMETRIC_REPRESENTATION_CONTEXT() REPRESENTATION_CONTEXT('2D SPACE',''
  ) );
#452 = PCURVE('',#453,#458);
#453 = PLANE('',#454);
#454 = AXIS2_PLACEMENT_3D('',#455,#456,#457);
#455 = CARTESIAN_POINT('',(-156.,0.,-94.8));
#456 = DIRECTION('',(0.,1.,0.));
#457 = DIRECTION('',(0.,0.,1.));
#458 = DEFINITIONAL_REPRESENTATION('',(#459),#462);
#459 = B_SPLINE_CURVE_WITH_KNOTS('',1,(#460,#461),.UNSPECIFIED.,.F.,.F.,
  (2,2),(-150.3243220035,-39.37167799642),.PIECEWISE_BEZIER_KNOTS.);
#460 = CARTESIAN_POINT('',(15.8,211.47632200357));
#461 = CARTESIAN_POINT('',(15.8,100.52367799642));
#462 = ( GEOMETRIC_REPRESENTATION_CONTEXT(2) 
PARAMETRIC_REPRESENTATION_CONTEXT() REPRESENTATION_CONTEXT('2D SPACE',''
  ) );
#463 = ORIENTED_EDGE('',*,*,#464,.F.);
#464 = EDGE_CURVE('',#465,#439,#467,.T.);
#465 = VERTEX_POINT('',#466);
#466 = CARTESIAN_POINT('',(43.8,-13.536,-79.));
#467 = SURFACE_CURVE('',#468,(#471,#477),.PCURVE_S1.);
#468 = B_SPLINE_CURVE_WITH_KNOTS('',1,(#469,#470),.UNSPECIFIED.,.F.,.F.,
  (2,2),(2.,3.),.PIECEWISE_BEZIER_KNOTS.);
#469 = CARTESIAN_POINT('',(43.8,-13.536,-79.));
#470 = CARTESIAN_POINT('',(43.8,13.536,-79.));
#471 = PCURVE('',#49,#472);
#472 = DEFINITIONAL_REPRESENTATION('',(#473),#476);
#473 = B_SPLINE_CURVE_WITH_KNOTS('',1,(#474,#475),.UNSPECIFIED.,.F.,.F.,
  (2,2),(2.,3.),.PIECEWISE_BEZIER_KNOTS.);
#474 = CARTESIAN_POINT('',(75.208092606626,-24.13218843108));
#475 = CARTESIAN_POINT('',(88.3050062725,-0.439066297671));
#476 = ( GEOMETRIC_REPRESENTATION_CONTEXT(2) 
PARAMETRIC_REPRESENTATION_CONTEXT() REPRESENTATION_CONTEXT('2D SPACE',''
  ) );
#477 = PCURVE('',#478,#489);
#478 = ( BOUNDED_SURFACE() B_SPLINE_SURFACE(1,4,(
    (#479,#480,#481,#482,#483)
    ,(#484,#485,#486,#487,#488
)),.UNSPECIFIED.,.F.,.F.,.F.) B_SPLINE_SURFACE_WITH_KNOTS((2,2),(5,5),(
    2.,3.),(0.,1.),.PIECEWISE_BEZIER_KNOTS.) 
GEOMETRIC_REPRESENTATION_ITEM() RATIONAL_B_SPLINE_SURFACE((
    (1.,1.,1.,1.,1.)
,(1.,1.,1.,1.,1.))) REPRESENTATION_ITEM('') SURFACE() );
#479 = CARTESIAN_POINT('',(43.8,-13.536,-79.));
#480 = CARTESIAN_POINT('',(83.45657828757,-26.83620625644,
    -55.89428949229));
#481 = CARTESIAN_POINT('',(82.08600187161,-26.37653601232,4.481661438521
    ));
#482 = CARTESIAN_POINT('',(80.057359637905,-25.69616061702,
    43.275891913936));
#483 = CARTESIAN_POINT('',(48.48,-15.1056,79.));
#484 = CARTESIAN_POINT('',(43.8,13.536,-79.));
#485 = CARTESIAN_POINT('',(83.45657828757,26.836206256447,
    -55.89428949229));
#486 = CARTESIAN_POINT('',(82.08600187161,26.376536012325,4.481661438521
    ));
#487 = CARTESIAN_POINT('',(80.057359637905,25.696160617021,
    43.275891913936));
#488 = CARTESIAN_POINT('',(48.48,15.1056,79.));
#489 = DEFINITIONAL_REPRESENTATION('',(#490),#494);
#490 = LINE('',#491,#492);
#491 = CARTESIAN_POINT('',(0.,0.));
#492 = VECTOR('',#493,1.);
#493 = DIRECTION('',(1.,0.));
#494 = ( GEOMETRIC_REPRESENTATION_CONTEXT(2) 
PARAMETRIC_REPRESENTATION_CONTEXT() REPRESENTATION_CONTEXT('2D SPACE',''
  ) );
#495 = ORIENTED_EDGE('',*,*,#496,.F.);
#496 = EDGE_CURVE('',#497,#465,#499,.T.);
#497 = VERTEX_POINT('',#498);
#498 = CARTESIAN_POINT('',(31.536,-25.8,-79.));
#499 = SURFACE_CURVE('',#500,(#503,#509),.PCURVE_S1.);
#500 = B_SPLINE_CURVE_WITH_KNOTS('',1,(#501,#502),.UNSPECIFIED.,.F.,.F.,
  (2,2),(1.,2.),.PIECEWISE_BEZIER_KNOTS.);
#501 = CARTESIAN_POINT('',(31.536,-25.8,-79.));
#502 = CARTESIAN_POINT('',(43.8,-13.536,-79.));
#503 = PCURVE('',#49,#504);
#504 = DEFINITIONAL_REPRESENTATION('',(#505),#508);
#505 = B_SPLINE_CURVE_WITH_KNOTS('',1,(#506,#507),.UNSPECIFIED.,.F.,.F.,
  (2,2),(1.,2.),.PIECEWISE_BEZIER_KNOTS.);
#506 = CARTESIAN_POINT('',(58.541684545071,-28.9324211677));
#507 = CARTESIAN_POINT('',(75.208092606626,-24.13218843108));
#508 = ( GEOMETRIC_REPRESENTATION_CONTEXT(2) 
PARAMETRIC_REPRESENTATION_CONTEXT() REPRESENTATION_CONTEXT('2D SPACE',''
  ) );
#509 = PCURVE('',#510,#521);
#510 = ( BOUNDED_SURFACE() B_SPLINE_SURFACE(1,4,(
    (#511,#512,#513,#514,#515)
    ,(#516,#517,#518,#519,#520
)),.UNSPECIFIED.,.F.,.F.,.F.) B_SPLINE_SURFACE_WITH_KNOTS((2,2),(5,5),(
    1.,2.),(0.,1.),.PIECEWISE_BEZIER_KNOTS.) 
GEOMETRIC_REPRESENTATION_ITEM() RATIONAL_B_SPLINE_SURFACE((
    (1.,1.,1.,1.,1.)
,(1.,1.,1.,1.,1.))) REPRESENTATION_ITEM('') SURFACE() );
#511 = CARTESIAN_POINT('',(31.536,-25.8,-79.));
#512 = CARTESIAN_POINT('',(60.08873636705,-50.20404817696,
    -55.89428949229));
#513 = CARTESIAN_POINT('',(59.101921347559,-49.36061653637,
    4.481661438521));
#514 = CARTESIAN_POINT('',(57.641298939292,-48.11222131563,
    43.275891913936));
#515 = CARTESIAN_POINT('',(34.9056,-28.68,79.));
#516 = CARTESIAN_POINT('',(43.8,-13.536,-79.));
#517 = CARTESIAN_POINT('',(83.45657828757,-26.83620625644,
    -55.89428949229));
#518 = CARTESIAN_POINT('',(82.08600187161,-26.37653601232,4.481661438521
    ));
#519 = CARTESIAN_POINT('',(80.057359637905,-25.69616061702,
    43.275891913936));
#520 = CARTESIAN_POINT('',(48.48,-15.1056,79.));
#521 = DEFINITIONAL_REPRESENTATION('',(#522),#526);
#522 = LINE('',#523,#524);
#523 = CARTESIAN_POINT('',(0.,0.));
#524 = VECTOR('',#525,1.);
#525 = DIRECTION('',(1.,0.));
#526 = ( GEOMETRIC_REPRESENTATION_CONTEXT(2) 
PARAMETRIC_REPRESENTATION_CONTEXT() REPRESENTATION_CONTEXT('2D SPACE',''
  ) );
#527 = ORIENTED_EDGE('',*,*,#528,.F.);
#528 = EDGE_CURVE('',#529,#497,#531,.T.);
#529 = VERTEX_POINT('',#530);
#530 = CARTESIAN_POINT('',(-31.536,-25.8,-79.));
#531 = SURFACE_CURVE('',#532,(#535,#541),.PCURVE_S1.);
#532 = B_SPLINE_CURVE_WITH_KNOTS('',1,(#533,#534),.UNSPECIFIED.,.F.,.F.,
  (2,2),(0.,1.),.PIECEWISE_BEZIER_KNOTS.);
#533 = CARTESIAN_POINT('',(-31.536,-25.8,-79.));
#534 = CARTESIAN_POINT('',(31.536,-25.8,-79.));
#535 = PCURVE('',#49,#536);
#536 = DEFINITIONAL_REPRESENTATION('',(#537),#540);
#537 = B_SPLINE_CURVE_WITH_KNOTS('',1,(#538,#539),.UNSPECIFIED.,.F.,.F.,
  (2,2),(0.,1.),.PIECEWISE_BEZIER_KNOTS.);
#538 = CARTESIAN_POINT('',(3.341751064043,1.580601096407));
#539 = CARTESIAN_POINT('',(58.541684545071,-28.9324211677));
#540 = ( GEOMETRIC_REPRESENTATION_CONTEXT(2) 
PARAMETRIC_REPRESENTATION_CONTEXT() REPRESENTATION_CONTEXT('2D SPACE',''
  ) );
#541 = PCURVE('',#542,#553);
#542 = ( BOUNDED_SURFACE() B_SPLINE_SURFACE(1,4,(
    (#543,#544,#545,#546,#547)
    ,(#548,#549,#550,#551,#552
)),.UNSPECIFIED.,.F.,.F.,.F.) B_SPLINE_SURFACE_WITH_KNOTS((2,2),(5,5),(
    0.,1.),(0.,1.),.PIECEWISE_BEZIER_KNOTS.) 
GEOMETRIC_REPRESENTATION_ITEM() RATIONAL_B_SPLINE_SURFACE((
    (1.,1.,1.,1.,1.)
,(1.,1.,1.,1.,1.))) REPRESENTATION_ITEM('') SURFACE() );
#543 = CARTESIAN_POINT('',(-31.536,-25.8,-79.));
#544 = CARTESIAN_POINT('',(-60.08873636705,-50.20404817696,
    -55.89428949229));
#545 = CARTESIAN_POINT('',(-59.10192134755,-49.36061653637,
    4.481661438521));
#546 = CARTESIAN_POINT('',(-57.64129893929,-48.11222131563,
    43.275891913936));
#547 = CARTESIAN_POINT('',(-34.9056,-28.68,79.));
#548 = CARTESIAN_POINT('',(31.536,-25.8,-79.));
#549 = CARTESIAN_POINT('',(60.08873636705,-50.20404817696,
    -55.89428949229));
#550 = CARTESIAN_POINT('',(59.101921347559,-49.36061653637,
    4.481661438521));
#551 = CARTESIAN_POINT('',(57.641298939292,-48.11222131563,
    43.275891913936));
#552 = CARTESIAN_POINT('',(34.9056,-28.68,79.));
#553 = DEFINITIONAL_REPRESENTATION('',(#554),#558);
#554 = LINE('',#555,#556);
#555 = CARTESIAN_POINT('',(0.,0.));
#556 = VECTOR('',#557,1.);
#557 = DIRECTION('',(1.,0.));
#558 = ( GEOMETRIC_REPRESENTATION_CONTEXT(2) 
PARAMETRIC_REPRESENTATION_CONTEXT() REPRESENTATION_CONTEXT('2D SPACE',''
  ) );
#559 = ORIENTED_EDGE('',*,*,#560,.F.);
#560 = EDGE_CURVE('',#561,#529,#563,.T.);
#561 = VERTEX_POINT('',#562);
#562 = CARTESIAN_POINT('',(-43.8,-13.536,-79.));
#563 = SURFACE_CURVE('',#564,(#567,#573),.PCURVE_S1.);
#564 = B_SPLINE_CURVE_WITH_KNOTS('',1,(#565,#566),.UNSPECIFIED.,.F.,.F.,
  (2,2),(7.,8.),.PIECEWISE_BEZIER_KNOTS.);
#565 = CARTESIAN_POINT('',(-43.8,-13.536,-79.));
#566 = CARTESIAN_POINT('',(-31.536,-25.8,-79.));
#567 = PCURVE('',#49,#568);
#568 = DEFINITIONAL_REPRESENTATION('',(#569),#572);
#569 = B_SPLINE_CURVE_WITH_KNOTS('',1,(#570,#571),.UNSPECIFIED.,.F.,.F.,
  (2,2),(7.,8.),.PIECEWISE_BEZIER_KNOTS.);
#570 = CARTESIAN_POINT('',(-1.458481672579,18.247009157962));
#571 = CARTESIAN_POINT('',(3.341751064043,1.580601096407));
#572 = ( GEOMETRIC_REPRESENTATION_CONTEXT(2) 
PARAMETRIC_REPRESENTATION_CONTEXT() REPRESENTATION_CONTEXT('2D SPACE',''
  ) );
#573 = PCURVE('',#574,#585);
#574 = ( BOUNDED_SURFACE() B_SPLINE_SURFACE(1,4,(
    (#575,#576,#577,#578,#579)
    ,(#580,#581,#582,#583,#584
)),.UNSPECIFIED.,.F.,.F.,.F.) B_SPLINE_SURFACE_WITH_KNOTS((2,2),(5,5),(
    7.,8.),(0.,1.),.PIECEWISE_BEZIER_KNOTS.) 
GEOMETRIC_REPRESENTATION_ITEM() RATIONAL_B_SPLINE_SURFACE((
    (1.,1.,1.,1.,1.)
,(1.,1.,1.,1.,1.))) REPRESENTATION_ITEM('') SURFACE() );
#575 = CARTESIAN_POINT('',(-43.8,-13.536,-79.));
#576 = CARTESIAN_POINT('',(-83.45657828757,-26.83620625644,
    -55.89428949229));
#577 = CARTESIAN_POINT('',(-82.08600187161,-26.37653601232,
    4.481661438521));
#578 = CARTESIAN_POINT('',(-80.0573596379,-25.69616061702,
    43.275891913936));
#579 = CARTESIAN_POINT('',(-48.48,-15.1056,79.));
#580 = CARTESIAN_POINT('',(-31.536,-25.8,-79.));
#581 = CARTESIAN_POINT('',(-60.08873636705,-50.20404817696,
    -55.89428949229));
#582 = CARTESIAN_POINT('',(-59.10192134755,-49.36061653637,
    4.481661438521));
#583 = CARTESIAN_POINT('',(-57.64129893929,-48.11222131563,
    43.275891913936));
#584 = CARTESIAN_POINT('',(-34.9056,-28.68,79.));
#585 = DEFINITIONAL_REPRESENTATION('',(#586),#590);
#586 = LINE('',#587,#588);
#587 = CARTESIAN_POINT('',(0.,0.));
#588 = VECTOR('',#589,1.);
#589 = DIRECTION('',(1.,0.));
#590 = ( GEOMETRIC_REPRESENTATION_CONTEXT(2) 
PARAMETRIC_REPRESENTATION_CONTEXT() REPRESENTATION_CONTEXT('2D SPACE',''
  ) );
#591 = ORIENTED_EDGE('',*,*,#592,.F.);
#592 = EDGE_CURVE('',#593,#561,#595,.T.);
#593 = VERTEX_POINT('',#594);
#594 = CARTESIAN_POINT('',(-43.8,0.,-79.));
#595 = SURFACE_CURVE('',#596,(#599,#605),.PCURVE_S1.);
#596 = B_SPLINE_CURVE_WITH_KNOTS('',1,(#597,#598),.UNSPECIFIED.,.F.,.F.,
  (2,2),(6.,7.),.PIECEWISE_BEZIER_KNOTS.);
#597 = CARTESIAN_POINT('',(-43.8,13.536,-79.));
#598 = CARTESIAN_POINT('',(-43.8,-13.536,-79.));
#599 = PCURVE('',#49,#600);
#600 = DEFINITIONAL_REPRESENTATION('',(#601),#604);
#601 = B_SPLINE_CURVE_WITH_KNOTS('',1,(#602,#603),.UNSPECIFIED.,.F.,.F.,
  (2,2),(6.,7.),.PIECEWISE_BEZIER_KNOTS.);
#602 = CARTESIAN_POINT('',(11.638431993294,41.940131291371));
#603 = CARTESIAN_POINT('',(-1.458481672579,18.247009157962));
#604 = ( GEOMETRIC_REPRESENTATION_CONTEXT(2) 
PARAMETRIC_REPRESENTATION_CONTEXT() REPRESENTATION_CONTEXT('2D SPACE',''
  ) );
#605 = PCURVE('',#606,#617);
#606 = ( BOUNDED_SURFACE() B_SPLINE_SURFACE(1,4,(
    (#607,#608,#609,#610,#611)
    ,(#612,#613,#614,#615,#616
)),.UNSPECIFIED.,.F.,.F.,.F.) B_SPLINE_SURFACE_WITH_KNOTS((2,2),(5,5),(
    6.,7.),(0.,1.),.PIECEWISE_BEZIER_KNOTS.) 
GEOMETRIC_REPRESENTATION_ITEM() RATIONAL_B_SPLINE_SURFACE((
    (1.,1.,1.,1.,1.)
,(1.,1.,1.,1.,1.))) REPRESENTATION_ITEM('') SURFACE() );
#607 = CARTESIAN_POINT('',(-43.8,13.536,-79.));
#608 = CARTESIAN_POINT('',(-83.45657828757,26.836206256447,
    -55.89428949229));
#609 = CARTESIAN_POINT('',(-82.08600187161,26.376536012325,
    4.481661438521));
#610 = CARTESIAN_POINT('',(-80.0573596379,25.696160617021,
    43.275891913936));
#611 = CARTESIAN_POINT('',(-48.48,15.1056,79.));
#612 = CARTESIAN_POINT('',(-43.8,-13.536,-79.));
#613 = CARTESIAN_POINT('',(-83.45657828757,-26.83620625644,
    -55.89428949229));
#614 = CARTESIAN_POINT('',(-82.08600187161,-26.37653601232,
    4.481661438521));
#615 = CARTESIAN_POINT('',(-80.0573596379,-25.69616061702,
    43.275891913936));
#616 = CARTESIAN_POINT('',(-48.48,-15.1056,79.));
#617 = DEFINITIONAL_REPRESENTATION('',(#618),#622);
#618 = LINE('',#619,#620);
#619 = CARTESIAN_POINT('',(0.,0.));
#620 = VECTOR('',#621,1.);
#621 = DIRECTION('',(1.,0.));
#622 = ( GEOMETRIC_REPRESENTATION_CONTEXT(2) 
PARAMETRIC_REPRESENTATION_CONTEXT() REPRESENTATION_CONTEXT('2D SPACE',''
  ) );
#623 = ORIENTED_EDGE('',*,*,#624,.T.);
#624 = EDGE_CURVE('',#593,#625,#627,.T.);
#625 = VERTEX_POINT('',#626);
#626 = CARTESIAN_POINT('',(-46.8,0.,-79.));
#627 = SURFACE_CURVE('',#628,(#632,#638),.PCURVE_S1.);
#628 = LINE('',#629,#630);
#629 = CARTESIAN_POINT('',(-94.848,0.,-79.));
#630 = VECTOR('',#631,1.);
#631 = DIRECTION('',(-1.,0.,0.));
#632 = PCURVE('',#49,#633);
#633 = DEFINITIONAL_REPRESENTATION('',(#634),#637);
#634 = B_SPLINE_CURVE_WITH_KNOTS('',1,(#635,#636),.UNSPECIFIED.,.F.,.F.,
  (2,2),(-150.3243220035,-39.37167799642),.PIECEWISE_BEZIER_KNOTS.);
#635 = CARTESIAN_POINT('',(91.975540400696,-17.93440769888));
#636 = CARTESIAN_POINT('',(-5.129015800775,35.742350559175));
#637 = ( GEOMETRIC_REPRESENTATION_CONTEXT(2) 
PARAMETRIC_REPRESENTATION_CONTEXT() REPRESENTATION_CONTEXT('2D SPACE',''
  ) );
#638 = PCURVE('',#639,#644);
#639 = PLANE('',#640);
#640 = AXIS2_PLACEMENT_3D('',#641,#642,#643);
#641 = CARTESIAN_POINT('',(-156.,0.,-94.8));
#642 = DIRECTION('',(0.,1.,0.));
#643 = DIRECTION('',(0.,0.,1.));
#644 = DEFINITIONAL_REPRESENTATION('',(#645),#648);
#645 = B_SPLINE_CURVE_WITH_KNOTS('',1,(#646,#647),.UNSPECIFIED.,.F.,.F.,
  (2,2),(-150.3243220035,-39.37167799642),.PIECEWISE_BEZIER_KNOTS.);
#646 = CARTESIAN_POINT('',(15.8,211.47632200357));
#647 = CARTESIAN_POINT('',(15.8,100.52367799642));
#648 = ( GEOMETRIC_REPRESENTATION_CONTEXT(2) 
PARAMETRIC_REPRESENTATION_CONTEXT() REPRESENTATION_CONTEXT('2D SPACE',''
  ) );
#649 = ORIENTED_EDGE('',*,*,#650,.T.);
#650 = EDGE_CURVE('',#625,#364,#651,.T.);
#651 = SURFACE_CURVE('',#652,(#655,#661),.PCURVE_S1.);
#652 = B_SPLINE_CURVE_WITH_KNOTS('',1,(#653,#654),.UNSPECIFIED.,.F.,.F.,
  (2,2),(6.,7.),.PIECEWISE_BEZIER_KNOTS.);
#653 = CARTESIAN_POINT('',(-46.8,15.696,-79.));
#654 = CARTESIAN_POINT('',(-46.8,-15.696,-79.));
#655 = PCURVE('',#49,#656);
#656 = DEFINITIONAL_REPRESENTATION('',(#657),#660);
#657 = B_SPLINE_CURVE_WITH_KNOTS('',1,(#658,#659),.UNSPECIFIED.,.F.,.F.,
  (2,2),(6.,7.),.PIECEWISE_BEZIER_KNOTS.);
#658 = CARTESIAN_POINT('',(10.057830896887,45.281882355415));
#659 = CARTESIAN_POINT('',(-5.129015800775,17.807942860291));
#660 = ( GEOMETRIC_REPRESENTATION_CONTEXT(2) 
PARAMETRIC_REPRESENTATION_CONTEXT() REPRESENTATION_CONTEXT('2D SPACE',''
  ) );
#661 = PCURVE('',#662,#673);
#662 = ( BOUNDED_SURFACE() B_SPLINE_SURFACE(1,4,(
    (#663,#664,#665,#666,#667)
    ,(#668,#669,#670,#671,#672
)),.UNSPECIFIED.,.F.,.F.,.F.) B_SPLINE_SURFACE_WITH_KNOTS((2,2),(5,5),(
    6.,7.),(0.,1.),.PIECEWISE_BEZIER_KNOTS.) 
GEOMETRIC_REPRESENTATION_ITEM() RATIONAL_B_SPLINE_SURFACE((
    (1.,1.,1.,1.,1.)
,(1.,1.,1.,1.,1.))) REPRESENTATION_ITEM('') SURFACE() );
#663 = CARTESIAN_POINT('',(-46.8,15.696,-79.));
#664 = CARTESIAN_POINT('',(-86.45657828757,28.996206256446,
    -55.89428949229));
#665 = CARTESIAN_POINT('',(-85.08600187161,28.536536012325,
    4.481661438521));
#666 = CARTESIAN_POINT('',(-83.0573596379,27.856160617021,
    43.275891913936));
#667 = CARTESIAN_POINT('',(-51.48,17.2656,79.));
#668 = CARTESIAN_POINT('',(-46.8,-15.696,-79.));
#669 = CARTESIAN_POINT('',(-86.45657828757,-28.99620625644,
    -55.89428949229));
#670 = CARTESIAN_POINT('',(-85.08600187161,-28.53653601232,
    4.481661438521));
#671 = CARTESIAN_POINT('',(-83.0573596379,-27.85616061702,
    43.275891913936));
#672 = CARTESIAN_POINT('',(-51.48,-17.2656,79.));
#673 = DEFINITIONAL_REPRESENTATION('',(#674),#678);
#674 = LINE('',#675,#676);
#675 = CARTESIAN_POINT('',(0.,0.));
#676 = VECTOR('',#677,1.);
#677 = DIRECTION('',(1.,0.));
#678 = ( GEOMETRIC_REPRESENTATION_CONTEXT(2) 
PARAMETRIC_REPRESENTATION_CONTEXT() REPRESENTATION_CONTEXT('2D SPACE',''
  ) );
#679 = ADVANCED_FACE('',(#680),#138,.T.);
#680 = FACE_BOUND('',#681,.T.);
#681 = EDGE_LOOP('',(#682,#683,#684,#705));
#682 = ORIENTED_EDGE('',*,*,#363,.T.);
#683 = ORIENTED_EDGE('',*,*,#122,.T.);
#684 = ORIENTED_EDGE('',*,*,#685,.F.);
#685 = EDGE_CURVE('',#686,#97,#688,.T.);
#686 = VERTEX_POINT('',#687);
#687 = CARTESIAN_POINT('',(-51.48,-17.2656,79.));
#688 = SURFACE_CURVE('',#689,(#692,#699),.PCURVE_S1.);
#689 = B_SPLINE_CURVE_WITH_KNOTS('',1,(#690,#691),.UNSPECIFIED.,.F.,.F.,
  (2,2),(7.,8.),.PIECEWISE_BEZIER_KNOTS.);
#690 = CARTESIAN_POINT('',(-51.48,-17.2656,79.));
#691 = CARTESIAN_POINT('',(-37.0656,-31.68,79.));
#692 = PCURVE('',#138,#693);
#693 = DEFINITIONAL_REPRESENTATION('',(#694),#698);
#694 = LINE('',#695,#696);
#695 = CARTESIAN_POINT('',(0.,1.));
#696 = VECTOR('',#697,1.);
#697 = DIRECTION('',(1.,0.));
#698 = ( GEOMETRIC_REPRESENTATION_CONTEXT(2) 
PARAMETRIC_REPRESENTATION_CONTEXT() REPRESENTATION_CONTEXT('2D SPACE',''
  ) );
#699 = PCURVE('',#111,#700);
#700 = DEFINITIONAL_REPRESENTATION('',(#701),#704);
#701 = B_SPLINE_CURVE_WITH_KNOTS('',1,(#702,#703),.UNSPECIFIED.,.F.,.F.,
  (2,2),(7.,8.),.PIECEWISE_BEZIER_KNOTS.);
#702 = CARTESIAN_POINT('',(-5.641917380853,19.58873714632));
#703 = CARTESIAN_POINT('',(0.,0.));
#704 = ( GEOMETRIC_REPRESENTATION_CONTEXT(2) 
PARAMETRIC_REPRESENTATION_CONTEXT() REPRESENTATION_CONTEXT('2D SPACE',''
  ) );
#705 = ORIENTED_EDGE('',*,*,#706,.F.);
#706 = EDGE_CURVE('',#364,#686,#707,.T.);
#707 = SURFACE_CURVE('',#708,(#714,#721),.PCURVE_S1.);
#708 = ( BOUNDED_CURVE() B_SPLINE_CURVE(4,(#709,#710,#711,#712,#713),
.UNSPECIFIED.,.F.,.F.) B_SPLINE_CURVE_WITH_KNOTS((5,5),(0.,1.),
.PIECEWISE_BEZIER_KNOTS.) CURVE() GEOMETRIC_REPRESENTATION_ITEM() 
RATIONAL_B_SPLINE_CURVE((1.,1.,1.,1.,1.)) REPRESENTATION_ITEM('') );
#709 = CARTESIAN_POINT('',(-46.8,-15.696,-79.));
#710 = CARTESIAN_POINT('',(-86.45657828757,-28.99620625644,
    -55.89428949229));
#711 = CARTESIAN_POINT('',(-85.08600187161,-28.53653601232,
    4.481661438521));
#712 = CARTESIAN_POINT('',(-83.0573596379,-27.85616061702,
    43.275891913936));
#713 = CARTESIAN_POINT('',(-51.48,-17.2656,79.));
#714 = PCURVE('',#138,#715);
#715 = DEFINITIONAL_REPRESENTATION('',(#716),#720);
#716 = LINE('',#717,#718);
#717 = CARTESIAN_POINT('',(7.,0.));
#718 = VECTOR('',#719,1.);
#719 = DIRECTION('',(0.,1.));
#720 = ( GEOMETRIC_REPRESENTATION_CONTEXT(2) 
PARAMETRIC_REPRESENTATION_CONTEXT() REPRESENTATION_CONTEXT('2D SPACE',''
  ) );
#721 = PCURVE('',#662,#722);
#722 = DEFINITIONAL_REPRESENTATION('',(#723),#727);
#723 = LINE('',#724,#725);
#724 = CARTESIAN_POINT('',(7.,0.));
#725 = VECTOR('',#726,1.);
#726 = DIRECTION('',(0.,1.));
#727 = ( GEOMETRIC_REPRESENTATION_CONTEXT(2) 
PARAMETRIC_REPRESENTATION_CONTEXT() REPRESENTATION_CONTEXT('2D SPACE',''
  ) );
#728 = ADVANCED_FACE('',(#729),#78,.T.);
#729 = FACE_BOUND('',#730,.T.);
#730 = EDGE_LOOP('',(#731,#732,#757,#776));
#731 = ORIENTED_EDGE('',*,*,#385,.T.);
#732 = ORIENTED_EDGE('',*,*,#733,.T.);
#733 = EDGE_CURVE('',#386,#734,#736,.T.);
#734 = VERTEX_POINT('',#735);
#735 = CARTESIAN_POINT('',(51.48,-17.2656,79.));
#736 = SURFACE_CURVE('',#737,(#743,#750),.PCURVE_S1.);
#737 = ( BOUNDED_CURVE() B_SPLINE_CURVE(4,(#738,#739,#740,#741,#742),
.UNSPECIFIED.,.F.,.F.) B_SPLINE_CURVE_WITH_KNOTS((5,5),(0.,1.),
.PIECEWISE_BEZIER_KNOTS.) CURVE() GEOMETRIC_REPRESENTATION_ITEM() 
RATIONAL_B_SPLINE_CURVE((1.,1.,1.,1.,1.)) REPRESENTATION_ITEM('') );
#738 = CARTESIAN_POINT('',(46.8,-15.696,-79.));
#739 = CARTESIAN_POINT('',(86.45657828757,-28.99620625644,
    -55.89428949229));
#740 = CARTESIAN_POINT('',(85.08600187161,-28.53653601232,4.481661438521
    ));
#741 = CARTESIAN_POINT('',(83.057359637905,-27.85616061702,
    43.275891913936));
#742 = CARTESIAN_POINT('',(51.48,-17.2656,79.));
#743 = PCURVE('',#78,#744);
#744 = DEFINITIONAL_REPRESENTATION('',(#745),#749);
#745 = LINE('',#746,#747);
#746 = CARTESIAN_POINT('',(2.,0.));
#747 = VECTOR('',#748,1.);
#748 = DIRECTION('',(0.,1.));
#749 = ( GEOMETRIC_REPRESENTATION_CONTEXT(2) 
PARAMETRIC_REPRESENTATION_CONTEXT() REPRESENTATION_CONTEXT('2D SPACE',''
  ) );
#750 = PCURVE('',#420,#751);
#751 = DEFINITIONAL_REPRESENTATION('',(#752),#756);
#752 = LINE('',#753,#754);
#753 = CARTESIAN_POINT('',(2.,0.));
#754 = VECTOR('',#755,1.);
#755 = DIRECTION('',(0.,1.));
#756 = ( GEOMETRIC_REPRESENTATION_CONTEXT(2) 
PARAMETRIC_REPRESENTATION_CONTEXT() REPRESENTATION_CONTEXT('2D SPACE',''
  ) );
#757 = ORIENTED_EDGE('',*,*,#758,.F.);
#758 = EDGE_CURVE('',#61,#734,#759,.T.);
#759 = SURFACE_CURVE('',#760,(#763,#770),.PCURVE_S1.);
#760 = B_SPLINE_CURVE_WITH_KNOTS('',1,(#761,#762),.UNSPECIFIED.,.F.,.F.,
  (2,2),(1.,2.),.PIECEWISE_BEZIER_KNOTS.);
#761 = CARTESIAN_POINT('',(37.0656,-31.68,79.));
#762 = CARTESIAN_POINT('',(51.48,-17.2656,79.));
#763 = PCURVE('',#78,#764);
#764 = DEFINITIONAL_REPRESENTATION('',(#765),#769);
#765 = LINE('',#766,#767);
#766 = CARTESIAN_POINT('',(0.,1.));
#767 = VECTOR('',#768,1.);
#768 = DIRECTION('',(1.,0.));
#769 = ( GEOMETRIC_REPRESENTATION_CONTEXT(2) 
PARAMETRIC_REPRESENTATION_CONTEXT() REPRESENTATION_CONTEXT('2D SPACE',''
  ) );
#770 = PCURVE('',#111,#771);
#771 = DEFINITIONAL_REPRESENTATION('',(#772),#775);
#772 = B_SPLINE_CURVE_WITH_KNOTS('',1,(#773,#774),.UNSPECIFIED.,.F.,.F.,
  (2,2),(1.,2.),.PIECEWISE_BEZIER_KNOTS.);
#773 = CARTESIAN_POINT('',(64.878825927016,-35.86325082548));
#774 = CARTESIAN_POINT('',(84.467563073337,-30.22133344463));
#775 = ( GEOMETRIC_REPRESENTATION_CONTEXT(2) 
PARAMETRIC_REPRESENTATION_CONTEXT() REPRESENTATION_CONTEXT('2D SPACE',''
  ) );
#776 = ORIENTED_EDGE('',*,*,#60,.F.);
#777 = ADVANCED_FACE('',(#778),#111,.T.);
#778 = FACE_BOUND('',#779,.T.);
#779 = EDGE_LOOP('',(#780,#781,#782,#783,#804,#825,#846,#867,#888,#909,
    #930,#951));
#780 = ORIENTED_EDGE('',*,*,#685,.T.);
#781 = ORIENTED_EDGE('',*,*,#96,.T.);
#782 = ORIENTED_EDGE('',*,*,#758,.T.);
#783 = ORIENTED_EDGE('',*,*,#784,.T.);
#784 = EDGE_CURVE('',#734,#785,#787,.T.);
#785 = VERTEX_POINT('',#786);
#786 = CARTESIAN_POINT('',(51.48,0.,79.));
#787 = SURFACE_CURVE('',#788,(#791,#797),.PCURVE_S1.);
#788 = B_SPLINE_CURVE_WITH_KNOTS('',1,(#789,#790),.UNSPECIFIED.,.F.,.F.,
  (2,2),(2.,3.),.PIECEWISE_BEZIER_KNOTS.);
#789 = CARTESIAN_POINT('',(51.48,-17.2656,79.));
#790 = CARTESIAN_POINT('',(51.48,17.2656,79.));
#791 = PCURVE('',#111,#792);
#792 = DEFINITIONAL_REPRESENTATION('',(#793),#796);
#793 = B_SPLINE_CURVE_WITH_KNOTS('',1,(#794,#795),.UNSPECIFIED.,.F.,.F.,
  (2,2),(2.,3.),.PIECEWISE_BEZIER_KNOTS.);
#794 = CARTESIAN_POINT('',(84.467563073337,-30.22133344463));
#795 = CARTESIAN_POINT('',(101.17309444076,1.7763568394E-15));
#796 = ( GEOMETRIC_REPRESENTATION_CONTEXT(2) 
PARAMETRIC_REPRESENTATION_CONTEXT() REPRESENTATION_CONTEXT('2D SPACE',''
  ) );
#797 = PCURVE('',#420,#798);
#798 = DEFINITIONAL_REPRESENTATION('',(#799),#803);
#799 = LINE('',#800,#801);
#800 = CARTESIAN_POINT('',(0.,1.));
#801 = VECTOR('',#802,1.);
#802 = DIRECTION('',(1.,0.));
#803 = ( GEOMETRIC_REPRESENTATION_CONTEXT(2) 
PARAMETRIC_REPRESENTATION_CONTEXT() REPRESENTATION_CONTEXT('2D SPACE',''
  ) );
#804 = ORIENTED_EDGE('',*,*,#805,.T.);
#805 = EDGE_CURVE('',#785,#806,#808,.T.);
#806 = VERTEX_POINT('',#807);
#807 = CARTESIAN_POINT('',(48.48,0.,79.));
#808 = SURFACE_CURVE('',#809,(#813,#819),.PCURVE_S1.);
#809 = LINE('',#810,#811);
#810 = CARTESIAN_POINT('',(-96.5328,0.,79.));
#811 = VECTOR('',#812,1.);
#812 = DIRECTION('',(-1.,0.,0.));
#813 = PCURVE('',#111,#814);
#814 = DEFINITIONAL_REPRESENTATION('',(#815),#818);
#815 = B_SPLINE_CURVE_WITH_KNOTS('',1,(#816,#817),.UNSPECIFIED.,.F.,.F.,
  (2,2),(-157.5567542039,-35.50884579606),.PIECEWISE_BEZIER_KNOTS.);
#816 = CARTESIAN_POINT('',(101.17309444076,-19.72784846877));
#817 = CARTESIAN_POINT('',(-5.641917380853,39.316585615092));
#818 = ( GEOMETRIC_REPRESENTATION_CONTEXT(2) 
PARAMETRIC_REPRESENTATION_CONTEXT() REPRESENTATION_CONTEXT('2D SPACE',''
  ) );
#819 = PCURVE('',#453,#820);
#820 = DEFINITIONAL_REPRESENTATION('',(#821),#824);
#821 = B_SPLINE_CURVE_WITH_KNOTS('',1,(#822,#823),.UNSPECIFIED.,.F.,.F.,
  (2,2),(-157.5567542039,-35.50884579606),.PIECEWISE_BEZIER_KNOTS.);
#822 = CARTESIAN_POINT('',(173.8,217.02395420393));
#823 = CARTESIAN_POINT('',(173.8,94.976045796064));
#824 = ( GEOMETRIC_REPRESENTATION_CONTEXT(2) 
PARAMETRIC_REPRESENTATION_CONTEXT() REPRESENTATION_CONTEXT('2D SPACE',''
  ) );
#825 = ORIENTED_EDGE('',*,*,#826,.F.);
#826 = EDGE_CURVE('',#827,#806,#829,.T.);
#827 = VERTEX_POINT('',#828);
#828 = CARTESIAN_POINT('',(48.48,-15.1056,79.));
#829 = SURFACE_CURVE('',#830,(#833,#839),.PCURVE_S1.);
#830 = B_SPLINE_CURVE_WITH_KNOTS('',1,(#831,#832),.UNSPECIFIED.,.F.,.F.,
  (2,2),(2.,3.),.PIECEWISE_BEZIER_KNOTS.);
#831 = CARTESIAN_POINT('',(48.48,-15.1056,79.));
#832 = CARTESIAN_POINT('',(48.48,15.1056,79.));
#833 = PCURVE('',#111,#834);
#834 = DEFINITIONAL_REPRESENTATION('',(#835),#838);
#835 = B_SPLINE_CURVE_WITH_KNOTS('',1,(#836,#837),.UNSPECIFIED.,.F.,.F.,
  (2,2),(2.,3.),.PIECEWISE_BEZIER_KNOTS.);
#836 = CARTESIAN_POINT('',(82.886961976929,-26.87958238059));
#837 = CARTESIAN_POINT('',(97.502560312569,-0.439066297671));
#838 = ( GEOMETRIC_REPRESENTATION_CONTEXT(2) 
PARAMETRIC_REPRESENTATION_CONTEXT() REPRESENTATION_CONTEXT('2D SPACE',''
  ) );
#839 = PCURVE('',#478,#840);
#840 = DEFINITIONAL_REPRESENTATION('',(#841),#845);
#841 = LINE('',#842,#843);
#842 = CARTESIAN_POINT('',(0.,1.));
#843 = VECTOR('',#844,1.);
#844 = DIRECTION('',(1.,0.));
#845 = ( GEOMETRIC_REPRESENTATION_CONTEXT(2) 
PARAMETRIC_REPRESENTATION_CONTEXT() REPRESENTATION_CONTEXT('2D SPACE',''
  ) );
#846 = ORIENTED_EDGE('',*,*,#847,.F.);
#847 = EDGE_CURVE('',#848,#827,#850,.T.);
#848 = VERTEX_POINT('',#849);
#849 = CARTESIAN_POINT('',(34.9056,-28.68,79.));
#850 = SURFACE_CURVE('',#851,(#854,#860),.PCURVE_S1.);
#851 = B_SPLINE_CURVE_WITH_KNOTS('',1,(#852,#853),.UNSPECIFIED.,.F.,.F.,
  (2,2),(1.,2.),.PIECEWISE_BEZIER_KNOTS.);
#852 = CARTESIAN_POINT('',(34.9056,-28.68,79.));
#853 = CARTESIAN_POINT('',(48.48,-15.1056,79.));
#854 = PCURVE('',#111,#855);
#855 = DEFINITIONAL_REPRESENTATION('',(#856),#859);
#856 = B_SPLINE_CURVE_WITH_KNOTS('',1,(#857,#858),.UNSPECIFIED.,.F.,.F.,
  (2,2),(1.,2.),.PIECEWISE_BEZIER_KNOTS.);
#857 = CARTESIAN_POINT('',(64.439759629346,-32.19271669729));
#858 = CARTESIAN_POINT('',(82.886961976929,-26.87958238059));
#859 = ( GEOMETRIC_REPRESENTATION_CONTEXT(2) 
PARAMETRIC_REPRESENTATION_CONTEXT() REPRESENTATION_CONTEXT('2D SPACE',''
  ) );
#860 = PCURVE('',#510,#861);
#861 = DEFINITIONAL_REPRESENTATION('',(#862),#866);
#862 = LINE('',#863,#864);
#863 = CARTESIAN_POINT('',(0.,1.));
#864 = VECTOR('',#865,1.);
#865 = DIRECTION('',(1.,0.));
#866 = ( GEOMETRIC_REPRESENTATION_CONTEXT(2) 
PARAMETRIC_REPRESENTATION_CONTEXT() REPRESENTATION_CONTEXT('2D SPACE',''
  ) );
#867 = ORIENTED_EDGE('',*,*,#868,.F.);
#868 = EDGE_CURVE('',#869,#848,#871,.T.);
#869 = VERTEX_POINT('',#870);
#870 = CARTESIAN_POINT('',(-34.9056,-28.68,79.));
#871 = SURFACE_CURVE('',#872,(#875,#881),.PCURVE_S1.);
#872 = B_SPLINE_CURVE_WITH_KNOTS('',1,(#873,#874),.UNSPECIFIED.,.F.,.F.,
  (2,2),(0.,1.),.PIECEWISE_BEZIER_KNOTS.);
#873 = CARTESIAN_POINT('',(-34.9056,-28.68,79.));
#874 = CARTESIAN_POINT('',(34.9056,-28.68,79.));
#875 = PCURVE('',#111,#876);
#876 = DEFINITIONAL_REPRESENTATION('',(#877),#880);
#877 = B_SPLINE_CURVE_WITH_KNOTS('',1,(#878,#879),.UNSPECIFIED.,.F.,.F.,
  (2,2),(0.,1.),.PIECEWISE_BEZIER_KNOTS.);
#878 = CARTESIAN_POINT('',(3.341751064043,1.580601096407));
#879 = CARTESIAN_POINT('',(64.439759629346,-32.19271669729));
#880 = ( GEOMETRIC_REPRESENTATION_CONTEXT(2) 
PARAMETRIC_REPRESENTATION_CONTEXT() REPRESENTATION_CONTEXT('2D SPACE',''
  ) );
#881 = PCURVE('',#542,#882);
#882 = DEFINITIONAL_REPRESENTATION('',(#883),#887);
#883 = LINE('',#884,#885);
#884 = CARTESIAN_POINT('',(0.,1.));
#885 = VECTOR('',#886,1.);
#886 = DIRECTION('',(1.,0.));
#887 = ( GEOMETRIC_REPRESENTATION_CONTEXT(2) 
PARAMETRIC_REPRESENTATION_CONTEXT() REPRESENTATION_CONTEXT('2D SPACE',''
  ) );
#888 = ORIENTED_EDGE('',*,*,#889,.F.);
#889 = EDGE_CURVE('',#890,#869,#892,.T.);
#890 = VERTEX_POINT('',#891);
#891 = CARTESIAN_POINT('',(-48.48,-15.1056,79.));
#892 = SURFACE_CURVE('',#893,(#896,#902),.PCURVE_S1.);
#893 = B_SPLINE_CURVE_WITH_KNOTS('',1,(#894,#895),.UNSPECIFIED.,.F.,.F.,
  (2,2),(7.,8.),.PIECEWISE_BEZIER_KNOTS.);
#894 = CARTESIAN_POINT('',(-48.48,-15.1056,79.));
#895 = CARTESIAN_POINT('',(-34.9056,-28.68,79.));
#896 = PCURVE('',#111,#897);
#897 = DEFINITIONAL_REPRESENTATION('',(#898),#901);
#898 = B_SPLINE_CURVE_WITH_KNOTS('',1,(#899,#900),.UNSPECIFIED.,.F.,.F.,
  (2,2),(7.,8.),.PIECEWISE_BEZIER_KNOTS.);
#899 = CARTESIAN_POINT('',(-1.971383252657,20.027803443991));
#900 = CARTESIAN_POINT('',(3.341751064043,1.580601096407));
#901 = ( GEOMETRIC_REPRESENTATION_CONTEXT(2) 
PARAMETRIC_REPRESENTATION_CONTEXT() REPRESENTATION_CONTEXT('2D SPACE',''
  ) );
#902 = PCURVE('',#574,#903);
#903 = DEFINITIONAL_REPRESENTATION('',(#904),#908);
#904 = LINE('',#905,#906);
#905 = CARTESIAN_POINT('',(0.,1.));
#906 = VECTOR('',#907,1.);
#907 = DIRECTION('',(1.,0.));
#908 = ( GEOMETRIC_REPRESENTATION_CONTEXT(2) 
PARAMETRIC_REPRESENTATION_CONTEXT() REPRESENTATION_CONTEXT('2D SPACE',''
  ) );
#909 = ORIENTED_EDGE('',*,*,#910,.F.);
#910 = EDGE_CURVE('',#911,#890,#913,.T.);
#911 = VERTEX_POINT('',#912);
#912 = CARTESIAN_POINT('',(-48.48,0.,79.));
#913 = SURFACE_CURVE('',#914,(#917,#923),.PCURVE_S1.);
#914 = B_SPLINE_CURVE_WITH_KNOTS('',1,(#915,#916),.UNSPECIFIED.,.F.,.F.,
  (2,2),(6.,7.),.PIECEWISE_BEZIER_KNOTS.);
#915 = CARTESIAN_POINT('',(-48.48,15.1056,79.));
#916 = CARTESIAN_POINT('',(-48.48,-15.1056,79.));
#917 = PCURVE('',#111,#918);
#918 = DEFINITIONAL_REPRESENTATION('',(#919),#922);
#919 = B_SPLINE_CURVE_WITH_KNOTS('',1,(#920,#921),.UNSPECIFIED.,.F.,.F.,
  (2,2),(6.,7.),.PIECEWISE_BEZIER_KNOTS.);
#920 = CARTESIAN_POINT('',(12.644215082983,46.468319526913));
#921 = CARTESIAN_POINT('',(-1.971383252657,20.027803443991));
#922 = ( GEOMETRIC_REPRESENTATION_CONTEXT(2) 
PARAMETRIC_REPRESENTATION_CONTEXT() REPRESENTATION_CONTEXT('2D SPACE',''
  ) );
#923 = PCURVE('',#606,#924);
#924 = DEFINITIONAL_REPRESENTATION('',(#925),#929);
#925 = LINE('',#926,#927);
#926 = CARTESIAN_POINT('',(0.,1.));
#927 = VECTOR('',#928,1.);
#928 = DIRECTION('',(1.,0.));
#929 = ( GEOMETRIC_REPRESENTATION_CONTEXT(2) 
PARAMETRIC_REPRESENTATION_CONTEXT() REPRESENTATION_CONTEXT('2D SPACE',''
  ) );
#930 = ORIENTED_EDGE('',*,*,#931,.T.);
#931 = EDGE_CURVE('',#911,#932,#934,.T.);
#932 = VERTEX_POINT('',#933);
#933 = CARTESIAN_POINT('',(-51.48,0.,79.));
#934 = SURFACE_CURVE('',#935,(#939,#945),.PCURVE_S1.);
#935 = LINE('',#936,#937);
#936 = CARTESIAN_POINT('',(-96.5328,0.,79.));
#937 = VECTOR('',#938,1.);
#938 = DIRECTION('',(-1.,0.,0.));
#939 = PCURVE('',#111,#940);
#940 = DEFINITIONAL_REPRESENTATION('',(#941),#944);
#941 = B_SPLINE_CURVE_WITH_KNOTS('',1,(#942,#943),.UNSPECIFIED.,.F.,.F.,
  (2,2),(-157.5567542039,-35.50884579606),.PIECEWISE_BEZIER_KNOTS.);
#942 = CARTESIAN_POINT('',(101.17309444076,-19.72784846877));
#943 = CARTESIAN_POINT('',(-5.641917380853,39.316585615092));
#944 = ( GEOMETRIC_REPRESENTATION_CONTEXT(2) 
PARAMETRIC_REPRESENTATION_CONTEXT() REPRESENTATION_CONTEXT('2D SPACE',''
  ) );
#945 = PCURVE('',#639,#946);
#946 = DEFINITIONAL_REPRESENTATION('',(#947),#950);
#947 = B_SPLINE_CURVE_WITH_KNOTS('',1,(#948,#949),.UNSPECIFIED.,.F.,.F.,
  (2,2),(-157.5567542039,-35.50884579606),.PIECEWISE_BEZIER_KNOTS.);
#948 = CARTESIAN_POINT('',(173.8,217.02395420393));
#949 = CARTESIAN_POINT('',(173.8,94.976045796064));
#950 = ( GEOMETRIC_REPRESENTATION_CONTEXT(2) 
PARAMETRIC_REPRESENTATION_CONTEXT() REPRESENTATION_CONTEXT('2D SPACE',''
  ) );
#951 = ORIENTED_EDGE('',*,*,#952,.T.);
#952 = EDGE_CURVE('',#932,#686,#953,.T.);
#953 = SURFACE_CURVE('',#954,(#957,#963),.PCURVE_S1.);
#954 = B_SPLINE_CURVE_WITH_KNOTS('',1,(#955,#956),.UNSPECIFIED.,.F.,.F.,
  (2,2),(6.,7.),.PIECEWISE_BEZIER_KNOTS.);
#955 = CARTESIAN_POINT('',(-51.48,17.2656,79.));
#956 = CARTESIAN_POINT('',(-51.48,-17.2656,79.));
#957 = PCURVE('',#111,#958);
#958 = DEFINITIONAL_REPRESENTATION('',(#959),#962);
#959 = B_SPLINE_CURVE_WITH_KNOTS('',1,(#960,#961),.UNSPECIFIED.,.F.,.F.,
  (2,2),(6.,7.),.PIECEWISE_BEZIER_KNOTS.);
#960 = CARTESIAN_POINT('',(11.063613986576,49.810070590956));
#961 = CARTESIAN_POINT('',(-5.641917380853,19.58873714632));
#962 = ( GEOMETRIC_REPRESENTATION_CONTEXT(2) 
PARAMETRIC_REPRESENTATION_CONTEXT() REPRESENTATION_CONTEXT('2D SPACE',''
  ) );
#963 = PCURVE('',#662,#964);
#964 = DEFINITIONAL_REPRESENTATION('',(#965),#969);
#965 = LINE('',#966,#967);
#966 = CARTESIAN_POINT('',(0.,1.));
#967 = VECTOR('',#968,1.);
#968 = DIRECTION('',(1.,0.));
#969 = ( GEOMETRIC_REPRESENTATION_CONTEXT(2) 
PARAMETRIC_REPRESENTATION_CONTEXT() REPRESENTATION_CONTEXT('2D SPACE',''
  ) );
#970 = ADVANCED_FACE('',(#971),#202,.T.);
#971 = FACE_BOUND('',#972,.T.);
#972 = EDGE_LOOP('',(#973,#996,#997,#1020));
#973 = ORIENTED_EDGE('',*,*,#974,.F.);
#974 = EDGE_CURVE('',#159,#975,#977,.T.);
#975 = VERTEX_POINT('',#976);
#976 = CARTESIAN_POINT('',(-46.,-41.17259542405,46.));
#977 = SURFACE_CURVE('',#978,(#982,#989),.PCURVE_S1.);
#978 = LINE('',#979,#980);
#979 = CARTESIAN_POINT('',(-46.,-142.,46.));
#980 = VECTOR('',#981,1.);
#981 = DIRECTION('',(0.,1.,0.));
#982 = PCURVE('',#202,#983);
#983 = DEFINITIONAL_REPRESENTATION('',(#984),#988);
#984 = LINE('',#985,#986);
#985 = CARTESIAN_POINT('',(68.,0.));
#986 = VECTOR('',#987,1.);
#987 = DIRECTION('',(0.,-1.));
#988 = ( GEOMETRIC_REPRESENTATION_CONTEXT(2) 
PARAMETRIC_REPRESENTATION_CONTEXT() REPRESENTATION_CONTEXT('2D SPACE',''
  ) );
#989 = PCURVE('',#247,#990);
#990 = DEFINITIONAL_REPRESENTATION('',(#991),#995);
#991 = LINE('',#992,#993);
#992 = CARTESIAN_POINT('',(0.,0.));
#993 = VECTOR('',#994,1.);
#994 = DIRECTION('',(0.,1.));
#995 = ( GEOMETRIC_REPRESENTATION_CONTEXT(2) 
PARAMETRIC_REPRESENTATION_CONTEXT() REPRESENTATION_CONTEXT('2D SPACE',''
  ) );
#996 = ORIENTED_EDGE('',*,*,#158,.T.);
#997 = ORIENTED_EDGE('',*,*,#998,.T.);
#998 = EDGE_CURVE('',#161,#999,#1001,.T.);
#999 = VERTEX_POINT('',#1000);
#1000 = CARTESIAN_POINT('',(-46.,-45.66312772842,-22.));
#1001 = SURFACE_CURVE('',#1002,(#1006,#1013),.PCURVE_S1.);
#1002 = LINE('',#1003,#1004);
#1003 = CARTESIAN_POINT('',(-46.,-142.,-22.));
#1004 = VECTOR('',#1005,1.);
#1005 = DIRECTION('',(0.,1.,0.));
#1006 = PCURVE('',#202,#1007);
#1007 = DEFINITIONAL_REPRESENTATION('',(#1008),#1012);
#1008 = LINE('',#1009,#1010);
#1009 = CARTESIAN_POINT('',(0.,0.));
#1010 = VECTOR('',#1011,1.);
#1011 = DIRECTION('',(0.,-1.));
#1012 = ( GEOMETRIC_REPRESENTATION_CONTEXT(2) 
PARAMETRIC_REPRESENTATION_CONTEXT() REPRESENTATION_CONTEXT('2D SPACE',''
  ) );
#1013 = PCURVE('',#346,#1014);
#1014 = DEFINITIONAL_REPRESENTATION('',(#1015),#1019);
#1015 = LINE('',#1016,#1017);
#1016 = CARTESIAN_POINT('',(0.,0.));
#1017 = VECTOR('',#1018,1.);
#1018 = DIRECTION('',(0.,1.));
#1019 = ( GEOMETRIC_REPRESENTATION_CONTEXT(2) 
PARAMETRIC_REPRESENTATION_CONTEXT() REPRESENTATION_CONTEXT('2D SPACE',''
  ) );
#1020 = ORIENTED_EDGE('',*,*,#1021,.F.);
#1021 = EDGE_CURVE('',#975,#999,#1022,.T.);
#1022 = SURFACE_CURVE('',#1023,(#1040,#1060),.PCURVE_S1.);
#1023 = B_SPLINE_CURVE_WITH_KNOTS('',8,(#1024,#1025,#1026,#1027,#1028,
    #1029,#1030,#1031,#1032,#1033,#1034,#1035,#1036,#1037,#1038,#1039),
  .UNSPECIFIED.,.F.,.F.,(9,7,9),(0.,0.671841538871,1.),.UNSPECIFIED.);
#1024 = CARTESIAN_POINT('',(-46.,-41.17259542405,46.));
#1025 = CARTESIAN_POINT('',(-46.,-42.51834649565,40.412593343076));
#1026 = CARTESIAN_POINT('',(-46.,-43.63454543237,34.772216838603));
#1027 = CARTESIAN_POINT('',(-46.,-44.54211422789,29.092321365155));
#1028 = CARTESIAN_POINT('',(-46.,-45.26096365569,23.38464995437));
#1029 = CARTESIAN_POINT('',(-46.,-45.80623344077,17.65871027095));
#1030 = CARTESIAN_POINT('',(-46.,-46.1883288981,11.921746201014));
#1031 = CARTESIAN_POINT('',(-46.,-46.41289637666,6.178727683329));
#1032 = CARTESIAN_POINT('',(-46.,-46.51236894278,-2.374588152528));
#1033 = CARTESIAN_POINT('',(-46.,-46.507372933,-5.181808669599));
#1034 = CARTESIAN_POINT('',(-46.,-46.46473399513,-7.988899630977));
#1035 = CARTESIAN_POINT('',(-46.,-46.38412106869,-10.79528779494));
#1036 = CARTESIAN_POINT('',(-46.,-46.26487781835,-13.60033391033));
#1037 = CARTESIAN_POINT('',(-46.,-46.10599461602,-16.40333141444));
#1038 = CARTESIAN_POINT('',(-46.,-45.90605087393,-19.20350370695));
#1039 = CARTESIAN_POINT('',(-46.,-45.66312772842,-22.));
#1040 = PCURVE('',#202,#1041);
#1041 = DEFINITIONAL_REPRESENTATION('',(#1042),#1059);
#1042 = B_SPLINE_CURVE_WITH_KNOTS('',8,(#1043,#1044,#1045,#1046,#1047,
    #1048,#1049,#1050,#1051,#1052,#1053,#1054,#1055,#1056,#1057,#1058),
  .UNSPECIFIED.,.F.,.F.,(9,7,9),(0.,0.671841538871,1.),.UNSPECIFIED.);
#1043 = CARTESIAN_POINT('',(68.,-100.8274045759));
#1044 = CARTESIAN_POINT('',(62.412593343076,-99.48165350434));
#1045 = CARTESIAN_POINT('',(56.772216838603,-98.36545456762));
#1046 = CARTESIAN_POINT('',(51.092321365155,-97.4578857721));
#1047 = CARTESIAN_POINT('',(45.38464995437,-96.7390363443));
#1048 = CARTESIAN_POINT('',(39.65871027095,-96.19376655923));
#1049 = CARTESIAN_POINT('',(33.921746201014,-95.81167110189));
#1050 = CARTESIAN_POINT('',(28.178727683329,-95.58710362333));
#1051 = CARTESIAN_POINT('',(19.625411847472,-95.48763105722));
#1052 = CARTESIAN_POINT('',(16.818191330401,-95.49262706699));
#1053 = CARTESIAN_POINT('',(14.011100369023,-95.53526600487));
#1054 = CARTESIAN_POINT('',(11.204712205059,-95.6158789313));
#1055 = CARTESIAN_POINT('',(8.399666089665,-95.73512218164));
#1056 = CARTESIAN_POINT('',(5.596668585557,-95.89400538397));
#1057 = CARTESIAN_POINT('',(2.79649629305,-96.09394912606));
#1058 = CARTESIAN_POINT('',(0.,-96.33687227157));
#1059 = ( GEOMETRIC_REPRESENTATION_CONTEXT(2) 
PARAMETRIC_REPRESENTATION_CONTEXT() REPRESENTATION_CONTEXT('2D SPACE',''
  ) );
#1060 = PCURVE('',#542,#1061);
#1061 = DEFINITIONAL_REPRESENTATION('',(#1062),#1079);
#1062 = B_SPLINE_CURVE_WITH_KNOTS('',8,(#1063,#1064,#1065,#1066,#1067,
    #1068,#1069,#1070,#1071,#1072,#1073,#1074,#1075,#1076,#1077,#1078),
  .UNSPECIFIED.,.F.,.F.,(9,7,9),(0.,0.671841538871,1.),.UNSPECIFIED.);
#1063 = CARTESIAN_POINT('',(3.555935898987E-02,0.779596127586));
#1064 = CARTESIAN_POINT('',(5.032605014164E-02,0.744343067881));
#1065 = CARTESIAN_POINT('',(6.150085473251E-02,0.709559302128));
#1066 = CARTESIAN_POINT('',(7.00897265265E-02,0.675307100719));
#1067 = CARTESIAN_POINT('',(7.662190695608E-02,0.641584551721));
#1068 = CARTESIAN_POINT('',(8.144966163276E-02,0.608346899939));
#1069 = CARTESIAN_POINT('',(8.477879212761E-02,0.575522961003));
#1070 = CARTESIAN_POINT('',(8.672635717262E-02,0.543018037485));
#1071 = CARTESIAN_POINT('',(8.758818197746E-02,0.494926489506));
#1072 = CARTESIAN_POINT('',(8.754444393774E-02,0.479193875905));
#1073 = CARTESIAN_POINT('',(8.717594928321E-02,0.463496972491));
#1074 = CARTESIAN_POINT('',(8.647865618112E-02,0.447821866644));
#1075 = CARTESIAN_POINT('',(8.544298026126E-02,0.432153932919));
#1076 = CARTESIAN_POINT('',(8.405316590129E-02,0.416477538195));
#1077 = CARTESIAN_POINT('',(8.228573297518E-02,0.400775576752));
#1078 = CARTESIAN_POINT('',(8.010699906506E-02,0.385028835287));
#1079 = ( GEOMETRIC_REPRESENTATION_CONTEXT(2) 
PARAMETRIC_REPRESENTATION_CONTEXT() REPRESENTATION_CONTEXT('2D SPACE',''
  ) );
#1080 = ADVANCED_FACE('',(#1081),#346,.T.);
#1081 = FACE_BOUND('',#1082,.T.);
#1082 = EDGE_LOOP('',(#1083,#1084,#1085,#1108));
#1083 = ORIENTED_EDGE('',*,*,#998,.F.);
#1084 = ORIENTED_EDGE('',*,*,#328,.F.);
#1085 = ORIENTED_EDGE('',*,*,#1086,.T.);
#1086 = EDGE_CURVE('',#262,#1087,#1089,.T.);
#1087 = VERTEX_POINT('',#1088);
#1088 = CARTESIAN_POINT('',(46.,-45.66312772842,-22.));
#1089 = SURFACE_CURVE('',#1090,(#1094,#1101),.PCURVE_S1.);
#1090 = LINE('',#1091,#1092);
#1091 = CARTESIAN_POINT('',(46.,-142.,-22.));
#1092 = VECTOR('',#1093,1.);
#1093 = DIRECTION('',(0.,1.,0.));
#1094 = PCURVE('',#346,#1095);
#1095 = DEFINITIONAL_REPRESENTATION('',(#1096),#1100);
#1096 = LINE('',#1097,#1098);
#1097 = CARTESIAN_POINT('',(92.,0.));
#1098 = VECTOR('',#1099,1.);
#1099 = DIRECTION('',(0.,1.));
#1100 = ( GEOMETRIC_REPRESENTATION_CONTEXT(2) 
PARAMETRIC_REPRESENTATION_CONTEXT() REPRESENTATION_CONTEXT('2D SPACE',''
  ) );
#1101 = PCURVE('',#303,#1102);
#1102 = DEFINITIONAL_REPRESENTATION('',(#1103),#1107);
#1103 = LINE('',#1104,#1105);
#1104 = CARTESIAN_POINT('',(0.,0.));
#1105 = VECTOR('',#1106,1.);
#1106 = DIRECTION('',(0.,-1.));
#1107 = ( GEOMETRIC_REPRESENTATION_CONTEXT(2) 
PARAMETRIC_REPRESENTATION_CONTEXT() REPRESENTATION_CONTEXT('2D SPACE',''
  ) );
#1108 = ORIENTED_EDGE('',*,*,#1109,.T.);
#1109 = EDGE_CURVE('',#1087,#999,#1110,.T.);
#1110 = SURFACE_CURVE('',#1111,(#1117,#1126),.PCURVE_S1.);
#1111 = B_SPLINE_CURVE_WITH_KNOTS('',4,(#1112,#1113,#1114,#1115,#1116),
  .UNSPECIFIED.,.F.,.F.,(5,5),(0.,1.),.PIECEWISE_BEZIER_KNOTS.);
#1112 = CARTESIAN_POINT('',(46.,-45.66312772842,-22.));
#1113 = CARTESIAN_POINT('',(23.,-45.66312772842,-22.));
#1114 = CARTESIAN_POINT('',(1.136868377216E-13,-45.66312772842,-22.));
#1115 = CARTESIAN_POINT('',(-23.,-45.66312772842,-22.));
#1116 = CARTESIAN_POINT('',(-46.,-45.66312772842,-22.));
#1117 = PCURVE('',#346,#1118);
#1118 = DEFINITIONAL_REPRESENTATION('',(#1119),#1125);
#1119 = B_SPLINE_CURVE_WITH_KNOTS('',4,(#1120,#1121,#1122,#1123,#1124),
  .UNSPECIFIED.,.F.,.F.,(5,5),(0.,1.),.PIECEWISE_BEZIER_KNOTS.);
#1120 = CARTESIAN_POINT('',(92.,96.336872271575));
#1121 = CARTESIAN_POINT('',(69.,96.336872271575));
#1122 = CARTESIAN_POINT('',(46.,96.336872271575));
#1123 = CARTESIAN_POINT('',(23.,96.336872271575));
#1124 = CARTESIAN_POINT('',(0.,96.336872271575));
#1125 = ( GEOMETRIC_REPRESENTATION_CONTEXT(2) 
PARAMETRIC_REPRESENTATION_CONTEXT() REPRESENTATION_CONTEXT('2D SPACE',''
  ) );
#1126 = PCURVE('',#542,#1127);
#1127 = DEFINITIONAL_REPRESENTATION('',(#1128),#1134);
#1128 = B_SPLINE_CURVE_WITH_KNOTS('',4,(#1129,#1130,#1131,#1132,#1133),
  .UNSPECIFIED.,.F.,.F.,(5,5),(0.,1.),.PIECEWISE_BEZIER_KNOTS.);
#1129 = CARTESIAN_POINT('',(0.919893000935,0.385028835287));
#1130 = CARTESIAN_POINT('',(0.709946500467,0.385028835287));
#1131 = CARTESIAN_POINT('',(0.5,0.385028835287));
#1132 = CARTESIAN_POINT('',(0.290053499533,0.385028835287));
#1133 = CARTESIAN_POINT('',(8.010699906506E-02,0.385028835287));
#1134 = ( GEOMETRIC_REPRESENTATION_CONTEXT(2) 
PARAMETRIC_REPRESENTATION_CONTEXT() REPRESENTATION_CONTEXT('2D SPACE',''
  ) );
#1135 = ADVANCED_FACE('',(#1136),#303,.F.);
#1136 = FACE_BOUND('',#1137,.F.);
#1137 = EDGE_LOOP('',(#1138,#1161,#1162,#1163));
#1138 = ORIENTED_EDGE('',*,*,#1139,.F.);
#1139 = EDGE_CURVE('',#228,#1140,#1142,.T.);
#1140 = VERTEX_POINT('',#1141);
#1141 = CARTESIAN_POINT('',(46.,-41.17259542405,46.));
#1142 = SURFACE_CURVE('',#1143,(#1147,#1154),.PCURVE_S1.);
#1143 = LINE('',#1144,#1145);
#1144 = CARTESIAN_POINT('',(46.,-142.,46.));
#1145 = VECTOR('',#1146,1.);
#1146 = DIRECTION('',(0.,1.,0.));
#1147 = PCURVE('',#303,#1148);
#1148 = DEFINITIONAL_REPRESENTATION('',(#1149),#1153);
#1149 = LINE('',#1150,#1151);
#1150 = CARTESIAN_POINT('',(68.,0.));
#1151 = VECTOR('',#1152,1.);
#1152 = DIRECTION('',(0.,-1.));
#1153 = ( GEOMETRIC_REPRESENTATION_CONTEXT(2) 
PARAMETRIC_REPRESENTATION_CONTEXT() REPRESENTATION_CONTEXT('2D SPACE',''
  ) );
#1154 = PCURVE('',#247,#1155);
#1155 = DEFINITIONAL_REPRESENTATION('',(#1156),#1160);
#1156 = LINE('',#1157,#1158);
#1157 = CARTESIAN_POINT('',(92.,0.));
#1158 = VECTOR('',#1159,1.);
#1159 = DIRECTION('',(0.,1.));
#1160 = ( GEOMETRIC_REPRESENTATION_CONTEXT(2) 
PARAMETRIC_REPRESENTATION_CONTEXT() REPRESENTATION_CONTEXT('2D SPACE',''
  ) );
#1161 = ORIENTED_EDGE('',*,*,#261,.F.);
#1162 = ORIENTED_EDGE('',*,*,#1086,.T.);
#1163 = ORIENTED_EDGE('',*,*,#1164,.T.);
#1164 = EDGE_CURVE('',#1087,#1140,#1165,.T.);
#1165 = SURFACE_CURVE('',#1166,(#1183,#1203),.PCURVE_S1.);
#1166 = B_SPLINE_CURVE_WITH_KNOTS('',8,(#1167,#1168,#1169,#1170,#1171,
    #1172,#1173,#1174,#1175,#1176,#1177,#1178,#1179,#1180,#1181,#1182),
  .UNSPECIFIED.,.F.,.F.,(9,7,9),(0.,0.329183708245,1.),.UNSPECIFIED.);
#1167 = CARTESIAN_POINT('',(46.,-45.66312772842,-22.));
#1168 = CARTESIAN_POINT('',(46.,-45.90680970299,-19.19476817603));
#1169 = CARTESIAN_POINT('',(46.,-46.10724330891,-16.38583779977));
#1170 = CARTESIAN_POINT('',(46.,-46.26636548954,-13.57406719077));
#1171 = CARTESIAN_POINT('',(46.,-46.38560864171,-10.76023980068));
#1172 = CARTESIAN_POINT('',(46.,-46.46598927988,-7.945068390996));
#1173 = CARTESIAN_POINT('',(46.,-46.50816652944,-5.129197775886));
#1174 = CARTESIAN_POINT('',(46.,-46.5124704492,-2.313206129983));
#1175 = CARTESIAN_POINT('',(46.,-46.41049011027,6.240076423952));
#1176 = CARTESIAN_POINT('',(46.,-46.1848245353,11.974274467695));
#1177 = CARTESIAN_POINT('',(46.,-45.80206902673,17.702394227213));
#1178 = CARTESIAN_POINT('',(46.,-45.25657394817,23.419481421612));
#1179 = CARTESIAN_POINT('',(46.,-44.5379590367,29.118317723399));
#1180 = CARTESIAN_POINT('',(46.,-43.63113869564,34.789430975278));
#1181 = CARTESIAN_POINT('',(46.,-42.51629178997,40.421124249328));
#1182 = CARTESIAN_POINT('',(46.,-41.17259542405,46.));
#1183 = PCURVE('',#303,#1184);
#1184 = DEFINITIONAL_REPRESENTATION('',(#1185),#1202);
#1185 = B_SPLINE_CURVE_WITH_KNOTS('',8,(#1186,#1187,#1188,#1189,#1190,
    #1191,#1192,#1193,#1194,#1195,#1196,#1197,#1198,#1199,#1200,#1201),
  .UNSPECIFIED.,.F.,.F.,(9,7,9),(0.,0.329183708245,1.),.UNSPECIFIED.);
#1186 = CARTESIAN_POINT('',(0.,-96.33687227157));
#1187 = CARTESIAN_POINT('',(2.805231823967,-96.093190297));
#1188 = CARTESIAN_POINT('',(5.614162200224,-95.89275669108));
#1189 = CARTESIAN_POINT('',(8.425932809221,-95.73363451046));
#1190 = CARTESIAN_POINT('',(11.239760199317,-95.61439135828));
#1191 = CARTESIAN_POINT('',(14.054931609004,-95.53401072011));
#1192 = CARTESIAN_POINT('',(16.870802224114,-95.49183347055));
#1193 = CARTESIAN_POINT('',(19.686793870017,-95.48752955079));
#1194 = CARTESIAN_POINT('',(28.240076423952,-95.58950988972));
#1195 = CARTESIAN_POINT('',(33.974274467695,-95.81517546469));
#1196 = CARTESIAN_POINT('',(39.702394227213,-96.19793097326));
#1197 = CARTESIAN_POINT('',(45.419481421612,-96.74342605182));
#1198 = CARTESIAN_POINT('',(51.118317723399,-97.46204096329));
#1199 = CARTESIAN_POINT('',(56.789430975278,-98.36886130435));
#1200 = CARTESIAN_POINT('',(62.421124249328,-99.48370821002));
#1201 = CARTESIAN_POINT('',(68.,-100.8274045759));
#1202 = ( GEOMETRIC_REPRESENTATION_CONTEXT(2) 
PARAMETRIC_REPRESENTATION_CONTEXT() REPRESENTATION_CONTEXT('2D SPACE',''
  ) );
#1203 = PCURVE('',#542,#1204);
#1204 = DEFINITIONAL_REPRESENTATION('',(#1205),#1222);
#1205 = B_SPLINE_CURVE_WITH_KNOTS('',8,(#1206,#1207,#1208,#1209,#1210,
    #1211,#1212,#1213,#1214,#1215,#1216,#1217,#1218,#1219,#1220,#1221),
  .UNSPECIFIED.,.F.,.F.,(9,7,9),(0.,0.329183708245,1.),.UNSPECIFIED.);
#1206 = CARTESIAN_POINT('',(0.919893000935,0.385028835287));
#1207 = CARTESIAN_POINT('',(0.917707461224,0.400824765499));
#1208 = CARTESIAN_POINT('',(0.915935796278,0.416575632999));
#1209 = CARTESIAN_POINT('',(0.914544007116,0.432300834227));
#1210 = CARTESIAN_POINT('',(0.913508424369,0.44801763037));
#1211 = CARTESIAN_POINT('',(0.912813192956,0.463741792266));
#1212 = CARTESIAN_POINT('',(0.912448697521,0.479488072156));
#1213 = CARTESIAN_POINT('',(0.912410928613,0.495270502266));
#1214 = CARTESIAN_POINT('',(0.913294511266,0.543365282082));
#1215 = CARTESIAN_POINT('',(0.915251746187,0.575823517517));
#1216 = CARTESIAN_POINT('',(0.918587208651,0.608600488754));
#1217 = CARTESIAN_POINT('',(0.9234179922,0.641790357217));
#1218 = CARTESIAN_POINT('',(0.929949598912,0.675463874132));
#1219 = CARTESIAN_POINT('',(0.938533253403,0.709665460992));
#1220 = CARTESIAN_POINT('',(0.949696495785,0.744396892592));
#1221 = CARTESIAN_POINT('',(0.96444064101,0.779596127586));
#1222 = ( GEOMETRIC_REPRESENTATION_CONTEXT(2) 
PARAMETRIC_REPRESENTATION_CONTEXT() REPRESENTATION_CONTEXT('2D SPACE',''
  ) );
#1223 = ADVANCED_FACE('',(#1224),#247,.F.);
#1224 = FACE_BOUND('',#1225,.F.);
#1225 = EDGE_LOOP('',(#1226,#1227,#1228,#1229));
#1226 = ORIENTED_EDGE('',*,*,#974,.F.);
#1227 = ORIENTED_EDGE('',*,*,#227,.F.);
#1228 = ORIENTED_EDGE('',*,*,#1139,.T.);
#1229 = ORIENTED_EDGE('',*,*,#1230,.T.);
#1230 = EDGE_CURVE('',#1140,#975,#1231,.T.);
#1231 = SURFACE_CURVE('',#1232,(#1238,#1247),.PCURVE_S1.);
#1232 = B_SPLINE_CURVE_WITH_KNOTS('',4,(#1233,#1234,#1235,#1236,#1237),
  .UNSPECIFIED.,.F.,.F.,(5,5),(0.,1.),.PIECEWISE_BEZIER_KNOTS.);
#1233 = CARTESIAN_POINT('',(46.,-41.17259542405,46.));
#1234 = CARTESIAN_POINT('',(23.,-41.17259542405,46.));
#1235 = CARTESIAN_POINT('',(1.42108547152E-14,-41.17259542405,46.));
#1236 = CARTESIAN_POINT('',(-23.,-41.17259542405,46.));
#1237 = CARTESIAN_POINT('',(-46.,-41.17259542405,46.));
#1238 = PCURVE('',#247,#1239);
#1239 = DEFINITIONAL_REPRESENTATION('',(#1240),#1246);
#1240 = B_SPLINE_CURVE_WITH_KNOTS('',4,(#1241,#1242,#1243,#1244,#1245),
  .UNSPECIFIED.,.F.,.F.,(5,5),(0.,1.),.PIECEWISE_BEZIER_KNOTS.);
#1241 = CARTESIAN_POINT('',(92.,100.82740457594));
#1242 = CARTESIAN_POINT('',(69.,100.82740457594));
#1243 = CARTESIAN_POINT('',(46.,100.82740457594));
#1244 = CARTESIAN_POINT('',(23.,100.82740457594));
#1245 = CARTESIAN_POINT('',(0.,100.82740457594));
#1246 = ( GEOMETRIC_REPRESENTATION_CONTEXT(2) 
PARAMETRIC_REPRESENTATION_CONTEXT() REPRESENTATION_CONTEXT('2D SPACE',''
  ) );
#1247 = PCURVE('',#542,#1248);
#1248 = DEFINITIONAL_REPRESENTATION('',(#1249),#1255);
#1249 = B_SPLINE_CURVE_WITH_KNOTS('',4,(#1250,#1251,#1252,#1253,#1254),
  .UNSPECIFIED.,.F.,.F.,(5,5),(0.,1.),.PIECEWISE_BEZIER_KNOTS.);
#1250 = CARTESIAN_POINT('',(0.96444064101,0.779596127586));
#1251 = CARTESIAN_POINT('',(0.732220320505,0.779596127586));
#1252 = CARTESIAN_POINT('',(0.5,0.779596127586));
#1253 = CARTESIAN_POINT('',(0.267779679495,0.779596127586));
#1254 = CARTESIAN_POINT('',(3.555935898987E-02,0.779596127586));
#1255 = ( GEOMETRIC_REPRESENTATION_CONTEXT(2) 
PARAMETRIC_REPRESENTATION_CONTEXT() REPRESENTATION_CONTEXT('2D SPACE',''
  ) );
#1256 = ADVANCED_FACE('',(#1257),#662,.T.);
#1257 = FACE_BOUND('',#1258,.T.);
#1258 = EDGE_LOOP('',(#1259,#1445,#1446,#1447));
#1259 = ORIENTED_EDGE('',*,*,#1260,.F.);
#1260 = EDGE_CURVE('',#625,#932,#1261,.T.);
#1261 = SURFACE_CURVE('',#1262,(#1321,#1383),.PCURVE_S1.);
#1262 = B_SPLINE_CURVE_WITH_KNOTS('',8,(#1263,#1264,#1265,#1266,#1267,
    #1268,#1269,#1270,#1271,#1272,#1273,#1274,#1275,#1276,#1277,#1278,
    #1279,#1280,#1281,#1282,#1283,#1284,#1285,#1286,#1287,#1288,#1289,
    #1290,#1291,#1292,#1293,#1294,#1295,#1296,#1297,#1298,#1299,#1300,
    #1301,#1302,#1303,#1304,#1305,#1306,#1307,#1308,#1309,#1310,#1311,
    #1312,#1313,#1314,#1315,#1316,#1317,#1318,#1319,#1320),
  .UNSPECIFIED.,.F.,.F.,(9,7,7,7,7,7,7,7,9),(0.,1.757741699378E-02,
    0.196980145181,0.281897599944,0.345709983891,0.516742966621,
    0.7032947146,0.862629805342,1.),.UNSPECIFIED.);
#1263 = CARTESIAN_POINT('',(-46.8,0.,-79.));
#1264 = CARTESIAN_POINT('',(-47.13415672739,0.,-78.80530522448));
#1265 = CARTESIAN_POINT('',(-47.46669408858,0.,-78.60783096918));
#1266 = CARTESIAN_POINT('',(-47.79758234106,0.,-78.40758848681));
#1267 = CARTESIAN_POINT('',(-48.12679242518,0.,-78.20459029686));
#1268 = CARTESIAN_POINT('',(-48.45429596418,0.,-77.99885018549));
#1269 = CARTESIAN_POINT('',(-48.78006526418,0.,-77.79038320565));
#1270 = CARTESIAN_POINT('',(-49.10407331416,0.,-77.57920567697));
#1271 = CARTESIAN_POINT('',(-52.71501543059,0.,-75.18248035556));
#1272 = CARTESIAN_POINT('',(-55.81821943107,0.,-72.71863565358));
#1273 = CARTESIAN_POINT('',(-58.70335198028,0.,-69.99524041549));
#1274 = CARTESIAN_POINT('',(-61.35636580578,0.,-67.04339444751));
#1275 = CARTESIAN_POINT('',(-63.77546502257,0.,-63.89845659869));
#1276 = CARTESIAN_POINT('',(-65.96616903775,0.,-60.59564678747));
#1277 = CARTESIAN_POINT('',(-67.93842318653,0.,-57.16749017757));
#1278 = CARTESIAN_POINT('',(-70.54034492982,0.,-51.97303788385));
#1279 = CARTESIAN_POINT('',(-71.33054315778,0.,-50.28140218701));
#1280 = CARTESIAN_POINT('',(-72.07645987258,0.,-48.56938326669));
#1281 = CARTESIAN_POINT('',(-72.77955059742,0.,-46.83921991998));
#1282 = CARTESIAN_POINT('',(-73.44126168418,0.,-45.09293245951));
#1283 = CARTESIAN_POINT('',(-74.06300462101,0.,-43.33231235581));
#1284 = CARTESIAN_POINT('',(-74.64613648092,0.,-41.55891445062));
#1285 = CARTESIAN_POINT('',(-75.60210293115,0.,-38.43279222246));
#1286 = CARTESIAN_POINT('',(-75.99117291848,0.,-37.08509412653));
#1287 = CARTESIAN_POINT('',(-76.35969988195,0.,-35.73153211449));
#1288 = CARTESIAN_POINT('',(-76.7081965613,0.,-34.37263779333));
#1289 = CARTESIAN_POINT('',(-77.03714515737,0.,-33.00889976123));
#1290 = CARTESIAN_POINT('',(-77.34699746201,0.,-31.64076365285));
#1291 = CARTESIAN_POINT('',(-77.63817498811,0.,-30.26863218467));
#1292 = CARTESIAN_POINT('',(-78.64249286016,0.,-25.20546917577));
#1293 = CARTESIAN_POINT('',(-79.24244611922,0.,-21.49259897891));
#1294 = CARTESIAN_POINT('',(-79.7186745654,0.,-17.76050627935));
#1295 = CARTESIAN_POINT('',(-80.07690622634,0.,-14.01472755611));
#1296 = CARTESIAN_POINT('',(-80.32130046411,0.,-10.26013172931));
#1297 = CARTESIAN_POINT('',(-80.45462936182,0.,-6.500940110696));
#1298 = CARTESIAN_POINT('',(-80.47830051053,0.,-2.740731774321));
#1299 = CARTESIAN_POINT('',(-80.29855934188,0.,5.116846730127));
#1300 = CARTESIAN_POINT('',(-80.07437282763,0.,9.212733566117));
#1301 = CARTESIAN_POINT('',(-79.71991978876,0.,13.30110392671));
#1302 = CARTESIAN_POINT('',(-79.23346313735,0.,17.377024557068));
#1303 = CARTESIAN_POINT('',(-78.61179031325,0.,21.434791510582));
#1304 = CARTESIAN_POINT('',(-77.85047154555,0.,25.46796863828));
#1305 = CARTESIAN_POINT('',(-76.9442634552,0.,29.469451294787));
#1306 = CARTESIAN_POINT('',(-74.98575643147,0.,36.815689109181));
#1307 = CARTESIAN_POINT('',(-73.9740682817,0.,40.171055144937));
#1308 = CARTESIAN_POINT('',(-72.8498874328,0.,43.492020408684));
#1309 = CARTESIAN_POINT('',(-71.61043425756,0.,46.772558581411));
#1310 = CARTESIAN_POINT('',(-70.25352953919,0.,50.006442155634));
#1311 = CARTESIAN_POINT('',(-68.77818453847,0.,53.187482911649));
#1312 = CARTESIAN_POINT('',(-67.18522001805,0.,56.309780083063));
#1313 = CARTESIAN_POINT('',(-64.00562195313,0.,62.004438962671));
#1314 = CARTESIAN_POINT('',(-62.44818477227,0.,64.593638619962));
#1315 = CARTESIAN_POINT('',(-60.80740686233,0.,67.131899091247));
#1316 = CARTESIAN_POINT('',(-59.08613311663,0.,69.61661164982));
#1317 = CARTESIAN_POINT('',(-57.28806511472,0.,72.046150688198));
#1318 = CARTESIAN_POINT('',(-55.4176423362,0.,74.419783561052));
#1319 = CARTESIAN_POINT('',(-53.4798500095,0.,76.737529080501));
#1320 = CARTESIAN_POINT('',(-51.48,0.,79.));
#1321 = PCURVE('',#662,#1322);
#1322 = DEFINITIONAL_REPRESENTATION('',(#1323),#1382);
#1323 = B_SPLINE_CURVE_WITH_KNOTS('',8,(#1324,#1325,#1326,#1327,#1328,
    #1329,#1330,#1331,#1332,#1333,#1334,#1335,#1336,#1337,#1338,#1339,
    #1340,#1341,#1342,#1343,#1344,#1345,#1346,#1347,#1348,#1349,#1350,
    #1351,#1352,#1353,#1354,#1355,#1356,#1357,#1358,#1359,#1360,#1361,
    #1362,#1363,#1364,#1365,#1366,#1367,#1368,#1369,#1370,#1371,#1372,
    #1373,#1374,#1375,#1376,#1377,#1378,#1379,#1380,#1381),
  .UNSPECIFIED.,.F.,.F.,(9,7,7,7,7,7,7,7,9),(0.,1.757741699378E-02,
    0.196980145181,0.281897599944,0.345709983891,0.516742966621,
    0.7032947146,0.862629805342,1.),.UNSPECIFIED.);
#1324 = CARTESIAN_POINT('',(6.5,0.));
#1325 = CARTESIAN_POINT('',(6.5,2.106565554955E-03));
#1326 = CARTESIAN_POINT('',(6.5,4.218662871332E-03));
#1327 = CARTESIAN_POINT('',(6.5,6.336162278426E-03));
#1328 = CARTESIAN_POINT('',(6.5,8.458931931246E-03));
#1329 = CARTESIAN_POINT('',(6.5,1.058683781052E-02));
#1330 = CARTESIAN_POINT('',(6.5,1.271974372268E-02));
#1331 = CARTESIAN_POINT('',(6.5,1.485751129988E-02));
#1332 = CARTESIAN_POINT('',(6.5,3.886716728898E-02));
#1333 = CARTESIAN_POINT('',(6.5,6.123076042338E-02));
#1334 = CARTESIAN_POINT('',(6.5,8.391215662609E-02));
#1335 = CARTESIAN_POINT('',(6.5,0.106768047854));
#1336 = CARTESIAN_POINT('',(6.5,0.129683626697));
#1337 = CARTESIAN_POINT('',(6.5,0.152568450492));
#1338 = CARTESIAN_POINT('',(6.5,0.17535504401));
#1339 = CARTESIAN_POINT('',(6.5,0.20871863313));
#1340 = CARTESIAN_POINT('',(6.5,0.219411865789));
#1341 = CARTESIAN_POINT('',(6.5,0.230078020248));
#1342 = CARTESIAN_POINT('',(6.5,0.240716243339));
#1343 = CARTESIAN_POINT('',(6.5,0.251326464207));
#1344 = CARTESIAN_POINT('',(6.5,0.261909378765));
#1345 = CARTESIAN_POINT('',(6.5,0.272466460837));
#1346 = CARTESIAN_POINT('',(6.5,0.290915572214));
#1347 = CARTESIAN_POINT('',(6.5,0.298817639601));
#1348 = CARTESIAN_POINT('',(6.5,0.306707074393));
#1349 = CARTESIAN_POINT('',(6.5,0.314584808853));
#1350 = CARTESIAN_POINT('',(6.5,0.322451844391));
#1351 = CARTESIAN_POINT('',(6.5,0.330309260666));
#1352 = CARTESIAN_POINT('',(6.5,0.338158224704));
#1353 = CARTESIAN_POINT('',(6.5,0.367017898657));
#1354 = CARTESIAN_POINT('',(6.5,0.387980495939));
#1355 = CARTESIAN_POINT('',(6.5,0.408916088806));
#1356 = CARTESIAN_POINT('',(6.5,0.429849172738));
#1357 = CARTESIAN_POINT('',(6.5,0.450802359706));
#1358 = CARTESIAN_POINT('',(6.5,0.471797441901));
#1359 = CARTESIAN_POINT('',(6.5,0.492856005659));
#1360 = CARTESIAN_POINT('',(6.5,0.537062505492));
#1361 = CARTESIAN_POINT('',(6.5,0.560220353522));
#1362 = CARTESIAN_POINT('',(6.5,0.583500260746));
#1363 = CARTESIAN_POINT('',(6.5,0.606919511919));
#1364 = CARTESIAN_POINT('',(6.5,0.630486576134));
#1365 = CARTESIAN_POINT('',(6.5,0.654200092505));
#1366 = CARTESIAN_POINT('',(6.5,0.678046926732));
#1367 = CARTESIAN_POINT('',(6.5,0.722458479452));
#1368 = CARTESIAN_POINT('',(6.5,0.742994279055));
#1369 = CARTESIAN_POINT('',(6.5,0.763585018344));
#1370 = CARTESIAN_POINT('',(6.5,0.78420015313));
#1371 = CARTESIAN_POINT('',(6.5,0.804800455318));
#1372 = CARTESIAN_POINT('',(6.5,0.825338121932));
#1373 = CARTESIAN_POINT('',(6.5,0.845757948263));
#1374 = CARTESIAN_POINT('',(6.5,0.883451614547));
#1375 = CARTESIAN_POINT('',(6.5,0.90077348652));
#1376 = CARTESIAN_POINT('',(6.5,0.917926561436));
#1377 = CARTESIAN_POINT('',(6.5,0.93487393614));
#1378 = CARTESIAN_POINT('',(6.5,0.951581944822));
#1379 = CARTESIAN_POINT('',(6.5,0.968021163526));
#1380 = CARTESIAN_POINT('',(6.5,0.984167058041));
#1381 = CARTESIAN_POINT('',(6.5,1.));
#1382 = ( GEOMETRIC_REPRESENTATION_CONTEXT(2) 
PARAMETRIC_REPRESENTATION_CONTEXT() REPRESENTATION_CONTEXT('2D SPACE',''
  ) );
#1383 = PCURVE('',#639,#1384);
#1384 = DEFINITIONAL_REPRESENTATION('',(#1385),#1444);
#1385 = B_SPLINE_CURVE_WITH_KNOTS('',8,(#1386,#1387,#1388,#1389,#1390,
    #1391,#1392,#1393,#1394,#1395,#1396,#1397,#1398,#1399,#1400,#1401,
    #1402,#1403,#1404,#1405,#1406,#1407,#1408,#1409,#1410,#1411,#1412,
    #1413,#1414,#1415,#1416,#1417,#1418,#1419,#1420,#1421,#1422,#1423,
    #1424,#1425,#1426,#1427,#1428,#1429,#1430,#1431,#1432,#1433,#1434,
    #1435,#1436,#1437,#1438,#1439,#1440,#1441,#1442,#1443),
  .UNSPECIFIED.,.F.,.F.,(9,7,7,7,7,7,7,7,9),(0.,1.757741699378E-02,
    0.196980145181,0.281897599944,0.345709983891,0.516742966621,
    0.7032947146,0.862629805342,1.),.UNSPECIFIED.);
#1386 = CARTESIAN_POINT('',(15.8,109.2));
#1387 = CARTESIAN_POINT('',(15.994694775513,108.8658432726));
#1388 = CARTESIAN_POINT('',(16.192169030818,108.53330591141));
#1389 = CARTESIAN_POINT('',(16.392411513181,108.20241765893));
#1390 = CARTESIAN_POINT('',(16.595409703139,107.87320757481));
#1391 = CARTESIAN_POINT('',(16.801149814502,107.54570403581));
#1392 = CARTESIAN_POINT('',(17.009616794348,107.21993473581));
#1393 = CARTESIAN_POINT('',(17.220794323028,106.89592668583));
#1394 = CARTESIAN_POINT('',(19.617519644432,103.2849845694));
#1395 = CARTESIAN_POINT('',(22.081364346412,100.18178056892));
#1396 = CARTESIAN_POINT('',(24.804759584501,97.296648019719));
#1397 = CARTESIAN_POINT('',(27.756605552483,94.643634194216));
#1398 = CARTESIAN_POINT('',(30.901543401301,92.224534977427));
#1399 = CARTESIAN_POINT('',(34.204353212522,90.033830962247));
#1400 = CARTESIAN_POINT('',(37.632509822424,88.061576813465));
#1401 = CARTESIAN_POINT('',(42.826962116141,85.459655070172));
#1402 = CARTESIAN_POINT('',(44.518597812982,84.669456842216));
#1403 = CARTESIAN_POINT('',(46.230616733309,83.923540127417));
#1404 = CARTESIAN_POINT('',(47.960780080018,83.22044940258));
#1405 = CARTESIAN_POINT('',(49.707067540487,82.558738315817));
#1406 = CARTESIAN_POINT('',(51.46768764419,81.936995378982));
#1407 = CARTESIAN_POINT('',(53.241085549377,81.353863519078));
#1408 = CARTESIAN_POINT('',(56.367207777533,80.397897068848));
#1409 = CARTESIAN_POINT('',(57.714905873469,80.00882708152));
#1410 = CARTESIAN_POINT('',(59.068467885508,79.640300118048));
#1411 = CARTESIAN_POINT('',(60.427362206663,79.291803438692));
#1412 = CARTESIAN_POINT('',(61.791100238764,78.962854842629));
#1413 = CARTESIAN_POINT('',(63.159236347143,78.653002537987));
#1414 = CARTESIAN_POINT('',(64.531367815323,78.361825011887));
#1415 = CARTESIAN_POINT('',(69.594530824222,77.357507139832));
#1416 = CARTESIAN_POINT('',(73.30740102109,76.757553880776));
#1417 = CARTESIAN_POINT('',(77.03949372065,76.281325434597));
#1418 = CARTESIAN_POINT('',(80.785272443882,75.923093773658));
#1419 = CARTESIAN_POINT('',(84.539868270689,75.678699535885));
#1420 = CARTESIAN_POINT('',(88.299059889304,75.54537063818));
#1421 = CARTESIAN_POINT('',(92.059268225679,75.521699489464));
#1422 = CARTESIAN_POINT('',(99.916846730127,75.701440658113));
#1423 = CARTESIAN_POINT('',(104.01273356611,75.92562717237));
#1424 = CARTESIAN_POINT('',(108.10110392671,76.280080211232));
#1425 = CARTESIAN_POINT('',(112.17702455706,76.766536862641));
#1426 = CARTESIAN_POINT('',(116.23479151058,77.388209686742));
#1427 = CARTESIAN_POINT('',(120.26796863828,78.149528454444));
#1428 = CARTESIAN_POINT('',(124.26945129478,79.055736544794));
#1429 = CARTESIAN_POINT('',(131.61568910918,81.014243568522));
#1430 = CARTESIAN_POINT('',(134.97105514493,82.025931718299));
#1431 = CARTESIAN_POINT('',(138.29202040868,83.150112567191));
#1432 = CARTESIAN_POINT('',(141.57255858141,84.38956574244));
#1433 = CARTESIAN_POINT('',(144.80644215563,85.746470460805));
#1434 = CARTESIAN_POINT('',(147.98748291164,87.221815461524));
#1435 = CARTESIAN_POINT('',(151.10978008306,88.814779981949));
#1436 = CARTESIAN_POINT('',(156.80443896267,91.994378046865));
#1437 = CARTESIAN_POINT('',(159.39363861996,93.551815227729));
#1438 = CARTESIAN_POINT('',(161.93189909124,95.192593137663));
#1439 = CARTESIAN_POINT('',(164.41661164982,96.913866883365));
#1440 = CARTESIAN_POINT('',(166.84615068819,98.71193488528));
#1441 = CARTESIAN_POINT('',(169.21978356105,100.58235766379));
#1442 = CARTESIAN_POINT('',(171.5375290805,102.5201499905));
#1443 = CARTESIAN_POINT('',(173.8,104.52));
#1444 = ( GEOMETRIC_REPRESENTATION_CONTEXT(2) 
PARAMETRIC_REPRESENTATION_CONTEXT() REPRESENTATION_CONTEXT('2D SPACE',''
  ) );
#1445 = ORIENTED_EDGE('',*,*,#650,.T.);
#1446 = ORIENTED_EDGE('',*,*,#706,.T.);
#1447 = ORIENTED_EDGE('',*,*,#952,.F.);
#1448 = ADVANCED_FACE('',(#1449),#639,.T.);
#1449 = FACE_BOUND('',#1450,.T.);
#1450 = EDGE_LOOP('',(#1451,#1637,#1638,#1639));
#1451 = ORIENTED_EDGE('',*,*,#1452,.F.);
#1452 = EDGE_CURVE('',#593,#911,#1453,.T.);
#1453 = SURFACE_CURVE('',#1454,(#1513,#1575),.PCURVE_S1.);
#1454 = B_SPLINE_CURVE_WITH_KNOTS('',8,(#1455,#1456,#1457,#1458,#1459,
    #1460,#1461,#1462,#1463,#1464,#1465,#1466,#1467,#1468,#1469,#1470,
    #1471,#1472,#1473,#1474,#1475,#1476,#1477,#1478,#1479,#1480,#1481,
    #1482,#1483,#1484,#1485,#1486,#1487,#1488,#1489,#1490,#1491,#1492,
    #1493,#1494,#1495,#1496,#1497,#1498,#1499,#1500,#1501,#1502,#1503,
    #1504,#1505,#1506,#1507,#1508,#1509,#1510,#1511,#1512),
  .UNSPECIFIED.,.F.,.F.,(9,7,7,7,7,7,7,7,9),(0.,1.757741699394E-02,
    0.196980145182,0.281897599945,0.345709983892,0.516742966622,
    0.703294714601,0.862629805343,1.),.UNSPECIFIED.);
#1455 = CARTESIAN_POINT('',(-43.8,0.,-79.));
#1456 = CARTESIAN_POINT('',(-44.13415672739,0.,-78.80530522448));
#1457 = CARTESIAN_POINT('',(-44.46669408858,0.,-78.60783096918));
#1458 = CARTESIAN_POINT('',(-44.79758234106,0.,-78.40758848681));
#1459 = CARTESIAN_POINT('',(-45.12679242518,0.,-78.20459029686));
#1460 = CARTESIAN_POINT('',(-45.45429596418,0.,-77.99885018549));
#1461 = CARTESIAN_POINT('',(-45.78006526418,0.,-77.79038320565));
#1462 = CARTESIAN_POINT('',(-46.10407331416,0.,-77.57920567697));
#1463 = CARTESIAN_POINT('',(-49.71501543057,0.,-75.18248035557));
#1464 = CARTESIAN_POINT('',(-52.81821943113,0.,-72.71863565354));
#1465 = CARTESIAN_POINT('',(-55.70335198015,0.,-69.99524041559));
#1466 = CARTESIAN_POINT('',(-58.35636580593,0.,-67.04339444738));
#1467 = CARTESIAN_POINT('',(-60.77546502246,0.,-63.89845659881));
#1468 = CARTESIAN_POINT('',(-62.96616903779,0.,-60.59564678742));
#1469 = CARTESIAN_POINT('',(-64.93842318652,0.,-57.16749017759));
#1470 = CARTESIAN_POINT('',(-67.54034492982,0.,-51.97303788386));
#1471 = CARTESIAN_POINT('',(-68.33054315778,0.,-50.28140218701));
#1472 = CARTESIAN_POINT('',(-69.07645987258,0.,-48.56938326669));
#1473 = CARTESIAN_POINT('',(-69.77955059741,0.,-46.83921991998));
#1474 = CARTESIAN_POINT('',(-70.44126168418,0.,-45.09293245951));
#1475 = CARTESIAN_POINT('',(-71.06300462101,0.,-43.3323123558));
#1476 = CARTESIAN_POINT('',(-71.64613648092,0.,-41.55891445062));
#1477 = CARTESIAN_POINT('',(-72.60210293115,0.,-38.43279222246));
#1478 = CARTESIAN_POINT('',(-72.99117291848,0.,-37.08509412653));
#1479 = CARTESIAN_POINT('',(-73.35969988195,0.,-35.73153211449));
#1480 = CARTESIAN_POINT('',(-73.7081965613,0.,-34.37263779333));
#1481 = CARTESIAN_POINT('',(-74.03714515737,0.,-33.00889976123));
#1482 = CARTESIAN_POINT('',(-74.34699746201,0.,-31.64076365285));
#1483 = CARTESIAN_POINT('',(-74.63817498811,0.,-30.26863218467));
#1484 = CARTESIAN_POINT('',(-75.64249286017,0.,-25.20546917577));
#1485 = CARTESIAN_POINT('',(-76.24244611922,0.,-21.49259897893));
#1486 = CARTESIAN_POINT('',(-76.7186745654,0.,-17.76050627932));
#1487 = CARTESIAN_POINT('',(-77.07690622634,0.,-14.01472755612));
#1488 = CARTESIAN_POINT('',(-77.32130046411,0.,-10.26013172933));
#1489 = CARTESIAN_POINT('',(-77.45462936182,0.,-6.500940110669));
#1490 = CARTESIAN_POINT('',(-77.47830051053,0.,-2.740731774331));
#1491 = CARTESIAN_POINT('',(-77.29855934188,0.,5.116846730122));
#1492 = CARTESIAN_POINT('',(-77.07437282762,0.,9.212733566136));
#1493 = CARTESIAN_POINT('',(-76.71991978877,0.,13.301103926682));
#1494 = CARTESIAN_POINT('',(-76.23346313735,0.,17.377024557076));
#1495 = CARTESIAN_POINT('',(-75.61179031325,0.,21.434791510609));
#1496 = CARTESIAN_POINT('',(-74.85047154556,0.,25.467968638243));
#1497 = CARTESIAN_POINT('',(-73.9442634552,0.,29.469451294803));
#1498 = CARTESIAN_POINT('',(-71.98575643148,0.,36.815689109169));
#1499 = CARTESIAN_POINT('',(-70.97406828169,0.,40.171055144967));
#1500 = CARTESIAN_POINT('',(-69.84988743281,0.,43.492020408656));
#1501 = CARTESIAN_POINT('',(-68.61043425755,0.,46.772558581407));
#1502 = CARTESIAN_POINT('',(-67.25352953918,0.,50.006442155661));
#1503 = CARTESIAN_POINT('',(-65.77818453848,0.,53.187482911627));
#1504 = CARTESIAN_POINT('',(-64.18522001804,0.,56.309780083069));
#1505 = CARTESIAN_POINT('',(-61.00562195314,0.,62.004438962653));
#1506 = CARTESIAN_POINT('',(-59.44818477223,0.,64.593638620023));
#1507 = CARTESIAN_POINT('',(-57.80740686237,0.,67.131899091182));
#1508 = CARTESIAN_POINT('',(-56.08613311663,0.,69.616611649816));
#1509 = CARTESIAN_POINT('',(-54.28806511468,0.,72.046150688262));
#1510 = CARTESIAN_POINT('',(-52.41764233624,0.,74.419783560999));
#1511 = CARTESIAN_POINT('',(-50.47985000948,0.,76.737529080516));
#1512 = CARTESIAN_POINT('',(-48.48,0.,79.));
#1513 = PCURVE('',#639,#1514);
#1514 = DEFINITIONAL_REPRESENTATION('',(#1515),#1574);
#1515 = B_SPLINE_CURVE_WITH_KNOTS('',8,(#1516,#1517,#1518,#1519,#1520,
    #1521,#1522,#1523,#1524,#1525,#1526,#1527,#1528,#1529,#1530,#1531,
    #1532,#1533,#1534,#1535,#1536,#1537,#1538,#1539,#1540,#1541,#1542,
    #1543,#1544,#1545,#1546,#1547,#1548,#1549,#1550,#1551,#1552,#1553,
    #1554,#1555,#1556,#1557,#1558,#1559,#1560,#1561,#1562,#1563,#1564,
    #1565,#1566,#1567,#1568,#1569,#1570,#1571,#1572,#1573),
  .UNSPECIFIED.,.F.,.F.,(9,7,7,7,7,7,7,7,9),(0.,1.757741699394E-02,
    0.196980145182,0.281897599945,0.345709983892,0.516742966622,
    0.703294714601,0.862629805343,1.),.UNSPECIFIED.);
#1516 = CARTESIAN_POINT('',(15.8,112.2));
#1517 = CARTESIAN_POINT('',(15.994694775513,111.8658432726));
#1518 = CARTESIAN_POINT('',(16.192169030818,111.53330591141));
#1519 = CARTESIAN_POINT('',(16.392411513181,111.20241765893));
#1520 = CARTESIAN_POINT('',(16.595409703139,110.87320757481));
#1521 = CARTESIAN_POINT('',(16.801149814502,110.54570403581));
#1522 = CARTESIAN_POINT('',(17.009616794348,110.21993473581));
#1523 = CARTESIAN_POINT('',(17.220794323028,109.89592668583));
#1524 = CARTESIAN_POINT('',(19.617519644422,106.28498456942));
#1525 = CARTESIAN_POINT('',(22.081364346453,103.18178056886));
#1526 = CARTESIAN_POINT('',(24.804759584406,100.29664801984));
#1527 = CARTESIAN_POINT('',(27.756605552613,97.643634194064));
#1528 = CARTESIAN_POINT('',(30.901543401189,95.224534977535));
#1529 = CARTESIAN_POINT('',(34.204353212579,93.033830962204));
#1530 = CARTESIAN_POINT('',(37.63250982241,91.061576813472));
#1531 = CARTESIAN_POINT('',(42.82696211614,88.459655070172));
#1532 = CARTESIAN_POINT('',(44.518597812983,87.669456842215));
#1533 = CARTESIAN_POINT('',(46.230616733309,86.923540127417));
#1534 = CARTESIAN_POINT('',(47.960780080016,86.220449402581));
#1535 = CARTESIAN_POINT('',(49.707067540487,85.558738315817));
#1536 = CARTESIAN_POINT('',(51.467687644192,84.936995378981));
#1537 = CARTESIAN_POINT('',(53.241085549376,84.353863519078));
#1538 = CARTESIAN_POINT('',(56.367207777533,83.397897068847));
#1539 = CARTESIAN_POINT('',(57.714905873469,83.00882708152));
#1540 = CARTESIAN_POINT('',(59.068467885507,82.640300118048));
#1541 = CARTESIAN_POINT('',(60.427362206663,82.291803438692));
#1542 = CARTESIAN_POINT('',(61.791100238764,81.962854842629));
#1543 = CARTESIAN_POINT('',(63.159236347143,81.653002537986));
#1544 = CARTESIAN_POINT('',(64.531367815323,81.361825011887));
#1545 = CARTESIAN_POINT('',(69.594530824228,80.35750713983));
#1546 = CARTESIAN_POINT('',(73.30740102107,79.757553880778));
#1547 = CARTESIAN_POINT('',(77.039493720675,79.281325434596));
#1548 = CARTESIAN_POINT('',(80.785272443878,78.923093773658));
#1549 = CARTESIAN_POINT('',(84.539868270664,78.678699535886));
#1550 = CARTESIAN_POINT('',(88.299059889331,78.54537063818));
#1551 = CARTESIAN_POINT('',(92.059268225669,78.521699489464));
#1552 = CARTESIAN_POINT('',(99.916846730122,78.701440658113));
#1553 = CARTESIAN_POINT('',(104.01273356613,78.925627172373));
#1554 = CARTESIAN_POINT('',(108.10110392668,79.280080211225));
#1555 = CARTESIAN_POINT('',(112.17702455707,79.766536862643));
#1556 = CARTESIAN_POINT('',(116.2347915106,80.388209686748));
#1557 = CARTESIAN_POINT('',(120.26796863824,81.149528454435));
#1558 = CARTESIAN_POINT('',(124.2694512948,82.055736544798));
#1559 = CARTESIAN_POINT('',(131.61568910916,84.014243568519));
#1560 = CARTESIAN_POINT('',(134.97105514496,85.025931718308));
#1561 = CARTESIAN_POINT('',(138.29202040865,86.150112567183));
#1562 = CARTESIAN_POINT('',(141.5725585814,87.389565742441));
#1563 = CARTESIAN_POINT('',(144.80644215566,88.746470460814));
#1564 = CARTESIAN_POINT('',(147.98748291162,90.221815461516));
#1565 = CARTESIAN_POINT('',(151.10978008306,91.814779981952));
#1566 = CARTESIAN_POINT('',(156.80443896265,94.994378046854));
#1567 = CARTESIAN_POINT('',(159.39363862002,96.551815227764));
#1568 = CARTESIAN_POINT('',(161.93189909118,98.192593137622));
#1569 = CARTESIAN_POINT('',(164.41661164981,99.913866883365));
#1570 = CARTESIAN_POINT('',(166.84615068826,101.71193488532));
#1571 = CARTESIAN_POINT('',(169.21978356099,103.58235766375));
#1572 = CARTESIAN_POINT('',(171.53752908051,105.52014999051));
#1573 = CARTESIAN_POINT('',(173.8,107.52));
#1574 = ( GEOMETRIC_REPRESENTATION_CONTEXT(2) 
PARAMETRIC_REPRESENTATION_CONTEXT() REPRESENTATION_CONTEXT('2D SPACE',''
  ) );
#1575 = PCURVE('',#606,#1576);
#1576 = DEFINITIONAL_REPRESENTATION('',(#1577),#1636);
#1577 = B_SPLINE_CURVE_WITH_KNOTS('',8,(#1578,#1579,#1580,#1581,#1582,
    #1583,#1584,#1585,#1586,#1587,#1588,#1589,#1590,#1591,#1592,#1593,
    #1594,#1595,#1596,#1597,#1598,#1599,#1600,#1601,#1602,#1603,#1604,
    #1605,#1606,#1607,#1608,#1609,#1610,#1611,#1612,#1613,#1614,#1615,
    #1616,#1617,#1618,#1619,#1620,#1621,#1622,#1623,#1624,#1625,#1626,
    #1627,#1628,#1629,#1630,#1631,#1632,#1633,#1634,#1635),
  .UNSPECIFIED.,.F.,.F.,(9,7,7,7,7,7,7,7,9),(0.,1.757741699394E-02,
    0.196980145182,0.281897599945,0.345709983892,0.516742966622,
    0.703294714601,0.862629805343,1.),.UNSPECIFIED.);
#1578 = CARTESIAN_POINT('',(6.5,0.));
#1579 = CARTESIAN_POINT('',(6.5,2.106565554955E-03));
#1580 = CARTESIAN_POINT('',(6.5,4.218662871333E-03));
#1581 = CARTESIAN_POINT('',(6.5,6.336162278426E-03));
#1582 = CARTESIAN_POINT('',(6.5,8.458931931246E-03));
#1583 = CARTESIAN_POINT('',(6.5,1.058683781052E-02));
#1584 = CARTESIAN_POINT('',(6.5,1.271974372268E-02));
#1585 = CARTESIAN_POINT('',(6.5,1.485751129988E-02));
#1586 = CARTESIAN_POINT('',(6.5,3.886716728889E-02));
#1587 = CARTESIAN_POINT('',(6.5,6.123076042378E-02));
#1588 = CARTESIAN_POINT('',(6.5,8.391215662526E-02));
#1589 = CARTESIAN_POINT('',(6.5,0.106768047855));
#1590 = CARTESIAN_POINT('',(6.5,0.129683626696));
#1591 = CARTESIAN_POINT('',(6.5,0.152568450492));
#1592 = CARTESIAN_POINT('',(6.5,0.17535504401));
#1593 = CARTESIAN_POINT('',(6.5,0.20871863313));
#1594 = CARTESIAN_POINT('',(6.5,0.219411865789));
#1595 = CARTESIAN_POINT('',(6.5,0.230078020248));
#1596 = CARTESIAN_POINT('',(6.5,0.240716243339));
#1597 = CARTESIAN_POINT('',(6.5,0.251326464207));
#1598 = CARTESIAN_POINT('',(6.5,0.261909378765));
#1599 = CARTESIAN_POINT('',(6.5,0.272466460837));
#1600 = CARTESIAN_POINT('',(6.5,0.290915572214));
#1601 = CARTESIAN_POINT('',(6.5,0.298817639601));
#1602 = CARTESIAN_POINT('',(6.5,0.306707074393));
#1603 = CARTESIAN_POINT('',(6.5,0.314584808853));
#1604 = CARTESIAN_POINT('',(6.5,0.322451844391));
#1605 = CARTESIAN_POINT('',(6.5,0.330309260666));
#1606 = CARTESIAN_POINT('',(6.5,0.338158224704));
#1607 = CARTESIAN_POINT('',(6.5,0.367017898657));
#1608 = CARTESIAN_POINT('',(6.5,0.387980495939));
#1609 = CARTESIAN_POINT('',(6.5,0.408916088807));
#1610 = CARTESIAN_POINT('',(6.5,0.429849172738));
#1611 = CARTESIAN_POINT('',(6.5,0.450802359706));
#1612 = CARTESIAN_POINT('',(6.5,0.471797441901));
#1613 = CARTESIAN_POINT('',(6.5,0.492856005659));
#1614 = CARTESIAN_POINT('',(6.5,0.537062505492));
#1615 = CARTESIAN_POINT('',(6.5,0.560220353522));
#1616 = CARTESIAN_POINT('',(6.5,0.583500260746));
#1617 = CARTESIAN_POINT('',(6.5,0.606919511919));
#1618 = CARTESIAN_POINT('',(6.5,0.630486576134));
#1619 = CARTESIAN_POINT('',(6.5,0.654200092505));
#1620 = CARTESIAN_POINT('',(6.5,0.678046926732));
#1621 = CARTESIAN_POINT('',(6.5,0.722458479452));
#1622 = CARTESIAN_POINT('',(6.5,0.742994279056));
#1623 = CARTESIAN_POINT('',(6.5,0.763585018343));
#1624 = CARTESIAN_POINT('',(6.5,0.78420015313));
#1625 = CARTESIAN_POINT('',(6.5,0.804800455318));
#1626 = CARTESIAN_POINT('',(6.5,0.825338121932));
#1627 = CARTESIAN_POINT('',(6.5,0.845757948263));
#1628 = CARTESIAN_POINT('',(6.5,0.883451614547));
#1629 = CARTESIAN_POINT('',(6.5,0.90077348652));
#1630 = CARTESIAN_POINT('',(6.5,0.917926561435));
#1631 = CARTESIAN_POINT('',(6.5,0.93487393614));
#1632 = CARTESIAN_POINT('',(6.5,0.951581944822));
#1633 = CARTESIAN_POINT('',(6.5,0.968021163526));
#1634 = CARTESIAN_POINT('',(6.5,0.984167058041));
#1635 = CARTESIAN_POINT('',(6.5,1.));
#1636 = ( GEOMETRIC_REPRESENTATION_CONTEXT(2) 
PARAMETRIC_REPRESENTATION_CONTEXT() REPRESENTATION_CONTEXT('2D SPACE',''
  ) );
#1637 = ORIENTED_EDGE('',*,*,#624,.T.);
#1638 = ORIENTED_EDGE('',*,*,#1260,.T.);
#1639 = ORIENTED_EDGE('',*,*,#931,.F.);
#1640 = ADVANCED_FACE('',(#1641),#606,.F.);
#1641 = FACE_BOUND('',#1642,.F.);
#1642 = EDGE_LOOP('',(#1643,#1644,#1645,#1668));
#1643 = ORIENTED_EDGE('',*,*,#1452,.F.);
#1644 = ORIENTED_EDGE('',*,*,#592,.T.);
#1645 = ORIENTED_EDGE('',*,*,#1646,.T.);
#1646 = EDGE_CURVE('',#561,#890,#1647,.T.);
#1647 = SURFACE_CURVE('',#1648,(#1654,#1661),.PCURVE_S1.);
#1648 = ( BOUNDED_CURVE() B_SPLINE_CURVE(4,(#1649,#1650,#1651,#1652,
#1653),.UNSPECIFIED.,.F.,.F.) B_SPLINE_CURVE_WITH_KNOTS((5,5),(0.,1.),
.PIECEWISE_BEZIER_KNOTS.) CURVE() GEOMETRIC_REPRESENTATION_ITEM() 
RATIONAL_B_SPLINE_CURVE((1.,1.,1.,1.,1.)) REPRESENTATION_ITEM('') );
#1649 = CARTESIAN_POINT('',(-43.8,-13.536,-79.));
#1650 = CARTESIAN_POINT('',(-83.45657828757,-26.83620625644,
    -55.89428949229));
#1651 = CARTESIAN_POINT('',(-82.08600187161,-26.37653601232,
    4.481661438521));
#1652 = CARTESIAN_POINT('',(-80.0573596379,-25.69616061702,
    43.275891913936));
#1653 = CARTESIAN_POINT('',(-48.48,-15.1056,79.));
#1654 = PCURVE('',#606,#1655);
#1655 = DEFINITIONAL_REPRESENTATION('',(#1656),#1660);
#1656 = LINE('',#1657,#1658);
#1657 = CARTESIAN_POINT('',(7.,0.));
#1658 = VECTOR('',#1659,1.);
#1659 = DIRECTION('',(0.,1.));
#1660 = ( GEOMETRIC_REPRESENTATION_CONTEXT(2) 
PARAMETRIC_REPRESENTATION_CONTEXT() REPRESENTATION_CONTEXT('2D SPACE',''
  ) );
#1661 = PCURVE('',#574,#1662);
#1662 = DEFINITIONAL_REPRESENTATION('',(#1663),#1667);
#1663 = LINE('',#1664,#1665);
#1664 = CARTESIAN_POINT('',(7.,0.));
#1665 = VECTOR('',#1666,1.);
#1666 = DIRECTION('',(0.,1.));
#1667 = ( GEOMETRIC_REPRESENTATION_CONTEXT(2) 
PARAMETRIC_REPRESENTATION_CONTEXT() REPRESENTATION_CONTEXT('2D SPACE',''
  ) );
#1668 = ORIENTED_EDGE('',*,*,#910,.F.);
#1669 = ADVANCED_FACE('',(#1670),#574,.F.);
#1670 = FACE_BOUND('',#1671,.F.);
#1671 = EDGE_LOOP('',(#1672,#1673,#1696,#1697));
#1672 = ORIENTED_EDGE('',*,*,#560,.T.);
#1673 = ORIENTED_EDGE('',*,*,#1674,.T.);
#1674 = EDGE_CURVE('',#529,#869,#1675,.T.);
#1675 = SURFACE_CURVE('',#1676,(#1682,#1689),.PCURVE_S1.);
#1676 = ( BOUNDED_CURVE() B_SPLINE_CURVE(4,(#1677,#1678,#1679,#1680,
#1681),.UNSPECIFIED.,.F.,.F.) B_SPLINE_CURVE_WITH_KNOTS((5,5),(0.,1.),
.PIECEWISE_BEZIER_KNOTS.) CURVE() GEOMETRIC_REPRESENTATION_ITEM() 
RATIONAL_B_SPLINE_CURVE((1.,1.,1.,1.,1.)) REPRESENTATION_ITEM('') );
#1677 = CARTESIAN_POINT('',(-31.536,-25.8,-79.));
#1678 = CARTESIAN_POINT('',(-60.08873636705,-50.20404817696,
    -55.89428949229));
#1679 = CARTESIAN_POINT('',(-59.10192134755,-49.36061653637,
    4.481661438521));
#1680 = CARTESIAN_POINT('',(-57.64129893929,-48.11222131563,
    43.275891913936));
#1681 = CARTESIAN_POINT('',(-34.9056,-28.68,79.));
#1682 = PCURVE('',#574,#1683);
#1683 = DEFINITIONAL_REPRESENTATION('',(#1684),#1688);
#1684 = LINE('',#1685,#1686);
#1685 = CARTESIAN_POINT('',(8.,0.));
#1686 = VECTOR('',#1687,1.);
#1687 = DIRECTION('',(0.,1.));
#1688 = ( GEOMETRIC_REPRESENTATION_CONTEXT(2) 
PARAMETRIC_REPRESENTATION_CONTEXT() REPRESENTATION_CONTEXT('2D SPACE',''
  ) );
#1689 = PCURVE('',#542,#1690);
#1690 = DEFINITIONAL_REPRESENTATION('',(#1691),#1695);
#1691 = LINE('',#1692,#1693);
#1692 = CARTESIAN_POINT('',(0.,0.));
#1693 = VECTOR('',#1694,1.);
#1694 = DIRECTION('',(0.,1.));
#1695 = ( GEOMETRIC_REPRESENTATION_CONTEXT(2) 
PARAMETRIC_REPRESENTATION_CONTEXT() REPRESENTATION_CONTEXT('2D SPACE',''
  ) );
#1696 = ORIENTED_EDGE('',*,*,#889,.F.);
#1697 = ORIENTED_EDGE('',*,*,#1646,.F.);
#1698 = ADVANCED_FACE('',(#1699,#1727),#542,.F.);
#1699 = FACE_BOUND('',#1700,.F.);
#1700 = EDGE_LOOP('',(#1701,#1702,#1725,#1726));
#1701 = ORIENTED_EDGE('',*,*,#528,.T.);
#1702 = ORIENTED_EDGE('',*,*,#1703,.T.);
#1703 = EDGE_CURVE('',#497,#848,#1704,.T.);
#1704 = SURFACE_CURVE('',#1705,(#1711,#1718),.PCURVE_S1.);
#1705 = ( BOUNDED_CURVE() B_SPLINE_CURVE(4,(#1706,#1707,#1708,#1709,
#1710),.UNSPECIFIED.,.F.,.F.) B_SPLINE_CURVE_WITH_KNOTS((5,5),(0.,1.),
.PIECEWISE_BEZIER_KNOTS.) CURVE() GEOMETRIC_REPRESENTATION_ITEM() 
RATIONAL_B_SPLINE_CURVE((1.,1.,1.,1.,1.)) REPRESENTATION_ITEM('') );
#1706 = CARTESIAN_POINT('',(31.536,-25.8,-79.));
#1707 = CARTESIAN_POINT('',(60.08873636705,-50.20404817696,
    -55.89428949229));
#1708 = CARTESIAN_POINT('',(59.101921347559,-49.36061653637,
    4.481661438521));
#1709 = CARTESIAN_POINT('',(57.641298939292,-48.11222131563,
    43.275891913936));
#1710 = CARTESIAN_POINT('',(34.9056,-28.68,79.));
#1711 = PCURVE('',#542,#1712);
#1712 = DEFINITIONAL_REPRESENTATION('',(#1713),#1717);
#1713 = LINE('',#1714,#1715);
#1714 = CARTESIAN_POINT('',(1.,0.));
#1715 = VECTOR('',#1716,1.);
#1716 = DIRECTION('',(0.,1.));
#1717 = ( GEOMETRIC_REPRESENTATION_CONTEXT(2) 
PARAMETRIC_REPRESENTATION_CONTEXT() REPRESENTATION_CONTEXT('2D SPACE',''
  ) );
#1718 = PCURVE('',#510,#1719);
#1719 = DEFINITIONAL_REPRESENTATION('',(#1720),#1724);
#1720 = LINE('',#1721,#1722);
#1721 = CARTESIAN_POINT('',(1.,0.));
#1722 = VECTOR('',#1723,1.);
#1723 = DIRECTION('',(0.,1.));
#1724 = ( GEOMETRIC_REPRESENTATION_CONTEXT(2) 
PARAMETRIC_REPRESENTATION_CONTEXT() REPRESENTATION_CONTEXT('2D SPACE',''
  ) );
#1725 = ORIENTED_EDGE('',*,*,#868,.F.);
#1726 = ORIENTED_EDGE('',*,*,#1674,.F.);
#1727 = FACE_BOUND('',#1728,.F.);
#1728 = EDGE_LOOP('',(#1729,#1730,#1731,#1732));
#1729 = ORIENTED_EDGE('',*,*,#1021,.F.);
#1730 = ORIENTED_EDGE('',*,*,#1230,.F.);
#1731 = ORIENTED_EDGE('',*,*,#1164,.F.);
#1732 = ORIENTED_EDGE('',*,*,#1109,.T.);
#1733 = ADVANCED_FACE('',(#1734),#510,.F.);
#1734 = FACE_BOUND('',#1735,.F.);
#1735 = EDGE_LOOP('',(#1736,#1737,#1760,#1761));
#1736 = ORIENTED_EDGE('',*,*,#496,.T.);
#1737 = ORIENTED_EDGE('',*,*,#1738,.T.);
#1738 = EDGE_CURVE('',#465,#827,#1739,.T.);
#1739 = SURFACE_CURVE('',#1740,(#1746,#1753),.PCURVE_S1.);
#1740 = ( BOUNDED_CURVE() B_SPLINE_CURVE(4,(#1741,#1742,#1743,#1744,
#1745),.UNSPECIFIED.,.F.,.F.) B_SPLINE_CURVE_WITH_KNOTS((5,5),(0.,1.),
.PIECEWISE_BEZIER_KNOTS.) CURVE() GEOMETRIC_REPRESENTATION_ITEM() 
RATIONAL_B_SPLINE_CURVE((1.,1.,1.,1.,1.)) REPRESENTATION_ITEM('') );
#1741 = CARTESIAN_POINT('',(43.8,-13.536,-79.));
#1742 = CARTESIAN_POINT('',(83.45657828757,-26.83620625644,
    -55.89428949229));
#1743 = CARTESIAN_POINT('',(82.08600187161,-26.37653601232,
    4.481661438521));
#1744 = CARTESIAN_POINT('',(80.057359637905,-25.69616061702,
    43.275891913936));
#1745 = CARTESIAN_POINT('',(48.48,-15.1056,79.));
#1746 = PCURVE('',#510,#1747);
#1747 = DEFINITIONAL_REPRESENTATION('',(#1748),#1752);
#1748 = LINE('',#1749,#1750);
#1749 = CARTESIAN_POINT('',(2.,0.));
#1750 = VECTOR('',#1751,1.);
#1751 = DIRECTION('',(0.,1.));
#1752 = ( GEOMETRIC_REPRESENTATION_CONTEXT(2) 
PARAMETRIC_REPRESENTATION_CONTEXT() REPRESENTATION_CONTEXT('2D SPACE',''
  ) );
#1753 = PCURVE('',#478,#1754);
#1754 = DEFINITIONAL_REPRESENTATION('',(#1755),#1759);
#1755 = LINE('',#1756,#1757);
#1756 = CARTESIAN_POINT('',(2.,0.));
#1757 = VECTOR('',#1758,1.);
#1758 = DIRECTION('',(0.,1.));
#1759 = ( GEOMETRIC_REPRESENTATION_CONTEXT(2) 
PARAMETRIC_REPRESENTATION_CONTEXT() REPRESENTATION_CONTEXT('2D SPACE',''
  ) );
#1760 = ORIENTED_EDGE('',*,*,#847,.F.);
#1761 = ORIENTED_EDGE('',*,*,#1703,.F.);
#1762 = ADVANCED_FACE('',(#1763),#478,.F.);
#1763 = FACE_BOUND('',#1764,.F.);
#1764 = EDGE_LOOP('',(#1765,#1766,#1767,#1953));
#1765 = ORIENTED_EDGE('',*,*,#1738,.F.);
#1766 = ORIENTED_EDGE('',*,*,#464,.T.);
#1767 = ORIENTED_EDGE('',*,*,#1768,.T.);
#1768 = EDGE_CURVE('',#439,#806,#1769,.T.);
#1769 = SURFACE_CURVE('',#1770,(#1829,#1891),.PCURVE_S1.);
#1770 = B_SPLINE_CURVE_WITH_KNOTS('',8,(#1771,#1772,#1773,#1774,#1775,
    #1776,#1777,#1778,#1779,#1780,#1781,#1782,#1783,#1784,#1785,#1786,
    #1787,#1788,#1789,#1790,#1791,#1792,#1793,#1794,#1795,#1796,#1797,
    #1798,#1799,#1800,#1801,#1802,#1803,#1804,#1805,#1806,#1807,#1808,
    #1809,#1810,#1811,#1812,#1813,#1814,#1815,#1816,#1817,#1818,#1819,
    #1820,#1821,#1822,#1823,#1824,#1825,#1826,#1827,#1828),
  .UNSPECIFIED.,.F.,.F.,(9,7,7,7,7,7,7,7,9),(0.,1.757741699385E-02,
    0.196980145181,0.281897599944,0.345709983891,0.516742966621,
    0.703294714599,0.862629805343,1.),.UNSPECIFIED.);
#1771 = CARTESIAN_POINT('',(43.8,0.,-79.));
#1772 = CARTESIAN_POINT('',(44.134156727392,0.,-78.80530522448));
#1773 = CARTESIAN_POINT('',(44.466694088585,0.,-78.60783096918));
#1774 = CARTESIAN_POINT('',(44.797582341063,0.,-78.40758848681));
#1775 = CARTESIAN_POINT('',(45.126792425185,0.,-78.20459029686));
#1776 = CARTESIAN_POINT('',(45.454295964187,0.,-77.99885018549));
#1777 = CARTESIAN_POINT('',(45.780065264184,0.,-77.79038320565));
#1778 = CARTESIAN_POINT('',(46.104073314163,0.,-77.57920567697));
#1779 = CARTESIAN_POINT('',(49.715015430582,0.,-75.18248035557));
#1780 = CARTESIAN_POINT('',(52.818219431124,0.,-72.71863565356));
#1781 = CARTESIAN_POINT('',(55.703351980176,0.,-69.99524041556));
#1782 = CARTESIAN_POINT('',(58.356365805911,0.,-67.04339444743));
#1783 = CARTESIAN_POINT('',(60.775465022483,0.,-63.89845659877));
#1784 = CARTESIAN_POINT('',(62.966169037788,0.,-60.59564678743));
#1785 = CARTESIAN_POINT('',(64.93842318653,0.,-57.16749017758));
#1786 = CARTESIAN_POINT('',(67.540344929828,0.,-51.97303788386));
#1787 = CARTESIAN_POINT('',(68.330543157785,0.,-50.28140218701));
#1788 = CARTESIAN_POINT('',(69.076459872583,0.,-48.56938326669));
#1789 = CARTESIAN_POINT('',(69.779550597419,0.,-46.83921991998));
#1790 = CARTESIAN_POINT('',(70.441261684183,0.,-45.09293245951));
#1791 = CARTESIAN_POINT('',(71.063004621019,0.,-43.3323123558));
#1792 = CARTESIAN_POINT('',(71.646136480922,0.,-41.55891445062));
#1793 = CARTESIAN_POINT('',(72.602102931153,0.,-38.43279222246));
#1794 = CARTESIAN_POINT('',(72.99117291848,0.,-37.08509412653));
#1795 = CARTESIAN_POINT('',(73.359699881952,0.,-35.73153211449));
#1796 = CARTESIAN_POINT('',(73.708196561307,0.,-34.37263779333));
#1797 = CARTESIAN_POINT('',(74.037145157371,0.,-33.00889976123));
#1798 = CARTESIAN_POINT('',(74.346997462014,0.,-31.64076365285));
#1799 = CARTESIAN_POINT('',(74.638174988113,0.,-30.26863218467));
#1800 = CARTESIAN_POINT('',(75.642492860169,0.,-25.20546917577));
#1801 = CARTESIAN_POINT('',(76.242446119221,0.,-21.49259897891));
#1802 = CARTESIAN_POINT('',(76.718674565406,0.,-17.76050627934));
#1803 = CARTESIAN_POINT('',(77.076906226342,0.,-14.01472755611));
#1804 = CARTESIAN_POINT('',(77.321300464112,0.,-10.26013172931));
#1805 = CARTESIAN_POINT('',(77.454629361822,0.,-6.500940110694));
#1806 = CARTESIAN_POINT('',(77.478300510536,0.,-2.740731774321));
#1807 = CARTESIAN_POINT('',(77.298559341887,0.,5.116846730124));
#1808 = CARTESIAN_POINT('',(77.074372827626,0.,9.212733566135));
#1809 = CARTESIAN_POINT('',(76.719919788775,0.,13.301103926681));
#1810 = CARTESIAN_POINT('',(76.233463137358,0.,17.377024557074));
#1811 = CARTESIAN_POINT('',(75.611790313252,0.,21.434791510609));
#1812 = CARTESIAN_POINT('',(74.850471545563,0.,25.467968638248));
#1813 = CARTESIAN_POINT('',(73.944263455203,0.,29.469451294799));
#1814 = CARTESIAN_POINT('',(71.98575643147,0.,36.81568910921));
#1815 = CARTESIAN_POINT('',(70.974068281727,0.,40.171055144854));
#1816 = CARTESIAN_POINT('',(69.849887432775,0.,43.492020408771));
#1817 = CARTESIAN_POINT('',(68.610434257566,0.,46.772558581411));
#1818 = CARTESIAN_POINT('',(67.253529539228,0.,50.006442155547));
#1819 = CARTESIAN_POINT('',(65.778184538436,0.,53.187482911733));
#1820 = CARTESIAN_POINT('',(64.185220018068,0.,56.309780083032));
#1821 = CARTESIAN_POINT('',(61.005621953145,0.,62.004438962653));
#1822 = CARTESIAN_POINT('',(59.448184772244,0.,64.593638620016));
#1823 = CARTESIAN_POINT('',(57.807406862364,0.,67.131899091195));
#1824 = CARTESIAN_POINT('',(56.086133116637,0.,69.616611649812));
#1825 = CARTESIAN_POINT('',(54.288065114694,0.,72.046150688249));
#1826 = CARTESIAN_POINT('',(52.41764233623,0.,74.419783561014));
#1827 = CARTESIAN_POINT('',(50.479850009492,0.,76.737529080511));
#1828 = CARTESIAN_POINT('',(48.48,0.,79.));
#1829 = PCURVE('',#478,#1830);
#1830 = DEFINITIONAL_REPRESENTATION('',(#1831),#1890);
#1831 = B_SPLINE_CURVE_WITH_KNOTS('',8,(#1832,#1833,#1834,#1835,#1836,
    #1837,#1838,#1839,#1840,#1841,#1842,#1843,#1844,#1845,#1846,#1847,
    #1848,#1849,#1850,#1851,#1852,#1853,#1854,#1855,#1856,#1857,#1858,
    #1859,#1860,#1861,#1862,#1863,#1864,#1865,#1866,#1867,#1868,#1869,
    #1870,#1871,#1872,#1873,#1874,#1875,#1876,#1877,#1878,#1879,#1880,
    #1881,#1882,#1883,#1884,#1885,#1886,#1887,#1888,#1889),
  .UNSPECIFIED.,.F.,.F.,(9,7,7,7,7,7,7,7,9),(0.,1.757741699385E-02,
    0.196980145181,0.281897599944,0.345709983891,0.516742966621,
    0.703294714599,0.862629805343,1.),.UNSPECIFIED.);
#1832 = CARTESIAN_POINT('',(2.5,0.));
#1833 = CARTESIAN_POINT('',(2.5,2.106565554956E-03));
#1834 = CARTESIAN_POINT('',(2.5,4.218662871333E-03));
#1835 = CARTESIAN_POINT('',(2.5,6.336162278426E-03));
#1836 = CARTESIAN_POINT('',(2.5,8.458931931246E-03));
#1837 = CARTESIAN_POINT('',(2.5,1.058683781052E-02));
#1838 = CARTESIAN_POINT('',(2.5,1.271974372268E-02));
#1839 = CARTESIAN_POINT('',(2.5,1.485751129988E-02));
#1840 = CARTESIAN_POINT('',(2.5,3.886716728891E-02));
#1841 = CARTESIAN_POINT('',(2.5,6.123076042364E-02));
#1842 = CARTESIAN_POINT('',(2.5,8.39121566256E-02));
#1843 = CARTESIAN_POINT('',(2.5,0.106768047854));
#1844 = CARTESIAN_POINT('',(2.5,0.129683626696));
#1845 = CARTESIAN_POINT('',(2.5,0.152568450492));
#1846 = CARTESIAN_POINT('',(2.5,0.17535504401));
#1847 = CARTESIAN_POINT('',(2.5,0.20871863313));
#1848 = CARTESIAN_POINT('',(2.5,0.219411865789));
#1849 = CARTESIAN_POINT('',(2.5,0.230078020248));
#1850 = CARTESIAN_POINT('',(2.5,0.240716243339));
#1851 = CARTESIAN_POINT('',(2.5,0.251326464207));
#1852 = CARTESIAN_POINT('',(2.5,0.261909378765));
#1853 = CARTESIAN_POINT('',(2.5,0.272466460837));
#1854 = CARTESIAN_POINT('',(2.5,0.290915572214));
#1855 = CARTESIAN_POINT('',(2.5,0.298817639601));
#1856 = CARTESIAN_POINT('',(2.5,0.306707074393));
#1857 = CARTESIAN_POINT('',(2.5,0.314584808853));
#1858 = CARTESIAN_POINT('',(2.5,0.322451844391));
#1859 = CARTESIAN_POINT('',(2.5,0.330309260666));
#1860 = CARTESIAN_POINT('',(2.5,0.338158224704));
#1861 = CARTESIAN_POINT('',(2.5,0.367017898657));
#1862 = CARTESIAN_POINT('',(2.5,0.387980495939));
#1863 = CARTESIAN_POINT('',(2.5,0.408916088806));
#1864 = CARTESIAN_POINT('',(2.5,0.429849172738));
#1865 = CARTESIAN_POINT('',(2.5,0.450802359706));
#1866 = CARTESIAN_POINT('',(2.5,0.471797441901));
#1867 = CARTESIAN_POINT('',(2.5,0.492856005659));
#1868 = CARTESIAN_POINT('',(2.5,0.537062505492));
#1869 = CARTESIAN_POINT('',(2.5,0.560220353522));
#1870 = CARTESIAN_POINT('',(2.5,0.583500260746));
#1871 = CARTESIAN_POINT('',(2.5,0.606919511919));
#1872 = CARTESIAN_POINT('',(2.5,0.630486576134));
#1873 = CARTESIAN_POINT('',(2.5,0.654200092505));
#1874 = CARTESIAN_POINT('',(2.5,0.678046926732));
#1875 = CARTESIAN_POINT('',(2.5,0.722458479452));
#1876 = CARTESIAN_POINT('',(2.5,0.742994279055));
#1877 = CARTESIAN_POINT('',(2.5,0.763585018344));
#1878 = CARTESIAN_POINT('',(2.5,0.78420015313));
#1879 = CARTESIAN_POINT('',(2.5,0.804800455318));
#1880 = CARTESIAN_POINT('',(2.5,0.825338121933));
#1881 = CARTESIAN_POINT('',(2.5,0.845757948263));
#1882 = CARTESIAN_POINT('',(2.5,0.883451614547));
#1883 = CARTESIAN_POINT('',(2.5,0.90077348652));
#1884 = CARTESIAN_POINT('',(2.5,0.917926561436));
#1885 = CARTESIAN_POINT('',(2.5,0.93487393614));
#1886 = CARTESIAN_POINT('',(2.5,0.951581944822));
#1887 = CARTESIAN_POINT('',(2.5,0.968021163526));
#1888 = CARTESIAN_POINT('',(2.5,0.984167058041));
#1889 = CARTESIAN_POINT('',(2.5,1.));
#1890 = ( GEOMETRIC_REPRESENTATION_CONTEXT(2) 
PARAMETRIC_REPRESENTATION_CONTEXT() REPRESENTATION_CONTEXT('2D SPACE',''
  ) );
#1891 = PCURVE('',#453,#1892);
#1892 = DEFINITIONAL_REPRESENTATION('',(#1893),#1952);
#1893 = B_SPLINE_CURVE_WITH_KNOTS('',8,(#1894,#1895,#1896,#1897,#1898,
    #1899,#1900,#1901,#1902,#1903,#1904,#1905,#1906,#1907,#1908,#1909,
    #1910,#1911,#1912,#1913,#1914,#1915,#1916,#1917,#1918,#1919,#1920,
    #1921,#1922,#1923,#1924,#1925,#1926,#1927,#1928,#1929,#1930,#1931,
    #1932,#1933,#1934,#1935,#1936,#1937,#1938,#1939,#1940,#1941,#1942,
    #1943,#1944,#1945,#1946,#1947,#1948,#1949,#1950,#1951),
  .UNSPECIFIED.,.F.,.F.,(9,7,7,7,7,7,7,7,9),(0.,1.757741699385E-02,
    0.196980145181,0.281897599944,0.345709983891,0.516742966621,
    0.703294714599,0.862629805343,1.),.UNSPECIFIED.);
#1894 = CARTESIAN_POINT('',(15.8,199.8));
#1895 = CARTESIAN_POINT('',(15.994694775513,200.13415672739));
#1896 = CARTESIAN_POINT('',(16.192169030818,200.46669408858));
#1897 = CARTESIAN_POINT('',(16.392411513181,200.79758234106));
#1898 = CARTESIAN_POINT('',(16.595409703139,201.12679242518));
#1899 = CARTESIAN_POINT('',(16.801149814502,201.45429596418));
#1900 = CARTESIAN_POINT('',(17.009616794348,201.78006526418));
#1901 = CARTESIAN_POINT('',(17.220794323028,202.10407331416));
#1902 = CARTESIAN_POINT('',(19.617519644425,205.71501543058));
#1903 = CARTESIAN_POINT('',(22.08136434644,208.81821943112));
#1904 = CARTESIAN_POINT('',(24.80475958444,211.70335198017));
#1905 = CARTESIAN_POINT('',(27.756605552566,214.35636580591));
#1906 = CARTESIAN_POINT('',(30.901543401228,216.77546502248));
#1907 = CARTESIAN_POINT('',(34.204353212561,218.96616903778));
#1908 = CARTESIAN_POINT('',(37.632509822413,220.93842318653));
#1909 = CARTESIAN_POINT('',(42.82696211614,223.54034492982));
#1910 = CARTESIAN_POINT('',(44.518597812983,224.33054315778));
#1911 = CARTESIAN_POINT('',(46.230616733309,225.07645987258));
#1912 = CARTESIAN_POINT('',(47.960780080017,225.77955059741));
#1913 = CARTESIAN_POINT('',(49.707067540486,226.44126168418));
#1914 = CARTESIAN_POINT('',(51.467687644191,227.06300462101));
#1915 = CARTESIAN_POINT('',(53.241085549377,227.64613648092));
#1916 = CARTESIAN_POINT('',(56.367207777533,228.60210293115));
#1917 = CARTESIAN_POINT('',(57.714905873469,228.99117291848));
#1918 = CARTESIAN_POINT('',(59.068467885507,229.35969988195));
#1919 = CARTESIAN_POINT('',(60.427362206663,229.7081965613));
#1920 = CARTESIAN_POINT('',(61.791100238764,230.03714515737));
#1921 = CARTESIAN_POINT('',(63.159236347143,230.34699746201));
#1922 = CARTESIAN_POINT('',(64.531367815323,230.63817498811));
#1923 = CARTESIAN_POINT('',(69.594530824226,231.64249286016));
#1924 = CARTESIAN_POINT('',(73.307401021083,232.24244611922));
#1925 = CARTESIAN_POINT('',(77.039493720654,232.7186745654));
#1926 = CARTESIAN_POINT('',(80.785272443884,233.07690622634));
#1927 = CARTESIAN_POINT('',(84.539868270684,233.32130046411));
#1928 = CARTESIAN_POINT('',(88.299059889306,233.45462936182));
#1929 = CARTESIAN_POINT('',(92.059268225679,233.47830051053));
#1930 = CARTESIAN_POINT('',(99.916846730124,233.29855934188));
#1931 = CARTESIAN_POINT('',(104.01273356613,233.07437282762));
#1932 = CARTESIAN_POINT('',(108.10110392668,232.71991978877));
#1933 = CARTESIAN_POINT('',(112.17702455707,232.23346313735));
#1934 = CARTESIAN_POINT('',(116.2347915106,231.61179031325));
#1935 = CARTESIAN_POINT('',(120.26796863824,230.85047154556));
#1936 = CARTESIAN_POINT('',(124.26945129479,229.9442634552));
#1937 = CARTESIAN_POINT('',(131.61568910921,227.98575643147));
#1938 = CARTESIAN_POINT('',(134.97105514485,226.97406828172));
#1939 = CARTESIAN_POINT('',(138.29202040877,225.84988743277));
#1940 = CARTESIAN_POINT('',(141.57255858141,224.61043425756));
#1941 = CARTESIAN_POINT('',(144.80644215554,223.25352953922));
#1942 = CARTESIAN_POINT('',(147.98748291173,221.77818453843));
#1943 = CARTESIAN_POINT('',(151.10978008303,220.18522001806));
#1944 = CARTESIAN_POINT('',(156.80443896265,217.00562195314));
#1945 = CARTESIAN_POINT('',(159.39363862001,215.44818477224));
#1946 = CARTESIAN_POINT('',(161.93189909119,213.80740686236));
#1947 = CARTESIAN_POINT('',(164.41661164981,212.08613311663));
#1948 = CARTESIAN_POINT('',(166.84615068824,210.28806511469));
#1949 = CARTESIAN_POINT('',(169.21978356101,208.41764233623));
#1950 = CARTESIAN_POINT('',(171.53752908051,206.47985000949));
#1951 = CARTESIAN_POINT('',(173.8,204.48));
#1952 = ( GEOMETRIC_REPRESENTATION_CONTEXT(2) 
PARAMETRIC_REPRESENTATION_CONTEXT() REPRESENTATION_CONTEXT('2D SPACE',''
  ) );
#1953 = ORIENTED_EDGE('',*,*,#826,.F.);
#1954 = ADVANCED_FACE('',(#1955),#453,.T.);
#1955 = FACE_BOUND('',#1956,.T.);
#1956 = EDGE_LOOP('',(#1957,#2143,#2144,#2145));
#1957 = ORIENTED_EDGE('',*,*,#1958,.F.);
#1958 = EDGE_CURVE('',#407,#785,#1959,.T.);
#1959 = SURFACE_CURVE('',#1960,(#2019,#2081),.PCURVE_S1.);
#1960 = B_SPLINE_CURVE_WITH_KNOTS('',8,(#1961,#1962,#1963,#1964,#1965,
    #1966,#1967,#1968,#1969,#1970,#1971,#1972,#1973,#1974,#1975,#1976,
    #1977,#1978,#1979,#1980,#1981,#1982,#1983,#1984,#1985,#1986,#1987,
    #1988,#1989,#1990,#1991,#1992,#1993,#1994,#1995,#1996,#1997,#1998,
    #1999,#2000,#2001,#2002,#2003,#2004,#2005,#2006,#2007,#2008,#2009,
    #2010,#2011,#2012,#2013,#2014,#2015,#2016,#2017,#2018),
  .UNSPECIFIED.,.F.,.F.,(9,7,7,7,7,7,7,7,9),(0.,1.757741699382E-02,
    0.196980145181,0.281897599944,0.34570998389,0.516742966619,
    0.703294714598,0.862629805341,1.),.UNSPECIFIED.);
#1961 = CARTESIAN_POINT('',(46.8,0.,-79.));
#1962 = CARTESIAN_POINT('',(47.134156727392,0.,-78.80530522448));
#1963 = CARTESIAN_POINT('',(47.466694088585,0.,-78.60783096918));
#1964 = CARTESIAN_POINT('',(47.797582341063,0.,-78.40758848681));
#1965 = CARTESIAN_POINT('',(48.126792425185,0.,-78.20459029686));
#1966 = CARTESIAN_POINT('',(48.454295964187,0.,-77.99885018549));
#1967 = CARTESIAN_POINT('',(48.780065264184,0.,-77.79038320565));
#1968 = CARTESIAN_POINT('',(49.104073314163,0.,-77.57920567697));
#1969 = CARTESIAN_POINT('',(52.715015430583,0.,-75.18248035557));
#1970 = CARTESIAN_POINT('',(55.818219431117,0.,-72.71863565356));
#1971 = CARTESIAN_POINT('',(58.703351980193,0.,-69.99524041554));
#1972 = CARTESIAN_POINT('',(61.356365805889,0.,-67.04339444745));
#1973 = CARTESIAN_POINT('',(63.7754650225,0.,-63.89845659875));
#1974 = CARTESIAN_POINT('',(65.966169037781,0.,-60.59564678745));
#1975 = CARTESIAN_POINT('',(67.938423186531,0.,-57.16749017758));
#1976 = CARTESIAN_POINT('',(70.540344929827,0.,-51.97303788386));
#1977 = CARTESIAN_POINT('',(71.330543157786,0.,-50.28140218701));
#1978 = CARTESIAN_POINT('',(72.076459872583,0.,-48.56938326669));
#1979 = CARTESIAN_POINT('',(72.779550597419,0.,-46.83921991998));
#1980 = CARTESIAN_POINT('',(73.441261684182,0.,-45.09293245951));
#1981 = CARTESIAN_POINT('',(74.063004621019,0.,-43.3323123558));
#1982 = CARTESIAN_POINT('',(74.646136480922,0.,-41.55891445062));
#1983 = CARTESIAN_POINT('',(75.602102931152,0.,-38.43279222246));
#1984 = CARTESIAN_POINT('',(75.99117291848,0.,-37.08509412653));
#1985 = CARTESIAN_POINT('',(76.359699881952,0.,-35.73153211449));
#1986 = CARTESIAN_POINT('',(76.708196561308,0.,-34.37263779333));
#1987 = CARTESIAN_POINT('',(77.037145157371,0.,-33.00889976123));
#1988 = CARTESIAN_POINT('',(77.346997462014,0.,-31.64076365285));
#1989 = CARTESIAN_POINT('',(77.638174988113,0.,-30.26863218467));
#1990 = CARTESIAN_POINT('',(78.642492860168,0.,-25.20546917578));
#1991 = CARTESIAN_POINT('',(79.242446119224,0.,-21.4925989789));
#1992 = CARTESIAN_POINT('',(79.718674565404,0.,-17.76050627936));
#1993 = CARTESIAN_POINT('',(80.076906226341,0.,-14.01472755611));
#1994 = CARTESIAN_POINT('',(80.321300464114,0.,-10.2601317293));
#1995 = CARTESIAN_POINT('',(80.454629361821,0.,-6.500940110707));
#1996 = CARTESIAN_POINT('',(80.478300510535,0.,-2.740731774318));
#1997 = CARTESIAN_POINT('',(80.298559341887,0.,5.116846730138));
#1998 = CARTESIAN_POINT('',(80.074372827629,0.,9.212733566095));
#1999 = CARTESIAN_POINT('',(79.71991978877,0.,13.301103926722));
#2000 = CARTESIAN_POINT('',(79.233463137359,0.,17.377024557078));
#2001 = CARTESIAN_POINT('',(78.611790313256,0.,21.434791510569));
#2002 = CARTESIAN_POINT('',(77.850471545558,0.,25.467968638279));
#2003 = CARTESIAN_POINT('',(76.944263455205,0.,29.469451294792));
#2004 = CARTESIAN_POINT('',(74.985756431472,0.,36.815689109203));
#2005 = CARTESIAN_POINT('',(73.974068281721,0.,40.171055144871));
#2006 = CARTESIAN_POINT('',(72.849887432783,0.,43.492020408753));
#2007 = CARTESIAN_POINT('',(71.610434257564,0.,46.772558581411));
#2008 = CARTESIAN_POINT('',(70.25352953922,0.,50.006442155565));
#2009 = CARTESIAN_POINT('',(68.778184538445,0.,53.187482911715));
#2010 = CARTESIAN_POINT('',(67.185220018065,0.,56.309780083039));
#2011 = CARTESIAN_POINT('',(64.005621953124,0.,62.004438962691));
#2012 = CARTESIAN_POINT('',(62.448184772302,0.,64.593638619904));
#2013 = CARTESIAN_POINT('',(60.807406862304,0.,67.13189909131));
#2014 = CARTESIAN_POINT('',(59.086133116638,0.,69.616611649821));
#2015 = CARTESIAN_POINT('',(57.288065114754,0.,72.046150688134));
#2016 = CARTESIAN_POINT('',(55.41764233617,0.,74.419783561108));
#2017 = CARTESIAN_POINT('',(53.479850009516,0.,76.737529080484));
#2018 = CARTESIAN_POINT('',(51.48,0.,79.));
#2019 = PCURVE('',#453,#2020);
#2020 = DEFINITIONAL_REPRESENTATION('',(#2021),#2080);
#2021 = B_SPLINE_CURVE_WITH_KNOTS('',8,(#2022,#2023,#2024,#2025,#2026,
    #2027,#2028,#2029,#2030,#2031,#2032,#2033,#2034,#2035,#2036,#2037,
    #2038,#2039,#2040,#2041,#2042,#2043,#2044,#2045,#2046,#2047,#2048,
    #2049,#2050,#2051,#2052,#2053,#2054,#2055,#2056,#2057,#2058,#2059,
    #2060,#2061,#2062,#2063,#2064,#2065,#2066,#2067,#2068,#2069,#2070,
    #2071,#2072,#2073,#2074,#2075,#2076,#2077,#2078,#2079),
  .UNSPECIFIED.,.F.,.F.,(9,7,7,7,7,7,7,7,9),(0.,1.757741699382E-02,
    0.196980145181,0.281897599944,0.34570998389,0.516742966619,
    0.703294714598,0.862629805341,1.),.UNSPECIFIED.);
#2022 = CARTESIAN_POINT('',(15.8,202.8));
#2023 = CARTESIAN_POINT('',(15.994694775513,203.13415672739));
#2024 = CARTESIAN_POINT('',(16.192169030818,203.46669408858));
#2025 = CARTESIAN_POINT('',(16.392411513181,203.79758234106));
#2026 = CARTESIAN_POINT('',(16.595409703139,204.12679242518));
#2027 = CARTESIAN_POINT('',(16.801149814502,204.45429596418));
#2028 = CARTESIAN_POINT('',(17.009616794348,204.78006526418));
#2029 = CARTESIAN_POINT('',(17.220794323028,205.10407331416));
#2030 = CARTESIAN_POINT('',(19.617519644425,208.71501543058));
#2031 = CARTESIAN_POINT('',(22.081364346435,211.81821943111));
#2032 = CARTESIAN_POINT('',(24.804759584453,214.70335198019));
#2033 = CARTESIAN_POINT('',(27.756605552545,217.35636580588));
#2034 = CARTESIAN_POINT('',(30.901543401248,219.7754650225));
#2035 = CARTESIAN_POINT('',(34.20435321255,221.96616903778));
#2036 = CARTESIAN_POINT('',(37.632509822416,223.93842318653));
#2037 = CARTESIAN_POINT('',(42.826962116139,226.54034492982));
#2038 = CARTESIAN_POINT('',(44.518597812984,227.33054315778));
#2039 = CARTESIAN_POINT('',(46.23061673331,228.07645987258));
#2040 = CARTESIAN_POINT('',(47.960780080016,228.77955059741));
#2041 = CARTESIAN_POINT('',(49.707067540486,229.44126168418));
#2042 = CARTESIAN_POINT('',(51.467687644192,230.06300462101));
#2043 = CARTESIAN_POINT('',(53.241085549377,230.64613648092));
#2044 = CARTESIAN_POINT('',(56.367207777533,231.60210293115));
#2045 = CARTESIAN_POINT('',(57.714905873469,231.99117291848));
#2046 = CARTESIAN_POINT('',(59.068467885508,232.35969988195));
#2047 = CARTESIAN_POINT('',(60.427362206663,232.7081965613));
#2048 = CARTESIAN_POINT('',(61.791100238764,233.03714515737));
#2049 = CARTESIAN_POINT('',(63.159236347143,233.34699746201));
#2050 = CARTESIAN_POINT('',(64.531367815324,233.63817498811));
#2051 = CARTESIAN_POINT('',(69.59453082422,234.64249286016));
#2052 = CARTESIAN_POINT('',(73.307401021099,235.24244611922));
#2053 = CARTESIAN_POINT('',(77.039493720639,235.7186745654));
#2054 = CARTESIAN_POINT('',(80.785272443882,236.07690622634));
#2055 = CARTESIAN_POINT('',(84.5398682707,236.32130046411));
#2056 = CARTESIAN_POINT('',(88.299059889293,236.45462936182));
#2057 = CARTESIAN_POINT('',(92.059268225682,236.47830051053));
#2058 = CARTESIAN_POINT('',(99.916846730138,236.29855934188));
#2059 = CARTESIAN_POINT('',(104.01273356609,236.07437282762));
#2060 = CARTESIAN_POINT('',(108.10110392672,235.71991978877));
#2061 = CARTESIAN_POINT('',(112.17702455707,235.23346313735));
#2062 = CARTESIAN_POINT('',(116.23479151056,234.61179031325));
#2063 = CARTESIAN_POINT('',(120.26796863827,233.85047154555));
#2064 = CARTESIAN_POINT('',(124.26945129479,232.9442634552));
#2065 = CARTESIAN_POINT('',(131.6156891092,230.98575643147));
#2066 = CARTESIAN_POINT('',(134.97105514487,229.97406828172));
#2067 = CARTESIAN_POINT('',(138.29202040875,228.84988743278));
#2068 = CARTESIAN_POINT('',(141.57255858141,227.61043425756));
#2069 = CARTESIAN_POINT('',(144.80644215556,226.25352953922));
#2070 = CARTESIAN_POINT('',(147.98748291171,224.77818453844));
#2071 = CARTESIAN_POINT('',(151.10978008303,223.18522001806));
#2072 = CARTESIAN_POINT('',(156.80443896269,220.00562195312));
#2073 = CARTESIAN_POINT('',(159.3936386199,218.4481847723));
#2074 = CARTESIAN_POINT('',(161.93189909131,216.8074068623));
#2075 = CARTESIAN_POINT('',(164.41661164982,215.08613311663));
#2076 = CARTESIAN_POINT('',(166.84615068813,213.28806511475));
#2077 = CARTESIAN_POINT('',(169.2197835611,211.41764233617));
#2078 = CARTESIAN_POINT('',(171.53752908048,209.47985000951));
#2079 = CARTESIAN_POINT('',(173.8,207.48));
#2080 = ( GEOMETRIC_REPRESENTATION_CONTEXT(2) 
PARAMETRIC_REPRESENTATION_CONTEXT() REPRESENTATION_CONTEXT('2D SPACE',''
  ) );
#2081 = PCURVE('',#420,#2082);
#2082 = DEFINITIONAL_REPRESENTATION('',(#2083),#2142);
#2083 = B_SPLINE_CURVE_WITH_KNOTS('',8,(#2084,#2085,#2086,#2087,#2088,
    #2089,#2090,#2091,#2092,#2093,#2094,#2095,#2096,#2097,#2098,#2099,
    #2100,#2101,#2102,#2103,#2104,#2105,#2106,#2107,#2108,#2109,#2110,
    #2111,#2112,#2113,#2114,#2115,#2116,#2117,#2118,#2119,#2120,#2121,
    #2122,#2123,#2124,#2125,#2126,#2127,#2128,#2129,#2130,#2131,#2132,
    #2133,#2134,#2135,#2136,#2137,#2138,#2139,#2140,#2141),
  .UNSPECIFIED.,.F.,.F.,(9,7,7,7,7,7,7,7,9),(0.,1.757741699382E-02,
    0.196980145181,0.281897599944,0.34570998389,0.516742966619,
    0.703294714598,0.862629805341,1.),.UNSPECIFIED.);
#2084 = CARTESIAN_POINT('',(2.5,0.));
#2085 = CARTESIAN_POINT('',(2.5,2.106565554956E-03));
#2086 = CARTESIAN_POINT('',(2.5,4.218662871333E-03));
#2087 = CARTESIAN_POINT('',(2.5,6.336162278426E-03));
#2088 = CARTESIAN_POINT('',(2.5,8.458931931246E-03));
#2089 = CARTESIAN_POINT('',(2.5,1.058683781052E-02));
#2090 = CARTESIAN_POINT('',(2.5,1.271974372268E-02));
#2091 = CARTESIAN_POINT('',(2.5,1.485751129988E-02));
#2092 = CARTESIAN_POINT('',(2.5,3.886716728892E-02));
#2093 = CARTESIAN_POINT('',(2.5,6.123076042363E-02));
#2094 = CARTESIAN_POINT('',(2.5,8.391215662561E-02));
#2095 = CARTESIAN_POINT('',(2.5,0.106768047854));
#2096 = CARTESIAN_POINT('',(2.5,0.129683626696));
#2097 = CARTESIAN_POINT('',(2.5,0.152568450492));
#2098 = CARTESIAN_POINT('',(2.5,0.17535504401));
#2099 = CARTESIAN_POINT('',(2.5,0.20871863313));
#2100 = CARTESIAN_POINT('',(2.5,0.219411865789));
#2101 = CARTESIAN_POINT('',(2.5,0.230078020248));
#2102 = CARTESIAN_POINT('',(2.5,0.240716243339));
#2103 = CARTESIAN_POINT('',(2.5,0.251326464207));
#2104 = CARTESIAN_POINT('',(2.5,0.261909378765));
#2105 = CARTESIAN_POINT('',(2.5,0.272466460837));
#2106 = CARTESIAN_POINT('',(2.5,0.290915572214));
#2107 = CARTESIAN_POINT('',(2.5,0.298817639601));
#2108 = CARTESIAN_POINT('',(2.5,0.306707074393));
#2109 = CARTESIAN_POINT('',(2.5,0.314584808853));
#2110 = CARTESIAN_POINT('',(2.5,0.322451844391));
#2111 = CARTESIAN_POINT('',(2.5,0.330309260666));
#2112 = CARTESIAN_POINT('',(2.5,0.338158224704));
#2113 = CARTESIAN_POINT('',(2.5,0.367017898657));
#2114 = CARTESIAN_POINT('',(2.5,0.387980495939));
#2115 = CARTESIAN_POINT('',(2.5,0.408916088806));
#2116 = CARTESIAN_POINT('',(2.5,0.429849172738));
#2117 = CARTESIAN_POINT('',(2.5,0.450802359706));
#2118 = CARTESIAN_POINT('',(2.5,0.471797441901));
#2119 = CARTESIAN_POINT('',(2.5,0.492856005659));
#2120 = CARTESIAN_POINT('',(2.5,0.537062505492));
#2121 = CARTESIAN_POINT('',(2.5,0.560220353522));
#2122 = CARTESIAN_POINT('',(2.5,0.583500260746));
#2123 = CARTESIAN_POINT('',(2.5,0.606919511919));
#2124 = CARTESIAN_POINT('',(2.5,0.630486576134));
#2125 = CARTESIAN_POINT('',(2.5,0.654200092505));
#2126 = CARTESIAN_POINT('',(2.5,0.678046926732));
#2127 = CARTESIAN_POINT('',(2.5,0.722458479452));
#2128 = CARTESIAN_POINT('',(2.5,0.742994279055));
#2129 = CARTESIAN_POINT('',(2.5,0.763585018344));
#2130 = CARTESIAN_POINT('',(2.5,0.78420015313));
#2131 = CARTESIAN_POINT('',(2.5,0.804800455318));
#2132 = CARTESIAN_POINT('',(2.5,0.825338121933));
#2133 = CARTESIAN_POINT('',(2.5,0.845757948263));
#2134 = CARTESIAN_POINT('',(2.5,0.883451614547));
#2135 = CARTESIAN_POINT('',(2.5,0.900773486519));
#2136 = CARTESIAN_POINT('',(2.5,0.917926561436));
#2137 = CARTESIAN_POINT('',(2.5,0.93487393614));
#2138 = CARTESIAN_POINT('',(2.5,0.951581944821));
#2139 = CARTESIAN_POINT('',(2.5,0.968021163527));
#2140 = CARTESIAN_POINT('',(2.5,0.984167058041));
#2141 = CARTESIAN_POINT('',(2.5,1.));
#2142 = ( GEOMETRIC_REPRESENTATION_CONTEXT(2) 
PARAMETRIC_REPRESENTATION_CONTEXT() REPRESENTATION_CONTEXT('2D SPACE',''
  ) );
#2143 = ORIENTED_EDGE('',*,*,#438,.T.);
#2144 = ORIENTED_EDGE('',*,*,#1768,.T.);
#2145 = ORIENTED_EDGE('',*,*,#805,.F.);
#2146 = ADVANCED_FACE('',(#2147),#420,.T.);
#2147 = FACE_BOUND('',#2148,.T.);
#2148 = EDGE_LOOP('',(#2149,#2150,#2151,#2152));
#2149 = ORIENTED_EDGE('',*,*,#733,.F.);
#2150 = ORIENTED_EDGE('',*,*,#406,.T.);
#2151 = ORIENTED_EDGE('',*,*,#1958,.T.);
#2152 = ORIENTED_EDGE('',*,*,#784,.F.);
#2153 = ( GEOMETRIC_REPRESENTATION_CONTEXT(3) 
GLOBAL_UNCERTAINTY_ASSIGNED_CONTEXT((#2157)) 
GLOBAL_UNIT_ASSIGNED_CONTEXT((#2154,#2155,#2156)) REPRESENTATION_CONTEXT
('Context #1','3D Context with UNIT and UNCERTAINTY') );
#2154 = ( LENGTH_UNIT() NAMED_UNIT(*) SI_UNIT(.MILLI.,.METRE.) );
#2155 = ( NAMED_UNIT(*) PLANE_ANGLE_UNIT() SI_UNIT($,.RADIAN.) );
#2156 = ( NAMED_UNIT(*) SI_UNIT($,.STERADIAN.) SOLID_ANGLE_UNIT() );
#2157 = UNCERTAINTY_MEASURE_WITH_UNIT(LENGTH_MEASURE(2.E-06),#2154,
  'distance_accuracy_value','confusion accuracy');
#2158 = PRODUCT_RELATED_PRODUCT_CATEGORY('part',$,(#7));
ENDSEC;
END-ISO-10303-21;
