ISO-10303-21;
HEADER;
FILE_DESCRIPTION(('Open CASCADE Model'),'2;1');
FILE_NAME('Open CASCADE Shape Model','2026-09-05T05:20:49',('Author'),(
    'Open CASCADE'),'Open CASCADE STEP processor 7.8','Open CASCADE 7.8'
  ,'Unknown');
FILE_SCHEMA(('AUTOMOTIVE_DESIGN { 1 0 10303 214 1 1 1 1 }'));
ENDSEC;
DATA;
#1 = APPLICATION_PROTOCOL_DEFINITION('international standard',
  'automotive_design',2000,#2);
#2 = APPLICATION_CONTEXT(
  'core data for automotive mechanical design processes');
#3 = SHAPE_DEFINITION_REPRESENTATION(#4,#10);
#4 = PRODUCT_DEFINITION_SHAPE('','',#5);
#5 = PRODUCT_DEFINITION('design','',#6,#9);
#6 = PRODUCT_DEFINITION_FORMATION('','',#7);
#7 = PRODUCT('Open CASCADE STEP translator 7.8 4',
  'Open CASCADE STEP translator 7.8 4','',(#8));
#8 = PRODUCT_CONTEXT('',#2,'mechanical');
#9 = PRODUCT_DEFINITION_CONTEXT('part definition',#2,'design');
#10 = ADVANCED_BREP_SHAPE_REPRESENTATION('',(#11,#15),#1657);
#11 = AXIS2_PLACEMENT_3D('',#12,#13,#14);
#12 = CARTESIAN_POINT('',(0.,0.,0.));
#13 = DIRECTION('',(0.,0.,1.));
#14 = DIRECTION('',(1.,0.,-0.));
#15 = MANIFOLD_SOLID_BREP('',#16);
#16 = CLOSED_SHELL('',(#17,#155,#475,#524,#737,#766,#958,#1150,#1179,
    #1208,#1237,#1266,#1458,#1650));
#17 = ADVANCED_FACE('',(#18),#31,.T.);
#18 = FACE_BOUND('',#19,.T.);
#19 = EDGE_LOOP('',(#20,#59,#95,#121));
#20 = ORIENTED_EDGE('',*,*,#21,.T.);
#21 = EDGE_CURVE('',#22,#24,#26,.T.);
#22 = VERTEX_POINT('',#23);
#23 = CARTESIAN_POINT('',(-22.464,-18.6,-33.));
#24 = VERTEX_POINT('',#25);
#25 = CARTESIAN_POINT('',(22.464,-18.6,-33.));
#26 = SURFACE_CURVE('',#27,(#30,#48),.PCURVE_S1.);
#27 = B_SPLINE_CURVE_WITH_KNOTS('',1,(#28,#29),.UNSPECIFIED.,.F.,.F.,(2,
    2),(0.,1.),.PIECEWISE_BEZIER_KNOTS.);
#28 = CARTESIAN_POINT('',(-22.464,-18.6,-33.));
#29 = CARTESIAN_POINT('',(22.464,-18.6,-33.));
#30 = PCURVE('',#31,#42);
#31 = ( BOUNDED_SURFACE() B_SPLINE_SURFACE(1,4,(
    (#32,#33,#34,#35,#36)
    ,(#37,#38,#39,#40,#41
)),.UNSPECIFIED.,.F.,.F.,.F.) B_SPLINE_SURFACE_WITH_KNOTS((2,2),(5,5),(
    0.,1.),(0.,1.),.PIECEWISE_BEZIER_KNOTS.) 
GEOMETRIC_REPRESENTATION_ITEM() RATIONAL_B_SPLINE_SURFACE((
    (1.,1.,1.,1.,1.)
,(1.,1.,1.,1.,1.))) REPRESENTATION_ITEM('') SURFACE() );
#32 = CARTESIAN_POINT('',(-22.464,-18.6,-33.));
#33 = CARTESIAN_POINT('',(-36.65316913795,-30.34851077127,
    -26.88425582743));
#34 = CARTESIAN_POINT('',(-46.39510029616,-38.4147465059,-1.735951282336
    ));
#35 = CARTESIAN_POINT('',(-36.63124325339,-30.33035632625,
    22.796084883407));
#36 = CARTESIAN_POINT('',(-24.7104,-20.46,33.));
#37 = CARTESIAN_POINT('',(22.464,-18.6,-33.));
#38 = CARTESIAN_POINT('',(36.653169137957,-30.34851077127,
    -26.88425582743));
#39 = CARTESIAN_POINT('',(46.395100296161,-38.4147465059,-1.735951282336
    ));
#40 = CARTESIAN_POINT('',(36.63124325339,-30.33035632625,22.796084883407
    ));
#41 = CARTESIAN_POINT('',(24.7104,-20.46,33.));
#42 = DEFINITIONAL_REPRESENTATION('',(#43),#47);
#43 = LINE('',#44,#45);
#44 = CARTESIAN_POINT('',(0.,0.));
#45 = VECTOR('',#46,1.);
#46 = DIRECTION('',(1.,0.));
#47 = ( GEOMETRIC_REPRESENTATION_CONTEXT(2) 
PARAMETRIC_REPRESENTATION_CONTEXT() REPRESENTATION_CONTEXT('2D SPACE',''
  ) );
#48 = PCURVE('',#49,#54);
#49 = PLANE('',#50);
#50 = AXIS2_PLACEMENT_3D('',#51,#52,#53);
#51 = CARTESIAN_POINT('',(-22.464,-18.6,-33.));
#52 = DIRECTION('',(0.,0.,1.));
#53 = DIRECTION('',(0.883422455346,0.468577384634,-0.));
#54 = DEFINITIONAL_REPRESENTATION('',(#55),#58);
#55 = B_SPLINE_CURVE_WITH_KNOTS('',1,(#56,#57),.UNSPECIFIED.,.F.,.F.,(2,
    2),(0.,1.),.PIECEWISE_BEZIER_KNOTS.);
#56 = CARTESIAN_POINT('',(0.,0.));
#57 = CARTESIAN_POINT('',(39.690404073796,-21.05224473681));
#58 = ( GEOMETRIC_REPRESENTATION_CONTEXT(2) 
PARAMETRIC_REPRESENTATION_CONTEXT() REPRESENTATION_CONTEXT('2D SPACE',''
  ) );
#59 = ORIENTED_EDGE('',*,*,#60,.T.);
#60 = EDGE_CURVE('',#24,#61,#63,.T.);
#61 = VERTEX_POINT('',#62);
#62 = CARTESIAN_POINT('',(24.7104,-20.46,33.));
#63 = SURFACE_CURVE('',#64,(#70,#77),.PCURVE_S1.);
#64 = ( BOUNDED_CURVE() B_SPLINE_CURVE(4,(#65,#66,#67,#68,#69),
.UNSPECIFIED.,.F.,.F.) B_SPLINE_CURVE_WITH_KNOTS((5,5),(0.,1.),
.PIECEWISE_BEZIER_KNOTS.) CURVE() GEOMETRIC_REPRESENTATION_ITEM() 
RATIONAL_B_SPLINE_CURVE((1.,1.,1.,1.,1.)) REPRESENTATION_ITEM('') );
#65 = CARTESIAN_POINT('',(22.464,-18.6,-33.));
#66 = CARTESIAN_POINT('',(36.653169137957,-30.34851077127,
    -26.88425582743));
#67 = CARTESIAN_POINT('',(46.395100296161,-38.4147465059,-1.735951282336
    ));
#68 = CARTESIAN_POINT('',(36.63124325339,-30.33035632625,22.796084883407
    ));
#69 = CARTESIAN_POINT('',(24.7104,-20.46,33.));
#70 = PCURVE('',#31,#71);
#71 = DEFINITIONAL_REPRESENTATION('',(#72),#76);
#72 = LINE('',#73,#74);
#73 = CARTESIAN_POINT('',(1.,0.));
#74 = VECTOR('',#75,1.);
#75 = DIRECTION('',(0.,1.));
#76 = ( GEOMETRIC_REPRESENTATION_CONTEXT(2) 
PARAMETRIC_REPRESENTATION_CONTEXT() REPRESENTATION_CONTEXT('2D SPACE',''
  ) );
#77 = PCURVE('',#78,#89);
#78 = ( BOUNDED_SURFACE() B_SPLINE_SURFACE(1,4,(
    (#79,#80,#81,#82,#83)
    ,(#84,#85,#86,#87,#88
)),.UNSPECIFIED.,.F.,.F.,.F.) B_SPLINE_SURFACE_WITH_KNOTS((2,2),(5,5),(
    1.,2.),(0.,1.),.PIECEWISE_BEZIER_KNOTS.) 
GEOMETRIC_REPRESENTATION_ITEM() RATIONAL_B_SPLINE_SURFACE((
    (1.,1.,1.,1.,1.)
,(1.,1.,1.,1.,1.))) REPRESENTATION_ITEM('') SURFACE() );
#79 = CARTESIAN_POINT('',(22.464,-18.6,-33.));
#80 = CARTESIAN_POINT('',(36.653169137957,-30.34851077127,
    -26.88425582743));
#81 = CARTESIAN_POINT('',(46.395100296161,-38.4147465059,-1.735951282336
    ));
#82 = CARTESIAN_POINT('',(36.63124325339,-30.33035632625,22.796084883407
    ));
#83 = CARTESIAN_POINT('',(24.7104,-20.46,33.));
#84 = CARTESIAN_POINT('',(31.2,-9.864,-33.));
#85 = CARTESIAN_POINT('',(50.907179358273,-16.09450055096,
    -26.88425582743));
#86 = CARTESIAN_POINT('',(64.437639300224,-20.37220750184,
    -1.735951282336));
#87 = CARTESIAN_POINT('',(50.876726740819,-16.08487283882,
    22.796084883407));
#88 = CARTESIAN_POINT('',(34.32,-10.8504,33.));
#89 = DEFINITIONAL_REPRESENTATION('',(#90),#94);
#90 = LINE('',#91,#92);
#91 = CARTESIAN_POINT('',(1.,0.));
#92 = VECTOR('',#93,1.);
#93 = DIRECTION('',(0.,1.));
#94 = ( GEOMETRIC_REPRESENTATION_CONTEXT(2) 
PARAMETRIC_REPRESENTATION_CONTEXT() REPRESENTATION_CONTEXT('2D SPACE',''
  ) );
#95 = ORIENTED_EDGE('',*,*,#96,.F.);
#96 = EDGE_CURVE('',#97,#61,#99,.T.);
#97 = VERTEX_POINT('',#98);
#98 = CARTESIAN_POINT('',(-24.7104,-20.46,33.));
#99 = SURFACE_CURVE('',#100,(#103,#110),.PCURVE_S1.);
#100 = B_SPLINE_CURVE_WITH_KNOTS('',1,(#101,#102),.UNSPECIFIED.,.F.,.F.,
  (2,2),(0.,1.),.PIECEWISE_BEZIER_KNOTS.);
#101 = CARTESIAN_POINT('',(-24.7104,-20.46,33.));
#102 = CARTESIAN_POINT('',(24.7104,-20.46,33.));
#103 = PCURVE('',#31,#104);
#104 = DEFINITIONAL_REPRESENTATION('',(#105),#109);
#105 = LINE('',#106,#107);
#106 = CARTESIAN_POINT('',(0.,1.));
#107 = VECTOR('',#108,1.);
#108 = DIRECTION('',(1.,0.));
#109 = ( GEOMETRIC_REPRESENTATION_CONTEXT(2) 
PARAMETRIC_REPRESENTATION_CONTEXT() REPRESENTATION_CONTEXT('2D SPACE',''
  ) );
#110 = PCURVE('',#111,#116);
#111 = PLANE('',#112);
#112 = AXIS2_PLACEMENT_3D('',#113,#114,#115);
#113 = CARTESIAN_POINT('',(-24.7104,-20.46,33.));
#114 = DIRECTION('',(0.,0.,1.));
#115 = DIRECTION('',(0.883422455346,0.468577384634,-0.));
#116 = DEFINITIONAL_REPRESENTATION('',(#117),#120);
#117 = B_SPLINE_CURVE_WITH_KNOTS('',1,(#118,#119),.UNSPECIFIED.,.F.,.F.,
  (2,2),(0.,1.),.PIECEWISE_BEZIER_KNOTS.);
#118 = CARTESIAN_POINT('',(0.,0.));
#119 = CARTESIAN_POINT('',(43.659444481175,-23.15746921049));
#120 = ( GEOMETRIC_REPRESENTATION_CONTEXT(2) 
PARAMETRIC_REPRESENTATION_CONTEXT() REPRESENTATION_CONTEXT('2D SPACE',''
  ) );
#121 = ORIENTED_EDGE('',*,*,#122,.F.);
#122 = EDGE_CURVE('',#22,#97,#123,.T.);
#123 = SURFACE_CURVE('',#124,(#130,#137),.PCURVE_S1.);
#124 = ( BOUNDED_CURVE() B_SPLINE_CURVE(4,(#125,#126,#127,#128,#129),
.UNSPECIFIED.,.F.,.F.) B_SPLINE_CURVE_WITH_KNOTS((5,5),(0.,1.),
.PIECEWISE_BEZIER_KNOTS.) CURVE() GEOMETRIC_REPRESENTATION_ITEM() 
RATIONAL_B_SPLINE_CURVE((1.,1.,1.,1.,1.)) REPRESENTATION_ITEM('') );
#125 = CARTESIAN_POINT('',(-22.464,-18.6,-33.));
#126 = CARTESIAN_POINT('',(-36.65316913795,-30.34851077127,
    -26.88425582743));
#127 = CARTESIAN_POINT('',(-46.39510029616,-38.4147465059,
    -1.735951282336));
#128 = CARTESIAN_POINT('',(-36.63124325339,-30.33035632625,
    22.796084883407));
#129 = CARTESIAN_POINT('',(-24.7104,-20.46,33.));
#130 = PCURVE('',#31,#131);
#131 = DEFINITIONAL_REPRESENTATION('',(#132),#136);
#132 = LINE('',#133,#134);
#133 = CARTESIAN_POINT('',(0.,0.));
#134 = VECTOR('',#135,1.);
#135 = DIRECTION('',(0.,1.));
#136 = ( GEOMETRIC_REPRESENTATION_CONTEXT(2) 
PARAMETRIC_REPRESENTATION_CONTEXT() REPRESENTATION_CONTEXT('2D SPACE',''
  ) );
#137 = PCURVE('',#138,#149);
#138 = ( BOUNDED_SURFACE() B_SPLINE_SURFACE(1,4,(
    (#139,#140,#141,#142,#143)
    ,(#144,#145,#146,#147,#148
)),.UNSPECIFIED.,.F.,.F.,.F.) B_SPLINE_SURFACE_WITH_KNOTS((2,2),(5,5),(
    7.,8.),(0.,1.),.PIECEWISE_BEZIER_KNOTS.) 
GEOMETRIC_REPRESENTATION_ITEM() RATIONAL_B_SPLINE_SURFACE((
    (1.,1.,1.,1.,1.)
,(1.,1.,1.,1.,1.))) REPRESENTATION_ITEM('') SURFACE() );
#139 = CARTESIAN_POINT('',(-31.2,-9.864,-33.));
#140 = CARTESIAN_POINT('',(-50.90717935827,-16.09450055096,
    -26.88425582743));
#141 = CARTESIAN_POINT('',(-64.43763930022,-20.37220750184,
    -1.735951282336));
#142 = CARTESIAN_POINT('',(-50.87672674081,-16.08487283882,
    22.796084883407));
#143 = CARTESIAN_POINT('',(-34.32,-10.8504,33.));
#144 = CARTESIAN_POINT('',(-22.464,-18.6,-33.));
#145 = CARTESIAN_POINT('',(-36.65316913795,-30.34851077127,
    -26.88425582743));
#146 = CARTESIAN_POINT('',(-46.39510029616,-38.4147465059,
    -1.735951282336));
#147 = CARTESIAN_POINT('',(-36.63124325339,-30.33035632625,
    22.796084883407));
#148 = CARTESIAN_POINT('',(-24.7104,-20.46,33.));
#149 = DEFINITIONAL_REPRESENTATION('',(#150),#154);
#150 = LINE('',#151,#152);
#151 = CARTESIAN_POINT('',(8.,0.));
#152 = VECTOR('',#153,1.);
#153 = DIRECTION('',(0.,1.));
#154 = ( GEOMETRIC_REPRESENTATION_CONTEXT(2) 
PARAMETRIC_REPRESENTATION_CONTEXT() REPRESENTATION_CONTEXT('2D SPACE',''
  ) );
#155 = ADVANCED_FACE('',(#156),#49,.F.);
#156 = FACE_BOUND('',#157,.F.);
#157 = EDGE_LOOP('',(#158,#179,#180,#201,#233,#259,#291,#323,#355,#387,
    #419,#445));
#158 = ORIENTED_EDGE('',*,*,#159,.T.);
#159 = EDGE_CURVE('',#160,#22,#162,.T.);
#160 = VERTEX_POINT('',#161);
#161 = CARTESIAN_POINT('',(-31.2,-9.864,-33.));
#162 = SURFACE_CURVE('',#163,(#166,#172),.PCURVE_S1.);
#163 = B_SPLINE_CURVE_WITH_KNOTS('',1,(#164,#165),.UNSPECIFIED.,.F.,.F.,
  (2,2),(7.,8.),.PIECEWISE_BEZIER_KNOTS.);
#164 = CARTESIAN_POINT('',(-31.2,-9.864,-33.));
#165 = CARTESIAN_POINT('',(-22.464,-18.6,-33.));
#166 = PCURVE('',#49,#167);
#167 = DEFINITIONAL_REPRESENTATION('',(#168),#171);
#168 = B_SPLINE_CURVE_WITH_KNOTS('',1,(#169,#170),.UNSPECIFIED.,.F.,.F.,
  (2,2),(7.,8.),.PIECEWISE_BEZIER_KNOTS.);
#169 = CARTESIAN_POINT('',(-3.624086537746,11.811070602063));
#170 = CARTESIAN_POINT('',(0.,0.));
#171 = ( GEOMETRIC_REPRESENTATION_CONTEXT(2) 
PARAMETRIC_REPRESENTATION_CONTEXT() REPRESENTATION_CONTEXT('2D SPACE',''
  ) );
#172 = PCURVE('',#138,#173);
#173 = DEFINITIONAL_REPRESENTATION('',(#174),#178);
#174 = LINE('',#175,#176);
#175 = CARTESIAN_POINT('',(0.,0.));
#176 = VECTOR('',#177,1.);
#177 = DIRECTION('',(1.,0.));
#178 = ( GEOMETRIC_REPRESENTATION_CONTEXT(2) 
PARAMETRIC_REPRESENTATION_CONTEXT() REPRESENTATION_CONTEXT('2D SPACE',''
  ) );
#179 = ORIENTED_EDGE('',*,*,#21,.T.);
#180 = ORIENTED_EDGE('',*,*,#181,.T.);
#181 = EDGE_CURVE('',#24,#182,#184,.T.);
#182 = VERTEX_POINT('',#183);
#183 = CARTESIAN_POINT('',(31.2,-9.864,-33.));
#184 = SURFACE_CURVE('',#185,(#188,#194),.PCURVE_S1.);
#185 = B_SPLINE_CURVE_WITH_KNOTS('',1,(#186,#187),.UNSPECIFIED.,.F.,.F.,
  (2,2),(1.,2.),.PIECEWISE_BEZIER_KNOTS.);
#186 = CARTESIAN_POINT('',(22.464,-18.6,-33.));
#187 = CARTESIAN_POINT('',(31.2,-9.864,-33.));
#188 = PCURVE('',#49,#189);
#189 = DEFINITIONAL_REPRESENTATION('',(#190),#193);
#190 = B_SPLINE_CURVE_WITH_KNOTS('',1,(#191,#192),.UNSPECIFIED.,.F.,.F.,
  (2,2),(1.,2.),.PIECEWISE_BEZIER_KNOTS.);
#191 = CARTESIAN_POINT('',(39.690404073796,-21.05224473681));
#192 = CARTESIAN_POINT('',(51.501474675859,-17.42815819907));
#193 = ( GEOMETRIC_REPRESENTATION_CONTEXT(2) 
PARAMETRIC_REPRESENTATION_CONTEXT() REPRESENTATION_CONTEXT('2D SPACE',''
  ) );
#194 = PCURVE('',#78,#195);
#195 = DEFINITIONAL_REPRESENTATION('',(#196),#200);
#196 = LINE('',#197,#198);
#197 = CARTESIAN_POINT('',(0.,0.));
#198 = VECTOR('',#199,1.);
#199 = DIRECTION('',(1.,0.));
#200 = ( GEOMETRIC_REPRESENTATION_CONTEXT(2) 
PARAMETRIC_REPRESENTATION_CONTEXT() REPRESENTATION_CONTEXT('2D SPACE',''
  ) );
#201 = ORIENTED_EDGE('',*,*,#202,.T.);
#202 = EDGE_CURVE('',#182,#203,#205,.T.);
#203 = VERTEX_POINT('',#204);
#204 = CARTESIAN_POINT('',(31.2,0.,-33.));
#205 = SURFACE_CURVE('',#206,(#209,#215),.PCURVE_S1.);
#206 = B_SPLINE_CURVE_WITH_KNOTS('',1,(#207,#208),.UNSPECIFIED.,.F.,.F.,
  (2,2),(2.,3.),.PIECEWISE_BEZIER_KNOTS.);
#207 = CARTESIAN_POINT('',(31.2,-9.864,-33.));
#208 = CARTESIAN_POINT('',(31.2,9.864,-33.));
#209 = PCURVE('',#49,#210);
#210 = DEFINITIONAL_REPRESENTATION('',(#211),#214);
#211 = B_SPLINE_CURVE_WITH_KNOTS('',1,(#212,#213),.UNSPECIFIED.,.F.,.F.,
  (2,2),(2.,3.),.PIECEWISE_BEZIER_KNOTS.);
#212 = CARTESIAN_POINT('',(51.501474675859,-17.42815819907));
#213 = CARTESIAN_POINT('',(60.74556931991,0.));
#214 = ( GEOMETRIC_REPRESENTATION_CONTEXT(2) 
PARAMETRIC_REPRESENTATION_CONTEXT() REPRESENTATION_CONTEXT('2D SPACE',''
  ) );
#215 = PCURVE('',#216,#227);
#216 = ( BOUNDED_SURFACE() B_SPLINE_SURFACE(1,4,(
    (#217,#218,#219,#220,#221)
    ,(#222,#223,#224,#225,#226
)),.UNSPECIFIED.,.F.,.F.,.F.) B_SPLINE_SURFACE_WITH_KNOTS((2,2),(5,5),(
    2.,3.),(0.,1.),.PIECEWISE_BEZIER_KNOTS.) 
GEOMETRIC_REPRESENTATION_ITEM() RATIONAL_B_SPLINE_SURFACE((
    (1.,1.,1.,1.,1.)
,(1.,1.,1.,1.,1.))) REPRESENTATION_ITEM('') SURFACE() );
#217 = CARTESIAN_POINT('',(31.2,-9.864,-33.));
#218 = CARTESIAN_POINT('',(50.907179358273,-16.09450055096,
    -26.88425582743));
#219 = CARTESIAN_POINT('',(64.437639300224,-20.37220750184,
    -1.735951282336));
#220 = CARTESIAN_POINT('',(50.876726740819,-16.08487283882,
    22.796084883407));
#221 = CARTESIAN_POINT('',(34.32,-10.8504,33.));
#222 = CARTESIAN_POINT('',(31.2,9.864,-33.));
#223 = CARTESIAN_POINT('',(50.907179358273,16.094500550962,
    -26.88425582743));
#224 = CARTESIAN_POINT('',(64.437639300224,20.37220750184,
    -1.735951282336));
#225 = CARTESIAN_POINT('',(50.876726740819,16.084872838828,
    22.796084883407));
#226 = CARTESIAN_POINT('',(34.32,10.8504,33.));
#227 = DEFINITIONAL_REPRESENTATION('',(#228),#232);
#228 = LINE('',#229,#230);
#229 = CARTESIAN_POINT('',(0.,0.));
#230 = VECTOR('',#231,1.);
#231 = DIRECTION('',(1.,0.));
#232 = ( GEOMETRIC_REPRESENTATION_CONTEXT(2) 
PARAMETRIC_REPRESENTATION_CONTEXT() REPRESENTATION_CONTEXT('2D SPACE',''
  ) );
#233 = ORIENTED_EDGE('',*,*,#234,.T.);
#234 = EDGE_CURVE('',#203,#235,#237,.T.);
#235 = VERTEX_POINT('',#236);
#236 = CARTESIAN_POINT('',(28.2,0.,-33.));
#237 = SURFACE_CURVE('',#238,(#242,#248),.PCURVE_S1.);
#238 = LINE('',#239,#240);
#239 = CARTESIAN_POINT('',(-63.232,0.,-33.));
#240 = VECTOR('',#241,1.);
#241 = DIRECTION('',(-1.,0.,0.));
#242 = PCURVE('',#49,#243);
#243 = DEFINITIONAL_REPRESENTATION('',(#244),#247);
#244 = B_SPLINE_CURVE_WITH_KNOTS('',1,(#245,#246),.UNSPECIFIED.,.F.,.F.,
  (2,2),(-99.66397853309,-26.8000214669),.PIECEWISE_BEZIER_KNOTS.);
#245 = CARTESIAN_POINT('',(60.74556931991,-11.16566591703));
#246 = CARTESIAN_POINT('',(-3.624086537746,22.976736519095));
#247 = ( GEOMETRIC_REPRESENTATION_CONTEXT(2) 
PARAMETRIC_REPRESENTATION_CONTEXT() REPRESENTATION_CONTEXT('2D SPACE',''
  ) );
#248 = PCURVE('',#249,#254);
#249 = PLANE('',#250);
#250 = AXIS2_PLACEMENT_3D('',#251,#252,#253);
#251 = CARTESIAN_POINT('',(-104.,0.,-39.6));
#252 = DIRECTION('',(0.,1.,0.));
#253 = DIRECTION('',(0.,0.,1.));
#254 = DEFINITIONAL_REPRESENTATION('',(#255),#258);
#255 = B_SPLINE_CURVE_WITH_KNOTS('',1,(#256,#257),.UNSPECIFIED.,.F.,.F.,
  (2,2),(-99.66397853309,-26.8000214669),.PIECEWISE_BEZIER_KNOTS.);
#256 = CARTESIAN_POINT('',(6.6,140.43197853309));
#257 = CARTESIAN_POINT('',(6.6,67.568021466905));
#258 = ( GEOMETRIC_REPRESENTATION_CONTEXT(2) 
PARAMETRIC_REPRESENTATION_CONTEXT() REPRESENTATION_CONTEXT('2D SPACE',''
  ) );
#259 = ORIENTED_EDGE('',*,*,#260,.F.);
#260 = EDGE_CURVE('',#261,#235,#263,.T.);
#261 = VERTEX_POINT('',#262);
#262 = CARTESIAN_POINT('',(28.2,-7.704,-33.));
#263 = SURFACE_CURVE('',#264,(#267,#273),.PCURVE_S1.);
#264 = B_SPLINE_CURVE_WITH_KNOTS('',1,(#265,#266),.UNSPECIFIED.,.F.,.F.,
  (2,2),(2.,3.),.PIECEWISE_BEZIER_KNOTS.);
#265 = CARTESIAN_POINT('',(28.2,-7.704,-33.));
#266 = CARTESIAN_POINT('',(28.2,7.704,-33.));
#267 = PCURVE('',#49,#268);
#268 = DEFINITIONAL_REPRESENTATION('',(#269),#272);
#269 = B_SPLINE_CURVE_WITH_KNOTS('',1,(#270,#271),.UNSPECIFIED.,.F.,.F.,
  (2,2),(2.,3.),.PIECEWISE_BEZIER_KNOTS.);
#270 = CARTESIAN_POINT('',(49.863334460629,-14.11423354162));
#271 = CARTESIAN_POINT('',(57.083174803063,-0.502460349647));
#272 = ( GEOMETRIC_REPRESENTATION_CONTEXT(2) 
PARAMETRIC_REPRESENTATION_CONTEXT() REPRESENTATION_CONTEXT('2D SPACE',''
  ) );
#273 = PCURVE('',#274,#285);
#274 = ( BOUNDED_SURFACE() B_SPLINE_SURFACE(1,4,(
    (#275,#276,#277,#278,#279)
    ,(#280,#281,#282,#283,#284
)),.UNSPECIFIED.,.F.,.F.,.F.) B_SPLINE_SURFACE_WITH_KNOTS((2,2),(5,5),(
    2.,3.),(0.,1.),.PIECEWISE_BEZIER_KNOTS.) 
GEOMETRIC_REPRESENTATION_ITEM() RATIONAL_B_SPLINE_SURFACE((
    (1.,1.,1.,1.,1.)
,(1.,1.,1.,1.,1.))) REPRESENTATION_ITEM('') SURFACE() );
#275 = CARTESIAN_POINT('',(28.2,-7.704,-33.));
#276 = CARTESIAN_POINT('',(47.907179358273,-13.93450055096,
    -26.88425582743));
#277 = CARTESIAN_POINT('',(61.437639300224,-18.21220750184,
    -1.735951282336));
#278 = CARTESIAN_POINT('',(47.876726740819,-13.92487283882,
    22.796084883407));
#279 = CARTESIAN_POINT('',(31.32,-8.6904,33.));
#280 = CARTESIAN_POINT('',(28.2,7.704,-33.));
#281 = CARTESIAN_POINT('',(47.907179358273,13.934500550962,
    -26.88425582743));
#282 = CARTESIAN_POINT('',(61.437639300224,18.21220750184,
    -1.735951282336));
#283 = CARTESIAN_POINT('',(47.876726740819,13.924872838828,
    22.796084883407));
#284 = CARTESIAN_POINT('',(31.32,8.6904,33.));
#285 = DEFINITIONAL_REPRESENTATION('',(#286),#290);
#286 = LINE('',#287,#288);
#287 = CARTESIAN_POINT('',(0.,0.));
#288 = VECTOR('',#289,1.);
#289 = DIRECTION('',(1.,0.));
#290 = ( GEOMETRIC_REPRESENTATION_CONTEXT(2) 
PARAMETRIC_REPRESENTATION_CONTEXT() REPRESENTATION_CONTEXT('2D SPACE',''
  ) );
#291 = ORIENTED_EDGE('',*,*,#292,.F.);
#292 = EDGE_CURVE('',#293,#261,#295,.T.);
#293 = VERTEX_POINT('',#294);
#294 = CARTESIAN_POINT('',(20.304,-15.6,-33.));
#295 = SURFACE_CURVE('',#296,(#299,#305),.PCURVE_S1.);
#296 = B_SPLINE_CURVE_WITH_KNOTS('',1,(#297,#298),.UNSPECIFIED.,.F.,.F.,
  (2,2),(1.,2.),.PIECEWISE_BEZIER_KNOTS.);
#297 = CARTESIAN_POINT('',(20.304,-15.6,-33.));
#298 = CARTESIAN_POINT('',(28.2,-7.704,-33.));
#299 = PCURVE('',#49,#300);
#300 = DEFINITIONAL_REPRESENTATION('',(#301),#304);
#301 = B_SPLINE_CURVE_WITH_KNOTS('',1,(#302,#303),.UNSPECIFIED.,.F.,.F.,
  (2,2),(1.,2.),.PIECEWISE_BEZIER_KNOTS.);
#302 = CARTESIAN_POINT('',(39.187943724149,-17.38985021996));
#303 = CARTESIAN_POINT('',(49.863334460629,-14.11423354162));
#304 = ( GEOMETRIC_REPRESENTATION_CONTEXT(2) 
PARAMETRIC_REPRESENTATION_CONTEXT() REPRESENTATION_CONTEXT('2D SPACE',''
  ) );
#305 = PCURVE('',#306,#317);
#306 = ( BOUNDED_SURFACE() B_SPLINE_SURFACE(1,4,(
    (#307,#308,#309,#310,#311)
    ,(#312,#313,#314,#315,#316
)),.UNSPECIFIED.,.F.,.F.,.F.) B_SPLINE_SURFACE_WITH_KNOTS((2,2),(5,5),(
    1.,2.),(0.,1.),.PIECEWISE_BEZIER_KNOTS.) 
GEOMETRIC_REPRESENTATION_ITEM() RATIONAL_B_SPLINE_SURFACE((
    (1.,1.,1.,1.,1.)
,(1.,1.,1.,1.,1.))) REPRESENTATION_ITEM('') SURFACE() );
#307 = CARTESIAN_POINT('',(20.304,-15.6,-33.));
#308 = CARTESIAN_POINT('',(34.493169137957,-27.34851077127,
    -26.88425582743));
#309 = CARTESIAN_POINT('',(44.235100296161,-35.4147465059,
    -1.735951282336));
#310 = CARTESIAN_POINT('',(34.47124325339,-27.33035632625,
    22.796084883407));
#311 = CARTESIAN_POINT('',(22.5504,-17.46,33.));
#312 = CARTESIAN_POINT('',(28.2,-7.704,-33.));
#313 = CARTESIAN_POINT('',(47.907179358273,-13.93450055096,
    -26.88425582743));
#314 = CARTESIAN_POINT('',(61.437639300224,-18.21220750184,
    -1.735951282336));
#315 = CARTESIAN_POINT('',(47.876726740819,-13.92487283882,
    22.796084883407));
#316 = CARTESIAN_POINT('',(31.32,-8.6904,33.));
#317 = DEFINITIONAL_REPRESENTATION('',(#318),#322);
#318 = LINE('',#319,#320);
#319 = CARTESIAN_POINT('',(0.,0.));
#320 = VECTOR('',#321,1.);
#321 = DIRECTION('',(1.,0.));
#322 = ( GEOMETRIC_REPRESENTATION_CONTEXT(2) 
PARAMETRIC_REPRESENTATION_CONTEXT() REPRESENTATION_CONTEXT('2D SPACE',''
  ) );
#323 = ORIENTED_EDGE('',*,*,#324,.F.);
#324 = EDGE_CURVE('',#325,#293,#327,.T.);
#325 = VERTEX_POINT('',#326);
#326 = CARTESIAN_POINT('',(-20.304,-15.6,-33.));
#327 = SURFACE_CURVE('',#328,(#331,#337),.PCURVE_S1.);
#328 = B_SPLINE_CURVE_WITH_KNOTS('',1,(#329,#330),.UNSPECIFIED.,.F.,.F.,
  (2,2),(0.,1.),.PIECEWISE_BEZIER_KNOTS.);
#329 = CARTESIAN_POINT('',(-20.304,-15.6,-33.));
#330 = CARTESIAN_POINT('',(20.304,-15.6,-33.));
#331 = PCURVE('',#49,#332);
#332 = DEFINITIONAL_REPRESENTATION('',(#333),#336);
#333 = B_SPLINE_CURVE_WITH_KNOTS('',1,(#334,#335),.UNSPECIFIED.,.F.,.F.,
  (2,2),(0.,1.),.PIECEWISE_BEZIER_KNOTS.);
#334 = CARTESIAN_POINT('',(3.313924657449,1.63814021523));
#335 = CARTESIAN_POINT('',(39.187943724149,-17.38985021996));
#336 = ( GEOMETRIC_REPRESENTATION_CONTEXT(2) 
PARAMETRIC_REPRESENTATION_CONTEXT() REPRESENTATION_CONTEXT('2D SPACE',''
  ) );
#337 = PCURVE('',#338,#349);
#338 = ( BOUNDED_SURFACE() B_SPLINE_SURFACE(1,4,(
    (#339,#340,#341,#342,#343)
    ,(#344,#345,#346,#347,#348
)),.UNSPECIFIED.,.F.,.F.,.F.) B_SPLINE_SURFACE_WITH_KNOTS((2,2),(5,5),(
    0.,1.),(0.,1.),.PIECEWISE_BEZIER_KNOTS.) 
GEOMETRIC_REPRESENTATION_ITEM() RATIONAL_B_SPLINE_SURFACE((
    (1.,1.,1.,1.,1.)
,(1.,1.,1.,1.,1.))) REPRESENTATION_ITEM('') SURFACE() );
#339 = CARTESIAN_POINT('',(-20.304,-15.6,-33.));
#340 = CARTESIAN_POINT('',(-34.49316913795,-27.34851077127,
    -26.88425582743));
#341 = CARTESIAN_POINT('',(-44.23510029616,-35.4147465059,
    -1.735951282336));
#342 = CARTESIAN_POINT('',(-34.47124325339,-27.33035632625,
    22.796084883407));
#343 = CARTESIAN_POINT('',(-22.5504,-17.46,33.));
#344 = CARTESIAN_POINT('',(20.304,-15.6,-33.));
#345 = CARTESIAN_POINT('',(34.493169137957,-27.34851077127,
    -26.88425582743));
#346 = CARTESIAN_POINT('',(44.235100296161,-35.4147465059,
    -1.735951282336));
#347 = CARTESIAN_POINT('',(34.47124325339,-27.33035632625,
    22.796084883407));
#348 = CARTESIAN_POINT('',(22.5504,-17.46,33.));
#349 = DEFINITIONAL_REPRESENTATION('',(#350),#354);
#350 = LINE('',#351,#352);
#351 = CARTESIAN_POINT('',(0.,0.));
#352 = VECTOR('',#353,1.);
#353 = DIRECTION('',(1.,0.));
#354 = ( GEOMETRIC_REPRESENTATION_CONTEXT(2) 
PARAMETRIC_REPRESENTATION_CONTEXT() REPRESENTATION_CONTEXT('2D SPACE',''
  ) );
#355 = ORIENTED_EDGE('',*,*,#356,.F.);
#356 = EDGE_CURVE('',#357,#325,#359,.T.);
#357 = VERTEX_POINT('',#358);
#358 = CARTESIAN_POINT('',(-28.2,-7.704,-33.));
#359 = SURFACE_CURVE('',#360,(#363,#369),.PCURVE_S1.);
#360 = B_SPLINE_CURVE_WITH_KNOTS('',1,(#361,#362),.UNSPECIFIED.,.F.,.F.,
  (2,2),(7.,8.),.PIECEWISE_BEZIER_KNOTS.);
#361 = CARTESIAN_POINT('',(-28.2,-7.704,-33.));
#362 = CARTESIAN_POINT('',(-20.304,-15.6,-33.));
#363 = PCURVE('',#49,#364);
#364 = DEFINITIONAL_REPRESENTATION('',(#365),#368);
#365 = B_SPLINE_CURVE_WITH_KNOTS('',1,(#366,#367),.UNSPECIFIED.,.F.,.F.,
  (2,2),(7.,8.),.PIECEWISE_BEZIER_KNOTS.);
#366 = CARTESIAN_POINT('',(3.830797910124E-02,12.313530951711));
#367 = CARTESIAN_POINT('',(3.313924657449,1.63814021523));
#368 = ( GEOMETRIC_REPRESENTATION_CONTEXT(2) 
PARAMETRIC_REPRESENTATION_CONTEXT() REPRESENTATION_CONTEXT('2D SPACE',''
  ) );
#369 = PCURVE('',#370,#381);
#370 = ( BOUNDED_SURFACE() B_SPLINE_SURFACE(1,4,(
    (#371,#372,#373,#374,#375)
    ,(#376,#377,#378,#379,#380
)),.UNSPECIFIED.,.F.,.F.,.F.) B_SPLINE_SURFACE_WITH_KNOTS((2,2),(5,5),(
    7.,8.),(0.,1.),.PIECEWISE_BEZIER_KNOTS.) 
GEOMETRIC_REPRESENTATION_ITEM() RATIONAL_B_SPLINE_SURFACE((
    (1.,1.,1.,1.,1.)
,(1.,1.,1.,1.,1.))) REPRESENTATION_ITEM('') SURFACE() );
#371 = CARTESIAN_POINT('',(-28.2,-7.704,-33.));
#372 = CARTESIAN_POINT('',(-47.90717935827,-13.93450055096,
    -26.88425582743));
#373 = CARTESIAN_POINT('',(-61.43763930022,-18.21220750184,
    -1.735951282336));
#374 = CARTESIAN_POINT('',(-47.87672674081,-13.92487283882,
    22.796084883407));
#375 = CARTESIAN_POINT('',(-31.32,-8.6904,33.));
#376 = CARTESIAN_POINT('',(-20.304,-15.6,-33.));
#377 = CARTESIAN_POINT('',(-34.49316913795,-27.34851077127,
    -26.88425582743));
#378 = CARTESIAN_POINT('',(-44.23510029616,-35.4147465059,
    -1.735951282336));
#379 = CARTESIAN_POINT('',(-34.47124325339,-27.33035632625,
    22.796084883407));
#380 = CARTESIAN_POINT('',(-22.5504,-17.46,33.));
#381 = DEFINITIONAL_REPRESENTATION('',(#382),#386);
#382 = LINE('',#383,#384);
#383 = CARTESIAN_POINT('',(0.,0.));
#384 = VECTOR('',#385,1.);
#385 = DIRECTION('',(1.,0.));
#386 = ( GEOMETRIC_REPRESENTATION_CONTEXT(2) 
PARAMETRIC_REPRESENTATION_CONTEXT() REPRESENTATION_CONTEXT('2D SPACE',''
  ) );
#387 = ORIENTED_EDGE('',*,*,#388,.F.);
#388 = EDGE_CURVE('',#389,#357,#391,.T.);
#389 = VERTEX_POINT('',#390);
#390 = CARTESIAN_POINT('',(-28.2,0.,-33.));
#391 = SURFACE_CURVE('',#392,(#395,#401),.PCURVE_S1.);
#392 = B_SPLINE_CURVE_WITH_KNOTS('',1,(#393,#394),.UNSPECIFIED.,.F.,.F.,
  (2,2),(6.,7.),.PIECEWISE_BEZIER_KNOTS.);
#393 = CARTESIAN_POINT('',(-28.2,7.704,-33.));
#394 = CARTESIAN_POINT('',(-28.2,-7.704,-33.));
#395 = PCURVE('',#49,#396);
#396 = DEFINITIONAL_REPRESENTATION('',(#397),#400);
#397 = B_SPLINE_CURVE_WITH_KNOTS('',1,(#398,#399),.UNSPECIFIED.,.F.,.F.,
  (2,2),(6.,7.),.PIECEWISE_BEZIER_KNOTS.);
#398 = CARTESIAN_POINT('',(7.258148321535,25.925304143686));
#399 = CARTESIAN_POINT('',(3.830797910124E-02,12.313530951711));
#400 = ( GEOMETRIC_REPRESENTATION_CONTEXT(2) 
PARAMETRIC_REPRESENTATION_CONTEXT() REPRESENTATION_CONTEXT('2D SPACE',''
  ) );
#401 = PCURVE('',#402,#413);
#402 = ( BOUNDED_SURFACE() B_SPLINE_SURFACE(1,4,(
    (#403,#404,#405,#406,#407)
    ,(#408,#409,#410,#411,#412
)),.UNSPECIFIED.,.F.,.F.,.F.) B_SPLINE_SURFACE_WITH_KNOTS((2,2),(5,5),(
    6.,7.),(0.,1.),.PIECEWISE_BEZIER_KNOTS.) 
GEOMETRIC_REPRESENTATION_ITEM() RATIONAL_B_SPLINE_SURFACE((
    (1.,1.,1.,1.,1.)
,(1.,1.,1.,1.,1.))) REPRESENTATION_ITEM('') SURFACE() );
#403 = CARTESIAN_POINT('',(-28.2,7.704,-33.));
#404 = CARTESIAN_POINT('',(-47.90717935827,13.934500550962,
    -26.88425582743));
#405 = CARTESIAN_POINT('',(-61.43763930022,18.21220750184,
    -1.735951282336));
#406 = CARTESIAN_POINT('',(-47.87672674081,13.924872838828,
    22.796084883407));
#407 = CARTESIAN_POINT('',(-31.32,8.6904,33.));
#408 = CARTESIAN_POINT('',(-28.2,-7.704,-33.));
#409 = CARTESIAN_POINT('',(-47.90717935827,-13.93450055096,
    -26.88425582743));
#410 = CARTESIAN_POINT('',(-61.43763930022,-18.21220750184,
    -1.735951282336));
#411 = CARTESIAN_POINT('',(-47.87672674081,-13.92487283882,
    22.796084883407));
#412 = CARTESIAN_POINT('',(-31.32,-8.6904,33.));
#413 = DEFINITIONAL_REPRESENTATION('',(#414),#418);
#414 = LINE('',#415,#416);
#415 = CARTESIAN_POINT('',(0.,0.));
#416 = VECTOR('',#417,1.);
#417 = DIRECTION('',(1.,0.));
#418 = ( GEOMETRIC_REPRESENTATION_CONTEXT(2) 
PARAMETRIC_REPRESENTATION_CONTEXT() REPRESENTATION_CONTEXT('2D SPACE',''
  ) );
#419 = ORIENTED_EDGE('',*,*,#420,.T.);
#420 = EDGE_CURVE('',#389,#421,#423,.T.);
#421 = VERTEX_POINT('',#422);
#422 = CARTESIAN_POINT('',(-31.2,0.,-33.));
#423 = SURFACE_CURVE('',#424,(#428,#434),.PCURVE_S1.);
#424 = LINE('',#425,#426);
#425 = CARTESIAN_POINT('',(-63.232,0.,-33.));
#426 = VECTOR('',#427,1.);
#427 = DIRECTION('',(-1.,0.,0.));
#428 = PCURVE('',#49,#429);
#429 = DEFINITIONAL_REPRESENTATION('',(#430),#433);
#430 = B_SPLINE_CURVE_WITH_KNOTS('',1,(#431,#432),.UNSPECIFIED.,.F.,.F.,
  (2,2),(-99.66397853309,-26.8000214669),.PIECEWISE_BEZIER_KNOTS.);
#431 = CARTESIAN_POINT('',(60.74556931991,-11.16566591703));
#432 = CARTESIAN_POINT('',(-3.624086537746,22.976736519095));
#433 = ( GEOMETRIC_REPRESENTATION_CONTEXT(2) 
PARAMETRIC_REPRESENTATION_CONTEXT() REPRESENTATION_CONTEXT('2D SPACE',''
  ) );
#434 = PCURVE('',#435,#440);
#435 = PLANE('',#436);
#436 = AXIS2_PLACEMENT_3D('',#437,#438,#439);
#437 = CARTESIAN_POINT('',(-104.,0.,-39.6));
#438 = DIRECTION('',(0.,1.,0.));
#439 = DIRECTION('',(0.,0.,1.));
#440 = DEFINITIONAL_REPRESENTATION('',(#441),#444);
#441 = B_SPLINE_CURVE_WITH_KNOTS('',1,(#442,#443),.UNSPECIFIED.,.F.,.F.,
  (2,2),(-99.66397853309,-26.8000214669),.PIECEWISE_BEZIER_KNOTS.);
#442 = CARTESIAN_POINT('',(6.6,140.43197853309));
#443 = CARTESIAN_POINT('',(6.6,67.568021466905));
#444 = ( GEOMETRIC_REPRESENTATION_CONTEXT(2) 
PARAMETRIC_REPRESENTATION_CONTEXT() REPRESENTATION_CONTEXT('2D SPACE',''
  ) );
#445 = ORIENTED_EDGE('',*,*,#446,.T.);
#446 = EDGE_CURVE('',#421,#160,#447,.T.);
#447 = SURFACE_CURVE('',#448,(#451,#457),.PCURVE_S1.);
#448 = B_SPLINE_CURVE_WITH_KNOTS('',1,(#449,#450),.UNSPECIFIED.,.F.,.F.,
  (2,2),(6.,7.),.PIECEWISE_BEZIER_KNOTS.);
#449 = CARTESIAN_POINT('',(-31.2,9.864,-33.));
#450 = CARTESIAN_POINT('',(-31.2,-9.864,-33.));
#451 = PCURVE('',#49,#452);
#452 = DEFINITIONAL_REPRESENTATION('',(#453),#456);
#453 = B_SPLINE_CURVE_WITH_KNOTS('',1,(#454,#455),.UNSPECIFIED.,.F.,.F.,
  (2,2),(6.,7.),.PIECEWISE_BEZIER_KNOTS.);
#454 = CARTESIAN_POINT('',(5.620008106305,29.239228801134));
#455 = CARTESIAN_POINT('',(-3.624086537746,11.811070602063));
#456 = ( GEOMETRIC_REPRESENTATION_CONTEXT(2) 
PARAMETRIC_REPRESENTATION_CONTEXT() REPRESENTATION_CONTEXT('2D SPACE',''
  ) );
#457 = PCURVE('',#458,#469);
#458 = ( BOUNDED_SURFACE() B_SPLINE_SURFACE(1,4,(
    (#459,#460,#461,#462,#463)
    ,(#464,#465,#466,#467,#468
)),.UNSPECIFIED.,.F.,.F.,.F.) B_SPLINE_SURFACE_WITH_KNOTS((2,2),(5,5),(
    6.,7.),(0.,1.),.PIECEWISE_BEZIER_KNOTS.) 
GEOMETRIC_REPRESENTATION_ITEM() RATIONAL_B_SPLINE_SURFACE((
    (1.,1.,1.,1.,1.)
,(1.,1.,1.,1.,1.))) REPRESENTATION_ITEM('') SURFACE() );
#459 = CARTESIAN_POINT('',(-31.2,9.864,-33.));
#460 = CARTESIAN_POINT('',(-50.90717935827,16.094500550962,
    -26.88425582743));
#461 = CARTESIAN_POINT('',(-64.43763930022,20.37220750184,
    -1.735951282336));
#462 = CARTESIAN_POINT('',(-50.87672674081,16.084872838828,
    22.796084883407));
#463 = CARTESIAN_POINT('',(-34.32,10.8504,33.));
#464 = CARTESIAN_POINT('',(-31.2,-9.864,-33.));
#465 = CARTESIAN_POINT('',(-50.90717935827,-16.09450055096,
    -26.88425582743));
#466 = CARTESIAN_POINT('',(-64.43763930022,-20.37220750184,
    -1.735951282336));
#467 = CARTESIAN_POINT('',(-50.87672674081,-16.08487283882,
    22.796084883407));
#468 = CARTESIAN_POINT('',(-34.32,-10.8504,33.));
#469 = DEFINITIONAL_REPRESENTATION('',(#470),#474);
#470 = LINE('',#471,#472);
#471 = CARTESIAN_POINT('',(0.,0.));
#472 = VECTOR('',#473,1.);
#473 = DIRECTION('',(1.,0.));
#474 = ( GEOMETRIC_REPRESENTATION_CONTEXT(2) 
PARAMETRIC_REPRESENTATION_CONTEXT() REPRESENTATION_CONTEXT('2D SPACE',''
  ) );
#475 = ADVANCED_FACE('',(#476),#78,.T.);
#476 = FACE_BOUND('',#477,.T.);
#477 = EDGE_LOOP('',(#478,#479,#504,#523));
#478 = ORIENTED_EDGE('',*,*,#181,.T.);
#479 = ORIENTED_EDGE('',*,*,#480,.T.);
#480 = EDGE_CURVE('',#182,#481,#483,.T.);
#481 = VERTEX_POINT('',#482);
#482 = CARTESIAN_POINT('',(34.32,-10.8504,33.));
#483 = SURFACE_CURVE('',#484,(#490,#497),.PCURVE_S1.);
#484 = ( BOUNDED_CURVE() B_SPLINE_CURVE(4,(#485,#486,#487,#488,#489),
.UNSPECIFIED.,.F.,.F.) B_SPLINE_CURVE_WITH_KNOTS((5,5),(0.,1.),
.PIECEWISE_BEZIER_KNOTS.) CURVE() GEOMETRIC_REPRESENTATION_ITEM() 
RATIONAL_B_SPLINE_CURVE((1.,1.,1.,1.,1.)) REPRESENTATION_ITEM('') );
#485 = CARTESIAN_POINT('',(31.2,-9.864,-33.));
#486 = CARTESIAN_POINT('',(50.907179358273,-16.09450055096,
    -26.88425582743));
#487 = CARTESIAN_POINT('',(64.437639300224,-20.37220750184,
    -1.735951282336));
#488 = CARTESIAN_POINT('',(50.876726740819,-16.08487283882,
    22.796084883407));
#489 = CARTESIAN_POINT('',(34.32,-10.8504,33.));
#490 = PCURVE('',#78,#491);
#491 = DEFINITIONAL_REPRESENTATION('',(#492),#496);
#492 = LINE('',#493,#494);
#493 = CARTESIAN_POINT('',(2.,0.));
#494 = VECTOR('',#495,1.);
#495 = DIRECTION('',(0.,1.));
#496 = ( GEOMETRIC_REPRESENTATION_CONTEXT(2) 
PARAMETRIC_REPRESENTATION_CONTEXT() REPRESENTATION_CONTEXT('2D SPACE',''
  ) );
#497 = PCURVE('',#216,#498);
#498 = DEFINITIONAL_REPRESENTATION('',(#499),#503);
#499 = LINE('',#500,#501);
#500 = CARTESIAN_POINT('',(2.,0.));
#501 = VECTOR('',#502,1.);
#502 = DIRECTION('',(0.,1.));
#503 = ( GEOMETRIC_REPRESENTATION_CONTEXT(2) 
PARAMETRIC_REPRESENTATION_CONTEXT() REPRESENTATION_CONTEXT('2D SPACE',''
  ) );
#504 = ORIENTED_EDGE('',*,*,#505,.F.);
#505 = EDGE_CURVE('',#61,#481,#506,.T.);
#506 = SURFACE_CURVE('',#507,(#510,#517),.PCURVE_S1.);
#507 = B_SPLINE_CURVE_WITH_KNOTS('',1,(#508,#509),.UNSPECIFIED.,.F.,.F.,
  (2,2),(1.,2.),.PIECEWISE_BEZIER_KNOTS.);
#508 = CARTESIAN_POINT('',(24.7104,-20.46,33.));
#509 = CARTESIAN_POINT('',(34.32,-10.8504,33.));
#510 = PCURVE('',#78,#511);
#511 = DEFINITIONAL_REPRESENTATION('',(#512),#516);
#512 = LINE('',#513,#514);
#513 = CARTESIAN_POINT('',(0.,1.));
#514 = VECTOR('',#515,1.);
#515 = DIRECTION('',(1.,0.));
#516 = ( GEOMETRIC_REPRESENTATION_CONTEXT(2) 
PARAMETRIC_REPRESENTATION_CONTEXT() REPRESENTATION_CONTEXT('2D SPACE',''
  ) );
#517 = PCURVE('',#111,#518);
#518 = DEFINITIONAL_REPRESENTATION('',(#519),#522);
#519 = B_SPLINE_CURVE_WITH_KNOTS('',1,(#520,#521),.UNSPECIFIED.,.F.,.F.,
  (2,2),(1.,2.),.PIECEWISE_BEZIER_KNOTS.);
#520 = CARTESIAN_POINT('',(43.659444481175,-23.15746921049));
#521 = CARTESIAN_POINT('',(56.651622143445,-19.17097401897));
#522 = ( GEOMETRIC_REPRESENTATION_CONTEXT(2) 
PARAMETRIC_REPRESENTATION_CONTEXT() REPRESENTATION_CONTEXT('2D SPACE',''
  ) );
#523 = ORIENTED_EDGE('',*,*,#60,.F.);
#524 = ADVANCED_FACE('',(#525),#111,.T.);
#525 = FACE_BOUND('',#526,.T.);
#526 = EDGE_LOOP('',(#527,#548,#549,#550,#571,#592,#613,#634,#655,#676,
    #697,#718));
#527 = ORIENTED_EDGE('',*,*,#528,.T.);
#528 = EDGE_CURVE('',#529,#97,#531,.T.);
#529 = VERTEX_POINT('',#530);
#530 = CARTESIAN_POINT('',(-34.32,-10.8504,33.));
#531 = SURFACE_CURVE('',#532,(#535,#541),.PCURVE_S1.);
#532 = B_SPLINE_CURVE_WITH_KNOTS('',1,(#533,#534),.UNSPECIFIED.,.F.,.F.,
  (2,2),(7.,8.),.PIECEWISE_BEZIER_KNOTS.);
#533 = CARTESIAN_POINT('',(-34.32,-10.8504,33.));
#534 = CARTESIAN_POINT('',(-24.7104,-20.46,33.));
#535 = PCURVE('',#111,#536);
#536 = DEFINITIONAL_REPRESENTATION('',(#537),#540);
#537 = B_SPLINE_CURVE_WITH_KNOTS('',1,(#538,#539),.UNSPECIFIED.,.F.,.F.,
  (2,2),(7.,8.),.PIECEWISE_BEZIER_KNOTS.);
#538 = CARTESIAN_POINT('',(-3.986495191521,12.99217766227));
#539 = CARTESIAN_POINT('',(0.,0.));
#540 = ( GEOMETRIC_REPRESENTATION_CONTEXT(2) 
PARAMETRIC_REPRESENTATION_CONTEXT() REPRESENTATION_CONTEXT('2D SPACE',''
  ) );
#541 = PCURVE('',#138,#542);
#542 = DEFINITIONAL_REPRESENTATION('',(#543),#547);
#543 = LINE('',#544,#545);
#544 = CARTESIAN_POINT('',(0.,1.));
#545 = VECTOR('',#546,1.);
#546 = DIRECTION('',(1.,0.));
#547 = ( GEOMETRIC_REPRESENTATION_CONTEXT(2) 
PARAMETRIC_REPRESENTATION_CONTEXT() REPRESENTATION_CONTEXT('2D SPACE',''
  ) );
#548 = ORIENTED_EDGE('',*,*,#96,.T.);
#549 = ORIENTED_EDGE('',*,*,#505,.T.);
#550 = ORIENTED_EDGE('',*,*,#551,.T.);
#551 = EDGE_CURVE('',#481,#552,#554,.T.);
#552 = VERTEX_POINT('',#553);
#553 = CARTESIAN_POINT('',(34.32,0.,33.));
#554 = SURFACE_CURVE('',#555,(#558,#564),.PCURVE_S1.);
#555 = B_SPLINE_CURVE_WITH_KNOTS('',1,(#556,#557),.UNSPECIFIED.,.F.,.F.,
  (2,2),(2.,3.),.PIECEWISE_BEZIER_KNOTS.);
#556 = CARTESIAN_POINT('',(34.32,-10.8504,33.));
#557 = CARTESIAN_POINT('',(34.32,10.8504,33.));
#558 = PCURVE('',#111,#559);
#559 = DEFINITIONAL_REPRESENTATION('',(#560),#563);
#560 = B_SPLINE_CURVE_WITH_KNOTS('',1,(#561,#562),.UNSPECIFIED.,.F.,.F.,
  (2,2),(2.,3.),.PIECEWISE_BEZIER_KNOTS.);
#561 = CARTESIAN_POINT('',(56.651622143445,-19.17097401897));
#562 = CARTESIAN_POINT('',(66.820126251901,-8.881784197001E-16));
#563 = ( GEOMETRIC_REPRESENTATION_CONTEXT(2) 
PARAMETRIC_REPRESENTATION_CONTEXT() REPRESENTATION_CONTEXT('2D SPACE',''
  ) );
#564 = PCURVE('',#216,#565);
#565 = DEFINITIONAL_REPRESENTATION('',(#566),#570);
#566 = LINE('',#567,#568);
#567 = CARTESIAN_POINT('',(0.,1.));
#568 = VECTOR('',#569,1.);
#569 = DIRECTION('',(1.,0.));
#570 = ( GEOMETRIC_REPRESENTATION_CONTEXT(2) 
PARAMETRIC_REPRESENTATION_CONTEXT() REPRESENTATION_CONTEXT('2D SPACE',''
  ) );
#571 = ORIENTED_EDGE('',*,*,#572,.T.);
#572 = EDGE_CURVE('',#552,#573,#575,.T.);
#573 = VERTEX_POINT('',#574);
#574 = CARTESIAN_POINT('',(31.32,0.,33.));
#575 = SURFACE_CURVE('',#576,(#580,#586),.PCURVE_S1.);
#576 = LINE('',#577,#578);
#577 = CARTESIAN_POINT('',(-64.3552,0.,33.));
#578 = VECTOR('',#579,1.);
#579 = DIRECTION('',(-1.,0.,0.));
#580 = PCURVE('',#111,#581);
#581 = DEFINITIONAL_REPRESENTATION('',(#582),#585);
#582 = B_SPLINE_CURVE_WITH_KNOTS('',1,(#583,#584),.UNSPECIFIED.,.F.,.F.,
  (2,2),(-104.4303763864,-24.28002361359),.PIECEWISE_BEZIER_KNOTS.);
#583 = CARTESIAN_POINT('',(66.820126251901,-12.28223250873));
#584 = CARTESIAN_POINT('',(-3.986495191521,25.274410171005));
#585 = ( GEOMETRIC_REPRESENTATION_CONTEXT(2) 
PARAMETRIC_REPRESENTATION_CONTEXT() REPRESENTATION_CONTEXT('2D SPACE',''
  ) );
#586 = PCURVE('',#249,#587);
#587 = DEFINITIONAL_REPRESENTATION('',(#588),#591);
#588 = B_SPLINE_CURVE_WITH_KNOTS('',1,(#589,#590),.UNSPECIFIED.,.F.,.F.,
  (2,2),(-104.4303763864,-24.28002361359),.PIECEWISE_BEZIER_KNOTS.);
#589 = CARTESIAN_POINT('',(72.6,144.0751763864));
#590 = CARTESIAN_POINT('',(72.6,63.924823613596));
#591 = ( GEOMETRIC_REPRESENTATION_CONTEXT(2) 
PARAMETRIC_REPRESENTATION_CONTEXT() REPRESENTATION_CONTEXT('2D SPACE',''
  ) );
#592 = ORIENTED_EDGE('',*,*,#593,.F.);
#593 = EDGE_CURVE('',#594,#573,#596,.T.);
#594 = VERTEX_POINT('',#595);
#595 = CARTESIAN_POINT('',(31.32,-8.6904,33.));
#596 = SURFACE_CURVE('',#597,(#600,#606),.PCURVE_S1.);
#597 = B_SPLINE_CURVE_WITH_KNOTS('',1,(#598,#599),.UNSPECIFIED.,.F.,.F.,
  (2,2),(2.,3.),.PIECEWISE_BEZIER_KNOTS.);
#598 = CARTESIAN_POINT('',(31.32,-8.6904,33.));
#599 = CARTESIAN_POINT('',(31.32,8.6904,33.));
#600 = PCURVE('',#111,#601);
#601 = DEFINITIONAL_REPRESENTATION('',(#602),#605);
#602 = B_SPLINE_CURVE_WITH_KNOTS('',1,(#603,#604),.UNSPECIFIED.,.F.,.F.,
  (2,2),(2.,3.),.PIECEWISE_BEZIER_KNOTS.);
#603 = CARTESIAN_POINT('',(55.013481928215,-15.85704936152));
#604 = CARTESIAN_POINT('',(63.157731735054,-0.502460349647));
#605 = ( GEOMETRIC_REPRESENTATION_CONTEXT(2) 
PARAMETRIC_REPRESENTATION_CONTEXT() REPRESENTATION_CONTEXT('2D SPACE',''
  ) );
#606 = PCURVE('',#274,#607);
#607 = DEFINITIONAL_REPRESENTATION('',(#608),#612);
#608 = LINE('',#609,#610);
#609 = CARTESIAN_POINT('',(0.,1.));
#610 = VECTOR('',#611,1.);
#611 = DIRECTION('',(1.,0.));
#612 = ( GEOMETRIC_REPRESENTATION_CONTEXT(2) 
PARAMETRIC_REPRESENTATION_CONTEXT() REPRESENTATION_CONTEXT('2D SPACE',''
  ) );
#613 = ORIENTED_EDGE('',*,*,#614,.F.);
#614 = EDGE_CURVE('',#615,#594,#617,.T.);
#615 = VERTEX_POINT('',#616);
#616 = CARTESIAN_POINT('',(22.5504,-17.46,33.));
#617 = SURFACE_CURVE('',#618,(#621,#627),.PCURVE_S1.);
#618 = B_SPLINE_CURVE_WITH_KNOTS('',1,(#619,#620),.UNSPECIFIED.,.F.,.F.,
  (2,2),(1.,2.),.PIECEWISE_BEZIER_KNOTS.);
#619 = CARTESIAN_POINT('',(22.5504,-17.46,33.));
#620 = CARTESIAN_POINT('',(31.32,-8.6904,33.));
#621 = PCURVE('',#111,#622);
#622 = DEFINITIONAL_REPRESENTATION('',(#623),#626);
#623 = B_SPLINE_CURVE_WITH_KNOTS('',1,(#624,#625),.UNSPECIFIED.,.F.,.F.,
  (2,2),(1.,2.),.PIECEWISE_BEZIER_KNOTS.);
#624 = CARTESIAN_POINT('',(43.156984131528,-19.49507469365));
#625 = CARTESIAN_POINT('',(55.013481928215,-15.85704936152));
#626 = ( GEOMETRIC_REPRESENTATION_CONTEXT(2) 
PARAMETRIC_REPRESENTATION_CONTEXT() REPRESENTATION_CONTEXT('2D SPACE',''
  ) );
#627 = PCURVE('',#306,#628);
#628 = DEFINITIONAL_REPRESENTATION('',(#629),#633);
#629 = LINE('',#630,#631);
#630 = CARTESIAN_POINT('',(0.,1.));
#631 = VECTOR('',#632,1.);
#632 = DIRECTION('',(1.,0.));
#633 = ( GEOMETRIC_REPRESENTATION_CONTEXT(2) 
PARAMETRIC_REPRESENTATION_CONTEXT() REPRESENTATION_CONTEXT('2D SPACE',''
  ) );
#634 = ORIENTED_EDGE('',*,*,#635,.F.);
#635 = EDGE_CURVE('',#636,#615,#638,.T.);
#636 = VERTEX_POINT('',#637);
#637 = CARTESIAN_POINT('',(-22.5504,-17.46,33.));
#638 = SURFACE_CURVE('',#639,(#642,#648),.PCURVE_S1.);
#639 = B_SPLINE_CURVE_WITH_KNOTS('',1,(#640,#641),.UNSPECIFIED.,.F.,.F.,
  (2,2),(0.,1.),.PIECEWISE_BEZIER_KNOTS.);
#640 = CARTESIAN_POINT('',(-22.5504,-17.46,33.));
#641 = CARTESIAN_POINT('',(22.5504,-17.46,33.));
#642 = PCURVE('',#111,#643);
#643 = DEFINITIONAL_REPRESENTATION('',(#644),#647);
#644 = B_SPLINE_CURVE_WITH_KNOTS('',1,(#645,#646),.UNSPECIFIED.,.F.,.F.,
  (2,2),(0.,1.),.PIECEWISE_BEZIER_KNOTS.);
#645 = CARTESIAN_POINT('',(3.313924657449,1.63814021523));
#646 = CARTESIAN_POINT('',(43.156984131528,-19.49507469365));
#647 = ( GEOMETRIC_REPRESENTATION_CONTEXT(2) 
PARAMETRIC_REPRESENTATION_CONTEXT() REPRESENTATION_CONTEXT('2D SPACE',''
  ) );
#648 = PCURVE('',#338,#649);
#649 = DEFINITIONAL_REPRESENTATION('',(#650),#654);
#650 = LINE('',#651,#652);
#651 = CARTESIAN_POINT('',(0.,1.));
#652 = VECTOR('',#653,1.);
#653 = DIRECTION('',(1.,0.));
#654 = ( GEOMETRIC_REPRESENTATION_CONTEXT(2) 
PARAMETRIC_REPRESENTATION_CONTEXT() REPRESENTATION_CONTEXT('2D SPACE',''
  ) );
#655 = ORIENTED_EDGE('',*,*,#656,.F.);
#656 = EDGE_CURVE('',#657,#636,#659,.T.);
#657 = VERTEX_POINT('',#658);
#658 = CARTESIAN_POINT('',(-31.32,-8.6904,33.));
#659 = SURFACE_CURVE('',#660,(#663,#669),.PCURVE_S1.);
#660 = B_SPLINE_CURVE_WITH_KNOTS('',1,(#661,#662),.UNSPECIFIED.,.F.,.F.,
  (2,2),(7.,8.),.PIECEWISE_BEZIER_KNOTS.);
#661 = CARTESIAN_POINT('',(-31.32,-8.6904,33.));
#662 = CARTESIAN_POINT('',(-22.5504,-17.46,33.));
#663 = PCURVE('',#111,#664);
#664 = DEFINITIONAL_REPRESENTATION('',(#665),#668);
#665 = B_SPLINE_CURVE_WITH_KNOTS('',1,(#666,#667),.UNSPECIFIED.,.F.,.F.,
  (2,2),(7.,8.),.PIECEWISE_BEZIER_KNOTS.);
#666 = CARTESIAN_POINT('',(-0.324100674673,13.494638011917));
#667 = CARTESIAN_POINT('',(3.313924657449,1.63814021523));
#668 = ( GEOMETRIC_REPRESENTATION_CONTEXT(2) 
PARAMETRIC_REPRESENTATION_CONTEXT() REPRESENTATION_CONTEXT('2D SPACE',''
  ) );
#669 = PCURVE('',#370,#670);
#670 = DEFINITIONAL_REPRESENTATION('',(#671),#675);
#671 = LINE('',#672,#673);
#672 = CARTESIAN_POINT('',(0.,1.));
#673 = VECTOR('',#674,1.);
#674 = DIRECTION('',(1.,0.));
#675 = ( GEOMETRIC_REPRESENTATION_CONTEXT(2) 
PARAMETRIC_REPRESENTATION_CONTEXT() REPRESENTATION_CONTEXT('2D SPACE',''
  ) );
#676 = ORIENTED_EDGE('',*,*,#677,.F.);
#677 = EDGE_CURVE('',#678,#657,#680,.T.);
#678 = VERTEX_POINT('',#679);
#679 = CARTESIAN_POINT('',(-31.32,0.,33.));
#680 = SURFACE_CURVE('',#681,(#684,#690),.PCURVE_S1.);
#681 = B_SPLINE_CURVE_WITH_KNOTS('',1,(#682,#683),.UNSPECIFIED.,.F.,.F.,
  (2,2),(6.,7.),.PIECEWISE_BEZIER_KNOTS.);
#682 = CARTESIAN_POINT('',(-31.32,8.6904,33.));
#683 = CARTESIAN_POINT('',(-31.32,-8.6904,33.));
#684 = PCURVE('',#111,#685);
#685 = DEFINITIONAL_REPRESENTATION('',(#686),#689);
#686 = B_SPLINE_CURVE_WITH_KNOTS('',1,(#687,#688),.UNSPECIFIED.,.F.,.F.,
  (2,2),(6.,7.),.PIECEWISE_BEZIER_KNOTS.);
#687 = CARTESIAN_POINT('',(7.820149132166,28.849227023799));
#688 = CARTESIAN_POINT('',(-0.324100674673,13.494638011917));
#689 = ( GEOMETRIC_REPRESENTATION_CONTEXT(2) 
PARAMETRIC_REPRESENTATION_CONTEXT() REPRESENTATION_CONTEXT('2D SPACE',''
  ) );
#690 = PCURVE('',#402,#691);
#691 = DEFINITIONAL_REPRESENTATION('',(#692),#696);
#692 = LINE('',#693,#694);
#693 = CARTESIAN_POINT('',(0.,1.));
#694 = VECTOR('',#695,1.);
#695 = DIRECTION('',(1.,0.));
#696 = ( GEOMETRIC_REPRESENTATION_CONTEXT(2) 
PARAMETRIC_REPRESENTATION_CONTEXT() REPRESENTATION_CONTEXT('2D SPACE',''
  ) );
#697 = ORIENTED_EDGE('',*,*,#698,.T.);
#698 = EDGE_CURVE('',#678,#699,#701,.T.);
#699 = VERTEX_POINT('',#700);
#700 = CARTESIAN_POINT('',(-34.32,0.,33.));
#701 = SURFACE_CURVE('',#702,(#706,#712),.PCURVE_S1.);
#702 = LINE('',#703,#704);
#703 = CARTESIAN_POINT('',(-64.3552,0.,33.));
#704 = VECTOR('',#705,1.);
#705 = DIRECTION('',(-1.,0.,0.));
#706 = PCURVE('',#111,#707);
#707 = DEFINITIONAL_REPRESENTATION('',(#708),#711);
#708 = B_SPLINE_CURVE_WITH_KNOTS('',1,(#709,#710),.UNSPECIFIED.,.F.,.F.,
  (2,2),(-104.4303763864,-24.28002361359),.PIECEWISE_BEZIER_KNOTS.);
#709 = CARTESIAN_POINT('',(66.820126251901,-12.28223250873));
#710 = CARTESIAN_POINT('',(-3.986495191521,25.274410171005));
#711 = ( GEOMETRIC_REPRESENTATION_CONTEXT(2) 
PARAMETRIC_REPRESENTATION_CONTEXT() REPRESENTATION_CONTEXT('2D SPACE',''
  ) );
#712 = PCURVE('',#435,#713);
#713 = DEFINITIONAL_REPRESENTATION('',(#714),#717);
#714 = B_SPLINE_CURVE_WITH_KNOTS('',1,(#715,#716),.UNSPECIFIED.,.F.,.F.,
  (2,2),(-104.4303763864,-24.28002361359),.PIECEWISE_BEZIER_KNOTS.);
#715 = CARTESIAN_POINT('',(72.6,144.0751763864));
#716 = CARTESIAN_POINT('',(72.6,63.924823613596));
#717 = ( GEOMETRIC_REPRESENTATION_CONTEXT(2) 
PARAMETRIC_REPRESENTATION_CONTEXT() REPRESENTATION_CONTEXT('2D SPACE',''
  ) );
#718 = ORIENTED_EDGE('',*,*,#719,.T.);
#719 = EDGE_CURVE('',#699,#529,#720,.T.);
#720 = SURFACE_CURVE('',#721,(#724,#730),.PCURVE_S1.);
#721 = B_SPLINE_CURVE_WITH_KNOTS('',1,(#722,#723),.UNSPECIFIED.,.F.,.F.,
  (2,2),(6.,7.),.PIECEWISE_BEZIER_KNOTS.);
#722 = CARTESIAN_POINT('',(-34.32,10.8504,33.));
#723 = CARTESIAN_POINT('',(-34.32,-10.8504,33.));
#724 = PCURVE('',#111,#725);
#725 = DEFINITIONAL_REPRESENTATION('',(#726),#729);
#726 = B_SPLINE_CURVE_WITH_KNOTS('',1,(#727,#728),.UNSPECIFIED.,.F.,.F.,
  (2,2),(6.,7.),.PIECEWISE_BEZIER_KNOTS.);
#727 = CARTESIAN_POINT('',(6.182008916935,32.163151681247));
#728 = CARTESIAN_POINT('',(-3.986495191521,12.99217766227));
#729 = ( GEOMETRIC_REPRESENTATION_CONTEXT(2) 
PARAMETRIC_REPRESENTATION_CONTEXT() REPRESENTATION_CONTEXT('2D SPACE',''
  ) );
#730 = PCURVE('',#458,#731);
#731 = DEFINITIONAL_REPRESENTATION('',(#732),#736);
#732 = LINE('',#733,#734);
#733 = CARTESIAN_POINT('',(0.,1.));
#734 = VECTOR('',#735,1.);
#735 = DIRECTION('',(1.,0.));
#736 = ( GEOMETRIC_REPRESENTATION_CONTEXT(2) 
PARAMETRIC_REPRESENTATION_CONTEXT() REPRESENTATION_CONTEXT('2D SPACE',''
  ) );
#737 = ADVANCED_FACE('',(#738),#138,.T.);
#738 = FACE_BOUND('',#739,.T.);
#739 = EDGE_LOOP('',(#740,#741,#742,#743));
#740 = ORIENTED_EDGE('',*,*,#159,.T.);
#741 = ORIENTED_EDGE('',*,*,#122,.T.);
#742 = ORIENTED_EDGE('',*,*,#528,.F.);
#743 = ORIENTED_EDGE('',*,*,#744,.F.);
#744 = EDGE_CURVE('',#160,#529,#745,.T.);
#745 = SURFACE_CURVE('',#746,(#752,#759),.PCURVE_S1.);
#746 = ( BOUNDED_CURVE() B_SPLINE_CURVE(4,(#747,#748,#749,#750,#751),
.UNSPECIFIED.,.F.,.F.) B_SPLINE_CURVE_WITH_KNOTS((5,5),(0.,1.),
.PIECEWISE_BEZIER_KNOTS.) CURVE() GEOMETRIC_REPRESENTATION_ITEM() 
RATIONAL_B_SPLINE_CURVE((1.,1.,1.,1.,1.)) REPRESENTATION_ITEM('') );
#747 = CARTESIAN_POINT('',(-31.2,-9.864,-33.));
#748 = CARTESIAN_POINT('',(-50.90717935827,-16.09450055096,
    -26.88425582743));
#749 = CARTESIAN_POINT('',(-64.43763930022,-20.37220750184,
    -1.735951282336));
#750 = CARTESIAN_POINT('',(-50.87672674081,-16.08487283882,
    22.796084883407));
#751 = CARTESIAN_POINT('',(-34.32,-10.8504,33.));
#752 = PCURVE('',#138,#753);
#753 = DEFINITIONAL_REPRESENTATION('',(#754),#758);
#754 = LINE('',#755,#756);
#755 = CARTESIAN_POINT('',(7.,0.));
#756 = VECTOR('',#757,1.);
#757 = DIRECTION('',(0.,1.));
#758 = ( GEOMETRIC_REPRESENTATION_CONTEXT(2) 
PARAMETRIC_REPRESENTATION_CONTEXT() REPRESENTATION_CONTEXT('2D SPACE',''
  ) );
#759 = PCURVE('',#458,#760);
#760 = DEFINITIONAL_REPRESENTATION('',(#761),#765);
#761 = LINE('',#762,#763);
#762 = CARTESIAN_POINT('',(7.,0.));
#763 = VECTOR('',#764,1.);
#764 = DIRECTION('',(0.,1.));
#765 = ( GEOMETRIC_REPRESENTATION_CONTEXT(2) 
PARAMETRIC_REPRESENTATION_CONTEXT() REPRESENTATION_CONTEXT('2D SPACE',''
  ) );
#766 = ADVANCED_FACE('',(#767),#458,.T.);
#767 = FACE_BOUND('',#768,.T.);
#768 = EDGE_LOOP('',(#769,#955,#956,#957));
#769 = ORIENTED_EDGE('',*,*,#770,.F.);
#770 = EDGE_CURVE('',#421,#699,#771,.T.);
#771 = SURFACE_CURVE('',#772,(#831,#893),.PCURVE_S1.);
#772 = B_SPLINE_CURVE_WITH_KNOTS('',8,(#773,#774,#775,#776,#777,#778,
    #779,#780,#781,#782,#783,#784,#785,#786,#787,#788,#789,#790,#791,
    #792,#793,#794,#795,#796,#797,#798,#799,#800,#801,#802,#803,#804,
    #805,#806,#807,#808,#809,#810,#811,#812,#813,#814,#815,#816,#817,
    #818,#819,#820,#821,#822,#823,#824,#825,#826,#827,#828,#829,#830),
  .UNSPECIFIED.,.F.,.F.,(9,7,7,7,7,7,7,7,9),(0.,8.978806277515E-02,
    0.162570564248,0.340676264327,0.593469689392,0.680689346195,
    0.834520369531,0.958909056454,1.),.UNSPECIFIED.);
#773 = CARTESIAN_POINT('',(-31.2,0.,-33.));
#774 = CARTESIAN_POINT('',(-32.08607887252,0.,-32.72502245995));
#775 = CARTESIAN_POINT('',(-32.9618665843,0.,-32.41693737004));
#776 = CARTESIAN_POINT('',(-33.82611550868,0.,-32.07675661157));
#777 = CARTESIAN_POINT('',(-34.67766434831,0.,-31.70550757345));
#778 = CARTESIAN_POINT('',(-35.51543258293,0.,-31.30422046709));
#779 = CARTESIAN_POINT('',(-36.33841557728,0.,-30.87391733125));
#780 = CARTESIAN_POINT('',(-37.14568034905,0.,-30.41560272713));
#781 = CARTESIAN_POINT('',(-38.57729116301,0.,-29.53683255675));
#782 = CARTESIAN_POINT('',(-39.20731594697,0.,-29.12565173053));
#783 = CARTESIAN_POINT('',(-39.82597375989,0.,-28.69723738132));
#784 = CARTESIAN_POINT('',(-40.43282120733,0.,-28.25210884766));
#785 = CARTESIAN_POINT('',(-41.02743378733,0.,-27.79078067642));
#786 = CARTESIAN_POINT('',(-41.60940558825,0.,-27.3137622291));
#787 = CARTESIAN_POINT('',(-42.17834898676,0.,-26.82155728824));
#788 = CARTESIAN_POINT('',(-44.09336665135,0.,-25.07424677724));
#789 = CARTESIAN_POINT('',(-45.37259394871,0.,-23.74588265697));
#790 = CARTESIAN_POINT('',(-46.56616271132,0.,-22.33686778633));
#791 = CARTESIAN_POINT('',(-47.66908375009,0.,-20.85448336367));
#792 = CARTESIAN_POINT('',(-48.67688406609,0.,-19.30606192149));
#793 = CARTESIAN_POINT('',(-49.58567037147,0.,-17.69903161462));
#794 = CARTESIAN_POINT('',(-50.39219794266,0.,-16.04096256272));
#795 = CARTESIAN_POINT('',(-52.09004711424,0.,-11.92487553172));
#796 = CARTESIAN_POINT('',(-52.8754579624,0.,-9.422103000881));
#797 = CARTESIAN_POINT('',(-53.44217285141,0.,-6.855067086666));
#798 = CARTESIAN_POINT('',(-53.78680631533,0.,-4.246749948496));
#799 = CARTESIAN_POINT('',(-53.9097029191,0.,-1.619233306295));
#800 = CARTESIAN_POINT('',(-53.81468827718,0.,1.006329799553));
#801 = CARTESIAN_POINT('',(-53.50874430496,0.,3.609763555047));
#802 = CARTESIAN_POINT('',(-52.82695520812,0.,7.055879807612));
#803 = CARTESIAN_POINT('',(-52.62810678715,0.,7.935132250243));
#804 = CARTESIAN_POINT('',(-52.40567892764,0.,8.808931667549));
#805 = CARTESIAN_POINT('',(-52.16007537336,0.,9.67659908615));
#806 = CARTESIAN_POINT('',(-51.89172079168,0.,10.537487748239));
#807 = CARTESIAN_POINT('',(-51.60105539706,0.,11.390981516636));
#808 = CARTESIAN_POINT('',(-51.28852957463,0.,12.236493279834));
#809 = CARTESIAN_POINT('',(-50.36563770949,0.,14.549643936048));
#810 = CARTESIAN_POINT('',(-49.71013093199,0.,15.999155154739));
#811 = CARTESIAN_POINT('',(-48.99054203204,0.,17.419053710624));
#812 = CARTESIAN_POINT('',(-48.2093833169,0.,18.806569222027));
#813 = CARTESIAN_POINT('',(-47.36915751932,0.,20.159068296548));
#814 = CARTESIAN_POINT('',(-46.47230512252,0.,21.474022611476));
#815 = CARTESIAN_POINT('',(-45.52112583311,0.,22.748960721478));
#816 = CARTESIAN_POINT('',(-43.70622077713,0.,24.977927595285));
#817 = CARTESIAN_POINT('',(-42.86069142657,0.,25.94656147354));
#818 = CARTESIAN_POINT('',(-41.98209199399,0.,26.88602901317));
#819 = CARTESIAN_POINT('',(-41.07143875785,0.,27.794924210523));
#820 = CARTESIAN_POINT('',(-40.1297173949,0.,28.671677648485));
#821 = CARTESIAN_POINT('',(-39.15787037373,0.,29.514542040963));
#822 = CARTESIAN_POINT('',(-38.15675084032,0.,30.321541764));
#823 = CARTESIAN_POINT('',(-36.78684522679,0.,31.34432245329));
#824 = CARTESIAN_POINT('',(-36.4435635519,0.,31.594119604981));
#825 = CARTESIAN_POINT('',(-36.09719426957,0.,31.839656835251));
#826 = CARTESIAN_POINT('',(-35.74776496715,0.,32.08084229371));
#827 = CARTESIAN_POINT('',(-35.39530345017,0.,32.317577875336));
#828 = CARTESIAN_POINT('',(-35.03983741189,0.,32.549758720976));
#829 = CARTESIAN_POINT('',(-34.68139410278,0.,32.777272717841));
#830 = CARTESIAN_POINT('',(-34.32,0.,33.));
#831 = PCURVE('',#458,#832);
#832 = DEFINITIONAL_REPRESENTATION('',(#833),#892);
#833 = B_SPLINE_CURVE_WITH_KNOTS('',8,(#834,#835,#836,#837,#838,#839,
    #840,#841,#842,#843,#844,#845,#846,#847,#848,#849,#850,#851,#852,
    #853,#854,#855,#856,#857,#858,#859,#860,#861,#862,#863,#864,#865,
    #866,#867,#868,#869,#870,#871,#872,#873,#874,#875,#876,#877,#878,
    #879,#880,#881,#882,#883,#884,#885,#886,#887,#888,#889,#890,#891),
  .UNSPECIFIED.,.F.,.F.,(9,7,7,7,7,7,7,7,9),(0.,8.978806277515E-02,
    0.162570564248,0.340676264327,0.593469689392,0.680689346195,
    0.834520369531,0.958909056454,1.),.UNSPECIFIED.);
#834 = CARTESIAN_POINT('',(6.5,0.));
#835 = CARTESIAN_POINT('',(6.5,1.124055929587E-02));
#836 = CARTESIAN_POINT('',(6.5,2.248634353681E-02));
#837 = CARTESIAN_POINT('',(6.5,3.373552718719E-02));
#838 = CARTESIAN_POINT('',(6.5,4.498677698745E-02));
#839 = CARTESIAN_POINT('',(6.5,5.623918268927E-02));
#840 = CARTESIAN_POINT('',(6.5,6.749221910046E-02));
#841 = CARTESIAN_POINT('',(6.5,7.874573943952E-02));
#842 = CARTESIAN_POINT('',(6.5,9.912274093567E-02));
#843 = CARTESIAN_POINT('',(6.5,0.108245854404));
#844 = CARTESIAN_POINT('',(6.5,0.117369444175));
#845 = CARTESIAN_POINT('',(6.5,0.126493637919));
#846 = CARTESIAN_POINT('',(6.5,0.13561859002));
#847 = CARTESIAN_POINT('',(6.5,0.144744484385));
#848 = CARTESIAN_POINT('',(6.5,0.15387153725));
#849 = CARTESIAN_POINT('',(6.5,0.185338216134));
#850 = CARTESIAN_POINT('',(6.5,0.207684650204));
#851 = CARTESIAN_POINT('',(6.5,0.230043002166));
#852 = CARTESIAN_POINT('',(6.5,0.25241470269));
#853 = CARTESIAN_POINT('',(6.5,0.274799426534));
#854 = CARTESIAN_POINT('',(6.5,0.297195138669));
#855 = CARTESIAN_POINT('',(6.5,0.319597692551));
#856 = CARTESIAN_POINT('',(6.5,0.373796601832));
#857 = CARTESIAN_POINT('',(6.5,0.40560417945));
#858 = CARTESIAN_POINT('',(6.5,0.437381453753));
#859 = CARTESIAN_POINT('',(6.5,0.469101507518));
#860 = CARTESIAN_POINT('',(6.5,0.500742200844));
#861 = CARTESIAN_POINT('',(6.5,0.532284509905));
#862 = CARTESIAN_POINT('',(6.5,0.563710217482));
#863 = CARTESIAN_POINT('',(6.5,0.605795708362));
#864 = CARTESIAN_POINT('',(6.5,0.616577399178));
#865 = CARTESIAN_POINT('',(6.5,0.627345233395));
#866 = CARTESIAN_POINT('',(6.5,0.638099617323));
#867 = CARTESIAN_POINT('',(6.5,0.64884121399));
#868 = CARTESIAN_POINT('',(6.5,0.659570954501));
#869 = CARTESIAN_POINT('',(6.5,0.670290049395));
#870 = CARTESIAN_POINT('',(6.5,0.699889350426));
#871 = CARTESIAN_POINT('',(6.5,0.718748999224));
#872 = CARTESIAN_POINT('',(6.5,0.737588806233));
#873 = CARTESIAN_POINT('',(6.5,0.756420485057));
#874 = CARTESIAN_POINT('',(6.5,0.775258123402));
#875 = CARTESIAN_POINT('',(6.5,0.794118733808));
#876 = CARTESIAN_POINT('',(6.5,0.813023451995));
#877 = CARTESIAN_POINT('',(6.5,0.847344550387));
#878 = CARTESIAN_POINT('',(6.5,0.862734340866));
#879 = CARTESIAN_POINT('',(6.5,0.878184888421));
#880 = CARTESIAN_POINT('',(6.5,0.893712453091));
#881 = CARTESIAN_POINT('',(6.5,0.909334979614));
#882 = CARTESIAN_POINT('',(6.5,0.925072889975));
#883 = CARTESIAN_POINT('',(6.5,0.940950645854));
#884 = CARTESIAN_POINT('',(6.5,0.962301793286));
#885 = CARTESIAN_POINT('',(6.5,0.967622180601));
#886 = CARTESIAN_POINT('',(6.5,0.972962256269));
#887 = CARTESIAN_POINT('',(6.5,0.978323155934));
#888 = CARTESIAN_POINT('',(6.5,0.983706071674));
#889 = CARTESIAN_POINT('',(6.5,0.989112267114));
#890 = CARTESIAN_POINT('',(6.5,0.994543092538));
#891 = CARTESIAN_POINT('',(6.5,1.));
#892 = ( GEOMETRIC_REPRESENTATION_CONTEXT(2) 
PARAMETRIC_REPRESENTATION_CONTEXT() REPRESENTATION_CONTEXT('2D SPACE',''
  ) );
#893 = PCURVE('',#435,#894);
#894 = DEFINITIONAL_REPRESENTATION('',(#895),#954);
#895 = B_SPLINE_CURVE_WITH_KNOTS('',8,(#896,#897,#898,#899,#900,#901,
    #902,#903,#904,#905,#906,#907,#908,#909,#910,#911,#912,#913,#914,
    #915,#916,#917,#918,#919,#920,#921,#922,#923,#924,#925,#926,#927,
    #928,#929,#930,#931,#932,#933,#934,#935,#936,#937,#938,#939,#940,
    #941,#942,#943,#944,#945,#946,#947,#948,#949,#950,#951,#952,#953),
  .UNSPECIFIED.,.F.,.F.,(9,7,7,7,7,7,7,7,9),(0.,8.978806277515E-02,
    0.162570564248,0.340676264327,0.593469689392,0.680689346195,
    0.834520369531,0.958909056454,1.),.UNSPECIFIED.);
#896 = CARTESIAN_POINT('',(6.6,72.8));
#897 = CARTESIAN_POINT('',(6.874977540041,71.913921127476));
#898 = CARTESIAN_POINT('',(7.183062629957,71.038133415697));
#899 = CARTESIAN_POINT('',(7.52324338843,70.173884491314));
#900 = CARTESIAN_POINT('',(7.894492426541,69.322335651687));
#901 = CARTESIAN_POINT('',(8.295779532907,68.484567417067));
#902 = CARTESIAN_POINT('',(8.726082668744,67.661584422717));
#903 = CARTESIAN_POINT('',(9.184397272862,66.854319650946));
#904 = CARTESIAN_POINT('',(10.063167443249,65.422708836984));
#905 = CARTESIAN_POINT('',(10.474348269469,64.792684053021));
#906 = CARTESIAN_POINT('',(10.902762618679,64.174026240109));
#907 = CARTESIAN_POINT('',(11.347891152335,63.567178792663));
#908 = CARTESIAN_POINT('',(11.809219323579,62.972566212666));
#909 = CARTESIAN_POINT('',(12.286237770894,62.390594411742));
#910 = CARTESIAN_POINT('',(12.778442711757,61.821651013231));
#911 = CARTESIAN_POINT('',(14.525753222752,59.906633348643));
#912 = CARTESIAN_POINT('',(15.85411734303,58.627406051288));
#913 = CARTESIAN_POINT('',(17.26313221367,57.433837288673));
#914 = CARTESIAN_POINT('',(18.745516636328,56.330916249906));
#915 = CARTESIAN_POINT('',(20.293938078507,55.323115933907));
#916 = CARTESIAN_POINT('',(21.900968385375,54.414329628525));
#917 = CARTESIAN_POINT('',(23.559037437274,53.607802057331));
#918 = CARTESIAN_POINT('',(27.67512446828,51.909952885751));
#919 = CARTESIAN_POINT('',(30.177896999119,51.124542037591));
#920 = CARTESIAN_POINT('',(32.744932913334,50.55782714859));
#921 = CARTESIAN_POINT('',(35.353250051504,50.213193684666));
#922 = CARTESIAN_POINT('',(37.980766693705,50.090297080891));
#923 = CARTESIAN_POINT('',(40.606329799553,50.185311722816));
#924 = CARTESIAN_POINT('',(43.209763555047,50.491255695033));
#925 = CARTESIAN_POINT('',(46.655879807612,51.173044791872));
#926 = CARTESIAN_POINT('',(47.535132250243,51.371893212841));
#927 = CARTESIAN_POINT('',(48.408931667549,51.59432107236));
#928 = CARTESIAN_POINT('',(49.27659908615,51.839924626634));
#929 = CARTESIAN_POINT('',(50.137487748239,52.108279208315));
#930 = CARTESIAN_POINT('',(50.990981516636,52.398944602939));
#931 = CARTESIAN_POINT('',(51.836493279834,52.711470425361));
#932 = CARTESIAN_POINT('',(54.149643936048,53.634362290502));
#933 = CARTESIAN_POINT('',(55.599155154739,54.289869068002));
#934 = CARTESIAN_POINT('',(57.019053710624,55.009457967958));
#935 = CARTESIAN_POINT('',(58.406569222027,55.790616683095));
#936 = CARTESIAN_POINT('',(59.759068296548,56.630842480672));
#937 = CARTESIAN_POINT('',(61.074022611476,57.527694877475));
#938 = CARTESIAN_POINT('',(62.348960721478,58.478874166887));
#939 = CARTESIAN_POINT('',(64.577927595285,60.293779222868));
#940 = CARTESIAN_POINT('',(65.54656147354,61.139308573425));
#941 = CARTESIAN_POINT('',(66.48602901317,62.017908006003));
#942 = CARTESIAN_POINT('',(67.394924210523,62.928561242145));
#943 = CARTESIAN_POINT('',(68.271677648485,63.870282605097));
#944 = CARTESIAN_POINT('',(69.114542040963,64.842129626263));
#945 = CARTESIAN_POINT('',(69.921541764,65.84324915968));
#946 = CARTESIAN_POINT('',(70.94432245329,67.213154773201));
#947 = CARTESIAN_POINT('',(71.194119604981,67.556436448097));
#948 = CARTESIAN_POINT('',(71.439656835251,67.902805730425));
#949 = CARTESIAN_POINT('',(71.68084229371,68.252235032849));
#950 = CARTESIAN_POINT('',(71.917577875336,68.604696549825));
#951 = CARTESIAN_POINT('',(72.149758720976,68.960162588101));
#952 = CARTESIAN_POINT('',(72.377272717841,69.318605897217));
#953 = CARTESIAN_POINT('',(72.6,69.68));
#954 = ( GEOMETRIC_REPRESENTATION_CONTEXT(2) 
PARAMETRIC_REPRESENTATION_CONTEXT() REPRESENTATION_CONTEXT('2D SPACE',''
  ) );
#955 = ORIENTED_EDGE('',*,*,#446,.T.);
#956 = ORIENTED_EDGE('',*,*,#744,.T.);
#957 = ORIENTED_EDGE('',*,*,#719,.F.);
#958 = ADVANCED_FACE('',(#959),#435,.T.);
#959 = FACE_BOUND('',#960,.T.);
#960 = EDGE_LOOP('',(#961,#1147,#1148,#1149));
#961 = ORIENTED_EDGE('',*,*,#962,.F.);
#962 = EDGE_CURVE('',#389,#678,#963,.T.);
#963 = SURFACE_CURVE('',#964,(#1023,#1085),.PCURVE_S1.);
#964 = B_SPLINE_CURVE_WITH_KNOTS('',8,(#965,#966,#967,#968,#969,#970,
    #971,#972,#973,#974,#975,#976,#977,#978,#979,#980,#981,#982,#983,
    #984,#985,#986,#987,#988,#989,#990,#991,#992,#993,#994,#995,#996,
    #997,#998,#999,#1000,#1001,#1002,#1003,#1004,#1005,#1006,#1007,#1008
    ,#1009,#1010,#1011,#1012,#1013,#1014,#1015,#1016,#1017,#1018,#1019,
    #1020,#1021,#1022),.UNSPECIFIED.,.F.,.F.,(9,7,7,7,7,7,7,7,9),(0.,
    8.978806277436E-02,0.162570564246,0.340676264324,0.593469689389,
    0.680689346192,0.83452036953,0.958909056454,1.),.UNSPECIFIED.);
#965 = CARTESIAN_POINT('',(-28.2,0.,-33.));
#966 = CARTESIAN_POINT('',(-29.08607887252,0.,-32.72502245995));
#967 = CARTESIAN_POINT('',(-29.9618665843,0.,-32.41693737004));
#968 = CARTESIAN_POINT('',(-30.82611550868,0.,-32.07675661157));
#969 = CARTESIAN_POINT('',(-31.67766434831,0.,-31.70550757345));
#970 = CARTESIAN_POINT('',(-32.51543258293,0.,-31.30422046709));
#971 = CARTESIAN_POINT('',(-33.33841557728,0.,-30.87391733125));
#972 = CARTESIAN_POINT('',(-34.14568034905,0.,-30.41560272713));
#973 = CARTESIAN_POINT('',(-35.57729116301,0.,-29.53683255675));
#974 = CARTESIAN_POINT('',(-36.20731594697,0.,-29.12565173053));
#975 = CARTESIAN_POINT('',(-36.82597375989,0.,-28.69723738132));
#976 = CARTESIAN_POINT('',(-37.43282120733,0.,-28.25210884766));
#977 = CARTESIAN_POINT('',(-38.02743378733,0.,-27.79078067642));
#978 = CARTESIAN_POINT('',(-38.60940558825,0.,-27.3137622291));
#979 = CARTESIAN_POINT('',(-39.17834898676,0.,-26.82155728824));
#980 = CARTESIAN_POINT('',(-41.09336665135,0.,-25.07424677724));
#981 = CARTESIAN_POINT('',(-42.37259394871,0.,-23.74588265697));
#982 = CARTESIAN_POINT('',(-43.56616271132,0.,-22.33686778633));
#983 = CARTESIAN_POINT('',(-44.66908375009,0.,-20.85448336367));
#984 = CARTESIAN_POINT('',(-45.67688406609,0.,-19.30606192149));
#985 = CARTESIAN_POINT('',(-46.58567037147,0.,-17.69903161462));
#986 = CARTESIAN_POINT('',(-47.39219794266,0.,-16.04096256272));
#987 = CARTESIAN_POINT('',(-49.09004711425,0.,-11.9248755317));
#988 = CARTESIAN_POINT('',(-49.87545796239,0.,-9.422103000953));
#989 = CARTESIAN_POINT('',(-50.44217285143,0.,-6.855067086503));
#990 = CARTESIAN_POINT('',(-50.78680631531,0.,-4.246749948706));
#991 = CARTESIAN_POINT('',(-50.90970291911,0.,-1.619233306136));
#992 = CARTESIAN_POINT('',(-50.81468827718,0.,1.006329799487));
#993 = CARTESIAN_POINT('',(-50.50874430496,0.,3.609763555059));
#994 = CARTESIAN_POINT('',(-49.82695520812,0.,7.055879807612));
#995 = CARTESIAN_POINT('',(-49.62810678715,0.,7.935132250243));
#996 = CARTESIAN_POINT('',(-49.40567892764,0.,8.808931667549));
#997 = CARTESIAN_POINT('',(-49.16007537336,0.,9.67659908615));
#998 = CARTESIAN_POINT('',(-48.89172079168,0.,10.537487748239));
#999 = CARTESIAN_POINT('',(-48.60105539706,0.,11.390981516636));
#1000 = CARTESIAN_POINT('',(-48.28852957463,0.,12.236493279834));
#1001 = CARTESIAN_POINT('',(-47.36563770949,0.,14.549643936062));
#1002 = CARTESIAN_POINT('',(-46.71013093201,0.,15.9991551547));
#1003 = CARTESIAN_POINT('',(-45.99054203202,0.,17.419053710664));
#1004 = CARTESIAN_POINT('',(-45.2093833169,0.,18.806569222031));
#1005 = CARTESIAN_POINT('',(-44.36915751934,0.,20.159068296509));
#1006 = CARTESIAN_POINT('',(-43.4723051225,0.,21.474022611508));
#1007 = CARTESIAN_POINT('',(-42.52112583312,0.,22.748960721469));
#1008 = CARTESIAN_POINT('',(-40.70622077712,0.,24.97792759529));
#1009 = CARTESIAN_POINT('',(-39.86069142658,0.,25.946561473524));
#1010 = CARTESIAN_POINT('',(-38.98209199398,0.,26.886029013186));
#1011 = CARTESIAN_POINT('',(-38.07143875785,0.,27.794924210524));
#1012 = CARTESIAN_POINT('',(-37.12971739491,0.,28.671677648469));
#1013 = CARTESIAN_POINT('',(-36.15787037372,0.,29.514542040976));
#1014 = CARTESIAN_POINT('',(-35.15675084032,0.,30.321541763996));
#1015 = CARTESIAN_POINT('',(-33.78684522679,0.,31.34432245329));
#1016 = CARTESIAN_POINT('',(-33.4435635519,0.,31.594119604981));
#1017 = CARTESIAN_POINT('',(-33.09719426957,0.,31.839656835252));
#1018 = CARTESIAN_POINT('',(-32.74776496715,0.,32.08084229371));
#1019 = CARTESIAN_POINT('',(-32.39530345017,0.,32.317577875336));
#1020 = CARTESIAN_POINT('',(-32.03983741189,0.,32.549758720976));
#1021 = CARTESIAN_POINT('',(-31.68139410278,0.,32.777272717841));
#1022 = CARTESIAN_POINT('',(-31.32,0.,33.));
#1023 = PCURVE('',#435,#1024);
#1024 = DEFINITIONAL_REPRESENTATION('',(#1025),#1084);
#1025 = B_SPLINE_CURVE_WITH_KNOTS('',8,(#1026,#1027,#1028,#1029,#1030,
    #1031,#1032,#1033,#1034,#1035,#1036,#1037,#1038,#1039,#1040,#1041,
    #1042,#1043,#1044,#1045,#1046,#1047,#1048,#1049,#1050,#1051,#1052,
    #1053,#1054,#1055,#1056,#1057,#1058,#1059,#1060,#1061,#1062,#1063,
    #1064,#1065,#1066,#1067,#1068,#1069,#1070,#1071,#1072,#1073,#1074,
    #1075,#1076,#1077,#1078,#1079,#1080,#1081,#1082,#1083),
  .UNSPECIFIED.,.F.,.F.,(9,7,7,7,7,7,7,7,9),(0.,8.978806277436E-02,
    0.162570564246,0.340676264324,0.593469689389,0.680689346192,
    0.83452036953,0.958909056454,1.),.UNSPECIFIED.);
#1026 = CARTESIAN_POINT('',(6.6,75.8));
#1027 = CARTESIAN_POINT('',(6.874977540041,74.913921127476));
#1028 = CARTESIAN_POINT('',(7.183062629957,74.038133415697));
#1029 = CARTESIAN_POINT('',(7.52324338843,73.173884491314));
#1030 = CARTESIAN_POINT('',(7.894492426541,72.322335651686));
#1031 = CARTESIAN_POINT('',(8.295779532907,71.484567417068));
#1032 = CARTESIAN_POINT('',(8.726082668744,70.661584422718));
#1033 = CARTESIAN_POINT('',(9.184397272862,69.854319650945));
#1034 = CARTESIAN_POINT('',(10.063167443249,68.422708836984));
#1035 = CARTESIAN_POINT('',(10.474348269469,67.792684053021));
#1036 = CARTESIAN_POINT('',(10.902762618679,67.174026240109));
#1037 = CARTESIAN_POINT('',(11.347891152335,66.567178792663));
#1038 = CARTESIAN_POINT('',(11.809219323579,65.972566212666));
#1039 = CARTESIAN_POINT('',(12.286237770894,65.390594411742));
#1040 = CARTESIAN_POINT('',(12.778442711757,64.821651013231));
#1041 = CARTESIAN_POINT('',(14.525753222753,62.906633348643));
#1042 = CARTESIAN_POINT('',(15.85411734303,61.627406051288));
#1043 = CARTESIAN_POINT('',(17.26313221367,60.433837288674));
#1044 = CARTESIAN_POINT('',(18.745516636329,59.330916249906));
#1045 = CARTESIAN_POINT('',(20.293938078508,58.323115933906));
#1046 = CARTESIAN_POINT('',(21.900968385374,57.414329628525));
#1047 = CARTESIAN_POINT('',(23.559037437274,56.607802057331));
#1048 = CARTESIAN_POINT('',(27.675124468294,54.909952885745));
#1049 = CARTESIAN_POINT('',(30.177896999047,54.12454203761));
#1050 = CARTESIAN_POINT('',(32.744932913497,53.557827148564));
#1051 = CARTESIAN_POINT('',(35.353250051294,53.213193684684));
#1052 = CARTESIAN_POINT('',(37.980766693864,53.090297080889));
#1053 = CARTESIAN_POINT('',(40.606329799487,53.185311722812));
#1054 = CARTESIAN_POINT('',(43.209763555059,53.491255695036));
#1055 = CARTESIAN_POINT('',(46.655879807612,54.173044791872));
#1056 = CARTESIAN_POINT('',(47.535132250243,54.371893212841));
#1057 = CARTESIAN_POINT('',(48.408931667549,54.59432107236));
#1058 = CARTESIAN_POINT('',(49.27659908615,54.839924626634));
#1059 = CARTESIAN_POINT('',(50.137487748239,55.108279208315));
#1060 = CARTESIAN_POINT('',(50.990981516636,55.398944602939));
#1061 = CARTESIAN_POINT('',(51.836493279834,55.711470425361));
#1062 = CARTESIAN_POINT('',(54.149643936062,56.634362290507));
#1063 = CARTESIAN_POINT('',(55.5991551547,57.289869067986));
#1064 = CARTESIAN_POINT('',(57.019053710664,58.009457967976));
#1065 = CARTESIAN_POINT('',(58.406569222031,58.790616683094));
#1066 = CARTESIAN_POINT('',(59.759068296509,59.630842480654));
#1067 = CARTESIAN_POINT('',(61.074022611508,60.527694877494));
#1068 = CARTESIAN_POINT('',(62.348960721469,61.478874166879));
#1069 = CARTESIAN_POINT('',(64.57792759529,63.293779222872));
#1070 = CARTESIAN_POINT('',(65.546561473524,64.139308573413));
#1071 = CARTESIAN_POINT('',(66.486029013186,65.017908006016));
#1072 = CARTESIAN_POINT('',(67.394924210524,65.928561242144));
#1073 = CARTESIAN_POINT('',(68.271677648469,66.870282605083));
#1074 = CARTESIAN_POINT('',(69.114542040976,67.842129626276));
#1075 = CARTESIAN_POINT('',(69.921541763996,68.843249159675));
#1076 = CARTESIAN_POINT('',(70.94432245329,70.213154773201));
#1077 = CARTESIAN_POINT('',(71.194119604981,70.556436448097));
#1078 = CARTESIAN_POINT('',(71.439656835252,70.902805730426));
#1079 = CARTESIAN_POINT('',(71.68084229371,71.252235032849));
#1080 = CARTESIAN_POINT('',(71.917577875336,71.604696549824));
#1081 = CARTESIAN_POINT('',(72.149758720976,71.960162588101));
#1082 = CARTESIAN_POINT('',(72.377272717841,72.318605897217));
#1083 = CARTESIAN_POINT('',(72.6,72.68));
#1084 = ( GEOMETRIC_REPRESENTATION_CONTEXT(2) 
PARAMETRIC_REPRESENTATION_CONTEXT() REPRESENTATION_CONTEXT('2D SPACE',''
  ) );
#1085 = PCURVE('',#402,#1086);
#1086 = DEFINITIONAL_REPRESENTATION('',(#1087),#1146);
#1087 = B_SPLINE_CURVE_WITH_KNOTS('',8,(#1088,#1089,#1090,#1091,#1092,
    #1093,#1094,#1095,#1096,#1097,#1098,#1099,#1100,#1101,#1102,#1103,
    #1104,#1105,#1106,#1107,#1108,#1109,#1110,#1111,#1112,#1113,#1114,
    #1115,#1116,#1117,#1118,#1119,#1120,#1121,#1122,#1123,#1124,#1125,
    #1126,#1127,#1128,#1129,#1130,#1131,#1132,#1133,#1134,#1135,#1136,
    #1137,#1138,#1139,#1140,#1141,#1142,#1143,#1144,#1145),
  .UNSPECIFIED.,.F.,.F.,(9,7,7,7,7,7,7,7,9),(0.,8.978806277436E-02,
    0.162570564246,0.340676264324,0.593469689389,0.680689346192,
    0.83452036953,0.958909056454,1.),.UNSPECIFIED.);
#1088 = CARTESIAN_POINT('',(6.5,0.));
#1089 = CARTESIAN_POINT('',(6.5,1.124055929587E-02));
#1090 = CARTESIAN_POINT('',(6.5,2.248634353681E-02));
#1091 = CARTESIAN_POINT('',(6.5,3.373552718719E-02));
#1092 = CARTESIAN_POINT('',(6.5,4.498677698745E-02));
#1093 = CARTESIAN_POINT('',(6.5,5.623918268927E-02));
#1094 = CARTESIAN_POINT('',(6.5,6.749221910046E-02));
#1095 = CARTESIAN_POINT('',(6.5,7.874573943953E-02));
#1096 = CARTESIAN_POINT('',(6.5,9.912274093568E-02));
#1097 = CARTESIAN_POINT('',(6.5,0.108245854404));
#1098 = CARTESIAN_POINT('',(6.5,0.117369444175));
#1099 = CARTESIAN_POINT('',(6.5,0.126493637919));
#1100 = CARTESIAN_POINT('',(6.5,0.13561859002));
#1101 = CARTESIAN_POINT('',(6.5,0.144744484385));
#1102 = CARTESIAN_POINT('',(6.5,0.15387153725));
#1103 = CARTESIAN_POINT('',(6.5,0.185338216134));
#1104 = CARTESIAN_POINT('',(6.5,0.207684650204));
#1105 = CARTESIAN_POINT('',(6.5,0.230043002166));
#1106 = CARTESIAN_POINT('',(6.5,0.25241470269));
#1107 = CARTESIAN_POINT('',(6.5,0.274799426534));
#1108 = CARTESIAN_POINT('',(6.5,0.297195138669));
#1109 = CARTESIAN_POINT('',(6.5,0.319597692551));
#1110 = CARTESIAN_POINT('',(6.5,0.373796601832));
#1111 = CARTESIAN_POINT('',(6.5,0.40560417945));
#1112 = CARTESIAN_POINT('',(6.5,0.437381453754));
#1113 = CARTESIAN_POINT('',(6.5,0.469101507517));
#1114 = CARTESIAN_POINT('',(6.5,0.500742200845));
#1115 = CARTESIAN_POINT('',(6.5,0.532284509905));
#1116 = CARTESIAN_POINT('',(6.5,0.563710217482));
#1117 = CARTESIAN_POINT('',(6.5,0.605795708362));
#1118 = CARTESIAN_POINT('',(6.5,0.616577399178));
#1119 = CARTESIAN_POINT('',(6.5,0.627345233395));
#1120 = CARTESIAN_POINT('',(6.5,0.638099617323));
#1121 = CARTESIAN_POINT('',(6.5,0.64884121399));
#1122 = CARTESIAN_POINT('',(6.5,0.659570954501));
#1123 = CARTESIAN_POINT('',(6.5,0.670290049395));
#1124 = CARTESIAN_POINT('',(6.5,0.699889350426));
#1125 = CARTESIAN_POINT('',(6.5,0.718748999224));
#1126 = CARTESIAN_POINT('',(6.5,0.737588806234));
#1127 = CARTESIAN_POINT('',(6.5,0.756420485057));
#1128 = CARTESIAN_POINT('',(6.5,0.775258123401));
#1129 = CARTESIAN_POINT('',(6.5,0.794118733809));
#1130 = CARTESIAN_POINT('',(6.5,0.813023451995));
#1131 = CARTESIAN_POINT('',(6.5,0.847344550387));
#1132 = CARTESIAN_POINT('',(6.5,0.862734340866));
#1133 = CARTESIAN_POINT('',(6.5,0.878184888422));
#1134 = CARTESIAN_POINT('',(6.5,0.893712453091));
#1135 = CARTESIAN_POINT('',(6.5,0.909334979614));
#1136 = CARTESIAN_POINT('',(6.5,0.925072889975));
#1137 = CARTESIAN_POINT('',(6.5,0.940950645853));
#1138 = CARTESIAN_POINT('',(6.5,0.962301793286));
#1139 = CARTESIAN_POINT('',(6.5,0.967622180601));
#1140 = CARTESIAN_POINT('',(6.5,0.972962256269));
#1141 = CARTESIAN_POINT('',(6.5,0.978323155934));
#1142 = CARTESIAN_POINT('',(6.5,0.983706071674));
#1143 = CARTESIAN_POINT('',(6.5,0.989112267114));
#1144 = CARTESIAN_POINT('',(6.5,0.994543092538));
#1145 = CARTESIAN_POINT('',(6.5,1.));
#1146 = ( GEOMETRIC_REPRESENTATION_CONTEXT(2) 
PARAMETRIC_REPRESENTATION_CONTEXT() REPRESENTATION_CONTEXT('2D SPACE',''
  ) );
#1147 = ORIENTED_EDGE('',*,*,#420,.T.);
#1148 = ORIENTED_EDGE('',*,*,#770,.T.);
#1149 = ORIENTED_EDGE('',*,*,#698,.F.);
#1150 = ADVANCED_FACE('',(#1151),#402,.F.);
#1151 = FACE_BOUND('',#1152,.F.);
#1152 = EDGE_LOOP('',(#1153,#1154,#1155,#1178));
#1153 = ORIENTED_EDGE('',*,*,#962,.F.);
#1154 = ORIENTED_EDGE('',*,*,#388,.T.);
#1155 = ORIENTED_EDGE('',*,*,#1156,.T.);
#1156 = EDGE_CURVE('',#357,#657,#1157,.T.);
#1157 = SURFACE_CURVE('',#1158,(#1164,#1171),.PCURVE_S1.);
#1158 = ( BOUNDED_CURVE() B_SPLINE_CURVE(4,(#1159,#1160,#1161,#1162,
#1163),.UNSPECIFIED.,.F.,.F.) B_SPLINE_CURVE_WITH_KNOTS((5,5),(0.,1.),
.PIECEWISE_BEZIER_KNOTS.) CURVE() GEOMETRIC_REPRESENTATION_ITEM() 
RATIONAL_B_SPLINE_CURVE((1.,1.,1.,1.,1.)) REPRESENTATION_ITEM('') );
#1159 = CARTESIAN_POINT('',(-28.2,-7.704,-33.));
#1160 = CARTESIAN_POINT('',(-47.90717935827,-13.93450055096,
    -26.88425582743));
#1161 = CARTESIAN_POINT('',(-61.43763930022,-18.21220750184,
    -1.735951282336));
#1162 = CARTESIAN_POINT('',(-47.87672674081,-13.92487283882,
    22.796084883407));
#1163 = CARTESIAN_POINT('',(-31.32,-8.6904,33.));
#1164 = PCURVE('',#402,#1165);
#1165 = DEFINITIONAL_REPRESENTATION('',(#1166),#1170);
#1166 = LINE('',#1167,#1168);
#1167 = CARTESIAN_POINT('',(7.,0.));
#1168 = VECTOR('',#1169,1.);
#1169 = DIRECTION('',(0.,1.));
#1170 = ( GEOMETRIC_REPRESENTATION_CONTEXT(2) 
PARAMETRIC_REPRESENTATION_CONTEXT() REPRESENTATION_CONTEXT('2D SPACE',''
  ) );
#1171 = PCURVE('',#370,#1172);
#1172 = DEFINITIONAL_REPRESENTATION('',(#1173),#1177);
#1173 = LINE('',#1174,#1175);
#1174 = CARTESIAN_POINT('',(7.,0.));
#1175 = VECTOR('',#1176,1.);
#1176 = DIRECTION('',(0.,1.));
#1177 = ( GEOMETRIC_REPRESENTATION_CONTEXT(2) 
PARAMETRIC_REPRESENTATION_CONTEXT() REPRESENTATION_CONTEXT('2D SPACE',''
  ) );
#1178 = ORIENTED_EDGE('',*,*,#677,.F.);
#1179 = ADVANCED_FACE('',(#1180),#370,.F.);
#1180 = FACE_BOUND('',#1181,.F.);
#1181 = EDGE_LOOP('',(#1182,#1183,#1206,#1207));
#1182 = ORIENTED_EDGE('',*,*,#356,.T.);
#1183 = ORIENTED_EDGE('',*,*,#1184,.T.);
#1184 = EDGE_CURVE('',#325,#636,#1185,.T.);
#1185 = SURFACE_CURVE('',#1186,(#1192,#1199),.PCURVE_S1.);
#1186 = ( BOUNDED_CURVE() B_SPLINE_CURVE(4,(#1187,#1188,#1189,#1190,
#1191),.UNSPECIFIED.,.F.,.F.) B_SPLINE_CURVE_WITH_KNOTS((5,5),(0.,1.),
.PIECEWISE_BEZIER_KNOTS.) CURVE() GEOMETRIC_REPRESENTATION_ITEM() 
RATIONAL_B_SPLINE_CURVE((1.,1.,1.,1.,1.)) REPRESENTATION_ITEM('') );
#1187 = CARTESIAN_POINT('',(-20.304,-15.6,-33.));
#1188 = CARTESIAN_POINT('',(-34.49316913795,-27.34851077127,
    -26.88425582743));
#1189 = CARTESIAN_POINT('',(-44.23510029616,-35.4147465059,
    -1.735951282336));
#1190 = CARTESIAN_POINT('',(-34.47124325339,-27.33035632625,
    22.796084883407));
#1191 = CARTESIAN_POINT('',(-22.5504,-17.46,33.));
#1192 = PCURVE('',#370,#1193);
#1193 = DEFINITIONAL_REPRESENTATION('',(#1194),#1198);
#1194 = LINE('',#1195,#1196);
#1195 = CARTESIAN_POINT('',(8.,0.));
#1196 = VECTOR('',#1197,1.);
#1197 = DIRECTION('',(0.,1.));
#1198 = ( GEOMETRIC_REPRESENTATION_CONTEXT(2) 
PARAMETRIC_REPRESENTATION_CONTEXT() REPRESENTATION_CONTEXT('2D SPACE',''
  ) );
#1199 = PCURVE('',#338,#1200);
#1200 = DEFINITIONAL_REPRESENTATION('',(#1201),#1205);
#1201 = LINE('',#1202,#1203);
#1202 = CARTESIAN_POINT('',(0.,0.));
#1203 = VECTOR('',#1204,1.);
#1204 = DIRECTION('',(0.,1.));
#1205 = ( GEOMETRIC_REPRESENTATION_CONTEXT(2) 
PARAMETRIC_REPRESENTATION_CONTEXT() REPRESENTATION_CONTEXT('2D SPACE',''
  ) );
#1206 = ORIENTED_EDGE('',*,*,#656,.F.);
#1207 = ORIENTED_EDGE('',*,*,#1156,.F.);
#1208 = ADVANCED_FACE('',(#1209),#338,.F.);
#1209 = FACE_BOUND('',#1210,.F.);
#1210 = EDGE_LOOP('',(#1211,#1212,#1235,#1236));
#1211 = ORIENTED_EDGE('',*,*,#324,.T.);
#1212 = ORIENTED_EDGE('',*,*,#1213,.T.);
#1213 = EDGE_CURVE('',#293,#615,#1214,.T.);
#1214 = SURFACE_CURVE('',#1215,(#1221,#1228),.PCURVE_S1.);
#1215 = ( BOUNDED_CURVE() B_SPLINE_CURVE(4,(#1216,#1217,#1218,#1219,
#1220),.UNSPECIFIED.,.F.,.F.) B_SPLINE_CURVE_WITH_KNOTS((5,5),(0.,1.),
.PIECEWISE_BEZIER_KNOTS.) CURVE() GEOMETRIC_REPRESENTATION_ITEM() 
RATIONAL_B_SPLINE_CURVE((1.,1.,1.,1.,1.)) REPRESENTATION_ITEM('') );
#1216 = CARTESIAN_POINT('',(20.304,-15.6,-33.));
#1217 = CARTESIAN_POINT('',(34.493169137957,-27.34851077127,
    -26.88425582743));
#1218 = CARTESIAN_POINT('',(44.235100296161,-35.4147465059,
    -1.735951282336));
#1219 = CARTESIAN_POINT('',(34.47124325339,-27.33035632625,
    22.796084883407));
#1220 = CARTESIAN_POINT('',(22.5504,-17.46,33.));
#1221 = PCURVE('',#338,#1222);
#1222 = DEFINITIONAL_REPRESENTATION('',(#1223),#1227);
#1223 = LINE('',#1224,#1225);
#1224 = CARTESIAN_POINT('',(1.,0.));
#1225 = VECTOR('',#1226,1.);
#1226 = DIRECTION('',(0.,1.));
#1227 = ( GEOMETRIC_REPRESENTATION_CONTEXT(2) 
PARAMETRIC_REPRESENTATION_CONTEXT() REPRESENTATION_CONTEXT('2D SPACE',''
  ) );
#1228 = PCURVE('',#306,#1229);
#1229 = DEFINITIONAL_REPRESENTATION('',(#1230),#1234);
#1230 = LINE('',#1231,#1232);
#1231 = CARTESIAN_POINT('',(1.,0.));
#1232 = VECTOR('',#1233,1.);
#1233 = DIRECTION('',(0.,1.));
#1234 = ( GEOMETRIC_REPRESENTATION_CONTEXT(2) 
PARAMETRIC_REPRESENTATION_CONTEXT() REPRESENTATION_CONTEXT('2D SPACE',''
  ) );
#1235 = ORIENTED_EDGE('',*,*,#635,.F.);
#1236 = ORIENTED_EDGE('',*,*,#1184,.F.);
#1237 = ADVANCED_FACE('',(#1238),#306,.F.);
#1238 = FACE_BOUND('',#1239,.F.);
#1239 = EDGE_LOOP('',(#1240,#1241,#1264,#1265));
#1240 = ORIENTED_EDGE('',*,*,#292,.T.);
#1241 = ORIENTED_EDGE('',*,*,#1242,.T.);
#1242 = EDGE_CURVE('',#261,#594,#1243,.T.);
#1243 = SURFACE_CURVE('',#1244,(#1250,#1257),.PCURVE_S1.);
#1244 = ( BOUNDED_CURVE() B_SPLINE_CURVE(4,(#1245,#1246,#1247,#1248,
#1249),.UNSPECIFIED.,.F.,.F.) B_SPLINE_CURVE_WITH_KNOTS((5,5),(0.,1.),
.PIECEWISE_BEZIER_KNOTS.) CURVE() GEOMETRIC_REPRESENTATION_ITEM() 
RATIONAL_B_SPLINE_CURVE((1.,1.,1.,1.,1.)) REPRESENTATION_ITEM('') );
#1245 = CARTESIAN_POINT('',(28.2,-7.704,-33.));
#1246 = CARTESIAN_POINT('',(47.907179358273,-13.93450055096,
    -26.88425582743));
#1247 = CARTESIAN_POINT('',(61.437639300224,-18.21220750184,
    -1.735951282336));
#1248 = CARTESIAN_POINT('',(47.876726740819,-13.92487283882,
    22.796084883407));
#1249 = CARTESIAN_POINT('',(31.32,-8.6904,33.));
#1250 = PCURVE('',#306,#1251);
#1251 = DEFINITIONAL_REPRESENTATION('',(#1252),#1256);
#1252 = LINE('',#1253,#1254);
#1253 = CARTESIAN_POINT('',(2.,0.));
#1254 = VECTOR('',#1255,1.);
#1255 = DIRECTION('',(0.,1.));
#1256 = ( GEOMETRIC_REPRESENTATION_CONTEXT(2) 
PARAMETRIC_REPRESENTATION_CONTEXT() REPRESENTATION_CONTEXT('2D SPACE',''
  ) );
#1257 = PCURVE('',#274,#1258);
#1258 = DEFINITIONAL_REPRESENTATION('',(#1259),#1263);
#1259 = LINE('',#1260,#1261);
#1260 = CARTESIAN_POINT('',(2.,0.));
#1261 = VECTOR('',#1262,1.);
#1262 = DIRECTION('',(0.,1.));
#1263 = ( GEOMETRIC_REPRESENTATION_CONTEXT(2) 
PARAMETRIC_REPRESENTATION_CONTEXT() REPRESENTATION_CONTEXT('2D SPACE',''
  ) );
#1264 = ORIENTED_EDGE('',*,*,#614,.F.);
#1265 = ORIENTED_EDGE('',*,*,#1213,.F.);
#1266 = ADVANCED_FACE('',(#1267),#274,.F.);
#1267 = FACE_BOUND('',#1268,.F.);
#1268 = EDGE_LOOP('',(#1269,#1270,#1271,#1457));
#1269 = ORIENTED_EDGE('',*,*,#1242,.F.);
#1270 = ORIENTED_EDGE('',*,*,#260,.T.);
#1271 = ORIENTED_EDGE('',*,*,#1272,.T.);
#1272 = EDGE_CURVE('',#235,#573,#1273,.T.);
#1273 = SURFACE_CURVE('',#1274,(#1333,#1395),.PCURVE_S1.);
#1274 = B_SPLINE_CURVE_WITH_KNOTS('',8,(#1275,#1276,#1277,#1278,#1279,
    #1280,#1281,#1282,#1283,#1284,#1285,#1286,#1287,#1288,#1289,#1290,
    #1291,#1292,#1293,#1294,#1295,#1296,#1297,#1298,#1299,#1300,#1301,
    #1302,#1303,#1304,#1305,#1306,#1307,#1308,#1309,#1310,#1311,#1312,
    #1313,#1314,#1315,#1316,#1317,#1318,#1319,#1320,#1321,#1322,#1323,
    #1324,#1325,#1326,#1327,#1328,#1329,#1330,#1331,#1332),
  .UNSPECIFIED.,.F.,.F.,(9,7,7,7,7,7,7,7,9),(0.,8.978806277495E-02,
    0.162570564247,0.340676264326,0.593469689391,0.680689346194,
    0.834520369531,0.958909056454,1.),.UNSPECIFIED.);
#1275 = CARTESIAN_POINT('',(28.2,0.,-33.));
#1276 = CARTESIAN_POINT('',(29.086078872525,0.,-32.72502245995));
#1277 = CARTESIAN_POINT('',(29.961866584302,0.,-32.41693737004));
#1278 = CARTESIAN_POINT('',(30.826115508686,0.,-32.07675661157));
#1279 = CARTESIAN_POINT('',(31.677664348314,0.,-31.70550757345));
#1280 = CARTESIAN_POINT('',(32.515432582933,0.,-31.30422046709));
#1281 = CARTESIAN_POINT('',(33.338415577282,0.,-30.87391733125));
#1282 = CARTESIAN_POINT('',(34.145680349055,0.,-30.41560272713));
#1283 = CARTESIAN_POINT('',(35.577291163016,0.,-29.53683255675));
#1284 = CARTESIAN_POINT('',(36.207315946979,0.,-29.12565173053));
#1285 = CARTESIAN_POINT('',(36.825973759891,0.,-28.69723738132));
#1286 = CARTESIAN_POINT('',(37.432821207337,0.,-28.25210884766));
#1287 = CARTESIAN_POINT('',(38.027433787334,0.,-27.79078067642));
#1288 = CARTESIAN_POINT('',(38.609405588258,0.,-27.3137622291));
#1289 = CARTESIAN_POINT('',(39.178348986769,0.,-26.82155728824));
#1290 = CARTESIAN_POINT('',(41.093366651358,0.,-25.07424677724));
#1291 = CARTESIAN_POINT('',(42.37259394871,0.,-23.74588265697));
#1292 = CARTESIAN_POINT('',(43.566162711329,0.,-22.33686778632));
#1293 = CARTESIAN_POINT('',(44.669083750095,0.,-20.85448336367));
#1294 = CARTESIAN_POINT('',(45.676884066091,0.,-19.30606192149));
#1295 = CARTESIAN_POINT('',(46.585670371477,0.,-17.69903161462));
#1296 = CARTESIAN_POINT('',(47.392197942668,0.,-16.04096256272));
#1297 = CARTESIAN_POINT('',(49.090047114247,0.,-11.92487553172));
#1298 = CARTESIAN_POINT('',(49.875457962409,0.,-9.422103000875));
#1299 = CARTESIAN_POINT('',(50.442172851417,0.,-6.855067086659));
#1300 = CARTESIAN_POINT('',(50.786806315321,0.,-4.246749948523));
#1301 = CARTESIAN_POINT('',(50.909702919119,0.,-1.619233306264));
#1302 = CARTESIAN_POINT('',(50.814688277181,0.,1.006329799539));
#1303 = CARTESIAN_POINT('',(50.508744304966,0.,3.609763555049));
#1304 = CARTESIAN_POINT('',(49.826955208128,0.,7.055879807612));
#1305 = CARTESIAN_POINT('',(49.628106787159,0.,7.935132250243));
#1306 = CARTESIAN_POINT('',(49.40567892764,0.,8.808931667549));
#1307 = CARTESIAN_POINT('',(49.160075373366,0.,9.67659908615));
#1308 = CARTESIAN_POINT('',(48.891720791685,0.,10.537487748239));
#1309 = CARTESIAN_POINT('',(48.601055397061,0.,11.390981516636));
#1310 = CARTESIAN_POINT('',(48.288529574639,0.,12.236493279834));
#1311 = CARTESIAN_POINT('',(47.365637709495,0.,14.549643936056));
#1312 = CARTESIAN_POINT('',(46.710130932007,0.,15.999155154717));
#1313 = CARTESIAN_POINT('',(45.990542032032,0.,17.419053710647));
#1314 = CARTESIAN_POINT('',(45.209383316906,0.,18.806569222028));
#1315 = CARTESIAN_POINT('',(44.369157519338,0.,20.159068296525));
#1316 = CARTESIAN_POINT('',(43.472305122513,0.,21.474022611496));
#1317 = CARTESIAN_POINT('',(42.521125833118,0.,22.748960721472));
#1318 = CARTESIAN_POINT('',(40.706220777124,0.,24.977927595295));
#1319 = CARTESIAN_POINT('',(39.860691426597,0.,25.946561473512));
#1320 = CARTESIAN_POINT('',(38.982091993973,0.,26.886029013197));
#1321 = CARTESIAN_POINT('',(38.071438757856,0.,27.794924210525));
#1322 = CARTESIAN_POINT('',(37.129717394927,0.,28.671677648458));
#1323 = CARTESIAN_POINT('',(36.157870373714,0.,29.514542040984));
#1324 = CARTESIAN_POINT('',(35.156750840328,0.,30.321541763993));
#1325 = CARTESIAN_POINT('',(33.786845226799,0.,31.34432245329));
#1326 = CARTESIAN_POINT('',(33.443563551903,0.,31.594119604981));
#1327 = CARTESIAN_POINT('',(33.097194269574,0.,31.839656835252));
#1328 = CARTESIAN_POINT('',(32.747764967151,0.,32.08084229371));
#1329 = CARTESIAN_POINT('',(32.395303450175,0.,32.317577875336));
#1330 = CARTESIAN_POINT('',(32.039837411899,0.,32.549758720976));
#1331 = CARTESIAN_POINT('',(31.681394102783,0.,32.777272717841));
#1332 = CARTESIAN_POINT('',(31.32,0.,33.));
#1333 = PCURVE('',#274,#1334);
#1334 = DEFINITIONAL_REPRESENTATION('',(#1335),#1394);
#1335 = B_SPLINE_CURVE_WITH_KNOTS('',8,(#1336,#1337,#1338,#1339,#1340,
    #1341,#1342,#1343,#1344,#1345,#1346,#1347,#1348,#1349,#1350,#1351,
    #1352,#1353,#1354,#1355,#1356,#1357,#1358,#1359,#1360,#1361,#1362,
    #1363,#1364,#1365,#1366,#1367,#1368,#1369,#1370,#1371,#1372,#1373,
    #1374,#1375,#1376,#1377,#1378,#1379,#1380,#1381,#1382,#1383,#1384,
    #1385,#1386,#1387,#1388,#1389,#1390,#1391,#1392,#1393),
  .UNSPECIFIED.,.F.,.F.,(9,7,7,7,7,7,7,7,9),(0.,8.978806277495E-02,
    0.162570564247,0.340676264326,0.593469689391,0.680689346194,
    0.834520369531,0.958909056454,1.),.UNSPECIFIED.);
#1336 = CARTESIAN_POINT('',(2.5,0.));
#1337 = CARTESIAN_POINT('',(2.5,1.124055929588E-02));
#1338 = CARTESIAN_POINT('',(2.5,2.24863435368E-02));
#1339 = CARTESIAN_POINT('',(2.5,3.373552718719E-02));
#1340 = CARTESIAN_POINT('',(2.5,4.498677698746E-02));
#1341 = CARTESIAN_POINT('',(2.5,5.623918268927E-02));
#1342 = CARTESIAN_POINT('',(2.5,6.749221910045E-02));
#1343 = CARTESIAN_POINT('',(2.5,7.874573943953E-02));
#1344 = CARTESIAN_POINT('',(2.5,9.912274093567E-02));
#1345 = CARTESIAN_POINT('',(2.5,0.108245854404));
#1346 = CARTESIAN_POINT('',(2.5,0.117369444175));
#1347 = CARTESIAN_POINT('',(2.5,0.126493637919));
#1348 = CARTESIAN_POINT('',(2.5,0.13561859002));
#1349 = CARTESIAN_POINT('',(2.5,0.144744484385));
#1350 = CARTESIAN_POINT('',(2.5,0.15387153725));
#1351 = CARTESIAN_POINT('',(2.5,0.185338216134));
#1352 = CARTESIAN_POINT('',(2.5,0.207684650204));
#1353 = CARTESIAN_POINT('',(2.5,0.230043002166));
#1354 = CARTESIAN_POINT('',(2.5,0.25241470269));
#1355 = CARTESIAN_POINT('',(2.5,0.274799426534));
#1356 = CARTESIAN_POINT('',(2.5,0.297195138669));
#1357 = CARTESIAN_POINT('',(2.5,0.319597692551));
#1358 = CARTESIAN_POINT('',(2.5,0.373796601831));
#1359 = CARTESIAN_POINT('',(2.5,0.405604179451));
#1360 = CARTESIAN_POINT('',(2.5,0.437381453752));
#1361 = CARTESIAN_POINT('',(2.5,0.469101507519));
#1362 = CARTESIAN_POINT('',(2.5,0.500742200844));
#1363 = CARTESIAN_POINT('',(2.5,0.532284509906));
#1364 = CARTESIAN_POINT('',(2.5,0.563710217482));
#1365 = CARTESIAN_POINT('',(2.5,0.605795708362));
#1366 = CARTESIAN_POINT('',(2.5,0.616577399178));
#1367 = CARTESIAN_POINT('',(2.5,0.627345233395));
#1368 = CARTESIAN_POINT('',(2.5,0.638099617323));
#1369 = CARTESIAN_POINT('',(2.5,0.64884121399));
#1370 = CARTESIAN_POINT('',(2.5,0.659570954501));
#1371 = CARTESIAN_POINT('',(2.5,0.670290049395));
#1372 = CARTESIAN_POINT('',(2.5,0.699889350426));
#1373 = CARTESIAN_POINT('',(2.5,0.718748999224));
#1374 = CARTESIAN_POINT('',(2.5,0.737588806233));
#1375 = CARTESIAN_POINT('',(2.5,0.756420485057));
#1376 = CARTESIAN_POINT('',(2.5,0.775258123401));
#1377 = CARTESIAN_POINT('',(2.5,0.794118733809));
#1378 = CARTESIAN_POINT('',(2.5,0.813023451995));
#1379 = CARTESIAN_POINT('',(2.5,0.847344550387));
#1380 = CARTESIAN_POINT('',(2.5,0.862734340866));
#1381 = CARTESIAN_POINT('',(2.5,0.878184888422));
#1382 = CARTESIAN_POINT('',(2.5,0.893712453091));
#1383 = CARTESIAN_POINT('',(2.5,0.909334979614));
#1384 = CARTESIAN_POINT('',(2.5,0.925072889975));
#1385 = CARTESIAN_POINT('',(2.5,0.940950645853));
#1386 = CARTESIAN_POINT('',(2.5,0.962301793286));
#1387 = CARTESIAN_POINT('',(2.5,0.967622180601));
#1388 = CARTESIAN_POINT('',(2.5,0.972962256269));
#1389 = CARTESIAN_POINT('',(2.5,0.978323155934));
#1390 = CARTESIAN_POINT('',(2.5,0.983706071674));
#1391 = CARTESIAN_POINT('',(2.5,0.989112267114));
#1392 = CARTESIAN_POINT('',(2.5,0.994543092538));
#1393 = CARTESIAN_POINT('',(2.5,1.));
#1394 = ( GEOMETRIC_REPRESENTATION_CONTEXT(2) 
PARAMETRIC_REPRESENTATION_CONTEXT() REPRESENTATION_CONTEXT('2D SPACE',''
  ) );
#1395 = PCURVE('',#249,#1396);
#1396 = DEFINITIONAL_REPRESENTATION('',(#1397),#1456);
#1397 = B_SPLINE_CURVE_WITH_KNOTS('',8,(#1398,#1399,#1400,#1401,#1402,
    #1403,#1404,#1405,#1406,#1407,#1408,#1409,#1410,#1411,#1412,#1413,
    #1414,#1415,#1416,#1417,#1418,#1419,#1420,#1421,#1422,#1423,#1424,
    #1425,#1426,#1427,#1428,#1429,#1430,#1431,#1432,#1433,#1434,#1435,
    #1436,#1437,#1438,#1439,#1440,#1441,#1442,#1443,#1444,#1445,#1446,
    #1447,#1448,#1449,#1450,#1451,#1452,#1453,#1454,#1455),
  .UNSPECIFIED.,.F.,.F.,(9,7,7,7,7,7,7,7,9),(0.,8.978806277495E-02,
    0.162570564247,0.340676264326,0.593469689391,0.680689346194,
    0.834520369531,0.958909056454,1.),.UNSPECIFIED.);
#1398 = CARTESIAN_POINT('',(6.6,132.2));
#1399 = CARTESIAN_POINT('',(6.874977540041,133.08607887252));
#1400 = CARTESIAN_POINT('',(7.183062629957,133.9618665843));
#1401 = CARTESIAN_POINT('',(7.52324338843,134.82611550868));
#1402 = CARTESIAN_POINT('',(7.894492426541,135.67766434831));
#1403 = CARTESIAN_POINT('',(8.295779532907,136.51543258293));
#1404 = CARTESIAN_POINT('',(8.726082668743,137.33841557728));
#1405 = CARTESIAN_POINT('',(9.184397272862,138.14568034905));
#1406 = CARTESIAN_POINT('',(10.063167443249,139.57729116301));
#1407 = CARTESIAN_POINT('',(10.474348269469,140.20731594697));
#1408 = CARTESIAN_POINT('',(10.902762618679,140.82597375989));
#1409 = CARTESIAN_POINT('',(11.347891152335,141.43282120733));
#1410 = CARTESIAN_POINT('',(11.809219323579,142.02743378733));
#1411 = CARTESIAN_POINT('',(12.286237770894,142.60940558825));
#1412 = CARTESIAN_POINT('',(12.778442711757,143.17834898676));
#1413 = CARTESIAN_POINT('',(14.525753222753,145.09336665135));
#1414 = CARTESIAN_POINT('',(15.854117343029,146.37259394871));
#1415 = CARTESIAN_POINT('',(17.263132213671,147.56616271132));
#1416 = CARTESIAN_POINT('',(18.745516636328,148.66908375009));
#1417 = CARTESIAN_POINT('',(20.293938078507,149.67688406609));
#1418 = CARTESIAN_POINT('',(21.900968385375,150.58567037147));
#1419 = CARTESIAN_POINT('',(23.559037437273,151.39219794266));
#1420 = CARTESIAN_POINT('',(27.675124468276,153.09004711424));
#1421 = CARTESIAN_POINT('',(30.177896999125,153.8754579624));
#1422 = CARTESIAN_POINT('',(32.744932913341,154.44217285141));
#1423 = CARTESIAN_POINT('',(35.353250051477,154.78680631532));
#1424 = CARTESIAN_POINT('',(37.980766693736,154.90970291911));
#1425 = CARTESIAN_POINT('',(40.606329799539,154.81468827718));
#1426 = CARTESIAN_POINT('',(43.209763555049,154.50874430496));
#1427 = CARTESIAN_POINT('',(46.655879807612,153.82695520812));
#1428 = CARTESIAN_POINT('',(47.535132250243,153.62810678715));
#1429 = CARTESIAN_POINT('',(48.408931667549,153.40567892764));
#1430 = CARTESIAN_POINT('',(49.27659908615,153.16007537336));
#1431 = CARTESIAN_POINT('',(50.137487748239,152.89172079168));
#1432 = CARTESIAN_POINT('',(50.990981516636,152.60105539706));
#1433 = CARTESIAN_POINT('',(51.836493279834,152.28852957463));
#1434 = CARTESIAN_POINT('',(54.149643936056,151.36563770949));
#1435 = CARTESIAN_POINT('',(55.599155154717,150.710130932));
#1436 = CARTESIAN_POINT('',(57.019053710647,149.99054203203));
#1437 = CARTESIAN_POINT('',(58.406569222028,149.2093833169));
#1438 = CARTESIAN_POINT('',(59.759068296525,148.36915751933));
#1439 = CARTESIAN_POINT('',(61.074022611496,147.47230512251));
#1440 = CARTESIAN_POINT('',(62.348960721472,146.52112583311));
#1441 = CARTESIAN_POINT('',(64.577927595295,144.70622077712));
#1442 = CARTESIAN_POINT('',(65.546561473512,143.86069142659));
#1443 = CARTESIAN_POINT('',(66.486029013197,142.98209199397));
#1444 = CARTESIAN_POINT('',(67.394924210525,142.07143875785));
#1445 = CARTESIAN_POINT('',(68.271677648458,141.12971739492));
#1446 = CARTESIAN_POINT('',(69.114542040984,140.15787037371));
#1447 = CARTESIAN_POINT('',(69.921541763993,139.15675084032));
#1448 = CARTESIAN_POINT('',(70.94432245329,137.78684522679));
#1449 = CARTESIAN_POINT('',(71.194119604981,137.4435635519));
#1450 = CARTESIAN_POINT('',(71.439656835252,137.09719426957));
#1451 = CARTESIAN_POINT('',(71.68084229371,136.74776496715));
#1452 = CARTESIAN_POINT('',(71.917577875336,136.39530345017));
#1453 = CARTESIAN_POINT('',(72.149758720976,136.03983741189));
#1454 = CARTESIAN_POINT('',(72.377272717841,135.68139410278));
#1455 = CARTESIAN_POINT('',(72.6,135.32));
#1456 = ( GEOMETRIC_REPRESENTATION_CONTEXT(2) 
PARAMETRIC_REPRESENTATION_CONTEXT() REPRESENTATION_CONTEXT('2D SPACE',''
  ) );
#1457 = ORIENTED_EDGE('',*,*,#593,.F.);
#1458 = ADVANCED_FACE('',(#1459),#249,.T.);
#1459 = FACE_BOUND('',#1460,.T.);
#1460 = EDGE_LOOP('',(#1461,#1647,#1648,#1649));
#1461 = ORIENTED_EDGE('',*,*,#1462,.F.);
#1462 = EDGE_CURVE('',#203,#552,#1463,.T.);
#1463 = SURFACE_CURVE('',#1464,(#1523,#1585),.PCURVE_S1.);
#1464 = B_SPLINE_CURVE_WITH_KNOTS('',8,(#1465,#1466,#1467,#1468,#1469,
    #1470,#1471,#1472,#1473,#1474,#1475,#1476,#1477,#1478,#1479,#1480,
    #1481,#1482,#1483,#1484,#1485,#1486,#1487,#1488,#1489,#1490,#1491,
    #1492,#1493,#1494,#1495,#1496,#1497,#1498,#1499,#1500,#1501,#1502,
    #1503,#1504,#1505,#1506,#1507,#1508,#1509,#1510,#1511,#1512,#1513,
    #1514,#1515,#1516,#1517,#1518,#1519,#1520,#1521,#1522),
  .UNSPECIFIED.,.F.,.F.,(9,7,7,7,7,7,7,7,9),(0.,8.978806277454E-02,
    0.162570564246,0.340676264325,0.59346968939,0.680689346194,
    0.834520369531,0.958909056454,1.),.UNSPECIFIED.);
#1465 = CARTESIAN_POINT('',(31.2,0.,-33.));
#1466 = CARTESIAN_POINT('',(32.086078872525,0.,-32.72502245995));
#1467 = CARTESIAN_POINT('',(32.961866584302,0.,-32.41693737004));
#1468 = CARTESIAN_POINT('',(33.826115508686,0.,-32.07675661157));
#1469 = CARTESIAN_POINT('',(34.677664348314,0.,-31.70550757345));
#1470 = CARTESIAN_POINT('',(35.515432582933,0.,-31.30422046709));
#1471 = CARTESIAN_POINT('',(36.338415577282,0.,-30.87391733125));
#1472 = CARTESIAN_POINT('',(37.145680349055,0.,-30.41560272713));
#1473 = CARTESIAN_POINT('',(38.577291163016,0.,-29.53683255675));
#1474 = CARTESIAN_POINT('',(39.207315946979,0.,-29.12565173053));
#1475 = CARTESIAN_POINT('',(39.825973759891,0.,-28.69723738132));
#1476 = CARTESIAN_POINT('',(40.432821207337,0.,-28.25210884766));
#1477 = CARTESIAN_POINT('',(41.027433787334,0.,-27.79078067642));
#1478 = CARTESIAN_POINT('',(41.609405588258,0.,-27.3137622291));
#1479 = CARTESIAN_POINT('',(42.178348986769,0.,-26.82155728824));
#1480 = CARTESIAN_POINT('',(44.093366651359,0.,-25.07424677724));
#1481 = CARTESIAN_POINT('',(45.372593948707,0.,-23.74588265697));
#1482 = CARTESIAN_POINT('',(46.566162711333,0.,-22.33686778632));
#1483 = CARTESIAN_POINT('',(47.669083750095,0.,-20.85448336367));
#1484 = CARTESIAN_POINT('',(48.676884066088,0.,-19.30606192149));
#1485 = CARTESIAN_POINT('',(49.585670371479,0.,-17.69903161462));
#1486 = CARTESIAN_POINT('',(50.392197942668,0.,-16.04096256272));
#1487 = CARTESIAN_POINT('',(52.090047114255,0.,-11.9248755317));
#1488 = CARTESIAN_POINT('',(52.875457962381,0.,-9.422103000958));
#1489 = CARTESIAN_POINT('',(53.442172851467,0.,-6.855067086484));
#1490 = CARTESIAN_POINT('',(53.786806315274,0.,-4.246749948737));
#1491 = CARTESIAN_POINT('',(53.90970291914,0.,-1.619233306111));
#1492 = CARTESIAN_POINT('',(53.81468827718,0.,1.006329799478));
#1493 = CARTESIAN_POINT('',(53.508744304964,0.,3.60976355506));
#1494 = CARTESIAN_POINT('',(52.826955208128,0.,7.055879807612));
#1495 = CARTESIAN_POINT('',(52.628106787159,0.,7.935132250243));
#1496 = CARTESIAN_POINT('',(52.40567892764,0.,8.808931667549));
#1497 = CARTESIAN_POINT('',(52.160075373366,0.,9.67659908615));
#1498 = CARTESIAN_POINT('',(51.891720791685,0.,10.537487748239));
#1499 = CARTESIAN_POINT('',(51.601055397061,0.,11.390981516636));
#1500 = CARTESIAN_POINT('',(51.288529574639,0.,12.236493279835));
#1501 = CARTESIAN_POINT('',(50.365637709498,0.,14.54964393605));
#1502 = CARTESIAN_POINT('',(49.710130931998,0.,15.999155154735));
#1503 = CARTESIAN_POINT('',(48.990542032043,0.,17.419053710629));
#1504 = CARTESIAN_POINT('',(48.209383316906,0.,18.806569222027));
#1505 = CARTESIAN_POINT('',(47.369157519327,0.,20.159068296544));
#1506 = CARTESIAN_POINT('',(46.472305122524,0.,21.474022611481));
#1507 = CARTESIAN_POINT('',(45.521125833115,0.,22.748960721476));
#1508 = CARTESIAN_POINT('',(43.706220777133,0.,24.977927595285));
#1509 = CARTESIAN_POINT('',(42.860691426574,0.,25.946561473542));
#1510 = CARTESIAN_POINT('',(41.982091993995,0.,26.886029013169));
#1511 = CARTESIAN_POINT('',(41.071438757858,0.,27.79492421052));
#1512 = CARTESIAN_POINT('',(40.129717394905,0.,28.671677648486));
#1513 = CARTESIAN_POINT('',(39.157870373733,0.,29.514542040965));
#1514 = CARTESIAN_POINT('',(38.156750840322,0.,30.321541763998));
#1515 = CARTESIAN_POINT('',(36.786845226799,0.,31.34432245329));
#1516 = CARTESIAN_POINT('',(36.443563551903,0.,31.594119604981));
#1517 = CARTESIAN_POINT('',(36.097194269575,0.,31.839656835251));
#1518 = CARTESIAN_POINT('',(35.747764967151,0.,32.08084229371));
#1519 = CARTESIAN_POINT('',(35.395303450175,0.,32.317577875336));
#1520 = CARTESIAN_POINT('',(35.039837411899,0.,32.549758720976));
#1521 = CARTESIAN_POINT('',(34.681394102783,0.,32.777272717841));
#1522 = CARTESIAN_POINT('',(34.32,0.,33.));
#1523 = PCURVE('',#249,#1524);
#1524 = DEFINITIONAL_REPRESENTATION('',(#1525),#1584);
#1525 = B_SPLINE_CURVE_WITH_KNOTS('',8,(#1526,#1527,#1528,#1529,#1530,
    #1531,#1532,#1533,#1534,#1535,#1536,#1537,#1538,#1539,#1540,#1541,
    #1542,#1543,#1544,#1545,#1546,#1547,#1548,#1549,#1550,#1551,#1552,
    #1553,#1554,#1555,#1556,#1557,#1558,#1559,#1560,#1561,#1562,#1563,
    #1564,#1565,#1566,#1567,#1568,#1569,#1570,#1571,#1572,#1573,#1574,
    #1575,#1576,#1577,#1578,#1579,#1580,#1581,#1582,#1583),
  .UNSPECIFIED.,.F.,.F.,(9,7,7,7,7,7,7,7,9),(0.,8.978806277454E-02,
    0.162570564246,0.340676264325,0.59346968939,0.680689346194,
    0.834520369531,0.958909056454,1.),.UNSPECIFIED.);
#1526 = CARTESIAN_POINT('',(6.6,135.2));
#1527 = CARTESIAN_POINT('',(6.874977540041,136.08607887252));
#1528 = CARTESIAN_POINT('',(7.183062629957,136.9618665843));
#1529 = CARTESIAN_POINT('',(7.52324338843,137.82611550868));
#1530 = CARTESIAN_POINT('',(7.894492426541,138.67766434831));
#1531 = CARTESIAN_POINT('',(8.295779532907,139.51543258293));
#1532 = CARTESIAN_POINT('',(8.726082668744,140.33841557728));
#1533 = CARTESIAN_POINT('',(9.184397272862,141.14568034905));
#1534 = CARTESIAN_POINT('',(10.063167443249,142.57729116301));
#1535 = CARTESIAN_POINT('',(10.474348269469,143.20731594697));
#1536 = CARTESIAN_POINT('',(10.902762618679,143.82597375989));
#1537 = CARTESIAN_POINT('',(11.347891152335,144.43282120733));
#1538 = CARTESIAN_POINT('',(11.809219323579,145.02743378733));
#1539 = CARTESIAN_POINT('',(12.286237770894,145.60940558825));
#1540 = CARTESIAN_POINT('',(12.778442711757,146.17834898676));
#1541 = CARTESIAN_POINT('',(14.525753222754,148.09336665135));
#1542 = CARTESIAN_POINT('',(15.854117343026,149.3725939487));
#1543 = CARTESIAN_POINT('',(17.263132213674,150.56616271133));
#1544 = CARTESIAN_POINT('',(18.745516636328,151.66908375009));
#1545 = CARTESIAN_POINT('',(20.293938078503,152.67688406608));
#1546 = CARTESIAN_POINT('',(21.900968385378,153.58567037147));
#1547 = CARTESIAN_POINT('',(23.559037437272,154.39219794266));
#1548 = CARTESIAN_POINT('',(27.675124468294,156.09004711425));
#1549 = CARTESIAN_POINT('',(30.177896999042,156.87545796238));
#1550 = CARTESIAN_POINT('',(32.744932913516,157.44217285146));
#1551 = CARTESIAN_POINT('',(35.353250051263,157.78680631527));
#1552 = CARTESIAN_POINT('',(37.980766693889,157.90970291914));
#1553 = CARTESIAN_POINT('',(40.606329799478,157.81468827718));
#1554 = CARTESIAN_POINT('',(43.20976355506,157.50874430496));
#1555 = CARTESIAN_POINT('',(46.655879807612,156.82695520812));
#1556 = CARTESIAN_POINT('',(47.535132250243,156.62810678715));
#1557 = CARTESIAN_POINT('',(48.408931667549,156.40567892764));
#1558 = CARTESIAN_POINT('',(49.27659908615,156.16007537336));
#1559 = CARTESIAN_POINT('',(50.137487748239,155.89172079168));
#1560 = CARTESIAN_POINT('',(50.990981516636,155.60105539706));
#1561 = CARTESIAN_POINT('',(51.836493279835,155.28852957463));
#1562 = CARTESIAN_POINT('',(54.14964393605,154.36563770949));
#1563 = CARTESIAN_POINT('',(55.599155154735,153.71013093199));
#1564 = CARTESIAN_POINT('',(57.019053710629,152.99054203204));
#1565 = CARTESIAN_POINT('',(58.406569222027,152.2093833169));
#1566 = CARTESIAN_POINT('',(59.759068296544,151.36915751932));
#1567 = CARTESIAN_POINT('',(61.074022611481,150.47230512252));
#1568 = CARTESIAN_POINT('',(62.348960721476,149.52112583311));
#1569 = CARTESIAN_POINT('',(64.577927595285,147.70622077713));
#1570 = CARTESIAN_POINT('',(65.546561473542,146.86069142657));
#1571 = CARTESIAN_POINT('',(66.486029013169,145.98209199399));
#1572 = CARTESIAN_POINT('',(67.39492421052,145.07143875785));
#1573 = CARTESIAN_POINT('',(68.271677648486,144.1297173949));
#1574 = CARTESIAN_POINT('',(69.114542040965,143.15787037373));
#1575 = CARTESIAN_POINT('',(69.921541763998,142.15675084032));
#1576 = CARTESIAN_POINT('',(70.94432245329,140.78684522679));
#1577 = CARTESIAN_POINT('',(71.194119604981,140.4435635519));
#1578 = CARTESIAN_POINT('',(71.439656835251,140.09719426957));
#1579 = CARTESIAN_POINT('',(71.68084229371,139.74776496715));
#1580 = CARTESIAN_POINT('',(71.917577875336,139.39530345017));
#1581 = CARTESIAN_POINT('',(72.149758720976,139.03983741189));
#1582 = CARTESIAN_POINT('',(72.377272717841,138.68139410278));
#1583 = CARTESIAN_POINT('',(72.6,138.32));
#1584 = ( GEOMETRIC_REPRESENTATION_CONTEXT(2) 
PARAMETRIC_REPRESENTATION_CONTEXT() REPRESENTATION_CONTEXT('2D SPACE',''
  ) );
#1585 = PCURVE('',#216,#1586);
#1586 = DEFINITIONAL_REPRESENTATION('',(#1587),#1646);
#1587 = B_SPLINE_CURVE_WITH_KNOTS('',8,(#1588,#1589,#1590,#1591,#1592,
    #1593,#1594,#1595,#1596,#1597,#1598,#1599,#1600,#1601,#1602,#1603,
    #1604,#1605,#1606,#1607,#1608,#1609,#1610,#1611,#1612,#1613,#1614,
    #1615,#1616,#1617,#1618,#1619,#1620,#1621,#1622,#1623,#1624,#1625,
    #1626,#1627,#1628,#1629,#1630,#1631,#1632,#1633,#1634,#1635,#1636,
    #1637,#1638,#1639,#1640,#1641,#1642,#1643,#1644,#1645),
  .UNSPECIFIED.,.F.,.F.,(9,7,7,7,7,7,7,7,9),(0.,8.978806277454E-02,
    0.162570564246,0.340676264325,0.59346968939,0.680689346194,
    0.834520369531,0.958909056454,1.),.UNSPECIFIED.);
#1588 = CARTESIAN_POINT('',(2.5,0.));
#1589 = CARTESIAN_POINT('',(2.5,1.124055929588E-02));
#1590 = CARTESIAN_POINT('',(2.5,2.248634353681E-02));
#1591 = CARTESIAN_POINT('',(2.5,3.373552718719E-02));
#1592 = CARTESIAN_POINT('',(2.5,4.498677698746E-02));
#1593 = CARTESIAN_POINT('',(2.5,5.623918268927E-02));
#1594 = CARTESIAN_POINT('',(2.5,6.749221910045E-02));
#1595 = CARTESIAN_POINT('',(2.5,7.874573943953E-02));
#1596 = CARTESIAN_POINT('',(2.5,9.912274093567E-02));
#1597 = CARTESIAN_POINT('',(2.5,0.108245854404));
#1598 = CARTESIAN_POINT('',(2.5,0.117369444175));
#1599 = CARTESIAN_POINT('',(2.5,0.126493637919));
#1600 = CARTESIAN_POINT('',(2.5,0.13561859002));
#1601 = CARTESIAN_POINT('',(2.5,0.144744484385));
#1602 = CARTESIAN_POINT('',(2.5,0.15387153725));
#1603 = CARTESIAN_POINT('',(2.5,0.185338216134));
#1604 = CARTESIAN_POINT('',(2.5,0.207684650204));
#1605 = CARTESIAN_POINT('',(2.5,0.230043002166));
#1606 = CARTESIAN_POINT('',(2.5,0.25241470269));
#1607 = CARTESIAN_POINT('',(2.5,0.274799426534));
#1608 = CARTESIAN_POINT('',(2.5,0.297195138669));
#1609 = CARTESIAN_POINT('',(2.5,0.319597692551));
#1610 = CARTESIAN_POINT('',(2.5,0.373796601832));
#1611 = CARTESIAN_POINT('',(2.5,0.405604179449));
#1612 = CARTESIAN_POINT('',(2.5,0.437381453754));
#1613 = CARTESIAN_POINT('',(2.5,0.469101507516));
#1614 = CARTESIAN_POINT('',(2.5,0.500742200846));
#1615 = CARTESIAN_POINT('',(2.5,0.532284509905));
#1616 = CARTESIAN_POINT('',(2.5,0.563710217482));
#1617 = CARTESIAN_POINT('',(2.5,0.605795708362));
#1618 = CARTESIAN_POINT('',(2.5,0.616577399178));
#1619 = CARTESIAN_POINT('',(2.5,0.627345233395));
#1620 = CARTESIAN_POINT('',(2.5,0.638099617323));
#1621 = CARTESIAN_POINT('',(2.5,0.64884121399));
#1622 = CARTESIAN_POINT('',(2.5,0.659570954501));
#1623 = CARTESIAN_POINT('',(2.5,0.670290049395));
#1624 = CARTESIAN_POINT('',(2.5,0.699889350426));
#1625 = CARTESIAN_POINT('',(2.5,0.718748999224));
#1626 = CARTESIAN_POINT('',(2.5,0.737588806233));
#1627 = CARTESIAN_POINT('',(2.5,0.756420485057));
#1628 = CARTESIAN_POINT('',(2.5,0.775258123402));
#1629 = CARTESIAN_POINT('',(2.5,0.794118733808));
#1630 = CARTESIAN_POINT('',(2.5,0.813023451995));
#1631 = CARTESIAN_POINT('',(2.5,0.847344550387));
#1632 = CARTESIAN_POINT('',(2.5,0.862734340866));
#1633 = CARTESIAN_POINT('',(2.5,0.878184888422));
#1634 = CARTESIAN_POINT('',(2.5,0.893712453091));
#1635 = CARTESIAN_POINT('',(2.5,0.909334979614));
#1636 = CARTESIAN_POINT('',(2.5,0.925072889975));
#1637 = CARTESIAN_POINT('',(2.5,0.940950645853));
#1638 = CARTESIAN_POINT('',(2.5,0.962301793286));
#1639 = CARTESIAN_POINT('',(2.5,0.967622180601));
#1640 = CARTESIAN_POINT('',(2.5,0.972962256269));
#1641 = CARTESIAN_POINT('',(2.5,0.978323155934));
#1642 = CARTESIAN_POINT('',(2.5,0.983706071674));
#1643 = CARTESIAN_POINT('',(2.5,0.989112267114));
#1644 = CARTESIAN_POINT('',(2.5,0.994543092538));
#1645 = CARTESIAN_POINT('',(2.5,1.));
#1646 = ( GEOMETRIC_REPRESENTATION_CONTEXT(2) 
PARAMETRIC_REPRESENTATION_CONTEXT() REPRESENTATION_CONTEXT('2D SPACE',''
  ) );
#1647 = ORIENTED_EDGE('',*,*,#234,.T.);
#1648 = ORIENTED_EDGE('',*,*,#1272,.T.);
#1649 = ORIENTED_EDGE('',*,*,#572,.F.);
#1650 = ADVANCED_FACE('',(#1651),#216,.T.);
#1651 = FACE_BOUND('',#1652,.T.);
#1652 = EDGE_LOOP('',(#1653,#1654,#1655,#1656));
#1653 = ORIENTED_EDGE('',*,*,#480,.F.);
#1654 = ORIENTED_EDGE('',*,*,#202,.T.);
#1655 = ORIENTED_EDGE('',*,*,#1462,.T.);
#1656 = ORIENTED_EDGE('',*,*,#551,.F.);
#1657 = ( GEOMETRIC_REPRESENTATION_CONTEXT(3) 
GLOBAL_UNCERTAINTY_ASSIGNED_CONTEXT((#1661)) 
GLOBAL_UNIT_ASSIGNED_CONTEXT((#1658,#1659,#1660)) REPRESENTATION_CONTEXT
('Context #1','3D Context with UNIT and UNCERTAINTY') );
#1658 = ( LENGTH_UNIT() NAMED_UNIT(*) SI_UNIT(.MILLI.,.METRE.) );
#1659 = ( NAMED_UNIT(*) PLANE_ANGLE_UNIT() SI_UNIT($,.RADIAN.) );
#1660 = ( NAMED_UNIT(*) SI_UNIT($,.STERADIAN.) SOLID_ANGLE_UNIT() );
#1661 = UNCERTAINTY_MEASURE_WITH_UNIT(LENGTH_MEASURE(1.E-06),#1658,
  'distance_accuracy_value','confusion accuracy');
#1662 = PRODUCT_RELATED_PRODUCT_CATEGORY('part',$,(#7));
ENDSEC;
END-ISO-10303-21;
