ISO-10303-21;
HEADER;
FILE_DESCRIPTION(('Open CASCADE Model'),'2;1');
FILE_NAME('Open CASCADE Shape Model','2026-09-05T05:20:50',('Author'),(
    'Open CASCADE'),'Open CASCADE STEP processor 7.8','Open CASCADE 7.8'
  ,'Unknown');
FILE_SCHEMA(('AUTOMOTIVE_DESIGN { 1 0 10303 214 1 1 1 1 }'));
ENDSEC;
DATA;
#1 = APPLICATION_PROTOCOL_DEFINITION('international standard',
  'automotive_design',2000,#2);
#2 = APPLICATION_CONTEXT(
  'core data for automotive mechanical design processes');
#3 = SHAPE_DEFINITION_REPRESENTATION(#4,#10);
#4 = PRODUCT_DEFINITION_SHAPE('','',#5);
#5 = PRODUCT_DEFINITION('design','',#6,#9);
#6 = PRODUCT_DEFINITION_FORMATION('','',#7);
#7 = PRODUCT('Open CASCADE STEP translator 7.8 8',
  'Open CASCADE STEP translator 7.8 8','',(#8));
#8 = PRODUCT_CONTEXT('',#2,'mechanical');
#9 = PRODUCT_DEFINITION_CONTEXT('part definition',#2,'design');
#10 = ADVANCED_BREP_SHAPE_REPRESENTATION('',(#11,#15),#2105);
#11 = AXIS2_PLACEMENT_3D('',#12,#13,#14);
#12 = CARTESIAN_POINT('',(0.,0.,0.));
#13 = DIRECTION('',(0.,0.,1.));
#14 = DIRECTION('',(1.,0.,-0.));
#15 = MANIFOLD_SOLID_BREP('',#16);
#16 = CLOSED_SHELL('',(#17,#383,#703,#752,#801,#994,#1116,#1171,#1271,
    #1304,#1472,#1640,#1669,#1698,#1733,#1762,#1930,#2098));
#17 = ADVANCED_FACE('',(#18,#155),#31,.T.);
#18 = FACE_BOUND('',#19,.T.);
#19 = EDGE_LOOP('',(#20,#59,#95,#121));
#20 = ORIENTED_EDGE('',*,*,#21,.T.);
#21 = EDGE_CURVE('',#22,#24,#26,.T.);
#22 = VERTEX_POINT('',#23);
#23 = CARTESIAN_POINT('',(-62.328,-15.6,-74.));
#24 = VERTEX_POINT('',#25);
#25 = CARTESIAN_POINT('',(62.328,-15.6,-74.));
#26 = SURFACE_CURVE('',#27,(#30,#48),.PCURVE_S1.);
#27 = B_SPLINE_CURVE_WITH_KNOTS('',1,(#28,#29),.UNSPECIFIED.,.F.,.F.,(2,
    2),(0.,1.),.PIECEWISE_BEZIER_KNOTS.);
#28 = CARTESIAN_POINT('',(-62.328,-15.6,-74.));
#29 = CARTESIAN_POINT('',(62.328,-15.6,-74.));
#30 = PCURVE('',#31,#42);
#31 = ( BOUNDED_SURFACE() B_SPLINE_SURFACE(1,4,(
    (#32,#33,#34,#35,#36)
    ,(#37,#38,#39,#40,#41
)),.UNSPECIFIED.,.F.,.F.,.F.) B_SPLINE_SURFACE_WITH_KNOTS((2,2),(5,5),(
    0.,1.),(0.,1.),.PIECEWISE_BEZIER_KNOTS.) 
GEOMETRIC_REPRESENTATION_ITEM() RATIONAL_B_SPLINE_SURFACE((
    (1.,1.,1.,1.,1.)
,(1.,1.,1.,1.,1.))) REPRESENTATION_ITEM('') SURFACE() );
#32 = CARTESIAN_POINT('',(-62.328,-15.6,-74.));
#33 = CARTESIAN_POINT('',(-102.2207121921,-25.58469885441,
    -60.03958320127));
#34 = CARTESIAN_POINT('',(-128.1687547296,-32.07920314758,-3.34180849483
    ));
#35 = CARTESIAN_POINT('',(-101.9936588698,-25.52786995203,
    50.515794914387));
#36 = CARTESIAN_POINT('',(-68.5608,-17.16,74.));
#37 = CARTESIAN_POINT('',(62.328,-15.6,-74.));
#38 = CARTESIAN_POINT('',(102.22071219216,-25.58469885441,
    -60.03958320127));
#39 = CARTESIAN_POINT('',(128.16875472966,-32.07920314758,-3.34180849483
    ));
#40 = CARTESIAN_POINT('',(101.99365886988,-25.52786995203,
    50.515794914387));
#41 = CARTESIAN_POINT('',(68.5608,-17.16,74.));
#42 = DEFINITIONAL_REPRESENTATION('',(#43),#47);
#43 = LINE('',#44,#45);
#44 = CARTESIAN_POINT('',(0.,0.));
#45 = VECTOR('',#46,1.);
#46 = DIRECTION('',(1.,0.));
#47 = ( GEOMETRIC_REPRESENTATION_CONTEXT(2) 
PARAMETRIC_REPRESENTATION_CONTEXT() REPRESENTATION_CONTEXT('2D SPACE',''
  ) );
#48 = PCURVE('',#49,#54);
#49 = PLANE('',#50);
#50 = AXIS2_PLACEMENT_3D('',#51,#52,#53);
#51 = CARTESIAN_POINT('',(-62.328,-15.6,-74.));
#52 = DIRECTION('',(0.,0.,1.));
#53 = DIRECTION('',(0.987399866564,0.158245074202,-0.));
#54 = DEFINITIONAL_REPRESENTATION('',(#55),#58);
#55 = B_SPLINE_CURVE_WITH_KNOTS('',1,(#56,#57),.UNSPECIFIED.,.F.,.F.,(2,
    2),(0.,1.),.PIECEWISE_BEZIER_KNOTS.);
#56 = CARTESIAN_POINT('',(0.,0.));
#57 = CARTESIAN_POINT('',(123.08531776641,-19.72619796971));
#58 = ( GEOMETRIC_REPRESENTATION_CONTEXT(2) 
PARAMETRIC_REPRESENTATION_CONTEXT() REPRESENTATION_CONTEXT('2D SPACE',''
  ) );
#59 = ORIENTED_EDGE('',*,*,#60,.T.);
#60 = EDGE_CURVE('',#24,#61,#63,.T.);
#61 = VERTEX_POINT('',#62);
#62 = CARTESIAN_POINT('',(68.5608,-17.16,74.));
#63 = SURFACE_CURVE('',#64,(#70,#77),.PCURVE_S1.);
#64 = ( BOUNDED_CURVE() B_SPLINE_CURVE(4,(#65,#66,#67,#68,#69),
.UNSPECIFIED.,.F.,.F.) B_SPLINE_CURVE_WITH_KNOTS((5,5),(0.,1.),
.PIECEWISE_BEZIER_KNOTS.) CURVE() GEOMETRIC_REPRESENTATION_ITEM() 
RATIONAL_B_SPLINE_CURVE((1.,1.,1.,1.,1.)) REPRESENTATION_ITEM('') );
#65 = CARTESIAN_POINT('',(62.328,-15.6,-74.));
#66 = CARTESIAN_POINT('',(102.22071219216,-25.58469885441,
    -60.03958320127));
#67 = CARTESIAN_POINT('',(128.16875472966,-32.07920314758,-3.34180849483
    ));
#68 = CARTESIAN_POINT('',(101.99365886988,-25.52786995203,
    50.515794914387));
#69 = CARTESIAN_POINT('',(68.5608,-17.16,74.));
#70 = PCURVE('',#31,#71);
#71 = DEFINITIONAL_REPRESENTATION('',(#72),#76);
#72 = LINE('',#73,#74);
#73 = CARTESIAN_POINT('',(1.,0.));
#74 = VECTOR('',#75,1.);
#75 = DIRECTION('',(0.,1.));
#76 = ( GEOMETRIC_REPRESENTATION_CONTEXT(2) 
PARAMETRIC_REPRESENTATION_CONTEXT() REPRESENTATION_CONTEXT('2D SPACE',''
  ) );
#77 = PCURVE('',#78,#89);
#78 = ( BOUNDED_SURFACE() B_SPLINE_SURFACE(1,4,(
    (#79,#80,#81,#82,#83)
    ,(#84,#85,#86,#87,#88
)),.UNSPECIFIED.,.F.,.F.,.F.) B_SPLINE_SURFACE_WITH_KNOTS((2,2),(5,5),(
    1.,2.),(0.,1.),.PIECEWISE_BEZIER_KNOTS.) 
GEOMETRIC_REPRESENTATION_ITEM() RATIONAL_B_SPLINE_SURFACE((
    (1.,1.,1.,1.,1.)
,(1.,1.,1.,1.,1.))) REPRESENTATION_ITEM('') SURFACE() );
#79 = CARTESIAN_POINT('',(62.328,-15.6,-74.));
#80 = CARTESIAN_POINT('',(102.22071219216,-25.58469885441,
    -60.03958320127));
#81 = CARTESIAN_POINT('',(128.16875472966,-32.07920314758,-3.34180849483
    ));
#82 = CARTESIAN_POINT('',(101.99365886988,-25.52786995203,
    50.515794914387));
#83 = CARTESIAN_POINT('',(68.5608,-17.16,74.));
#84 = CARTESIAN_POINT('',(72.,-5.928,-74.));
#85 = CARTESIAN_POINT('',(118.0832254819,-9.722185564677,-60.03958320127
    ));
#86 = CARTESIAN_POINT('',(148.05786068117,-12.19009719608,-3.34180849483
    ));
#87 = CARTESIAN_POINT('',(117.82093824014,-9.700590581772,
    50.515794914387));
#88 = CARTESIAN_POINT('',(79.2,-6.5208,74.));
#89 = DEFINITIONAL_REPRESENTATION('',(#90),#94);
#90 = LINE('',#91,#92);
#91 = CARTESIAN_POINT('',(1.,0.));
#92 = VECTOR('',#93,1.);
#93 = DIRECTION('',(0.,1.));
#94 = ( GEOMETRIC_REPRESENTATION_CONTEXT(2) 
PARAMETRIC_REPRESENTATION_CONTEXT() REPRESENTATION_CONTEXT('2D SPACE',''
  ) );
#95 = ORIENTED_EDGE('',*,*,#96,.F.);
#96 = EDGE_CURVE('',#97,#61,#99,.T.);
#97 = VERTEX_POINT('',#98);
#98 = CARTESIAN_POINT('',(-68.5608,-17.16,74.));
#99 = SURFACE_CURVE('',#100,(#103,#110),.PCURVE_S1.);
#100 = B_SPLINE_CURVE_WITH_KNOTS('',1,(#101,#102),.UNSPECIFIED.,.F.,.F.,
  (2,2),(0.,1.),.PIECEWISE_BEZIER_KNOTS.);
#101 = CARTESIAN_POINT('',(-68.5608,-17.16,74.));
#102 = CARTESIAN_POINT('',(68.5608,-17.16,74.));
#103 = PCURVE('',#31,#104);
#104 = DEFINITIONAL_REPRESENTATION('',(#105),#109);
#105 = LINE('',#106,#107);
#106 = CARTESIAN_POINT('',(0.,1.));
#107 = VECTOR('',#108,1.);
#108 = DIRECTION('',(1.,0.));
#109 = ( GEOMETRIC_REPRESENTATION_CONTEXT(2) 
PARAMETRIC_REPRESENTATION_CONTEXT() REPRESENTATION_CONTEXT('2D SPACE',''
  ) );
#110 = PCURVE('',#111,#116);
#111 = PLANE('',#112);
#112 = AXIS2_PLACEMENT_3D('',#113,#114,#115);
#113 = CARTESIAN_POINT('',(-68.5608,-17.16,74.));
#114 = DIRECTION('',(0.,0.,1.));
#115 = DIRECTION('',(0.987399866564,0.158245074202,-0.));
#116 = DEFINITIONAL_REPRESENTATION('',(#117),#120);
#117 = B_SPLINE_CURVE_WITH_KNOTS('',1,(#118,#119),.UNSPECIFIED.,.F.,.F.,
  (2,2),(0.,1.),.PIECEWISE_BEZIER_KNOTS.);
#118 = CARTESIAN_POINT('',(0.,0.));
#119 = CARTESIAN_POINT('',(135.39384954305,-21.69881776668));
#120 = ( GEOMETRIC_REPRESENTATION_CONTEXT(2) 
PARAMETRIC_REPRESENTATION_CONTEXT() REPRESENTATION_CONTEXT('2D SPACE',''
  ) );
#121 = ORIENTED_EDGE('',*,*,#122,.F.);
#122 = EDGE_CURVE('',#22,#97,#123,.T.);
#123 = SURFACE_CURVE('',#124,(#130,#137),.PCURVE_S1.);
#124 = ( BOUNDED_CURVE() B_SPLINE_CURVE(4,(#125,#126,#127,#128,#129),
.UNSPECIFIED.,.F.,.F.) B_SPLINE_CURVE_WITH_KNOTS((5,5),(0.,1.),
.PIECEWISE_BEZIER_KNOTS.) CURVE() GEOMETRIC_REPRESENTATION_ITEM() 
RATIONAL_B_SPLINE_CURVE((1.,1.,1.,1.,1.)) REPRESENTATION_ITEM('') );
#125 = CARTESIAN_POINT('',(-62.328,-15.6,-74.));
#126 = CARTESIAN_POINT('',(-102.2207121921,-25.58469885441,
    -60.03958320127));
#127 = CARTESIAN_POINT('',(-128.1687547296,-32.07920314758,
    -3.34180849483));
#128 = CARTESIAN_POINT('',(-101.9936588698,-25.52786995203,
    50.515794914387));
#129 = CARTESIAN_POINT('',(-68.5608,-17.16,74.));
#130 = PCURVE('',#31,#131);
#131 = DEFINITIONAL_REPRESENTATION('',(#132),#136);
#132 = LINE('',#133,#134);
#133 = CARTESIAN_POINT('',(0.,0.));
#134 = VECTOR('',#135,1.);
#135 = DIRECTION('',(0.,1.));
#136 = ( GEOMETRIC_REPRESENTATION_CONTEXT(2) 
PARAMETRIC_REPRESENTATION_CONTEXT() REPRESENTATION_CONTEXT('2D SPACE',''
  ) );
#137 = PCURVE('',#138,#149);
#138 = ( BOUNDED_SURFACE() B_SPLINE_SURFACE(1,4,(
    (#139,#140,#141,#142,#143)
    ,(#144,#145,#146,#147,#148
)),.UNSPECIFIED.,.F.,.F.,.F.) B_SPLINE_SURFACE_WITH_KNOTS((2,2),(5,5),(
    7.,8.),(0.,1.),.PIECEWISE_BEZIER_KNOTS.) 
GEOMETRIC_REPRESENTATION_ITEM() RATIONAL_B_SPLINE_SURFACE((
    (1.,1.,1.,1.,1.)
,(1.,1.,1.,1.,1.))) REPRESENTATION_ITEM('') SURFACE() );
#139 = CARTESIAN_POINT('',(-72.,-5.928,-74.));
#140 = CARTESIAN_POINT('',(-118.0832254819,-9.722185564677,
    -60.03958320127));
#141 = CARTESIAN_POINT('',(-148.0578606811,-12.19009719608,
    -3.34180849483));
#142 = CARTESIAN_POINT('',(-117.8209382401,-9.700590581772,
    50.515794914387));
#143 = CARTESIAN_POINT('',(-79.2,-6.5208,74.));
#144 = CARTESIAN_POINT('',(-62.328,-15.6,-74.));
#145 = CARTESIAN_POINT('',(-102.2207121921,-25.58469885441,
    -60.03958320127));
#146 = CARTESIAN_POINT('',(-128.1687547296,-32.07920314758,
    -3.34180849483));
#147 = CARTESIAN_POINT('',(-101.9936588698,-25.52786995203,
    50.515794914387));
#148 = CARTESIAN_POINT('',(-68.5608,-17.16,74.));
#149 = DEFINITIONAL_REPRESENTATION('',(#150),#154);
#150 = LINE('',#151,#152);
#151 = CARTESIAN_POINT('',(8.,0.));
#152 = VECTOR('',#153,1.);
#153 = DIRECTION('',(0.,1.));
#154 = ( GEOMETRIC_REPRESENTATION_CONTEXT(2) 
PARAMETRIC_REPRESENTATION_CONTEXT() REPRESENTATION_CONTEXT('2D SPACE',''
  ) );
#155 = FACE_BOUND('',#156,.T.);
#156 = EDGE_LOOP('',(#157,#238,#272,#351));
#157 = ORIENTED_EDGE('',*,*,#158,.F.);
#158 = EDGE_CURVE('',#159,#161,#163,.T.);
#159 = VERTEX_POINT('',#160);
#160 = CARTESIAN_POINT('',(-66.,-23.06556627323,49.));
#161 = VERTEX_POINT('',#162);
#162 = CARTESIAN_POINT('',(-66.,-26.11465660723,-25.));
#163 = SURFACE_CURVE('',#164,(#185,#209),.PCURVE_S1.);
#164 = B_SPLINE_CURVE_WITH_KNOTS('',7,(#165,#166,#167,#168,#169,#170,
    #171,#172,#173,#174,#175,#176,#177,#178,#179,#180,#181,#182,#183,
    #184),.UNSPECIFIED.,.F.,.F.,(8,6,6,8),(0.,0.285068143952,
    0.600237407991,1.),.UNSPECIFIED.);
#165 = CARTESIAN_POINT('',(-66.,-23.06556627323,49.));
#166 = CARTESIAN_POINT('',(-66.,-23.54323662774,46.015947412998));
#167 = CARTESIAN_POINT('',(-66.,-23.97687561787,43.024897419437));
#168 = CARTESIAN_POINT('',(-66.,-24.37070564961,40.028197282821));
#169 = CARTESIAN_POINT('',(-66.,-24.72747949378,37.026869050035));
#170 = CARTESIAN_POINT('',(-66.,-25.04931632121,34.021717185705));
#171 = CARTESIAN_POINT('',(-66.,-25.33780297818,31.013340341186));
#172 = CARTESIAN_POINT('',(-66.,-25.87758501492,24.673008864786));
#173 = CARTESIAN_POINT('',(-66.,-26.12172709486,21.340542911181));
#174 = CARTESIAN_POINT('',(-66.,-26.32822321903,18.005405762023));
#175 = CARTESIAN_POINT('',(-66.,-26.49814192946,14.668176978526));
#176 = CARTESIAN_POINT('',(-66.,-26.63215199754,11.329376446678));
#177 = CARTESIAN_POINT('',(-66.,-26.73059363384,7.989468766541));
#178 = CARTESIAN_POINT('',(-66.,-26.87318092446,0.411616057014));
#179 = CARTESIAN_POINT('',(-66.,-26.89565961218,-3.826587393004));
#180 = CARTESIAN_POINT('',(-66.,-26.86086601872,-8.065000976373));
#181 = CARTESIAN_POINT('',(-66.,-26.76788817808,-12.30271612119));
#182 = CARTESIAN_POINT('',(-66.,-26.61484942271,-16.53865511598));
#183 = CARTESIAN_POINT('',(-66.,-26.39881621861,-20.77156917275));
#184 = CARTESIAN_POINT('',(-66.,-26.11465660723,-25.));
#185 = PCURVE('',#31,#186);
#186 = DEFINITIONAL_REPRESENTATION('',(#187),#208);
#187 = B_SPLINE_CURVE_WITH_KNOTS('',7,(#188,#189,#190,#191,#192,#193,
    #194,#195,#196,#197,#198,#199,#200,#201,#202,#203,#204,#205,#206,
    #207),.UNSPECIFIED.,.F.,.F.,(8,6,6,8),(0.,0.285068143952,
    0.600237407991,1.),.UNSPECIFIED.);
#188 = CARTESIAN_POINT('',(0.141910797709,0.80109239124));
#189 = CARTESIAN_POINT('',(0.149326553046,0.781562591704));
#190 = CARTESIAN_POINT('',(0.155700422465,0.762640715581));
#191 = CARTESIAN_POINT('',(0.161247768812,0.744202991933));
#192 = CARTESIAN_POINT('',(0.166096673261,0.726166564978));
#193 = CARTESIAN_POINT('',(0.17034314378,0.708464327858));
#194 = CARTESIAN_POINT('',(0.174056128613,0.691041669114));
#195 = CARTESIAN_POINT('',(0.180862130054,0.65484476195));
#196 = CARTESIAN_POINT('',(0.183848161139,0.636122695698));
#197 = CARTESIAN_POINT('',(0.186317393584,0.617620828539));
#198 = CARTESIAN_POINT('',(0.188315699769,0.599286936273));
#199 = CARTESIAN_POINT('',(0.189873465185,0.581074907654));
#200 = CARTESIAN_POINT('',(0.191010050824,0.562941109473));
#201 = CARTESIAN_POINT('',(0.192650560653,0.521886299776));
#202 = CARTESIAN_POINT('',(0.192902837412,0.498987649592));
#203 = CARTESIAN_POINT('',(0.192506218939,0.476058178257));
#204 = CARTESIAN_POINT('',(0.191449065072,0.453012381449));
#205 = CARTESIAN_POINT('',(0.189691089406,0.429757445735));
#206 = CARTESIAN_POINT('',(0.187162021941,0.406188409333));
#207 = CARTESIAN_POINT('',(0.183720511764,0.382160938532));
#208 = ( GEOMETRIC_REPRESENTATION_CONTEXT(2) 
PARAMETRIC_REPRESENTATION_CONTEXT() REPRESENTATION_CONTEXT('2D SPACE',''
  ) );
#209 = PCURVE('',#210,#215);
#210 = PLANE('',#211);
#211 = AXIS2_PLACEMENT_3D('',#212,#213,#214);
#212 = CARTESIAN_POINT('',(-66.,-100.,-25.));
#213 = DIRECTION('',(1.,0.,0.));
#214 = DIRECTION('',(0.,0.,1.));
#215 = DEFINITIONAL_REPRESENTATION('',(#216),#237);
#216 = B_SPLINE_CURVE_WITH_KNOTS('',7,(#217,#218,#219,#220,#221,#222,
    #223,#224,#225,#226,#227,#228,#229,#230,#231,#232,#233,#234,#235,
    #236),.UNSPECIFIED.,.F.,.F.,(8,6,6,8),(0.,0.285068143952,
    0.600237407991,1.),.UNSPECIFIED.);
#217 = CARTESIAN_POINT('',(74.,-76.93443372676));
#218 = CARTESIAN_POINT('',(71.015947412998,-76.45676337225));
#219 = CARTESIAN_POINT('',(68.024897419437,-76.02312438212));
#220 = CARTESIAN_POINT('',(65.028197282821,-75.62929435038));
#221 = CARTESIAN_POINT('',(62.026869050035,-75.27252050621));
#222 = CARTESIAN_POINT('',(59.021717185705,-74.95068367878));
#223 = CARTESIAN_POINT('',(56.013340341186,-74.66219702181));
#224 = CARTESIAN_POINT('',(49.673008864786,-74.12241498507));
#225 = CARTESIAN_POINT('',(46.340542911181,-73.87827290513));
#226 = CARTESIAN_POINT('',(43.005405762023,-73.67177678096));
#227 = CARTESIAN_POINT('',(39.668176978526,-73.50185807053));
#228 = CARTESIAN_POINT('',(36.329376446678,-73.36784800245));
#229 = CARTESIAN_POINT('',(32.989468766541,-73.26940636615));
#230 = CARTESIAN_POINT('',(25.411616057014,-73.12681907553));
#231 = CARTESIAN_POINT('',(21.173412606996,-73.10434038781));
#232 = CARTESIAN_POINT('',(16.934999023627,-73.13913398127));
#233 = CARTESIAN_POINT('',(12.697283878804,-73.23211182191));
#234 = CARTESIAN_POINT('',(8.461344884017,-73.38515057728));
#235 = CARTESIAN_POINT('',(4.228430827245,-73.60118378138));
#236 = CARTESIAN_POINT('',(0.,-73.88534339277));
#237 = ( GEOMETRIC_REPRESENTATION_CONTEXT(2) 
PARAMETRIC_REPRESENTATION_CONTEXT() REPRESENTATION_CONTEXT('2D SPACE',''
  ) );
#238 = ORIENTED_EDGE('',*,*,#239,.F.);
#239 = EDGE_CURVE('',#240,#159,#242,.T.);
#240 = VERTEX_POINT('',#241);
#241 = CARTESIAN_POINT('',(66.,-23.06556627323,49.));
#242 = SURFACE_CURVE('',#243,(#249,#258),.PCURVE_S1.);
#243 = B_SPLINE_CURVE_WITH_KNOTS('',4,(#244,#245,#246,#247,#248),
  .UNSPECIFIED.,.F.,.F.,(5,5),(0.,1.),.PIECEWISE_BEZIER_KNOTS.);
#244 = CARTESIAN_POINT('',(66.,-23.06556627323,49.));
#245 = CARTESIAN_POINT('',(33.,-23.06556627323,49.));
#246 = CARTESIAN_POINT('',(4.405364961713E-13,-23.06556627323,49.));
#247 = CARTESIAN_POINT('',(-33.,-23.06556627323,49.));
#248 = CARTESIAN_POINT('',(-66.,-23.06556627323,49.));
#249 = PCURVE('',#31,#250);
#250 = DEFINITIONAL_REPRESENTATION('',(#251),#257);
#251 = B_SPLINE_CURVE_WITH_KNOTS('',4,(#252,#253,#254,#255,#256),
  .UNSPECIFIED.,.F.,.F.,(5,5),(0.,1.),.PIECEWISE_BEZIER_KNOTS.);
#252 = CARTESIAN_POINT('',(0.858089202291,0.80109239124));
#253 = CARTESIAN_POINT('',(0.679044601146,0.80109239124));
#254 = CARTESIAN_POINT('',(0.5,0.80109239124));
#255 = CARTESIAN_POINT('',(0.320955398854,0.80109239124));
#256 = CARTESIAN_POINT('',(0.141910797709,0.80109239124));
#257 = ( GEOMETRIC_REPRESENTATION_CONTEXT(2) 
PARAMETRIC_REPRESENTATION_CONTEXT() REPRESENTATION_CONTEXT('2D SPACE',''
  ) );
#258 = PCURVE('',#259,#264);
#259 = PLANE('',#260);
#260 = AXIS2_PLACEMENT_3D('',#261,#262,#263);
#261 = CARTESIAN_POINT('',(-66.,-100.,49.));
#262 = DIRECTION('',(0.,0.,1.));
#263 = DIRECTION('',(1.,0.,0.));
#264 = DEFINITIONAL_REPRESENTATION('',(#265),#271);
#265 = B_SPLINE_CURVE_WITH_KNOTS('',4,(#266,#267,#268,#269,#270),
  .UNSPECIFIED.,.F.,.F.,(5,5),(0.,1.),.PIECEWISE_BEZIER_KNOTS.);
#266 = CARTESIAN_POINT('',(132.,76.934433726762));
#267 = CARTESIAN_POINT('',(99.,76.934433726762));
#268 = CARTESIAN_POINT('',(66.,76.934433726762));
#269 = CARTESIAN_POINT('',(33.,76.934433726762));
#270 = CARTESIAN_POINT('',(0.,76.934433726762));
#271 = ( GEOMETRIC_REPRESENTATION_CONTEXT(2) 
PARAMETRIC_REPRESENTATION_CONTEXT() REPRESENTATION_CONTEXT('2D SPACE',''
  ) );
#272 = ORIENTED_EDGE('',*,*,#273,.F.);
#273 = EDGE_CURVE('',#274,#240,#276,.T.);
#274 = VERTEX_POINT('',#275);
#275 = CARTESIAN_POINT('',(66.,-26.11465660723,-25.));
#276 = SURFACE_CURVE('',#277,(#298,#322),.PCURVE_S1.);
#277 = B_SPLINE_CURVE_WITH_KNOTS('',7,(#278,#279,#280,#281,#282,#283,
    #284,#285,#286,#287,#288,#289,#290,#291,#292,#293,#294,#295,#296,
    #297),.UNSPECIFIED.,.F.,.F.,(8,6,6,8),(0.,0.400717821811,
    0.71343310867,1.),.UNSPECIFIED.);
#278 = CARTESIAN_POINT('',(66.,-26.11465660723,-25.));
#279 = CARTESIAN_POINT('',(66.,-26.39949522451,-20.76146524049));
#280 = CARTESIAN_POINT('',(66.,-26.61588143646,-16.51842639704));
#281 = CARTESIAN_POINT('',(66.,-26.76898410211,-12.27235145072));
#282 = CARTESIAN_POINT('',(66.,-26.8617526926,-8.024497385128));
#283 = CARTESIAN_POINT('',(66.,-26.89607195927,-3.775949009936));
#284 = CARTESIAN_POINT('',(66.,-26.87285373569,0.472379099951));
#285 = CARTESIAN_POINT('',(66.,-26.72910058702,8.034318657751));
#286 = CARTESIAN_POINT('',(66.,-26.63105846289,11.348208435394));
#287 = CARTESIAN_POINT('',(66.,-26.49799548935,14.661004454216));
#288 = CARTESIAN_POINT('',(66.,-26.32957812159,17.972252621705));
#289 = CARTESIAN_POINT('',(66.,-26.12515374878,21.281445355523));
#290 = CARTESIAN_POINT('',(66.,-25.88368240768,24.588017388328));
#291 = CARTESIAN_POINT('',(66.,-25.34688940351,30.918440404208));
#292 = CARTESIAN_POINT('',(66.,-25.05776685402,33.942718694341));
#293 = CARTESIAN_POINT('',(66.,-24.73497627876,36.963751271913));
#294 = CARTESIAN_POINT('',(66.,-24.37691385004,39.980932423579));
#295 = CARTESIAN_POINT('',(66.,-23.98143402115,42.99344702279));
#296 = CARTESIAN_POINT('',(66.,-23.54574797433,46.000258789653));
#297 = CARTESIAN_POINT('',(66.,-23.06556627323,49.));
#298 = PCURVE('',#31,#299);
#299 = DEFINITIONAL_REPRESENTATION('',(#300),#321);
#300 = B_SPLINE_CURVE_WITH_KNOTS('',7,(#301,#302,#303,#304,#305,#306,
    #307,#308,#309,#310,#311,#312,#313,#314,#315,#316,#317,#318,#319,
    #320),.UNSPECIFIED.,.F.,.F.,(8,6,6,8),(0.,0.400717821811,
    0.71343310867,1.),.UNSPECIFIED.);
#301 = CARTESIAN_POINT('',(0.816279488236,0.382160938532));
#302 = CARTESIAN_POINT('',(0.812829754492,0.406245823524));
#303 = CARTESIAN_POINT('',(0.810296829329,0.429870077422));
#304 = CARTESIAN_POINT('',(0.808538347713,0.453179074611));
#305 = CARTESIAN_POINT('',(0.807483698798,0.47627844074));
#306 = CARTESIAN_POINT('',(0.807092463054,0.499261591602));
#307 = CARTESIAN_POINT('',(0.807353111568,0.522214594989));
#308 = CARTESIAN_POINT('',(0.809007200444,0.563184812502));
#309 = CARTESIAN_POINT('',(0.810139320848,0.581178432031));
#310 = CARTESIAN_POINT('',(0.811686282812,0.599249387548));
#311 = CARTESIAN_POINT('',(0.813667040207,0.61744031836));
#312 = CARTESIAN_POINT('',(0.816111265529,0.635796281853));
#313 = CARTESIAN_POINT('',(0.819063629991,0.654368244333));
#314 = CARTESIAN_POINT('',(0.825826966168,0.69049219048));
#315 = CARTESIAN_POINT('',(0.829545397773,0.707999077023));
#316 = CARTESIAN_POINT('',(0.83380146628,0.72578732867));
#317 = CARTESIAN_POINT('',(0.838664809515,0.743912231016));
#318 = CARTESIAN_POINT('',(0.844232585684,0.762441772871));
#319 = CARTESIAN_POINT('',(0.850634458703,0.781459914));
#320 = CARTESIAN_POINT('',(0.858089202291,0.80109239124));
#321 = ( GEOMETRIC_REPRESENTATION_CONTEXT(2) 
PARAMETRIC_REPRESENTATION_CONTEXT() REPRESENTATION_CONTEXT('2D SPACE',''
  ) );
#322 = PCURVE('',#323,#328);
#323 = PLANE('',#324);
#324 = AXIS2_PLACEMENT_3D('',#325,#326,#327);
#325 = CARTESIAN_POINT('',(66.,-100.,-25.));
#326 = DIRECTION('',(1.,0.,0.));
#327 = DIRECTION('',(0.,0.,1.));
#328 = DEFINITIONAL_REPRESENTATION('',(#329),#350);
#329 = B_SPLINE_CURVE_WITH_KNOTS('',7,(#330,#331,#332,#333,#334,#335,
    #336,#337,#338,#339,#340,#341,#342,#343,#344,#345,#346,#347,#348,
    #349),.UNSPECIFIED.,.F.,.F.,(8,6,6,8),(0.,0.400717821811,
    0.71343310867,1.),.UNSPECIFIED.);
#330 = CARTESIAN_POINT('',(0.,-73.88534339277));
#331 = CARTESIAN_POINT('',(4.238534759507,-73.60050477548));
#332 = CARTESIAN_POINT('',(8.481573602958,-73.38411856353));
#333 = CARTESIAN_POINT('',(12.727648549279,-73.23101589788));
#334 = CARTESIAN_POINT('',(16.975502614872,-73.13824730739));
#335 = CARTESIAN_POINT('',(21.224050990064,-73.10392804072));
#336 = CARTESIAN_POINT('',(25.472379099951,-73.12714626431));
#337 = CARTESIAN_POINT('',(33.034318657751,-73.27089941297));
#338 = CARTESIAN_POINT('',(36.348208435394,-73.3689415371));
#339 = CARTESIAN_POINT('',(39.661004454216,-73.50200451064));
#340 = CARTESIAN_POINT('',(42.972252621705,-73.67042187841));
#341 = CARTESIAN_POINT('',(46.281445355523,-73.87484625121));
#342 = CARTESIAN_POINT('',(49.588017388328,-74.11631759231));
#343 = CARTESIAN_POINT('',(55.918440404208,-74.65311059648));
#344 = CARTESIAN_POINT('',(58.942718694341,-74.94223314597));
#345 = CARTESIAN_POINT('',(61.963751271913,-75.26502372123));
#346 = CARTESIAN_POINT('',(64.980932423579,-75.62308614995));
#347 = CARTESIAN_POINT('',(67.99344702279,-76.01856597884));
#348 = CARTESIAN_POINT('',(71.000258789653,-76.45425202566));
#349 = CARTESIAN_POINT('',(74.,-76.93443372676));
#350 = ( GEOMETRIC_REPRESENTATION_CONTEXT(2) 
PARAMETRIC_REPRESENTATION_CONTEXT() REPRESENTATION_CONTEXT('2D SPACE',''
  ) );
#351 = ORIENTED_EDGE('',*,*,#352,.T.);
#352 = EDGE_CURVE('',#274,#161,#353,.T.);
#353 = SURFACE_CURVE('',#354,(#360,#369),.PCURVE_S1.);
#354 = B_SPLINE_CURVE_WITH_KNOTS('',4,(#355,#356,#357,#358,#359),
  .UNSPECIFIED.,.F.,.F.,(5,5),(0.,1.),.PIECEWISE_BEZIER_KNOTS.);
#355 = CARTESIAN_POINT('',(66.,-26.11465660723,-25.));
#356 = CARTESIAN_POINT('',(33.,-26.11465660723,-25.));
#357 = CARTESIAN_POINT('',(9.947598300641E-14,-26.11465660723,-25.));
#358 = CARTESIAN_POINT('',(-33.,-26.11465660723,-25.));
#359 = CARTESIAN_POINT('',(-66.,-26.11465660723,-25.));
#360 = PCURVE('',#31,#361);
#361 = DEFINITIONAL_REPRESENTATION('',(#362),#368);
#362 = B_SPLINE_CURVE_WITH_KNOTS('',4,(#363,#364,#365,#366,#367),
  .UNSPECIFIED.,.F.,.F.,(5,5),(0.,1.),.PIECEWISE_BEZIER_KNOTS.);
#363 = CARTESIAN_POINT('',(0.816279488236,0.382160938532));
#364 = CARTESIAN_POINT('',(0.658139744118,0.382160938532));
#365 = CARTESIAN_POINT('',(0.5,0.382160938532));
#366 = CARTESIAN_POINT('',(0.341860255882,0.382160938532));
#367 = CARTESIAN_POINT('',(0.183720511764,0.382160938532));
#368 = ( GEOMETRIC_REPRESENTATION_CONTEXT(2) 
PARAMETRIC_REPRESENTATION_CONTEXT() REPRESENTATION_CONTEXT('2D SPACE',''
  ) );
#369 = PCURVE('',#370,#375);
#370 = PLANE('',#371);
#371 = AXIS2_PLACEMENT_3D('',#372,#373,#374);
#372 = CARTESIAN_POINT('',(-66.,-100.,-25.));
#373 = DIRECTION('',(0.,0.,1.));
#374 = DIRECTION('',(1.,0.,0.));
#375 = DEFINITIONAL_REPRESENTATION('',(#376),#382);
#376 = B_SPLINE_CURVE_WITH_KNOTS('',4,(#377,#378,#379,#380,#381),
  .UNSPECIFIED.,.F.,.F.,(5,5),(0.,1.),.PIECEWISE_BEZIER_KNOTS.);
#377 = CARTESIAN_POINT('',(132.,73.88534339277));
#378 = CARTESIAN_POINT('',(99.,73.88534339277));
#379 = CARTESIAN_POINT('',(66.,73.88534339277));
#380 = CARTESIAN_POINT('',(33.,73.88534339277));
#381 = CARTESIAN_POINT('',(0.,73.88534339277));
#382 = ( GEOMETRIC_REPRESENTATION_CONTEXT(2) 
PARAMETRIC_REPRESENTATION_CONTEXT() REPRESENTATION_CONTEXT('2D SPACE',''
  ) );
#383 = ADVANCED_FACE('',(#384),#49,.F.);
#384 = FACE_BOUND('',#385,.F.);
#385 = EDGE_LOOP('',(#386,#407,#408,#429,#461,#487,#519,#551,#583,#615,
    #647,#673));
#386 = ORIENTED_EDGE('',*,*,#387,.T.);
#387 = EDGE_CURVE('',#388,#22,#390,.T.);
#388 = VERTEX_POINT('',#389);
#389 = CARTESIAN_POINT('',(-72.,-5.928,-74.));
#390 = SURFACE_CURVE('',#391,(#394,#400),.PCURVE_S1.);
#391 = B_SPLINE_CURVE_WITH_KNOTS('',1,(#392,#393),.UNSPECIFIED.,.F.,.F.,
  (2,2),(7.,8.),.PIECEWISE_BEZIER_KNOTS.);
#392 = CARTESIAN_POINT('',(-72.,-5.928,-74.));
#393 = CARTESIAN_POINT('',(-62.328,-15.6,-74.));
#394 = PCURVE('',#49,#395);
#395 = DEFINITIONAL_REPRESENTATION('',(#396),#399);
#396 = B_SPLINE_CURVE_WITH_KNOTS('',1,(#397,#398),.UNSPECIFIED.,.F.,.F.,
  (2,2),(7.,8.),.PIECEWISE_BEZIER_KNOTS.);
#397 = CARTESIAN_POINT('',(-8.019585151727,11.080677867089));
#398 = CARTESIAN_POINT('',(0.,0.));
#399 = ( GEOMETRIC_REPRESENTATION_CONTEXT(2) 
PARAMETRIC_REPRESENTATION_CONTEXT() REPRESENTATION_CONTEXT('2D SPACE',''
  ) );
#400 = PCURVE('',#138,#401);
#401 = DEFINITIONAL_REPRESENTATION('',(#402),#406);
#402 = LINE('',#403,#404);
#403 = CARTESIAN_POINT('',(0.,0.));
#404 = VECTOR('',#405,1.);
#405 = DIRECTION('',(1.,0.));
#406 = ( GEOMETRIC_REPRESENTATION_CONTEXT(2) 
PARAMETRIC_REPRESENTATION_CONTEXT() REPRESENTATION_CONTEXT('2D SPACE',''
  ) );
#407 = ORIENTED_EDGE('',*,*,#21,.T.);
#408 = ORIENTED_EDGE('',*,*,#409,.T.);
#409 = EDGE_CURVE('',#24,#410,#412,.T.);
#410 = VERTEX_POINT('',#411);
#411 = CARTESIAN_POINT('',(72.,-5.928,-74.));
#412 = SURFACE_CURVE('',#413,(#416,#422),.PCURVE_S1.);
#413 = B_SPLINE_CURVE_WITH_KNOTS('',1,(#414,#415),.UNSPECIFIED.,.F.,.F.,
  (2,2),(1.,2.),.PIECEWISE_BEZIER_KNOTS.);
#414 = CARTESIAN_POINT('',(62.328,-15.6,-74.));
#415 = CARTESIAN_POINT('',(72.,-5.928,-74.));
#416 = PCURVE('',#49,#417);
#417 = DEFINITIONAL_REPRESENTATION('',(#418),#421);
#418 = B_SPLINE_CURVE_WITH_KNOTS('',1,(#419,#420),.UNSPECIFIED.,.F.,.F.,
  (2,2),(1.,2.),.PIECEWISE_BEZIER_KNOTS.);
#419 = CARTESIAN_POINT('',(123.08531776641,-19.72619796971));
#420 = CARTESIAN_POINT('',(134.1659956335,-11.70661281798));
#421 = ( GEOMETRIC_REPRESENTATION_CONTEXT(2) 
PARAMETRIC_REPRESENTATION_CONTEXT() REPRESENTATION_CONTEXT('2D SPACE',''
  ) );
#422 = PCURVE('',#78,#423);
#423 = DEFINITIONAL_REPRESENTATION('',(#424),#428);
#424 = LINE('',#425,#426);
#425 = CARTESIAN_POINT('',(0.,0.));
#426 = VECTOR('',#427,1.);
#427 = DIRECTION('',(1.,0.));
#428 = ( GEOMETRIC_REPRESENTATION_CONTEXT(2) 
PARAMETRIC_REPRESENTATION_CONTEXT() REPRESENTATION_CONTEXT('2D SPACE',''
  ) );
#429 = ORIENTED_EDGE('',*,*,#430,.T.);
#430 = EDGE_CURVE('',#410,#431,#433,.T.);
#431 = VERTEX_POINT('',#432);
#432 = CARTESIAN_POINT('',(72.,0.,-74.));
#433 = SURFACE_CURVE('',#434,(#437,#443),.PCURVE_S1.);
#434 = B_SPLINE_CURVE_WITH_KNOTS('',1,(#435,#436),.UNSPECIFIED.,.F.,.F.,
  (2,2),(2.,3.),.PIECEWISE_BEZIER_KNOTS.);
#435 = CARTESIAN_POINT('',(72.,-5.928,-74.));
#436 = CARTESIAN_POINT('',(72.,5.928,-74.));
#437 = PCURVE('',#49,#438);
#438 = DEFINITIONAL_REPRESENTATION('',(#439),#442);
#439 = B_SPLINE_CURVE_WITH_KNOTS('',1,(#440,#441),.UNSPECIFIED.,.F.,.F.,
  (2,2),(2.,3.),.PIECEWISE_BEZIER_KNOTS.);
#440 = CARTESIAN_POINT('',(134.1659956335,-11.70661281798));
#441 = CARTESIAN_POINT('',(136.04214923324,-1.7763568394E-15));
#442 = ( GEOMETRIC_REPRESENTATION_CONTEXT(2) 
PARAMETRIC_REPRESENTATION_CONTEXT() REPRESENTATION_CONTEXT('2D SPACE',''
  ) );
#443 = PCURVE('',#444,#455);
#444 = ( BOUNDED_SURFACE() B_SPLINE_SURFACE(1,4,(
    (#445,#446,#447,#448,#449)
    ,(#450,#451,#452,#453,#454
)),.UNSPECIFIED.,.F.,.F.,.F.) B_SPLINE_SURFACE_WITH_KNOTS((2,2),(5,5),(
    2.,3.),(0.,1.),.PIECEWISE_BEZIER_KNOTS.) 
GEOMETRIC_REPRESENTATION_ITEM() RATIONAL_B_SPLINE_SURFACE((
    (1.,1.,1.,1.,1.)
,(1.,1.,1.,1.,1.))) REPRESENTATION_ITEM('') SURFACE() );
#445 = CARTESIAN_POINT('',(72.,-5.928,-74.));
#446 = CARTESIAN_POINT('',(118.0832254819,-9.722185564677,
    -60.03958320127));
#447 = CARTESIAN_POINT('',(148.05786068117,-12.19009719608,
    -3.34180849483));
#448 = CARTESIAN_POINT('',(117.82093824014,-9.700590581772,
    50.515794914387));
#449 = CARTESIAN_POINT('',(79.2,-6.5208,74.));
#450 = CARTESIAN_POINT('',(72.,5.928,-74.));
#451 = CARTESIAN_POINT('',(118.0832254819,9.722185564677,-60.03958320127
    ));
#452 = CARTESIAN_POINT('',(148.05786068117,12.190097196083,
    -3.34180849483));
#453 = CARTESIAN_POINT('',(117.82093824014,9.700590581772,
    50.515794914387));
#454 = CARTESIAN_POINT('',(79.2,6.5208,74.));
#455 = DEFINITIONAL_REPRESENTATION('',(#456),#460);
#456 = LINE('',#457,#458);
#457 = CARTESIAN_POINT('',(0.,0.));
#458 = VECTOR('',#459,1.);
#459 = DIRECTION('',(1.,0.));
#460 = ( GEOMETRIC_REPRESENTATION_CONTEXT(2) 
PARAMETRIC_REPRESENTATION_CONTEXT() REPRESENTATION_CONTEXT('2D SPACE',''
  ) );
#461 = ORIENTED_EDGE('',*,*,#462,.T.);
#462 = EDGE_CURVE('',#431,#463,#465,.T.);
#463 = VERTEX_POINT('',#464);
#464 = CARTESIAN_POINT('',(69.,0.,-74.));
#465 = SURFACE_CURVE('',#466,(#470,#476),.PCURVE_S1.);
#466 = LINE('',#467,#468);
#467 = CARTESIAN_POINT('',(-151.164,0.,-74.));
#468 = VECTOR('',#469,1.);
#469 = DIRECTION('',(-1.,0.,0.));
#470 = PCURVE('',#49,#471);
#471 = DEFINITIONAL_REPRESENTATION('',(#472),#475);
#472 = B_SPLINE_CURVE_WITH_KNOTS('',1,(#473,#474),.UNSPECIFIED.,.F.,.F.,
  (2,2),(-224.1140475254,-78.21395247454),.PIECEWISE_BEZIER_KNOTS.);
#473 = CARTESIAN_POINT('',(136.04214923324,-6.003646750154));
#474 = CARTESIAN_POINT('',(-8.019585151727,17.084324617243));
#475 = ( GEOMETRIC_REPRESENTATION_CONTEXT(2) 
PARAMETRIC_REPRESENTATION_CONTEXT() REPRESENTATION_CONTEXT('2D SPACE',''
  ) );
#476 = PCURVE('',#477,#482);
#477 = PLANE('',#478);
#478 = AXIS2_PLACEMENT_3D('',#479,#480,#481);
#479 = CARTESIAN_POINT('',(-240.,0.,-88.8));
#480 = DIRECTION('',(0.,1.,0.));
#481 = DIRECTION('',(0.,0.,1.));
#482 = DEFINITIONAL_REPRESENTATION('',(#483),#486);
#483 = B_SPLINE_CURVE_WITH_KNOTS('',1,(#484,#485),.UNSPECIFIED.,.F.,.F.,
  (2,2),(-224.1140475254,-78.21395247454),.PIECEWISE_BEZIER_KNOTS.);
#484 = CARTESIAN_POINT('',(14.8,312.95004752546));
#485 = CARTESIAN_POINT('',(14.8,167.04995247454));
#486 = ( GEOMETRIC_REPRESENTATION_CONTEXT(2) 
PARAMETRIC_REPRESENTATION_CONTEXT() REPRESENTATION_CONTEXT('2D SPACE',''
  ) );
#487 = ORIENTED_EDGE('',*,*,#488,.F.);
#488 = EDGE_CURVE('',#489,#463,#491,.T.);
#489 = VERTEX_POINT('',#490);
#490 = CARTESIAN_POINT('',(69.,-4.788,-74.));
#491 = SURFACE_CURVE('',#492,(#495,#501),.PCURVE_S1.);
#492 = B_SPLINE_CURVE_WITH_KNOTS('',1,(#493,#494),.UNSPECIFIED.,.F.,.F.,
  (2,2),(2.,3.),.PIECEWISE_BEZIER_KNOTS.);
#493 = CARTESIAN_POINT('',(69.,-4.788,-74.));
#494 = CARTESIAN_POINT('',(69.,4.788,-74.));
#495 = PCURVE('',#49,#496);
#496 = DEFINITIONAL_REPRESENTATION('',(#497),#500);
#497 = B_SPLINE_CURVE_WITH_KNOTS('',1,(#498,#499),.UNSPECIFIED.,.F.,.F.,
  (2,2),(2.,3.),.PIECEWISE_BEZIER_KNOTS.);
#498 = CARTESIAN_POINT('',(131.3841954184,-10.10624174749));
#499 = CARTESIAN_POINT('',(132.89955024896,-0.650900625277));
#500 = ( GEOMETRIC_REPRESENTATION_CONTEXT(2) 
PARAMETRIC_REPRESENTATION_CONTEXT() REPRESENTATION_CONTEXT('2D SPACE',''
  ) );
#501 = PCURVE('',#502,#513);
#502 = ( BOUNDED_SURFACE() B_SPLINE_SURFACE(1,4,(
    (#503,#504,#505,#506,#507)
    ,(#508,#509,#510,#511,#512
)),.UNSPECIFIED.,.F.,.F.,.F.) B_SPLINE_SURFACE_WITH_KNOTS((2,2),(5,5),(
    2.,3.),(0.,1.),.PIECEWISE_BEZIER_KNOTS.) 
GEOMETRIC_REPRESENTATION_ITEM() RATIONAL_B_SPLINE_SURFACE((
    (1.,1.,1.,1.,1.)
,(1.,1.,1.,1.,1.))) REPRESENTATION_ITEM('') SURFACE() );
#503 = CARTESIAN_POINT('',(69.,-4.788,-74.));
#504 = CARTESIAN_POINT('',(115.0832254819,-8.582185564677,
    -60.03958320127));
#505 = CARTESIAN_POINT('',(145.05786068117,-11.05009719608,
    -3.34180849483));
#506 = CARTESIAN_POINT('',(114.82093824014,-8.560590581772,
    50.515794914387));
#507 = CARTESIAN_POINT('',(76.2,-5.3808,74.));
#508 = CARTESIAN_POINT('',(69.,4.788,-74.));
#509 = CARTESIAN_POINT('',(115.0832254819,8.582185564677,-60.03958320127
    ));
#510 = CARTESIAN_POINT('',(145.05786068117,11.050097196083,
    -3.34180849483));
#511 = CARTESIAN_POINT('',(114.82093824014,8.560590581772,
    50.515794914387));
#512 = CARTESIAN_POINT('',(76.2,5.3808,74.));
#513 = DEFINITIONAL_REPRESENTATION('',(#514),#518);
#514 = LINE('',#515,#516);
#515 = CARTESIAN_POINT('',(0.,0.));
#516 = VECTOR('',#517,1.);
#517 = DIRECTION('',(1.,0.));
#518 = ( GEOMETRIC_REPRESENTATION_CONTEXT(2) 
PARAMETRIC_REPRESENTATION_CONTEXT() REPRESENTATION_CONTEXT('2D SPACE',''
  ) );
#519 = ORIENTED_EDGE('',*,*,#520,.F.);
#520 = EDGE_CURVE('',#521,#489,#523,.T.);
#521 = VERTEX_POINT('',#522);
#522 = CARTESIAN_POINT('',(61.188,-12.6,-74.));
#523 = SURFACE_CURVE('',#524,(#527,#533),.PCURVE_S1.);
#524 = B_SPLINE_CURVE_WITH_KNOTS('',1,(#525,#526),.UNSPECIFIED.,.F.,.F.,
  (2,2),(1.,2.),.PIECEWISE_BEZIER_KNOTS.);
#525 = CARTESIAN_POINT('',(61.188,-12.6,-74.));
#526 = CARTESIAN_POINT('',(69.,-4.788,-74.));
#527 = PCURVE('',#49,#528);
#528 = DEFINITIONAL_REPRESENTATION('',(#529),#532);
#529 = B_SPLINE_CURVE_WITH_KNOTS('',1,(#530,#531),.UNSPECIFIED.,.F.,.F.,
  (2,2),(1.,2.),.PIECEWISE_BEZIER_KNOTS.);
#530 = CARTESIAN_POINT('',(122.43441714113,-16.58359898542));
#531 = CARTESIAN_POINT('',(131.3841954184,-10.10624174749));
#532 = ( GEOMETRIC_REPRESENTATION_CONTEXT(2) 
PARAMETRIC_REPRESENTATION_CONTEXT() REPRESENTATION_CONTEXT('2D SPACE',''
  ) );
#533 = PCURVE('',#534,#545);
#534 = ( BOUNDED_SURFACE() B_SPLINE_SURFACE(1,4,(
    (#535,#536,#537,#538,#539)
    ,(#540,#541,#542,#543,#544
)),.UNSPECIFIED.,.F.,.F.,.F.) B_SPLINE_SURFACE_WITH_KNOTS((2,2),(5,5),(
    1.,2.),(0.,1.),.PIECEWISE_BEZIER_KNOTS.) 
GEOMETRIC_REPRESENTATION_ITEM() RATIONAL_B_SPLINE_SURFACE((
    (1.,1.,1.,1.,1.)
,(1.,1.,1.,1.,1.))) REPRESENTATION_ITEM('') SURFACE() );
#535 = CARTESIAN_POINT('',(61.188,-12.6,-74.));
#536 = CARTESIAN_POINT('',(101.08071219216,-22.58469885441,
    -60.03958320127));
#537 = CARTESIAN_POINT('',(127.02875472966,-29.07920314758,
    -3.34180849483));
#538 = CARTESIAN_POINT('',(100.85365886988,-22.52786995203,
    50.515794914387));
#539 = CARTESIAN_POINT('',(67.4208,-14.16,74.));
#540 = CARTESIAN_POINT('',(69.,-4.788,-74.));
#541 = CARTESIAN_POINT('',(115.0832254819,-8.582185564677,
    -60.03958320127));
#542 = CARTESIAN_POINT('',(145.05786068117,-11.05009719608,
    -3.34180849483));
#543 = CARTESIAN_POINT('',(114.82093824014,-8.560590581772,
    50.515794914387));
#544 = CARTESIAN_POINT('',(76.2,-5.3808,74.));
#545 = DEFINITIONAL_REPRESENTATION('',(#546),#550);
#546 = LINE('',#547,#548);
#547 = CARTESIAN_POINT('',(0.,0.));
#548 = VECTOR('',#549,1.);
#549 = DIRECTION('',(1.,0.));
#550 = ( GEOMETRIC_REPRESENTATION_CONTEXT(2) 
PARAMETRIC_REPRESENTATION_CONTEXT() REPRESENTATION_CONTEXT('2D SPACE',''
  ) );
#551 = ORIENTED_EDGE('',*,*,#552,.F.);
#552 = EDGE_CURVE('',#553,#521,#555,.T.);
#553 = VERTEX_POINT('',#554);
#554 = CARTESIAN_POINT('',(-61.188,-12.6,-74.));
#555 = SURFACE_CURVE('',#556,(#559,#565),.PCURVE_S1.);
#556 = B_SPLINE_CURVE_WITH_KNOTS('',1,(#557,#558),.UNSPECIFIED.,.F.,.F.,
  (2,2),(0.,1.),.PIECEWISE_BEZIER_KNOTS.);
#557 = CARTESIAN_POINT('',(-61.188,-12.6,-74.));
#558 = CARTESIAN_POINT('',(61.188,-12.6,-74.));
#559 = PCURVE('',#49,#560);
#560 = DEFINITIONAL_REPRESENTATION('',(#561),#564);
#561 = B_SPLINE_CURVE_WITH_KNOTS('',1,(#562,#563),.UNSPECIFIED.,.F.,.F.,
  (2,2),(0.,1.),.PIECEWISE_BEZIER_KNOTS.);
#562 = CARTESIAN_POINT('',(1.600371070489,2.781800215102));
#563 = CARTESIAN_POINT('',(122.43441714113,-16.58359898542));
#564 = ( GEOMETRIC_REPRESENTATION_CONTEXT(2) 
PARAMETRIC_REPRESENTATION_CONTEXT() REPRESENTATION_CONTEXT('2D SPACE',''
  ) );
#565 = PCURVE('',#566,#577);
#566 = ( BOUNDED_SURFACE() B_SPLINE_SURFACE(1,4,(
    (#567,#568,#569,#570,#571)
    ,(#572,#573,#574,#575,#576
)),.UNSPECIFIED.,.F.,.F.,.F.) B_SPLINE_SURFACE_WITH_KNOTS((2,2),(5,5),(
    0.,1.),(0.,1.),.PIECEWISE_BEZIER_KNOTS.) 
GEOMETRIC_REPRESENTATION_ITEM() RATIONAL_B_SPLINE_SURFACE((
    (1.,1.,1.,1.,1.)
,(1.,1.,1.,1.,1.))) REPRESENTATION_ITEM('') SURFACE() );
#567 = CARTESIAN_POINT('',(-61.188,-12.6,-74.));
#568 = CARTESIAN_POINT('',(-101.0807121921,-22.58469885441,
    -60.03958320127));
#569 = CARTESIAN_POINT('',(-127.0287547296,-29.07920314758,
    -3.34180849483));
#570 = CARTESIAN_POINT('',(-100.8536588698,-22.52786995203,
    50.515794914387));
#571 = CARTESIAN_POINT('',(-67.4208,-14.16,74.));
#572 = CARTESIAN_POINT('',(61.188,-12.6,-74.));
#573 = CARTESIAN_POINT('',(101.08071219216,-22.58469885441,
    -60.03958320127));
#574 = CARTESIAN_POINT('',(127.02875472966,-29.07920314758,
    -3.34180849483));
#575 = CARTESIAN_POINT('',(100.85365886988,-22.52786995203,
    50.515794914387));
#576 = CARTESIAN_POINT('',(67.4208,-14.16,74.));
#577 = DEFINITIONAL_REPRESENTATION('',(#578),#582);
#578 = LINE('',#579,#580);
#579 = CARTESIAN_POINT('',(0.,0.));
#580 = VECTOR('',#581,1.);
#581 = DIRECTION('',(1.,0.));
#582 = ( GEOMETRIC_REPRESENTATION_CONTEXT(2) 
PARAMETRIC_REPRESENTATION_CONTEXT() REPRESENTATION_CONTEXT('2D SPACE',''
  ) );
#583 = ORIENTED_EDGE('',*,*,#584,.F.);
#584 = EDGE_CURVE('',#585,#553,#587,.T.);
#585 = VERTEX_POINT('',#586);
#586 = CARTESIAN_POINT('',(-69.,-4.788,-74.));
#587 = SURFACE_CURVE('',#588,(#591,#597),.PCURVE_S1.);
#588 = B_SPLINE_CURVE_WITH_KNOTS('',1,(#589,#590),.UNSPECIFIED.,.F.,.F.,
  (2,2),(7.,8.),.PIECEWISE_BEZIER_KNOTS.);
#589 = CARTESIAN_POINT('',(-69.,-4.788,-74.));
#590 = CARTESIAN_POINT('',(-61.188,-12.6,-74.));
#591 = PCURVE('',#49,#592);
#592 = DEFINITIONAL_REPRESENTATION('',(#593),#596);
#593 = B_SPLINE_CURVE_WITH_KNOTS('',1,(#594,#595),.UNSPECIFIED.,.F.,.F.,
  (2,2),(7.,8.),.PIECEWISE_BEZIER_KNOTS.);
#594 = CARTESIAN_POINT('',(-4.876986167445,11.731578492366));
#595 = CARTESIAN_POINT('',(1.600371070489,2.781800215102));
#596 = ( GEOMETRIC_REPRESENTATION_CONTEXT(2) 
PARAMETRIC_REPRESENTATION_CONTEXT() REPRESENTATION_CONTEXT('2D SPACE',''
  ) );
#597 = PCURVE('',#598,#609);
#598 = ( BOUNDED_SURFACE() B_SPLINE_SURFACE(1,4,(
    (#599,#600,#601,#602,#603)
    ,(#604,#605,#606,#607,#608
)),.UNSPECIFIED.,.F.,.F.,.F.) B_SPLINE_SURFACE_WITH_KNOTS((2,2),(5,5),(
    7.,8.),(0.,1.),.PIECEWISE_BEZIER_KNOTS.) 
GEOMETRIC_REPRESENTATION_ITEM() RATIONAL_B_SPLINE_SURFACE((
    (1.,1.,1.,1.,1.)
,(1.,1.,1.,1.,1.))) REPRESENTATION_ITEM('') SURFACE() );
#599 = CARTESIAN_POINT('',(-69.,-4.788,-74.));
#600 = CARTESIAN_POINT('',(-115.0832254819,-8.582185564677,
    -60.03958320127));
#601 = CARTESIAN_POINT('',(-145.0578606811,-11.05009719608,
    -3.34180849483));
#602 = CARTESIAN_POINT('',(-114.8209382401,-8.560590581772,
    50.515794914387));
#603 = CARTESIAN_POINT('',(-76.2,-5.3808,74.));
#604 = CARTESIAN_POINT('',(-61.188,-12.6,-74.));
#605 = CARTESIAN_POINT('',(-101.0807121921,-22.58469885441,
    -60.03958320127));
#606 = CARTESIAN_POINT('',(-127.0287547296,-29.07920314758,
    -3.34180849483));
#607 = CARTESIAN_POINT('',(-100.8536588698,-22.52786995203,
    50.515794914387));
#608 = CARTESIAN_POINT('',(-67.4208,-14.16,74.));
#609 = DEFINITIONAL_REPRESENTATION('',(#610),#614);
#610 = LINE('',#611,#612);
#611 = CARTESIAN_POINT('',(0.,0.));
#612 = VECTOR('',#613,1.);
#613 = DIRECTION('',(1.,0.));
#614 = ( GEOMETRIC_REPRESENTATION_CONTEXT(2) 
PARAMETRIC_REPRESENTATION_CONTEXT() REPRESENTATION_CONTEXT('2D SPACE',''
  ) );
#615 = ORIENTED_EDGE('',*,*,#616,.F.);
#616 = EDGE_CURVE('',#617,#585,#619,.T.);
#617 = VERTEX_POINT('',#618);
#618 = CARTESIAN_POINT('',(-69.,0.,-74.));
#619 = SURFACE_CURVE('',#620,(#623,#629),.PCURVE_S1.);
#620 = B_SPLINE_CURVE_WITH_KNOTS('',1,(#621,#622),.UNSPECIFIED.,.F.,.F.,
  (2,2),(6.,7.),.PIECEWISE_BEZIER_KNOTS.);
#621 = CARTESIAN_POINT('',(-69.,4.788,-74.));
#622 = CARTESIAN_POINT('',(-69.,-4.788,-74.));
#623 = PCURVE('',#49,#624);
#624 = DEFINITIONAL_REPRESENTATION('',(#625),#628);
#625 = B_SPLINE_CURVE_WITH_KNOTS('',1,(#626,#627),.UNSPECIFIED.,.F.,.F.,
  (2,2),(6.,7.),.PIECEWISE_BEZIER_KNOTS.);
#626 = CARTESIAN_POINT('',(-3.361631336888,21.186919614584));
#627 = CARTESIAN_POINT('',(-4.876986167445,11.731578492366));
#628 = ( GEOMETRIC_REPRESENTATION_CONTEXT(2) 
PARAMETRIC_REPRESENTATION_CONTEXT() REPRESENTATION_CONTEXT('2D SPACE',''
  ) );
#629 = PCURVE('',#630,#641);
#630 = ( BOUNDED_SURFACE() B_SPLINE_SURFACE(1,4,(
    (#631,#632,#633,#634,#635)
    ,(#636,#637,#638,#639,#640
)),.UNSPECIFIED.,.F.,.F.,.F.) B_SPLINE_SURFACE_WITH_KNOTS((2,2),(5,5),(
    6.,7.),(0.,1.),.PIECEWISE_BEZIER_KNOTS.) 
GEOMETRIC_REPRESENTATION_ITEM() RATIONAL_B_SPLINE_SURFACE((
    (1.,1.,1.,1.,1.)
,(1.,1.,1.,1.,1.))) REPRESENTATION_ITEM('') SURFACE() );
#631 = CARTESIAN_POINT('',(-69.,4.788,-74.));
#632 = CARTESIAN_POINT('',(-115.0832254819,8.582185564677,
    -60.03958320127));
#633 = CARTESIAN_POINT('',(-145.0578606811,11.050097196083,
    -3.34180849483));
#634 = CARTESIAN_POINT('',(-114.8209382401,8.560590581772,
    50.515794914387));
#635 = CARTESIAN_POINT('',(-76.2,5.3808,74.));
#636 = CARTESIAN_POINT('',(-69.,-4.788,-74.));
#637 = CARTESIAN_POINT('',(-115.0832254819,-8.582185564677,
    -60.03958320127));
#638 = CARTESIAN_POINT('',(-145.0578606811,-11.05009719608,
    -3.34180849483));
#639 = CARTESIAN_POINT('',(-114.8209382401,-8.560590581772,
    50.515794914387));
#640 = CARTESIAN_POINT('',(-76.2,-5.3808,74.));
#641 = DEFINITIONAL_REPRESENTATION('',(#642),#646);
#642 = LINE('',#643,#644);
#643 = CARTESIAN_POINT('',(0.,0.));
#644 = VECTOR('',#645,1.);
#645 = DIRECTION('',(1.,0.));
#646 = ( GEOMETRIC_REPRESENTATION_CONTEXT(2) 
PARAMETRIC_REPRESENTATION_CONTEXT() REPRESENTATION_CONTEXT('2D SPACE',''
  ) );
#647 = ORIENTED_EDGE('',*,*,#648,.T.);
#648 = EDGE_CURVE('',#617,#649,#651,.T.);
#649 = VERTEX_POINT('',#650);
#650 = CARTESIAN_POINT('',(-72.,0.,-74.));
#651 = SURFACE_CURVE('',#652,(#656,#662),.PCURVE_S1.);
#652 = LINE('',#653,#654);
#653 = CARTESIAN_POINT('',(-151.164,0.,-74.));
#654 = VECTOR('',#655,1.);
#655 = DIRECTION('',(-1.,0.,0.));
#656 = PCURVE('',#49,#657);
#657 = DEFINITIONAL_REPRESENTATION('',(#658),#661);
#658 = B_SPLINE_CURVE_WITH_KNOTS('',1,(#659,#660),.UNSPECIFIED.,.F.,.F.,
  (2,2),(-224.1140475254,-78.21395247454),.PIECEWISE_BEZIER_KNOTS.);
#659 = CARTESIAN_POINT('',(136.04214923324,-6.003646750154));
#660 = CARTESIAN_POINT('',(-8.019585151727,17.084324617243));
#661 = ( GEOMETRIC_REPRESENTATION_CONTEXT(2) 
PARAMETRIC_REPRESENTATION_CONTEXT() REPRESENTATION_CONTEXT('2D SPACE',''
  ) );
#662 = PCURVE('',#663,#668);
#663 = PLANE('',#664);
#664 = AXIS2_PLACEMENT_3D('',#665,#666,#667);
#665 = CARTESIAN_POINT('',(-240.,0.,-88.8));
#666 = DIRECTION('',(0.,1.,0.));
#667 = DIRECTION('',(0.,0.,1.));
#668 = DEFINITIONAL_REPRESENTATION('',(#669),#672);
#669 = B_SPLINE_CURVE_WITH_KNOTS('',1,(#670,#671),.UNSPECIFIED.,.F.,.F.,
  (2,2),(-224.1140475254,-78.21395247454),.PIECEWISE_BEZIER_KNOTS.);
#670 = CARTESIAN_POINT('',(14.8,312.95004752546));
#671 = CARTESIAN_POINT('',(14.8,167.04995247454));
#672 = ( GEOMETRIC_REPRESENTATION_CONTEXT(2) 
PARAMETRIC_REPRESENTATION_CONTEXT() REPRESENTATION_CONTEXT('2D SPACE',''
  ) );
#673 = ORIENTED_EDGE('',*,*,#674,.T.);
#674 = EDGE_CURVE('',#649,#388,#675,.T.);
#675 = SURFACE_CURVE('',#676,(#679,#685),.PCURVE_S1.);
#676 = B_SPLINE_CURVE_WITH_KNOTS('',1,(#677,#678),.UNSPECIFIED.,.F.,.F.,
  (2,2),(6.,7.),.PIECEWISE_BEZIER_KNOTS.);
#677 = CARTESIAN_POINT('',(-72.,5.928,-74.));
#678 = CARTESIAN_POINT('',(-72.,-5.928,-74.));
#679 = PCURVE('',#49,#680);
#680 = DEFINITIONAL_REPRESENTATION('',(#681),#684);
#681 = B_SPLINE_CURVE_WITH_KNOTS('',1,(#682,#683),.UNSPECIFIED.,.F.,.F.,
  (2,2),(6.,7.),.PIECEWISE_BEZIER_KNOTS.);
#682 = CARTESIAN_POINT('',(-6.14343155199,22.787290685073));
#683 = CARTESIAN_POINT('',(-8.019585151727,11.080677867089));
#684 = ( GEOMETRIC_REPRESENTATION_CONTEXT(2) 
PARAMETRIC_REPRESENTATION_CONTEXT() REPRESENTATION_CONTEXT('2D SPACE',''
  ) );
#685 = PCURVE('',#686,#697);
#686 = ( BOUNDED_SURFACE() B_SPLINE_SURFACE(1,4,(
    (#687,#688,#689,#690,#691)
    ,(#692,#693,#694,#695,#696
)),.UNSPECIFIED.,.F.,.F.,.F.) B_SPLINE_SURFACE_WITH_KNOTS((2,2),(5,5),(
    6.,7.),(0.,1.),.PIECEWISE_BEZIER_KNOTS.) 
GEOMETRIC_REPRESENTATION_ITEM() RATIONAL_B_SPLINE_SURFACE((
    (1.,1.,1.,1.,1.)
,(1.,1.,1.,1.,1.))) REPRESENTATION_ITEM('') SURFACE() );
#687 = CARTESIAN_POINT('',(-72.,5.928,-74.));
#688 = CARTESIAN_POINT('',(-118.0832254819,9.722185564677,
    -60.03958320127));
#689 = CARTESIAN_POINT('',(-148.0578606811,12.190097196083,
    -3.34180849483));
#690 = CARTESIAN_POINT('',(-117.8209382401,9.700590581772,
    50.515794914387));
#691 = CARTESIAN_POINT('',(-79.2,6.5208,74.));
#692 = CARTESIAN_POINT('',(-72.,-5.928,-74.));
#693 = CARTESIAN_POINT('',(-118.0832254819,-9.722185564677,
    -60.03958320127));
#694 = CARTESIAN_POINT('',(-148.0578606811,-12.19009719608,
    -3.34180849483));
#695 = CARTESIAN_POINT('',(-117.8209382401,-9.700590581772,
    50.515794914387));
#696 = CARTESIAN_POINT('',(-79.2,-6.5208,74.));
#697 = DEFINITIONAL_REPRESENTATION('',(#698),#702);
#698 = LINE('',#699,#700);
#699 = CARTESIAN_POINT('',(0.,0.));
#700 = VECTOR('',#701,1.);
#701 = DIRECTION('',(1.,0.));
#702 = ( GEOMETRIC_REPRESENTATION_CONTEXT(2) 
PARAMETRIC_REPRESENTATION_CONTEXT() REPRESENTATION_CONTEXT('2D SPACE',''
  ) );
#703 = ADVANCED_FACE('',(#704),#138,.T.);
#704 = FACE_BOUND('',#705,.T.);
#705 = EDGE_LOOP('',(#706,#707,#708,#729));
#706 = ORIENTED_EDGE('',*,*,#387,.T.);
#707 = ORIENTED_EDGE('',*,*,#122,.T.);
#708 = ORIENTED_EDGE('',*,*,#709,.F.);
#709 = EDGE_CURVE('',#710,#97,#712,.T.);
#710 = VERTEX_POINT('',#711);
#711 = CARTESIAN_POINT('',(-79.2,-6.5208,74.));
#712 = SURFACE_CURVE('',#713,(#716,#723),.PCURVE_S1.);
#713 = B_SPLINE_CURVE_WITH_KNOTS('',1,(#714,#715),.UNSPECIFIED.,.F.,.F.,
  (2,2),(7.,8.),.PIECEWISE_BEZIER_KNOTS.);
#714 = CARTESIAN_POINT('',(-79.2,-6.5208,74.));
#715 = CARTESIAN_POINT('',(-68.5608,-17.16,74.));
#716 = PCURVE('',#138,#717);
#717 = DEFINITIONAL_REPRESENTATION('',(#718),#722);
#718 = LINE('',#719,#720);
#719 = CARTESIAN_POINT('',(0.,1.));
#720 = VECTOR('',#721,1.);
#721 = DIRECTION('',(1.,0.));
#722 = ( GEOMETRIC_REPRESENTATION_CONTEXT(2) 
PARAMETRIC_REPRESENTATION_CONTEXT() REPRESENTATION_CONTEXT('2D SPACE',''
  ) );
#723 = PCURVE('',#111,#724);
#724 = DEFINITIONAL_REPRESENTATION('',(#725),#728);
#725 = B_SPLINE_CURVE_WITH_KNOTS('',1,(#726,#727),.UNSPECIFIED.,.F.,.F.,
  (2,2),(7.,8.),.PIECEWISE_BEZIER_KNOTS.);
#726 = CARTESIAN_POINT('',(-8.8215436669,12.188745653798));
#727 = CARTESIAN_POINT('',(0.,0.));
#728 = ( GEOMETRIC_REPRESENTATION_CONTEXT(2) 
PARAMETRIC_REPRESENTATION_CONTEXT() REPRESENTATION_CONTEXT('2D SPACE',''
  ) );
#729 = ORIENTED_EDGE('',*,*,#730,.F.);
#730 = EDGE_CURVE('',#388,#710,#731,.T.);
#731 = SURFACE_CURVE('',#732,(#738,#745),.PCURVE_S1.);
#732 = ( BOUNDED_CURVE() B_SPLINE_CURVE(4,(#733,#734,#735,#736,#737),
.UNSPECIFIED.,.F.,.F.) B_SPLINE_CURVE_WITH_KNOTS((5,5),(0.,1.),
.PIECEWISE_BEZIER_KNOTS.) CURVE() GEOMETRIC_REPRESENTATION_ITEM() 
RATIONAL_B_SPLINE_CURVE((1.,1.,1.,1.,1.)) REPRESENTATION_ITEM('') );
#733 = CARTESIAN_POINT('',(-72.,-5.928,-74.));
#734 = CARTESIAN_POINT('',(-118.0832254819,-9.722185564677,
    -60.03958320127));
#735 = CARTESIAN_POINT('',(-148.0578606811,-12.19009719608,
    -3.34180849483));
#736 = CARTESIAN_POINT('',(-117.8209382401,-9.700590581772,
    50.515794914387));
#737 = CARTESIAN_POINT('',(-79.2,-6.5208,74.));
#738 = PCURVE('',#138,#739);
#739 = DEFINITIONAL_REPRESENTATION('',(#740),#744);
#740 = LINE('',#741,#742);
#741 = CARTESIAN_POINT('',(7.,0.));
#742 = VECTOR('',#743,1.);
#743 = DIRECTION('',(0.,1.));
#744 = ( GEOMETRIC_REPRESENTATION_CONTEXT(2) 
PARAMETRIC_REPRESENTATION_CONTEXT() REPRESENTATION_CONTEXT('2D SPACE',''
  ) );
#745 = PCURVE('',#686,#746);
#746 = DEFINITIONAL_REPRESENTATION('',(#747),#751);
#747 = LINE('',#748,#749);
#748 = CARTESIAN_POINT('',(7.,0.));
#749 = VECTOR('',#750,1.);
#750 = DIRECTION('',(0.,1.));
#751 = ( GEOMETRIC_REPRESENTATION_CONTEXT(2) 
PARAMETRIC_REPRESENTATION_CONTEXT() REPRESENTATION_CONTEXT('2D SPACE',''
  ) );
#752 = ADVANCED_FACE('',(#753),#78,.T.);
#753 = FACE_BOUND('',#754,.T.);
#754 = EDGE_LOOP('',(#755,#756,#781,#800));
#755 = ORIENTED_EDGE('',*,*,#409,.T.);
#756 = ORIENTED_EDGE('',*,*,#757,.T.);
#757 = EDGE_CURVE('',#410,#758,#760,.T.);
#758 = VERTEX_POINT('',#759);
#759 = CARTESIAN_POINT('',(79.2,-6.5208,74.));
#760 = SURFACE_CURVE('',#761,(#767,#774),.PCURVE_S1.);
#761 = ( BOUNDED_CURVE() B_SPLINE_CURVE(4,(#762,#763,#764,#765,#766),
.UNSPECIFIED.,.F.,.F.) B_SPLINE_CURVE_WITH_KNOTS((5,5),(0.,1.),
.PIECEWISE_BEZIER_KNOTS.) CURVE() GEOMETRIC_REPRESENTATION_ITEM() 
RATIONAL_B_SPLINE_CURVE((1.,1.,1.,1.,1.)) REPRESENTATION_ITEM('') );
#762 = CARTESIAN_POINT('',(72.,-5.928,-74.));
#763 = CARTESIAN_POINT('',(118.0832254819,-9.722185564677,
    -60.03958320127));
#764 = CARTESIAN_POINT('',(148.05786068117,-12.19009719608,
    -3.34180849483));
#765 = CARTESIAN_POINT('',(117.82093824014,-9.700590581772,
    50.515794914387));
#766 = CARTESIAN_POINT('',(79.2,-6.5208,74.));
#767 = PCURVE('',#78,#768);
#768 = DEFINITIONAL_REPRESENTATION('',(#769),#773);
#769 = LINE('',#770,#771);
#770 = CARTESIAN_POINT('',(2.,0.));
#771 = VECTOR('',#772,1.);
#772 = DIRECTION('',(0.,1.));
#773 = ( GEOMETRIC_REPRESENTATION_CONTEXT(2) 
PARAMETRIC_REPRESENTATION_CONTEXT() REPRESENTATION_CONTEXT('2D SPACE',''
  ) );
#774 = PCURVE('',#444,#775);
#775 = DEFINITIONAL_REPRESENTATION('',(#776),#780);
#776 = LINE('',#777,#778);
#777 = CARTESIAN_POINT('',(2.,0.));
#778 = VECTOR('',#779,1.);
#779 = DIRECTION('',(0.,1.));
#780 = ( GEOMETRIC_REPRESENTATION_CONTEXT(2) 
PARAMETRIC_REPRESENTATION_CONTEXT() REPRESENTATION_CONTEXT('2D SPACE',''
  ) );
#781 = ORIENTED_EDGE('',*,*,#782,.F.);
#782 = EDGE_CURVE('',#61,#758,#783,.T.);
#783 = SURFACE_CURVE('',#784,(#787,#794),.PCURVE_S1.);
#784 = B_SPLINE_CURVE_WITH_KNOTS('',1,(#785,#786),.UNSPECIFIED.,.F.,.F.,
  (2,2),(1.,2.),.PIECEWISE_BEZIER_KNOTS.);
#785 = CARTESIAN_POINT('',(68.5608,-17.16,74.));
#786 = CARTESIAN_POINT('',(79.2,-6.5208,74.));
#787 = PCURVE('',#78,#788);
#788 = DEFINITIONAL_REPRESENTATION('',(#789),#793);
#789 = LINE('',#790,#791);
#790 = CARTESIAN_POINT('',(0.,1.));
#791 = VECTOR('',#792,1.);
#792 = DIRECTION('',(1.,0.));
#793 = ( GEOMETRIC_REPRESENTATION_CONTEXT(2) 
PARAMETRIC_REPRESENTATION_CONTEXT() REPRESENTATION_CONTEXT('2D SPACE',''
  ) );
#794 = PCURVE('',#111,#795);
#795 = DEFINITIONAL_REPRESENTATION('',(#796),#799);
#796 = B_SPLINE_CURVE_WITH_KNOTS('',1,(#797,#798),.UNSPECIFIED.,.F.,.F.,
  (2,2),(1.,2.),.PIECEWISE_BEZIER_KNOTS.);
#797 = CARTESIAN_POINT('',(135.39384954305,-21.69881776668));
#798 = CARTESIAN_POINT('',(147.58259519685,-12.87727409978));
#799 = ( GEOMETRIC_REPRESENTATION_CONTEXT(2) 
PARAMETRIC_REPRESENTATION_CONTEXT() REPRESENTATION_CONTEXT('2D SPACE',''
  ) );
#800 = ORIENTED_EDGE('',*,*,#60,.F.);
#801 = ADVANCED_FACE('',(#802),#111,.T.);
#802 = FACE_BOUND('',#803,.T.);
#803 = EDGE_LOOP('',(#804,#805,#806,#807,#828,#849,#870,#891,#912,#933,
    #954,#975));
#804 = ORIENTED_EDGE('',*,*,#709,.T.);
#805 = ORIENTED_EDGE('',*,*,#96,.T.);
#806 = ORIENTED_EDGE('',*,*,#782,.T.);
#807 = ORIENTED_EDGE('',*,*,#808,.T.);
#808 = EDGE_CURVE('',#758,#809,#811,.T.);
#809 = VERTEX_POINT('',#810);
#810 = CARTESIAN_POINT('',(79.2,0.,74.));
#811 = SURFACE_CURVE('',#812,(#815,#821),.PCURVE_S1.);
#812 = B_SPLINE_CURVE_WITH_KNOTS('',1,(#813,#814),.UNSPECIFIED.,.F.,.F.,
  (2,2),(2.,3.),.PIECEWISE_BEZIER_KNOTS.);
#813 = CARTESIAN_POINT('',(79.2,-6.5208,74.));
#814 = CARTESIAN_POINT('',(79.2,6.5208,74.));
#815 = PCURVE('',#111,#816);
#816 = DEFINITIONAL_REPRESENTATION('',(#817),#820);
#817 = B_SPLINE_CURVE_WITH_KNOTS('',1,(#818,#819),.UNSPECIFIED.,.F.,.F.,
  (2,2),(2.,3.),.PIECEWISE_BEZIER_KNOTS.);
#818 = CARTESIAN_POINT('',(147.58259519685,-12.87727409978));
#819 = CARTESIAN_POINT('',(149.64636415656,5.329070518201E-15));
#820 = ( GEOMETRIC_REPRESENTATION_CONTEXT(2) 
PARAMETRIC_REPRESENTATION_CONTEXT() REPRESENTATION_CONTEXT('2D SPACE',''
  ) );
#821 = PCURVE('',#444,#822);
#822 = DEFINITIONAL_REPRESENTATION('',(#823),#827);
#823 = LINE('',#824,#825);
#824 = CARTESIAN_POINT('',(0.,1.));
#825 = VECTOR('',#826,1.);
#826 = DIRECTION('',(1.,0.));
#827 = ( GEOMETRIC_REPRESENTATION_CONTEXT(2) 
PARAMETRIC_REPRESENTATION_CONTEXT() REPRESENTATION_CONTEXT('2D SPACE',''
  ) );
#828 = ORIENTED_EDGE('',*,*,#829,.T.);
#829 = EDGE_CURVE('',#809,#830,#832,.T.);
#830 = VERTEX_POINT('',#831);
#831 = CARTESIAN_POINT('',(76.2,0.,74.));
#832 = SURFACE_CURVE('',#833,(#837,#843),.PCURVE_S1.);
#833 = LINE('',#834,#835);
#834 = CARTESIAN_POINT('',(-154.2804,0.,74.));
#835 = VECTOR('',#836,1.);
#836 = DIRECTION('',(-1.,0.,0.));
#837 = PCURVE('',#111,#838);
#838 = DEFINITIONAL_REPRESENTATION('',(#839),#842);
#839 = B_SPLINE_CURVE_WITH_KNOTS('',1,(#840,#841),.UNSPECIFIED.,.F.,.F.,
  (2,2),(-234.525452278,-74.03534772199),.PIECEWISE_BEZIER_KNOTS.);
#840 = CARTESIAN_POINT('',(149.64636415656,-6.604011425169));
#841 = CARTESIAN_POINT('',(-8.8215436669,18.792757078967));
#842 = ( GEOMETRIC_REPRESENTATION_CONTEXT(2) 
PARAMETRIC_REPRESENTATION_CONTEXT() REPRESENTATION_CONTEXT('2D SPACE',''
  ) );
#843 = PCURVE('',#477,#844);
#844 = DEFINITIONAL_REPRESENTATION('',(#845),#848);
#845 = B_SPLINE_CURVE_WITH_KNOTS('',1,(#846,#847),.UNSPECIFIED.,.F.,.F.,
  (2,2),(-234.525452278,-74.03534772199),.PIECEWISE_BEZIER_KNOTS.);
#846 = CARTESIAN_POINT('',(162.8,320.245052278));
#847 = CARTESIAN_POINT('',(162.8,159.75494772199));
#848 = ( GEOMETRIC_REPRESENTATION_CONTEXT(2) 
PARAMETRIC_REPRESENTATION_CONTEXT() REPRESENTATION_CONTEXT('2D SPACE',''
  ) );
#849 = ORIENTED_EDGE('',*,*,#850,.F.);
#850 = EDGE_CURVE('',#851,#830,#853,.T.);
#851 = VERTEX_POINT('',#852);
#852 = CARTESIAN_POINT('',(76.2,-5.3808,74.));
#853 = SURFACE_CURVE('',#854,(#857,#863),.PCURVE_S1.);
#854 = B_SPLINE_CURVE_WITH_KNOTS('',1,(#855,#856),.UNSPECIFIED.,.F.,.F.,
  (2,2),(2.,3.),.PIECEWISE_BEZIER_KNOTS.);
#855 = CARTESIAN_POINT('',(76.2,-5.3808,74.));
#856 = CARTESIAN_POINT('',(76.2,5.3808,74.));
#857 = PCURVE('',#111,#858);
#858 = DEFINITIONAL_REPRESENTATION('',(#859),#862);
#859 = B_SPLINE_CURVE_WITH_KNOTS('',1,(#860,#861),.UNSPECIFIED.,.F.,.F.,
  (2,2),(2.,3.),.PIECEWISE_BEZIER_KNOTS.);
#860 = CARTESIAN_POINT('',(144.80079498175,-11.27690302929));
#861 = CARTESIAN_POINT('',(146.50376517228,-0.650900625277));
#862 = ( GEOMETRIC_REPRESENTATION_CONTEXT(2) 
PARAMETRIC_REPRESENTATION_CONTEXT() REPRESENTATION_CONTEXT('2D SPACE',''
  ) );
#863 = PCURVE('',#502,#864);
#864 = DEFINITIONAL_REPRESENTATION('',(#865),#869);
#865 = LINE('',#866,#867);
#866 = CARTESIAN_POINT('',(0.,1.));
#867 = VECTOR('',#868,1.);
#868 = DIRECTION('',(1.,0.));
#869 = ( GEOMETRIC_REPRESENTATION_CONTEXT(2) 
PARAMETRIC_REPRESENTATION_CONTEXT() REPRESENTATION_CONTEXT('2D SPACE',''
  ) );
#870 = ORIENTED_EDGE('',*,*,#871,.F.);
#871 = EDGE_CURVE('',#872,#851,#874,.T.);
#872 = VERTEX_POINT('',#873);
#873 = CARTESIAN_POINT('',(67.4208,-14.16,74.));
#874 = SURFACE_CURVE('',#875,(#878,#884),.PCURVE_S1.);
#875 = B_SPLINE_CURVE_WITH_KNOTS('',1,(#876,#877),.UNSPECIFIED.,.F.,.F.,
  (2,2),(1.,2.),.PIECEWISE_BEZIER_KNOTS.);
#876 = CARTESIAN_POINT('',(67.4208,-14.16,74.));
#877 = CARTESIAN_POINT('',(76.2,-5.3808,74.));
#878 = PCURVE('',#111,#879);
#879 = DEFINITIONAL_REPRESENTATION('',(#880),#883);
#880 = B_SPLINE_CURVE_WITH_KNOTS('',1,(#881,#882),.UNSPECIFIED.,.F.,.F.,
  (2,2),(1.,2.),.PIECEWISE_BEZIER_KNOTS.);
#881 = CARTESIAN_POINT('',(134.74294891778,-18.5562187824));
#882 = CARTESIAN_POINT('',(144.80079498175,-11.27690302929));
#883 = ( GEOMETRIC_REPRESENTATION_CONTEXT(2) 
PARAMETRIC_REPRESENTATION_CONTEXT() REPRESENTATION_CONTEXT('2D SPACE',''
  ) );
#884 = PCURVE('',#534,#885);
#885 = DEFINITIONAL_REPRESENTATION('',(#886),#890);
#886 = LINE('',#887,#888);
#887 = CARTESIAN_POINT('',(0.,1.));
#888 = VECTOR('',#889,1.);
#889 = DIRECTION('',(1.,0.));
#890 = ( GEOMETRIC_REPRESENTATION_CONTEXT(2) 
PARAMETRIC_REPRESENTATION_CONTEXT() REPRESENTATION_CONTEXT('2D SPACE',''
  ) );
#891 = ORIENTED_EDGE('',*,*,#892,.F.);
#892 = EDGE_CURVE('',#893,#872,#895,.T.);
#893 = VERTEX_POINT('',#894);
#894 = CARTESIAN_POINT('',(-67.4208,-14.16,74.));
#895 = SURFACE_CURVE('',#896,(#899,#905),.PCURVE_S1.);
#896 = B_SPLINE_CURVE_WITH_KNOTS('',1,(#897,#898),.UNSPECIFIED.,.F.,.F.,
  (2,2),(0.,1.),.PIECEWISE_BEZIER_KNOTS.);
#897 = CARTESIAN_POINT('',(-67.4208,-14.16,74.));
#898 = CARTESIAN_POINT('',(67.4208,-14.16,74.));
#899 = PCURVE('',#111,#900);
#900 = DEFINITIONAL_REPRESENTATION('',(#901),#904);
#901 = B_SPLINE_CURVE_WITH_KNOTS('',1,(#902,#903),.UNSPECIFIED.,.F.,.F.,
  (2,2),(0.,1.),.PIECEWISE_BEZIER_KNOTS.);
#902 = CARTESIAN_POINT('',(1.600371070489,2.781800215102));
#903 = CARTESIAN_POINT('',(134.74294891778,-18.5562187824));
#904 = ( GEOMETRIC_REPRESENTATION_CONTEXT(2) 
PARAMETRIC_REPRESENTATION_CONTEXT() REPRESENTATION_CONTEXT('2D SPACE',''
  ) );
#905 = PCURVE('',#566,#906);
#906 = DEFINITIONAL_REPRESENTATION('',(#907),#911);
#907 = LINE('',#908,#909);
#908 = CARTESIAN_POINT('',(0.,1.));
#909 = VECTOR('',#910,1.);
#910 = DIRECTION('',(1.,0.));
#911 = ( GEOMETRIC_REPRESENTATION_CONTEXT(2) 
PARAMETRIC_REPRESENTATION_CONTEXT() REPRESENTATION_CONTEXT('2D SPACE',''
  ) );
#912 = ORIENTED_EDGE('',*,*,#913,.F.);
#913 = EDGE_CURVE('',#914,#893,#916,.T.);
#914 = VERTEX_POINT('',#915);
#915 = CARTESIAN_POINT('',(-76.2,-5.3808,74.));
#916 = SURFACE_CURVE('',#917,(#920,#926),.PCURVE_S1.);
#917 = B_SPLINE_CURVE_WITH_KNOTS('',1,(#918,#919),.UNSPECIFIED.,.F.,.F.,
  (2,2),(7.,8.),.PIECEWISE_BEZIER_KNOTS.);
#918 = CARTESIAN_POINT('',(-76.2,-5.3808,74.));
#919 = CARTESIAN_POINT('',(-67.4208,-14.16,74.));
#920 = PCURVE('',#111,#921);
#921 = DEFINITIONAL_REPRESENTATION('',(#922),#925);
#922 = B_SPLINE_CURVE_WITH_KNOTS('',1,(#923,#924),.UNSPECIFIED.,.F.,.F.,
  (2,2),(7.,8.),.PIECEWISE_BEZIER_KNOTS.);
#923 = CARTESIAN_POINT('',(-5.678944682618,12.839646279075));
#924 = CARTESIAN_POINT('',(1.600371070489,2.781800215102));
#925 = ( GEOMETRIC_REPRESENTATION_CONTEXT(2) 
PARAMETRIC_REPRESENTATION_CONTEXT() REPRESENTATION_CONTEXT('2D SPACE',''
  ) );
#926 = PCURVE('',#598,#927);
#927 = DEFINITIONAL_REPRESENTATION('',(#928),#932);
#928 = LINE('',#929,#930);
#929 = CARTESIAN_POINT('',(0.,1.));
#930 = VECTOR('',#931,1.);
#931 = DIRECTION('',(1.,0.));
#932 = ( GEOMETRIC_REPRESENTATION_CONTEXT(2) 
PARAMETRIC_REPRESENTATION_CONTEXT() REPRESENTATION_CONTEXT('2D SPACE',''
  ) );
#933 = ORIENTED_EDGE('',*,*,#934,.F.);
#934 = EDGE_CURVE('',#935,#914,#937,.T.);
#935 = VERTEX_POINT('',#936);
#936 = CARTESIAN_POINT('',(-76.2,0.,74.));
#937 = SURFACE_CURVE('',#938,(#941,#947),.PCURVE_S1.);
#938 = B_SPLINE_CURVE_WITH_KNOTS('',1,(#939,#940),.UNSPECIFIED.,.F.,.F.,
  (2,2),(6.,7.),.PIECEWISE_BEZIER_KNOTS.);
#939 = CARTESIAN_POINT('',(-76.2,5.3808,74.));
#940 = CARTESIAN_POINT('',(-76.2,-5.3808,74.));
#941 = PCURVE('',#111,#942);
#942 = DEFINITIONAL_REPRESENTATION('',(#943),#946);
#943 = B_SPLINE_CURVE_WITH_KNOTS('',1,(#944,#945),.UNSPECIFIED.,.F.,.F.,
  (2,2),(6.,7.),.PIECEWISE_BEZIER_KNOTS.);
#944 = CARTESIAN_POINT('',(-3.975974492087,23.465648683092));
#945 = CARTESIAN_POINT('',(-5.678944682618,12.839646279075));
#946 = ( GEOMETRIC_REPRESENTATION_CONTEXT(2) 
PARAMETRIC_REPRESENTATION_CONTEXT() REPRESENTATION_CONTEXT('2D SPACE',''
  ) );
#947 = PCURVE('',#630,#948);
#948 = DEFINITIONAL_REPRESENTATION('',(#949),#953);
#949 = LINE('',#950,#951);
#950 = CARTESIAN_POINT('',(0.,1.));
#951 = VECTOR('',#952,1.);
#952 = DIRECTION('',(1.,0.));
#953 = ( GEOMETRIC_REPRESENTATION_CONTEXT(2) 
PARAMETRIC_REPRESENTATION_CONTEXT() REPRESENTATION_CONTEXT('2D SPACE',''
  ) );
#954 = ORIENTED_EDGE('',*,*,#955,.T.);
#955 = EDGE_CURVE('',#935,#956,#958,.T.);
#956 = VERTEX_POINT('',#957);
#957 = CARTESIAN_POINT('',(-79.2,0.,74.));
#958 = SURFACE_CURVE('',#959,(#963,#969),.PCURVE_S1.);
#959 = LINE('',#960,#961);
#960 = CARTESIAN_POINT('',(-154.2804,0.,74.));
#961 = VECTOR('',#962,1.);
#962 = DIRECTION('',(-1.,0.,0.));
#963 = PCURVE('',#111,#964);
#964 = DEFINITIONAL_REPRESENTATION('',(#965),#968);
#965 = B_SPLINE_CURVE_WITH_KNOTS('',1,(#966,#967),.UNSPECIFIED.,.F.,.F.,
  (2,2),(-234.525452278,-74.03534772199),.PIECEWISE_BEZIER_KNOTS.);
#966 = CARTESIAN_POINT('',(149.64636415656,-6.604011425169));
#967 = CARTESIAN_POINT('',(-8.8215436669,18.792757078967));
#968 = ( GEOMETRIC_REPRESENTATION_CONTEXT(2) 
PARAMETRIC_REPRESENTATION_CONTEXT() REPRESENTATION_CONTEXT('2D SPACE',''
  ) );
#969 = PCURVE('',#663,#970);
#970 = DEFINITIONAL_REPRESENTATION('',(#971),#974);
#971 = B_SPLINE_CURVE_WITH_KNOTS('',1,(#972,#973),.UNSPECIFIED.,.F.,.F.,
  (2,2),(-234.525452278,-74.03534772199),.PIECEWISE_BEZIER_KNOTS.);
#972 = CARTESIAN_POINT('',(162.8,320.245052278));
#973 = CARTESIAN_POINT('',(162.8,159.75494772199));
#974 = ( GEOMETRIC_REPRESENTATION_CONTEXT(2) 
PARAMETRIC_REPRESENTATION_CONTEXT() REPRESENTATION_CONTEXT('2D SPACE',''
  ) );
#975 = ORIENTED_EDGE('',*,*,#976,.T.);
#976 = EDGE_CURVE('',#956,#710,#977,.T.);
#977 = SURFACE_CURVE('',#978,(#981,#987),.PCURVE_S1.);
#978 = B_SPLINE_CURVE_WITH_KNOTS('',1,(#979,#980),.UNSPECIFIED.,.F.,.F.,
  (2,2),(6.,7.),.PIECEWISE_BEZIER_KNOTS.);
#979 = CARTESIAN_POINT('',(-79.2,6.5208,74.));
#980 = CARTESIAN_POINT('',(-79.2,-6.5208,74.));
#981 = PCURVE('',#111,#982);
#982 = DEFINITIONAL_REPRESENTATION('',(#983),#986);
#983 = B_SPLINE_CURVE_WITH_KNOTS('',1,(#984,#985),.UNSPECIFIED.,.F.,.F.,
  (2,2),(6.,7.),.PIECEWISE_BEZIER_KNOTS.);
#984 = CARTESIAN_POINT('',(-6.757774707189,25.06601975358));
#985 = CARTESIAN_POINT('',(-8.8215436669,12.188745653798));
#986 = ( GEOMETRIC_REPRESENTATION_CONTEXT(2) 
PARAMETRIC_REPRESENTATION_CONTEXT() REPRESENTATION_CONTEXT('2D SPACE',''
  ) );
#987 = PCURVE('',#686,#988);
#988 = DEFINITIONAL_REPRESENTATION('',(#989),#993);
#989 = LINE('',#990,#991);
#990 = CARTESIAN_POINT('',(0.,1.));
#991 = VECTOR('',#992,1.);
#992 = DIRECTION('',(1.,0.));
#993 = ( GEOMETRIC_REPRESENTATION_CONTEXT(2) 
PARAMETRIC_REPRESENTATION_CONTEXT() REPRESENTATION_CONTEXT('2D SPACE',''
  ) );
#994 = ADVANCED_FACE('',(#995),#210,.T.);
#995 = FACE_BOUND('',#996,.T.);
#996 = EDGE_LOOP('',(#997,#1020,#1021,#1044));
#997 = ORIENTED_EDGE('',*,*,#998,.F.);
#998 = EDGE_CURVE('',#159,#999,#1001,.T.);
#999 = VERTEX_POINT('',#1000);
#1000 = CARTESIAN_POINT('',(-66.,-20.06556627323,49.));
#1001 = SURFACE_CURVE('',#1002,(#1006,#1013),.PCURVE_S1.);
#1002 = LINE('',#1003,#1004);
#1003 = CARTESIAN_POINT('',(-66.,-100.,49.));
#1004 = VECTOR('',#1005,1.);
#1005 = DIRECTION('',(0.,1.,0.));
#1006 = PCURVE('',#210,#1007);
#1007 = DEFINITIONAL_REPRESENTATION('',(#1008),#1012);
#1008 = LINE('',#1009,#1010);
#1009 = CARTESIAN_POINT('',(74.,0.));
#1010 = VECTOR('',#1011,1.);
#1011 = DIRECTION('',(0.,-1.));
#1012 = ( GEOMETRIC_REPRESENTATION_CONTEXT(2) 
PARAMETRIC_REPRESENTATION_CONTEXT() REPRESENTATION_CONTEXT('2D SPACE',''
  ) );
#1013 = PCURVE('',#259,#1014);
#1014 = DEFINITIONAL_REPRESENTATION('',(#1015),#1019);
#1015 = LINE('',#1016,#1017);
#1016 = CARTESIAN_POINT('',(0.,0.));
#1017 = VECTOR('',#1018,1.);
#1018 = DIRECTION('',(0.,1.));
#1019 = ( GEOMETRIC_REPRESENTATION_CONTEXT(2) 
PARAMETRIC_REPRESENTATION_CONTEXT() REPRESENTATION_CONTEXT('2D SPACE',''
  ) );
#1020 = ORIENTED_EDGE('',*,*,#158,.T.);
#1021 = ORIENTED_EDGE('',*,*,#1022,.T.);
#1022 = EDGE_CURVE('',#161,#1023,#1025,.T.);
#1023 = VERTEX_POINT('',#1024);
#1024 = CARTESIAN_POINT('',(-66.,-23.11465660723,-25.));
#1025 = SURFACE_CURVE('',#1026,(#1030,#1037),.PCURVE_S1.);
#1026 = LINE('',#1027,#1028);
#1027 = CARTESIAN_POINT('',(-66.,-100.,-25.));
#1028 = VECTOR('',#1029,1.);
#1029 = DIRECTION('',(0.,1.,0.));
#1030 = PCURVE('',#210,#1031);
#1031 = DEFINITIONAL_REPRESENTATION('',(#1032),#1036);
#1032 = LINE('',#1033,#1034);
#1033 = CARTESIAN_POINT('',(0.,0.));
#1034 = VECTOR('',#1035,1.);
#1035 = DIRECTION('',(0.,-1.));
#1036 = ( GEOMETRIC_REPRESENTATION_CONTEXT(2) 
PARAMETRIC_REPRESENTATION_CONTEXT() REPRESENTATION_CONTEXT('2D SPACE',''
  ) );
#1037 = PCURVE('',#370,#1038);
#1038 = DEFINITIONAL_REPRESENTATION('',(#1039),#1043);
#1039 = LINE('',#1040,#1041);
#1040 = CARTESIAN_POINT('',(0.,0.));
#1041 = VECTOR('',#1042,1.);
#1042 = DIRECTION('',(0.,1.));
#1043 = ( GEOMETRIC_REPRESENTATION_CONTEXT(2) 
PARAMETRIC_REPRESENTATION_CONTEXT() REPRESENTATION_CONTEXT('2D SPACE',''
  ) );
#1044 = ORIENTED_EDGE('',*,*,#1045,.F.);
#1045 = EDGE_CURVE('',#999,#1023,#1046,.T.);
#1046 = SURFACE_CURVE('',#1047,(#1068,#1092),.PCURVE_S1.);
#1047 = B_SPLINE_CURVE_WITH_KNOTS('',7,(#1048,#1049,#1050,#1051,#1052,
    #1053,#1054,#1055,#1056,#1057,#1058,#1059,#1060,#1061,#1062,#1063,
    #1064,#1065,#1066,#1067),.UNSPECIFIED.,.F.,.F.,(8,6,6,8),(0.,
    0.285086165819,0.600257251845,1.),.UNSPECIFIED.);
#1048 = CARTESIAN_POINT('',(-66.,-20.06556627323,49.));
#1049 = CARTESIAN_POINT('',(-66.,-20.54326676353,46.015759151825));
#1050 = CARTESIAN_POINT('',(-66.,-20.97693035421,43.024519885694));
#1051 = CARTESIAN_POINT('',(-66.,-21.3707802367,40.027629755727));
#1052 = CARTESIAN_POINT('',(-66.,-21.72756960687,37.026111008462));
#1053 = CARTESIAN_POINT('',(-66.,-22.04941794741,34.020768255943));
#1054 = CARTESIAN_POINT('',(-66.,-22.3379123067,31.012200243329));
#1055 = CARTESIAN_POINT('',(-66.,-22.87768654038,24.671656979234));
#1056 = CARTESIAN_POINT('',(-66.,-23.1218168077,21.33917076918));
#1057 = CARTESIAN_POINT('',(-66.,-23.32830103064,18.004013485557));
#1058 = CARTESIAN_POINT('',(-66.,-23.49820766685,14.666764685383));
#1059 = CARTESIAN_POINT('',(-66.,-23.63220541044,11.327944255121));
#1060 = CARTESIAN_POINT('',(-66.,-23.73063439249,7.988016799385));
#1061 = CARTESIAN_POINT('',(-66.,-23.87318761442,0.410354357263));
#1062 = CARTESIAN_POINT('',(-66.,-23.89565097995,-3.82763888071));
#1063 = CARTESIAN_POINT('',(-66.,-23.86084756392,-8.065842045484));
#1064 = CARTESIAN_POINT('',(-66.,-23.76786539772,-12.30334667941));
#1065 = CARTESIAN_POINT('',(-66.,-23.61482798272,-16.53907521012));
#1066 = CARTESIAN_POINT('',(-66.,-23.39880211681,-20.77177901427));
#1067 = CARTESIAN_POINT('',(-66.,-23.11465660723,-25.));
#1068 = PCURVE('',#210,#1069);
#1069 = DEFINITIONAL_REPRESENTATION('',(#1070),#1091);
#1070 = B_SPLINE_CURVE_WITH_KNOTS('',7,(#1071,#1072,#1073,#1074,#1075,
    #1076,#1077,#1078,#1079,#1080,#1081,#1082,#1083,#1084,#1085,#1086,
    #1087,#1088,#1089,#1090),.UNSPECIFIED.,.F.,.F.,(8,6,6,8),(0.,
    0.285086165819,0.600257251845,1.),.UNSPECIFIED.);
#1071 = CARTESIAN_POINT('',(74.,-79.93443372676));
#1072 = CARTESIAN_POINT('',(71.015759151825,-79.45673323646));
#1073 = CARTESIAN_POINT('',(68.024519885694,-79.02306964578));
#1074 = CARTESIAN_POINT('',(65.027629755727,-78.62921976329));
#1075 = CARTESIAN_POINT('',(62.026111008462,-78.27243039312));
#1076 = CARTESIAN_POINT('',(59.020768255943,-77.95058205258));
#1077 = CARTESIAN_POINT('',(56.012200243329,-77.66208769329));
#1078 = CARTESIAN_POINT('',(49.671656979234,-77.12231345961));
#1079 = CARTESIAN_POINT('',(46.33917076918,-76.87818319229));
#1080 = CARTESIAN_POINT('',(43.004013485557,-76.67169896936));
#1081 = CARTESIAN_POINT('',(39.666764685383,-76.50179233314));
#1082 = CARTESIAN_POINT('',(36.327944255121,-76.36779458955));
#1083 = CARTESIAN_POINT('',(32.988016799385,-76.2693656075));
#1084 = CARTESIAN_POINT('',(25.410354357263,-76.12681238557));
#1085 = CARTESIAN_POINT('',(21.17236111929,-76.10434902005));
#1086 = CARTESIAN_POINT('',(16.934157954516,-76.13915243607));
#1087 = CARTESIAN_POINT('',(12.696653320584,-76.23213460227));
#1088 = CARTESIAN_POINT('',(8.460924789871,-76.38517201727));
#1089 = CARTESIAN_POINT('',(4.228220985721,-76.60119788318));
#1090 = CARTESIAN_POINT('',(0.,-76.88534339277));
#1091 = ( GEOMETRIC_REPRESENTATION_CONTEXT(2) 
PARAMETRIC_REPRESENTATION_CONTEXT() REPRESENTATION_CONTEXT('2D SPACE',''
  ) );
#1092 = PCURVE('',#566,#1093);
#1093 = DEFINITIONAL_REPRESENTATION('',(#1094),#1115);
#1094 = B_SPLINE_CURVE_WITH_KNOTS('',7,(#1095,#1096,#1097,#1098,#1099,
    #1100,#1101,#1102,#1103,#1104,#1105,#1106,#1107,#1108,#1109,#1110,
    #1111,#1112,#1113,#1114),.UNSPECIFIED.,.F.,.F.,(8,6,6,8),(0.,
    0.285086165819,0.600257251845,1.),.UNSPECIFIED.);
#1095 = CARTESIAN_POINT('',(0.137425624234,0.80109239124));
#1096 = CARTESIAN_POINT('',(0.145028791695,0.781561359586));
#1097 = CARTESIAN_POINT('',(0.151559074399,0.762638327209));
#1098 = CARTESIAN_POINT('',(0.157239630735,0.74419950011));
#1099 = CARTESIAN_POINT('',(0.162202853356,0.726162009493));
#1100 = CARTESIAN_POINT('',(0.166547943359,0.708458738074));
#1101 = CARTESIAN_POINT('',(0.170346057316,0.691035066375));
#1102 = CARTESIAN_POINT('',(0.177306221202,0.65483714793));
#1103 = CARTESIAN_POINT('',(0.180358725096,0.636115054079));
#1104 = CARTESIAN_POINT('',(0.18288228375,0.617613145869));
#1105 = CARTESIAN_POINT('',(0.184924165403,0.59927919988));
#1106 = CARTESIAN_POINT('',(0.186515667794,0.581067105149));
#1107 = CARTESIAN_POINT('',(0.187676744439,0.562933228363));
#1108 = CARTESIAN_POINT('',(0.189352356759,0.521879482914));
#1109 = CARTESIAN_POINT('',(0.18960984689,0.498981961138));
#1110 = CARTESIAN_POINT('',(0.189204570826,0.476053604285));
#1111 = CARTESIAN_POINT('',(0.188124621322,0.453008919752));
#1112 = CARTESIAN_POINT('',(0.186328636443,0.429755106633));
#1113 = CARTESIAN_POINT('',(0.183744452628,0.406187216937));
#1114 = CARTESIAN_POINT('',(0.180226662302,0.382160938532));
#1115 = ( GEOMETRIC_REPRESENTATION_CONTEXT(2) 
PARAMETRIC_REPRESENTATION_CONTEXT() REPRESENTATION_CONTEXT('2D SPACE',''
  ) );
#1116 = ADVANCED_FACE('',(#1117),#370,.T.);
#1117 = FACE_BOUND('',#1118,.T.);
#1118 = EDGE_LOOP('',(#1119,#1120,#1121,#1144));
#1119 = ORIENTED_EDGE('',*,*,#1022,.F.);
#1120 = ORIENTED_EDGE('',*,*,#352,.F.);
#1121 = ORIENTED_EDGE('',*,*,#1122,.T.);
#1122 = EDGE_CURVE('',#274,#1123,#1125,.T.);
#1123 = VERTEX_POINT('',#1124);
#1124 = CARTESIAN_POINT('',(66.,-23.11465660723,-25.));
#1125 = SURFACE_CURVE('',#1126,(#1130,#1137),.PCURVE_S1.);
#1126 = LINE('',#1127,#1128);
#1127 = CARTESIAN_POINT('',(66.,-100.,-25.));
#1128 = VECTOR('',#1129,1.);
#1129 = DIRECTION('',(0.,1.,0.));
#1130 = PCURVE('',#370,#1131);
#1131 = DEFINITIONAL_REPRESENTATION('',(#1132),#1136);
#1132 = LINE('',#1133,#1134);
#1133 = CARTESIAN_POINT('',(132.,0.));
#1134 = VECTOR('',#1135,1.);
#1135 = DIRECTION('',(0.,1.));
#1136 = ( GEOMETRIC_REPRESENTATION_CONTEXT(2) 
PARAMETRIC_REPRESENTATION_CONTEXT() REPRESENTATION_CONTEXT('2D SPACE',''
  ) );
#1137 = PCURVE('',#323,#1138);
#1138 = DEFINITIONAL_REPRESENTATION('',(#1139),#1143);
#1139 = LINE('',#1140,#1141);
#1140 = CARTESIAN_POINT('',(0.,0.));
#1141 = VECTOR('',#1142,1.);
#1142 = DIRECTION('',(0.,-1.));
#1143 = ( GEOMETRIC_REPRESENTATION_CONTEXT(2) 
PARAMETRIC_REPRESENTATION_CONTEXT() REPRESENTATION_CONTEXT('2D SPACE',''
  ) );
#1144 = ORIENTED_EDGE('',*,*,#1145,.T.);
#1145 = EDGE_CURVE('',#1123,#1023,#1146,.T.);
#1146 = SURFACE_CURVE('',#1147,(#1153,#1162),.PCURVE_S1.);
#1147 = B_SPLINE_CURVE_WITH_KNOTS('',4,(#1148,#1149,#1150,#1151,#1152),
  .UNSPECIFIED.,.F.,.F.,(5,5),(0.,1.),.PIECEWISE_BEZIER_KNOTS.);
#1148 = CARTESIAN_POINT('',(66.,-23.11465660723,-25.));
#1149 = CARTESIAN_POINT('',(33.,-23.11465660723,-25.));
#1150 = CARTESIAN_POINT('',(-2.984279490192E-13,-23.11465660723,-25.));
#1151 = CARTESIAN_POINT('',(-33.,-23.11465660723,-25.));
#1152 = CARTESIAN_POINT('',(-66.,-23.11465660723,-25.));
#1153 = PCURVE('',#370,#1154);
#1154 = DEFINITIONAL_REPRESENTATION('',(#1155),#1161);
#1155 = B_SPLINE_CURVE_WITH_KNOTS('',4,(#1156,#1157,#1158,#1159,#1160),
  .UNSPECIFIED.,.F.,.F.,(5,5),(0.,1.),.PIECEWISE_BEZIER_KNOTS.);
#1156 = CARTESIAN_POINT('',(132.,76.88534339277));
#1157 = CARTESIAN_POINT('',(99.,76.88534339277));
#1158 = CARTESIAN_POINT('',(66.,76.88534339277));
#1159 = CARTESIAN_POINT('',(33.,76.88534339277));
#1160 = CARTESIAN_POINT('',(0.,76.88534339277));
#1161 = ( GEOMETRIC_REPRESENTATION_CONTEXT(2) 
PARAMETRIC_REPRESENTATION_CONTEXT() REPRESENTATION_CONTEXT('2D SPACE',''
  ) );
#1162 = PCURVE('',#566,#1163);
#1163 = DEFINITIONAL_REPRESENTATION('',(#1164),#1170);
#1164 = B_SPLINE_CURVE_WITH_KNOTS('',4,(#1165,#1166,#1167,#1168,#1169),
  .UNSPECIFIED.,.F.,.F.,(5,5),(0.,1.),.PIECEWISE_BEZIER_KNOTS.);
#1165 = CARTESIAN_POINT('',(0.819773337698,0.382160938532));
#1166 = CARTESIAN_POINT('',(0.659886668849,0.382160938532));
#1167 = CARTESIAN_POINT('',(0.5,0.382160938532));
#1168 = CARTESIAN_POINT('',(0.340113331151,0.382160938532));
#1169 = CARTESIAN_POINT('',(0.180226662302,0.382160938532));
#1170 = ( GEOMETRIC_REPRESENTATION_CONTEXT(2) 
PARAMETRIC_REPRESENTATION_CONTEXT() REPRESENTATION_CONTEXT('2D SPACE',''
  ) );
#1171 = ADVANCED_FACE('',(#1172),#323,.F.);
#1172 = FACE_BOUND('',#1173,.F.);
#1173 = EDGE_LOOP('',(#1174,#1197,#1198,#1199));
#1174 = ORIENTED_EDGE('',*,*,#1175,.F.);
#1175 = EDGE_CURVE('',#240,#1176,#1178,.T.);
#1176 = VERTEX_POINT('',#1177);
#1177 = CARTESIAN_POINT('',(66.,-20.06556627323,49.));
#1178 = SURFACE_CURVE('',#1179,(#1183,#1190),.PCURVE_S1.);
#1179 = LINE('',#1180,#1181);
#1180 = CARTESIAN_POINT('',(66.,-100.,49.));
#1181 = VECTOR('',#1182,1.);
#1182 = DIRECTION('',(0.,1.,0.));
#1183 = PCURVE('',#323,#1184);
#1184 = DEFINITIONAL_REPRESENTATION('',(#1185),#1189);
#1185 = LINE('',#1186,#1187);
#1186 = CARTESIAN_POINT('',(74.,0.));
#1187 = VECTOR('',#1188,1.);
#1188 = DIRECTION('',(0.,-1.));
#1189 = ( GEOMETRIC_REPRESENTATION_CONTEXT(2) 
PARAMETRIC_REPRESENTATION_CONTEXT() REPRESENTATION_CONTEXT('2D SPACE',''
  ) );
#1190 = PCURVE('',#259,#1191);
#1191 = DEFINITIONAL_REPRESENTATION('',(#1192),#1196);
#1192 = LINE('',#1193,#1194);
#1193 = CARTESIAN_POINT('',(132.,0.));
#1194 = VECTOR('',#1195,1.);
#1195 = DIRECTION('',(0.,1.));
#1196 = ( GEOMETRIC_REPRESENTATION_CONTEXT(2) 
PARAMETRIC_REPRESENTATION_CONTEXT() REPRESENTATION_CONTEXT('2D SPACE',''
  ) );
#1197 = ORIENTED_EDGE('',*,*,#273,.F.);
#1198 = ORIENTED_EDGE('',*,*,#1122,.T.);
#1199 = ORIENTED_EDGE('',*,*,#1200,.T.);
#1200 = EDGE_CURVE('',#1123,#1176,#1201,.T.);
#1201 = SURFACE_CURVE('',#1202,(#1223,#1247),.PCURVE_S1.);
#1202 = B_SPLINE_CURVE_WITH_KNOTS('',7,(#1203,#1204,#1205,#1206,#1207,
    #1208,#1209,#1210,#1211,#1212,#1213,#1214,#1215,#1216,#1217,#1218,
    #1219,#1220,#1221,#1222),.UNSPECIFIED.,.F.,.F.,(8,6,6,8),(0.,
    0.400858953861,0.713566662463,1.),.UNSPECIFIED.);
#1203 = CARTESIAN_POINT('',(66.,-23.11465660723,-25.));
#1204 = CARTESIAN_POINT('',(66.,-23.39959555041,-20.75997234317));
#1205 = CARTESIAN_POINT('',(66.,-23.6160338493,-16.51543759986));
#1206 = CARTESIAN_POINT('',(66.,-23.76914584164,-12.26786507152));
#1207 = CARTESIAN_POINT('',(66.,-23.86188335327,-8.018512932095));
#1208 = CARTESIAN_POINT('',(66.,-23.89613232107,-3.768467072697));
#1209 = CARTESIAN_POINT('',(66.,-23.87280456105,0.481357005065));
#1210 = CARTESIAN_POINT('',(66.,-23.7288080353,8.044708217104));
#1211 = CARTESIAN_POINT('',(66.,-23.63067429005,11.358514964046));
#1212 = CARTESIAN_POINT('',(66.,-23.497520806,14.671226996956));
#1213 = CARTESIAN_POINT('',(66.,-23.32901346513,17.982390206733));
#1214 = CARTESIAN_POINT('',(66.,-23.12449907931,21.29149694945));
#1215 = CARTESIAN_POINT('',(66.,-22.88293703508,24.597981845263));
#1216 = CARTESIAN_POINT('',(66.,-22.34608075076,30.926897929495));
#1217 = CARTESIAN_POINT('',(66.,-22.05701452008,33.949759205919));
#1218 = CARTESIAN_POINT('',(66.,-21.73430864372,36.969376585118));
#1219 = CARTESIAN_POINT('',(66.,-21.37636081091,39.985144974498));
#1220 = CARTESIAN_POINT('',(66.,-20.9810278359,42.996250182259));
#1221 = CARTESIAN_POINT('',(66.,-20.54552412937,46.001657170595));
#1222 = CARTESIAN_POINT('',(66.,-20.06556627323,49.));
#1223 = PCURVE('',#323,#1224);
#1224 = DEFINITIONAL_REPRESENTATION('',(#1225),#1246);
#1225 = B_SPLINE_CURVE_WITH_KNOTS('',7,(#1226,#1227,#1228,#1229,#1230,
    #1231,#1232,#1233,#1234,#1235,#1236,#1237,#1238,#1239,#1240,#1241,
    #1242,#1243,#1244,#1245),.UNSPECIFIED.,.F.,.F.,(8,6,6,8),(0.,
    0.400858953861,0.713566662463,1.),.UNSPECIFIED.);
#1226 = CARTESIAN_POINT('',(0.,-76.88534339277));
#1227 = CARTESIAN_POINT('',(4.240027656826,-76.60040444958));
#1228 = CARTESIAN_POINT('',(8.484562400137,-76.38396615069));
#1229 = CARTESIAN_POINT('',(12.732134928476,-76.23085415835));
#1230 = CARTESIAN_POINT('',(16.981487067905,-76.13811664672));
#1231 = CARTESIAN_POINT('',(21.231532927303,-76.10386767892));
#1232 = CARTESIAN_POINT('',(25.481357005065,-76.12719543894));
#1233 = CARTESIAN_POINT('',(33.044708217104,-76.27119196469));
#1234 = CARTESIAN_POINT('',(36.358514964046,-76.36932570994));
#1235 = CARTESIAN_POINT('',(39.671226996956,-76.50247919399));
#1236 = CARTESIAN_POINT('',(42.982390206733,-76.67098653486));
#1237 = CARTESIAN_POINT('',(46.29149694945,-76.87550092068));
#1238 = CARTESIAN_POINT('',(49.597981845263,-77.11706296491));
#1239 = CARTESIAN_POINT('',(55.926897929495,-77.65391924923));
#1240 = CARTESIAN_POINT('',(58.949759205919,-77.94298547991));
#1241 = CARTESIAN_POINT('',(61.969376585118,-78.26569135627));
#1242 = CARTESIAN_POINT('',(64.985144974498,-78.62363918908));
#1243 = CARTESIAN_POINT('',(67.996250182259,-79.01897216409));
#1244 = CARTESIAN_POINT('',(71.001657170595,-79.45447587062));
#1245 = CARTESIAN_POINT('',(74.,-79.93443372676));
#1246 = ( GEOMETRIC_REPRESENTATION_CONTEXT(2) 
PARAMETRIC_REPRESENTATION_CONTEXT() REPRESENTATION_CONTEXT('2D SPACE',''
  ) );
#1247 = PCURVE('',#566,#1248);
#1248 = DEFINITIONAL_REPRESENTATION('',(#1249),#1270);
#1249 = B_SPLINE_CURVE_WITH_KNOTS('',7,(#1250,#1251,#1252,#1253,#1254,
    #1255,#1256,#1257,#1258,#1259,#1260,#1261,#1262,#1263,#1264,#1265,
    #1266,#1267,#1268,#1269),.UNSPECIFIED.,.F.,.F.,(8,6,6,8),(0.,
    0.400858953861,0.713566662463,1.),.UNSPECIFIED.);
#1250 = CARTESIAN_POINT('',(0.819773337698,0.382160938532));
#1251 = CARTESIAN_POINT('',(0.816245724472,0.406254306706));
#1252 = CARTESIAN_POINT('',(0.813656939086,0.429886718301));
#1253 = CARTESIAN_POINT('',(0.811860354277,0.453203702558));
#1254 = CARTESIAN_POINT('',(0.810783397995,0.476310983533));
#1255 = CARTESIAN_POINT('',(0.810384549099,0.499302065988));
#1256 = CARTESIAN_POINT('',(0.810652034403,0.52226310108));
#1257 = CARTESIAN_POINT('',(0.812344811908,0.563241208827));
#1258 = CARTESIAN_POINT('',(0.813502587675,0.581234582476));
#1259 = CARTESIAN_POINT('',(0.815084331292,0.599305382755));
#1260 = CARTESIAN_POINT('',(0.817109598733,0.617496250328));
#1261 = CARTESIAN_POINT('',(0.819608977469,0.635852246714));
#1262 = CARTESIAN_POINT('',(0.822628527958,0.654424346204));
#1263 = CARTESIAN_POINT('',(0.829546437851,0.690541150243));
#1264 = CARTESIAN_POINT('',(0.833349535075,0.708040533139));
#1265 = CARTESIAN_POINT('',(0.837703424441,0.725821121957));
#1266 = CARTESIAN_POINT('',(0.842679900842,0.743938141987));
#1267 = CARTESIAN_POINT('',(0.848379232459,0.762459503051));
#1268 = CARTESIAN_POINT('',(0.854935279661,0.781469066016));
#1269 = CARTESIAN_POINT('',(0.862574375766,0.80109239124));
#1270 = ( GEOMETRIC_REPRESENTATION_CONTEXT(2) 
PARAMETRIC_REPRESENTATION_CONTEXT() REPRESENTATION_CONTEXT('2D SPACE',''
  ) );
#1271 = ADVANCED_FACE('',(#1272),#259,.F.);
#1272 = FACE_BOUND('',#1273,.F.);
#1273 = EDGE_LOOP('',(#1274,#1275,#1276,#1277));
#1274 = ORIENTED_EDGE('',*,*,#998,.F.);
#1275 = ORIENTED_EDGE('',*,*,#239,.F.);
#1276 = ORIENTED_EDGE('',*,*,#1175,.T.);
#1277 = ORIENTED_EDGE('',*,*,#1278,.T.);
#1278 = EDGE_CURVE('',#1176,#999,#1279,.T.);
#1279 = SURFACE_CURVE('',#1280,(#1286,#1295),.PCURVE_S1.);
#1280 = B_SPLINE_CURVE_WITH_KNOTS('',4,(#1281,#1282,#1283,#1284,#1285),
  .UNSPECIFIED.,.F.,.F.,(5,5),(0.,1.),.PIECEWISE_BEZIER_KNOTS.);
#1281 = CARTESIAN_POINT('',(66.,-20.06556627323,49.));
#1282 = CARTESIAN_POINT('',(33.,-20.06556627323,49.));
#1283 = CARTESIAN_POINT('',(6.963318810449E-13,-20.06556627323,49.));
#1284 = CARTESIAN_POINT('',(-33.,-20.06556627323,49.));
#1285 = CARTESIAN_POINT('',(-66.,-20.06556627323,49.));
#1286 = PCURVE('',#259,#1287);
#1287 = DEFINITIONAL_REPRESENTATION('',(#1288),#1294);
#1288 = B_SPLINE_CURVE_WITH_KNOTS('',4,(#1289,#1290,#1291,#1292,#1293),
  .UNSPECIFIED.,.F.,.F.,(5,5),(0.,1.),.PIECEWISE_BEZIER_KNOTS.);
#1289 = CARTESIAN_POINT('',(132.,79.934433726762));
#1290 = CARTESIAN_POINT('',(99.,79.934433726762));
#1291 = CARTESIAN_POINT('',(66.000000000001,79.934433726762));
#1292 = CARTESIAN_POINT('',(33.,79.934433726762));
#1293 = CARTESIAN_POINT('',(0.,79.934433726762));
#1294 = ( GEOMETRIC_REPRESENTATION_CONTEXT(2) 
PARAMETRIC_REPRESENTATION_CONTEXT() REPRESENTATION_CONTEXT('2D SPACE',''
  ) );
#1295 = PCURVE('',#566,#1296);
#1296 = DEFINITIONAL_REPRESENTATION('',(#1297),#1303);
#1297 = B_SPLINE_CURVE_WITH_KNOTS('',4,(#1298,#1299,#1300,#1301,#1302),
  .UNSPECIFIED.,.F.,.F.,(5,5),(0.,1.),.PIECEWISE_BEZIER_KNOTS.);
#1298 = CARTESIAN_POINT('',(0.862574375766,0.80109239124));
#1299 = CARTESIAN_POINT('',(0.681287187883,0.80109239124));
#1300 = CARTESIAN_POINT('',(0.5,0.80109239124));
#1301 = CARTESIAN_POINT('',(0.318712812117,0.80109239124));
#1302 = CARTESIAN_POINT('',(0.137425624234,0.80109239124));
#1303 = ( GEOMETRIC_REPRESENTATION_CONTEXT(2) 
PARAMETRIC_REPRESENTATION_CONTEXT() REPRESENTATION_CONTEXT('2D SPACE',''
  ) );
#1304 = ADVANCED_FACE('',(#1305),#686,.T.);
#1305 = FACE_BOUND('',#1306,.T.);
#1306 = EDGE_LOOP('',(#1307,#1469,#1470,#1471));
#1307 = ORIENTED_EDGE('',*,*,#1308,.F.);
#1308 = EDGE_CURVE('',#649,#956,#1309,.T.);
#1309 = SURFACE_CURVE('',#1310,(#1361,#1415),.PCURVE_S1.);
#1310 = B_SPLINE_CURVE_WITH_KNOTS('',7,(#1311,#1312,#1313,#1314,#1315,
    #1316,#1317,#1318,#1319,#1320,#1321,#1322,#1323,#1324,#1325,#1326,
    #1327,#1328,#1329,#1330,#1331,#1332,#1333,#1334,#1335,#1336,#1337,
    #1338,#1339,#1340,#1341,#1342,#1343,#1344,#1345,#1346,#1347,#1348,
    #1349,#1350,#1351,#1352,#1353,#1354,#1355,#1356,#1357,#1358,#1359,
    #1360),.UNSPECIFIED.,.F.,.F.,(8,6,6,6,6,6,6,6,8),(0.,0.135476276655,
    0.228792650598,0.440300306322,0.542864936802,0.675556544773,
    0.744223490795,0.876013734538,1.),.UNSPECIFIED.);
#1311 = CARTESIAN_POINT('',(-72.,0.,-74.));
#1312 = CARTESIAN_POINT('',(-75.46615226692,0.,-72.94996650455));
#1313 = CARTESIAN_POINT('',(-78.86670150631,0.,-71.6840943208));
#1314 = CARTESIAN_POINT('',(-82.18715131624,0.,-70.21171186517));
#1315 = CARTESIAN_POINT('',(-85.41436282763,0.,-68.54285952812));
#1316 = CARTESIAN_POINT('',(-88.53632541974,0.,-66.68781585185));
#1317 = CARTESIAN_POINT('',(-91.54207319373,0.,-64.65693097176));
#1318 = CARTESIAN_POINT('',(-96.4050086555,0.,-60.94748342369));
#1319 = CARTESIAN_POINT('',(-98.32849691801,0.,-59.3559880301));
#1320 = CARTESIAN_POINT('',(-100.1887564352,0.,-57.68932270344));
#1321 = CARTESIAN_POINT('',(-101.9826263709,0.,-55.95090089266));
#1322 = CARTESIAN_POINT('',(-103.7070937688,0.,-54.14418529309));
#1323 = CARTESIAN_POINT('',(-105.3593034478,0.,-52.27269755804));
#1324 = CARTESIAN_POINT('',(-110.5115407752,0.,-45.95950626439));
#1325 = CARTESIAN_POINT('',(-113.7024823198,0.,-41.26346721874));
#1326 = CARTESIAN_POINT('',(-116.4761944487,0.,-36.29531432589));
#1327 = CARTESIAN_POINT('',(-118.8055996356,0.,-31.10032311591));
#1328 = CARTESIAN_POINT('',(-120.6701200567,0.,-25.72570884378));
#1329 = CARTESIAN_POINT('',(-122.0567312632,0.,-20.22107327954));
#1330 = CARTESIAN_POINT('',(-123.4022276405,0.,-11.93293204762));
#1331 = CARTESIAN_POINT('',(-123.7286778922,0.,-9.207934884271));
#1332 = CARTESIAN_POINT('',(-123.9418782451,0.,-6.470406339263));
#1333 = CARTESIAN_POINT('',(-124.0421047849,0.,-3.726050092256));
#1334 = CARTESIAN_POINT('',(-124.0301640676,0.,-0.980411552299));
#1335 = CARTESIAN_POINT('',(-123.9073536252,0.,1.761124029488));
#1336 = CARTESIAN_POINT('',(-123.375401134,0.,8.02809037937));
#1337 = CARTESIAN_POINT('',(-122.8927359612,0.,11.547384449748));
#1338 = CARTESIAN_POINT('',(-122.2312320853,0.,15.039994628698));
#1339 = CARTESIAN_POINT('',(-121.3958956821,0.,18.495716183102));
#1340 = CARTESIAN_POINT('',(-120.3926017556,0.,21.905281350252));
#1341 = CARTESIAN_POINT('',(-119.227795397,0.,25.260288874741));
#1342 = CARTESIAN_POINT('',(-117.2253833067,0.,30.257168827135));
#1343 = CARTESIAN_POINT('',(-116.50107084,0.,31.944581700499));
#1344 = CARTESIAN_POINT('',(-115.7362299713,0.,33.614349837656));
#1345 = CARTESIAN_POINT('',(-114.9318026959,0.,35.265503413276));
#1346 = CARTESIAN_POINT('',(-114.0887378526,0.,36.897128046882));
#1347 = CARTESIAN_POINT('',(-113.207980926,0.,38.50835982742));
#1348 = CARTESIAN_POINT('',(-110.5295030661,0.,43.150055164823));
#1349 = CARTESIAN_POINT('',(-108.633226245,0.,46.123434941651));
#1350 = CARTESIAN_POINT('',(-106.6081225397,0.,49.012962647211));
#1351 = CARTESIAN_POINT('',(-104.4605939859,0.,51.813395997344));
#1352 = CARTESIAN_POINT('',(-102.1968148906,0.,54.519695358659));
#1353 = CARTESIAN_POINT('',(-99.82258647768,0.,57.126910379525));
#1354 = CARTESIAN_POINT('',(-95.01021445699,0.,61.984674821868));
#1355 = CARTESIAN_POINT('',(-92.58448655441,0.,64.246893956631));
#1356 = CARTESIAN_POINT('',(-90.06986648953,0.,66.412522674083));
#1357 = CARTESIAN_POINT('',(-87.47035839555,0.,68.476783503463));
#1358 = CARTESIAN_POINT('',(-84.78986067948,0.,70.434078321252));
#1359 = CARTESIAN_POINT('',(-82.03209216545,0.,72.277891831074));
#1360 = CARTESIAN_POINT('',(-79.2,0.,74.));
#1361 = PCURVE('',#686,#1362);
#1362 = DEFINITIONAL_REPRESENTATION('',(#1363),#1414);
#1363 = B_SPLINE_CURVE_WITH_KNOTS('',7,(#1364,#1365,#1366,#1367,#1368,
    #1369,#1370,#1371,#1372,#1373,#1374,#1375,#1376,#1377,#1378,#1379,
    #1380,#1381,#1382,#1383,#1384,#1385,#1386,#1387,#1388,#1389,#1390,
    #1391,#1392,#1393,#1394,#1395,#1396,#1397,#1398,#1399,#1400,#1401,
    #1402,#1403,#1404,#1405,#1406,#1407,#1408,#1409,#1410,#1411,#1412,
    #1413),.UNSPECIFIED.,.F.,.F.,(8,6,6,6,6,6,6,6,8),(0.,0.135476276655,
    0.228792650598,0.440300306322,0.542864936802,0.675556544773,
    0.744223490795,0.876013734538,1.),.UNSPECIFIED.);
#1364 = CARTESIAN_POINT('',(6.5,0.));
#1365 = CARTESIAN_POINT('',(6.5,1.88037633579E-02));
#1366 = CARTESIAN_POINT('',(6.5,3.768421795961E-02));
#1367 = CARTESIAN_POINT('',(6.5,5.663143187927E-02));
#1368 = CARTESIAN_POINT('',(6.5,7.563932111243E-02));
#1369 = CARTESIAN_POINT('',(6.5,9.470416460426E-02));
#1370 = CARTESIAN_POINT('',(6.5,0.113824273342));
#1371 = CARTESIAN_POINT('',(6.5,0.146208285049));
#1372 = CARTESIAN_POINT('',(6.5,0.159442694546));
#1373 = CARTESIAN_POINT('',(6.5,0.17270313083));
#1374 = CARTESIAN_POINT('',(6.5,0.185989432873));
#1375 = CARTESIAN_POINT('',(6.5,0.199301329961));
#1376 = CARTESIAN_POINT('',(6.5,0.212638395361));
#1377 = CARTESIAN_POINT('',(6.5,0.256284949516));
#1378 = CARTESIAN_POINT('',(6.5,0.286704310306));
#1379 = CARTESIAN_POINT('',(6.5,0.317237715889));
#1380 = CARTESIAN_POINT('',(6.5,0.347865111443));
#1381 = CARTESIAN_POINT('',(6.5,0.378561002739));
#1382 = CARTESIAN_POINT('',(6.5,0.409291318361));
#1383 = CARTESIAN_POINT('',(6.5,0.454891302984));
#1384 = CARTESIAN_POINT('',(6.5,0.469779211325));
#1385 = CARTESIAN_POINT('',(6.5,0.484658383035));
#1386 = CARTESIAN_POINT('',(6.5,0.499524156444));
#1387 = CARTESIAN_POINT('',(6.5,0.514372306331));
#1388 = CARTESIAN_POINT('',(6.5,0.529198863812));
#1389 = CARTESIAN_POINT('',(6.5,0.563148770403));
#1390 = CARTESIAN_POINT('',(6.5,0.582255789201));
#1391 = CARTESIAN_POINT('',(6.5,0.60131327088));
#1392 = CARTESIAN_POINT('',(6.5,0.620316861607));
#1393 = CARTESIAN_POINT('',(6.5,0.63926486421));
#1394 = CARTESIAN_POINT('',(6.5,0.658158041796));
#1395 = CARTESIAN_POINT('',(6.5,0.686750576896));
#1396 = CARTESIAN_POINT('',(6.5,0.696487610826));
#1397 = CARTESIAN_POINT('',(6.5,0.706211740258));
#1398 = CARTESIAN_POINT('',(6.5,0.715923822328));
#1399 = CARTESIAN_POINT('',(6.5,0.725624950186));
#1400 = CARTESIAN_POINT('',(6.5,0.73531647034));
#1401 = CARTESIAN_POINT('',(6.5,0.763585284597));
#1402 = CARTESIAN_POINT('',(6.5,0.782140155189));
#1403 = CARTESIAN_POINT('',(6.5,0.800677396857));
#1404 = CARTESIAN_POINT('',(6.5,0.819211892415));
#1405 = CARTESIAN_POINT('',(6.5,0.837761472778));
#1406 = CARTESIAN_POINT('',(6.5,0.856347902169));
#1407 = CARTESIAN_POINT('',(6.5,0.892547611169));
#1408 = CARTESIAN_POINT('',(6.5,0.910151041828));
#1409 = CARTESIAN_POINT('',(6.5,0.927835827206));
#1410 = CARTESIAN_POINT('',(6.5,0.945628776568));
#1411 = CARTESIAN_POINT('',(6.5,0.963560508415));
#1412 = CARTESIAN_POINT('',(6.5,0.981667378535));
#1413 = CARTESIAN_POINT('',(6.5,1.));
#1414 = ( GEOMETRIC_REPRESENTATION_CONTEXT(2) 
PARAMETRIC_REPRESENTATION_CONTEXT() REPRESENTATION_CONTEXT('2D SPACE',''
  ) );
#1415 = PCURVE('',#663,#1416);
#1416 = DEFINITIONAL_REPRESENTATION('',(#1417),#1468);
#1417 = B_SPLINE_CURVE_WITH_KNOTS('',7,(#1418,#1419,#1420,#1421,#1422,
    #1423,#1424,#1425,#1426,#1427,#1428,#1429,#1430,#1431,#1432,#1433,
    #1434,#1435,#1436,#1437,#1438,#1439,#1440,#1441,#1442,#1443,#1444,
    #1445,#1446,#1447,#1448,#1449,#1450,#1451,#1452,#1453,#1454,#1455,
    #1456,#1457,#1458,#1459,#1460,#1461,#1462,#1463,#1464,#1465,#1466,
    #1467),.UNSPECIFIED.,.F.,.F.,(8,6,6,6,6,6,6,6,8),(0.,0.135476276655,
    0.228792650598,0.440300306322,0.542864936802,0.675556544773,
    0.744223490795,0.876013734538,1.),.UNSPECIFIED.);
#1418 = CARTESIAN_POINT('',(14.8,168.));
#1419 = CARTESIAN_POINT('',(15.850033495443,164.53384773307));
#1420 = CARTESIAN_POINT('',(17.115905679193,161.13329849368));
#1421 = CARTESIAN_POINT('',(18.588288134829,157.81284868375));
#1422 = CARTESIAN_POINT('',(20.25714047188,154.58563717236));
#1423 = CARTESIAN_POINT('',(22.112184148142,151.46367458025));
#1424 = CARTESIAN_POINT('',(24.143069028232,148.45792680626));
#1425 = CARTESIAN_POINT('',(27.85251657631,143.5949913445));
#1426 = CARTESIAN_POINT('',(29.4440119699,141.67150308198));
#1427 = CARTESIAN_POINT('',(31.11067729656,139.81124356473));
#1428 = CARTESIAN_POINT('',(32.84909910734,138.01737362908));
#1429 = CARTESIAN_POINT('',(34.655814706909,136.29290623117));
#1430 = CARTESIAN_POINT('',(36.527302441958,134.64069655216));
#1431 = CARTESIAN_POINT('',(42.840493735603,129.48845922473));
#1432 = CARTESIAN_POINT('',(47.536532781256,126.29751768018));
#1433 = CARTESIAN_POINT('',(52.504685674107,123.52380555124));
#1434 = CARTESIAN_POINT('',(57.699676884084,121.19440036431));
#1435 = CARTESIAN_POINT('',(63.074291156211,119.32987994324));
#1436 = CARTESIAN_POINT('',(68.578926720456,117.94326873673));
#1437 = CARTESIAN_POINT('',(76.867067952371,116.59777235941));
#1438 = CARTESIAN_POINT('',(79.592065115729,116.27132210778));
#1439 = CARTESIAN_POINT('',(82.329593660737,116.05812175483));
#1440 = CARTESIAN_POINT('',(85.073949907744,115.95789521504));
#1441 = CARTESIAN_POINT('',(87.819588447701,115.96983593236));
#1442 = CARTESIAN_POINT('',(90.561124029488,116.09264637478));
#1443 = CARTESIAN_POINT('',(96.82809037937,116.62459886594));
#1444 = CARTESIAN_POINT('',(100.34738444974,117.10726403875));
#1445 = CARTESIAN_POINT('',(103.83999462869,117.76876791466));
#1446 = CARTESIAN_POINT('',(107.2957161831,118.60410431788));
#1447 = CARTESIAN_POINT('',(110.70528135025,119.60739824439));
#1448 = CARTESIAN_POINT('',(114.06028887474,120.77220460291));
#1449 = CARTESIAN_POINT('',(119.05716882713,122.7746166933));
#1450 = CARTESIAN_POINT('',(120.74458170049,123.49892915995));
#1451 = CARTESIAN_POINT('',(122.41434983765,124.26377002866));
#1452 = CARTESIAN_POINT('',(124.06550341327,125.06819730403));
#1453 = CARTESIAN_POINT('',(125.69712804688,125.91126214739));
#1454 = CARTESIAN_POINT('',(127.30835982742,126.79201907392));
#1455 = CARTESIAN_POINT('',(131.95005516482,129.47049693385));
#1456 = CARTESIAN_POINT('',(134.92343494165,131.36677375499));
#1457 = CARTESIAN_POINT('',(137.81296264721,133.3918774602));
#1458 = CARTESIAN_POINT('',(140.61339599734,135.53940601409));
#1459 = CARTESIAN_POINT('',(143.31969535865,137.80318510936));
#1460 = CARTESIAN_POINT('',(145.92691037952,140.17741352231));
#1461 = CARTESIAN_POINT('',(150.78467482186,144.989785543));
#1462 = CARTESIAN_POINT('',(153.04689395663,147.41551344558));
#1463 = CARTESIAN_POINT('',(155.21252267408,149.93013351046));
#1464 = CARTESIAN_POINT('',(157.27678350346,152.52964160444));
#1465 = CARTESIAN_POINT('',(159.23407832125,155.21013932051));
#1466 = CARTESIAN_POINT('',(161.07789183107,157.96790783454));
#1467 = CARTESIAN_POINT('',(162.8,160.8));
#1468 = ( GEOMETRIC_REPRESENTATION_CONTEXT(2) 
PARAMETRIC_REPRESENTATION_CONTEXT() REPRESENTATION_CONTEXT('2D SPACE',''
  ) );
#1469 = ORIENTED_EDGE('',*,*,#674,.T.);
#1470 = ORIENTED_EDGE('',*,*,#730,.T.);
#1471 = ORIENTED_EDGE('',*,*,#976,.F.);
#1472 = ADVANCED_FACE('',(#1473),#663,.T.);
#1473 = FACE_BOUND('',#1474,.T.);
#1474 = EDGE_LOOP('',(#1475,#1637,#1638,#1639));
#1475 = ORIENTED_EDGE('',*,*,#1476,.F.);
#1476 = EDGE_CURVE('',#617,#935,#1477,.T.);
#1477 = SURFACE_CURVE('',#1478,(#1529,#1583),.PCURVE_S1.);
#1478 = B_SPLINE_CURVE_WITH_KNOTS('',7,(#1479,#1480,#1481,#1482,#1483,
    #1484,#1485,#1486,#1487,#1488,#1489,#1490,#1491,#1492,#1493,#1494,
    #1495,#1496,#1497,#1498,#1499,#1500,#1501,#1502,#1503,#1504,#1505,
    #1506,#1507,#1508,#1509,#1510,#1511,#1512,#1513,#1514,#1515,#1516,
    #1517,#1518,#1519,#1520,#1521,#1522,#1523,#1524,#1525,#1526,#1527,
    #1528),.UNSPECIFIED.,.F.,.F.,(8,6,6,6,6,6,6,6,8),(0.,0.135476276656,
    0.228792650599,0.440300306324,0.542864936805,0.675556544775,
    0.744223490798,0.87601373454,1.),.UNSPECIFIED.);
#1479 = CARTESIAN_POINT('',(-69.,0.,-74.));
#1480 = CARTESIAN_POINT('',(-72.46615226692,0.,-72.94996650455));
#1481 = CARTESIAN_POINT('',(-75.86670150631,0.,-71.6840943208));
#1482 = CARTESIAN_POINT('',(-79.18715131625,0.,-70.21171186516));
#1483 = CARTESIAN_POINT('',(-82.41436282762,0.,-68.54285952812));
#1484 = CARTESIAN_POINT('',(-85.53632541975,0.,-66.68781585185));
#1485 = CARTESIAN_POINT('',(-88.54207319373,0.,-64.65693097177));
#1486 = CARTESIAN_POINT('',(-93.4050086555,0.,-60.94748342369));
#1487 = CARTESIAN_POINT('',(-95.32849691801,0.,-59.3559880301));
#1488 = CARTESIAN_POINT('',(-97.18875643526,0.,-57.68932270344));
#1489 = CARTESIAN_POINT('',(-98.98262637091,0.,-55.95090089266));
#1490 = CARTESIAN_POINT('',(-100.7070937688,0.,-54.14418529309));
#1491 = CARTESIAN_POINT('',(-102.3593034478,0.,-52.27269755804));
#1492 = CARTESIAN_POINT('',(-107.5115407752,0.,-45.95950626439));
#1493 = CARTESIAN_POINT('',(-110.7024823198,0.,-41.26346721874));
#1494 = CARTESIAN_POINT('',(-113.4761944487,0.,-36.29531432588));
#1495 = CARTESIAN_POINT('',(-115.8055996356,0.,-31.10032311592));
#1496 = CARTESIAN_POINT('',(-117.6701200567,0.,-25.72570884378));
#1497 = CARTESIAN_POINT('',(-119.0567312632,0.,-20.22107327954));
#1498 = CARTESIAN_POINT('',(-120.4022276405,0.,-11.93293204763));
#1499 = CARTESIAN_POINT('',(-120.7286778922,0.,-9.207934884261));
#1500 = CARTESIAN_POINT('',(-120.9418782451,0.,-6.470406339268));
#1501 = CARTESIAN_POINT('',(-121.0421047849,0.,-3.726050092262));
#1502 = CARTESIAN_POINT('',(-121.0301640676,0.,-0.98041155229));
#1503 = CARTESIAN_POINT('',(-120.9073536252,0.,1.761124029484));
#1504 = CARTESIAN_POINT('',(-120.375401134,0.,8.028090379366));
#1505 = CARTESIAN_POINT('',(-119.8927359612,0.,11.547384449756));
#1506 = CARTESIAN_POINT('',(-119.2312320853,0.,15.039994628694));
#1507 = CARTESIAN_POINT('',(-118.3958956821,0.,18.495716183097));
#1508 = CARTESIAN_POINT('',(-117.3926017556,0.,21.905281350259));
#1509 = CARTESIAN_POINT('',(-116.227795397,0.,25.260288874738));
#1510 = CARTESIAN_POINT('',(-114.2253833067,0.,30.257168827137));
#1511 = CARTESIAN_POINT('',(-113.50107084,0.,31.944581700498));
#1512 = CARTESIAN_POINT('',(-112.7362299713,0.,33.614349837655));
#1513 = CARTESIAN_POINT('',(-111.9318026959,0.,35.265503413277));
#1514 = CARTESIAN_POINT('',(-111.0887378526,0.,36.897128046884));
#1515 = CARTESIAN_POINT('',(-110.207980926,0.,38.508359827419));
#1516 = CARTESIAN_POINT('',(-107.5295030661,0.,43.150055164793));
#1517 = CARTESIAN_POINT('',(-105.6332262449,0.,46.123434941763));
#1518 = CARTESIAN_POINT('',(-103.6081225399,0.,49.01296264702));
#1519 = CARTESIAN_POINT('',(-101.4605939857,0.,51.81339599752));
#1520 = CARTESIAN_POINT('',(-99.1968148907,0.,54.519695358572));
#1521 = CARTESIAN_POINT('',(-96.82258647766,0.,57.126910379544));
#1522 = CARTESIAN_POINT('',(-92.01021445701,0.,61.98467482185));
#1523 = CARTESIAN_POINT('',(-89.58448655434,0.,64.246893956695));
#1524 = CARTESIAN_POINT('',(-87.06986648965,0.,66.412522673982));
#1525 = CARTESIAN_POINT('',(-84.47035839545,0.,68.476783503547));
#1526 = CARTESIAN_POINT('',(-81.78986067953,0.,70.434078321217));
#1527 = CARTESIAN_POINT('',(-79.03209216544,0.,72.27789183108));
#1528 = CARTESIAN_POINT('',(-76.2,0.,74.));
#1529 = PCURVE('',#663,#1530);
#1530 = DEFINITIONAL_REPRESENTATION('',(#1531),#1582);
#1531 = B_SPLINE_CURVE_WITH_KNOTS('',7,(#1532,#1533,#1534,#1535,#1536,
    #1537,#1538,#1539,#1540,#1541,#1542,#1543,#1544,#1545,#1546,#1547,
    #1548,#1549,#1550,#1551,#1552,#1553,#1554,#1555,#1556,#1557,#1558,
    #1559,#1560,#1561,#1562,#1563,#1564,#1565,#1566,#1567,#1568,#1569,
    #1570,#1571,#1572,#1573,#1574,#1575,#1576,#1577,#1578,#1579,#1580,
    #1581),.UNSPECIFIED.,.F.,.F.,(8,6,6,6,6,6,6,6,8),(0.,0.135476276656,
    0.228792650599,0.440300306324,0.542864936805,0.675556544775,
    0.744223490798,0.87601373454,1.),.UNSPECIFIED.);
#1532 = CARTESIAN_POINT('',(14.8,171.));
#1533 = CARTESIAN_POINT('',(15.850033495444,167.53384773307));
#1534 = CARTESIAN_POINT('',(17.115905679192,164.13329849369));
#1535 = CARTESIAN_POINT('',(18.588288134833,160.81284868374));
#1536 = CARTESIAN_POINT('',(20.257140471875,157.58563717237));
#1537 = CARTESIAN_POINT('',(22.112184148146,154.46367458025));
#1538 = CARTESIAN_POINT('',(24.14306902823,151.45792680626));
#1539 = CARTESIAN_POINT('',(27.85251657631,146.5949913445));
#1540 = CARTESIAN_POINT('',(29.4440119699,144.67150308198));
#1541 = CARTESIAN_POINT('',(31.11067729656,142.81124356473));
#1542 = CARTESIAN_POINT('',(32.84909910734,141.01737362908));
#1543 = CARTESIAN_POINT('',(34.655814706909,139.29290623117));
#1544 = CARTESIAN_POINT('',(36.527302441959,137.64069655216));
#1545 = CARTESIAN_POINT('',(42.840493735603,132.48845922473));
#1546 = CARTESIAN_POINT('',(47.536532781253,129.29751768018));
#1547 = CARTESIAN_POINT('',(52.504685674117,126.52380555124));
#1548 = CARTESIAN_POINT('',(57.699676884071,124.19440036432));
#1549 = CARTESIAN_POINT('',(63.074291156219,122.32987994324));
#1550 = CARTESIAN_POINT('',(68.578926720453,120.94326873673));
#1551 = CARTESIAN_POINT('',(76.867067952366,119.59777235941));
#1552 = CARTESIAN_POINT('',(79.592065115739,119.27132210778));
#1553 = CARTESIAN_POINT('',(82.329593660732,119.05812175483));
#1554 = CARTESIAN_POINT('',(85.073949907738,118.95789521504));
#1555 = CARTESIAN_POINT('',(87.81958844771,118.96983593236));
#1556 = CARTESIAN_POINT('',(90.561124029484,119.09264637478));
#1557 = CARTESIAN_POINT('',(96.828090379366,119.62459886594));
#1558 = CARTESIAN_POINT('',(100.34738444975,120.10726403875));
#1559 = CARTESIAN_POINT('',(103.83999462869,120.76876791466));
#1560 = CARTESIAN_POINT('',(107.29571618309,121.60410431788));
#1561 = CARTESIAN_POINT('',(110.70528135025,122.60739824439));
#1562 = CARTESIAN_POINT('',(114.06028887473,123.77220460291));
#1563 = CARTESIAN_POINT('',(119.05716882713,125.7746166933));
#1564 = CARTESIAN_POINT('',(120.74458170049,126.49892915995));
#1565 = CARTESIAN_POINT('',(122.41434983765,127.26377002866));
#1566 = CARTESIAN_POINT('',(124.06550341327,128.06819730403));
#1567 = CARTESIAN_POINT('',(125.69712804688,128.91126214739));
#1568 = CARTESIAN_POINT('',(127.30835982741,129.79201907392));
#1569 = CARTESIAN_POINT('',(131.95005516479,132.47049693383));
#1570 = CARTESIAN_POINT('',(134.92343494176,134.36677375506));
#1571 = CARTESIAN_POINT('',(137.81296264702,136.39187746007));
#1572 = CARTESIAN_POINT('',(140.61339599752,138.53940601422));
#1573 = CARTESIAN_POINT('',(143.31969535857,140.80318510929));
#1574 = CARTESIAN_POINT('',(145.92691037954,143.17741352233));
#1575 = CARTESIAN_POINT('',(150.78467482185,147.98978554299));
#1576 = CARTESIAN_POINT('',(153.04689395669,150.41551344565));
#1577 = CARTESIAN_POINT('',(155.21252267398,152.93013351035));
#1578 = CARTESIAN_POINT('',(157.27678350354,155.52964160454));
#1579 = CARTESIAN_POINT('',(159.23407832121,158.21013932046));
#1580 = CARTESIAN_POINT('',(161.07789183108,160.96790783455));
#1581 = CARTESIAN_POINT('',(162.8,163.8));
#1582 = ( GEOMETRIC_REPRESENTATION_CONTEXT(2) 
PARAMETRIC_REPRESENTATION_CONTEXT() REPRESENTATION_CONTEXT('2D SPACE',''
  ) );
#1583 = PCURVE('',#630,#1584);
#1584 = DEFINITIONAL_REPRESENTATION('',(#1585),#1636);
#1585 = B_SPLINE_CURVE_WITH_KNOTS('',7,(#1586,#1587,#1588,#1589,#1590,
    #1591,#1592,#1593,#1594,#1595,#1596,#1597,#1598,#1599,#1600,#1601,
    #1602,#1603,#1604,#1605,#1606,#1607,#1608,#1609,#1610,#1611,#1612,
    #1613,#1614,#1615,#1616,#1617,#1618,#1619,#1620,#1621,#1622,#1623,
    #1624,#1625,#1626,#1627,#1628,#1629,#1630,#1631,#1632,#1633,#1634,
    #1635),.UNSPECIFIED.,.F.,.F.,(8,6,6,6,6,6,6,6,8),(0.,0.135476276656,
    0.228792650599,0.440300306324,0.542864936805,0.675556544775,
    0.744223490798,0.87601373454,1.),.UNSPECIFIED.);
#1586 = CARTESIAN_POINT('',(6.5,0.));
#1587 = CARTESIAN_POINT('',(6.5,1.88037633579E-02));
#1588 = CARTESIAN_POINT('',(6.5,3.76842179596E-02));
#1589 = CARTESIAN_POINT('',(6.5,5.663143187931E-02));
#1590 = CARTESIAN_POINT('',(6.5,7.563932111238E-02));
#1591 = CARTESIAN_POINT('',(6.5,9.47041646043E-02));
#1592 = CARTESIAN_POINT('',(6.5,0.113824273342));
#1593 = CARTESIAN_POINT('',(6.5,0.146208285049));
#1594 = CARTESIAN_POINT('',(6.5,0.159442694546));
#1595 = CARTESIAN_POINT('',(6.5,0.17270313083));
#1596 = CARTESIAN_POINT('',(6.5,0.185989432873));
#1597 = CARTESIAN_POINT('',(6.5,0.199301329961));
#1598 = CARTESIAN_POINT('',(6.5,0.212638395361));
#1599 = CARTESIAN_POINT('',(6.5,0.256284949516));
#1600 = CARTESIAN_POINT('',(6.5,0.286704310306));
#1601 = CARTESIAN_POINT('',(6.5,0.317237715889));
#1602 = CARTESIAN_POINT('',(6.5,0.347865111442));
#1603 = CARTESIAN_POINT('',(6.5,0.378561002739));
#1604 = CARTESIAN_POINT('',(6.5,0.409291318361));
#1605 = CARTESIAN_POINT('',(6.5,0.454891302984));
#1606 = CARTESIAN_POINT('',(6.5,0.469779211325));
#1607 = CARTESIAN_POINT('',(6.5,0.484658383035));
#1608 = CARTESIAN_POINT('',(6.5,0.499524156444));
#1609 = CARTESIAN_POINT('',(6.5,0.514372306331));
#1610 = CARTESIAN_POINT('',(6.5,0.529198863812));
#1611 = CARTESIAN_POINT('',(6.5,0.563148770403));
#1612 = CARTESIAN_POINT('',(6.5,0.582255789201));
#1613 = CARTESIAN_POINT('',(6.5,0.60131327088));
#1614 = CARTESIAN_POINT('',(6.5,0.620316861607));
#1615 = CARTESIAN_POINT('',(6.5,0.63926486421));
#1616 = CARTESIAN_POINT('',(6.5,0.658158041796));
#1617 = CARTESIAN_POINT('',(6.5,0.686750576896));
#1618 = CARTESIAN_POINT('',(6.5,0.696487610826));
#1619 = CARTESIAN_POINT('',(6.5,0.706211740258));
#1620 = CARTESIAN_POINT('',(6.5,0.715923822328));
#1621 = CARTESIAN_POINT('',(6.5,0.725624950186));
#1622 = CARTESIAN_POINT('',(6.5,0.73531647034));
#1623 = CARTESIAN_POINT('',(6.5,0.763585284597));
#1624 = CARTESIAN_POINT('',(6.5,0.78214015519));
#1625 = CARTESIAN_POINT('',(6.5,0.800677396856));
#1626 = CARTESIAN_POINT('',(6.5,0.819211892416));
#1627 = CARTESIAN_POINT('',(6.5,0.837761472777));
#1628 = CARTESIAN_POINT('',(6.5,0.856347902169));
#1629 = CARTESIAN_POINT('',(6.5,0.892547611169));
#1630 = CARTESIAN_POINT('',(6.5,0.910151041828));
#1631 = CARTESIAN_POINT('',(6.5,0.927835827205));
#1632 = CARTESIAN_POINT('',(6.5,0.945628776568));
#1633 = CARTESIAN_POINT('',(6.5,0.963560508414));
#1634 = CARTESIAN_POINT('',(6.5,0.981667378535));
#1635 = CARTESIAN_POINT('',(6.5,1.));
#1636 = ( GEOMETRIC_REPRESENTATION_CONTEXT(2) 
PARAMETRIC_REPRESENTATION_CONTEXT() REPRESENTATION_CONTEXT('2D SPACE',''
  ) );
#1637 = ORIENTED_EDGE('',*,*,#648,.T.);
#1638 = ORIENTED_EDGE('',*,*,#1308,.T.);
#1639 = ORIENTED_EDGE('',*,*,#955,.F.);
#1640 = ADVANCED_FACE('',(#1641),#630,.F.);
#1641 = FACE_BOUND('',#1642,.F.);
#1642 = EDGE_LOOP('',(#1643,#1644,#1645,#1668));
#1643 = ORIENTED_EDGE('',*,*,#1476,.F.);
#1644 = ORIENTED_EDGE('',*,*,#616,.T.);
#1645 = ORIENTED_EDGE('',*,*,#1646,.T.);
#1646 = EDGE_CURVE('',#585,#914,#1647,.T.);
#1647 = SURFACE_CURVE('',#1648,(#1654,#1661),.PCURVE_S1.);
#1648 = ( BOUNDED_CURVE() B_SPLINE_CURVE(4,(#1649,#1650,#1651,#1652,
#1653),.UNSPECIFIED.,.F.,.F.) B_SPLINE_CURVE_WITH_KNOTS((5,5),(0.,1.),
.PIECEWISE_BEZIER_KNOTS.) CURVE() GEOMETRIC_REPRESENTATION_ITEM() 
RATIONAL_B_SPLINE_CURVE((1.,1.,1.,1.,1.)) REPRESENTATION_ITEM('') );
#1649 = CARTESIAN_POINT('',(-69.,-4.788,-74.));
#1650 = CARTESIAN_POINT('',(-115.0832254819,-8.582185564677,
    -60.03958320127));
#1651 = CARTESIAN_POINT('',(-145.0578606811,-11.05009719608,
    -3.34180849483));
#1652 = CARTESIAN_POINT('',(-114.8209382401,-8.560590581772,
    50.515794914387));
#1653 = CARTESIAN_POINT('',(-76.2,-5.3808,74.));
#1654 = PCURVE('',#630,#1655);
#1655 = DEFINITIONAL_REPRESENTATION('',(#1656),#1660);
#1656 = LINE('',#1657,#1658);
#1657 = CARTESIAN_POINT('',(7.,0.));
#1658 = VECTOR('',#1659,1.);
#1659 = DIRECTION('',(0.,1.));
#1660 = ( GEOMETRIC_REPRESENTATION_CONTEXT(2) 
PARAMETRIC_REPRESENTATION_CONTEXT() REPRESENTATION_CONTEXT('2D SPACE',''
  ) );
#1661 = PCURVE('',#598,#1662);
#1662 = DEFINITIONAL_REPRESENTATION('',(#1663),#1667);
#1663 = LINE('',#1664,#1665);
#1664 = CARTESIAN_POINT('',(7.,0.));
#1665 = VECTOR('',#1666,1.);
#1666 = DIRECTION('',(0.,1.));
#1667 = ( GEOMETRIC_REPRESENTATION_CONTEXT(2) 
PARAMETRIC_REPRESENTATION_CONTEXT() REPRESENTATION_CONTEXT('2D SPACE',''
  ) );
#1668 = ORIENTED_EDGE('',*,*,#934,.F.);
#1669 = ADVANCED_FACE('',(#1670),#598,.F.);
#1670 = FACE_BOUND('',#1671,.F.);
#1671 = EDGE_LOOP('',(#1672,#1673,#1696,#1697));
#1672 = ORIENTED_EDGE('',*,*,#584,.T.);
#1673 = ORIENTED_EDGE('',*,*,#1674,.T.);
#1674 = EDGE_CURVE('',#553,#893,#1675,.T.);
#1675 = SURFACE_CURVE('',#1676,(#1682,#1689),.PCURVE_S1.);
#1676 = ( BOUNDED_CURVE() B_SPLINE_CURVE(4,(#1677,#1678,#1679,#1680,
#1681),.UNSPECIFIED.,.F.,.F.) B_SPLINE_CURVE_WITH_KNOTS((5,5),(0.,1.),
.PIECEWISE_BEZIER_KNOTS.) CURVE() GEOMETRIC_REPRESENTATION_ITEM() 
RATIONAL_B_SPLINE_CURVE((1.,1.,1.,1.,1.)) REPRESENTATION_ITEM('') );
#1677 = CARTESIAN_POINT('',(-61.188,-12.6,-74.));
#1678 = CARTESIAN_POINT('',(-101.0807121921,-22.58469885441,
    -60.03958320127));
#1679 = CARTESIAN_POINT('',(-127.0287547296,-29.07920314758,
    -3.34180849483));
#1680 = CARTESIAN_POINT('',(-100.8536588698,-22.52786995203,
    50.515794914387));
#1681 = CARTESIAN_POINT('',(-67.4208,-14.16,74.));
#1682 = PCURVE('',#598,#1683);
#1683 = DEFINITIONAL_REPRESENTATION('',(#1684),#1688);
#1684 = LINE('',#1685,#1686);
#1685 = CARTESIAN_POINT('',(8.,0.));
#1686 = VECTOR('',#1687,1.);
#1687 = DIRECTION('',(0.,1.));
#1688 = ( GEOMETRIC_REPRESENTATION_CONTEXT(2) 
PARAMETRIC_REPRESENTATION_CONTEXT() REPRESENTATION_CONTEXT('2D SPACE',''
  ) );
#1689 = PCURVE('',#566,#1690);
#1690 = DEFINITIONAL_REPRESENTATION('',(#1691),#1695);
#1691 = LINE('',#1692,#1693);
#1692 = CARTESIAN_POINT('',(0.,0.));
#1693 = VECTOR('',#1694,1.);
#1694 = DIRECTION('',(0.,1.));
#1695 = ( GEOMETRIC_REPRESENTATION_CONTEXT(2) 
PARAMETRIC_REPRESENTATION_CONTEXT() REPRESENTATION_CONTEXT('2D SPACE',''
  ) );
#1696 = ORIENTED_EDGE('',*,*,#913,.F.);
#1697 = ORIENTED_EDGE('',*,*,#1646,.F.);
#1698 = ADVANCED_FACE('',(#1699,#1727),#566,.F.);
#1699 = FACE_BOUND('',#1700,.F.);
#1700 = EDGE_LOOP('',(#1701,#1702,#1725,#1726));
#1701 = ORIENTED_EDGE('',*,*,#552,.T.);
#1702 = ORIENTED_EDGE('',*,*,#1703,.T.);
#1703 = EDGE_CURVE('',#521,#872,#1704,.T.);
#1704 = SURFACE_CURVE('',#1705,(#1711,#1718),.PCURVE_S1.);
#1705 = ( BOUNDED_CURVE() B_SPLINE_CURVE(4,(#1706,#1707,#1708,#1709,
#1710),.UNSPECIFIED.,.F.,.F.) B_SPLINE_CURVE_WITH_KNOTS((5,5),(0.,1.),
.PIECEWISE_BEZIER_KNOTS.) CURVE() GEOMETRIC_REPRESENTATION_ITEM() 
RATIONAL_B_SPLINE_CURVE((1.,1.,1.,1.,1.)) REPRESENTATION_ITEM('') );
#1706 = CARTESIAN_POINT('',(61.188,-12.6,-74.));
#1707 = CARTESIAN_POINT('',(101.08071219216,-22.58469885441,
    -60.03958320127));
#1708 = CARTESIAN_POINT('',(127.02875472966,-29.07920314758,
    -3.34180849483));
#1709 = CARTESIAN_POINT('',(100.85365886988,-22.52786995203,
    50.515794914387));
#1710 = CARTESIAN_POINT('',(67.4208,-14.16,74.));
#1711 = PCURVE('',#566,#1712);
#1712 = DEFINITIONAL_REPRESENTATION('',(#1713),#1717);
#1713 = LINE('',#1714,#1715);
#1714 = CARTESIAN_POINT('',(1.,0.));
#1715 = VECTOR('',#1716,1.);
#1716 = DIRECTION('',(0.,1.));
#1717 = ( GEOMETRIC_REPRESENTATION_CONTEXT(2) 
PARAMETRIC_REPRESENTATION_CONTEXT() REPRESENTATION_CONTEXT('2D SPACE',''
  ) );
#1718 = PCURVE('',#534,#1719);
#1719 = DEFINITIONAL_REPRESENTATION('',(#1720),#1724);
#1720 = LINE('',#1721,#1722);
#1721 = CARTESIAN_POINT('',(1.,0.));
#1722 = VECTOR('',#1723,1.);
#1723 = DIRECTION('',(0.,1.));
#1724 = ( GEOMETRIC_REPRESENTATION_CONTEXT(2) 
PARAMETRIC_REPRESENTATION_CONTEXT() REPRESENTATION_CONTEXT('2D SPACE',''
  ) );
#1725 = ORIENTED_EDGE('',*,*,#892,.F.);
#1726 = ORIENTED_EDGE('',*,*,#1674,.F.);
#1727 = FACE_BOUND('',#1728,.F.);
#1728 = EDGE_LOOP('',(#1729,#1730,#1731,#1732));
#1729 = ORIENTED_EDGE('',*,*,#1045,.F.);
#1730 = ORIENTED_EDGE('',*,*,#1278,.F.);
#1731 = ORIENTED_EDGE('',*,*,#1200,.F.);
#1732 = ORIENTED_EDGE('',*,*,#1145,.T.);
#1733 = ADVANCED_FACE('',(#1734),#534,.F.);
#1734 = FACE_BOUND('',#1735,.F.);
#1735 = EDGE_LOOP('',(#1736,#1737,#1760,#1761));
#1736 = ORIENTED_EDGE('',*,*,#520,.T.);
#1737 = ORIENTED_EDGE('',*,*,#1738,.T.);
#1738 = EDGE_CURVE('',#489,#851,#1739,.T.);
#1739 = SURFACE_CURVE('',#1740,(#1746,#1753),.PCURVE_S1.);
#1740 = ( BOUNDED_CURVE() B_SPLINE_CURVE(4,(#1741,#1742,#1743,#1744,
#1745),.UNSPECIFIED.,.F.,.F.) B_SPLINE_CURVE_WITH_KNOTS((5,5),(0.,1.),
.PIECEWISE_BEZIER_KNOTS.) CURVE() GEOMETRIC_REPRESENTATION_ITEM() 
RATIONAL_B_SPLINE_CURVE((1.,1.,1.,1.,1.)) REPRESENTATION_ITEM('') );
#1741 = CARTESIAN_POINT('',(69.,-4.788,-74.));
#1742 = CARTESIAN_POINT('',(115.0832254819,-8.582185564677,
    -60.03958320127));
#1743 = CARTESIAN_POINT('',(145.05786068117,-11.05009719608,
    -3.34180849483));
#1744 = CARTESIAN_POINT('',(114.82093824014,-8.560590581772,
    50.515794914387));
#1745 = CARTESIAN_POINT('',(76.2,-5.3808,74.));
#1746 = PCURVE('',#534,#1747);
#1747 = DEFINITIONAL_REPRESENTATION('',(#1748),#1752);
#1748 = LINE('',#1749,#1750);
#1749 = CARTESIAN_POINT('',(2.,0.));
#1750 = VECTOR('',#1751,1.);
#1751 = DIRECTION('',(0.,1.));
#1752 = ( GEOMETRIC_REPRESENTATION_CONTEXT(2) 
PARAMETRIC_REPRESENTATION_CONTEXT() REPRESENTATION_CONTEXT('2D SPACE',''
  ) );
#1753 = PCURVE('',#502,#1754);
#1754 = DEFINITIONAL_REPRESENTATION('',(#1755),#1759);
#1755 = LINE('',#1756,#1757);
#1756 = CARTESIAN_POINT('',(2.,0.));
#1757 = VECTOR('',#1758,1.);
#1758 = DIRECTION('',(0.,1.));
#1759 = ( GEOMETRIC_REPRESENTATION_CONTEXT(2) 
PARAMETRIC_REPRESENTATION_CONTEXT() REPRESENTATION_CONTEXT('2D SPACE',''
  ) );
#1760 = ORIENTED_EDGE('',*,*,#871,.F.);
#1761 = ORIENTED_EDGE('',*,*,#1703,.F.);
#1762 = ADVANCED_FACE('',(#1763),#502,.F.);
#1763 = FACE_BOUND('',#1764,.F.);
#1764 = EDGE_LOOP('',(#1765,#1766,#1767,#1929));
#1765 = ORIENTED_EDGE('',*,*,#1738,.F.);
#1766 = ORIENTED_EDGE('',*,*,#488,.T.);
#1767 = ORIENTED_EDGE('',*,*,#1768,.T.);
#1768 = EDGE_CURVE('',#463,#830,#1769,.T.);
#1769 = SURFACE_CURVE('',#1770,(#1821,#1875),.PCURVE_S1.);
#1770 = B_SPLINE_CURVE_WITH_KNOTS('',7,(#1771,#1772,#1773,#1774,#1775,
    #1776,#1777,#1778,#1779,#1780,#1781,#1782,#1783,#1784,#1785,#1786,
    #1787,#1788,#1789,#1790,#1791,#1792,#1793,#1794,#1795,#1796,#1797,
    #1798,#1799,#1800,#1801,#1802,#1803,#1804,#1805,#1806,#1807,#1808,
    #1809,#1810,#1811,#1812,#1813,#1814,#1815,#1816,#1817,#1818,#1819,
    #1820),.UNSPECIFIED.,.F.,.F.,(8,6,6,6,6,6,6,6,8),(0.,0.135476276656,
    0.228792650598,0.440300306323,0.542864936803,0.675556544774,
    0.744223490796,0.876013734539,1.),.UNSPECIFIED.);
#1771 = CARTESIAN_POINT('',(69.,0.,-74.));
#1772 = CARTESIAN_POINT('',(72.466152266917,0.,-72.94996650455));
#1773 = CARTESIAN_POINT('',(75.866701506326,0.,-71.6840943208));
#1774 = CARTESIAN_POINT('',(79.187151316231,0.,-70.21171186517));
#1775 = CARTESIAN_POINT('',(82.414362827645,0.,-68.54285952811));
#1776 = CARTESIAN_POINT('',(85.536325419738,0.,-66.68781585186));
#1777 = CARTESIAN_POINT('',(88.542073193735,0.,-64.65693097176));
#1778 = CARTESIAN_POINT('',(93.405008655499,0.,-60.94748342369));
#1779 = CARTESIAN_POINT('',(95.328496918013,0.,-59.3559880301));
#1780 = CARTESIAN_POINT('',(97.188756435268,0.,-57.68932270344));
#1781 = CARTESIAN_POINT('',(98.982626370917,0.,-55.95090089266));
#1782 = CARTESIAN_POINT('',(100.70709376883,0.,-54.14418529309));
#1783 = CARTESIAN_POINT('',(102.35930344784,0.,-52.27269755804));
#1784 = CARTESIAN_POINT('',(107.51154077526,0.,-45.9595062644));
#1785 = CARTESIAN_POINT('',(110.70248231983,0.,-41.26346721871));
#1786 = CARTESIAN_POINT('',(113.47619444873,0.,-36.29531432594));
#1787 = CARTESIAN_POINT('',(115.80559963569,0.,-31.10032311586));
#1788 = CARTESIAN_POINT('',(117.67012005674,0.,-25.72570884381));
#1789 = CARTESIAN_POINT('',(119.05673126326,0.,-20.22107327953));
#1790 = CARTESIAN_POINT('',(120.40222764058,0.,-11.93293204763));
#1791 = CARTESIAN_POINT('',(120.72867789221,0.,-9.20793488427));
#1792 = CARTESIAN_POINT('',(120.94187824516,0.,-6.470406339263));
#1793 = CARTESIAN_POINT('',(121.04210478495,0.,-3.726050092257));
#1794 = CARTESIAN_POINT('',(121.03016406763,0.,-0.980411552298));
#1795 = CARTESIAN_POINT('',(120.90735362521,0.,1.761124029488));
#1796 = CARTESIAN_POINT('',(120.37540113405,0.,8.028090379369));
#1797 = CARTESIAN_POINT('',(119.89273596124,0.,11.547384449748));
#1798 = CARTESIAN_POINT('',(119.23123208533,0.,15.039994628699));
#1799 = CARTESIAN_POINT('',(118.39589568211,0.,18.495716183102));
#1800 = CARTESIAN_POINT('',(117.3926017556,0.,21.905281350251));
#1801 = CARTESIAN_POINT('',(116.22779539708,0.,25.260288874741));
#1802 = CARTESIAN_POINT('',(114.22538330669,0.,30.257168827138));
#1803 = CARTESIAN_POINT('',(113.50107084004,0.,31.944581700497));
#1804 = CARTESIAN_POINT('',(112.73622997134,0.,33.614349837654));
#1805 = CARTESIAN_POINT('',(111.93180269596,0.,35.265503413277));
#1806 = CARTESIAN_POINT('',(111.0887378526,0.,36.897128046884));
#1807 = CARTESIAN_POINT('',(110.20798092607,0.,38.508359827418));
#1808 = CARTESIAN_POINT('',(107.52950306616,0.,43.150055164794));
#1809 = CARTESIAN_POINT('',(105.63322624492,0.,46.123434941773));
#1810 = CARTESIAN_POINT('',(103.60812253994,0.,49.012962646992));
#1811 = CARTESIAN_POINT('',(101.46059398574,0.,51.813395997553));
#1812 = CARTESIAN_POINT('',(99.196814890723,0.,54.519695358553));
#1813 = CARTESIAN_POINT('',(96.822586477659,0.,57.126910379549));
#1814 = CARTESIAN_POINT('',(92.010214457001,0.,61.984674821858));
#1815 = CARTESIAN_POINT('',(89.584486554382,0.,64.246893956663));
#1816 = CARTESIAN_POINT('',(87.069866489587,0.,66.412522674035));
#1817 = CARTESIAN_POINT('',(84.470358395515,0.,68.476783503499));
#1818 = CARTESIAN_POINT('',(81.789860679504,0.,70.434078321239));
#1819 = CARTESIAN_POINT('',(79.032092165455,0.,72.277891831075));
#1820 = CARTESIAN_POINT('',(76.2,0.,74.));
#1821 = PCURVE('',#502,#1822);
#1822 = DEFINITIONAL_REPRESENTATION('',(#1823),#1874);
#1823 = B_SPLINE_CURVE_WITH_KNOTS('',7,(#1824,#1825,#1826,#1827,#1828,
    #1829,#1830,#1831,#1832,#1833,#1834,#1835,#1836,#1837,#1838,#1839,
    #1840,#1841,#1842,#1843,#1844,#1845,#1846,#1847,#1848,#1849,#1850,
    #1851,#1852,#1853,#1854,#1855,#1856,#1857,#1858,#1859,#1860,#1861,
    #1862,#1863,#1864,#1865,#1866,#1867,#1868,#1869,#1870,#1871,#1872,
    #1873),.UNSPECIFIED.,.F.,.F.,(8,6,6,6,6,6,6,6,8),(0.,0.135476276656,
    0.228792650598,0.440300306323,0.542864936803,0.675556544774,
    0.744223490796,0.876013734539,1.),.UNSPECIFIED.);
#1824 = CARTESIAN_POINT('',(2.5,0.));
#1825 = CARTESIAN_POINT('',(2.5,1.880376335788E-02));
#1826 = CARTESIAN_POINT('',(2.5,3.768421795967E-02));
#1827 = CARTESIAN_POINT('',(2.5,5.66314318792E-02));
#1828 = CARTESIAN_POINT('',(2.5,7.563932111248E-02));
#1829 = CARTESIAN_POINT('',(2.5,9.470416460423E-02));
#1830 = CARTESIAN_POINT('',(2.5,0.113824273342));
#1831 = CARTESIAN_POINT('',(2.5,0.146208285049));
#1832 = CARTESIAN_POINT('',(2.5,0.159442694546));
#1833 = CARTESIAN_POINT('',(2.5,0.17270313083));
#1834 = CARTESIAN_POINT('',(2.5,0.185989432873));
#1835 = CARTESIAN_POINT('',(2.5,0.199301329961));
#1836 = CARTESIAN_POINT('',(2.5,0.212638395361));
#1837 = CARTESIAN_POINT('',(2.5,0.256284949516));
#1838 = CARTESIAN_POINT('',(2.5,0.286704310306));
#1839 = CARTESIAN_POINT('',(2.5,0.317237715888));
#1840 = CARTESIAN_POINT('',(2.5,0.347865111443));
#1841 = CARTESIAN_POINT('',(2.5,0.378561002739));
#1842 = CARTESIAN_POINT('',(2.5,0.409291318361));
#1843 = CARTESIAN_POINT('',(2.5,0.454891302984));
#1844 = CARTESIAN_POINT('',(2.5,0.469779211325));
#1845 = CARTESIAN_POINT('',(2.5,0.484658383035));
#1846 = CARTESIAN_POINT('',(2.5,0.499524156444));
#1847 = CARTESIAN_POINT('',(2.5,0.514372306331));
#1848 = CARTESIAN_POINT('',(2.5,0.529198863812));
#1849 = CARTESIAN_POINT('',(2.5,0.563148770403));
#1850 = CARTESIAN_POINT('',(2.5,0.582255789201));
#1851 = CARTESIAN_POINT('',(2.5,0.60131327088));
#1852 = CARTESIAN_POINT('',(2.5,0.620316861607));
#1853 = CARTESIAN_POINT('',(2.5,0.63926486421));
#1854 = CARTESIAN_POINT('',(2.5,0.658158041796));
#1855 = CARTESIAN_POINT('',(2.5,0.686750576896));
#1856 = CARTESIAN_POINT('',(2.5,0.696487610826));
#1857 = CARTESIAN_POINT('',(2.5,0.706211740258));
#1858 = CARTESIAN_POINT('',(2.5,0.715923822328));
#1859 = CARTESIAN_POINT('',(2.5,0.725624950186));
#1860 = CARTESIAN_POINT('',(2.5,0.73531647034));
#1861 = CARTESIAN_POINT('',(2.5,0.763585284597));
#1862 = CARTESIAN_POINT('',(2.5,0.78214015519));
#1863 = CARTESIAN_POINT('',(2.5,0.800677396856));
#1864 = CARTESIAN_POINT('',(2.5,0.819211892417));
#1865 = CARTESIAN_POINT('',(2.5,0.837761472777));
#1866 = CARTESIAN_POINT('',(2.5,0.85634790217));
#1867 = CARTESIAN_POINT('',(2.5,0.892547611169));
#1868 = CARTESIAN_POINT('',(2.5,0.910151041828));
#1869 = CARTESIAN_POINT('',(2.5,0.927835827205));
#1870 = CARTESIAN_POINT('',(2.5,0.945628776568));
#1871 = CARTESIAN_POINT('',(2.5,0.963560508414));
#1872 = CARTESIAN_POINT('',(2.5,0.981667378535));
#1873 = CARTESIAN_POINT('',(2.5,1.));
#1874 = ( GEOMETRIC_REPRESENTATION_CONTEXT(2) 
PARAMETRIC_REPRESENTATION_CONTEXT() REPRESENTATION_CONTEXT('2D SPACE',''
  ) );
#1875 = PCURVE('',#477,#1876);
#1876 = DEFINITIONAL_REPRESENTATION('',(#1877),#1928);
#1877 = B_SPLINE_CURVE_WITH_KNOTS('',7,(#1878,#1879,#1880,#1881,#1882,
    #1883,#1884,#1885,#1886,#1887,#1888,#1889,#1890,#1891,#1892,#1893,
    #1894,#1895,#1896,#1897,#1898,#1899,#1900,#1901,#1902,#1903,#1904,
    #1905,#1906,#1907,#1908,#1909,#1910,#1911,#1912,#1913,#1914,#1915,
    #1916,#1917,#1918,#1919,#1920,#1921,#1922,#1923,#1924,#1925,#1926,
    #1927),.UNSPECIFIED.,.F.,.F.,(8,6,6,6,6,6,6,6,8),(0.,0.135476276656,
    0.228792650598,0.440300306323,0.542864936803,0.675556544774,
    0.744223490796,0.876013734539,1.),.UNSPECIFIED.);
#1878 = CARTESIAN_POINT('',(14.8,309.));
#1879 = CARTESIAN_POINT('',(15.850033495442,312.46615226691));
#1880 = CARTESIAN_POINT('',(17.115905679197,315.86670150632));
#1881 = CARTESIAN_POINT('',(18.588288134824,319.18715131623));
#1882 = CARTESIAN_POINT('',(20.257140471884,322.41436282764));
#1883 = CARTESIAN_POINT('',(22.11218414814,325.53632541973));
#1884 = CARTESIAN_POINT('',(24.143069028233,328.54207319373));
#1885 = CARTESIAN_POINT('',(27.85251657631,333.40500865549));
#1886 = CARTESIAN_POINT('',(29.4440119699,335.32849691801));
#1887 = CARTESIAN_POINT('',(31.11067729656,337.18875643526));
#1888 = CARTESIAN_POINT('',(32.84909910734,338.98262637091));
#1889 = CARTESIAN_POINT('',(34.655814706909,340.70709376883));
#1890 = CARTESIAN_POINT('',(36.527302441958,342.35930344784));
#1891 = CARTESIAN_POINT('',(42.840493735595,347.51154077526));
#1892 = CARTESIAN_POINT('',(47.536532781286,350.70248231983));
#1893 = CARTESIAN_POINT('',(52.504685674055,353.47619444873));
#1894 = CARTESIAN_POINT('',(57.699676884134,355.80559963569));
#1895 = CARTESIAN_POINT('',(63.074291156185,357.67012005674));
#1896 = CARTESIAN_POINT('',(68.578926720462,359.05673126326));
#1897 = CARTESIAN_POINT('',(76.86706795237,360.40222764058));
#1898 = CARTESIAN_POINT('',(79.59206511573,360.72867789221));
#1899 = CARTESIAN_POINT('',(82.329593660737,360.94187824516));
#1900 = CARTESIAN_POINT('',(85.073949907743,361.04210478495));
#1901 = CARTESIAN_POINT('',(87.819588447702,361.03016406763));
#1902 = CARTESIAN_POINT('',(90.561124029488,360.90735362521));
#1903 = CARTESIAN_POINT('',(96.828090379369,360.37540113405));
#1904 = CARTESIAN_POINT('',(100.34738444974,359.89273596124));
#1905 = CARTESIAN_POINT('',(103.83999462869,359.23123208533));
#1906 = CARTESIAN_POINT('',(107.2957161831,358.39589568211));
#1907 = CARTESIAN_POINT('',(110.70528135025,357.3926017556));
#1908 = CARTESIAN_POINT('',(114.06028887474,356.22779539708));
#1909 = CARTESIAN_POINT('',(119.05716882713,354.22538330669));
#1910 = CARTESIAN_POINT('',(120.74458170049,353.50107084004));
#1911 = CARTESIAN_POINT('',(122.41434983765,352.73622997134));
#1912 = CARTESIAN_POINT('',(124.06550341327,351.93180269596));
#1913 = CARTESIAN_POINT('',(125.69712804688,351.0887378526));
#1914 = CARTESIAN_POINT('',(127.30835982741,350.20798092607));
#1915 = CARTESIAN_POINT('',(131.95005516479,347.52950306616));
#1916 = CARTESIAN_POINT('',(134.92343494177,345.63322624492));
#1917 = CARTESIAN_POINT('',(137.81296264699,343.60812253994));
#1918 = CARTESIAN_POINT('',(140.61339599755,341.46059398574));
#1919 = CARTESIAN_POINT('',(143.31969535855,339.19681489072));
#1920 = CARTESIAN_POINT('',(145.92691037954,336.82258647765));
#1921 = CARTESIAN_POINT('',(150.78467482185,332.010214457));
#1922 = CARTESIAN_POINT('',(153.04689395666,329.58448655438));
#1923 = CARTESIAN_POINT('',(155.21252267403,327.06986648958));
#1924 = CARTESIAN_POINT('',(157.27678350349,324.47035839551));
#1925 = CARTESIAN_POINT('',(159.23407832123,321.7898606795));
#1926 = CARTESIAN_POINT('',(161.07789183107,319.03209216545));
#1927 = CARTESIAN_POINT('',(162.8,316.2));
#1928 = ( GEOMETRIC_REPRESENTATION_CONTEXT(2) 
PARAMETRIC_REPRESENTATION_CONTEXT() REPRESENTATION_CONTEXT('2D SPACE',''
  ) );
#1929 = ORIENTED_EDGE('',*,*,#850,.F.);
#1930 = ADVANCED_FACE('',(#1931),#477,.T.);
#1931 = FACE_BOUND('',#1932,.T.);
#1932 = EDGE_LOOP('',(#1933,#2095,#2096,#2097));
#1933 = ORIENTED_EDGE('',*,*,#1934,.F.);
#1934 = EDGE_CURVE('',#431,#809,#1935,.T.);
#1935 = SURFACE_CURVE('',#1936,(#1987,#2041),.PCURVE_S1.);
#1936 = B_SPLINE_CURVE_WITH_KNOTS('',7,(#1937,#1938,#1939,#1940,#1941,
    #1942,#1943,#1944,#1945,#1946,#1947,#1948,#1949,#1950,#1951,#1952,
    #1953,#1954,#1955,#1956,#1957,#1958,#1959,#1960,#1961,#1962,#1963,
    #1964,#1965,#1966,#1967,#1968,#1969,#1970,#1971,#1972,#1973,#1974,
    #1975,#1976,#1977,#1978,#1979,#1980,#1981,#1982,#1983,#1984,#1985,
    #1986),.UNSPECIFIED.,.F.,.F.,(8,6,6,6,6,6,6,6,8),(0.,0.135476276655,
    0.228792650598,0.440300306322,0.542864936802,0.675556544772,
    0.744223490795,0.876013734538,1.),.UNSPECIFIED.);
#1937 = CARTESIAN_POINT('',(72.,0.,-74.));
#1938 = CARTESIAN_POINT('',(75.466152266919,0.,-72.94996650455));
#1939 = CARTESIAN_POINT('',(78.86670150632,0.,-71.6840943208));
#1940 = CARTESIAN_POINT('',(82.187151316239,0.,-70.21171186517));
#1941 = CARTESIAN_POINT('',(85.414362827639,0.,-68.54285952811));
#1942 = CARTESIAN_POINT('',(88.53632541974,0.,-66.68781585185));
#1943 = CARTESIAN_POINT('',(91.542073193735,0.,-64.65693097176));
#1944 = CARTESIAN_POINT('',(96.4050086555,0.,-60.94748342369));
#1945 = CARTESIAN_POINT('',(98.328496918013,0.,-59.3559880301));
#1946 = CARTESIAN_POINT('',(100.18875643526,0.,-57.68932270344));
#1947 = CARTESIAN_POINT('',(101.98262637091,0.,-55.95090089266));
#1948 = CARTESIAN_POINT('',(103.70709376883,0.,-54.14418529309));
#1949 = CARTESIAN_POINT('',(105.35930344784,0.,-52.27269755804));
#1950 = CARTESIAN_POINT('',(110.51154077526,0.,-45.95950626439));
#1951 = CARTESIAN_POINT('',(113.70248231981,0.,-41.26346721874));
#1952 = CARTESIAN_POINT('',(116.47619444875,0.,-36.29531432589));
#1953 = CARTESIAN_POINT('',(118.80559963568,0.,-31.10032311591));
#1954 = CARTESIAN_POINT('',(120.67012005675,0.,-25.72570884378));
#1955 = CARTESIAN_POINT('',(122.05673126326,0.,-20.22107327954));
#1956 = CARTESIAN_POINT('',(123.40222764058,0.,-11.93293204763));
#1957 = CARTESIAN_POINT('',(123.72867789221,0.,-9.207934884269));
#1958 = CARTESIAN_POINT('',(123.94187824516,0.,-6.470406339264));
#1959 = CARTESIAN_POINT('',(124.04210478495,0.,-3.726050092258));
#1960 = CARTESIAN_POINT('',(124.03016406763,0.,-0.980411552297));
#1961 = CARTESIAN_POINT('',(123.90735362521,0.,1.761124029488));
#1962 = CARTESIAN_POINT('',(123.37540113405,0.,8.028090379375));
#1963 = CARTESIAN_POINT('',(122.89273596124,0.,11.547384449735));
#1964 = CARTESIAN_POINT('',(122.23123208533,0.,15.039994628706));
#1965 = CARTESIAN_POINT('',(121.39589568211,0.,18.495716183111));
#1966 = CARTESIAN_POINT('',(120.39260175561,0.,21.905281350238));
#1967 = CARTESIAN_POINT('',(119.22779539708,0.,25.260288874746));
#1968 = CARTESIAN_POINT('',(117.2253833067,0.,30.257168827136));
#1969 = CARTESIAN_POINT('',(116.50107084004,0.,31.944581700498));
#1970 = CARTESIAN_POINT('',(115.73622997133,0.,33.614349837655));
#1971 = CARTESIAN_POINT('',(114.93180269596,0.,35.265503413276));
#1972 = CARTESIAN_POINT('',(114.0887378526,0.,36.897128046883));
#1973 = CARTESIAN_POINT('',(113.20798092607,0.,38.508359827419));
#1974 = CARTESIAN_POINT('',(110.52950306616,0.,43.150055164807));
#1975 = CARTESIAN_POINT('',(108.63322624496,0.,46.123434941717));
#1976 = CARTESIAN_POINT('',(106.60812253988,0.,49.012962647091));
#1977 = CARTESIAN_POINT('',(104.46059398581,0.,51.81339599746));
#1978 = CARTESIAN_POINT('',(102.19681489068,0.,54.519695358598));
#1979 = CARTESIAN_POINT('',(99.822586477668,0.,57.12691037954));
#1980 = CARTESIAN_POINT('',(95.010214456984,0.,61.984674821876));
#1981 = CARTESIAN_POINT('',(92.584486554442,0.,64.246893956585));
#1982 = CARTESIAN_POINT('',(90.069866489484,0.,66.412522674178));
#1983 = CARTESIAN_POINT('',(87.470358395621,0.,68.476783503364));
#1984 = CARTESIAN_POINT('',(84.789860679441,0.,70.434078321304));
#1985 = CARTESIAN_POINT('',(82.032092165474,0.,72.277891831064));
#1986 = CARTESIAN_POINT('',(79.2,0.,74.));
#1987 = PCURVE('',#477,#1988);
#1988 = DEFINITIONAL_REPRESENTATION('',(#1989),#2040);
#1989 = B_SPLINE_CURVE_WITH_KNOTS('',7,(#1990,#1991,#1992,#1993,#1994,
    #1995,#1996,#1997,#1998,#1999,#2000,#2001,#2002,#2003,#2004,#2005,
    #2006,#2007,#2008,#2009,#2010,#2011,#2012,#2013,#2014,#2015,#2016,
    #2017,#2018,#2019,#2020,#2021,#2022,#2023,#2024,#2025,#2026,#2027,
    #2028,#2029,#2030,#2031,#2032,#2033,#2034,#2035,#2036,#2037,#2038,
    #2039),.UNSPECIFIED.,.F.,.F.,(8,6,6,6,6,6,6,6,8),(0.,0.135476276655,
    0.228792650598,0.440300306322,0.542864936802,0.675556544772,
    0.744223490795,0.876013734538,1.),.UNSPECIFIED.);
#1990 = CARTESIAN_POINT('',(14.8,312.));
#1991 = CARTESIAN_POINT('',(15.850033495443,315.46615226691));
#1992 = CARTESIAN_POINT('',(17.115905679195,318.86670150632));
#1993 = CARTESIAN_POINT('',(18.588288134827,322.18715131623));
#1994 = CARTESIAN_POINT('',(20.257140471882,325.41436282763));
#1995 = CARTESIAN_POINT('',(22.112184148141,328.53632541974));
#1996 = CARTESIAN_POINT('',(24.143069028232,331.54207319373));
#1997 = CARTESIAN_POINT('',(27.85251657631,336.4050086555));
#1998 = CARTESIAN_POINT('',(29.4440119699,338.32849691801));
#1999 = CARTESIAN_POINT('',(31.11067729656,340.18875643526));
#2000 = CARTESIAN_POINT('',(32.84909910734,341.98262637091));
#2001 = CARTESIAN_POINT('',(34.655814706909,343.70709376883));
#2002 = CARTESIAN_POINT('',(36.527302441958,345.35930344784));
#2003 = CARTESIAN_POINT('',(42.840493735601,350.51154077526));
#2004 = CARTESIAN_POINT('',(47.53653278126,353.70248231981));
#2005 = CARTESIAN_POINT('',(52.504685674106,356.47619444875));
#2006 = CARTESIAN_POINT('',(57.699676884082,358.80559963568));
#2007 = CARTESIAN_POINT('',(63.074291156214,360.67012005675));
#2008 = CARTESIAN_POINT('',(68.578926720454,362.05673126326));
#2009 = CARTESIAN_POINT('',(76.86706795237,363.40222764058));
#2010 = CARTESIAN_POINT('',(79.592065115731,363.72867789221));
#2011 = CARTESIAN_POINT('',(82.329593660736,363.94187824516));
#2012 = CARTESIAN_POINT('',(85.073949907742,364.04210478495));
#2013 = CARTESIAN_POINT('',(87.819588447703,364.03016406763));
#2014 = CARTESIAN_POINT('',(90.561124029488,363.90735362521));
#2015 = CARTESIAN_POINT('',(96.828090379375,363.37540113405));
#2016 = CARTESIAN_POINT('',(100.34738444973,362.89273596124));
#2017 = CARTESIAN_POINT('',(103.8399946287,362.23123208533));
#2018 = CARTESIAN_POINT('',(107.29571618311,361.39589568211));
#2019 = CARTESIAN_POINT('',(110.70528135023,360.39260175561));
#2020 = CARTESIAN_POINT('',(114.06028887474,359.22779539708));
#2021 = CARTESIAN_POINT('',(119.05716882713,357.2253833067));
#2022 = CARTESIAN_POINT('',(120.74458170049,356.50107084004));
#2023 = CARTESIAN_POINT('',(122.41434983765,355.73622997133));
#2024 = CARTESIAN_POINT('',(124.06550341327,354.93180269596));
#2025 = CARTESIAN_POINT('',(125.69712804688,354.0887378526));
#2026 = CARTESIAN_POINT('',(127.30835982741,353.20798092607));
#2027 = CARTESIAN_POINT('',(131.9500551648,350.52950306616));
#2028 = CARTESIAN_POINT('',(134.92343494171,348.63322624496));
#2029 = CARTESIAN_POINT('',(137.81296264709,346.60812253988));
#2030 = CARTESIAN_POINT('',(140.61339599746,344.46059398581));
#2031 = CARTESIAN_POINT('',(143.31969535859,342.19681489068));
#2032 = CARTESIAN_POINT('',(145.92691037954,339.82258647766));
#2033 = CARTESIAN_POINT('',(150.78467482187,335.01021445698));
#2034 = CARTESIAN_POINT('',(153.04689395658,332.58448655444));
#2035 = CARTESIAN_POINT('',(155.21252267417,330.06986648948));
#2036 = CARTESIAN_POINT('',(157.27678350336,327.47035839562));
#2037 = CARTESIAN_POINT('',(159.2340783213,324.78986067944));
#2038 = CARTESIAN_POINT('',(161.07789183106,322.03209216547));
#2039 = CARTESIAN_POINT('',(162.8,319.2));
#2040 = ( GEOMETRIC_REPRESENTATION_CONTEXT(2) 
PARAMETRIC_REPRESENTATION_CONTEXT() REPRESENTATION_CONTEXT('2D SPACE',''
  ) );
#2041 = PCURVE('',#444,#2042);
#2042 = DEFINITIONAL_REPRESENTATION('',(#2043),#2094);
#2043 = B_SPLINE_CURVE_WITH_KNOTS('',7,(#2044,#2045,#2046,#2047,#2048,
    #2049,#2050,#2051,#2052,#2053,#2054,#2055,#2056,#2057,#2058,#2059,
    #2060,#2061,#2062,#2063,#2064,#2065,#2066,#2067,#2068,#2069,#2070,
    #2071,#2072,#2073,#2074,#2075,#2076,#2077,#2078,#2079,#2080,#2081,
    #2082,#2083,#2084,#2085,#2086,#2087,#2088,#2089,#2090,#2091,#2092,
    #2093),.UNSPECIFIED.,.F.,.F.,(8,6,6,6,6,6,6,6,8),(0.,0.135476276655,
    0.228792650598,0.440300306322,0.542864936802,0.675556544772,
    0.744223490795,0.876013734538,1.),.UNSPECIFIED.);
#2044 = CARTESIAN_POINT('',(2.5,0.));
#2045 = CARTESIAN_POINT('',(2.5,1.880376335789E-02));
#2046 = CARTESIAN_POINT('',(2.5,3.768421795964E-02));
#2047 = CARTESIAN_POINT('',(2.5,5.663143187924E-02));
#2048 = CARTESIAN_POINT('',(2.5,7.563932111245E-02));
#2049 = CARTESIAN_POINT('',(2.5,9.470416460425E-02));
#2050 = CARTESIAN_POINT('',(2.5,0.113824273342));
#2051 = CARTESIAN_POINT('',(2.5,0.146208285049));
#2052 = CARTESIAN_POINT('',(2.5,0.159442694546));
#2053 = CARTESIAN_POINT('',(2.5,0.17270313083));
#2054 = CARTESIAN_POINT('',(2.5,0.185989432873));
#2055 = CARTESIAN_POINT('',(2.5,0.199301329961));
#2056 = CARTESIAN_POINT('',(2.5,0.212638395361));
#2057 = CARTESIAN_POINT('',(2.5,0.256284949516));
#2058 = CARTESIAN_POINT('',(2.5,0.286704310306));
#2059 = CARTESIAN_POINT('',(2.5,0.317237715889));
#2060 = CARTESIAN_POINT('',(2.5,0.347865111443));
#2061 = CARTESIAN_POINT('',(2.5,0.378561002739));
#2062 = CARTESIAN_POINT('',(2.5,0.409291318361));
#2063 = CARTESIAN_POINT('',(2.5,0.454891302984));
#2064 = CARTESIAN_POINT('',(2.5,0.469779211325));
#2065 = CARTESIAN_POINT('',(2.5,0.484658383035));
#2066 = CARTESIAN_POINT('',(2.5,0.499524156444));
#2067 = CARTESIAN_POINT('',(2.5,0.514372306331));
#2068 = CARTESIAN_POINT('',(2.5,0.529198863812));
#2069 = CARTESIAN_POINT('',(2.5,0.563148770403));
#2070 = CARTESIAN_POINT('',(2.5,0.582255789201));
#2071 = CARTESIAN_POINT('',(2.5,0.60131327088));
#2072 = CARTESIAN_POINT('',(2.5,0.620316861607));
#2073 = CARTESIAN_POINT('',(2.5,0.63926486421));
#2074 = CARTESIAN_POINT('',(2.5,0.658158041796));
#2075 = CARTESIAN_POINT('',(2.5,0.686750576896));
#2076 = CARTESIAN_POINT('',(2.5,0.696487610826));
#2077 = CARTESIAN_POINT('',(2.5,0.706211740258));
#2078 = CARTESIAN_POINT('',(2.5,0.715923822328));
#2079 = CARTESIAN_POINT('',(2.5,0.725624950186));
#2080 = CARTESIAN_POINT('',(2.5,0.73531647034));
#2081 = CARTESIAN_POINT('',(2.5,0.763585284597));
#2082 = CARTESIAN_POINT('',(2.5,0.78214015519));
#2083 = CARTESIAN_POINT('',(2.5,0.800677396857));
#2084 = CARTESIAN_POINT('',(2.5,0.819211892416));
#2085 = CARTESIAN_POINT('',(2.5,0.837761472777));
#2086 = CARTESIAN_POINT('',(2.5,0.856347902169));
#2087 = CARTESIAN_POINT('',(2.5,0.892547611169));
#2088 = CARTESIAN_POINT('',(2.5,0.910151041827));
#2089 = CARTESIAN_POINT('',(2.5,0.927835827206));
#2090 = CARTESIAN_POINT('',(2.5,0.945628776567));
#2091 = CARTESIAN_POINT('',(2.5,0.963560508415));
#2092 = CARTESIAN_POINT('',(2.5,0.981667378535));
#2093 = CARTESIAN_POINT('',(2.5,1.));
#2094 = ( GEOMETRIC_REPRESENTATION_CONTEXT(2) 
PARAMETRIC_REPRESENTATION_CONTEXT() REPRESENTATION_CONTEXT('2D SPACE',''
  ) );
#2095 = ORIENTED_EDGE('',*,*,#462,.T.);
#2096 = ORIENTED_EDGE('',*,*,#1768,.T.);
#2097 = ORIENTED_EDGE('',*,*,#829,.F.);
#2098 = ADVANCED_FACE('',(#2099),#444,.T.);
#2099 = FACE_BOUND('',#2100,.T.);
#2100 = EDGE_LOOP('',(#2101,#2102,#2103,#2104));
#2101 = ORIENTED_EDGE('',*,*,#757,.F.);
#2102 = ORIENTED_EDGE('',*,*,#430,.T.);
#2103 = ORIENTED_EDGE('',*,*,#1934,.T.);
#2104 = ORIENTED_EDGE('',*,*,#808,.F.);
#2105 = ( GEOMETRIC_REPRESENTATION_CONTEXT(3) 
GLOBAL_UNCERTAINTY_ASSIGNED_CONTEXT((#2109)) 
GLOBAL_UNIT_ASSIGNED_CONTEXT((#2106,#2107,#2108)) REPRESENTATION_CONTEXT
('Context #1','3D Context with UNIT and UNCERTAINTY') );
#2106 = ( LENGTH_UNIT() NAMED_UNIT(*) SI_UNIT(.MILLI.,.METRE.) );
#2107 = ( NAMED_UNIT(*) PLANE_ANGLE_UNIT() SI_UNIT($,.RADIAN.) );
#2108 = ( NAMED_UNIT(*) SI_UNIT($,.STERADIAN.) SOLID_ANGLE_UNIT() );
#2109 = UNCERTAINTY_MEASURE_WITH_UNIT(LENGTH_MEASURE(2.E-06),#2106,
  'distance_accuracy_value','confusion accuracy');
#2110 = PRODUCT_RELATED_PRODUCT_CATEGORY('part',$,(#7));
ENDSEC;
END-ISO-10303-21;
