ISO-10303-21;
HEADER;
FILE_DESCRIPTION(('Open CASCADE Model'),'2;1');
FILE_NAME('Open CASCADE Shape Model','2026-09-05T05:20:50',('Author'),(
    'Open CASCADE'),'Open CASCADE STEP processor 7.8','Open CASCADE 7.8'
  ,'Unknown');
FILE_SCHEMA(('AUTOMOTIVE_DESIGN { 1 0 10303 214 1 1 1 1 }'));
ENDSEC;
DATA;
#1 = APPLICATION_PROTOCOL_DEFINITION('international standard',
  'automotive_design',2000,#2);
#2 = APPLICATION_CONTEXT(
  'core data for automotive mechanical design processes');
#3 = SHAPE_DEFINITION_REPRESENTATION(#4,#10);
#4 = PRODUCT_DEFINITION_SHAPE('','',#5);
#5 = PRODUCT_DEFINITION('design','',#6,#9);
#6 = PRODUCT_DEFINITION_FORMATION('','',#7);
#7 = PRODUCT('Open CASCADE STEP translator 7.8 7',
  'Open CASCADE STEP translator 7.8 7','',(#8));
#8 = PRODUCT_CONTEXT('',#2,'mechanical');
#9 = PRODUCT_DEFINITION_CONTEXT('part definition',#2,'design');
#10 = ADVANCED_BREP_SHAPE_REPRESENTATION('',(#11,#15),#2161);
#11 = AXIS2_PLACEMENT_3D('',#12,#13,#14);
#12 = CARTESIAN_POINT('',(0.,0.,0.));
#13 = DIRECTION('',(0.,0.,1.));
#14 = DIRECTION('',(1.,0.,-0.));
#15 = MANIFOLD_SOLID_BREP('',#16);
#16 = CLOSED_SHELL('',(#17,#155,#475,#524,#737,#766,#1084,#1402,#1431,
    #1460,#1489,#1518,#1836,#2154));
#17 = ADVANCED_FACE('',(#18),#31,.T.);
#18 = FACE_BOUND('',#19,.T.);
#19 = EDGE_LOOP('',(#20,#59,#95,#121));
#20 = ORIENTED_EDGE('',*,*,#21,.T.);
#21 = EDGE_CURVE('',#22,#24,#26,.T.);
#22 = VERTEX_POINT('',#23);
#23 = CARTESIAN_POINT('',(-71.7,-15.,-100.));
#24 = VERTEX_POINT('',#25);
#25 = CARTESIAN_POINT('',(71.7,-15.,-100.));
#26 = SURFACE_CURVE('',#27,(#30,#48),.PCURVE_S1.);
#27 = B_SPLINE_CURVE_WITH_KNOTS('',1,(#28,#29),.UNSPECIFIED.,.F.,.F.,(2,
    2),(0.,1.),.PIECEWISE_BEZIER_KNOTS.);
#28 = CARTESIAN_POINT('',(-71.7,-15.,-100.));
#29 = CARTESIAN_POINT('',(71.7,-15.,-100.));
#30 = PCURVE('',#31,#42);
#31 = ( BOUNDED_SURFACE() B_SPLINE_SURFACE(1,4,(
    (#32,#33,#34,#35,#36)
    ,(#37,#38,#39,#40,#41
)),.UNSPECIFIED.,.F.,.F.,.F.) B_SPLINE_SURFACE_WITH_KNOTS((2,2),(5,5),(
    0.,1.),(0.,1.),.PIECEWISE_BEZIER_KNOTS.) 
GEOMETRIC_REPRESENTATION_ITEM() RATIONAL_B_SPLINE_SURFACE((
    (1.,1.,1.,1.,1.)
,(1.,1.,1.,1.,1.))) REPRESENTATION_ITEM('') SURFACE() );
#32 = CARTESIAN_POINT('',(-71.7,-15.,-100.));
#33 = CARTESIAN_POINT('',(-123.8571686448,-25.91154155749,
    -77.18831401546));
#34 = CARTESIAN_POINT('',(-140.5461424331,-29.40295866802,1.542127708689
    ));
#35 = CARTESIAN_POINT('',(-121.5536726543,-25.4296386306,61.16697145941)
  );
#36 = CARTESIAN_POINT('',(-78.87,-16.5,100.));
#37 = CARTESIAN_POINT('',(71.7,-15.,-100.));
#38 = CARTESIAN_POINT('',(123.85716864481,-25.91154155749,
    -77.18831401546));
#39 = CARTESIAN_POINT('',(140.54614243316,-29.40295866802,1.542127708689
    ));
#40 = CARTESIAN_POINT('',(121.5536726543,-25.4296386306,61.16697145941)
  );
#41 = CARTESIAN_POINT('',(78.87,-16.5,100.));
#42 = DEFINITIONAL_REPRESENTATION('',(#43),#47);
#43 = LINE('',#44,#45);
#44 = CARTESIAN_POINT('',(0.,0.));
#45 = VECTOR('',#46,1.);
#46 = DIRECTION('',(1.,0.));
#47 = ( GEOMETRIC_REPRESENTATION_CONTEXT(2) 
PARAMETRIC_REPRESENTATION_CONTEXT() REPRESENTATION_CONTEXT('2D SPACE',''
  ) );
#48 = PCURVE('',#49,#54);
#49 = PLANE('',#50);
#50 = AXIS2_PLACEMENT_3D('',#51,#52,#53);
#51 = CARTESIAN_POINT('',(-71.7,-15.,-100.));
#52 = DIRECTION('',(0.,0.,1.));
#53 = DIRECTION('',(0.990936481061,0.134331271499,-0.));
#54 = DEFINITIONAL_REPRESENTATION('',(#55),#58);
#55 = B_SPLINE_CURVE_WITH_KNOTS('',1,(#56,#57),.UNSPECIFIED.,.F.,.F.,(2,
    2),(0.,1.),.PIECEWISE_BEZIER_KNOTS.);
#56 = CARTESIAN_POINT('',(0.,0.));
#57 = CARTESIAN_POINT('',(142.10029138413,-19.26310433301));
#58 = ( GEOMETRIC_REPRESENTATION_CONTEXT(2) 
PARAMETRIC_REPRESENTATION_CONTEXT() REPRESENTATION_CONTEXT('2D SPACE',''
  ) );
#59 = ORIENTED_EDGE('',*,*,#60,.T.);
#60 = EDGE_CURVE('',#24,#61,#63,.T.);
#61 = VERTEX_POINT('',#62);
#62 = CARTESIAN_POINT('',(78.87,-16.5,100.));
#63 = SURFACE_CURVE('',#64,(#70,#77),.PCURVE_S1.);
#64 = ( BOUNDED_CURVE() B_SPLINE_CURVE(4,(#65,#66,#67,#68,#69),
.UNSPECIFIED.,.F.,.F.) B_SPLINE_CURVE_WITH_KNOTS((5,5),(0.,1.),
.PIECEWISE_BEZIER_KNOTS.) CURVE() GEOMETRIC_REPRESENTATION_ITEM() 
RATIONAL_B_SPLINE_CURVE((1.,1.,1.,1.,1.)) REPRESENTATION_ITEM('') );
#65 = CARTESIAN_POINT('',(71.7,-15.,-100.));
#66 = CARTESIAN_POINT('',(123.85716864481,-25.91154155749,
    -77.18831401546));
#67 = CARTESIAN_POINT('',(140.54614243316,-29.40295866802,1.542127708689
    ));
#68 = CARTESIAN_POINT('',(121.5536726543,-25.4296386306,61.16697145941)
  );
#69 = CARTESIAN_POINT('',(78.87,-16.5,100.));
#70 = PCURVE('',#31,#71);
#71 = DEFINITIONAL_REPRESENTATION('',(#72),#76);
#72 = LINE('',#73,#74);
#73 = CARTESIAN_POINT('',(1.,0.));
#74 = VECTOR('',#75,1.);
#75 = DIRECTION('',(0.,1.));
#76 = ( GEOMETRIC_REPRESENTATION_CONTEXT(2) 
PARAMETRIC_REPRESENTATION_CONTEXT() REPRESENTATION_CONTEXT('2D SPACE',''
  ) );
#77 = PCURVE('',#78,#89);
#78 = ( BOUNDED_SURFACE() B_SPLINE_SURFACE(1,4,(
    (#79,#80,#81,#82,#83)
    ,(#84,#85,#86,#87,#88
)),.UNSPECIFIED.,.F.,.F.,.F.) B_SPLINE_SURFACE_WITH_KNOTS((2,2),(5,5),(
    1.,2.),(0.,1.),.PIECEWISE_BEZIER_KNOTS.) 
GEOMETRIC_REPRESENTATION_ITEM() RATIONAL_B_SPLINE_SURFACE((
    (1.,1.,1.,1.,1.)
,(1.,1.,1.,1.,1.))) REPRESENTATION_ITEM('') SURFACE() );
#79 = CARTESIAN_POINT('',(71.7,-15.,-100.));
#80 = CARTESIAN_POINT('',(123.85716864481,-25.91154155749,
    -77.18831401546));
#81 = CARTESIAN_POINT('',(140.54614243316,-29.40295866802,1.542127708689
    ));
#82 = CARTESIAN_POINT('',(121.5536726543,-25.4296386306,61.16697145941)
  );
#83 = CARTESIAN_POINT('',(78.87,-16.5,100.));
#84 = CARTESIAN_POINT('',(81.,-5.7,-100.));
#85 = CARTESIAN_POINT('',(139.92232441046,-9.846385791847,
    -77.18831401546));
#86 = CARTESIAN_POINT('',(158.77597680734,-11.17312429385,1.542127708689
    ));
#87 = CARTESIAN_POINT('',(137.32004860528,-9.663262679631,61.16697145941
    ));
#88 = CARTESIAN_POINT('',(89.1,-6.27,100.));
#89 = DEFINITIONAL_REPRESENTATION('',(#90),#94);
#90 = LINE('',#91,#92);
#91 = CARTESIAN_POINT('',(1.,0.));
#92 = VECTOR('',#93,1.);
#93 = DIRECTION('',(0.,1.));
#94 = ( GEOMETRIC_REPRESENTATION_CONTEXT(2) 
PARAMETRIC_REPRESENTATION_CONTEXT() REPRESENTATION_CONTEXT('2D SPACE',''
  ) );
#95 = ORIENTED_EDGE('',*,*,#96,.F.);
#96 = EDGE_CURVE('',#97,#61,#99,.T.);
#97 = VERTEX_POINT('',#98);
#98 = CARTESIAN_POINT('',(-78.87,-16.5,100.));
#99 = SURFACE_CURVE('',#100,(#103,#110),.PCURVE_S1.);
#100 = B_SPLINE_CURVE_WITH_KNOTS('',1,(#101,#102),.UNSPECIFIED.,.F.,.F.,
  (2,2),(0.,1.),.PIECEWISE_BEZIER_KNOTS.);
#101 = CARTESIAN_POINT('',(-78.87,-16.5,100.));
#102 = CARTESIAN_POINT('',(78.87,-16.5,100.));
#103 = PCURVE('',#31,#104);
#104 = DEFINITIONAL_REPRESENTATION('',(#105),#109);
#105 = LINE('',#106,#107);
#106 = CARTESIAN_POINT('',(0.,1.));
#107 = VECTOR('',#108,1.);
#108 = DIRECTION('',(1.,0.));
#109 = ( GEOMETRIC_REPRESENTATION_CONTEXT(2) 
PARAMETRIC_REPRESENTATION_CONTEXT() REPRESENTATION_CONTEXT('2D SPACE',''
  ) );
#110 = PCURVE('',#111,#116);
#111 = PLANE('',#112);
#112 = AXIS2_PLACEMENT_3D('',#113,#114,#115);
#113 = CARTESIAN_POINT('',(-78.87,-16.5,100.));
#114 = DIRECTION('',(0.,0.,1.));
#115 = DIRECTION('',(0.990936481061,0.134331271499,-0.));
#116 = DEFINITIONAL_REPRESENTATION('',(#117),#120);
#117 = B_SPLINE_CURVE_WITH_KNOTS('',1,(#118,#119),.UNSPECIFIED.,.F.,.F.,
  (2,2),(0.,1.),.PIECEWISE_BEZIER_KNOTS.);
#118 = CARTESIAN_POINT('',(0.,0.));
#119 = CARTESIAN_POINT('',(156.31032052254,-21.18941476631));
#120 = ( GEOMETRIC_REPRESENTATION_CONTEXT(2) 
PARAMETRIC_REPRESENTATION_CONTEXT() REPRESENTATION_CONTEXT('2D SPACE',''
  ) );
#121 = ORIENTED_EDGE('',*,*,#122,.F.);
#122 = EDGE_CURVE('',#22,#97,#123,.T.);
#123 = SURFACE_CURVE('',#124,(#130,#137),.PCURVE_S1.);
#124 = ( BOUNDED_CURVE() B_SPLINE_CURVE(4,(#125,#126,#127,#128,#129),
.UNSPECIFIED.,.F.,.F.) B_SPLINE_CURVE_WITH_KNOTS((5,5),(0.,1.),
.PIECEWISE_BEZIER_KNOTS.) CURVE() GEOMETRIC_REPRESENTATION_ITEM() 
RATIONAL_B_SPLINE_CURVE((1.,1.,1.,1.,1.)) REPRESENTATION_ITEM('') );
#125 = CARTESIAN_POINT('',(-71.7,-15.,-100.));
#126 = CARTESIAN_POINT('',(-123.8571686448,-25.91154155749,
    -77.18831401546));
#127 = CARTESIAN_POINT('',(-140.5461424331,-29.40295866802,
    1.542127708689));
#128 = CARTESIAN_POINT('',(-121.5536726543,-25.4296386306,61.16697145941
    ));
#129 = CARTESIAN_POINT('',(-78.87,-16.5,100.));
#130 = PCURVE('',#31,#131);
#131 = DEFINITIONAL_REPRESENTATION('',(#132),#136);
#132 = LINE('',#133,#134);
#133 = CARTESIAN_POINT('',(0.,0.));
#134 = VECTOR('',#135,1.);
#135 = DIRECTION('',(0.,1.));
#136 = ( GEOMETRIC_REPRESENTATION_CONTEXT(2) 
PARAMETRIC_REPRESENTATION_CONTEXT() REPRESENTATION_CONTEXT('2D SPACE',''
  ) );
#137 = PCURVE('',#138,#149);
#138 = ( BOUNDED_SURFACE() B_SPLINE_SURFACE(1,4,(
    (#139,#140,#141,#142,#143)
    ,(#144,#145,#146,#147,#148
)),.UNSPECIFIED.,.F.,.F.,.F.) B_SPLINE_SURFACE_WITH_KNOTS((2,2),(5,5),(
    7.,8.),(0.,1.),.PIECEWISE_BEZIER_KNOTS.) 
GEOMETRIC_REPRESENTATION_ITEM() RATIONAL_B_SPLINE_SURFACE((
    (1.,1.,1.,1.,1.)
,(1.,1.,1.,1.,1.))) REPRESENTATION_ITEM('') SURFACE() );
#139 = CARTESIAN_POINT('',(-81.,-5.7,-100.));
#140 = CARTESIAN_POINT('',(-139.9223244104,-9.846385791847,
    -77.18831401546));
#141 = CARTESIAN_POINT('',(-158.7759768073,-11.17312429385,
    1.542127708689));
#142 = CARTESIAN_POINT('',(-137.3200486052,-9.663262679631,
    61.16697145941));
#143 = CARTESIAN_POINT('',(-89.1,-6.27,100.));
#144 = CARTESIAN_POINT('',(-71.7,-15.,-100.));
#145 = CARTESIAN_POINT('',(-123.8571686448,-25.91154155749,
    -77.18831401546));
#146 = CARTESIAN_POINT('',(-140.5461424331,-29.40295866802,
    1.542127708689));
#147 = CARTESIAN_POINT('',(-121.5536726543,-25.4296386306,61.16697145941
    ));
#148 = CARTESIAN_POINT('',(-78.87,-16.5,100.));
#149 = DEFINITIONAL_REPRESENTATION('',(#150),#154);
#150 = LINE('',#151,#152);
#151 = CARTESIAN_POINT('',(8.,0.));
#152 = VECTOR('',#153,1.);
#153 = DIRECTION('',(0.,1.));
#154 = ( GEOMETRIC_REPRESENTATION_CONTEXT(2) 
PARAMETRIC_REPRESENTATION_CONTEXT() REPRESENTATION_CONTEXT('2D SPACE',''
  ) );
#155 = ADVANCED_FACE('',(#156),#49,.F.);
#156 = FACE_BOUND('',#157,.F.);
#157 = EDGE_LOOP('',(#158,#179,#180,#201,#233,#259,#291,#323,#355,#387,
    #419,#445));
#158 = ORIENTED_EDGE('',*,*,#159,.T.);
#159 = EDGE_CURVE('',#160,#22,#162,.T.);
#160 = VERTEX_POINT('',#161);
#161 = CARTESIAN_POINT('',(-81.,-5.7,-100.));
#162 = SURFACE_CURVE('',#163,(#166,#172),.PCURVE_S1.);
#163 = B_SPLINE_CURVE_WITH_KNOTS('',1,(#164,#165),.UNSPECIFIED.,.F.,.F.,
  (2,2),(7.,8.),.PIECEWISE_BEZIER_KNOTS.);
#164 = CARTESIAN_POINT('',(-81.,-5.7,-100.));
#165 = CARTESIAN_POINT('',(-71.7,-15.,-100.));
#166 = PCURVE('',#49,#167);
#167 = DEFINITIONAL_REPRESENTATION('',(#168),#171);
#168 = B_SPLINE_CURVE_WITH_KNOTS('',1,(#169,#170),.UNSPECIFIED.,.F.,.F.,
  (2,2),(7.,8.),.PIECEWISE_BEZIER_KNOTS.);
#169 = CARTESIAN_POINT('',(-7.966428448922,10.464990098811));
#170 = CARTESIAN_POINT('',(0.,0.));
#171 = ( GEOMETRIC_REPRESENTATION_CONTEXT(2) 
PARAMETRIC_REPRESENTATION_CONTEXT() REPRESENTATION_CONTEXT('2D SPACE',''
  ) );
#172 = PCURVE('',#138,#173);
#173 = DEFINITIONAL_REPRESENTATION('',(#174),#178);
#174 = LINE('',#175,#176);
#175 = CARTESIAN_POINT('',(0.,0.));
#176 = VECTOR('',#177,1.);
#177 = DIRECTION('',(1.,0.));
#178 = ( GEOMETRIC_REPRESENTATION_CONTEXT(2) 
PARAMETRIC_REPRESENTATION_CONTEXT() REPRESENTATION_CONTEXT('2D SPACE',''
  ) );
#179 = ORIENTED_EDGE('',*,*,#21,.T.);
#180 = ORIENTED_EDGE('',*,*,#181,.T.);
#181 = EDGE_CURVE('',#24,#182,#184,.T.);
#182 = VERTEX_POINT('',#183);
#183 = CARTESIAN_POINT('',(81.,-5.7,-100.));
#184 = SURFACE_CURVE('',#185,(#188,#194),.PCURVE_S1.);
#185 = B_SPLINE_CURVE_WITH_KNOTS('',1,(#186,#187),.UNSPECIFIED.,.F.,.F.,
  (2,2),(1.,2.),.PIECEWISE_BEZIER_KNOTS.);
#186 = CARTESIAN_POINT('',(71.7,-15.,-100.));
#187 = CARTESIAN_POINT('',(81.,-5.7,-100.));
#188 = PCURVE('',#49,#189);
#189 = DEFINITIONAL_REPRESENTATION('',(#190),#193);
#190 = B_SPLINE_CURVE_WITH_KNOTS('',1,(#191,#192),.UNSPECIFIED.,.F.,.F.,
  (2,2),(1.,2.),.PIECEWISE_BEZIER_KNOTS.);
#191 = CARTESIAN_POINT('',(142.10029138413,-19.26310433301));
#192 = CARTESIAN_POINT('',(152.56528148294,-11.29667588409));
#193 = ( GEOMETRIC_REPRESENTATION_CONTEXT(2) 
PARAMETRIC_REPRESENTATION_CONTEXT() REPRESENTATION_CONTEXT('2D SPACE',''
  ) );
#194 = PCURVE('',#78,#195);
#195 = DEFINITIONAL_REPRESENTATION('',(#196),#200);
#196 = LINE('',#197,#198);
#197 = CARTESIAN_POINT('',(0.,0.));
#198 = VECTOR('',#199,1.);
#199 = DIRECTION('',(1.,0.));
#200 = ( GEOMETRIC_REPRESENTATION_CONTEXT(2) 
PARAMETRIC_REPRESENTATION_CONTEXT() REPRESENTATION_CONTEXT('2D SPACE',''
  ) );
#201 = ORIENTED_EDGE('',*,*,#202,.T.);
#202 = EDGE_CURVE('',#182,#203,#205,.T.);
#203 = VERTEX_POINT('',#204);
#204 = CARTESIAN_POINT('',(81.,0.,-100.));
#205 = SURFACE_CURVE('',#206,(#209,#215),.PCURVE_S1.);
#206 = B_SPLINE_CURVE_WITH_KNOTS('',1,(#207,#208),.UNSPECIFIED.,.F.,.F.,
  (2,2),(2.,3.),.PIECEWISE_BEZIER_KNOTS.);
#207 = CARTESIAN_POINT('',(81.,-5.7,-100.));
#208 = CARTESIAN_POINT('',(81.,5.7,-100.));
#209 = PCURVE('',#49,#210);
#210 = DEFINITIONAL_REPRESENTATION('',(#211),#214);
#211 = B_SPLINE_CURVE_WITH_KNOTS('',1,(#212,#213),.UNSPECIFIED.,.F.,.F.,
  (2,2),(2.,3.),.PIECEWISE_BEZIER_KNOTS.);
#212 = CARTESIAN_POINT('',(152.56528148294,-11.29667588409));
#213 = CARTESIAN_POINT('',(154.09665797803,-8.881784197001E-16));
#214 = ( GEOMETRIC_REPRESENTATION_CONTEXT(2) 
PARAMETRIC_REPRESENTATION_CONTEXT() REPRESENTATION_CONTEXT('2D SPACE',''
  ) );
#215 = PCURVE('',#216,#227);
#216 = ( BOUNDED_SURFACE() B_SPLINE_SURFACE(1,4,(
    (#217,#218,#219,#220,#221)
    ,(#222,#223,#224,#225,#226
)),.UNSPECIFIED.,.F.,.F.,.F.) B_SPLINE_SURFACE_WITH_KNOTS((2,2),(5,5),(
    2.,3.),(0.,1.),.PIECEWISE_BEZIER_KNOTS.) 
GEOMETRIC_REPRESENTATION_ITEM() RATIONAL_B_SPLINE_SURFACE((
    (1.,1.,1.,1.,1.)
,(1.,1.,1.,1.,1.))) REPRESENTATION_ITEM('') SURFACE() );
#217 = CARTESIAN_POINT('',(81.,-5.7,-100.));
#218 = CARTESIAN_POINT('',(139.92232441046,-9.846385791847,
    -77.18831401546));
#219 = CARTESIAN_POINT('',(158.77597680734,-11.17312429385,
    1.542127708689));
#220 = CARTESIAN_POINT('',(137.32004860528,-9.663262679631,
    61.16697145941));
#221 = CARTESIAN_POINT('',(89.1,-6.27,100.));
#222 = CARTESIAN_POINT('',(81.,5.7,-100.));
#223 = CARTESIAN_POINT('',(139.92232441046,9.846385791847,
    -77.18831401546));
#224 = CARTESIAN_POINT('',(158.77597680734,11.17312429385,1.542127708689
    ));
#225 = CARTESIAN_POINT('',(137.32004860528,9.663262679631,61.16697145941
    ));
#226 = CARTESIAN_POINT('',(89.1,6.27,100.));
#227 = DEFINITIONAL_REPRESENTATION('',(#228),#232);
#228 = LINE('',#229,#230);
#229 = CARTESIAN_POINT('',(0.,0.));
#230 = VECTOR('',#231,1.);
#231 = DIRECTION('',(1.,0.));
#232 = ( GEOMETRIC_REPRESENTATION_CONTEXT(2) 
PARAMETRIC_REPRESENTATION_CONTEXT() REPRESENTATION_CONTEXT('2D SPACE',''
  ) );
#233 = ORIENTED_EDGE('',*,*,#234,.T.);
#234 = EDGE_CURVE('',#203,#235,#237,.T.);
#235 = VERTEX_POINT('',#236);
#236 = CARTESIAN_POINT('',(74.,0.,-100.));
#237 = SURFACE_CURVE('',#238,(#242,#248),.PCURVE_S1.);
#238 = LINE('',#239,#240);
#239 = CARTESIAN_POINT('',(-170.85,0.,-100.));
#240 = VECTOR('',#241,1.);
#241 = DIRECTION('',(-1.,0.,0.));
#242 = PCURVE('',#49,#243);
#243 = DEFINITIONAL_REPRESENTATION('',(#244),#247);
#244 = B_SPLINE_CURVE_WITH_KNOTS('',1,(#245,#246),.UNSPECIFIED.,.F.,.F.,
  (2,2),(-252.622691552,-89.07730844793),.PIECEWISE_BEZIER_KNOTS.);
#245 = CARTESIAN_POINT('',(154.09665797803,-5.752134580713));
#246 = CARTESIAN_POINT('',(-7.966428448922,16.217124679523));
#247 = ( GEOMETRIC_REPRESENTATION_CONTEXT(2) 
PARAMETRIC_REPRESENTATION_CONTEXT() REPRESENTATION_CONTEXT('2D SPACE',''
  ) );
#248 = PCURVE('',#249,#254);
#249 = PLANE('',#250);
#250 = AXIS2_PLACEMENT_3D('',#251,#252,#253);
#251 = CARTESIAN_POINT('',(-270.,0.,-120.));
#252 = DIRECTION('',(0.,1.,0.));
#253 = DIRECTION('',(0.,0.,1.));
#254 = DEFINITIONAL_REPRESENTATION('',(#255),#258);
#255 = B_SPLINE_CURVE_WITH_KNOTS('',1,(#256,#257),.UNSPECIFIED.,.F.,.F.,
  (2,2),(-252.622691552,-89.07730844793),.PIECEWISE_BEZIER_KNOTS.);
#256 = CARTESIAN_POINT('',(20.,351.77269155206));
#257 = CARTESIAN_POINT('',(20.,188.22730844793));
#258 = ( GEOMETRIC_REPRESENTATION_CONTEXT(2) 
PARAMETRIC_REPRESENTATION_CONTEXT() REPRESENTATION_CONTEXT('2D SPACE',''
  ) );
#259 = ORIENTED_EDGE('',*,*,#260,.F.);
#260 = EDGE_CURVE('',#261,#235,#263,.T.);
#261 = VERTEX_POINT('',#262);
#262 = CARTESIAN_POINT('',(74.,-3.04,-100.));
#263 = SURFACE_CURVE('',#264,(#267,#273),.PCURVE_S1.);
#264 = B_SPLINE_CURVE_WITH_KNOTS('',1,(#265,#266),.UNSPECIFIED.,.F.,.F.,
  (2,2),(2.,3.),.PIECEWISE_BEZIER_KNOTS.);
#265 = CARTESIAN_POINT('',(74.,-3.04,-100.));
#266 = CARTESIAN_POINT('',(74.,3.04,-100.));
#267 = PCURVE('',#49,#268);
#268 = DEFINITIONAL_REPRESENTATION('',(#269),#272);
#269 = B_SPLINE_CURVE_WITH_KNOTS('',1,(#270,#271),.UNSPECIFIED.,.F.,.F.,
  (2,2),(2.,3.),.PIECEWISE_BEZIER_KNOTS.);
#270 = CARTESIAN_POINT('',(145.9860472977,-7.720465943976));
#271 = CARTESIAN_POINT('',(146.80278142842,-1.695572139126));
#272 = ( GEOMETRIC_REPRESENTATION_CONTEXT(2) 
PARAMETRIC_REPRESENTATION_CONTEXT() REPRESENTATION_CONTEXT('2D SPACE',''
  ) );
#273 = PCURVE('',#274,#285);
#274 = ( BOUNDED_SURFACE() B_SPLINE_SURFACE(1,4,(
    (#275,#276,#277,#278,#279)
    ,(#280,#281,#282,#283,#284
)),.UNSPECIFIED.,.F.,.F.,.F.) B_SPLINE_SURFACE_WITH_KNOTS((2,2),(5,5),(
    2.,3.),(0.,1.),.PIECEWISE_BEZIER_KNOTS.) 
GEOMETRIC_REPRESENTATION_ITEM() RATIONAL_B_SPLINE_SURFACE((
    (1.,1.,1.,1.,1.)
,(1.,1.,1.,1.,1.))) REPRESENTATION_ITEM('') SURFACE() );
#275 = CARTESIAN_POINT('',(74.,-3.04,-100.));
#276 = CARTESIAN_POINT('',(132.92232441046,-7.186385791847,
    -77.18831401546));
#277 = CARTESIAN_POINT('',(151.77597680734,-8.51312429385,1.542127708689
    ));
#278 = CARTESIAN_POINT('',(130.32004860528,-7.003262679631,
    61.16697145941));
#279 = CARTESIAN_POINT('',(82.1,-3.61,100.));
#280 = CARTESIAN_POINT('',(74.,3.04,-100.));
#281 = CARTESIAN_POINT('',(132.92232441046,7.186385791847,
    -77.18831401546));
#282 = CARTESIAN_POINT('',(151.77597680734,8.51312429385,1.542127708689)
  );
#283 = CARTESIAN_POINT('',(130.32004860528,7.003262679631,61.16697145941
    ));
#284 = CARTESIAN_POINT('',(82.1,3.61,100.));
#285 = DEFINITIONAL_REPRESENTATION('',(#286),#290);
#286 = LINE('',#287,#288);
#287 = CARTESIAN_POINT('',(0.,0.));
#288 = VECTOR('',#289,1.);
#289 = DIRECTION('',(1.,0.));
#290 = ( GEOMETRIC_REPRESENTATION_CONTEXT(2) 
PARAMETRIC_REPRESENTATION_CONTEXT() REPRESENTATION_CONTEXT('2D SPACE',''
  ) );
#291 = ORIENTED_EDGE('',*,*,#292,.F.);
#292 = EDGE_CURVE('',#293,#261,#295,.T.);
#293 = VERTEX_POINT('',#294);
#294 = CARTESIAN_POINT('',(69.04,-8.,-100.));
#295 = SURFACE_CURVE('',#296,(#299,#305),.PCURVE_S1.);
#296 = B_SPLINE_CURVE_WITH_KNOTS('',1,(#297,#298),.UNSPECIFIED.,.F.,.F.,
  (2,2),(1.,2.),.PIECEWISE_BEZIER_KNOTS.);
#297 = CARTESIAN_POINT('',(69.04,-8.,-100.));
#298 = CARTESIAN_POINT('',(74.,-3.04,-100.));
#299 = PCURVE('',#49,#300);
#300 = DEFINITIONAL_REPRESENTATION('',(#301),#304);
#301 = B_SPLINE_CURVE_WITH_KNOTS('',1,(#302,#303),.UNSPECIFIED.,.F.,.F.,
  (2,2),(1.,2.),.PIECEWISE_BEZIER_KNOTS.);
#302 = CARTESIAN_POINT('',(140.404719245,-11.9692277834));
#303 = CARTESIAN_POINT('',(145.9860472977,-7.720465943976));
#304 = ( GEOMETRIC_REPRESENTATION_CONTEXT(2) 
PARAMETRIC_REPRESENTATION_CONTEXT() REPRESENTATION_CONTEXT('2D SPACE',''
  ) );
#305 = PCURVE('',#306,#317);
#306 = ( BOUNDED_SURFACE() B_SPLINE_SURFACE(1,4,(
    (#307,#308,#309,#310,#311)
    ,(#312,#313,#314,#315,#316
)),.UNSPECIFIED.,.F.,.F.,.F.) B_SPLINE_SURFACE_WITH_KNOTS((2,2),(5,5),(
    1.,2.),(0.,1.),.PIECEWISE_BEZIER_KNOTS.) 
GEOMETRIC_REPRESENTATION_ITEM() RATIONAL_B_SPLINE_SURFACE((
    (1.,1.,1.,1.,1.)
,(1.,1.,1.,1.,1.))) REPRESENTATION_ITEM('') SURFACE() );
#307 = CARTESIAN_POINT('',(69.04,-8.,-100.));
#308 = CARTESIAN_POINT('',(121.19716864481,-18.91154155749,
    -77.18831401546));
#309 = CARTESIAN_POINT('',(137.88614243316,-22.40295866802,
    1.542127708689));
#310 = CARTESIAN_POINT('',(118.8936726543,-18.4296386306,61.16697145941)
  );
#311 = CARTESIAN_POINT('',(76.21,-9.5,100.));
#312 = CARTESIAN_POINT('',(74.,-3.04,-100.));
#313 = CARTESIAN_POINT('',(132.92232441046,-7.186385791847,
    -77.18831401546));
#314 = CARTESIAN_POINT('',(151.77597680734,-8.51312429385,1.542127708689
    ));
#315 = CARTESIAN_POINT('',(130.32004860528,-7.003262679631,
    61.16697145941));
#316 = CARTESIAN_POINT('',(82.1,-3.61,100.));
#317 = DEFINITIONAL_REPRESENTATION('',(#318),#322);
#318 = LINE('',#319,#320);
#319 = CARTESIAN_POINT('',(0.,0.));
#320 = VECTOR('',#321,1.);
#321 = DIRECTION('',(1.,0.));
#322 = ( GEOMETRIC_REPRESENTATION_CONTEXT(2) 
PARAMETRIC_REPRESENTATION_CONTEXT() REPRESENTATION_CONTEXT('2D SPACE',''
  ) );
#323 = ORIENTED_EDGE('',*,*,#324,.F.);
#324 = EDGE_CURVE('',#325,#293,#327,.T.);
#325 = VERTEX_POINT('',#326);
#326 = CARTESIAN_POINT('',(-69.04,-8.,-100.));
#327 = SURFACE_CURVE('',#328,(#331,#337),.PCURVE_S1.);
#328 = B_SPLINE_CURVE_WITH_KNOTS('',1,(#329,#330),.UNSPECIFIED.,.F.,.F.,
  (2,2),(0.,1.),.PIECEWISE_BEZIER_KNOTS.);
#329 = CARTESIAN_POINT('',(-69.04,-8.,-100.));
#330 = CARTESIAN_POINT('',(69.04,-8.,-100.));
#331 = PCURVE('',#49,#332);
#332 = DEFINITIONAL_REPRESENTATION('',(#333),#336);
#333 = B_SPLINE_CURVE_WITH_KNOTS('',1,(#334,#335),.UNSPECIFIED.,.F.,.F.,
  (2,2),(0.,1.),.PIECEWISE_BEZIER_KNOTS.);
#334 = CARTESIAN_POINT('',(3.576209940118,6.579234185238));
#335 = CARTESIAN_POINT('',(140.404719245,-11.9692277834));
#336 = ( GEOMETRIC_REPRESENTATION_CONTEXT(2) 
PARAMETRIC_REPRESENTATION_CONTEXT() REPRESENTATION_CONTEXT('2D SPACE',''
  ) );
#337 = PCURVE('',#338,#349);
#338 = ( BOUNDED_SURFACE() B_SPLINE_SURFACE(1,4,(
    (#339,#340,#341,#342,#343)
    ,(#344,#345,#346,#347,#348
)),.UNSPECIFIED.,.F.,.F.,.F.) B_SPLINE_SURFACE_WITH_KNOTS((2,2),(5,5),(
    0.,1.),(0.,1.),.PIECEWISE_BEZIER_KNOTS.) 
GEOMETRIC_REPRESENTATION_ITEM() RATIONAL_B_SPLINE_SURFACE((
    (1.,1.,1.,1.,1.)
,(1.,1.,1.,1.,1.))) REPRESENTATION_ITEM('') SURFACE() );
#339 = CARTESIAN_POINT('',(-69.04,-8.,-100.));
#340 = CARTESIAN_POINT('',(-121.1971686448,-18.91154155749,
    -77.18831401546));
#341 = CARTESIAN_POINT('',(-137.8861424331,-22.40295866802,
    1.542127708689));
#342 = CARTESIAN_POINT('',(-118.8936726543,-18.4296386306,61.16697145941
    ));
#343 = CARTESIAN_POINT('',(-76.21,-9.5,100.));
#344 = CARTESIAN_POINT('',(69.04,-8.,-100.));
#345 = CARTESIAN_POINT('',(121.19716864481,-18.91154155749,
    -77.18831401546));
#346 = CARTESIAN_POINT('',(137.88614243316,-22.40295866802,
    1.542127708689));
#347 = CARTESIAN_POINT('',(118.8936726543,-18.4296386306,61.16697145941)
  );
#348 = CARTESIAN_POINT('',(76.21,-9.5,100.));
#349 = DEFINITIONAL_REPRESENTATION('',(#350),#354);
#350 = LINE('',#351,#352);
#351 = CARTESIAN_POINT('',(0.,0.));
#352 = VECTOR('',#353,1.);
#353 = DIRECTION('',(1.,0.));
#354 = ( GEOMETRIC_REPRESENTATION_CONTEXT(2) 
PARAMETRIC_REPRESENTATION_CONTEXT() REPRESENTATION_CONTEXT('2D SPACE',''
  ) );
#355 = ORIENTED_EDGE('',*,*,#356,.F.);
#356 = EDGE_CURVE('',#357,#325,#359,.T.);
#357 = VERTEX_POINT('',#358);
#358 = CARTESIAN_POINT('',(-74.,-3.04,-100.));
#359 = SURFACE_CURVE('',#360,(#363,#369),.PCURVE_S1.);
#360 = B_SPLINE_CURVE_WITH_KNOTS('',1,(#361,#362),.UNSPECIFIED.,.F.,.F.,
  (2,2),(7.,8.),.PIECEWISE_BEZIER_KNOTS.);
#361 = CARTESIAN_POINT('',(-74.,-3.04,-100.));
#362 = CARTESIAN_POINT('',(-69.04,-8.,-100.));
#363 = PCURVE('',#49,#364);
#364 = DEFINITIONAL_REPRESENTATION('',(#365),#368);
#365 = B_SPLINE_CURVE_WITH_KNOTS('',1,(#366,#367),.UNSPECIFIED.,.F.,.F.,
  (2,2),(7.,8.),.PIECEWISE_BEZIER_KNOTS.);
#366 = CARTESIAN_POINT('',(-0.672551899307,12.160562237937));
#367 = CARTESIAN_POINT('',(3.576209940118,6.579234185238));
#368 = ( GEOMETRIC_REPRESENTATION_CONTEXT(2) 
PARAMETRIC_REPRESENTATION_CONTEXT() REPRESENTATION_CONTEXT('2D SPACE',''
  ) );
#369 = PCURVE('',#370,#381);
#370 = ( BOUNDED_SURFACE() B_SPLINE_SURFACE(1,4,(
    (#371,#372,#373,#374,#375)
    ,(#376,#377,#378,#379,#380
)),.UNSPECIFIED.,.F.,.F.,.F.) B_SPLINE_SURFACE_WITH_KNOTS((2,2),(5,5),(
    7.,8.),(0.,1.),.PIECEWISE_BEZIER_KNOTS.) 
GEOMETRIC_REPRESENTATION_ITEM() RATIONAL_B_SPLINE_SURFACE((
    (1.,1.,1.,1.,1.)
,(1.,1.,1.,1.,1.))) REPRESENTATION_ITEM('') SURFACE() );
#371 = CARTESIAN_POINT('',(-74.,-3.04,-100.));
#372 = CARTESIAN_POINT('',(-132.9223244104,-7.186385791847,
    -77.18831401546));
#373 = CARTESIAN_POINT('',(-151.7759768073,-8.51312429385,1.542127708689
    ));
#374 = CARTESIAN_POINT('',(-130.3200486052,-7.003262679631,
    61.16697145941));
#375 = CARTESIAN_POINT('',(-82.1,-3.61,100.));
#376 = CARTESIAN_POINT('',(-69.04,-8.,-100.));
#377 = CARTESIAN_POINT('',(-121.1971686448,-18.91154155749,
    -77.18831401546));
#378 = CARTESIAN_POINT('',(-137.8861424331,-22.40295866802,
    1.542127708689));
#379 = CARTESIAN_POINT('',(-118.8936726543,-18.4296386306,61.16697145941
    ));
#380 = CARTESIAN_POINT('',(-76.21,-9.5,100.));
#381 = DEFINITIONAL_REPRESENTATION('',(#382),#386);
#382 = LINE('',#383,#384);
#383 = CARTESIAN_POINT('',(0.,0.));
#384 = VECTOR('',#385,1.);
#385 = DIRECTION('',(1.,0.));
#386 = ( GEOMETRIC_REPRESENTATION_CONTEXT(2) 
PARAMETRIC_REPRESENTATION_CONTEXT() REPRESENTATION_CONTEXT('2D SPACE',''
  ) );
#387 = ORIENTED_EDGE('',*,*,#388,.F.);
#388 = EDGE_CURVE('',#389,#357,#391,.T.);
#389 = VERTEX_POINT('',#390);
#390 = CARTESIAN_POINT('',(-74.,0.,-100.));
#391 = SURFACE_CURVE('',#392,(#395,#401),.PCURVE_S1.);
#392 = B_SPLINE_CURVE_WITH_KNOTS('',1,(#393,#394),.UNSPECIFIED.,.F.,.F.,
  (2,2),(6.,7.),.PIECEWISE_BEZIER_KNOTS.);
#393 = CARTESIAN_POINT('',(-74.,3.04,-100.));
#394 = CARTESIAN_POINT('',(-74.,-3.04,-100.));
#395 = PCURVE('',#49,#396);
#396 = DEFINITIONAL_REPRESENTATION('',(#397),#400);
#397 = B_SPLINE_CURVE_WITH_KNOTS('',1,(#398,#399),.UNSPECIFIED.,.F.,.F.,
  (2,2),(6.,7.),.PIECEWISE_BEZIER_KNOTS.);
#398 = CARTESIAN_POINT('',(0.144182231409,18.185456042787));
#399 = CARTESIAN_POINT('',(-0.672551899307,12.160562237937));
#400 = ( GEOMETRIC_REPRESENTATION_CONTEXT(2) 
PARAMETRIC_REPRESENTATION_CONTEXT() REPRESENTATION_CONTEXT('2D SPACE',''
  ) );
#401 = PCURVE('',#402,#413);
#402 = ( BOUNDED_SURFACE() B_SPLINE_SURFACE(1,4,(
    (#403,#404,#405,#406,#407)
    ,(#408,#409,#410,#411,#412
)),.UNSPECIFIED.,.F.,.F.,.F.) B_SPLINE_SURFACE_WITH_KNOTS((2,2),(5,5),(
    6.,7.),(0.,1.),.PIECEWISE_BEZIER_KNOTS.) 
GEOMETRIC_REPRESENTATION_ITEM() RATIONAL_B_SPLINE_SURFACE((
    (1.,1.,1.,1.,1.)
,(1.,1.,1.,1.,1.))) REPRESENTATION_ITEM('') SURFACE() );
#403 = CARTESIAN_POINT('',(-74.,3.04,-100.));
#404 = CARTESIAN_POINT('',(-132.9223244104,7.186385791847,
    -77.18831401546));
#405 = CARTESIAN_POINT('',(-151.7759768073,8.51312429385,1.542127708689)
  );
#406 = CARTESIAN_POINT('',(-130.3200486052,7.003262679631,61.16697145941
    ));
#407 = CARTESIAN_POINT('',(-82.1,3.61,100.));
#408 = CARTESIAN_POINT('',(-74.,-3.04,-100.));
#409 = CARTESIAN_POINT('',(-132.9223244104,-7.186385791847,
    -77.18831401546));
#410 = CARTESIAN_POINT('',(-151.7759768073,-8.51312429385,1.542127708689
    ));
#411 = CARTESIAN_POINT('',(-130.3200486052,-7.003262679631,
    61.16697145941));
#412 = CARTESIAN_POINT('',(-82.1,-3.61,100.));
#413 = DEFINITIONAL_REPRESENTATION('',(#414),#418);
#414 = LINE('',#415,#416);
#415 = CARTESIAN_POINT('',(0.,0.));
#416 = VECTOR('',#417,1.);
#417 = DIRECTION('',(1.,0.));
#418 = ( GEOMETRIC_REPRESENTATION_CONTEXT(2) 
PARAMETRIC_REPRESENTATION_CONTEXT() REPRESENTATION_CONTEXT('2D SPACE',''
  ) );
#419 = ORIENTED_EDGE('',*,*,#420,.T.);
#420 = EDGE_CURVE('',#389,#421,#423,.T.);
#421 = VERTEX_POINT('',#422);
#422 = CARTESIAN_POINT('',(-81.,0.,-100.));
#423 = SURFACE_CURVE('',#424,(#428,#434),.PCURVE_S1.);
#424 = LINE('',#425,#426);
#425 = CARTESIAN_POINT('',(-170.85,0.,-100.));
#426 = VECTOR('',#427,1.);
#427 = DIRECTION('',(-1.,0.,0.));
#428 = PCURVE('',#49,#429);
#429 = DEFINITIONAL_REPRESENTATION('',(#430),#433);
#430 = B_SPLINE_CURVE_WITH_KNOTS('',1,(#431,#432),.UNSPECIFIED.,.F.,.F.,
  (2,2),(-252.622691552,-89.07730844793),.PIECEWISE_BEZIER_KNOTS.);
#431 = CARTESIAN_POINT('',(154.09665797803,-5.752134580713));
#432 = CARTESIAN_POINT('',(-7.966428448922,16.217124679523));
#433 = ( GEOMETRIC_REPRESENTATION_CONTEXT(2) 
PARAMETRIC_REPRESENTATION_CONTEXT() REPRESENTATION_CONTEXT('2D SPACE',''
  ) );
#434 = PCURVE('',#435,#440);
#435 = PLANE('',#436);
#436 = AXIS2_PLACEMENT_3D('',#437,#438,#439);
#437 = CARTESIAN_POINT('',(-270.,0.,-120.));
#438 = DIRECTION('',(0.,1.,0.));
#439 = DIRECTION('',(0.,0.,1.));
#440 = DEFINITIONAL_REPRESENTATION('',(#441),#444);
#441 = B_SPLINE_CURVE_WITH_KNOTS('',1,(#442,#443),.UNSPECIFIED.,.F.,.F.,
  (2,2),(-252.622691552,-89.07730844793),.PIECEWISE_BEZIER_KNOTS.);
#442 = CARTESIAN_POINT('',(20.,351.77269155206));
#443 = CARTESIAN_POINT('',(20.,188.22730844793));
#444 = ( GEOMETRIC_REPRESENTATION_CONTEXT(2) 
PARAMETRIC_REPRESENTATION_CONTEXT() REPRESENTATION_CONTEXT('2D SPACE',''
  ) );
#445 = ORIENTED_EDGE('',*,*,#446,.T.);
#446 = EDGE_CURVE('',#421,#160,#447,.T.);
#447 = SURFACE_CURVE('',#448,(#451,#457),.PCURVE_S1.);
#448 = B_SPLINE_CURVE_WITH_KNOTS('',1,(#449,#450),.UNSPECIFIED.,.F.,.F.,
  (2,2),(6.,7.),.PIECEWISE_BEZIER_KNOTS.);
#449 = CARTESIAN_POINT('',(-81.,5.7,-100.));
#450 = CARTESIAN_POINT('',(-81.,-5.7,-100.));
#451 = PCURVE('',#49,#452);
#452 = DEFINITIONAL_REPRESENTATION('',(#453),#456);
#453 = B_SPLINE_CURVE_WITH_KNOTS('',1,(#454,#455),.UNSPECIFIED.,.F.,.F.,
  (2,2),(6.,7.),.PIECEWISE_BEZIER_KNOTS.);
#454 = CARTESIAN_POINT('',(-6.435051953828,21.761665982905));
#455 = CARTESIAN_POINT('',(-7.966428448922,10.464990098811));
#456 = ( GEOMETRIC_REPRESENTATION_CONTEXT(2) 
PARAMETRIC_REPRESENTATION_CONTEXT() REPRESENTATION_CONTEXT('2D SPACE',''
  ) );
#457 = PCURVE('',#458,#469);
#458 = ( BOUNDED_SURFACE() B_SPLINE_SURFACE(1,4,(
    (#459,#460,#461,#462,#463)
    ,(#464,#465,#466,#467,#468
)),.UNSPECIFIED.,.F.,.F.,.F.) B_SPLINE_SURFACE_WITH_KNOTS((2,2),(5,5),(
    6.,7.),(0.,1.),.PIECEWISE_BEZIER_KNOTS.) 
GEOMETRIC_REPRESENTATION_ITEM() RATIONAL_B_SPLINE_SURFACE((
    (1.,1.,1.,1.,1.)
,(1.,1.,1.,1.,1.))) REPRESENTATION_ITEM('') SURFACE() );
#459 = CARTESIAN_POINT('',(-81.,5.7,-100.));
#460 = CARTESIAN_POINT('',(-139.9223244104,9.846385791847,
    -77.18831401546));
#461 = CARTESIAN_POINT('',(-158.7759768073,11.17312429385,1.542127708689
    ));
#462 = CARTESIAN_POINT('',(-137.3200486052,9.663262679631,61.16697145941
    ));
#463 = CARTESIAN_POINT('',(-89.1,6.27,100.));
#464 = CARTESIAN_POINT('',(-81.,-5.7,-100.));
#465 = CARTESIAN_POINT('',(-139.9223244104,-9.846385791847,
    -77.18831401546));
#466 = CARTESIAN_POINT('',(-158.7759768073,-11.17312429385,
    1.542127708689));
#467 = CARTESIAN_POINT('',(-137.3200486052,-9.663262679631,
    61.16697145941));
#468 = CARTESIAN_POINT('',(-89.1,-6.27,100.));
#469 = DEFINITIONAL_REPRESENTATION('',(#470),#474);
#470 = LINE('',#471,#472);
#471 = CARTESIAN_POINT('',(0.,0.));
#472 = VECTOR('',#473,1.);
#473 = DIRECTION('',(1.,0.));
#474 = ( GEOMETRIC_REPRESENTATION_CONTEXT(2) 
PARAMETRIC_REPRESENTATION_CONTEXT() REPRESENTATION_CONTEXT('2D SPACE',''
  ) );
#475 = ADVANCED_FACE('',(#476),#78,.T.);
#476 = FACE_BOUND('',#477,.T.);
#477 = EDGE_LOOP('',(#478,#479,#504,#523));
#478 = ORIENTED_EDGE('',*,*,#181,.T.);
#479 = ORIENTED_EDGE('',*,*,#480,.T.);
#480 = EDGE_CURVE('',#182,#481,#483,.T.);
#481 = VERTEX_POINT('',#482);
#482 = CARTESIAN_POINT('',(89.1,-6.27,100.));
#483 = SURFACE_CURVE('',#484,(#490,#497),.PCURVE_S1.);
#484 = ( BOUNDED_CURVE() B_SPLINE_CURVE(4,(#485,#486,#487,#488,#489),
.UNSPECIFIED.,.F.,.F.) B_SPLINE_CURVE_WITH_KNOTS((5,5),(0.,1.),
.PIECEWISE_BEZIER_KNOTS.) CURVE() GEOMETRIC_REPRESENTATION_ITEM() 
RATIONAL_B_SPLINE_CURVE((1.,1.,1.,1.,1.)) REPRESENTATION_ITEM('') );
#485 = CARTESIAN_POINT('',(81.,-5.7,-100.));
#486 = CARTESIAN_POINT('',(139.92232441046,-9.846385791847,
    -77.18831401546));
#487 = CARTESIAN_POINT('',(158.77597680734,-11.17312429385,
    1.542127708689));
#488 = CARTESIAN_POINT('',(137.32004860528,-9.663262679631,
    61.16697145941));
#489 = CARTESIAN_POINT('',(89.1,-6.27,100.));
#490 = PCURVE('',#78,#491);
#491 = DEFINITIONAL_REPRESENTATION('',(#492),#496);
#492 = LINE('',#493,#494);
#493 = CARTESIAN_POINT('',(2.,0.));
#494 = VECTOR('',#495,1.);
#495 = DIRECTION('',(0.,1.));
#496 = ( GEOMETRIC_REPRESENTATION_CONTEXT(2) 
PARAMETRIC_REPRESENTATION_CONTEXT() REPRESENTATION_CONTEXT('2D SPACE',''
  ) );
#497 = PCURVE('',#216,#498);
#498 = DEFINITIONAL_REPRESENTATION('',(#499),#503);
#499 = LINE('',#500,#501);
#500 = CARTESIAN_POINT('',(2.,0.));
#501 = VECTOR('',#502,1.);
#502 = DIRECTION('',(0.,1.));
#503 = ( GEOMETRIC_REPRESENTATION_CONTEXT(2) 
PARAMETRIC_REPRESENTATION_CONTEXT() REPRESENTATION_CONTEXT('2D SPACE',''
  ) );
#504 = ORIENTED_EDGE('',*,*,#505,.F.);
#505 = EDGE_CURVE('',#61,#481,#506,.T.);
#506 = SURFACE_CURVE('',#507,(#510,#517),.PCURVE_S1.);
#507 = B_SPLINE_CURVE_WITH_KNOTS('',1,(#508,#509),.UNSPECIFIED.,.F.,.F.,
  (2,2),(1.,2.),.PIECEWISE_BEZIER_KNOTS.);
#508 = CARTESIAN_POINT('',(78.87,-16.5,100.));
#509 = CARTESIAN_POINT('',(89.1,-6.27,100.));
#510 = PCURVE('',#78,#511);
#511 = DEFINITIONAL_REPRESENTATION('',(#512),#516);
#512 = LINE('',#513,#514);
#513 = CARTESIAN_POINT('',(0.,1.));
#514 = VECTOR('',#515,1.);
#515 = DIRECTION('',(1.,0.));
#516 = ( GEOMETRIC_REPRESENTATION_CONTEXT(2) 
PARAMETRIC_REPRESENTATION_CONTEXT() REPRESENTATION_CONTEXT('2D SPACE',''
  ) );
#517 = PCURVE('',#111,#518);
#518 = DEFINITIONAL_REPRESENTATION('',(#519),#522);
#519 = B_SPLINE_CURVE_WITH_KNOTS('',1,(#520,#521),.UNSPECIFIED.,.F.,.F.,
  (2,2),(1.,2.),.PIECEWISE_BEZIER_KNOTS.);
#520 = CARTESIAN_POINT('',(156.31032052254,-21.18941476631));
#521 = CARTESIAN_POINT('',(167.82180963123,-12.4263434725));
#522 = ( GEOMETRIC_REPRESENTATION_CONTEXT(2) 
PARAMETRIC_REPRESENTATION_CONTEXT() REPRESENTATION_CONTEXT('2D SPACE',''
  ) );
#523 = ORIENTED_EDGE('',*,*,#60,.F.);
#524 = ADVANCED_FACE('',(#525),#111,.T.);
#525 = FACE_BOUND('',#526,.T.);
#526 = EDGE_LOOP('',(#527,#548,#549,#550,#571,#592,#613,#634,#655,#676,
    #697,#718));
#527 = ORIENTED_EDGE('',*,*,#528,.T.);
#528 = EDGE_CURVE('',#529,#97,#531,.T.);
#529 = VERTEX_POINT('',#530);
#530 = CARTESIAN_POINT('',(-89.1,-6.27,100.));
#531 = SURFACE_CURVE('',#532,(#535,#541),.PCURVE_S1.);
#532 = B_SPLINE_CURVE_WITH_KNOTS('',1,(#533,#534),.UNSPECIFIED.,.F.,.F.,
  (2,2),(7.,8.),.PIECEWISE_BEZIER_KNOTS.);
#533 = CARTESIAN_POINT('',(-89.1,-6.27,100.));
#534 = CARTESIAN_POINT('',(-78.87,-16.5,100.));
#535 = PCURVE('',#111,#536);
#536 = DEFINITIONAL_REPRESENTATION('',(#537),#540);
#537 = B_SPLINE_CURVE_WITH_KNOTS('',1,(#538,#539),.UNSPECIFIED.,.F.,.F.,
  (2,2),(7.,8.),.PIECEWISE_BEZIER_KNOTS.);
#538 = CARTESIAN_POINT('',(-8.763071293814,11.511489108692));
#539 = CARTESIAN_POINT('',(0.,0.));
#540 = ( GEOMETRIC_REPRESENTATION_CONTEXT(2) 
PARAMETRIC_REPRESENTATION_CONTEXT() REPRESENTATION_CONTEXT('2D SPACE',''
  ) );
#541 = PCURVE('',#138,#542);
#542 = DEFINITIONAL_REPRESENTATION('',(#543),#547);
#543 = LINE('',#544,#545);
#544 = CARTESIAN_POINT('',(0.,1.));
#545 = VECTOR('',#546,1.);
#546 = DIRECTION('',(1.,0.));
#547 = ( GEOMETRIC_REPRESENTATION_CONTEXT(2) 
PARAMETRIC_REPRESENTATION_CONTEXT() REPRESENTATION_CONTEXT('2D SPACE',''
  ) );
#548 = ORIENTED_EDGE('',*,*,#96,.T.);
#549 = ORIENTED_EDGE('',*,*,#505,.T.);
#550 = ORIENTED_EDGE('',*,*,#551,.T.);
#551 = EDGE_CURVE('',#481,#552,#554,.T.);
#552 = VERTEX_POINT('',#553);
#553 = CARTESIAN_POINT('',(89.1,0.,100.));
#554 = SURFACE_CURVE('',#555,(#558,#564),.PCURVE_S1.);
#555 = B_SPLINE_CURVE_WITH_KNOTS('',1,(#556,#557),.UNSPECIFIED.,.F.,.F.,
  (2,2),(2.,3.),.PIECEWISE_BEZIER_KNOTS.);
#556 = CARTESIAN_POINT('',(89.1,-6.27,100.));
#557 = CARTESIAN_POINT('',(89.1,6.27,100.));
#558 = PCURVE('',#111,#559);
#559 = DEFINITIONAL_REPRESENTATION('',(#560),#563);
#560 = B_SPLINE_CURVE_WITH_KNOTS('',1,(#561,#562),.UNSPECIFIED.,.F.,.F.,
  (2,2),(2.,3.),.PIECEWISE_BEZIER_KNOTS.);
#561 = CARTESIAN_POINT('',(167.82180963123,-12.4263434725));
#562 = CARTESIAN_POINT('',(169.50632377584,2.6645352591E-15));
#563 = ( GEOMETRIC_REPRESENTATION_CONTEXT(2) 
PARAMETRIC_REPRESENTATION_CONTEXT() REPRESENTATION_CONTEXT('2D SPACE',''
  ) );
#564 = PCURVE('',#216,#565);
#565 = DEFINITIONAL_REPRESENTATION('',(#566),#570);
#566 = LINE('',#567,#568);
#567 = CARTESIAN_POINT('',(0.,1.));
#568 = VECTOR('',#569,1.);
#569 = DIRECTION('',(1.,0.));
#570 = ( GEOMETRIC_REPRESENTATION_CONTEXT(2) 
PARAMETRIC_REPRESENTATION_CONTEXT() REPRESENTATION_CONTEXT('2D SPACE',''
  ) );
#571 = ORIENTED_EDGE('',*,*,#572,.T.);
#572 = EDGE_CURVE('',#552,#573,#575,.T.);
#573 = VERTEX_POINT('',#574);
#574 = CARTESIAN_POINT('',(82.1,0.,100.));
#575 = SURFACE_CURVE('',#576,(#580,#586),.PCURVE_S1.);
#576 = LINE('',#577,#578);
#577 = CARTESIAN_POINT('',(-174.435,0.,100.));
#578 = VECTOR('',#579,1.);
#579 = DIRECTION('',(-1.,0.,0.));
#580 = PCURVE('',#111,#581);
#581 = DEFINITIONAL_REPRESENTATION('',(#582),#585);
#582 = B_SPLINE_CURVE_WITH_KNOTS('',1,(#583,#584),.UNSPECIFIED.,.F.,.F.,
  (2,2),(-264.3849607072,-84.48503929273),.PIECEWISE_BEZIER_KNOTS.);
#583 = CARTESIAN_POINT('',(169.50632377584,-6.327348038784));
#584 = CARTESIAN_POINT('',(-8.763071293814,17.838837147476));
#585 = ( GEOMETRIC_REPRESENTATION_CONTEXT(2) 
PARAMETRIC_REPRESENTATION_CONTEXT() REPRESENTATION_CONTEXT('2D SPACE',''
  ) );
#586 = PCURVE('',#249,#587);
#587 = DEFINITIONAL_REPRESENTATION('',(#588),#591);
#588 = B_SPLINE_CURVE_WITH_KNOTS('',1,(#589,#590),.UNSPECIFIED.,.F.,.F.,
  (2,2),(-264.3849607072,-84.48503929273),.PIECEWISE_BEZIER_KNOTS.);
#589 = CARTESIAN_POINT('',(220.,359.94996070726));
#590 = CARTESIAN_POINT('',(220.,180.05003929273));
#591 = ( GEOMETRIC_REPRESENTATION_CONTEXT(2) 
PARAMETRIC_REPRESENTATION_CONTEXT() REPRESENTATION_CONTEXT('2D SPACE',''
  ) );
#592 = ORIENTED_EDGE('',*,*,#593,.F.);
#593 = EDGE_CURVE('',#594,#573,#596,.T.);
#594 = VERTEX_POINT('',#595);
#595 = CARTESIAN_POINT('',(82.1,-3.61,100.));
#596 = SURFACE_CURVE('',#597,(#600,#606),.PCURVE_S1.);
#597 = B_SPLINE_CURVE_WITH_KNOTS('',1,(#598,#599),.UNSPECIFIED.,.F.,.F.,
  (2,2),(2.,3.),.PIECEWISE_BEZIER_KNOTS.);
#598 = CARTESIAN_POINT('',(82.1,-3.61,100.));
#599 = CARTESIAN_POINT('',(82.1,3.61,100.));
#600 = PCURVE('',#111,#601);
#601 = DEFINITIONAL_REPRESENTATION('',(#602),#605);
#602 = B_SPLINE_CURVE_WITH_KNOTS('',1,(#603,#604),.UNSPECIFIED.,.F.,.F.,
  (2,2),(2.,3.),.PIECEWISE_BEZIER_KNOTS.);
#603 = CARTESIAN_POINT('',(161.242575446,-8.850133532386));
#604 = CARTESIAN_POINT('',(162.21244722622,-1.695572139126));
#605 = ( GEOMETRIC_REPRESENTATION_CONTEXT(2) 
PARAMETRIC_REPRESENTATION_CONTEXT() REPRESENTATION_CONTEXT('2D SPACE',''
  ) );
#606 = PCURVE('',#274,#607);
#607 = DEFINITIONAL_REPRESENTATION('',(#608),#612);
#608 = LINE('',#609,#610);
#609 = CARTESIAN_POINT('',(0.,1.));
#610 = VECTOR('',#611,1.);
#611 = DIRECTION('',(1.,0.));
#612 = ( GEOMETRIC_REPRESENTATION_CONTEXT(2) 
PARAMETRIC_REPRESENTATION_CONTEXT() REPRESENTATION_CONTEXT('2D SPACE',''
  ) );
#613 = ORIENTED_EDGE('',*,*,#614,.F.);
#614 = EDGE_CURVE('',#615,#594,#617,.T.);
#615 = VERTEX_POINT('',#616);
#616 = CARTESIAN_POINT('',(76.21,-9.5,100.));
#617 = SURFACE_CURVE('',#618,(#621,#627),.PCURVE_S1.);
#618 = B_SPLINE_CURVE_WITH_KNOTS('',1,(#619,#620),.UNSPECIFIED.,.F.,.F.,
  (2,2),(1.,2.),.PIECEWISE_BEZIER_KNOTS.);
#619 = CARTESIAN_POINT('',(76.21,-9.5,100.));
#620 = CARTESIAN_POINT('',(82.1,-3.61,100.));
#621 = PCURVE('',#111,#622);
#622 = DEFINITIONAL_REPRESENTATION('',(#623),#626);
#623 = B_SPLINE_CURVE_WITH_KNOTS('',1,(#624,#625),.UNSPECIFIED.,.F.,.F.,
  (2,2),(1.,2.),.PIECEWISE_BEZIER_KNOTS.);
#624 = CARTESIAN_POINT('',(154.61474838342,-13.8955382167));
#625 = CARTESIAN_POINT('',(161.242575446,-8.850133532386));
#626 = ( GEOMETRIC_REPRESENTATION_CONTEXT(2) 
PARAMETRIC_REPRESENTATION_CONTEXT() REPRESENTATION_CONTEXT('2D SPACE',''
  ) );
#627 = PCURVE('',#306,#628);
#628 = DEFINITIONAL_REPRESENTATION('',(#629),#633);
#629 = LINE('',#630,#631);
#630 = CARTESIAN_POINT('',(0.,1.));
#631 = VECTOR('',#632,1.);
#632 = DIRECTION('',(1.,0.));
#633 = ( GEOMETRIC_REPRESENTATION_CONTEXT(2) 
PARAMETRIC_REPRESENTATION_CONTEXT() REPRESENTATION_CONTEXT('2D SPACE',''
  ) );
#634 = ORIENTED_EDGE('',*,*,#635,.F.);
#635 = EDGE_CURVE('',#636,#615,#638,.T.);
#636 = VERTEX_POINT('',#637);
#637 = CARTESIAN_POINT('',(-76.21,-9.5,100.));
#638 = SURFACE_CURVE('',#639,(#642,#648),.PCURVE_S1.);
#639 = B_SPLINE_CURVE_WITH_KNOTS('',1,(#640,#641),.UNSPECIFIED.,.F.,.F.,
  (2,2),(0.,1.),.PIECEWISE_BEZIER_KNOTS.);
#640 = CARTESIAN_POINT('',(-76.21,-9.5,100.));
#641 = CARTESIAN_POINT('',(76.21,-9.5,100.));
#642 = PCURVE('',#111,#643);
#643 = DEFINITIONAL_REPRESENTATION('',(#644),#647);
#644 = B_SPLINE_CURVE_WITH_KNOTS('',1,(#645,#646),.UNSPECIFIED.,.F.,.F.,
  (2,2),(0.,1.),.PIECEWISE_BEZIER_KNOTS.);
#645 = CARTESIAN_POINT('',(3.576209940118,6.579234185238));
#646 = CARTESIAN_POINT('',(154.61474838342,-13.8955382167));
#647 = ( GEOMETRIC_REPRESENTATION_CONTEXT(2) 
PARAMETRIC_REPRESENTATION_CONTEXT() REPRESENTATION_CONTEXT('2D SPACE',''
  ) );
#648 = PCURVE('',#338,#649);
#649 = DEFINITIONAL_REPRESENTATION('',(#650),#654);
#650 = LINE('',#651,#652);
#651 = CARTESIAN_POINT('',(0.,1.));
#652 = VECTOR('',#653,1.);
#653 = DIRECTION('',(1.,0.));
#654 = ( GEOMETRIC_REPRESENTATION_CONTEXT(2) 
PARAMETRIC_REPRESENTATION_CONTEXT() REPRESENTATION_CONTEXT('2D SPACE',''
  ) );
#655 = ORIENTED_EDGE('',*,*,#656,.F.);
#656 = EDGE_CURVE('',#657,#636,#659,.T.);
#657 = VERTEX_POINT('',#658);
#658 = CARTESIAN_POINT('',(-82.1,-3.61,100.));
#659 = SURFACE_CURVE('',#660,(#663,#669),.PCURVE_S1.);
#660 = B_SPLINE_CURVE_WITH_KNOTS('',1,(#661,#662),.UNSPECIFIED.,.F.,.F.,
  (2,2),(7.,8.),.PIECEWISE_BEZIER_KNOTS.);
#661 = CARTESIAN_POINT('',(-82.1,-3.61,100.));
#662 = CARTESIAN_POINT('',(-76.21,-9.5,100.));
#663 = PCURVE('',#111,#664);
#664 = DEFINITIONAL_REPRESENTATION('',(#665),#668);
#665 = B_SPLINE_CURVE_WITH_KNOTS('',1,(#666,#667),.UNSPECIFIED.,.F.,.F.,
  (2,2),(7.,8.),.PIECEWISE_BEZIER_KNOTS.);
#666 = CARTESIAN_POINT('',(-1.469194744199,13.207061247818));
#667 = CARTESIAN_POINT('',(3.576209940118,6.579234185238));
#668 = ( GEOMETRIC_REPRESENTATION_CONTEXT(2) 
PARAMETRIC_REPRESENTATION_CONTEXT() REPRESENTATION_CONTEXT('2D SPACE',''
  ) );
#669 = PCURVE('',#370,#670);
#670 = DEFINITIONAL_REPRESENTATION('',(#671),#675);
#671 = LINE('',#672,#673);
#672 = CARTESIAN_POINT('',(0.,1.));
#673 = VECTOR('',#674,1.);
#674 = DIRECTION('',(1.,0.));
#675 = ( GEOMETRIC_REPRESENTATION_CONTEXT(2) 
PARAMETRIC_REPRESENTATION_CONTEXT() REPRESENTATION_CONTEXT('2D SPACE',''
  ) );
#676 = ORIENTED_EDGE('',*,*,#677,.F.);
#677 = EDGE_CURVE('',#678,#657,#680,.T.);
#678 = VERTEX_POINT('',#679);
#679 = CARTESIAN_POINT('',(-82.1,0.,100.));
#680 = SURFACE_CURVE('',#681,(#684,#690),.PCURVE_S1.);
#681 = B_SPLINE_CURVE_WITH_KNOTS('',1,(#682,#683),.UNSPECIFIED.,.F.,.F.,
  (2,2),(6.,7.),.PIECEWISE_BEZIER_KNOTS.);
#682 = CARTESIAN_POINT('',(-82.1,3.61,100.));
#683 = CARTESIAN_POINT('',(-82.1,-3.61,100.));
#684 = PCURVE('',#111,#685);
#685 = DEFINITIONAL_REPRESENTATION('',(#686),#689);
#686 = B_SPLINE_CURVE_WITH_KNOTS('',1,(#687,#688),.UNSPECIFIED.,.F.,.F.,
  (2,2),(6.,7.),.PIECEWISE_BEZIER_KNOTS.);
#687 = CARTESIAN_POINT('',(-0.499322963973,20.361622641078));
#688 = CARTESIAN_POINT('',(-1.469194744199,13.207061247818));
#689 = ( GEOMETRIC_REPRESENTATION_CONTEXT(2) 
PARAMETRIC_REPRESENTATION_CONTEXT() REPRESENTATION_CONTEXT('2D SPACE',''
  ) );
#690 = PCURVE('',#402,#691);
#691 = DEFINITIONAL_REPRESENTATION('',(#692),#696);
#692 = LINE('',#693,#694);
#693 = CARTESIAN_POINT('',(0.,1.));
#694 = VECTOR('',#695,1.);
#695 = DIRECTION('',(1.,0.));
#696 = ( GEOMETRIC_REPRESENTATION_CONTEXT(2) 
PARAMETRIC_REPRESENTATION_CONTEXT() REPRESENTATION_CONTEXT('2D SPACE',''
  ) );
#697 = ORIENTED_EDGE('',*,*,#698,.T.);
#698 = EDGE_CURVE('',#678,#699,#701,.T.);
#699 = VERTEX_POINT('',#700);
#700 = CARTESIAN_POINT('',(-89.1,0.,100.));
#701 = SURFACE_CURVE('',#702,(#706,#712),.PCURVE_S1.);
#702 = LINE('',#703,#704);
#703 = CARTESIAN_POINT('',(-174.435,0.,100.));
#704 = VECTOR('',#705,1.);
#705 = DIRECTION('',(-1.,0.,0.));
#706 = PCURVE('',#111,#707);
#707 = DEFINITIONAL_REPRESENTATION('',(#708),#711);
#708 = B_SPLINE_CURVE_WITH_KNOTS('',1,(#709,#710),.UNSPECIFIED.,.F.,.F.,
  (2,2),(-264.3849607072,-84.48503929273),.PIECEWISE_BEZIER_KNOTS.);
#709 = CARTESIAN_POINT('',(169.50632377584,-6.327348038784));
#710 = CARTESIAN_POINT('',(-8.763071293814,17.838837147476));
#711 = ( GEOMETRIC_REPRESENTATION_CONTEXT(2) 
PARAMETRIC_REPRESENTATION_CONTEXT() REPRESENTATION_CONTEXT('2D SPACE',''
  ) );
#712 = PCURVE('',#435,#713);
#713 = DEFINITIONAL_REPRESENTATION('',(#714),#717);
#714 = B_SPLINE_CURVE_WITH_KNOTS('',1,(#715,#716),.UNSPECIFIED.,.F.,.F.,
  (2,2),(-264.3849607072,-84.48503929273),.PIECEWISE_BEZIER_KNOTS.);
#715 = CARTESIAN_POINT('',(220.,359.94996070726));
#716 = CARTESIAN_POINT('',(220.,180.05003929273));
#717 = ( GEOMETRIC_REPRESENTATION_CONTEXT(2) 
PARAMETRIC_REPRESENTATION_CONTEXT() REPRESENTATION_CONTEXT('2D SPACE',''
  ) );
#718 = ORIENTED_EDGE('',*,*,#719,.T.);
#719 = EDGE_CURVE('',#699,#529,#720,.T.);
#720 = SURFACE_CURVE('',#721,(#724,#730),.PCURVE_S1.);
#721 = B_SPLINE_CURVE_WITH_KNOTS('',1,(#722,#723),.UNSPECIFIED.,.F.,.F.,
  (2,2),(6.,7.),.PIECEWISE_BEZIER_KNOTS.);
#722 = CARTESIAN_POINT('',(-89.1,6.27,100.));
#723 = CARTESIAN_POINT('',(-89.1,-6.27,100.));
#724 = PCURVE('',#111,#725);
#725 = DEFINITIONAL_REPRESENTATION('',(#726),#729);
#726 = B_SPLINE_CURVE_WITH_KNOTS('',1,(#727,#728),.UNSPECIFIED.,.F.,.F.,
  (2,2),(6.,7.),.PIECEWISE_BEZIER_KNOTS.);
#727 = CARTESIAN_POINT('',(-7.078557149211,23.937832581196));
#728 = CARTESIAN_POINT('',(-8.763071293814,11.511489108692));
#729 = ( GEOMETRIC_REPRESENTATION_CONTEXT(2) 
PARAMETRIC_REPRESENTATION_CONTEXT() REPRESENTATION_CONTEXT('2D SPACE',''
  ) );
#730 = PCURVE('',#458,#731);
#731 = DEFINITIONAL_REPRESENTATION('',(#732),#736);
#732 = LINE('',#733,#734);
#733 = CARTESIAN_POINT('',(0.,1.));
#734 = VECTOR('',#735,1.);
#735 = DIRECTION('',(1.,0.));
#736 = ( GEOMETRIC_REPRESENTATION_CONTEXT(2) 
PARAMETRIC_REPRESENTATION_CONTEXT() REPRESENTATION_CONTEXT('2D SPACE',''
  ) );
#737 = ADVANCED_FACE('',(#738),#138,.T.);
#738 = FACE_BOUND('',#739,.T.);
#739 = EDGE_LOOP('',(#740,#741,#742,#743));
#740 = ORIENTED_EDGE('',*,*,#159,.T.);
#741 = ORIENTED_EDGE('',*,*,#122,.T.);
#742 = ORIENTED_EDGE('',*,*,#528,.F.);
#743 = ORIENTED_EDGE('',*,*,#744,.F.);
#744 = EDGE_CURVE('',#160,#529,#745,.T.);
#745 = SURFACE_CURVE('',#746,(#752,#759),.PCURVE_S1.);
#746 = ( BOUNDED_CURVE() B_SPLINE_CURVE(4,(#747,#748,#749,#750,#751),
.UNSPECIFIED.,.F.,.F.) B_SPLINE_CURVE_WITH_KNOTS((5,5),(0.,1.),
.PIECEWISE_BEZIER_KNOTS.) CURVE() GEOMETRIC_REPRESENTATION_ITEM() 
RATIONAL_B_SPLINE_CURVE((1.,1.,1.,1.,1.)) REPRESENTATION_ITEM('') );
#747 = CARTESIAN_POINT('',(-81.,-5.7,-100.));
#748 = CARTESIAN_POINT('',(-139.9223244104,-9.846385791847,
    -77.18831401546));
#749 = CARTESIAN_POINT('',(-158.7759768073,-11.17312429385,
    1.542127708689));
#750 = CARTESIAN_POINT('',(-137.3200486052,-9.663262679631,
    61.16697145941));
#751 = CARTESIAN_POINT('',(-89.1,-6.27,100.));
#752 = PCURVE('',#138,#753);
#753 = DEFINITIONAL_REPRESENTATION('',(#754),#758);
#754 = LINE('',#755,#756);
#755 = CARTESIAN_POINT('',(7.,0.));
#756 = VECTOR('',#757,1.);
#757 = DIRECTION('',(0.,1.));
#758 = ( GEOMETRIC_REPRESENTATION_CONTEXT(2) 
PARAMETRIC_REPRESENTATION_CONTEXT() REPRESENTATION_CONTEXT('2D SPACE',''
  ) );
#759 = PCURVE('',#458,#760);
#760 = DEFINITIONAL_REPRESENTATION('',(#761),#765);
#761 = LINE('',#762,#763);
#762 = CARTESIAN_POINT('',(7.,0.));
#763 = VECTOR('',#764,1.);
#764 = DIRECTION('',(0.,1.));
#765 = ( GEOMETRIC_REPRESENTATION_CONTEXT(2) 
PARAMETRIC_REPRESENTATION_CONTEXT() REPRESENTATION_CONTEXT('2D SPACE',''
  ) );
#766 = ADVANCED_FACE('',(#767),#458,.T.);
#767 = FACE_BOUND('',#768,.T.);
#768 = EDGE_LOOP('',(#769,#1081,#1082,#1083));
#769 = ORIENTED_EDGE('',*,*,#770,.F.);
#770 = EDGE_CURVE('',#421,#699,#771,.T.);
#771 = SURFACE_CURVE('',#772,(#873,#977),.PCURVE_S1.);
#772 = B_SPLINE_CURVE_WITH_KNOTS('',8,(#773,#774,#775,#776,#777,#778,
    #779,#780,#781,#782,#783,#784,#785,#786,#787,#788,#789,#790,#791,
    #792,#793,#794,#795,#796,#797,#798,#799,#800,#801,#802,#803,#804,
    #805,#806,#807,#808,#809,#810,#811,#812,#813,#814,#815,#816,#817,
    #818,#819,#820,#821,#822,#823,#824,#825,#826,#827,#828,#829,#830,
    #831,#832,#833,#834,#835,#836,#837,#838,#839,#840,#841,#842,#843,
    #844,#845,#846,#847,#848,#849,#850,#851,#852,#853,#854,#855,#856,
    #857,#858,#859,#860,#861,#862,#863,#864,#865,#866,#867,#868,#869,
    #870,#871,#872),.UNSPECIFIED.,.F.,.F.,(9,7,7,7,7,7,7,7,7,7,7,7,7,7,9
    ),(0.,2.099111815551E-02,0.145592282903,0.221146236026,
    0.310724157996,0.375639262168,0.424636353829,0.461623464226,
    0.489587552932,0.566284012578,0.823265763894,0.844117445728,
    0.877024651537,0.926309697725,1.),.UNSPECIFIED.);
#773 = CARTESIAN_POINT('',(-81.,0.,-100.));
#774 = CARTESIAN_POINT('',(-81.58470182041,0.,-99.77363360228));
#775 = CARTESIAN_POINT('',(-82.16737385087,0.,-99.54202395318));
#776 = CARTESIAN_POINT('',(-82.74795870725,0.,-99.30518631948));
#777 = CARTESIAN_POINT('',(-83.32639970119,0.,-99.06313791701));
#778 = CARTESIAN_POINT('',(-83.90264084007,0.,-98.81589791065));
#779 = CARTESIAN_POINT('',(-84.47662682706,0.,-98.56348741432));
#780 = CARTESIAN_POINT('',(-85.04830306105,0.,-98.30592949099));
#781 = CARTESIAN_POINT('',(-88.99699778831,0.,-96.48400510156));
#782 = CARTESIAN_POINT('',(-92.29356501595,0.,-94.74405704682));
#783 = CARTESIAN_POINT('',(-95.49515474344,0.,-92.82893792858));
#784 = CARTESIAN_POINT('',(-98.59184224118,0.,-90.74626524185));
#785 = CARTESIAN_POINT('',(-101.5755549618,0.,-88.50518291143));
#786 = CARTESIAN_POINT('',(-104.4397831879,0.,-86.11594036799));
#787 = CARTESIAN_POINT('',(-107.1793659256,0.,-83.58957942659));
#788 = CARTESIAN_POINT('',(-111.3735323266,0.,-79.32968886618));
#789 = CARTESIAN_POINT('',(-112.9096424309,0.,-77.67532517186));
#790 = CARTESIAN_POINT('',(-114.3979026643,0.,-75.97702476162));
#791 = CARTESIAN_POINT('',(-115.8377532075,0.,-74.23719160289));
#792 = CARTESIAN_POINT('',(-117.2288008302,0.,-72.45819097081));
#793 = CARTESIAN_POINT('',(-118.5707912894,0.,-70.64232692734));
#794 = CARTESIAN_POINT('',(-119.8635863486,0.,-68.79182366378));
#795 = CARTESIAN_POINT('',(-122.5815280624,0.,-64.6762817544));
#796 = CARTESIAN_POINT('',(-123.9866800155,0.,-62.3980849932));
#797 = CARTESIAN_POINT('',(-125.322567456,0.,-60.07772550811));
#798 = CARTESIAN_POINT('',(-126.5893055447,0.,-57.71856335061));
#799 = CARTESIAN_POINT('',(-127.7871239285,0.,-55.32379518224));
#800 = CARTESIAN_POINT('',(-128.916336385,0.,-52.89643826461));
#801 = CARTESIAN_POINT('',(-129.9773146074,0.,-50.43931679577));
#802 = CARTESIAN_POINT('',(-131.6901806886,0.,-46.15475878151));
#803 = CARTESIAN_POINT('',(-132.3742675839,0.,-44.34023152043));
#804 = CARTESIAN_POINT('',(-133.0228802696,0.,-42.51247315878));
#805 = CARTESIAN_POINT('',(-133.6361741714,0.,-40.67245275862));
#806 = CARTESIAN_POINT('',(-134.2143050377,0.,-38.82110356899));
#807 = CARTESIAN_POINT('',(-134.7574272892,0.,-36.95932250035));
#808 = CARTESIAN_POINT('',(-135.2656923686,0.,-35.08796959902));
#809 = CARTESIAN_POINT('',(-136.0966801487,0.,-31.78879048249));
#810 = CARTESIAN_POINT('',(-136.4343373844,0.,-30.36473374977));
#811 = CARTESIAN_POINT('',(-136.7522816036,0.,-28.93605303183));
#812 = CARTESIAN_POINT('',(-137.0505731387,0.,-27.50309639743));
#813 = CARTESIAN_POINT('',(-137.3292698495,0.,-26.06620427568));
#814 = CARTESIAN_POINT('',(-137.5884271231,0.,-24.62570945605));
#815 = CARTESIAN_POINT('',(-137.8280978738,0.,-23.18193708833));
#816 = CARTESIAN_POINT('',(-138.2145841259,0.,-20.64308983693));
#817 = CARTESIAN_POINT('',(-138.369759961,0.,-19.54928919834));
#818 = CARTESIAN_POINT('',(-138.5138816011,0.,-18.45393975239));
#819 = CARTESIAN_POINT('',(-138.64696977,0.,-17.35717690997));
#820 = CARTESIAN_POINT('',(-138.769044363,0.,-16.25913450733));
#821 = CARTESIAN_POINT('',(-138.8801244468,0.,-15.15994480612));
#822 = CARTESIAN_POINT('',(-138.9802282595,0.,-14.05973849338));
#823 = CARTESIAN_POINT('',(-139.1367712122,0.,-12.12616318466));
#824 = CARTESIAN_POINT('',(-139.1979050377,0.,-11.29317459044));
#825 = CARTESIAN_POINT('',(-139.2527822096,0.,-10.4597347855));
#826 = CARTESIAN_POINT('',(-139.301410036,0.,-9.625899329451));
#827 = CARTESIAN_POINT('',(-139.3437956109,0.,-8.791723454862));
#828 = CARTESIAN_POINT('',(-139.3799458136,0.,-7.957262067321));
#829 = CARTESIAN_POINT('',(-139.4098673095,0.,-7.122569745399));
#830 = CARTESIAN_POINT('',(-139.4985659077,0.,-3.997924821057));
#831 = CARTESIAN_POINT('',(-139.5167597835,0.,-1.706825165315));
#832 = CARTESIAN_POINT('',(-139.4882823971,0.,0.584485309402));
#833 = CARTESIAN_POINT('',(-139.4132572044,0.,2.874899794424));
#834 = CARTESIAN_POINT('',(-139.2918012316,0.,5.163317763292));
#835 = CARTESIAN_POINT('',(-139.1240294108,0.,7.448645145466));
#836 = CARTESIAN_POINT('',(-138.910058915,0.,9.729794500025));
#837 = CARTESIAN_POINT('',(-137.7786965106,0.,19.631361496318));
#838 = CARTESIAN_POINT('',(-136.3897795909,0.,27.200869898551));
#839 = CARTESIAN_POINT('',(-134.487586025,0.,34.670392186183));
#840 = CARTESIAN_POINT('',(-132.0784009674,0.,41.997268967201));
#841 = CARTESIAN_POINT('',(-129.17203964,0.,49.140595735991));
#842 = CARTESIAN_POINT('',(-125.7833765955,0.,56.061822415793));
#843 = CARTESIAN_POINT('',(-121.9347226917,0.,62.725688050953));
#844 = CARTESIAN_POINT('',(-117.3117147533,0.,69.618638341813));
#845 = CARTESIAN_POINT('',(-116.9619345695,0.,70.134070812144));
#846 = CARTESIAN_POINT('',(-116.6093519245,0.,70.647597727982));
#847 = CARTESIAN_POINT('',(-116.2539833639,0.,71.159204346987));
#848 = CARTESIAN_POINT('',(-115.8958457054,0.,71.668876276886));
#849 = CARTESIAN_POINT('',(-115.5349560387,0.,72.176599475471));
#850 = CARTESIAN_POINT('',(-115.1713317262,0.,72.682360250597));
#851 = CARTESIAN_POINT('',(-114.2268466604,0.,73.981196571943));
#852 = CARTESIAN_POINT('',(-113.6419358552,0.,74.771327229691));
#853 = CARTESIAN_POINT('',(-113.0503274162,0.,75.556484715574));
#854 = CARTESIAN_POINT('',(-112.452092211,0.,76.336618934204));
#855 = CARTESIAN_POINT('',(-111.8473025449,0.,77.111682212669));
#856 = CARTESIAN_POINT('',(-111.2360321608,0.,77.88162930053));
#857 = CARTESIAN_POINT('',(-110.6183562393,0.,78.646417369821));
#858 = CARTESIAN_POINT('',(-109.0597807887,0.,80.543640175828));
#859 = CARTESIAN_POINT('',(-108.1110128615,0.,81.669612544337));
#860 = CARTESIAN_POINT('',(-107.1483052811,0.,82.783786646889));
#861 = CARTESIAN_POINT('',(-106.1719211428,0.,83.886040006633));
#862 = CARTESIAN_POINT('',(-105.1821285985,0.,84.976263807446));
#863 = CARTESIAN_POINT('',(-104.1792004819,0.,86.054362557808));
#864 = CARTESIAN_POINT('',(-103.1634139335,0.,87.120253754678));
#865 = CARTESIAN_POINT('',(-100.5974548931,0.,89.74921595162));
#866 = CARTESIAN_POINT('',(-99.03173735105,0.,91.297122004534));
#867 = CARTESIAN_POINT('',(-97.43883815262,0.,92.817350499401));
#868 = CARTESIAN_POINT('',(-95.81970769973,0.,94.309739713749));
#869 = CARTESIAN_POINT('',(-94.17530213097,0.,95.774197101046));
#870 = CARTESIAN_POINT('',(-92.506579409,0.,97.210694982395));
#871 = CARTESIAN_POINT('',(-90.81449540779,0.,98.619266238228));
#872 = CARTESIAN_POINT('',(-89.1,0.,100.));
#873 = PCURVE('',#458,#874);
#874 = DEFINITIONAL_REPRESENTATION('',(#875),#976);
#875 = B_SPLINE_CURVE_WITH_KNOTS('',8,(#876,#877,#878,#879,#880,#881,
    #882,#883,#884,#885,#886,#887,#888,#889,#890,#891,#892,#893,#894,
    #895,#896,#897,#898,#899,#900,#901,#902,#903,#904,#905,#906,#907,
    #908,#909,#910,#911,#912,#913,#914,#915,#916,#917,#918,#919,#920,
    #921,#922,#923,#924,#925,#926,#927,#928,#929,#930,#931,#932,#933,
    #934,#935,#936,#937,#938,#939,#940,#941,#942,#943,#944,#945,#946,
    #947,#948,#949,#950,#951,#952,#953,#954,#955,#956,#957,#958,#959,
    #960,#961,#962,#963,#964,#965,#966,#967,#968,#969,#970,#971,#972,
    #973,#974,#975),.UNSPECIFIED.,.F.,.F.,(9,7,7,7,7,7,7,7,7,7,7,7,7,7,9
    ),(0.,2.099111815551E-02,0.145592282903,0.221146236026,
    0.310724157996,0.375639262168,0.424636353829,0.461623464226,
    0.489587552932,0.566284012578,0.823265763894,0.844117445728,
    0.877024651537,0.926309697725,1.),.UNSPECIFIED.);
#876 = CARTESIAN_POINT('',(6.5,0.));
#877 = CARTESIAN_POINT('',(6.5,2.48081616884E-03));
#878 = CARTESIAN_POINT('',(6.5,4.967369285529E-03));
#879 = CARTESIAN_POINT('',(6.5,7.459532789489E-03));
#880 = CARTESIAN_POINT('',(6.5,9.95717902731E-03));
#881 = CARTESIAN_POINT('',(6.5,1.246017925275E-02));
#882 = CARTESIAN_POINT('',(6.5,1.496840362675E-02));
#883 = CARTESIAN_POINT('',(6.5,1.748172121741E-02));
#884 = CARTESIAN_POINT('',(6.5,3.494824940455E-02));
#885 = CARTESIAN_POINT('',(6.5,5.007337385321E-02));
#886 = CARTESIAN_POINT('',(6.5,6.534405106779E-02));
#887 = CARTESIAN_POINT('',(6.5,8.07326749423E-02));
#888 = CARTESIAN_POINT('',(6.5,9.621446960959E-02));
#889 = CARTESIAN_POINT('',(6.5,0.111766800956));
#890 = CARTESIAN_POINT('',(6.5,0.127368623433));
#891 = CARTESIAN_POINT('',(6.5,0.152478340711));
#892 = CARTESIAN_POINT('',(6.5,0.161968739125));
#893 = CARTESIAN_POINT('',(6.5,0.171467638417));
#894 = CARTESIAN_POINT('',(6.5,0.180972017754));
#895 = CARTESIAN_POINT('',(6.5,0.190479335991));
#896 = CARTESIAN_POINT('',(6.5,0.199987492313));
#897 = CARTESIAN_POINT('',(6.5,0.209494803811));
#898 = CARTESIAN_POINT('',(6.5,0.230269505927));
#899 = CARTESIAN_POINT('',(6.5,0.241535883237));
#900 = CARTESIAN_POINT('',(6.5,0.252797247354));
#901 = CARTESIAN_POINT('',(6.5,0.264052272278));
#902 = CARTESIAN_POINT('',(6.5,0.275300142107));
#903 = CARTESIAN_POINT('',(6.5,0.286540527719));
#904 = CARTESIAN_POINT('',(6.5,0.297773588626));
#905 = CARTESIAN_POINT('',(6.5,0.317135527681));
#906 = CARTESIAN_POINT('',(6.5,0.325267473376));
#907 = CARTESIAN_POINT('',(6.5,0.33339606349));
#908 = CARTESIAN_POINT('',(6.5,0.341521569947));
#909 = CARTESIAN_POINT('',(6.5,0.349644313927));
#910 = CARTESIAN_POINT('',(6.5,0.357764669597));
#911 = CARTESIAN_POINT('',(6.5,0.365883067842));
#912 = CARTESIAN_POINT('',(6.5,0.380126556739));
#913 = CARTESIAN_POINT('',(6.5,0.386252259007));
#914 = CARTESIAN_POINT('',(6.5,0.392377307852));
#915 = CARTESIAN_POINT('',(6.5,0.398501907362));
#916 = CARTESIAN_POINT('',(6.5,0.404626264658));
#917 = CARTESIAN_POINT('',(6.5,0.410750589895));
#918 = CARTESIAN_POINT('',(6.5,0.416875096266));
#919 = CARTESIAN_POINT('',(6.5,0.427623590562));
#920 = CARTESIAN_POINT('',(6.5,0.432247404292));
#921 = CARTESIAN_POINT('',(6.5,0.436871532934));
#922 = CARTESIAN_POINT('',(6.5,0.441496066646));
#923 = CARTESIAN_POINT('',(6.5,0.446121094007));
#924 = CARTESIAN_POINT('',(6.5,0.450746702009));
#925 = CARTESIAN_POINT('',(6.5,0.455372976064));
#926 = CARTESIAN_POINT('',(6.5,0.463498259432));
#927 = CARTESIAN_POINT('',(6.5,0.466996946828));
#928 = CARTESIAN_POINT('',(6.5,0.470496098162));
#929 = CARTESIAN_POINT('',(6.5,0.473995748362));
#930 = CARTESIAN_POINT('',(6.5,0.477495931318));
#931 = CARTESIAN_POINT('',(6.5,0.480996679878));
#932 = CARTESIAN_POINT('',(6.5,0.48449802585));
#933 = CARTESIAN_POINT('',(6.5,0.497604783545));
#934 = CARTESIAN_POINT('',(6.5,0.507214271159));
#935 = CARTESIAN_POINT('',(6.5,0.516829123877));
#936 = CARTESIAN_POINT('',(6.5,0.526449900907));
#937 = CARTESIAN_POINT('',(6.5,0.536077061906));
#938 = CARTESIAN_POINT('',(6.5,0.545710969267));
#939 = CARTESIAN_POINT('',(6.5,0.555351890397));
#940 = CARTESIAN_POINT('',(6.5,0.597327282303));
#941 = CARTESIAN_POINT('',(6.5,0.629747426954));
#942 = CARTESIAN_POINT('',(6.5,0.662253922097));
#943 = CARTESIAN_POINT('',(6.5,0.694829223314));
#944 = CARTESIAN_POINT('',(6.5,0.727444446461));
#945 = CARTESIAN_POINT('',(6.5,0.76005662297));
#946 = CARTESIAN_POINT('',(6.5,0.79260402241));
#947 = CARTESIAN_POINT('',(6.5,0.827628632632));
#948 = CARTESIAN_POINT('',(6.5,0.830256305144));
#949 = CARTESIAN_POINT('',(6.5,0.832882978823));
#950 = CARTESIAN_POINT('',(6.5,0.835508614818));
#951 = CARTESIAN_POINT('',(6.5,0.838133174136));
#952 = CARTESIAN_POINT('',(6.5,0.840756617645));
#953 = CARTESIAN_POINT('',(6.5,0.843378906071));
#954 = CARTESIAN_POINT('',(6.5,0.850136494987));
#955 = CARTESIAN_POINT('',(6.5,0.854270015698));
#956 = CARTESIAN_POINT('',(6.5,0.85840040676));
#957 = CARTESIAN_POINT('',(6.5,0.862527513095));
#958 = CARTESIAN_POINT('',(6.5,0.866651179922));
#959 = CARTESIAN_POINT('',(6.5,0.870771252757));
#960 = CARTESIAN_POINT('',(6.5,0.874887577414));
#961 = CARTESIAN_POINT('',(6.5,0.885159165816));
#962 = CARTESIAN_POINT('',(6.5,0.891309584456));
#963 = CARTESIAN_POINT('',(6.5,0.897450735353));
#964 = CARTESIAN_POINT('',(6.5,0.903582109031));
#965 = CARTESIAN_POINT('',(6.5,0.909703206568));
#966 = CARTESIAN_POINT('',(6.5,0.915813539052));
#967 = CARTESIAN_POINT('',(6.5,0.921912627037));
#968 = CARTESIAN_POINT('',(6.5,0.937101753745));
#969 = CARTESIAN_POINT('',(6.5,0.946177345039));
#970 = CARTESIAN_POINT('',(6.5,0.955225193778));
#971 = CARTESIAN_POINT('',(6.5,0.964243822543));
#972 = CARTESIAN_POINT('',(6.5,0.973231853321));
#973 = CARTESIAN_POINT('',(6.5,0.982188004237));
#974 = CARTESIAN_POINT('',(6.5,0.991111086273));
#975 = CARTESIAN_POINT('',(6.5,1.));
#976 = ( GEOMETRIC_REPRESENTATION_CONTEXT(2) 
PARAMETRIC_REPRESENTATION_CONTEXT() REPRESENTATION_CONTEXT('2D SPACE',''
  ) );
#977 = PCURVE('',#435,#978);
#978 = DEFINITIONAL_REPRESENTATION('',(#979),#1080);
#979 = B_SPLINE_CURVE_WITH_KNOTS('',8,(#980,#981,#982,#983,#984,#985,
    #986,#987,#988,#989,#990,#991,#992,#993,#994,#995,#996,#997,#998,
    #999,#1000,#1001,#1002,#1003,#1004,#1005,#1006,#1007,#1008,#1009,
    #1010,#1011,#1012,#1013,#1014,#1015,#1016,#1017,#1018,#1019,#1020,
    #1021,#1022,#1023,#1024,#1025,#1026,#1027,#1028,#1029,#1030,#1031,
    #1032,#1033,#1034,#1035,#1036,#1037,#1038,#1039,#1040,#1041,#1042,
    #1043,#1044,#1045,#1046,#1047,#1048,#1049,#1050,#1051,#1052,#1053,
    #1054,#1055,#1056,#1057,#1058,#1059,#1060,#1061,#1062,#1063,#1064,
    #1065,#1066,#1067,#1068,#1069,#1070,#1071,#1072,#1073,#1074,#1075,
    #1076,#1077,#1078,#1079),.UNSPECIFIED.,.F.,.F.,(9,7,7,7,7,7,7,7,7,7,
    7,7,7,7,9),(0.,2.099111815551E-02,0.145592282903,0.221146236026,
    0.310724157996,0.375639262168,0.424636353829,0.461623464226,
    0.489587552932,0.566284012578,0.823265763894,0.844117445728,
    0.877024651537,0.926309697725,1.),.UNSPECIFIED.);
#980 = CARTESIAN_POINT('',(20.,189.));
#981 = CARTESIAN_POINT('',(20.226366397716,188.41529817958));
#982 = CARTESIAN_POINT('',(20.457976046817,187.83262614912));
#983 = CARTESIAN_POINT('',(20.694813680518,187.25204129274));
#984 = CARTESIAN_POINT('',(20.936862082987,186.6736002988));
#985 = CARTESIAN_POINT('',(21.184102089348,186.09735915992));
#986 = CARTESIAN_POINT('',(21.436512585677,185.52337317293));
#987 = CARTESIAN_POINT('',(21.694070509006,184.95169693894));
#988 = CARTESIAN_POINT('',(23.515994898439,181.00300221168));
#989 = CARTESIAN_POINT('',(25.255942953178,177.70643498405));
#990 = CARTESIAN_POINT('',(27.17106207142,174.50484525655));
#991 = CARTESIAN_POINT('',(29.253734758149,171.40815775881));
#992 = CARTESIAN_POINT('',(31.494817088567,168.42444503811));
#993 = CARTESIAN_POINT('',(33.884059632001,165.56021681208));
#994 = CARTESIAN_POINT('',(36.410420573403,162.8206340743));
#995 = CARTESIAN_POINT('',(40.670311133814,158.62646767336));
#996 = CARTESIAN_POINT('',(42.324674828131,157.09035756902));
#997 = CARTESIAN_POINT('',(44.022975238378,155.60209733561));
#998 = CARTESIAN_POINT('',(45.762808397102,154.16224679245));
#999 = CARTESIAN_POINT('',(47.541809029189,152.7711991698));
#1000 = CARTESIAN_POINT('',(49.357673072651,151.42920871055));
#1001 = CARTESIAN_POINT('',(51.208176336215,150.13641365131));
#1002 = CARTESIAN_POINT('',(55.323718245598,147.4184719375));
#1003 = CARTESIAN_POINT('',(57.601915006792,146.01331998442));
#1004 = CARTESIAN_POINT('',(59.922274491887,144.67743254394));
#1005 = CARTESIAN_POINT('',(62.281436649381,143.41069445522));
#1006 = CARTESIAN_POINT('',(64.676204817758,142.21287607143));
#1007 = CARTESIAN_POINT('',(67.103561735381,141.08366361499));
#1008 = CARTESIAN_POINT('',(69.560683204227,140.02268539259));
#1009 = CARTESIAN_POINT('',(73.845241218488,138.30981931136));
#1010 = CARTESIAN_POINT('',(75.659768479567,137.625732416));
#1011 = CARTESIAN_POINT('',(77.487526841212,136.97711973034));
#1012 = CARTESIAN_POINT('',(79.327547241374,136.36382582851));
#1013 = CARTESIAN_POINT('',(81.178896431008,135.78569496221));
#1014 = CARTESIAN_POINT('',(83.040677499647,135.24257271079));
#1015 = CARTESIAN_POINT('',(84.912030400976,134.73430763131));
#1016 = CARTESIAN_POINT('',(88.211209517501,133.90331985124));
#1017 = CARTESIAN_POINT('',(89.635266250225,133.56566261554));
#1018 = CARTESIAN_POINT('',(91.063946968168,133.24771839635));
#1019 = CARTESIAN_POINT('',(92.496903602567,132.94942686124));
#1020 = CARTESIAN_POINT('',(93.933795724313,132.67073015043));
#1021 = CARTESIAN_POINT('',(95.374290543948,132.41157287687));
#1022 = CARTESIAN_POINT('',(96.818062911668,132.17190212619));
#1023 = CARTESIAN_POINT('',(99.356910163067,131.78541587408));
#1024 = CARTESIAN_POINT('',(100.45071080165,131.63024003894));
#1025 = CARTESIAN_POINT('',(101.5460602476,131.48611839886));
#1026 = CARTESIAN_POINT('',(102.64282309002,131.35303022995));
#1027 = CARTESIAN_POINT('',(103.74086549266,131.23095563694));
#1028 = CARTESIAN_POINT('',(104.84005519387,131.11987555314));
#1029 = CARTESIAN_POINT('',(105.94026150661,131.01977174043));
#1030 = CARTESIAN_POINT('',(107.87383681534,130.86322878779));
#1031 = CARTESIAN_POINT('',(108.70682540955,130.80209496228));
#1032 = CARTESIAN_POINT('',(109.54026521449,130.74721779036));
#1033 = CARTESIAN_POINT('',(110.37410067054,130.69858996391));
#1034 = CARTESIAN_POINT('',(111.20827654513,130.6562043891));
#1035 = CARTESIAN_POINT('',(112.04273793267,130.62005418635));
#1036 = CARTESIAN_POINT('',(112.8774302546,130.59013269041));
#1037 = CARTESIAN_POINT('',(116.00207517894,130.50143409223));
#1038 = CARTESIAN_POINT('',(118.29317483468,130.48324021649));
#1039 = CARTESIAN_POINT('',(120.5844853094,130.51171760281));
#1040 = CARTESIAN_POINT('',(122.87489979442,130.58674279552));
#1041 = CARTESIAN_POINT('',(125.16331776329,130.70819876834));
#1042 = CARTESIAN_POINT('',(127.44864514546,130.87597058919));
#1043 = CARTESIAN_POINT('',(129.72979450002,131.08994108498));
#1044 = CARTESIAN_POINT('',(139.63136149631,132.22130348934));
#1045 = CARTESIAN_POINT('',(147.20086989855,133.61022040906));
#1046 = CARTESIAN_POINT('',(154.67039218618,135.51241397493));
#1047 = CARTESIAN_POINT('',(161.9972689672,137.92159903253));
#1048 = CARTESIAN_POINT('',(169.14059573599,140.82796035998));
#1049 = CARTESIAN_POINT('',(176.06182241579,144.21662340443));
#1050 = CARTESIAN_POINT('',(182.72568805095,148.06527730821));
#1051 = CARTESIAN_POINT('',(189.61863834181,152.68828524667));
#1052 = CARTESIAN_POINT('',(190.13407081214,153.03806543047));
#1053 = CARTESIAN_POINT('',(190.64759772798,153.39064807542));
#1054 = CARTESIAN_POINT('',(191.15920434698,153.74601663602));
#1055 = CARTESIAN_POINT('',(191.66887627688,154.10415429459));
#1056 = CARTESIAN_POINT('',(192.17659947547,154.46504396121));
#1057 = CARTESIAN_POINT('',(192.68236025059,154.82866827378));
#1058 = CARTESIAN_POINT('',(193.98119657194,155.77315333951));
#1059 = CARTESIAN_POINT('',(194.77132722969,156.35806414476));
#1060 = CARTESIAN_POINT('',(195.55648471557,156.94967258378));
#1061 = CARTESIAN_POINT('',(196.3366189342,157.54790778896));
#1062 = CARTESIAN_POINT('',(197.11168221266,158.15269745504));
#1063 = CARTESIAN_POINT('',(197.88162930053,158.76396783912));
#1064 = CARTESIAN_POINT('',(198.64641736982,159.38164376065));
#1065 = CARTESIAN_POINT('',(200.54364017582,160.94021921123));
#1066 = CARTESIAN_POINT('',(201.66961254433,161.88898713845));
#1067 = CARTESIAN_POINT('',(202.78378664688,162.8516947189));
#1068 = CARTESIAN_POINT('',(203.88604000663,163.82807885716));
#1069 = CARTESIAN_POINT('',(204.97626380744,164.81787140141));
#1070 = CARTESIAN_POINT('',(206.0543625578,165.82079951804));
#1071 = CARTESIAN_POINT('',(207.12025375467,166.8365860664));
#1072 = CARTESIAN_POINT('',(209.74921595162,169.40254510684));
#1073 = CARTESIAN_POINT('',(211.29712200453,170.96826264894));
#1074 = CARTESIAN_POINT('',(212.8173504994,172.56116184737));
#1075 = CARTESIAN_POINT('',(214.30973971374,174.18029230026));
#1076 = CARTESIAN_POINT('',(215.77419710104,175.82469786902));
#1077 = CARTESIAN_POINT('',(217.21069498239,177.49342059099));
#1078 = CARTESIAN_POINT('',(218.61926623822,179.1855045922));
#1079 = CARTESIAN_POINT('',(220.,180.9));
#1080 = ( GEOMETRIC_REPRESENTATION_CONTEXT(2) 
PARAMETRIC_REPRESENTATION_CONTEXT() REPRESENTATION_CONTEXT('2D SPACE',''
  ) );
#1081 = ORIENTED_EDGE('',*,*,#446,.T.);
#1082 = ORIENTED_EDGE('',*,*,#744,.T.);
#1083 = ORIENTED_EDGE('',*,*,#719,.F.);
#1084 = ADVANCED_FACE('',(#1085),#435,.T.);
#1085 = FACE_BOUND('',#1086,.T.);
#1086 = EDGE_LOOP('',(#1087,#1399,#1400,#1401));
#1087 = ORIENTED_EDGE('',*,*,#1088,.F.);
#1088 = EDGE_CURVE('',#389,#678,#1089,.T.);
#1089 = SURFACE_CURVE('',#1090,(#1191,#1295),.PCURVE_S1.);
#1090 = B_SPLINE_CURVE_WITH_KNOTS('',8,(#1091,#1092,#1093,#1094,#1095,
    #1096,#1097,#1098,#1099,#1100,#1101,#1102,#1103,#1104,#1105,#1106,
    #1107,#1108,#1109,#1110,#1111,#1112,#1113,#1114,#1115,#1116,#1117,
    #1118,#1119,#1120,#1121,#1122,#1123,#1124,#1125,#1126,#1127,#1128,
    #1129,#1130,#1131,#1132,#1133,#1134,#1135,#1136,#1137,#1138,#1139,
    #1140,#1141,#1142,#1143,#1144,#1145,#1146,#1147,#1148,#1149,#1150,
    #1151,#1152,#1153,#1154,#1155,#1156,#1157,#1158,#1159,#1160,#1161,
    #1162,#1163,#1164,#1165,#1166,#1167,#1168,#1169,#1170,#1171,#1172,
    #1173,#1174,#1175,#1176,#1177,#1178,#1179,#1180,#1181,#1182,#1183,
    #1184,#1185,#1186,#1187,#1188,#1189,#1190),.UNSPECIFIED.,.F.,.F.,(9,
    7,7,7,7,7,7,7,7,7,7,7,7,7,9),(0.,2.099111815549E-02,0.145592282903,
    0.221146236026,0.310724157996,0.375639262167,0.424636353829,
    0.461623464225,0.489587552931,0.566284012577,0.823265763893,
    0.844117445727,0.877024651536,0.926309697724,1.),.UNSPECIFIED.);
#1091 = CARTESIAN_POINT('',(-74.,0.,-100.));
#1092 = CARTESIAN_POINT('',(-74.58470182041,0.,-99.77363360228));
#1093 = CARTESIAN_POINT('',(-75.16737385087,0.,-99.54202395318));
#1094 = CARTESIAN_POINT('',(-75.74795870725,0.,-99.30518631948));
#1095 = CARTESIAN_POINT('',(-76.32639970119,0.,-99.06313791701));
#1096 = CARTESIAN_POINT('',(-76.90264084007,0.,-98.81589791065));
#1097 = CARTESIAN_POINT('',(-77.47662682706,0.,-98.56348741432));
#1098 = CARTESIAN_POINT('',(-78.04830306105,0.,-98.30592949099));
#1099 = CARTESIAN_POINT('',(-81.99699778831,0.,-96.48400510156));
#1100 = CARTESIAN_POINT('',(-85.29356501595,0.,-94.74405704682));
#1101 = CARTESIAN_POINT('',(-88.49515474344,0.,-92.82893792858));
#1102 = CARTESIAN_POINT('',(-91.59184224118,0.,-90.74626524185));
#1103 = CARTESIAN_POINT('',(-94.57555496188,0.,-88.50518291143));
#1104 = CARTESIAN_POINT('',(-97.43978318791,0.,-86.115940368));
#1105 = CARTESIAN_POINT('',(-100.1793659256,0.,-83.58957942659));
#1106 = CARTESIAN_POINT('',(-104.3735323266,0.,-79.32968886618));
#1107 = CARTESIAN_POINT('',(-105.9096424309,0.,-77.67532517186));
#1108 = CARTESIAN_POINT('',(-107.3979026643,0.,-75.97702476162));
#1109 = CARTESIAN_POINT('',(-108.8377532075,0.,-74.23719160289));
#1110 = CARTESIAN_POINT('',(-110.2288008302,0.,-72.45819097081));
#1111 = CARTESIAN_POINT('',(-111.5707912894,0.,-70.64232692734));
#1112 = CARTESIAN_POINT('',(-112.8635863486,0.,-68.79182366378));
#1113 = CARTESIAN_POINT('',(-115.5815280624,0.,-64.6762817544));
#1114 = CARTESIAN_POINT('',(-116.9866800155,0.,-62.3980849932));
#1115 = CARTESIAN_POINT('',(-118.322567456,0.,-60.07772550811));
#1116 = CARTESIAN_POINT('',(-119.5893055447,0.,-57.71856335062));
#1117 = CARTESIAN_POINT('',(-120.7871239285,0.,-55.32379518224));
#1118 = CARTESIAN_POINT('',(-121.916336385,0.,-52.89643826461));
#1119 = CARTESIAN_POINT('',(-122.9773146074,0.,-50.43931679577));
#1120 = CARTESIAN_POINT('',(-124.6901806886,0.,-46.15475878151));
#1121 = CARTESIAN_POINT('',(-125.3742675839,0.,-44.34023152043));
#1122 = CARTESIAN_POINT('',(-126.0228802696,0.,-42.51247315878));
#1123 = CARTESIAN_POINT('',(-126.6361741714,0.,-40.67245275862));
#1124 = CARTESIAN_POINT('',(-127.2143050377,0.,-38.82110356899));
#1125 = CARTESIAN_POINT('',(-127.7574272892,0.,-36.95932250035));
#1126 = CARTESIAN_POINT('',(-128.2656923686,0.,-35.08796959902));
#1127 = CARTESIAN_POINT('',(-129.0966801487,0.,-31.78879048249));
#1128 = CARTESIAN_POINT('',(-129.4343373844,0.,-30.36473374977));
#1129 = CARTESIAN_POINT('',(-129.7522816036,0.,-28.93605303183));
#1130 = CARTESIAN_POINT('',(-130.0505731387,0.,-27.50309639743));
#1131 = CARTESIAN_POINT('',(-130.3292698495,0.,-26.06620427568));
#1132 = CARTESIAN_POINT('',(-130.5884271231,0.,-24.62570945605));
#1133 = CARTESIAN_POINT('',(-130.8280978738,0.,-23.18193708833));
#1134 = CARTESIAN_POINT('',(-131.2145841259,0.,-20.64308983693));
#1135 = CARTESIAN_POINT('',(-131.369759961,0.,-19.54928919834));
#1136 = CARTESIAN_POINT('',(-131.5138816011,0.,-18.45393975239));
#1137 = CARTESIAN_POINT('',(-131.64696977,0.,-17.35717690997));
#1138 = CARTESIAN_POINT('',(-131.769044363,0.,-16.25913450733));
#1139 = CARTESIAN_POINT('',(-131.8801244468,0.,-15.15994480612));
#1140 = CARTESIAN_POINT('',(-131.9802282595,0.,-14.05973849338));
#1141 = CARTESIAN_POINT('',(-132.1367712122,0.,-12.12616318466));
#1142 = CARTESIAN_POINT('',(-132.1979050377,0.,-11.29317459044));
#1143 = CARTESIAN_POINT('',(-132.2527822096,0.,-10.4597347855));
#1144 = CARTESIAN_POINT('',(-132.301410036,0.,-9.625899329451));
#1145 = CARTESIAN_POINT('',(-132.3437956109,0.,-8.791723454862));
#1146 = CARTESIAN_POINT('',(-132.3799458136,0.,-7.957262067321));
#1147 = CARTESIAN_POINT('',(-132.4098673095,0.,-7.122569745399));
#1148 = CARTESIAN_POINT('',(-132.4985659077,0.,-3.997924821058));
#1149 = CARTESIAN_POINT('',(-132.5167597835,0.,-1.706825165314));
#1150 = CARTESIAN_POINT('',(-132.4882823971,0.,0.584485309403));
#1151 = CARTESIAN_POINT('',(-132.4132572044,0.,2.874899794424));
#1152 = CARTESIAN_POINT('',(-132.2918012316,0.,5.163317763292));
#1153 = CARTESIAN_POINT('',(-132.1240294108,0.,7.448645145465));
#1154 = CARTESIAN_POINT('',(-131.910058915,0.,9.729794500025));
#1155 = CARTESIAN_POINT('',(-130.7786965106,0.,19.631361496346));
#1156 = CARTESIAN_POINT('',(-129.3897795909,0.,27.200869898432));
#1157 = CARTESIAN_POINT('',(-127.487586025,0.,34.670392186424));
#1158 = CARTESIAN_POINT('',(-125.0784009674,0.,41.997268966904));
#1159 = CARTESIAN_POINT('',(-122.1720396399,0.,49.140595736225));
#1160 = CARTESIAN_POINT('',(-118.7833765956,0.,56.061822415679));
#1161 = CARTESIAN_POINT('',(-114.9347226917,0.,62.725688050981));
#1162 = CARTESIAN_POINT('',(-110.3117147533,0.,69.618638341813));
#1163 = CARTESIAN_POINT('',(-109.9619345695,0.,70.134070812144));
#1164 = CARTESIAN_POINT('',(-109.6093519245,0.,70.647597727982));
#1165 = CARTESIAN_POINT('',(-109.2539833639,0.,71.159204346987));
#1166 = CARTESIAN_POINT('',(-108.8958457054,0.,71.668876276886));
#1167 = CARTESIAN_POINT('',(-108.5349560387,0.,72.176599475471));
#1168 = CARTESIAN_POINT('',(-108.1713317262,0.,72.682360250597));
#1169 = CARTESIAN_POINT('',(-107.2268466604,0.,73.981196571943));
#1170 = CARTESIAN_POINT('',(-106.6419358552,0.,74.771327229691));
#1171 = CARTESIAN_POINT('',(-106.0503274162,0.,75.556484715574));
#1172 = CARTESIAN_POINT('',(-105.452092211,0.,76.336618934204));
#1173 = CARTESIAN_POINT('',(-104.8473025449,0.,77.111682212669));
#1174 = CARTESIAN_POINT('',(-104.2360321608,0.,77.88162930053));
#1175 = CARTESIAN_POINT('',(-103.6183562393,0.,78.646417369821));
#1176 = CARTESIAN_POINT('',(-102.0597807887,0.,80.543640175828));
#1177 = CARTESIAN_POINT('',(-101.1110128615,0.,81.669612544338));
#1178 = CARTESIAN_POINT('',(-100.1483052811,0.,82.783786646889));
#1179 = CARTESIAN_POINT('',(-99.17192114283,0.,83.886040006633));
#1180 = CARTESIAN_POINT('',(-98.18212859858,0.,84.976263807446));
#1181 = CARTESIAN_POINT('',(-97.17920048195,0.,86.054362557808));
#1182 = CARTESIAN_POINT('',(-96.16341393359,0.,87.120253754678));
#1183 = CARTESIAN_POINT('',(-93.59745489316,0.,89.749215951619));
#1184 = CARTESIAN_POINT('',(-92.03173735105,0.,91.297122004535));
#1185 = CARTESIAN_POINT('',(-90.43883815262,0.,92.817350499402));
#1186 = CARTESIAN_POINT('',(-88.81970769973,0.,94.309739713749));
#1187 = CARTESIAN_POINT('',(-87.17530213098,0.,95.774197101045));
#1188 = CARTESIAN_POINT('',(-85.506579409,0.,97.210694982395));
#1189 = CARTESIAN_POINT('',(-83.81449540779,0.,98.619266238229));
#1190 = CARTESIAN_POINT('',(-82.1,0.,100.));
#1191 = PCURVE('',#435,#1192);
#1192 = DEFINITIONAL_REPRESENTATION('',(#1193),#1294);
#1193 = B_SPLINE_CURVE_WITH_KNOTS('',8,(#1194,#1195,#1196,#1197,#1198,
    #1199,#1200,#1201,#1202,#1203,#1204,#1205,#1206,#1207,#1208,#1209,
    #1210,#1211,#1212,#1213,#1214,#1215,#1216,#1217,#1218,#1219,#1220,
    #1221,#1222,#1223,#1224,#1225,#1226,#1227,#1228,#1229,#1230,#1231,
    #1232,#1233,#1234,#1235,#1236,#1237,#1238,#1239,#1240,#1241,#1242,
    #1243,#1244,#1245,#1246,#1247,#1248,#1249,#1250,#1251,#1252,#1253,
    #1254,#1255,#1256,#1257,#1258,#1259,#1260,#1261,#1262,#1263,#1264,
    #1265,#1266,#1267,#1268,#1269,#1270,#1271,#1272,#1273,#1274,#1275,
    #1276,#1277,#1278,#1279,#1280,#1281,#1282,#1283,#1284,#1285,#1286,
    #1287,#1288,#1289,#1290,#1291,#1292,#1293),.UNSPECIFIED.,.F.,.F.,(9,
    7,7,7,7,7,7,7,7,7,7,7,7,7,9),(0.,2.099111815549E-02,0.145592282903,
    0.221146236026,0.310724157996,0.375639262167,0.424636353829,
    0.461623464225,0.489587552931,0.566284012577,0.823265763893,
    0.844117445727,0.877024651536,0.926309697724,1.),.UNSPECIFIED.);
#1194 = CARTESIAN_POINT('',(20.,196.));
#1195 = CARTESIAN_POINT('',(20.226366397716,195.41529817958));
#1196 = CARTESIAN_POINT('',(20.457976046817,194.83262614912));
#1197 = CARTESIAN_POINT('',(20.694813680518,194.25204129274));
#1198 = CARTESIAN_POINT('',(20.936862082987,193.6736002988));
#1199 = CARTESIAN_POINT('',(21.184102089348,193.09735915992));
#1200 = CARTESIAN_POINT('',(21.436512585677,192.52337317293));
#1201 = CARTESIAN_POINT('',(21.694070509005,191.95169693894));
#1202 = CARTESIAN_POINT('',(23.515994898439,188.00300221168));
#1203 = CARTESIAN_POINT('',(25.255942953178,184.70643498405));
#1204 = CARTESIAN_POINT('',(27.171062071418,181.50484525655));
#1205 = CARTESIAN_POINT('',(29.253734758149,178.40815775881));
#1206 = CARTESIAN_POINT('',(31.494817088568,175.42444503811));
#1207 = CARTESIAN_POINT('',(33.884059631999,172.56021681208));
#1208 = CARTESIAN_POINT('',(36.410420573403,169.8206340743));
#1209 = CARTESIAN_POINT('',(40.670311133815,165.62646767336));
#1210 = CARTESIAN_POINT('',(42.324674828131,164.09035756902));
#1211 = CARTESIAN_POINT('',(44.022975238378,162.60209733561));
#1212 = CARTESIAN_POINT('',(45.762808397102,161.16224679245));
#1213 = CARTESIAN_POINT('',(47.541809029189,159.7711991698));
#1214 = CARTESIAN_POINT('',(49.357673072651,158.42920871056));
#1215 = CARTESIAN_POINT('',(51.208176336216,157.13641365131));
#1216 = CARTESIAN_POINT('',(55.323718245595,154.4184719375));
#1217 = CARTESIAN_POINT('',(57.601915006798,153.01331998442));
#1218 = CARTESIAN_POINT('',(59.922274491887,151.67743254394));
#1219 = CARTESIAN_POINT('',(62.281436649376,150.41069445523));
#1220 = CARTESIAN_POINT('',(64.676204817758,149.21287607143));
#1221 = CARTESIAN_POINT('',(67.103561735386,148.08366361499));
#1222 = CARTESIAN_POINT('',(69.560683204224,147.02268539259));
#1223 = CARTESIAN_POINT('',(73.845241218488,145.30981931136));
#1224 = CARTESIAN_POINT('',(75.659768479567,144.625732416));
#1225 = CARTESIAN_POINT('',(77.487526841212,143.97711973034));
#1226 = CARTESIAN_POINT('',(79.327547241374,143.36382582851));
#1227 = CARTESIAN_POINT('',(81.178896431008,142.78569496221));
#1228 = CARTESIAN_POINT('',(83.040677499647,142.24257271079));
#1229 = CARTESIAN_POINT('',(84.912030400977,141.73430763131));
#1230 = CARTESIAN_POINT('',(88.211209517501,140.90331985124));
#1231 = CARTESIAN_POINT('',(89.635266250225,140.56566261554));
#1232 = CARTESIAN_POINT('',(91.063946968168,140.24771839635));
#1233 = CARTESIAN_POINT('',(92.496903602567,139.94942686124));
#1234 = CARTESIAN_POINT('',(93.933795724313,139.67073015043));
#1235 = CARTESIAN_POINT('',(95.374290543948,139.41157287687));
#1236 = CARTESIAN_POINT('',(96.818062911668,139.17190212619));
#1237 = CARTESIAN_POINT('',(99.356910163067,138.78541587408));
#1238 = CARTESIAN_POINT('',(100.45071080165,138.63024003894));
#1239 = CARTESIAN_POINT('',(101.5460602476,138.48611839886));
#1240 = CARTESIAN_POINT('',(102.64282309002,138.35303022995));
#1241 = CARTESIAN_POINT('',(103.74086549266,138.23095563694));
#1242 = CARTESIAN_POINT('',(104.84005519387,138.11987555314));
#1243 = CARTESIAN_POINT('',(105.94026150661,138.01977174043));
#1244 = CARTESIAN_POINT('',(107.87383681534,137.86322878779));
#1245 = CARTESIAN_POINT('',(108.70682540955,137.80209496228));
#1246 = CARTESIAN_POINT('',(109.54026521449,137.74721779036));
#1247 = CARTESIAN_POINT('',(110.37410067054,137.69858996391));
#1248 = CARTESIAN_POINT('',(111.20827654513,137.6562043891));
#1249 = CARTESIAN_POINT('',(112.04273793267,137.62005418635));
#1250 = CARTESIAN_POINT('',(112.8774302546,137.59013269041));
#1251 = CARTESIAN_POINT('',(116.00207517894,137.50143409223));
#1252 = CARTESIAN_POINT('',(118.29317483468,137.48324021649));
#1253 = CARTESIAN_POINT('',(120.5844853094,137.51171760281));
#1254 = CARTESIAN_POINT('',(122.87489979442,137.58674279552));
#1255 = CARTESIAN_POINT('',(125.16331776329,137.70819876834));
#1256 = CARTESIAN_POINT('',(127.44864514546,137.87597058919));
#1257 = CARTESIAN_POINT('',(129.72979450002,138.08994108498));
#1258 = CARTESIAN_POINT('',(139.63136149634,139.22130348934));
#1259 = CARTESIAN_POINT('',(147.20086989843,140.61022040905));
#1260 = CARTESIAN_POINT('',(154.67039218642,142.51241397495));
#1261 = CARTESIAN_POINT('',(161.9972689669,144.9215990325));
#1262 = CARTESIAN_POINT('',(169.14059573622,147.82796036003));
#1263 = CARTESIAN_POINT('',(176.06182241567,151.21662340438));
#1264 = CARTESIAN_POINT('',(182.72568805098,155.06527730823));
#1265 = CARTESIAN_POINT('',(189.61863834181,159.68828524667));
#1266 = CARTESIAN_POINT('',(190.13407081214,160.03806543047));
#1267 = CARTESIAN_POINT('',(190.64759772798,160.39064807542));
#1268 = CARTESIAN_POINT('',(191.15920434698,160.74601663602));
#1269 = CARTESIAN_POINT('',(191.66887627688,161.10415429459));
#1270 = CARTESIAN_POINT('',(192.17659947547,161.46504396121));
#1271 = CARTESIAN_POINT('',(192.68236025059,161.82866827378));
#1272 = CARTESIAN_POINT('',(193.98119657194,162.77315333951));
#1273 = CARTESIAN_POINT('',(194.77132722969,163.35806414476));
#1274 = CARTESIAN_POINT('',(195.55648471557,163.94967258378));
#1275 = CARTESIAN_POINT('',(196.3366189342,164.54790778896));
#1276 = CARTESIAN_POINT('',(197.11168221266,165.15269745504));
#1277 = CARTESIAN_POINT('',(197.88162930053,165.76396783912));
#1278 = CARTESIAN_POINT('',(198.64641736982,166.38164376065));
#1279 = CARTESIAN_POINT('',(200.54364017582,167.94021921123));
#1280 = CARTESIAN_POINT('',(201.66961254433,168.88898713845));
#1281 = CARTESIAN_POINT('',(202.78378664688,169.8516947189));
#1282 = CARTESIAN_POINT('',(203.88604000663,170.82807885716));
#1283 = CARTESIAN_POINT('',(204.97626380744,171.81787140141));
#1284 = CARTESIAN_POINT('',(206.0543625578,172.82079951804));
#1285 = CARTESIAN_POINT('',(207.12025375467,173.8365860664));
#1286 = CARTESIAN_POINT('',(209.74921595161,176.40254510684));
#1287 = CARTESIAN_POINT('',(211.29712200453,177.96826264894));
#1288 = CARTESIAN_POINT('',(212.8173504994,179.56116184737));
#1289 = CARTESIAN_POINT('',(214.30973971374,181.18029230026));
#1290 = CARTESIAN_POINT('',(215.77419710104,182.82469786902));
#1291 = CARTESIAN_POINT('',(217.21069498239,184.49342059099));
#1292 = CARTESIAN_POINT('',(218.61926623822,186.1855045922));
#1293 = CARTESIAN_POINT('',(220.,187.9));
#1294 = ( GEOMETRIC_REPRESENTATION_CONTEXT(2) 
PARAMETRIC_REPRESENTATION_CONTEXT() REPRESENTATION_CONTEXT('2D SPACE',''
  ) );
#1295 = PCURVE('',#402,#1296);
#1296 = DEFINITIONAL_REPRESENTATION('',(#1297),#1398);
#1297 = B_SPLINE_CURVE_WITH_KNOTS('',8,(#1298,#1299,#1300,#1301,#1302,
    #1303,#1304,#1305,#1306,#1307,#1308,#1309,#1310,#1311,#1312,#1313,
    #1314,#1315,#1316,#1317,#1318,#1319,#1320,#1321,#1322,#1323,#1324,
    #1325,#1326,#1327,#1328,#1329,#1330,#1331,#1332,#1333,#1334,#1335,
    #1336,#1337,#1338,#1339,#1340,#1341,#1342,#1343,#1344,#1345,#1346,
    #1347,#1348,#1349,#1350,#1351,#1352,#1353,#1354,#1355,#1356,#1357,
    #1358,#1359,#1360,#1361,#1362,#1363,#1364,#1365,#1366,#1367,#1368,
    #1369,#1370,#1371,#1372,#1373,#1374,#1375,#1376,#1377,#1378,#1379,
    #1380,#1381,#1382,#1383,#1384,#1385,#1386,#1387,#1388,#1389,#1390,
    #1391,#1392,#1393,#1394,#1395,#1396,#1397),.UNSPECIFIED.,.F.,.F.,(9,
    7,7,7,7,7,7,7,7,7,7,7,7,7,9),(0.,2.099111815549E-02,0.145592282903,
    0.221146236026,0.310724157996,0.375639262167,0.424636353829,
    0.461623464225,0.489587552931,0.566284012577,0.823265763893,
    0.844117445727,0.877024651536,0.926309697724,1.),.UNSPECIFIED.);
#1298 = CARTESIAN_POINT('',(6.5,0.));
#1299 = CARTESIAN_POINT('',(6.5,2.480816168839E-03));
#1300 = CARTESIAN_POINT('',(6.5,4.967369285529E-03));
#1301 = CARTESIAN_POINT('',(6.5,7.459532789489E-03));
#1302 = CARTESIAN_POINT('',(6.5,9.95717902731E-03));
#1303 = CARTESIAN_POINT('',(6.5,1.246017925276E-02));
#1304 = CARTESIAN_POINT('',(6.5,1.496840362675E-02));
#1305 = CARTESIAN_POINT('',(6.5,1.748172121741E-02));
#1306 = CARTESIAN_POINT('',(6.5,3.494824940455E-02));
#1307 = CARTESIAN_POINT('',(6.5,5.00733738532E-02));
#1308 = CARTESIAN_POINT('',(6.5,6.534405106779E-02));
#1309 = CARTESIAN_POINT('',(6.5,8.07326749423E-02));
#1310 = CARTESIAN_POINT('',(6.5,9.621446960959E-02));
#1311 = CARTESIAN_POINT('',(6.5,0.111766800956));
#1312 = CARTESIAN_POINT('',(6.5,0.127368623433));
#1313 = CARTESIAN_POINT('',(6.5,0.152478340711));
#1314 = CARTESIAN_POINT('',(6.5,0.161968739125));
#1315 = CARTESIAN_POINT('',(6.5,0.171467638417));
#1316 = CARTESIAN_POINT('',(6.5,0.180972017754));
#1317 = CARTESIAN_POINT('',(6.5,0.190479335991));
#1318 = CARTESIAN_POINT('',(6.5,0.199987492313));
#1319 = CARTESIAN_POINT('',(6.5,0.209494803811));
#1320 = CARTESIAN_POINT('',(6.5,0.230269505927));
#1321 = CARTESIAN_POINT('',(6.5,0.241535883237));
#1322 = CARTESIAN_POINT('',(6.5,0.252797247354));
#1323 = CARTESIAN_POINT('',(6.5,0.264052272278));
#1324 = CARTESIAN_POINT('',(6.5,0.275300142107));
#1325 = CARTESIAN_POINT('',(6.5,0.286540527719));
#1326 = CARTESIAN_POINT('',(6.5,0.297773588626));
#1327 = CARTESIAN_POINT('',(6.5,0.317135527681));
#1328 = CARTESIAN_POINT('',(6.5,0.325267473376));
#1329 = CARTESIAN_POINT('',(6.5,0.33339606349));
#1330 = CARTESIAN_POINT('',(6.5,0.341521569947));
#1331 = CARTESIAN_POINT('',(6.5,0.349644313927));
#1332 = CARTESIAN_POINT('',(6.5,0.357764669597));
#1333 = CARTESIAN_POINT('',(6.5,0.365883067842));
#1334 = CARTESIAN_POINT('',(6.5,0.380126556739));
#1335 = CARTESIAN_POINT('',(6.5,0.386252259007));
#1336 = CARTESIAN_POINT('',(6.5,0.392377307852));
#1337 = CARTESIAN_POINT('',(6.5,0.398501907362));
#1338 = CARTESIAN_POINT('',(6.5,0.404626264658));
#1339 = CARTESIAN_POINT('',(6.5,0.410750589895));
#1340 = CARTESIAN_POINT('',(6.5,0.416875096266));
#1341 = CARTESIAN_POINT('',(6.5,0.427623590562));
#1342 = CARTESIAN_POINT('',(6.5,0.432247404292));
#1343 = CARTESIAN_POINT('',(6.5,0.436871532934));
#1344 = CARTESIAN_POINT('',(6.5,0.441496066646));
#1345 = CARTESIAN_POINT('',(6.5,0.446121094007));
#1346 = CARTESIAN_POINT('',(6.5,0.450746702009));
#1347 = CARTESIAN_POINT('',(6.5,0.455372976064));
#1348 = CARTESIAN_POINT('',(6.5,0.463498259432));
#1349 = CARTESIAN_POINT('',(6.5,0.466996946828));
#1350 = CARTESIAN_POINT('',(6.5,0.470496098162));
#1351 = CARTESIAN_POINT('',(6.5,0.473995748362));
#1352 = CARTESIAN_POINT('',(6.5,0.477495931318));
#1353 = CARTESIAN_POINT('',(6.5,0.480996679878));
#1354 = CARTESIAN_POINT('',(6.5,0.48449802585));
#1355 = CARTESIAN_POINT('',(6.5,0.497604783545));
#1356 = CARTESIAN_POINT('',(6.5,0.507214271159));
#1357 = CARTESIAN_POINT('',(6.5,0.516829123877));
#1358 = CARTESIAN_POINT('',(6.5,0.526449900907));
#1359 = CARTESIAN_POINT('',(6.5,0.536077061906));
#1360 = CARTESIAN_POINT('',(6.5,0.545710969267));
#1361 = CARTESIAN_POINT('',(6.5,0.555351890397));
#1362 = CARTESIAN_POINT('',(6.5,0.597327282303));
#1363 = CARTESIAN_POINT('',(6.5,0.629747426954));
#1364 = CARTESIAN_POINT('',(6.5,0.662253922098));
#1365 = CARTESIAN_POINT('',(6.5,0.694829223313));
#1366 = CARTESIAN_POINT('',(6.5,0.727444446462));
#1367 = CARTESIAN_POINT('',(6.5,0.760056622969));
#1368 = CARTESIAN_POINT('',(6.5,0.79260402241));
#1369 = CARTESIAN_POINT('',(6.5,0.827628632632));
#1370 = CARTESIAN_POINT('',(6.5,0.830256305144));
#1371 = CARTESIAN_POINT('',(6.5,0.832882978823));
#1372 = CARTESIAN_POINT('',(6.5,0.835508614818));
#1373 = CARTESIAN_POINT('',(6.5,0.838133174136));
#1374 = CARTESIAN_POINT('',(6.5,0.840756617645));
#1375 = CARTESIAN_POINT('',(6.5,0.843378906071));
#1376 = CARTESIAN_POINT('',(6.5,0.850136494987));
#1377 = CARTESIAN_POINT('',(6.5,0.854270015698));
#1378 = CARTESIAN_POINT('',(6.5,0.85840040676));
#1379 = CARTESIAN_POINT('',(6.5,0.862527513095));
#1380 = CARTESIAN_POINT('',(6.5,0.866651179922));
#1381 = CARTESIAN_POINT('',(6.5,0.870771252757));
#1382 = CARTESIAN_POINT('',(6.5,0.874887577414));
#1383 = CARTESIAN_POINT('',(6.5,0.885159165816));
#1384 = CARTESIAN_POINT('',(6.5,0.891309584456));
#1385 = CARTESIAN_POINT('',(6.5,0.897450735353));
#1386 = CARTESIAN_POINT('',(6.5,0.903582109031));
#1387 = CARTESIAN_POINT('',(6.5,0.909703206568));
#1388 = CARTESIAN_POINT('',(6.5,0.915813539052));
#1389 = CARTESIAN_POINT('',(6.5,0.921912627037));
#1390 = CARTESIAN_POINT('',(6.5,0.937101753745));
#1391 = CARTESIAN_POINT('',(6.5,0.946177345039));
#1392 = CARTESIAN_POINT('',(6.5,0.955225193778));
#1393 = CARTESIAN_POINT('',(6.5,0.964243822543));
#1394 = CARTESIAN_POINT('',(6.5,0.973231853321));
#1395 = CARTESIAN_POINT('',(6.5,0.982188004237));
#1396 = CARTESIAN_POINT('',(6.5,0.991111086273));
#1397 = CARTESIAN_POINT('',(6.5,1.));
#1398 = ( GEOMETRIC_REPRESENTATION_CONTEXT(2) 
PARAMETRIC_REPRESENTATION_CONTEXT() REPRESENTATION_CONTEXT('2D SPACE',''
  ) );
#1399 = ORIENTED_EDGE('',*,*,#420,.T.);
#1400 = ORIENTED_EDGE('',*,*,#770,.T.);
#1401 = ORIENTED_EDGE('',*,*,#698,.F.);
#1402 = ADVANCED_FACE('',(#1403),#402,.F.);
#1403 = FACE_BOUND('',#1404,.F.);
#1404 = EDGE_LOOP('',(#1405,#1406,#1407,#1430));
#1405 = ORIENTED_EDGE('',*,*,#1088,.F.);
#1406 = ORIENTED_EDGE('',*,*,#388,.T.);
#1407 = ORIENTED_EDGE('',*,*,#1408,.T.);
#1408 = EDGE_CURVE('',#357,#657,#1409,.T.);
#1409 = SURFACE_CURVE('',#1410,(#1416,#1423),.PCURVE_S1.);
#1410 = ( BOUNDED_CURVE() B_SPLINE_CURVE(4,(#1411,#1412,#1413,#1414,
#1415),.UNSPECIFIED.,.F.,.F.) B_SPLINE_CURVE_WITH_KNOTS((5,5),(0.,1.),
.PIECEWISE_BEZIER_KNOTS.) CURVE() GEOMETRIC_REPRESENTATION_ITEM() 
RATIONAL_B_SPLINE_CURVE((1.,1.,1.,1.,1.)) REPRESENTATION_ITEM('') );
#1411 = CARTESIAN_POINT('',(-74.,-3.04,-100.));
#1412 = CARTESIAN_POINT('',(-132.9223244104,-7.186385791847,
    -77.18831401546));
#1413 = CARTESIAN_POINT('',(-151.7759768073,-8.51312429385,
    1.542127708689));
#1414 = CARTESIAN_POINT('',(-130.3200486052,-7.003262679631,
    61.16697145941));
#1415 = CARTESIAN_POINT('',(-82.1,-3.61,100.));
#1416 = PCURVE('',#402,#1417);
#1417 = DEFINITIONAL_REPRESENTATION('',(#1418),#1422);
#1418 = LINE('',#1419,#1420);
#1419 = CARTESIAN_POINT('',(7.,0.));
#1420 = VECTOR('',#1421,1.);
#1421 = DIRECTION('',(0.,1.));
#1422 = ( GEOMETRIC_REPRESENTATION_CONTEXT(2) 
PARAMETRIC_REPRESENTATION_CONTEXT() REPRESENTATION_CONTEXT('2D SPACE',''
  ) );
#1423 = PCURVE('',#370,#1424);
#1424 = DEFINITIONAL_REPRESENTATION('',(#1425),#1429);
#1425 = LINE('',#1426,#1427);
#1426 = CARTESIAN_POINT('',(7.,0.));
#1427 = VECTOR('',#1428,1.);
#1428 = DIRECTION('',(0.,1.));
#1429 = ( GEOMETRIC_REPRESENTATION_CONTEXT(2) 
PARAMETRIC_REPRESENTATION_CONTEXT() REPRESENTATION_CONTEXT('2D SPACE',''
  ) );
#1430 = ORIENTED_EDGE('',*,*,#677,.F.);
#1431 = ADVANCED_FACE('',(#1432),#370,.F.);
#1432 = FACE_BOUND('',#1433,.F.);
#1433 = EDGE_LOOP('',(#1434,#1435,#1458,#1459));
#1434 = ORIENTED_EDGE('',*,*,#356,.T.);
#1435 = ORIENTED_EDGE('',*,*,#1436,.T.);
#1436 = EDGE_CURVE('',#325,#636,#1437,.T.);
#1437 = SURFACE_CURVE('',#1438,(#1444,#1451),.PCURVE_S1.);
#1438 = ( BOUNDED_CURVE() B_SPLINE_CURVE(4,(#1439,#1440,#1441,#1442,
#1443),.UNSPECIFIED.,.F.,.F.) B_SPLINE_CURVE_WITH_KNOTS((5,5),(0.,1.),
.PIECEWISE_BEZIER_KNOTS.) CURVE() GEOMETRIC_REPRESENTATION_ITEM() 
RATIONAL_B_SPLINE_CURVE((1.,1.,1.,1.,1.)) REPRESENTATION_ITEM('') );
#1439 = CARTESIAN_POINT('',(-69.04,-8.,-100.));
#1440 = CARTESIAN_POINT('',(-121.1971686448,-18.91154155749,
    -77.18831401546));
#1441 = CARTESIAN_POINT('',(-137.8861424331,-22.40295866802,
    1.542127708689));
#1442 = CARTESIAN_POINT('',(-118.8936726543,-18.4296386306,
    61.16697145941));
#1443 = CARTESIAN_POINT('',(-76.21,-9.5,100.));
#1444 = PCURVE('',#370,#1445);
#1445 = DEFINITIONAL_REPRESENTATION('',(#1446),#1450);
#1446 = LINE('',#1447,#1448);
#1447 = CARTESIAN_POINT('',(8.,0.));
#1448 = VECTOR('',#1449,1.);
#1449 = DIRECTION('',(0.,1.));
#1450 = ( GEOMETRIC_REPRESENTATION_CONTEXT(2) 
PARAMETRIC_REPRESENTATION_CONTEXT() REPRESENTATION_CONTEXT('2D SPACE',''
  ) );
#1451 = PCURVE('',#338,#1452);
#1452 = DEFINITIONAL_REPRESENTATION('',(#1453),#1457);
#1453 = LINE('',#1454,#1455);
#1454 = CARTESIAN_POINT('',(0.,0.));
#1455 = VECTOR('',#1456,1.);
#1456 = DIRECTION('',(0.,1.));
#1457 = ( GEOMETRIC_REPRESENTATION_CONTEXT(2) 
PARAMETRIC_REPRESENTATION_CONTEXT() REPRESENTATION_CONTEXT('2D SPACE',''
  ) );
#1458 = ORIENTED_EDGE('',*,*,#656,.F.);
#1459 = ORIENTED_EDGE('',*,*,#1408,.F.);
#1460 = ADVANCED_FACE('',(#1461),#338,.F.);
#1461 = FACE_BOUND('',#1462,.F.);
#1462 = EDGE_LOOP('',(#1463,#1464,#1487,#1488));
#1463 = ORIENTED_EDGE('',*,*,#324,.T.);
#1464 = ORIENTED_EDGE('',*,*,#1465,.T.);
#1465 = EDGE_CURVE('',#293,#615,#1466,.T.);
#1466 = SURFACE_CURVE('',#1467,(#1473,#1480),.PCURVE_S1.);
#1467 = ( BOUNDED_CURVE() B_SPLINE_CURVE(4,(#1468,#1469,#1470,#1471,
#1472),.UNSPECIFIED.,.F.,.F.) B_SPLINE_CURVE_WITH_KNOTS((5,5),(0.,1.),
.PIECEWISE_BEZIER_KNOTS.) CURVE() GEOMETRIC_REPRESENTATION_ITEM() 
RATIONAL_B_SPLINE_CURVE((1.,1.,1.,1.,1.)) REPRESENTATION_ITEM('') );
#1468 = CARTESIAN_POINT('',(69.04,-8.,-100.));
#1469 = CARTESIAN_POINT('',(121.19716864481,-18.91154155749,
    -77.18831401546));
#1470 = CARTESIAN_POINT('',(137.88614243316,-22.40295866802,
    1.542127708689));
#1471 = CARTESIAN_POINT('',(118.8936726543,-18.4296386306,61.16697145941
    ));
#1472 = CARTESIAN_POINT('',(76.21,-9.5,100.));
#1473 = PCURVE('',#338,#1474);
#1474 = DEFINITIONAL_REPRESENTATION('',(#1475),#1479);
#1475 = LINE('',#1476,#1477);
#1476 = CARTESIAN_POINT('',(1.,0.));
#1477 = VECTOR('',#1478,1.);
#1478 = DIRECTION('',(0.,1.));
#1479 = ( GEOMETRIC_REPRESENTATION_CONTEXT(2) 
PARAMETRIC_REPRESENTATION_CONTEXT() REPRESENTATION_CONTEXT('2D SPACE',''
  ) );
#1480 = PCURVE('',#306,#1481);
#1481 = DEFINITIONAL_REPRESENTATION('',(#1482),#1486);
#1482 = LINE('',#1483,#1484);
#1483 = CARTESIAN_POINT('',(1.,0.));
#1484 = VECTOR('',#1485,1.);
#1485 = DIRECTION('',(0.,1.));
#1486 = ( GEOMETRIC_REPRESENTATION_CONTEXT(2) 
PARAMETRIC_REPRESENTATION_CONTEXT() REPRESENTATION_CONTEXT('2D SPACE',''
  ) );
#1487 = ORIENTED_EDGE('',*,*,#635,.F.);
#1488 = ORIENTED_EDGE('',*,*,#1436,.F.);
#1489 = ADVANCED_FACE('',(#1490),#306,.F.);
#1490 = FACE_BOUND('',#1491,.F.);
#1491 = EDGE_LOOP('',(#1492,#1493,#1516,#1517));
#1492 = ORIENTED_EDGE('',*,*,#292,.T.);
#1493 = ORIENTED_EDGE('',*,*,#1494,.T.);
#1494 = EDGE_CURVE('',#261,#594,#1495,.T.);
#1495 = SURFACE_CURVE('',#1496,(#1502,#1509),.PCURVE_S1.);
#1496 = ( BOUNDED_CURVE() B_SPLINE_CURVE(4,(#1497,#1498,#1499,#1500,
#1501),.UNSPECIFIED.,.F.,.F.) B_SPLINE_CURVE_WITH_KNOTS((5,5),(0.,1.),
.PIECEWISE_BEZIER_KNOTS.) CURVE() GEOMETRIC_REPRESENTATION_ITEM() 
RATIONAL_B_SPLINE_CURVE((1.,1.,1.,1.,1.)) REPRESENTATION_ITEM('') );
#1497 = CARTESIAN_POINT('',(74.,-3.04,-100.));
#1498 = CARTESIAN_POINT('',(132.92232441046,-7.186385791847,
    -77.18831401546));
#1499 = CARTESIAN_POINT('',(151.77597680734,-8.51312429385,
    1.542127708689));
#1500 = CARTESIAN_POINT('',(130.32004860528,-7.003262679631,
    61.16697145941));
#1501 = CARTESIAN_POINT('',(82.1,-3.61,100.));
#1502 = PCURVE('',#306,#1503);
#1503 = DEFINITIONAL_REPRESENTATION('',(#1504),#1508);
#1504 = LINE('',#1505,#1506);
#1505 = CARTESIAN_POINT('',(2.,0.));
#1506 = VECTOR('',#1507,1.);
#1507 = DIRECTION('',(0.,1.));
#1508 = ( GEOMETRIC_REPRESENTATION_CONTEXT(2) 
PARAMETRIC_REPRESENTATION_CONTEXT() REPRESENTATION_CONTEXT('2D SPACE',''
  ) );
#1509 = PCURVE('',#274,#1510);
#1510 = DEFINITIONAL_REPRESENTATION('',(#1511),#1515);
#1511 = LINE('',#1512,#1513);
#1512 = CARTESIAN_POINT('',(2.,0.));
#1513 = VECTOR('',#1514,1.);
#1514 = DIRECTION('',(0.,1.));
#1515 = ( GEOMETRIC_REPRESENTATION_CONTEXT(2) 
PARAMETRIC_REPRESENTATION_CONTEXT() REPRESENTATION_CONTEXT('2D SPACE',''
  ) );
#1516 = ORIENTED_EDGE('',*,*,#614,.F.);
#1517 = ORIENTED_EDGE('',*,*,#1465,.F.);
#1518 = ADVANCED_FACE('',(#1519),#274,.F.);
#1519 = FACE_BOUND('',#1520,.F.);
#1520 = EDGE_LOOP('',(#1521,#1522,#1523,#1835));
#1521 = ORIENTED_EDGE('',*,*,#1494,.F.);
#1522 = ORIENTED_EDGE('',*,*,#260,.T.);
#1523 = ORIENTED_EDGE('',*,*,#1524,.T.);
#1524 = EDGE_CURVE('',#235,#573,#1525,.T.);
#1525 = SURFACE_CURVE('',#1526,(#1627,#1731),.PCURVE_S1.);
#1526 = B_SPLINE_CURVE_WITH_KNOTS('',8,(#1527,#1528,#1529,#1530,#1531,
    #1532,#1533,#1534,#1535,#1536,#1537,#1538,#1539,#1540,#1541,#1542,
    #1543,#1544,#1545,#1546,#1547,#1548,#1549,#1550,#1551,#1552,#1553,
    #1554,#1555,#1556,#1557,#1558,#1559,#1560,#1561,#1562,#1563,#1564,
    #1565,#1566,#1567,#1568,#1569,#1570,#1571,#1572,#1573,#1574,#1575,
    #1576,#1577,#1578,#1579,#1580,#1581,#1582,#1583,#1584,#1585,#1586,
    #1587,#1588,#1589,#1590,#1591,#1592,#1593,#1594,#1595,#1596,#1597,
    #1598,#1599,#1600,#1601,#1602,#1603,#1604,#1605,#1606,#1607,#1608,
    #1609,#1610,#1611,#1612,#1613,#1614,#1615,#1616,#1617,#1618,#1619,
    #1620,#1621,#1622,#1623,#1624,#1625,#1626),.UNSPECIFIED.,.F.,.F.,(9,
    7,7,7,7,7,7,7,7,7,7,7,7,7,9),(0.,2.099111815549E-02,0.145592282903,
    0.221146236025,0.310724157996,0.375639262167,0.424636353828,
    0.461623464225,0.489587552931,0.566284012577,0.823265763893,
    0.844117445727,0.877024651536,0.926309697724,1.),.UNSPECIFIED.);
#1527 = CARTESIAN_POINT('',(74.,0.,-100.));
#1528 = CARTESIAN_POINT('',(74.584701820412,0.,-99.77363360228));
#1529 = CARTESIAN_POINT('',(75.167373850874,0.,-99.54202395318));
#1530 = CARTESIAN_POINT('',(75.747958707257,0.,-99.30518631948));
#1531 = CARTESIAN_POINT('',(76.326399701194,0.,-99.06313791701));
#1532 = CARTESIAN_POINT('',(76.902640840077,0.,-98.81589791065));
#1533 = CARTESIAN_POINT('',(77.476626827061,0.,-98.56348741432));
#1534 = CARTESIAN_POINT('',(78.048303061059,0.,-98.30592949099));
#1535 = CARTESIAN_POINT('',(81.996997788312,0.,-96.48400510156));
#1536 = CARTESIAN_POINT('',(85.29356501596,0.,-94.74405704681));
#1537 = CARTESIAN_POINT('',(88.495154743432,0.,-92.82893792858));
#1538 = CARTESIAN_POINT('',(91.591842241181,0.,-90.74626524185));
#1539 = CARTESIAN_POINT('',(94.575554961892,0.,-88.50518291142));
#1540 = CARTESIAN_POINT('',(97.439783187907,0.,-86.115940368));
#1541 = CARTESIAN_POINT('',(100.17936592569,0.,-83.58957942659));
#1542 = CARTESIAN_POINT('',(104.37353232663,0.,-79.32968886618));
#1543 = CARTESIAN_POINT('',(105.90964243097,0.,-77.67532517187));
#1544 = CARTESIAN_POINT('',(107.39790266439,0.,-75.97702476162));
#1545 = CARTESIAN_POINT('',(108.83775320754,0.,-74.23719160289));
#1546 = CARTESIAN_POINT('',(110.2288008302,0.,-72.45819097081));
#1547 = CARTESIAN_POINT('',(111.57079128944,0.,-70.64232692734));
#1548 = CARTESIAN_POINT('',(112.86358634868,0.,-68.79182366378));
#1549 = CARTESIAN_POINT('',(115.58152806249,0.,-64.6762817544));
#1550 = CARTESIAN_POINT('',(116.98668001557,0.,-62.3980849932));
#1551 = CARTESIAN_POINT('',(118.32256745605,0.,-60.07772550811));
#1552 = CARTESIAN_POINT('',(119.58930554476,0.,-57.71856335062));
#1553 = CARTESIAN_POINT('',(120.78712392856,0.,-55.32379518224));
#1554 = CARTESIAN_POINT('',(121.916336385,0.,-52.89643826461));
#1555 = CARTESIAN_POINT('',(122.9773146074,0.,-50.43931679577));
#1556 = CARTESIAN_POINT('',(124.69018068863,0.,-46.15475878151));
#1557 = CARTESIAN_POINT('',(125.37426758399,0.,-44.34023152043));
#1558 = CARTESIAN_POINT('',(126.02288026965,0.,-42.51247315878));
#1559 = CARTESIAN_POINT('',(126.63617417148,0.,-40.67245275862));
#1560 = CARTESIAN_POINT('',(127.21430503778,0.,-38.82110356899));
#1561 = CARTESIAN_POINT('',(127.7574272892,0.,-36.95932250035));
#1562 = CARTESIAN_POINT('',(128.26569236868,0.,-35.08796959902));
#1563 = CARTESIAN_POINT('',(129.09668014875,0.,-31.78879048249));
#1564 = CARTESIAN_POINT('',(129.43433738445,0.,-30.36473374977));
#1565 = CARTESIAN_POINT('',(129.75228160364,0.,-28.93605303183));
#1566 = CARTESIAN_POINT('',(130.05057313875,0.,-27.50309639743));
#1567 = CARTESIAN_POINT('',(130.32926984956,0.,-26.06620427568));
#1568 = CARTESIAN_POINT('',(130.58842712312,0.,-24.62570945605));
#1569 = CARTESIAN_POINT('',(130.8280978738,0.,-23.18193708833));
#1570 = CARTESIAN_POINT('',(131.21458412591,0.,-20.64308983693));
#1571 = CARTESIAN_POINT('',(131.36975996105,0.,-19.54928919834));
#1572 = CARTESIAN_POINT('',(131.51388160114,0.,-18.45393975239));
#1573 = CARTESIAN_POINT('',(131.64696977004,0.,-17.35717690997));
#1574 = CARTESIAN_POINT('',(131.76904436305,0.,-16.25913450733));
#1575 = CARTESIAN_POINT('',(131.88012444685,0.,-15.15994480612));
#1576 = CARTESIAN_POINT('',(131.98022825956,0.,-14.05973849338));
#1577 = CARTESIAN_POINT('',(132.1367712122,0.,-12.12616318466));
#1578 = CARTESIAN_POINT('',(132.19790503771,0.,-11.29317459044));
#1579 = CARTESIAN_POINT('',(132.25278220963,0.,-10.4597347855));
#1580 = CARTESIAN_POINT('',(132.30141003608,0.,-9.625899329451));
#1581 = CARTESIAN_POINT('',(132.3437956109,0.,-8.791723454862));
#1582 = CARTESIAN_POINT('',(132.37994581364,0.,-7.957262067321));
#1583 = CARTESIAN_POINT('',(132.40986730958,0.,-7.122569745399));
#1584 = CARTESIAN_POINT('',(132.49856590776,0.,-3.997924821058));
#1585 = CARTESIAN_POINT('',(132.5167597835,0.,-1.706825165314));
#1586 = CARTESIAN_POINT('',(132.48828239718,0.,0.584485309403));
#1587 = CARTESIAN_POINT('',(132.41325720448,0.,2.874899794424));
#1588 = CARTESIAN_POINT('',(132.29180123165,0.,5.163317763292));
#1589 = CARTESIAN_POINT('',(132.1240294108,0.,7.448645145465));
#1590 = CARTESIAN_POINT('',(131.91005891502,0.,9.729794500026));
#1591 = CARTESIAN_POINT('',(130.77869651065,0.,19.63136149635));
#1592 = CARTESIAN_POINT('',(129.38977959095,0.,27.200869898418));
#1593 = CARTESIAN_POINT('',(127.48758602501,0.,34.670392186453));
#1594 = CARTESIAN_POINT('',(125.07840096753,0.,41.99726896688));
#1595 = CARTESIAN_POINT('',(122.17203963993,0.,49.140595736227));
#1596 = CARTESIAN_POINT('',(118.78337659561,0.,56.061822415687));
#1597 = CARTESIAN_POINT('',(114.93472269177,0.,62.725688050977));
#1598 = CARTESIAN_POINT('',(110.31171475332,0.,69.618638341813));
#1599 = CARTESIAN_POINT('',(109.96193456952,0.,70.134070812144));
#1600 = CARTESIAN_POINT('',(109.60935192457,0.,70.647597727982));
#1601 = CARTESIAN_POINT('',(109.25398336397,0.,71.159204346988));
#1602 = CARTESIAN_POINT('',(108.8958457054,0.,71.668876276886));
#1603 = CARTESIAN_POINT('',(108.53495603878,0.,72.17659947547));
#1604 = CARTESIAN_POINT('',(108.17133172621,0.,72.682360250597));
#1605 = CARTESIAN_POINT('',(107.22684666049,0.,73.981196571943));
#1606 = CARTESIAN_POINT('',(106.64193585523,0.,74.771327229691));
#1607 = CARTESIAN_POINT('',(106.05032741621,0.,75.556484715574));
#1608 = CARTESIAN_POINT('',(105.45209221103,0.,76.336618934204));
#1609 = CARTESIAN_POINT('',(104.84730254495,0.,77.111682212669));
#1610 = CARTESIAN_POINT('',(104.23603216087,0.,77.881629300529));
#1611 = CARTESIAN_POINT('',(103.61835623934,0.,78.646417369821));
#1612 = CARTESIAN_POINT('',(102.05978078876,0.,80.543640175828));
#1613 = CARTESIAN_POINT('',(101.11101286154,0.,81.669612544338));
#1614 = CARTESIAN_POINT('',(100.1483052811,0.,82.783786646889));
#1615 = CARTESIAN_POINT('',(99.171921142831,0.,83.886040006633));
#1616 = CARTESIAN_POINT('',(98.182128598584,0.,84.976263807446));
#1617 = CARTESIAN_POINT('',(97.179200481957,0.,86.054362557808));
#1618 = CARTESIAN_POINT('',(96.163413933595,0.,87.120253754679));
#1619 = CARTESIAN_POINT('',(93.59745489316,0.,89.749215951619));
#1620 = CARTESIAN_POINT('',(92.031737351056,0.,91.297122004535));
#1621 = CARTESIAN_POINT('',(90.438838152624,0.,92.817350499402));
#1622 = CARTESIAN_POINT('',(88.819707699732,0.,94.309739713749));
#1623 = CARTESIAN_POINT('',(87.17530213098,0.,95.774197101045));
#1624 = CARTESIAN_POINT('',(85.506579409003,0.,97.210694982395));
#1625 = CARTESIAN_POINT('',(83.814495407793,0.,98.619266238229));
#1626 = CARTESIAN_POINT('',(82.1,0.,100.));
#1627 = PCURVE('',#274,#1628);
#1628 = DEFINITIONAL_REPRESENTATION('',(#1629),#1730);
#1629 = B_SPLINE_CURVE_WITH_KNOTS('',8,(#1630,#1631,#1632,#1633,#1634,
    #1635,#1636,#1637,#1638,#1639,#1640,#1641,#1642,#1643,#1644,#1645,
    #1646,#1647,#1648,#1649,#1650,#1651,#1652,#1653,#1654,#1655,#1656,
    #1657,#1658,#1659,#1660,#1661,#1662,#1663,#1664,#1665,#1666,#1667,
    #1668,#1669,#1670,#1671,#1672,#1673,#1674,#1675,#1676,#1677,#1678,
    #1679,#1680,#1681,#1682,#1683,#1684,#1685,#1686,#1687,#1688,#1689,
    #1690,#1691,#1692,#1693,#1694,#1695,#1696,#1697,#1698,#1699,#1700,
    #1701,#1702,#1703,#1704,#1705,#1706,#1707,#1708,#1709,#1710,#1711,
    #1712,#1713,#1714,#1715,#1716,#1717,#1718,#1719,#1720,#1721,#1722,
    #1723,#1724,#1725,#1726,#1727,#1728,#1729),.UNSPECIFIED.,.F.,.F.,(9,
    7,7,7,7,7,7,7,7,7,7,7,7,7,9),(0.,2.099111815549E-02,0.145592282903,
    0.221146236025,0.310724157996,0.375639262167,0.424636353828,
    0.461623464225,0.489587552931,0.566284012577,0.823265763893,
    0.844117445727,0.877024651536,0.926309697724,1.),.UNSPECIFIED.);
#1630 = CARTESIAN_POINT('',(2.5,0.));
#1631 = CARTESIAN_POINT('',(2.5,2.48081616884E-03));
#1632 = CARTESIAN_POINT('',(2.5,4.967369285529E-03));
#1633 = CARTESIAN_POINT('',(2.5,7.459532789489E-03));
#1634 = CARTESIAN_POINT('',(2.5,9.95717902731E-03));
#1635 = CARTESIAN_POINT('',(2.5,1.246017925275E-02));
#1636 = CARTESIAN_POINT('',(2.5,1.496840362675E-02));
#1637 = CARTESIAN_POINT('',(2.5,1.748172121741E-02));
#1638 = CARTESIAN_POINT('',(2.5,3.494824940453E-02));
#1639 = CARTESIAN_POINT('',(2.5,5.007337385325E-02));
#1640 = CARTESIAN_POINT('',(2.5,6.534405106776E-02));
#1641 = CARTESIAN_POINT('',(2.5,8.073267494229E-02));
#1642 = CARTESIAN_POINT('',(2.5,9.621446960962E-02));
#1643 = CARTESIAN_POINT('',(2.5,0.111766800956));
#1644 = CARTESIAN_POINT('',(2.5,0.127368623433));
#1645 = CARTESIAN_POINT('',(2.5,0.152478340711));
#1646 = CARTESIAN_POINT('',(2.5,0.161968739125));
#1647 = CARTESIAN_POINT('',(2.5,0.171467638417));
#1648 = CARTESIAN_POINT('',(2.5,0.180972017754));
#1649 = CARTESIAN_POINT('',(2.5,0.190479335991));
#1650 = CARTESIAN_POINT('',(2.5,0.199987492313));
#1651 = CARTESIAN_POINT('',(2.5,0.209494803811));
#1652 = CARTESIAN_POINT('',(2.5,0.230269505927));
#1653 = CARTESIAN_POINT('',(2.5,0.241535883237));
#1654 = CARTESIAN_POINT('',(2.5,0.252797247354));
#1655 = CARTESIAN_POINT('',(2.5,0.264052272278));
#1656 = CARTESIAN_POINT('',(2.5,0.275300142107));
#1657 = CARTESIAN_POINT('',(2.5,0.286540527719));
#1658 = CARTESIAN_POINT('',(2.5,0.297773588626));
#1659 = CARTESIAN_POINT('',(2.5,0.317135527681));
#1660 = CARTESIAN_POINT('',(2.5,0.325267473376));
#1661 = CARTESIAN_POINT('',(2.5,0.33339606349));
#1662 = CARTESIAN_POINT('',(2.5,0.341521569947));
#1663 = CARTESIAN_POINT('',(2.5,0.349644313927));
#1664 = CARTESIAN_POINT('',(2.5,0.357764669597));
#1665 = CARTESIAN_POINT('',(2.5,0.365883067842));
#1666 = CARTESIAN_POINT('',(2.5,0.380126556739));
#1667 = CARTESIAN_POINT('',(2.5,0.386252259007));
#1668 = CARTESIAN_POINT('',(2.5,0.392377307852));
#1669 = CARTESIAN_POINT('',(2.5,0.398501907362));
#1670 = CARTESIAN_POINT('',(2.5,0.404626264658));
#1671 = CARTESIAN_POINT('',(2.5,0.410750589895));
#1672 = CARTESIAN_POINT('',(2.5,0.416875096266));
#1673 = CARTESIAN_POINT('',(2.5,0.427623590562));
#1674 = CARTESIAN_POINT('',(2.5,0.432247404292));
#1675 = CARTESIAN_POINT('',(2.5,0.436871532934));
#1676 = CARTESIAN_POINT('',(2.5,0.441496066646));
#1677 = CARTESIAN_POINT('',(2.5,0.446121094007));
#1678 = CARTESIAN_POINT('',(2.5,0.450746702009));
#1679 = CARTESIAN_POINT('',(2.5,0.455372976064));
#1680 = CARTESIAN_POINT('',(2.5,0.463498259432));
#1681 = CARTESIAN_POINT('',(2.5,0.466996946828));
#1682 = CARTESIAN_POINT('',(2.5,0.470496098162));
#1683 = CARTESIAN_POINT('',(2.5,0.473995748362));
#1684 = CARTESIAN_POINT('',(2.5,0.477495931318));
#1685 = CARTESIAN_POINT('',(2.5,0.480996679878));
#1686 = CARTESIAN_POINT('',(2.5,0.48449802585));
#1687 = CARTESIAN_POINT('',(2.5,0.497604783545));
#1688 = CARTESIAN_POINT('',(2.5,0.507214271159));
#1689 = CARTESIAN_POINT('',(2.5,0.516829123877));
#1690 = CARTESIAN_POINT('',(2.5,0.526449900907));
#1691 = CARTESIAN_POINT('',(2.5,0.536077061906));
#1692 = CARTESIAN_POINT('',(2.5,0.545710969267));
#1693 = CARTESIAN_POINT('',(2.5,0.555351890397));
#1694 = CARTESIAN_POINT('',(2.5,0.597327282303));
#1695 = CARTESIAN_POINT('',(2.5,0.629747426954));
#1696 = CARTESIAN_POINT('',(2.5,0.662253922099));
#1697 = CARTESIAN_POINT('',(2.5,0.694829223312));
#1698 = CARTESIAN_POINT('',(2.5,0.727444446462));
#1699 = CARTESIAN_POINT('',(2.5,0.760056622969));
#1700 = CARTESIAN_POINT('',(2.5,0.79260402241));
#1701 = CARTESIAN_POINT('',(2.5,0.827628632632));
#1702 = CARTESIAN_POINT('',(2.5,0.830256305144));
#1703 = CARTESIAN_POINT('',(2.5,0.832882978823));
#1704 = CARTESIAN_POINT('',(2.5,0.835508614818));
#1705 = CARTESIAN_POINT('',(2.5,0.838133174136));
#1706 = CARTESIAN_POINT('',(2.5,0.840756617645));
#1707 = CARTESIAN_POINT('',(2.5,0.843378906071));
#1708 = CARTESIAN_POINT('',(2.5,0.850136494987));
#1709 = CARTESIAN_POINT('',(2.5,0.854270015698));
#1710 = CARTESIAN_POINT('',(2.5,0.85840040676));
#1711 = CARTESIAN_POINT('',(2.5,0.862527513095));
#1712 = CARTESIAN_POINT('',(2.5,0.866651179922));
#1713 = CARTESIAN_POINT('',(2.5,0.870771252757));
#1714 = CARTESIAN_POINT('',(2.5,0.874887577414));
#1715 = CARTESIAN_POINT('',(2.5,0.885159165816));
#1716 = CARTESIAN_POINT('',(2.5,0.891309584456));
#1717 = CARTESIAN_POINT('',(2.5,0.897450735353));
#1718 = CARTESIAN_POINT('',(2.5,0.903582109031));
#1719 = CARTESIAN_POINT('',(2.5,0.909703206568));
#1720 = CARTESIAN_POINT('',(2.5,0.915813539052));
#1721 = CARTESIAN_POINT('',(2.5,0.921912627037));
#1722 = CARTESIAN_POINT('',(2.5,0.937101753745));
#1723 = CARTESIAN_POINT('',(2.5,0.946177345039));
#1724 = CARTESIAN_POINT('',(2.5,0.955225193778));
#1725 = CARTESIAN_POINT('',(2.5,0.964243822543));
#1726 = CARTESIAN_POINT('',(2.5,0.973231853321));
#1727 = CARTESIAN_POINT('',(2.5,0.982188004237));
#1728 = CARTESIAN_POINT('',(2.5,0.991111086273));
#1729 = CARTESIAN_POINT('',(2.5,1.));
#1730 = ( GEOMETRIC_REPRESENTATION_CONTEXT(2) 
PARAMETRIC_REPRESENTATION_CONTEXT() REPRESENTATION_CONTEXT('2D SPACE',''
  ) );
#1731 = PCURVE('',#249,#1732);
#1732 = DEFINITIONAL_REPRESENTATION('',(#1733),#1834);
#1733 = B_SPLINE_CURVE_WITH_KNOTS('',8,(#1734,#1735,#1736,#1737,#1738,
    #1739,#1740,#1741,#1742,#1743,#1744,#1745,#1746,#1747,#1748,#1749,
    #1750,#1751,#1752,#1753,#1754,#1755,#1756,#1757,#1758,#1759,#1760,
    #1761,#1762,#1763,#1764,#1765,#1766,#1767,#1768,#1769,#1770,#1771,
    #1772,#1773,#1774,#1775,#1776,#1777,#1778,#1779,#1780,#1781,#1782,
    #1783,#1784,#1785,#1786,#1787,#1788,#1789,#1790,#1791,#1792,#1793,
    #1794,#1795,#1796,#1797,#1798,#1799,#1800,#1801,#1802,#1803,#1804,
    #1805,#1806,#1807,#1808,#1809,#1810,#1811,#1812,#1813,#1814,#1815,
    #1816,#1817,#1818,#1819,#1820,#1821,#1822,#1823,#1824,#1825,#1826,
    #1827,#1828,#1829,#1830,#1831,#1832,#1833),.UNSPECIFIED.,.F.,.F.,(9,
    7,7,7,7,7,7,7,7,7,7,7,7,7,9),(0.,2.099111815549E-02,0.145592282903,
    0.221146236025,0.310724157996,0.375639262167,0.424636353828,
    0.461623464225,0.489587552931,0.566284012577,0.823265763893,
    0.844117445727,0.877024651536,0.926309697724,1.),.UNSPECIFIED.);
#1734 = CARTESIAN_POINT('',(20.,344.));
#1735 = CARTESIAN_POINT('',(20.226366397716,344.58470182041));
#1736 = CARTESIAN_POINT('',(20.457976046817,345.16737385087));
#1737 = CARTESIAN_POINT('',(20.694813680518,345.74795870725));
#1738 = CARTESIAN_POINT('',(20.936862082987,346.32639970119));
#1739 = CARTESIAN_POINT('',(21.184102089348,346.90264084007));
#1740 = CARTESIAN_POINT('',(21.436512585677,347.47662682706));
#1741 = CARTESIAN_POINT('',(21.694070509005,348.04830306105));
#1742 = CARTESIAN_POINT('',(23.515994898437,351.99699778831));
#1743 = CARTESIAN_POINT('',(25.255942953183,355.29356501596));
#1744 = CARTESIAN_POINT('',(27.171062071415,358.49515474343));
#1745 = CARTESIAN_POINT('',(29.253734758149,361.59184224118));
#1746 = CARTESIAN_POINT('',(31.494817088572,364.57555496189));
#1747 = CARTESIAN_POINT('',(33.884059631996,367.4397831879));
#1748 = CARTESIAN_POINT('',(36.410420573404,370.17936592569));
#1749 = CARTESIAN_POINT('',(40.670311133814,374.37353232663));
#1750 = CARTESIAN_POINT('',(42.32467482813,375.90964243097));
#1751 = CARTESIAN_POINT('',(44.022975238378,377.39790266439));
#1752 = CARTESIAN_POINT('',(45.762808397102,378.83775320754));
#1753 = CARTESIAN_POINT('',(47.541809029189,380.2288008302));
#1754 = CARTESIAN_POINT('',(49.357673072651,381.57079128944));
#1755 = CARTESIAN_POINT('',(51.208176336216,382.86358634868));
#1756 = CARTESIAN_POINT('',(55.323718245597,385.58152806249));
#1757 = CARTESIAN_POINT('',(57.601915006796,386.98668001557));
#1758 = CARTESIAN_POINT('',(59.922274491886,388.32256745605));
#1759 = CARTESIAN_POINT('',(62.281436649378,389.58930554476));
#1760 = CARTESIAN_POINT('',(64.676204817758,390.78712392856));
#1761 = CARTESIAN_POINT('',(67.103561735385,391.916336385));
#1762 = CARTESIAN_POINT('',(69.560683204225,392.9773146074));
#1763 = CARTESIAN_POINT('',(73.845241218488,394.69018068863));
#1764 = CARTESIAN_POINT('',(75.659768479567,395.37426758399));
#1765 = CARTESIAN_POINT('',(77.487526841212,396.02288026965));
#1766 = CARTESIAN_POINT('',(79.327547241374,396.63617417148));
#1767 = CARTESIAN_POINT('',(81.178896431009,397.21430503778));
#1768 = CARTESIAN_POINT('',(83.040677499647,397.7574272892));
#1769 = CARTESIAN_POINT('',(84.912030400976,398.26569236868));
#1770 = CARTESIAN_POINT('',(88.211209517501,399.09668014875));
#1771 = CARTESIAN_POINT('',(89.635266250225,399.43433738445));
#1772 = CARTESIAN_POINT('',(91.063946968168,399.75228160364));
#1773 = CARTESIAN_POINT('',(92.496903602567,400.05057313875));
#1774 = CARTESIAN_POINT('',(93.933795724313,400.32926984956));
#1775 = CARTESIAN_POINT('',(95.374290543948,400.58842712312));
#1776 = CARTESIAN_POINT('',(96.818062911668,400.8280978738));
#1777 = CARTESIAN_POINT('',(99.356910163068,401.21458412591));
#1778 = CARTESIAN_POINT('',(100.45071080165,401.36975996105));
#1779 = CARTESIAN_POINT('',(101.5460602476,401.51388160114));
#1780 = CARTESIAN_POINT('',(102.64282309002,401.64696977004));
#1781 = CARTESIAN_POINT('',(103.74086549266,401.76904436305));
#1782 = CARTESIAN_POINT('',(104.84005519387,401.88012444685));
#1783 = CARTESIAN_POINT('',(105.94026150661,401.98022825956));
#1784 = CARTESIAN_POINT('',(107.87383681534,402.1367712122));
#1785 = CARTESIAN_POINT('',(108.70682540955,402.19790503771));
#1786 = CARTESIAN_POINT('',(109.54026521449,402.25278220963));
#1787 = CARTESIAN_POINT('',(110.37410067054,402.30141003608));
#1788 = CARTESIAN_POINT('',(111.20827654513,402.3437956109));
#1789 = CARTESIAN_POINT('',(112.04273793267,402.37994581364));
#1790 = CARTESIAN_POINT('',(112.8774302546,402.40986730958));
#1791 = CARTESIAN_POINT('',(116.00207517894,402.49856590776));
#1792 = CARTESIAN_POINT('',(118.29317483468,402.5167597835));
#1793 = CARTESIAN_POINT('',(120.5844853094,402.48828239718));
#1794 = CARTESIAN_POINT('',(122.87489979442,402.41325720448));
#1795 = CARTESIAN_POINT('',(125.16331776329,402.29180123165));
#1796 = CARTESIAN_POINT('',(127.44864514546,402.1240294108));
#1797 = CARTESIAN_POINT('',(129.72979450002,401.91005891502));
#1798 = CARTESIAN_POINT('',(139.63136149635,400.77869651065));
#1799 = CARTESIAN_POINT('',(147.20086989841,399.38977959095));
#1800 = CARTESIAN_POINT('',(154.67039218645,397.48758602501));
#1801 = CARTESIAN_POINT('',(161.99726896688,395.07840096753));
#1802 = CARTESIAN_POINT('',(169.14059573622,392.17203963993));
#1803 = CARTESIAN_POINT('',(176.06182241568,388.78337659561));
#1804 = CARTESIAN_POINT('',(182.72568805097,384.93472269177));
#1805 = CARTESIAN_POINT('',(189.61863834181,380.31171475332));
#1806 = CARTESIAN_POINT('',(190.13407081214,379.96193456952));
#1807 = CARTESIAN_POINT('',(190.64759772798,379.60935192457));
#1808 = CARTESIAN_POINT('',(191.15920434698,379.25398336397));
#1809 = CARTESIAN_POINT('',(191.66887627688,378.8958457054));
#1810 = CARTESIAN_POINT('',(192.17659947547,378.53495603878));
#1811 = CARTESIAN_POINT('',(192.68236025059,378.17133172621));
#1812 = CARTESIAN_POINT('',(193.98119657194,377.22684666049));
#1813 = CARTESIAN_POINT('',(194.77132722969,376.64193585523));
#1814 = CARTESIAN_POINT('',(195.55648471557,376.05032741621));
#1815 = CARTESIAN_POINT('',(196.3366189342,375.45209221103));
#1816 = CARTESIAN_POINT('',(197.11168221266,374.84730254495));
#1817 = CARTESIAN_POINT('',(197.88162930052,374.23603216087));
#1818 = CARTESIAN_POINT('',(198.64641736982,373.61835623934));
#1819 = CARTESIAN_POINT('',(200.54364017582,372.05978078876));
#1820 = CARTESIAN_POINT('',(201.66961254433,371.11101286154));
#1821 = CARTESIAN_POINT('',(202.78378664688,370.1483052811));
#1822 = CARTESIAN_POINT('',(203.88604000663,369.17192114283));
#1823 = CARTESIAN_POINT('',(204.97626380744,368.18212859858));
#1824 = CARTESIAN_POINT('',(206.0543625578,367.17920048195));
#1825 = CARTESIAN_POINT('',(207.12025375467,366.16341393359));
#1826 = CARTESIAN_POINT('',(209.74921595161,363.59745489316));
#1827 = CARTESIAN_POINT('',(211.29712200453,362.03173735105));
#1828 = CARTESIAN_POINT('',(212.8173504994,360.43883815262));
#1829 = CARTESIAN_POINT('',(214.30973971374,358.81970769973));
#1830 = CARTESIAN_POINT('',(215.77419710104,357.17530213098));
#1831 = CARTESIAN_POINT('',(217.21069498239,355.506579409));
#1832 = CARTESIAN_POINT('',(218.61926623822,353.81449540779));
#1833 = CARTESIAN_POINT('',(220.,352.1));
#1834 = ( GEOMETRIC_REPRESENTATION_CONTEXT(2) 
PARAMETRIC_REPRESENTATION_CONTEXT() REPRESENTATION_CONTEXT('2D SPACE',''
  ) );
#1835 = ORIENTED_EDGE('',*,*,#593,.F.);
#1836 = ADVANCED_FACE('',(#1837),#249,.T.);
#1837 = FACE_BOUND('',#1838,.T.);
#1838 = EDGE_LOOP('',(#1839,#2151,#2152,#2153));
#1839 = ORIENTED_EDGE('',*,*,#1840,.F.);
#1840 = EDGE_CURVE('',#203,#552,#1841,.T.);
#1841 = SURFACE_CURVE('',#1842,(#1943,#2047),.PCURVE_S1.);
#1842 = B_SPLINE_CURVE_WITH_KNOTS('',8,(#1843,#1844,#1845,#1846,#1847,
    #1848,#1849,#1850,#1851,#1852,#1853,#1854,#1855,#1856,#1857,#1858,
    #1859,#1860,#1861,#1862,#1863,#1864,#1865,#1866,#1867,#1868,#1869,
    #1870,#1871,#1872,#1873,#1874,#1875,#1876,#1877,#1878,#1879,#1880,
    #1881,#1882,#1883,#1884,#1885,#1886,#1887,#1888,#1889,#1890,#1891,
    #1892,#1893,#1894,#1895,#1896,#1897,#1898,#1899,#1900,#1901,#1902,
    #1903,#1904,#1905,#1906,#1907,#1908,#1909,#1910,#1911,#1912,#1913,
    #1914,#1915,#1916,#1917,#1918,#1919,#1920,#1921,#1922,#1923,#1924,
    #1925,#1926,#1927,#1928,#1929,#1930,#1931,#1932,#1933,#1934,#1935,
    #1936,#1937,#1938,#1939,#1940,#1941,#1942),.UNSPECIFIED.,.F.,.F.,(9,
    7,7,7,7,7,7,7,7,7,7,7,7,7,9),(0.,2.099111815544E-02,0.145592282902,
    0.221146236025,0.310724157995,0.375639262166,0.424636353827,
    0.461623464224,0.48958755293,0.566284012576,0.823265763892,
    0.844117445726,0.877024651536,0.926309697724,1.),.UNSPECIFIED.);
#1843 = CARTESIAN_POINT('',(81.,0.,-100.));
#1844 = CARTESIAN_POINT('',(81.584701820412,0.,-99.77363360228));
#1845 = CARTESIAN_POINT('',(82.167373850874,0.,-99.54202395318));
#1846 = CARTESIAN_POINT('',(82.747958707257,0.,-99.30518631948));
#1847 = CARTESIAN_POINT('',(83.326399701194,0.,-99.06313791701));
#1848 = CARTESIAN_POINT('',(83.902640840077,0.,-98.81589791065));
#1849 = CARTESIAN_POINT('',(84.476626827061,0.,-98.56348741432));
#1850 = CARTESIAN_POINT('',(85.048303061059,0.,-98.30592949099));
#1851 = CARTESIAN_POINT('',(88.996997788312,0.,-96.48400510156));
#1852 = CARTESIAN_POINT('',(92.293565015962,0.,-94.74405704681));
#1853 = CARTESIAN_POINT('',(95.49515474343,0.,-92.82893792858));
#1854 = CARTESIAN_POINT('',(98.591842241182,0.,-90.74626524185));
#1855 = CARTESIAN_POINT('',(101.57555496189,0.,-88.50518291142));
#1856 = CARTESIAN_POINT('',(104.4397831879,0.,-86.115940368));
#1857 = CARTESIAN_POINT('',(107.17936592569,0.,-83.58957942659));
#1858 = CARTESIAN_POINT('',(111.37353232663,0.,-79.32968886618));
#1859 = CARTESIAN_POINT('',(112.90964243097,0.,-77.67532517187));
#1860 = CARTESIAN_POINT('',(114.39790266439,0.,-75.97702476162));
#1861 = CARTESIAN_POINT('',(115.83775320754,0.,-74.23719160289));
#1862 = CARTESIAN_POINT('',(117.2288008302,0.,-72.45819097081));
#1863 = CARTESIAN_POINT('',(118.57079128944,0.,-70.64232692734));
#1864 = CARTESIAN_POINT('',(119.86358634868,0.,-68.79182366378));
#1865 = CARTESIAN_POINT('',(122.58152806249,0.,-64.6762817544));
#1866 = CARTESIAN_POINT('',(123.98668001557,0.,-62.3980849932));
#1867 = CARTESIAN_POINT('',(125.32256745605,0.,-60.07772550811));
#1868 = CARTESIAN_POINT('',(126.58930554476,0.,-57.71856335062));
#1869 = CARTESIAN_POINT('',(127.78712392856,0.,-55.32379518224));
#1870 = CARTESIAN_POINT('',(128.916336385,0.,-52.89643826461));
#1871 = CARTESIAN_POINT('',(129.9773146074,0.,-50.43931679577));
#1872 = CARTESIAN_POINT('',(131.69018068863,0.,-46.15475878151));
#1873 = CARTESIAN_POINT('',(132.37426758399,0.,-44.34023152043));
#1874 = CARTESIAN_POINT('',(133.02288026965,0.,-42.51247315878));
#1875 = CARTESIAN_POINT('',(133.63617417148,0.,-40.67245275862));
#1876 = CARTESIAN_POINT('',(134.21430503778,0.,-38.82110356899));
#1877 = CARTESIAN_POINT('',(134.7574272892,0.,-36.95932250035));
#1878 = CARTESIAN_POINT('',(135.26569236868,0.,-35.08796959902));
#1879 = CARTESIAN_POINT('',(136.09668014875,0.,-31.7887904825));
#1880 = CARTESIAN_POINT('',(136.43433738445,0.,-30.36473374977));
#1881 = CARTESIAN_POINT('',(136.75228160364,0.,-28.93605303183));
#1882 = CARTESIAN_POINT('',(137.05057313875,0.,-27.50309639743));
#1883 = CARTESIAN_POINT('',(137.32926984956,0.,-26.06620427568));
#1884 = CARTESIAN_POINT('',(137.58842712312,0.,-24.62570945605));
#1885 = CARTESIAN_POINT('',(137.8280978738,0.,-23.18193708833));
#1886 = CARTESIAN_POINT('',(138.21458412591,0.,-20.64308983693));
#1887 = CARTESIAN_POINT('',(138.36975996105,0.,-19.54928919834));
#1888 = CARTESIAN_POINT('',(138.51388160114,0.,-18.45393975239));
#1889 = CARTESIAN_POINT('',(138.64696977004,0.,-17.35717690997));
#1890 = CARTESIAN_POINT('',(138.76904436305,0.,-16.25913450733));
#1891 = CARTESIAN_POINT('',(138.88012444685,0.,-15.15994480612));
#1892 = CARTESIAN_POINT('',(138.98022825956,0.,-14.05973849338));
#1893 = CARTESIAN_POINT('',(139.1367712122,0.,-12.12616318466));
#1894 = CARTESIAN_POINT('',(139.19790503771,0.,-11.29317459044));
#1895 = CARTESIAN_POINT('',(139.25278220963,0.,-10.4597347855));
#1896 = CARTESIAN_POINT('',(139.30141003608,0.,-9.625899329451));
#1897 = CARTESIAN_POINT('',(139.3437956109,0.,-8.791723454862));
#1898 = CARTESIAN_POINT('',(139.37994581364,0.,-7.957262067321));
#1899 = CARTESIAN_POINT('',(139.40986730958,0.,-7.122569745399));
#1900 = CARTESIAN_POINT('',(139.49856590776,0.,-3.997924821057));
#1901 = CARTESIAN_POINT('',(139.5167597835,0.,-1.706825165315));
#1902 = CARTESIAN_POINT('',(139.48828239718,0.,0.584485309402));
#1903 = CARTESIAN_POINT('',(139.41325720448,0.,2.874899794424));
#1904 = CARTESIAN_POINT('',(139.29180123165,0.,5.163317763292));
#1905 = CARTESIAN_POINT('',(139.1240294108,0.,7.448645145465));
#1906 = CARTESIAN_POINT('',(138.91005891502,0.,9.729794500025));
#1907 = CARTESIAN_POINT('',(137.77869651065,0.,19.631361496384));
#1908 = CARTESIAN_POINT('',(136.38977959098,0.,27.200869898287));
#1909 = CARTESIAN_POINT('',(134.48758602492,0.,34.670392186697));
#1910 = CARTESIAN_POINT('',(132.07840096767,0.,41.997268966607));
#1911 = CARTESIAN_POINT('',(129.17203963982,0.,49.14059573642));
#1912 = CARTESIAN_POINT('',(125.78337659566,0.,56.061822415606));
#1913 = CARTESIAN_POINT('',(121.93472269175,0.,62.725688050994));
#1914 = CARTESIAN_POINT('',(117.31171475332,0.,69.618638341813));
#1915 = CARTESIAN_POINT('',(116.96193456952,0.,70.134070812144));
#1916 = CARTESIAN_POINT('',(116.60935192457,0.,70.647597727982));
#1917 = CARTESIAN_POINT('',(116.25398336397,0.,71.159204346987));
#1918 = CARTESIAN_POINT('',(115.8958457054,0.,71.668876276886));
#1919 = CARTESIAN_POINT('',(115.53495603878,0.,72.176599475471));
#1920 = CARTESIAN_POINT('',(115.17133172621,0.,72.682360250597));
#1921 = CARTESIAN_POINT('',(114.22684666049,0.,73.981196571943));
#1922 = CARTESIAN_POINT('',(113.64193585523,0.,74.771327229691));
#1923 = CARTESIAN_POINT('',(113.05032741621,0.,75.556484715574));
#1924 = CARTESIAN_POINT('',(112.45209221103,0.,76.336618934204));
#1925 = CARTESIAN_POINT('',(111.84730254495,0.,77.111682212669));
#1926 = CARTESIAN_POINT('',(111.23603216087,0.,77.88162930053));
#1927 = CARTESIAN_POINT('',(110.61835623934,0.,78.646417369821));
#1928 = CARTESIAN_POINT('',(109.05978078876,0.,80.543640175828));
#1929 = CARTESIAN_POINT('',(108.11101286154,0.,81.669612544337));
#1930 = CARTESIAN_POINT('',(107.1483052811,0.,82.783786646888));
#1931 = CARTESIAN_POINT('',(106.17192114283,0.,83.886040006633));
#1932 = CARTESIAN_POINT('',(105.18212859858,0.,84.976263807447));
#1933 = CARTESIAN_POINT('',(104.17920048195,0.,86.054362557808));
#1934 = CARTESIAN_POINT('',(103.16341393359,0.,87.120253754678));
#1935 = CARTESIAN_POINT('',(100.59745489316,0.,89.749215951619));
#1936 = CARTESIAN_POINT('',(99.031737351056,0.,91.297122004535));
#1937 = CARTESIAN_POINT('',(97.438838152623,0.,92.817350499403));
#1938 = CARTESIAN_POINT('',(95.819707699732,0.,94.309739713749));
#1939 = CARTESIAN_POINT('',(94.17530213098,0.,95.774197101044));
#1940 = CARTESIAN_POINT('',(92.506579409004,0.,97.210694982394));
#1941 = CARTESIAN_POINT('',(90.814495407792,0.,98.61926623823));
#1942 = CARTESIAN_POINT('',(89.1,0.,100.));
#1943 = PCURVE('',#249,#1944);
#1944 = DEFINITIONAL_REPRESENTATION('',(#1945),#2046);
#1945 = B_SPLINE_CURVE_WITH_KNOTS('',8,(#1946,#1947,#1948,#1949,#1950,
    #1951,#1952,#1953,#1954,#1955,#1956,#1957,#1958,#1959,#1960,#1961,
    #1962,#1963,#1964,#1965,#1966,#1967,#1968,#1969,#1970,#1971,#1972,
    #1973,#1974,#1975,#1976,#1977,#1978,#1979,#1980,#1981,#1982,#1983,
    #1984,#1985,#1986,#1987,#1988,#1989,#1990,#1991,#1992,#1993,#1994,
    #1995,#1996,#1997,#1998,#1999,#2000,#2001,#2002,#2003,#2004,#2005,
    #2006,#2007,#2008,#2009,#2010,#2011,#2012,#2013,#2014,#2015,#2016,
    #2017,#2018,#2019,#2020,#2021,#2022,#2023,#2024,#2025,#2026,#2027,
    #2028,#2029,#2030,#2031,#2032,#2033,#2034,#2035,#2036,#2037,#2038,
    #2039,#2040,#2041,#2042,#2043,#2044,#2045),.UNSPECIFIED.,.F.,.F.,(9,
    7,7,7,7,7,7,7,7,7,7,7,7,7,9),(0.,2.099111815544E-02,0.145592282902,
    0.221146236025,0.310724157995,0.375639262166,0.424636353827,
    0.461623464224,0.48958755293,0.566284012576,0.823265763892,
    0.844117445726,0.877024651536,0.926309697724,1.),.UNSPECIFIED.);
#1946 = CARTESIAN_POINT('',(20.,351.));
#1947 = CARTESIAN_POINT('',(20.226366397716,351.58470182041));
#1948 = CARTESIAN_POINT('',(20.457976046817,352.16737385087));
#1949 = CARTESIAN_POINT('',(20.694813680518,352.74795870725));
#1950 = CARTESIAN_POINT('',(20.936862082987,353.32639970119));
#1951 = CARTESIAN_POINT('',(21.184102089348,353.90264084007));
#1952 = CARTESIAN_POINT('',(21.436512585677,354.47662682706));
#1953 = CARTESIAN_POINT('',(21.694070509006,355.04830306105));
#1954 = CARTESIAN_POINT('',(23.515994898437,358.99699778831));
#1955 = CARTESIAN_POINT('',(25.255942953184,362.29356501596));
#1956 = CARTESIAN_POINT('',(27.171062071413,365.49515474343));
#1957 = CARTESIAN_POINT('',(29.253734758149,368.59184224118));
#1958 = CARTESIAN_POINT('',(31.494817088573,371.57555496189));
#1959 = CARTESIAN_POINT('',(33.884059631994,374.4397831879));
#1960 = CARTESIAN_POINT('',(36.410420573405,377.17936592569));
#1961 = CARTESIAN_POINT('',(40.670311133815,381.37353232663));
#1962 = CARTESIAN_POINT('',(42.32467482813,382.90964243097));
#1963 = CARTESIAN_POINT('',(44.022975238378,384.39790266439));
#1964 = CARTESIAN_POINT('',(45.762808397102,385.83775320754));
#1965 = CARTESIAN_POINT('',(47.541809029189,387.2288008302));
#1966 = CARTESIAN_POINT('',(49.357673072651,388.57079128944));
#1967 = CARTESIAN_POINT('',(51.208176336216,389.86358634868));
#1968 = CARTESIAN_POINT('',(55.323718245596,392.58152806249));
#1969 = CARTESIAN_POINT('',(57.601915006797,393.98668001557));
#1970 = CARTESIAN_POINT('',(59.922274491887,395.32256745605));
#1971 = CARTESIAN_POINT('',(62.281436649377,396.58930554476));
#1972 = CARTESIAN_POINT('',(64.676204817757,397.78712392856));
#1973 = CARTESIAN_POINT('',(67.103561735385,398.916336385));
#1974 = CARTESIAN_POINT('',(69.560683204225,399.9773146074));
#1975 = CARTESIAN_POINT('',(73.845241218487,401.69018068863));
#1976 = CARTESIAN_POINT('',(75.659768479567,402.37426758399));
#1977 = CARTESIAN_POINT('',(77.487526841212,403.02288026965));
#1978 = CARTESIAN_POINT('',(79.327547241374,403.63617417148));
#1979 = CARTESIAN_POINT('',(81.178896431008,404.21430503778));
#1980 = CARTESIAN_POINT('',(83.040677499647,404.7574272892));
#1981 = CARTESIAN_POINT('',(84.912030400977,405.26569236868));
#1982 = CARTESIAN_POINT('',(88.2112095175,406.09668014875));
#1983 = CARTESIAN_POINT('',(89.635266250225,406.43433738445));
#1984 = CARTESIAN_POINT('',(91.063946968168,406.75228160364));
#1985 = CARTESIAN_POINT('',(92.496903602567,407.05057313875));
#1986 = CARTESIAN_POINT('',(93.933795724313,407.32926984956));
#1987 = CARTESIAN_POINT('',(95.374290543948,407.58842712312));
#1988 = CARTESIAN_POINT('',(96.818062911667,407.8280978738));
#1989 = CARTESIAN_POINT('',(99.356910163067,408.21458412591));
#1990 = CARTESIAN_POINT('',(100.45071080165,408.36975996105));
#1991 = CARTESIAN_POINT('',(101.5460602476,408.51388160114));
#1992 = CARTESIAN_POINT('',(102.64282309002,408.64696977004));
#1993 = CARTESIAN_POINT('',(103.74086549266,408.76904436305));
#1994 = CARTESIAN_POINT('',(104.84005519387,408.88012444685));
#1995 = CARTESIAN_POINT('',(105.94026150661,408.98022825956));
#1996 = CARTESIAN_POINT('',(107.87383681534,409.1367712122));
#1997 = CARTESIAN_POINT('',(108.70682540955,409.19790503771));
#1998 = CARTESIAN_POINT('',(109.54026521449,409.25278220963));
#1999 = CARTESIAN_POINT('',(110.37410067054,409.30141003608));
#2000 = CARTESIAN_POINT('',(111.20827654513,409.3437956109));
#2001 = CARTESIAN_POINT('',(112.04273793267,409.37994581364));
#2002 = CARTESIAN_POINT('',(112.8774302546,409.40986730958));
#2003 = CARTESIAN_POINT('',(116.00207517894,409.49856590776));
#2004 = CARTESIAN_POINT('',(118.29317483468,409.5167597835));
#2005 = CARTESIAN_POINT('',(120.5844853094,409.48828239718));
#2006 = CARTESIAN_POINT('',(122.87489979442,409.41325720448));
#2007 = CARTESIAN_POINT('',(125.16331776329,409.29180123165));
#2008 = CARTESIAN_POINT('',(127.44864514546,409.1240294108));
#2009 = CARTESIAN_POINT('',(129.72979450002,408.91005891502));
#2010 = CARTESIAN_POINT('',(139.63136149638,407.77869651065));
#2011 = CARTESIAN_POINT('',(147.20086989828,406.38977959098));
#2012 = CARTESIAN_POINT('',(154.67039218669,404.48758602492));
#2013 = CARTESIAN_POINT('',(161.9972689666,402.07840096767));
#2014 = CARTESIAN_POINT('',(169.14059573642,399.17203963982));
#2015 = CARTESIAN_POINT('',(176.0618224156,395.78337659566));
#2016 = CARTESIAN_POINT('',(182.72568805099,391.93472269175));
#2017 = CARTESIAN_POINT('',(189.61863834181,387.31171475332));
#2018 = CARTESIAN_POINT('',(190.13407081214,386.96193456952));
#2019 = CARTESIAN_POINT('',(190.64759772798,386.60935192457));
#2020 = CARTESIAN_POINT('',(191.15920434698,386.25398336397));
#2021 = CARTESIAN_POINT('',(191.66887627688,385.8958457054));
#2022 = CARTESIAN_POINT('',(192.17659947547,385.53495603878));
#2023 = CARTESIAN_POINT('',(192.68236025059,385.17133172621));
#2024 = CARTESIAN_POINT('',(193.98119657194,384.22684666049));
#2025 = CARTESIAN_POINT('',(194.77132722969,383.64193585523));
#2026 = CARTESIAN_POINT('',(195.55648471557,383.05032741621));
#2027 = CARTESIAN_POINT('',(196.3366189342,382.45209221103));
#2028 = CARTESIAN_POINT('',(197.11168221266,381.84730254495));
#2029 = CARTESIAN_POINT('',(197.88162930053,381.23603216087));
#2030 = CARTESIAN_POINT('',(198.64641736982,380.61835623934));
#2031 = CARTESIAN_POINT('',(200.54364017582,379.05978078876));
#2032 = CARTESIAN_POINT('',(201.66961254433,378.11101286154));
#2033 = CARTESIAN_POINT('',(202.78378664688,377.1483052811));
#2034 = CARTESIAN_POINT('',(203.88604000663,376.17192114283));
#2035 = CARTESIAN_POINT('',(204.97626380744,375.18212859858));
#2036 = CARTESIAN_POINT('',(206.0543625578,374.17920048195));
#2037 = CARTESIAN_POINT('',(207.12025375467,373.16341393359));
#2038 = CARTESIAN_POINT('',(209.74921595161,370.59745489316));
#2039 = CARTESIAN_POINT('',(211.29712200453,369.03173735105));
#2040 = CARTESIAN_POINT('',(212.8173504994,367.43883815262));
#2041 = CARTESIAN_POINT('',(214.30973971374,365.81970769973));
#2042 = CARTESIAN_POINT('',(215.77419710104,364.17530213098));
#2043 = CARTESIAN_POINT('',(217.21069498239,362.506579409));
#2044 = CARTESIAN_POINT('',(218.61926623823,360.81449540779));
#2045 = CARTESIAN_POINT('',(220.,359.1));
#2046 = ( GEOMETRIC_REPRESENTATION_CONTEXT(2) 
PARAMETRIC_REPRESENTATION_CONTEXT() REPRESENTATION_CONTEXT('2D SPACE',''
  ) );
#2047 = PCURVE('',#216,#2048);
#2048 = DEFINITIONAL_REPRESENTATION('',(#2049),#2150);
#2049 = B_SPLINE_CURVE_WITH_KNOTS('',8,(#2050,#2051,#2052,#2053,#2054,
    #2055,#2056,#2057,#2058,#2059,#2060,#2061,#2062,#2063,#2064,#2065,
    #2066,#2067,#2068,#2069,#2070,#2071,#2072,#2073,#2074,#2075,#2076,
    #2077,#2078,#2079,#2080,#2081,#2082,#2083,#2084,#2085,#2086,#2087,
    #2088,#2089,#2090,#2091,#2092,#2093,#2094,#2095,#2096,#2097,#2098,
    #2099,#2100,#2101,#2102,#2103,#2104,#2105,#2106,#2107,#2108,#2109,
    #2110,#2111,#2112,#2113,#2114,#2115,#2116,#2117,#2118,#2119,#2120,
    #2121,#2122,#2123,#2124,#2125,#2126,#2127,#2128,#2129,#2130,#2131,
    #2132,#2133,#2134,#2135,#2136,#2137,#2138,#2139,#2140,#2141,#2142,
    #2143,#2144,#2145,#2146,#2147,#2148,#2149),.UNSPECIFIED.,.F.,.F.,(9,
    7,7,7,7,7,7,7,7,7,7,7,7,7,9),(0.,2.099111815544E-02,0.145592282902,
    0.221146236025,0.310724157995,0.375639262166,0.424636353827,
    0.461623464224,0.48958755293,0.566284012576,0.823265763892,
    0.844117445726,0.877024651536,0.926309697724,1.),.UNSPECIFIED.);
#2050 = CARTESIAN_POINT('',(2.5,0.));
#2051 = CARTESIAN_POINT('',(2.5,2.48081616884E-03));
#2052 = CARTESIAN_POINT('',(2.5,4.967369285529E-03));
#2053 = CARTESIAN_POINT('',(2.5,7.459532789489E-03));
#2054 = CARTESIAN_POINT('',(2.5,9.95717902731E-03));
#2055 = CARTESIAN_POINT('',(2.5,1.246017925275E-02));
#2056 = CARTESIAN_POINT('',(2.5,1.496840362675E-02));
#2057 = CARTESIAN_POINT('',(2.5,1.748172121741E-02));
#2058 = CARTESIAN_POINT('',(2.5,3.494824940453E-02));
#2059 = CARTESIAN_POINT('',(2.5,5.007337385325E-02));
#2060 = CARTESIAN_POINT('',(2.5,6.534405106776E-02));
#2061 = CARTESIAN_POINT('',(2.5,8.073267494229E-02));
#2062 = CARTESIAN_POINT('',(2.5,9.621446960963E-02));
#2063 = CARTESIAN_POINT('',(2.5,0.111766800956));
#2064 = CARTESIAN_POINT('',(2.5,0.127368623433));
#2065 = CARTESIAN_POINT('',(2.5,0.152478340711));
#2066 = CARTESIAN_POINT('',(2.5,0.161968739125));
#2067 = CARTESIAN_POINT('',(2.5,0.171467638417));
#2068 = CARTESIAN_POINT('',(2.5,0.180972017754));
#2069 = CARTESIAN_POINT('',(2.5,0.190479335991));
#2070 = CARTESIAN_POINT('',(2.5,0.199987492313));
#2071 = CARTESIAN_POINT('',(2.5,0.209494803811));
#2072 = CARTESIAN_POINT('',(2.5,0.230269505927));
#2073 = CARTESIAN_POINT('',(2.5,0.241535883237));
#2074 = CARTESIAN_POINT('',(2.5,0.252797247354));
#2075 = CARTESIAN_POINT('',(2.5,0.264052272278));
#2076 = CARTESIAN_POINT('',(2.5,0.275300142107));
#2077 = CARTESIAN_POINT('',(2.5,0.286540527719));
#2078 = CARTESIAN_POINT('',(2.5,0.297773588626));
#2079 = CARTESIAN_POINT('',(2.5,0.317135527681));
#2080 = CARTESIAN_POINT('',(2.5,0.325267473376));
#2081 = CARTESIAN_POINT('',(2.5,0.33339606349));
#2082 = CARTESIAN_POINT('',(2.5,0.341521569947));
#2083 = CARTESIAN_POINT('',(2.5,0.349644313927));
#2084 = CARTESIAN_POINT('',(2.5,0.357764669597));
#2085 = CARTESIAN_POINT('',(2.5,0.365883067842));
#2086 = CARTESIAN_POINT('',(2.5,0.380126556739));
#2087 = CARTESIAN_POINT('',(2.5,0.386252259007));
#2088 = CARTESIAN_POINT('',(2.5,0.392377307852));
#2089 = CARTESIAN_POINT('',(2.5,0.398501907362));
#2090 = CARTESIAN_POINT('',(2.5,0.404626264658));
#2091 = CARTESIAN_POINT('',(2.5,0.410750589895));
#2092 = CARTESIAN_POINT('',(2.5,0.416875096266));
#2093 = CARTESIAN_POINT('',(2.5,0.427623590562));
#2094 = CARTESIAN_POINT('',(2.5,0.432247404292));
#2095 = CARTESIAN_POINT('',(2.5,0.436871532934));
#2096 = CARTESIAN_POINT('',(2.5,0.441496066646));
#2097 = CARTESIAN_POINT('',(2.5,0.446121094007));
#2098 = CARTESIAN_POINT('',(2.5,0.450746702009));
#2099 = CARTESIAN_POINT('',(2.5,0.455372976064));
#2100 = CARTESIAN_POINT('',(2.5,0.463498259432));
#2101 = CARTESIAN_POINT('',(2.5,0.466996946828));
#2102 = CARTESIAN_POINT('',(2.5,0.470496098162));
#2103 = CARTESIAN_POINT('',(2.5,0.473995748362));
#2104 = CARTESIAN_POINT('',(2.5,0.477495931318));
#2105 = CARTESIAN_POINT('',(2.5,0.480996679878));
#2106 = CARTESIAN_POINT('',(2.5,0.48449802585));
#2107 = CARTESIAN_POINT('',(2.5,0.497604783545));
#2108 = CARTESIAN_POINT('',(2.5,0.507214271159));
#2109 = CARTESIAN_POINT('',(2.5,0.516829123877));
#2110 = CARTESIAN_POINT('',(2.5,0.526449900907));
#2111 = CARTESIAN_POINT('',(2.5,0.536077061906));
#2112 = CARTESIAN_POINT('',(2.5,0.545710969267));
#2113 = CARTESIAN_POINT('',(2.5,0.555351890397));
#2114 = CARTESIAN_POINT('',(2.5,0.597327282303));
#2115 = CARTESIAN_POINT('',(2.5,0.629747426953));
#2116 = CARTESIAN_POINT('',(2.5,0.6622539221));
#2117 = CARTESIAN_POINT('',(2.5,0.694829223311));
#2118 = CARTESIAN_POINT('',(2.5,0.727444446463));
#2119 = CARTESIAN_POINT('',(2.5,0.760056622969));
#2120 = CARTESIAN_POINT('',(2.5,0.79260402241));
#2121 = CARTESIAN_POINT('',(2.5,0.827628632632));
#2122 = CARTESIAN_POINT('',(2.5,0.830256305144));
#2123 = CARTESIAN_POINT('',(2.5,0.832882978823));
#2124 = CARTESIAN_POINT('',(2.5,0.835508614818));
#2125 = CARTESIAN_POINT('',(2.5,0.838133174136));
#2126 = CARTESIAN_POINT('',(2.5,0.840756617645));
#2127 = CARTESIAN_POINT('',(2.5,0.843378906071));
#2128 = CARTESIAN_POINT('',(2.5,0.850136494987));
#2129 = CARTESIAN_POINT('',(2.5,0.854270015698));
#2130 = CARTESIAN_POINT('',(2.5,0.85840040676));
#2131 = CARTESIAN_POINT('',(2.5,0.862527513095));
#2132 = CARTESIAN_POINT('',(2.5,0.866651179922));
#2133 = CARTESIAN_POINT('',(2.5,0.870771252757));
#2134 = CARTESIAN_POINT('',(2.5,0.874887577414));
#2135 = CARTESIAN_POINT('',(2.5,0.885159165816));
#2136 = CARTESIAN_POINT('',(2.5,0.891309584456));
#2137 = CARTESIAN_POINT('',(2.5,0.897450735353));
#2138 = CARTESIAN_POINT('',(2.5,0.903582109031));
#2139 = CARTESIAN_POINT('',(2.5,0.909703206568));
#2140 = CARTESIAN_POINT('',(2.5,0.915813539052));
#2141 = CARTESIAN_POINT('',(2.5,0.921912627037));
#2142 = CARTESIAN_POINT('',(2.5,0.937101753745));
#2143 = CARTESIAN_POINT('',(2.5,0.946177345039));
#2144 = CARTESIAN_POINT('',(2.5,0.955225193778));
#2145 = CARTESIAN_POINT('',(2.5,0.964243822543));
#2146 = CARTESIAN_POINT('',(2.5,0.973231853321));
#2147 = CARTESIAN_POINT('',(2.5,0.982188004237));
#2148 = CARTESIAN_POINT('',(2.5,0.991111086273));
#2149 = CARTESIAN_POINT('',(2.5,1.));
#2150 = ( GEOMETRIC_REPRESENTATION_CONTEXT(2) 
PARAMETRIC_REPRESENTATION_CONTEXT() REPRESENTATION_CONTEXT('2D SPACE',''
  ) );
#2151 = ORIENTED_EDGE('',*,*,#234,.T.);
#2152 = ORIENTED_EDGE('',*,*,#1524,.T.);
#2153 = ORIENTED_EDGE('',*,*,#572,.F.);
#2154 = ADVANCED_FACE('',(#2155),#216,.T.);
#2155 = FACE_BOUND('',#2156,.T.);
#2156 = EDGE_LOOP('',(#2157,#2158,#2159,#2160));
#2157 = ORIENTED_EDGE('',*,*,#480,.F.);
#2158 = ORIENTED_EDGE('',*,*,#202,.T.);
#2159 = ORIENTED_EDGE('',*,*,#1840,.T.);
#2160 = ORIENTED_EDGE('',*,*,#551,.F.);
#2161 = ( GEOMETRIC_REPRESENTATION_CONTEXT(3) 
GLOBAL_UNCERTAINTY_ASSIGNED_CONTEXT((#2165)) 
GLOBAL_UNIT_ASSIGNED_CONTEXT((#2162,#2163,#2164)) REPRESENTATION_CONTEXT
('Context #1','3D Context with UNIT and UNCERTAINTY') );
#2162 = ( LENGTH_UNIT() NAMED_UNIT(*) SI_UNIT(.MILLI.,.METRE.) );
#2163 = ( NAMED_UNIT(*) PLANE_ANGLE_UNIT() SI_UNIT($,.RADIAN.) );
#2164 = ( NAMED_UNIT(*) SI_UNIT($,.STERADIAN.) SOLID_ANGLE_UNIT() );
#2165 = UNCERTAINTY_MEASURE_WITH_UNIT(LENGTH_MEASURE(1.E-06),#2162,
  'distance_accuracy_value','confusion accuracy');
#2166 = PRODUCT_RELATED_PRODUCT_CATEGORY('part',$,(#7));
ENDSEC;
END-ISO-10303-21;
