ISO-10303-21;
HEADER;
FILE_DESCRIPTION(('Open CASCADE Model'),'2;1');
FILE_NAME('Open CASCADE Shape Model','2026-09-05T05:20:54',('Author'),(
    'Open CASCADE'),'Open CASCADE STEP processor 7.8','Open CASCADE 7.8'
  ,'Unknown');
FILE_SCHEMA(('AUTOMOTIVE_DESIGN { 1 0 10303 214 1 1 1 1 }'));
ENDSEC;
DATA;
#1 = APPLICATION_PROTOCOL_DEFINITION('international standard',
  'automotive_design',2000,#2);
#2 = APPLICATION_CONTEXT(
  'core data for automotive mechanical design processes');
#3 = SHAPE_DEFINITION_REPRESENTATION(#4,#10);
#4 = PRODUCT_DEFINITION_SHAPE('','',#5);
#5 = PRODUCT_DEFINITION('design','',#6,#9);
#6 = PRODUCT_DEFINITION_FORMATION('','',#7);
#7 = PRODUCT('Open CASCADE STEP translator 7.8 54',
  'Open CASCADE STEP translator 7.8 54','',(#8));
#8 = PRODUCT_CONTEXT('',#2,'mechanical');
#9 = PRODUCT_DEFINITION_CONTEXT('part definition',#2,'design');
#10 = ADVANCED_BREP_SHAPE_REPRESENTATION('',(#11,#15),#1973);
#11 = AXIS2_PLACEMENT_3D('',#12,#13,#14);
#12 = CARTESIAN_POINT('',(0.,0.,0.));
#13 = DIRECTION('',(0.,0.,1.));
#14 = DIRECTION('',(1.,0.,-0.));
#15 = MANIFOLD_SOLID_BREP('',#16);
#16 = CLOSED_SHELL('',(#17,#353,#673,#722,#771,#964,#1068,#1123,#1211,
    #1244,#1394,#1544,#1573,#1602,#1637,#1666,#1816,#1966));
#17 = ADVANCED_FACE('',(#18,#155),#31,.T.);
#18 = FACE_BOUND('',#19,.T.);
#19 = EDGE_LOOP('',(#20,#59,#95,#121));
#20 = ORIENTED_EDGE('',*,*,#21,.T.);
#21 = EDGE_CURVE('',#22,#24,#26,.T.);
#22 = VERTEX_POINT('',#23);
#23 = CARTESIAN_POINT('',(-22.896,-18.,-167.5));
#24 = VERTEX_POINT('',#25);
#25 = CARTESIAN_POINT('',(22.896,-18.,-167.5));
#26 = SURFACE_CURVE('',#27,(#30,#48),.PCURVE_S1.);
#27 = B_SPLINE_CURVE_WITH_KNOTS('',1,(#28,#29),.UNSPECIFIED.,.F.,.F.,(2,
    2),(0.,1.),.PIECEWISE_BEZIER_KNOTS.);
#28 = CARTESIAN_POINT('',(-22.896,-18.,-167.5));
#29 = CARTESIAN_POINT('',(22.896,-18.,-167.5));
#30 = PCURVE('',#31,#42);
#31 = ( BOUNDED_SURFACE() B_SPLINE_SURFACE(1,4,(
    (#32,#33,#34,#35,#36)
    ,(#37,#38,#39,#40,#41
)),.UNSPECIFIED.,.F.,.F.,.F.) B_SPLINE_SURFACE_WITH_KNOTS((2,2),(5,5),(
    0.,1.),(0.,1.),.PIECEWISE_BEZIER_KNOTS.) 
GEOMETRIC_REPRESENTATION_ITEM() RATIONAL_B_SPLINE_SURFACE((
    (1.,1.,1.,1.,1.)
,(1.,1.,1.,1.,1.))) REPRESENTATION_ITEM('') SURFACE() );
#32 = CARTESIAN_POINT('',(-22.896,-18.,-167.5));
#33 = CARTESIAN_POINT('',(-48.87544566917,-38.42409250721,
    -89.27249727004));
#34 = CARTESIAN_POINT('',(-32.6474029145,-25.66619725982,3.532654884302)
  );
#35 = CARTESIAN_POINT('',(-45.02260469941,-35.39512948067,
    83.473119878126));
#36 = CARTESIAN_POINT('',(-25.1856,-19.8,167.5));
#37 = CARTESIAN_POINT('',(22.896,-18.,-167.5));
#38 = CARTESIAN_POINT('',(48.875445669179,-38.42409250721,
    -89.27249727004));
#39 = CARTESIAN_POINT('',(32.6474029145,-25.66619725982,3.532654884302)
  );
#40 = CARTESIAN_POINT('',(45.022604699412,-35.39512948067,
    83.473119878126));
#41 = CARTESIAN_POINT('',(25.1856,-19.8,167.5));
#42 = DEFINITIONAL_REPRESENTATION('',(#43),#47);
#43 = LINE('',#44,#45);
#44 = CARTESIAN_POINT('',(0.,0.));
#45 = VECTOR('',#46,1.);
#46 = DIRECTION('',(1.,0.));
#47 = ( GEOMETRIC_REPRESENTATION_CONTEXT(2) 
PARAMETRIC_REPRESENTATION_CONTEXT() REPRESENTATION_CONTEXT('2D SPACE',''
  ) );
#48 = PCURVE('',#49,#54);
#49 = PLANE('',#50);
#50 = AXIS2_PLACEMENT_3D('',#51,#52,#53);
#51 = CARTESIAN_POINT('',(-22.896,-18.,-167.5));
#52 = DIRECTION('',(0.,0.,1.));
#53 = DIRECTION('',(0.896072477184,0.443907778298,-0.));
#54 = DEFINITIONAL_REPRESENTATION('',(#55),#58);
#55 = B_SPLINE_CURVE_WITH_KNOTS('',1,(#56,#57),.UNSPECIFIED.,.F.,.F.,(2,
    2),(0.,1.),.PIECEWISE_BEZIER_KNOTS.);
#56 = CARTESIAN_POINT('',(0.,0.));
#57 = CARTESIAN_POINT('',(41.03295087521,-20.32742498381));
#58 = ( GEOMETRIC_REPRESENTATION_CONTEXT(2) 
PARAMETRIC_REPRESENTATION_CONTEXT() REPRESENTATION_CONTEXT('2D SPACE',''
  ) );
#59 = ORIENTED_EDGE('',*,*,#60,.T.);
#60 = EDGE_CURVE('',#24,#61,#63,.T.);
#61 = VERTEX_POINT('',#62);
#62 = CARTESIAN_POINT('',(25.1856,-19.8,167.5));
#63 = SURFACE_CURVE('',#64,(#70,#77),.PCURVE_S1.);
#64 = ( BOUNDED_CURVE() B_SPLINE_CURVE(4,(#65,#66,#67,#68,#69),
.UNSPECIFIED.,.F.,.F.) B_SPLINE_CURVE_WITH_KNOTS((5,5),(0.,1.),
.PIECEWISE_BEZIER_KNOTS.) CURVE() GEOMETRIC_REPRESENTATION_ITEM() 
RATIONAL_B_SPLINE_CURVE((1.,1.,1.,1.,1.)) REPRESENTATION_ITEM('') );
#65 = CARTESIAN_POINT('',(22.896,-18.,-167.5));
#66 = CARTESIAN_POINT('',(48.875445669179,-38.42409250721,
    -89.27249727004));
#67 = CARTESIAN_POINT('',(32.6474029145,-25.66619725982,3.532654884302)
  );
#68 = CARTESIAN_POINT('',(45.022604699412,-35.39512948067,
    83.473119878126));
#69 = CARTESIAN_POINT('',(25.1856,-19.8,167.5));
#70 = PCURVE('',#31,#71);
#71 = DEFINITIONAL_REPRESENTATION('',(#72),#76);
#72 = LINE('',#73,#74);
#73 = CARTESIAN_POINT('',(1.,0.));
#74 = VECTOR('',#75,1.);
#75 = DIRECTION('',(0.,1.));
#76 = ( GEOMETRIC_REPRESENTATION_CONTEXT(2) 
PARAMETRIC_REPRESENTATION_CONTEXT() REPRESENTATION_CONTEXT('2D SPACE',''
  ) );
#77 = PCURVE('',#78,#89);
#78 = ( BOUNDED_SURFACE() B_SPLINE_SURFACE(1,4,(
    (#79,#80,#81,#82,#83)
    ,(#84,#85,#86,#87,#88
)),.UNSPECIFIED.,.F.,.F.,.F.) B_SPLINE_SURFACE_WITH_KNOTS((2,2),(5,5),(
    1.,2.),(0.,1.),.PIECEWISE_BEZIER_KNOTS.) 
GEOMETRIC_REPRESENTATION_ITEM() RATIONAL_B_SPLINE_SURFACE((
    (1.,1.,1.,1.,1.)
,(1.,1.,1.,1.,1.))) REPRESENTATION_ITEM('') SURFACE() );
#79 = CARTESIAN_POINT('',(22.896,-18.,-167.5));
#80 = CARTESIAN_POINT('',(48.875445669179,-38.42409250721,
    -89.27249727004));
#81 = CARTESIAN_POINT('',(32.6474029145,-25.66619725982,3.532654884302)
  );
#82 = CARTESIAN_POINT('',(45.022604699412,-35.39512948067,
    83.473119878126));
#83 = CARTESIAN_POINT('',(25.1856,-19.8,167.5));
#84 = CARTESIAN_POINT('',(31.8,-9.096,-167.5));
#85 = CARTESIAN_POINT('',(67.882563429416,-19.41697474698,
    -89.27249727004));
#86 = CARTESIAN_POINT('',(45.343615159028,-12.96998501529,3.532654884302
    ));
#87 = CARTESIAN_POINT('',(62.53139541585,-17.88633876423,83.473119878126
    ));
#88 = CARTESIAN_POINT('',(34.98,-10.0056,167.5));
#89 = DEFINITIONAL_REPRESENTATION('',(#90),#94);
#90 = LINE('',#91,#92);
#91 = CARTESIAN_POINT('',(1.,0.));
#92 = VECTOR('',#93,1.);
#93 = DIRECTION('',(0.,1.));
#94 = ( GEOMETRIC_REPRESENTATION_CONTEXT(2) 
PARAMETRIC_REPRESENTATION_CONTEXT() REPRESENTATION_CONTEXT('2D SPACE',''
  ) );
#95 = ORIENTED_EDGE('',*,*,#96,.F.);
#96 = EDGE_CURVE('',#97,#61,#99,.T.);
#97 = VERTEX_POINT('',#98);
#98 = CARTESIAN_POINT('',(-25.1856,-19.8,167.5));
#99 = SURFACE_CURVE('',#100,(#103,#110),.PCURVE_S1.);
#100 = B_SPLINE_CURVE_WITH_KNOTS('',1,(#101,#102),.UNSPECIFIED.,.F.,.F.,
  (2,2),(0.,1.),.PIECEWISE_BEZIER_KNOTS.);
#101 = CARTESIAN_POINT('',(-25.1856,-19.8,167.5));
#102 = CARTESIAN_POINT('',(25.1856,-19.8,167.5));
#103 = PCURVE('',#31,#104);
#104 = DEFINITIONAL_REPRESENTATION('',(#105),#109);
#105 = LINE('',#106,#107);
#106 = CARTESIAN_POINT('',(0.,1.));
#107 = VECTOR('',#108,1.);
#108 = DIRECTION('',(1.,0.));
#109 = ( GEOMETRIC_REPRESENTATION_CONTEXT(2) 
PARAMETRIC_REPRESENTATION_CONTEXT() REPRESENTATION_CONTEXT('2D SPACE',''
  ) );
#110 = PCURVE('',#111,#116);
#111 = PLANE('',#112);
#112 = AXIS2_PLACEMENT_3D('',#113,#114,#115);
#113 = CARTESIAN_POINT('',(-25.1856,-19.8,167.5));
#114 = DIRECTION('',(0.,0.,1.));
#115 = DIRECTION('',(0.896072477184,0.443907778298,-0.));
#116 = DEFINITIONAL_REPRESENTATION('',(#117),#120);
#117 = B_SPLINE_CURVE_WITH_KNOTS('',1,(#118,#119),.UNSPECIFIED.,.F.,.F.,
  (2,2),(0.,1.),.PIECEWISE_BEZIER_KNOTS.);
#118 = CARTESIAN_POINT('',(0.,0.));
#119 = CARTESIAN_POINT('',(45.136245962731,-22.36016748219));
#120 = ( GEOMETRIC_REPRESENTATION_CONTEXT(2) 
PARAMETRIC_REPRESENTATION_CONTEXT() REPRESENTATION_CONTEXT('2D SPACE',''
  ) );
#121 = ORIENTED_EDGE('',*,*,#122,.F.);
#122 = EDGE_CURVE('',#22,#97,#123,.T.);
#123 = SURFACE_CURVE('',#124,(#130,#137),.PCURVE_S1.);
#124 = ( BOUNDED_CURVE() B_SPLINE_CURVE(4,(#125,#126,#127,#128,#129),
.UNSPECIFIED.,.F.,.F.) B_SPLINE_CURVE_WITH_KNOTS((5,5),(0.,1.),
.PIECEWISE_BEZIER_KNOTS.) CURVE() GEOMETRIC_REPRESENTATION_ITEM() 
RATIONAL_B_SPLINE_CURVE((1.,1.,1.,1.,1.)) REPRESENTATION_ITEM('') );
#125 = CARTESIAN_POINT('',(-22.896,-18.,-167.5));
#126 = CARTESIAN_POINT('',(-48.87544566917,-38.42409250721,
    -89.27249727004));
#127 = CARTESIAN_POINT('',(-32.6474029145,-25.66619725982,3.532654884302
    ));
#128 = CARTESIAN_POINT('',(-45.02260469941,-35.39512948067,
    83.473119878126));
#129 = CARTESIAN_POINT('',(-25.1856,-19.8,167.5));
#130 = PCURVE('',#31,#131);
#131 = DEFINITIONAL_REPRESENTATION('',(#132),#136);
#132 = LINE('',#133,#134);
#133 = CARTESIAN_POINT('',(0.,0.));
#134 = VECTOR('',#135,1.);
#135 = DIRECTION('',(0.,1.));
#136 = ( GEOMETRIC_REPRESENTATION_CONTEXT(2) 
PARAMETRIC_REPRESENTATION_CONTEXT() REPRESENTATION_CONTEXT('2D SPACE',''
  ) );
#137 = PCURVE('',#138,#149);
#138 = ( BOUNDED_SURFACE() B_SPLINE_SURFACE(1,4,(
    (#139,#140,#141,#142,#143)
    ,(#144,#145,#146,#147,#148
)),.UNSPECIFIED.,.F.,.F.,.F.) B_SPLINE_SURFACE_WITH_KNOTS((2,2),(5,5),(
    7.,8.),(0.,1.),.PIECEWISE_BEZIER_KNOTS.) 
GEOMETRIC_REPRESENTATION_ITEM() RATIONAL_B_SPLINE_SURFACE((
    (1.,1.,1.,1.,1.)
,(1.,1.,1.,1.,1.))) REPRESENTATION_ITEM('') SURFACE() );
#139 = CARTESIAN_POINT('',(-31.8,-9.096,-167.5));
#140 = CARTESIAN_POINT('',(-67.88256342941,-19.41697474698,
    -89.27249727004));
#141 = CARTESIAN_POINT('',(-45.34361515902,-12.96998501529,
    3.532654884302));
#142 = CARTESIAN_POINT('',(-62.53139541585,-17.88633876423,
    83.473119878126));
#143 = CARTESIAN_POINT('',(-34.98,-10.0056,167.5));
#144 = CARTESIAN_POINT('',(-22.896,-18.,-167.5));
#145 = CARTESIAN_POINT('',(-48.87544566917,-38.42409250721,
    -89.27249727004));
#146 = CARTESIAN_POINT('',(-32.6474029145,-25.66619725982,3.532654884302
    ));
#147 = CARTESIAN_POINT('',(-45.02260469941,-35.39512948067,
    83.473119878126));
#148 = CARTESIAN_POINT('',(-25.1856,-19.8,167.5));
#149 = DEFINITIONAL_REPRESENTATION('',(#150),#154);
#150 = LINE('',#151,#152);
#151 = CARTESIAN_POINT('',(8.,0.));
#152 = VECTOR('',#153,1.);
#153 = DIRECTION('',(0.,1.));
#154 = ( GEOMETRIC_REPRESENTATION_CONTEXT(2) 
PARAMETRIC_REPRESENTATION_CONTEXT() REPRESENTATION_CONTEXT('2D SPACE',''
  ) );
#155 = FACE_BOUND('',#156,.T.);
#156 = EDGE_LOOP('',(#157,#220,#254,#321));
#157 = ORIENTED_EDGE('',*,*,#158,.F.);
#158 = EDGE_CURVE('',#159,#161,#163,.T.);
#159 = VERTEX_POINT('',#160);
#160 = CARTESIAN_POINT('',(-30.,-30.49413064123,-19.));
#161 = VERTEX_POINT('',#162);
#162 = CARTESIAN_POINT('',(-30.,-26.24917524581,-121.));
#163 = SURFACE_CURVE('',#164,(#179,#197),.PCURVE_S1.);
#164 = B_SPLINE_CURVE_WITH_KNOTS('',7,(#165,#166,#167,#168,#169,#170,
    #171,#172,#173,#174,#175,#176,#177,#178),.UNSPECIFIED.,.F.,.F.,(8,6,
    8),(0.,0.665999302098,1.),.UNSPECIFIED.);
#165 = CARTESIAN_POINT('',(-30.,-30.49413064123,-19.));
#166 = CARTESIAN_POINT('',(-30.,-30.48459696605,-28.71781179836));
#167 = CARTESIAN_POINT('',(-30.,-30.42810584109,-38.43514169644));
#168 = CARTESIAN_POINT('',(-30.,-30.3161137189,-48.15238965499));
#169 = CARTESIAN_POINT('',(-30.,-30.13529971175,-57.86911240441));
#170 = CARTESIAN_POINT('',(-30.,-29.86743023457,-67.5840174648));
#171 = CARTESIAN_POINT('',(-30.,-29.48892027278,-77.29495252403));
#172 = CARTESIAN_POINT('',(-30.,-28.70862000673,-91.8654110463));
#173 = CARTESIAN_POINT('',(-30.,-28.41250437826,-96.72999812849));
#174 = CARTESIAN_POINT('',(-30.,-28.07705046048,-101.5922012703));
#175 = CARTESIAN_POINT('',(-30.,-27.69798728446,-106.4513483911));
#176 = CARTESIAN_POINT('',(-30.,-27.27058058974,-111.3065202095));
#177 = CARTESIAN_POINT('',(-30.,-26.78958372209,-116.1565462947));
#178 = CARTESIAN_POINT('',(-30.,-26.24917524581,-121.));
#179 = PCURVE('',#31,#180);
#180 = DEFINITIONAL_REPRESENTATION('',(#181),#196);
#181 = B_SPLINE_CURVE_WITH_KNOTS('',7,(#182,#183,#184,#185,#186,#187,
    #188,#189,#190,#191,#192,#193,#194,#195),.UNSPECIFIED.,.F.,.F.,(8,6,
    8),(0.,0.665999302098,1.),.UNSPECIFIED.);
#182 = CARTESIAN_POINT('',(0.113287784166,0.444609516369));
#183 = CARTESIAN_POINT('',(0.113166882584,0.416127935524));
#184 = CARTESIAN_POINT('',(0.112450628091,0.387682684031));
#185 = CARTESIAN_POINT('',(0.111027486432,0.359251974737));
#186 = CARTESIAN_POINT('',(0.108720513854,0.330811028082));
#187 = CARTESIAN_POINT('',(0.105247706163,0.302331829998));
#188 = CARTESIAN_POINT('',(0.100234331554,0.273782482367));
#189 = CARTESIAN_POINT('',(8.926975979965E-02,0.230753380962));
#190 = CARTESIAN_POINT('',(8.503173884873E-02,0.216355030509));
#191 = CARTESIAN_POINT('',(8.012436865463E-02,0.201925436316));
#192 = CARTESIAN_POINT('',(7.442639141302E-02,0.18746013413));
#193 = CARTESIAN_POINT('',(6.778673700402E-02,0.172954791644));
#194 = CARTESIAN_POINT('',(5.99985907875E-02,0.158405149201));
#195 = CARTESIAN_POINT('',(5.074958661537E-02,0.143806948187));
#196 = ( GEOMETRIC_REPRESENTATION_CONTEXT(2) 
PARAMETRIC_REPRESENTATION_CONTEXT() REPRESENTATION_CONTEXT('2D SPACE',''
  ) );
#197 = PCURVE('',#198,#203);
#198 = PLANE('',#199);
#199 = AXIS2_PLACEMENT_3D('',#200,#201,#202);
#200 = CARTESIAN_POINT('',(-30.,-142.,-121.));
#201 = DIRECTION('',(1.,0.,0.));
#202 = DIRECTION('',(0.,0.,1.));
#203 = DEFINITIONAL_REPRESENTATION('',(#204),#219);
#204 = B_SPLINE_CURVE_WITH_KNOTS('',7,(#205,#206,#207,#208,#209,#210,
    #211,#212,#213,#214,#215,#216,#217,#218),.UNSPECIFIED.,.F.,.F.,(8,6,
    8),(0.,0.665999302098,1.),.UNSPECIFIED.);
#205 = CARTESIAN_POINT('',(102.,-111.5058693587));
#206 = CARTESIAN_POINT('',(92.282188201632,-111.5154030339));
#207 = CARTESIAN_POINT('',(82.564858303554,-111.5718941589));
#208 = CARTESIAN_POINT('',(72.847610345003,-111.683886281));
#209 = CARTESIAN_POINT('',(63.130887595582,-111.8647002882));
#210 = CARTESIAN_POINT('',(53.415982535191,-112.1325697654));
#211 = CARTESIAN_POINT('',(43.705047475967,-112.5110797272));
#212 = CARTESIAN_POINT('',(29.134588953697,-113.2913799932));
#213 = CARTESIAN_POINT('',(24.270001871509,-113.5874956217));
#214 = CARTESIAN_POINT('',(19.407798729696,-113.9229495395));
#215 = CARTESIAN_POINT('',(14.548651608808,-114.3020127155));
#216 = CARTESIAN_POINT('',(9.693479790494,-114.7294194102));
#217 = CARTESIAN_POINT('',(4.843453705246,-115.2104162779));
#218 = CARTESIAN_POINT('',(0.,-115.7508247541));
#219 = ( GEOMETRIC_REPRESENTATION_CONTEXT(2) 
PARAMETRIC_REPRESENTATION_CONTEXT() REPRESENTATION_CONTEXT('2D SPACE',''
  ) );
#220 = ORIENTED_EDGE('',*,*,#221,.F.);
#221 = EDGE_CURVE('',#222,#159,#224,.T.);
#222 = VERTEX_POINT('',#223);
#223 = CARTESIAN_POINT('',(30.,-30.49413064123,-19.));
#224 = SURFACE_CURVE('',#225,(#231,#240),.PCURVE_S1.);
#225 = B_SPLINE_CURVE_WITH_KNOTS('',4,(#226,#227,#228,#229,#230),
  .UNSPECIFIED.,.F.,.F.,(5,5),(0.,1.),.PIECEWISE_BEZIER_KNOTS.);
#226 = CARTESIAN_POINT('',(30.,-30.49413064123,-19.));
#227 = CARTESIAN_POINT('',(15.,-30.49413064123,-19.));
#228 = CARTESIAN_POINT('',(1.740829702612E-13,-30.49413064123,-19.));
#229 = CARTESIAN_POINT('',(-15.,-30.49413064123,-19.));
#230 = CARTESIAN_POINT('',(-30.,-30.49413064123,-19.));
#231 = PCURVE('',#31,#232);
#232 = DEFINITIONAL_REPRESENTATION('',(#233),#239);
#233 = B_SPLINE_CURVE_WITH_KNOTS('',4,(#234,#235,#236,#237,#238),
  .UNSPECIFIED.,.F.,.F.,(5,5),(0.,1.),.PIECEWISE_BEZIER_KNOTS.);
#234 = CARTESIAN_POINT('',(0.886712215834,0.444609516369));
#235 = CARTESIAN_POINT('',(0.693356107917,0.444609516369));
#236 = CARTESIAN_POINT('',(0.5,0.444609516369));
#237 = CARTESIAN_POINT('',(0.306643892083,0.444609516369));
#238 = CARTESIAN_POINT('',(0.113287784166,0.444609516369));
#239 = ( GEOMETRIC_REPRESENTATION_CONTEXT(2) 
PARAMETRIC_REPRESENTATION_CONTEXT() REPRESENTATION_CONTEXT('2D SPACE',''
  ) );
#240 = PCURVE('',#241,#246);
#241 = PLANE('',#242);
#242 = AXIS2_PLACEMENT_3D('',#243,#244,#245);
#243 = CARTESIAN_POINT('',(-30.,-142.,-19.));
#244 = DIRECTION('',(0.,0.,1.));
#245 = DIRECTION('',(1.,0.,0.));
#246 = DEFINITIONAL_REPRESENTATION('',(#247),#253);
#247 = B_SPLINE_CURVE_WITH_KNOTS('',4,(#248,#249,#250,#251,#252),
  .UNSPECIFIED.,.F.,.F.,(5,5),(0.,1.),.PIECEWISE_BEZIER_KNOTS.);
#248 = CARTESIAN_POINT('',(60.,111.50586935876));
#249 = CARTESIAN_POINT('',(45.,111.50586935876));
#250 = CARTESIAN_POINT('',(30.,111.50586935876));
#251 = CARTESIAN_POINT('',(15.,111.50586935876));
#252 = CARTESIAN_POINT('',(0.,111.50586935876));
#253 = ( GEOMETRIC_REPRESENTATION_CONTEXT(2) 
PARAMETRIC_REPRESENTATION_CONTEXT() REPRESENTATION_CONTEXT('2D SPACE',''
  ) );
#254 = ORIENTED_EDGE('',*,*,#255,.F.);
#255 = EDGE_CURVE('',#256,#222,#258,.T.);
#256 = VERTEX_POINT('',#257);
#257 = CARTESIAN_POINT('',(30.,-26.24917524581,-121.));
#258 = SURFACE_CURVE('',#259,(#276,#296),.PCURVE_S1.);
#259 = B_SPLINE_CURVE_WITH_KNOTS('',8,(#260,#261,#262,#263,#264,#265,
    #266,#267,#268,#269,#270,#271,#272,#273,#274,#275),.UNSPECIFIED.,.F.
  ,.F.,(9,7,9),(0.,0.682041107028,1.),.UNSPECIFIED.);
#260 = CARTESIAN_POINT('',(30.,-26.24917524581,-121.));
#261 = CARTESIAN_POINT('',(30.,-27.21478259247,-112.3456677933));
#262 = CARTESIAN_POINT('',(30.,-27.99447888265,-103.6716691793));
#263 = CARTESIAN_POINT('',(30.,-28.61944677869,-94.98441937276));
#264 = CARTESIAN_POINT('',(30.,-29.1156087505,-86.28887790533));
#265 = CARTESIAN_POINT('',(30.,-29.50473114059,-77.58861267369));
#266 = CARTESIAN_POINT('',(30.,-29.80500013669,-68.88583235776));
#267 = CARTESIAN_POINT('',(30.,-30.03144321845,-60.18141122507));
#268 = CARTESIAN_POINT('',(30.,-30.27295391169,-47.41603958315));
#269 = CARTESIAN_POINT('',(30.,-30.33632625701,-43.35692791467));
#270 = CARTESIAN_POINT('',(30.,-30.38750695353,-39.29763437186));
#271 = CARTESIAN_POINT('',(30.,-30.42758517616,-35.23821440076));
#272 = CARTESIAN_POINT('',(30.,-30.45751864192,-31.17871259285));
#273 = CARTESIAN_POINT('',(30.,-30.47813774422,-27.11916272649));
#274 = CARTESIAN_POINT('',(30.,-30.49014797598,-23.05958779197));
#275 = CARTESIAN_POINT('',(30.,-30.49413064123,-19.));
#276 = PCURVE('',#31,#277);
#277 = DEFINITIONAL_REPRESENTATION('',(#278),#295);
#278 = B_SPLINE_CURVE_WITH_KNOTS('',8,(#279,#280,#281,#282,#283,#284,
    #285,#286,#287,#288,#289,#290,#291,#292,#293,#294),.UNSPECIFIED.,.F.
  ,.F.,(9,7,9),(0.,0.682041107028,1.),.UNSPECIFIED.);
#279 = CARTESIAN_POINT('',(0.949250413385,0.143806948187));
#280 = CARTESIAN_POINT('',(0.932724198919,0.169891161826));
#281 = CARTESIAN_POINT('',(0.920768868885,0.195820827545));
#282 = CARTESIAN_POINT('',(0.91171433766,0.221622238124));
#283 = CARTESIAN_POINT('',(0.904839049682,0.247319158286));
#284 = CARTESIAN_POINT('',(0.899583974981,0.272934133165));
#285 = CARTESIAN_POINT('',(0.895614025312,0.298489207854));
#286 = CARTESIAN_POINT('',(0.892658515792,0.324006487327));
#287 = CARTESIAN_POINT('',(0.889535048391,0.361397231481));
#288 = CARTESIAN_POINT('',(0.888721221409,0.373282034272));
#289 = CARTESIAN_POINT('',(0.888067263153,0.385164877932));
#290 = CARTESIAN_POINT('',(0.887556941961,0.397047590103));
#291 = CARTESIAN_POINT('',(0.887176660144,0.408931876535));
#292 = CARTESIAN_POINT('',(0.886915047626,0.4208193269));
#293 = CARTESIAN_POINT('',(0.88676272212,0.432711418289));
#294 = CARTESIAN_POINT('',(0.886712215834,0.444609516369));
#295 = ( GEOMETRIC_REPRESENTATION_CONTEXT(2) 
PARAMETRIC_REPRESENTATION_CONTEXT() REPRESENTATION_CONTEXT('2D SPACE',''
  ) );
#296 = PCURVE('',#297,#302);
#297 = PLANE('',#298);
#298 = AXIS2_PLACEMENT_3D('',#299,#300,#301);
#299 = CARTESIAN_POINT('',(30.,-142.,-121.));
#300 = DIRECTION('',(1.,0.,0.));
#301 = DIRECTION('',(0.,0.,1.));
#302 = DEFINITIONAL_REPRESENTATION('',(#303),#320);
#303 = B_SPLINE_CURVE_WITH_KNOTS('',8,(#304,#305,#306,#307,#308,#309,
    #310,#311,#312,#313,#314,#315,#316,#317,#318,#319),.UNSPECIFIED.,.F.
  ,.F.,(9,7,9),(0.,0.682041107028,1.),.UNSPECIFIED.);
#304 = CARTESIAN_POINT('',(0.,-115.7508247541));
#305 = CARTESIAN_POINT('',(8.654332206611,-114.7852174075));
#306 = CARTESIAN_POINT('',(17.328330820612,-114.0055211173));
#307 = CARTESIAN_POINT('',(26.015580627238,-113.3805532213));
#308 = CARTESIAN_POINT('',(34.711122094665,-112.8843912494));
#309 = CARTESIAN_POINT('',(43.411387326309,-112.4952688594));
#310 = CARTESIAN_POINT('',(52.11416764224,-112.1949998633));
#311 = CARTESIAN_POINT('',(60.818588774928,-111.9685567815));
#312 = CARTESIAN_POINT('',(73.583960416845,-111.7270460883));
#313 = CARTESIAN_POINT('',(77.643072085328,-111.6636737429));
#314 = CARTESIAN_POINT('',(81.702365628134,-111.6124930464));
#315 = CARTESIAN_POINT('',(85.761785599233,-111.5724148238));
#316 = CARTESIAN_POINT('',(89.82128740715,-111.542481358));
#317 = CARTESIAN_POINT('',(93.880837273507,-111.5218622557));
#318 = CARTESIAN_POINT('',(97.940412208025,-111.509852024));
#319 = CARTESIAN_POINT('',(102.,-111.5058693587));
#320 = ( GEOMETRIC_REPRESENTATION_CONTEXT(2) 
PARAMETRIC_REPRESENTATION_CONTEXT() REPRESENTATION_CONTEXT('2D SPACE',''
  ) );
#321 = ORIENTED_EDGE('',*,*,#322,.T.);
#322 = EDGE_CURVE('',#256,#161,#323,.T.);
#323 = SURFACE_CURVE('',#324,(#330,#339),.PCURVE_S1.);
#324 = B_SPLINE_CURVE_WITH_KNOTS('',4,(#325,#326,#327,#328,#329),
  .UNSPECIFIED.,.F.,.F.,(5,5),(0.,1.),.PIECEWISE_BEZIER_KNOTS.);
#325 = CARTESIAN_POINT('',(30.,-26.24917524581,-121.));
#326 = CARTESIAN_POINT('',(15.,-26.24917524581,-121.));
#327 = CARTESIAN_POINT('',(3.907985046681E-13,-26.24917524581,-121.));
#328 = CARTESIAN_POINT('',(-15.,-26.24917524581,-121.));
#329 = CARTESIAN_POINT('',(-30.,-26.24917524581,-121.));
#330 = PCURVE('',#31,#331);
#331 = DEFINITIONAL_REPRESENTATION('',(#332),#338);
#332 = B_SPLINE_CURVE_WITH_KNOTS('',4,(#333,#334,#335,#336,#337),
  .UNSPECIFIED.,.F.,.F.,(5,5),(0.,1.),.PIECEWISE_BEZIER_KNOTS.);
#333 = CARTESIAN_POINT('',(0.949250413385,0.143806948187));
#334 = CARTESIAN_POINT('',(0.724625206692,0.143806948187));
#335 = CARTESIAN_POINT('',(0.5,0.143806948187));
#336 = CARTESIAN_POINT('',(0.275374793308,0.143806948187));
#337 = CARTESIAN_POINT('',(5.074958661537E-02,0.143806948187));
#338 = ( GEOMETRIC_REPRESENTATION_CONTEXT(2) 
PARAMETRIC_REPRESENTATION_CONTEXT() REPRESENTATION_CONTEXT('2D SPACE',''
  ) );
#339 = PCURVE('',#340,#345);
#340 = PLANE('',#341);
#341 = AXIS2_PLACEMENT_3D('',#342,#343,#344);
#342 = CARTESIAN_POINT('',(-30.,-142.,-121.));
#343 = DIRECTION('',(0.,0.,1.));
#344 = DIRECTION('',(1.,0.,0.));
#345 = DEFINITIONAL_REPRESENTATION('',(#346),#352);
#346 = B_SPLINE_CURVE_WITH_KNOTS('',4,(#347,#348,#349,#350,#351),
  .UNSPECIFIED.,.F.,.F.,(5,5),(0.,1.),.PIECEWISE_BEZIER_KNOTS.);
#347 = CARTESIAN_POINT('',(60.,115.75082475418));
#348 = CARTESIAN_POINT('',(45.,115.75082475418));
#349 = CARTESIAN_POINT('',(30.,115.75082475418));
#350 = CARTESIAN_POINT('',(15.,115.75082475418));
#351 = CARTESIAN_POINT('',(0.,115.75082475418));
#352 = ( GEOMETRIC_REPRESENTATION_CONTEXT(2) 
PARAMETRIC_REPRESENTATION_CONTEXT() REPRESENTATION_CONTEXT('2D SPACE',''
  ) );
#353 = ADVANCED_FACE('',(#354),#49,.F.);
#354 = FACE_BOUND('',#355,.F.);
#355 = EDGE_LOOP('',(#356,#377,#378,#399,#431,#457,#489,#521,#553,#585,
    #617,#643));
#356 = ORIENTED_EDGE('',*,*,#357,.T.);
#357 = EDGE_CURVE('',#358,#22,#360,.T.);
#358 = VERTEX_POINT('',#359);
#359 = CARTESIAN_POINT('',(-31.8,-9.096,-167.5));
#360 = SURFACE_CURVE('',#361,(#364,#370),.PCURVE_S1.);
#361 = B_SPLINE_CURVE_WITH_KNOTS('',1,(#362,#363),.UNSPECIFIED.,.F.,.F.,
  (2,2),(7.,8.),.PIECEWISE_BEZIER_KNOTS.);
#362 = CARTESIAN_POINT('',(-31.8,-9.096,-167.5));
#363 = CARTESIAN_POINT('',(-22.896,-18.,-167.5));
#364 = PCURVE('',#49,#365);
#365 = DEFINITIONAL_REPRESENTATION('',(#366),#369);
#366 = B_SPLINE_CURVE_WITH_KNOTS('',1,(#367,#368),.UNSPECIFIED.,.F.,.F.,
  (2,2),(7.,8.),.PIECEWISE_BEZIER_KNOTS.);
#367 = CARTESIAN_POINT('',(-4.026074478883,11.93118419481));
#368 = CARTESIAN_POINT('',(0.,0.));
#369 = ( GEOMETRIC_REPRESENTATION_CONTEXT(2) 
PARAMETRIC_REPRESENTATION_CONTEXT() REPRESENTATION_CONTEXT('2D SPACE',''
  ) );
#370 = PCURVE('',#138,#371);
#371 = DEFINITIONAL_REPRESENTATION('',(#372),#376);
#372 = LINE('',#373,#374);
#373 = CARTESIAN_POINT('',(0.,0.));
#374 = VECTOR('',#375,1.);
#375 = DIRECTION('',(1.,0.));
#376 = ( GEOMETRIC_REPRESENTATION_CONTEXT(2) 
PARAMETRIC_REPRESENTATION_CONTEXT() REPRESENTATION_CONTEXT('2D SPACE',''
  ) );
#377 = ORIENTED_EDGE('',*,*,#21,.T.);
#378 = ORIENTED_EDGE('',*,*,#379,.T.);
#379 = EDGE_CURVE('',#24,#380,#382,.T.);
#380 = VERTEX_POINT('',#381);
#381 = CARTESIAN_POINT('',(31.8,-9.096,-167.5));
#382 = SURFACE_CURVE('',#383,(#386,#392),.PCURVE_S1.);
#383 = B_SPLINE_CURVE_WITH_KNOTS('',1,(#384,#385),.UNSPECIFIED.,.F.,.F.,
  (2,2),(1.,2.),.PIECEWISE_BEZIER_KNOTS.);
#384 = CARTESIAN_POINT('',(22.896,-18.,-167.5));
#385 = CARTESIAN_POINT('',(31.8,-9.096,-167.5));
#386 = PCURVE('',#49,#387);
#387 = DEFINITIONAL_REPRESENTATION('',(#388),#391);
#388 = B_SPLINE_CURVE_WITH_KNOTS('',1,(#389,#390),.UNSPECIFIED.,.F.,.F.,
  (2,2),(1.,2.),.PIECEWISE_BEZIER_KNOTS.);
#389 = CARTESIAN_POINT('',(41.03295087521,-20.32742498381));
#390 = CARTESIAN_POINT('',(52.96413507002,-16.30135050493));
#391 = ( GEOMETRIC_REPRESENTATION_CONTEXT(2) 
PARAMETRIC_REPRESENTATION_CONTEXT() REPRESENTATION_CONTEXT('2D SPACE',''
  ) );
#392 = PCURVE('',#78,#393);
#393 = DEFINITIONAL_REPRESENTATION('',(#394),#398);
#394 = LINE('',#395,#396);
#395 = CARTESIAN_POINT('',(0.,0.));
#396 = VECTOR('',#397,1.);
#397 = DIRECTION('',(1.,0.));
#398 = ( GEOMETRIC_REPRESENTATION_CONTEXT(2) 
PARAMETRIC_REPRESENTATION_CONTEXT() REPRESENTATION_CONTEXT('2D SPACE',''
  ) );
#399 = ORIENTED_EDGE('',*,*,#400,.T.);
#400 = EDGE_CURVE('',#380,#401,#403,.T.);
#401 = VERTEX_POINT('',#402);
#402 = CARTESIAN_POINT('',(31.8,0.,-167.5));
#403 = SURFACE_CURVE('',#404,(#407,#413),.PCURVE_S1.);
#404 = B_SPLINE_CURVE_WITH_KNOTS('',1,(#405,#406),.UNSPECIFIED.,.F.,.F.,
  (2,2),(2.,3.),.PIECEWISE_BEZIER_KNOTS.);
#405 = CARTESIAN_POINT('',(31.8,-9.096,-167.5));
#406 = CARTESIAN_POINT('',(31.8,9.096,-167.5));
#407 = PCURVE('',#49,#408);
#408 = DEFINITIONAL_REPRESENTATION('',(#409),#412);
#409 = B_SPLINE_CURVE_WITH_KNOTS('',1,(#410,#411),.UNSPECIFIED.,.F.,.F.,
  (2,2),(2.,3.),.PIECEWISE_BEZIER_KNOTS.);
#410 = CARTESIAN_POINT('',(52.96413507002,-16.30135050493));
#411 = CARTESIAN_POINT('',(61.039705372814,8.881784197001E-16));
#412 = ( GEOMETRIC_REPRESENTATION_CONTEXT(2) 
PARAMETRIC_REPRESENTATION_CONTEXT() REPRESENTATION_CONTEXT('2D SPACE',''
  ) );
#413 = PCURVE('',#414,#425);
#414 = ( BOUNDED_SURFACE() B_SPLINE_SURFACE(1,4,(
    (#415,#416,#417,#418,#419)
    ,(#420,#421,#422,#423,#424
)),.UNSPECIFIED.,.F.,.F.,.F.) B_SPLINE_SURFACE_WITH_KNOTS((2,2),(5,5),(
    2.,3.),(0.,1.),.PIECEWISE_BEZIER_KNOTS.) 
GEOMETRIC_REPRESENTATION_ITEM() RATIONAL_B_SPLINE_SURFACE((
    (1.,1.,1.,1.,1.)
,(1.,1.,1.,1.,1.))) REPRESENTATION_ITEM('') SURFACE() );
#415 = CARTESIAN_POINT('',(31.8,-9.096,-167.5));
#416 = CARTESIAN_POINT('',(67.882563429416,-19.41697474698,
    -89.27249727004));
#417 = CARTESIAN_POINT('',(45.343615159028,-12.96998501529,
    3.532654884302));
#418 = CARTESIAN_POINT('',(62.53139541585,-17.88633876423,
    83.473119878126));
#419 = CARTESIAN_POINT('',(34.98,-10.0056,167.5));
#420 = CARTESIAN_POINT('',(31.8,9.096,-167.5));
#421 = CARTESIAN_POINT('',(67.882563429416,19.41697474698,
    -89.27249727004));
#422 = CARTESIAN_POINT('',(45.343615159028,12.969985015299,
    3.532654884302));
#423 = CARTESIAN_POINT('',(62.53139541585,17.886338764232,
    83.473119878126));
#424 = CARTESIAN_POINT('',(34.98,10.0056,167.5));
#425 = DEFINITIONAL_REPRESENTATION('',(#426),#430);
#426 = LINE('',#427,#428);
#427 = CARTESIAN_POINT('',(0.,0.));
#428 = VECTOR('',#429,1.);
#429 = DIRECTION('',(1.,0.));
#430 = ( GEOMETRIC_REPRESENTATION_CONTEXT(2) 
PARAMETRIC_REPRESENTATION_CONTEXT() REPRESENTATION_CONTEXT('2D SPACE',''
  ) );
#431 = ORIENTED_EDGE('',*,*,#432,.T.);
#432 = EDGE_CURVE('',#401,#433,#435,.T.);
#433 = VERTEX_POINT('',#434);
#434 = CARTESIAN_POINT('',(28.8,0.,-167.5));
#435 = SURFACE_CURVE('',#436,(#440,#446),.PCURVE_S1.);
#436 = LINE('',#437,#438);
#437 = CARTESIAN_POINT('',(-64.448,0.,-167.5));
#438 = VECTOR('',#439,1.);
#439 = DIRECTION('',(-1.,0.,0.));
#440 = PCURVE('',#49,#441);
#441 = DEFINITIONAL_REPRESENTATION('',(#442),#445);
#442 = B_SPLINE_CURVE_WITH_KNOTS('',1,(#443,#444),.UNSPECIFIED.,.F.,.F.,
  (2,2),(-100.7540921456,-28.14190785432),.PIECEWISE_BEZIER_KNOTS.);
#443 = CARTESIAN_POINT('',(61.039705372815,-10.15096460565));
#444 = CARTESIAN_POINT('',(-4.026074478883,22.082148800469));
#445 = ( GEOMETRIC_REPRESENTATION_CONTEXT(2) 
PARAMETRIC_REPRESENTATION_CONTEXT() REPRESENTATION_CONTEXT('2D SPACE',''
  ) );
#446 = PCURVE('',#447,#452);
#447 = PLANE('',#448);
#448 = AXIS2_PLACEMENT_3D('',#449,#450,#451);
#449 = CARTESIAN_POINT('',(-106.,0.,-201.));
#450 = DIRECTION('',(0.,1.,0.));
#451 = DIRECTION('',(0.,0.,1.));
#452 = DEFINITIONAL_REPRESENTATION('',(#453),#456);
#453 = B_SPLINE_CURVE_WITH_KNOTS('',1,(#454,#455),.UNSPECIFIED.,.F.,.F.,
  (2,2),(-100.7540921456,-28.14190785432),.PIECEWISE_BEZIER_KNOTS.);
#454 = CARTESIAN_POINT('',(33.5,142.30609214567));
#455 = CARTESIAN_POINT('',(33.5,69.693907854322));
#456 = ( GEOMETRIC_REPRESENTATION_CONTEXT(2) 
PARAMETRIC_REPRESENTATION_CONTEXT() REPRESENTATION_CONTEXT('2D SPACE',''
  ) );
#457 = ORIENTED_EDGE('',*,*,#458,.F.);
#458 = EDGE_CURVE('',#459,#433,#461,.T.);
#459 = VERTEX_POINT('',#460);
#460 = CARTESIAN_POINT('',(28.8,-6.936,-167.5));
#461 = SURFACE_CURVE('',#462,(#465,#471),.PCURVE_S1.);
#462 = B_SPLINE_CURVE_WITH_KNOTS('',1,(#463,#464),.UNSPECIFIED.,.F.,.F.,
  (2,2),(2.,3.),.PIECEWISE_BEZIER_KNOTS.);
#463 = CARTESIAN_POINT('',(28.8,-6.936,-167.5));
#464 = CARTESIAN_POINT('',(28.8,6.936,-167.5));
#465 = PCURVE('',#49,#466);
#466 = DEFINITIONAL_REPRESENTATION('',(#467),#470);
#467 = B_SPLINE_CURVE_WITH_KNOTS('',1,(#468,#469),.UNSPECIFIED.,.F.,.F.,
  (2,2),(2.,3.),.PIECEWISE_BEZIER_KNOTS.);
#468 = CARTESIAN_POINT('',(51.234758439592,-13.03411061932));
#469 = CARTESIAN_POINT('',(57.392647140139,-0.603793215824));
#470 = ( GEOMETRIC_REPRESENTATION_CONTEXT(2) 
PARAMETRIC_REPRESENTATION_CONTEXT() REPRESENTATION_CONTEXT('2D SPACE',''
  ) );
#471 = PCURVE('',#472,#483);
#472 = ( BOUNDED_SURFACE() B_SPLINE_SURFACE(1,4,(
    (#473,#474,#475,#476,#477)
    ,(#478,#479,#480,#481,#482
)),.UNSPECIFIED.,.F.,.F.,.F.) B_SPLINE_SURFACE_WITH_KNOTS((2,2),(5,5),(
    2.,3.),(0.,1.),.PIECEWISE_BEZIER_KNOTS.) 
GEOMETRIC_REPRESENTATION_ITEM() RATIONAL_B_SPLINE_SURFACE((
    (1.,1.,1.,1.,1.)
,(1.,1.,1.,1.,1.))) REPRESENTATION_ITEM('') SURFACE() );
#473 = CARTESIAN_POINT('',(28.8,-6.936,-167.5));
#474 = CARTESIAN_POINT('',(64.882563429416,-17.25697474698,
    -89.27249727004));
#475 = CARTESIAN_POINT('',(42.343615159028,-10.80998501529,
    3.532654884302));
#476 = CARTESIAN_POINT('',(59.53139541585,-15.72633876423,
    83.473119878126));
#477 = CARTESIAN_POINT('',(31.98,-7.8456,167.5));
#478 = CARTESIAN_POINT('',(28.8,6.936,-167.5));
#479 = CARTESIAN_POINT('',(64.882563429416,17.25697474698,
    -89.27249727004));
#480 = CARTESIAN_POINT('',(42.343615159028,10.809985015299,
    3.532654884302));
#481 = CARTESIAN_POINT('',(59.53139541585,15.726338764232,
    83.473119878126));
#482 = CARTESIAN_POINT('',(31.98,7.8456,167.5));
#483 = DEFINITIONAL_REPRESENTATION('',(#484),#488);
#484 = LINE('',#485,#486);
#485 = CARTESIAN_POINT('',(0.,0.));
#486 = VECTOR('',#487,1.);
#487 = DIRECTION('',(1.,0.));
#488 = ( GEOMETRIC_REPRESENTATION_CONTEXT(2) 
PARAMETRIC_REPRESENTATION_CONTEXT() REPRESENTATION_CONTEXT('2D SPACE',''
  ) );
#489 = ORIENTED_EDGE('',*,*,#490,.F.);
#490 = EDGE_CURVE('',#491,#459,#493,.T.);
#491 = VERTEX_POINT('',#492);
#492 = CARTESIAN_POINT('',(20.736,-15.,-167.5));
#493 = SURFACE_CURVE('',#494,(#497,#503),.PCURVE_S1.);
#494 = B_SPLINE_CURVE_WITH_KNOTS('',1,(#495,#496),.UNSPECIFIED.,.F.,.F.,
  (2,2),(1.,2.),.PIECEWISE_BEZIER_KNOTS.);
#495 = CARTESIAN_POINT('',(20.736,-15.,-167.5));
#496 = CARTESIAN_POINT('',(28.8,-6.936,-167.5));
#497 = PCURVE('',#49,#498);
#498 = DEFINITIONAL_REPRESENTATION('',(#499),#502);
#499 = B_SPLINE_CURVE_WITH_KNOTS('',1,(#500,#501),.UNSPECIFIED.,.F.,.F.,
  (2,2),(1.,2.),.PIECEWISE_BEZIER_KNOTS.);
#500 = CARTESIAN_POINT('',(40.429157659386,-16.68036675113));
#501 = CARTESIAN_POINT('',(51.234758439592,-13.03411061932));
#502 = ( GEOMETRIC_REPRESENTATION_CONTEXT(2) 
PARAMETRIC_REPRESENTATION_CONTEXT() REPRESENTATION_CONTEXT('2D SPACE',''
  ) );
#503 = PCURVE('',#504,#515);
#504 = ( BOUNDED_SURFACE() B_SPLINE_SURFACE(1,4,(
    (#505,#506,#507,#508,#509)
    ,(#510,#511,#512,#513,#514
)),.UNSPECIFIED.,.F.,.F.,.F.) B_SPLINE_SURFACE_WITH_KNOTS((2,2),(5,5),(
    1.,2.),(0.,1.),.PIECEWISE_BEZIER_KNOTS.) 
GEOMETRIC_REPRESENTATION_ITEM() RATIONAL_B_SPLINE_SURFACE((
    (1.,1.,1.,1.,1.)
,(1.,1.,1.,1.,1.))) REPRESENTATION_ITEM('') SURFACE() );
#505 = CARTESIAN_POINT('',(20.736,-15.,-167.5));
#506 = CARTESIAN_POINT('',(46.715445669179,-35.42409250721,
    -89.27249727004));
#507 = CARTESIAN_POINT('',(30.4874029145,-22.66619725982,3.532654884302)
  );
#508 = CARTESIAN_POINT('',(42.862604699412,-32.39512948067,
    83.473119878126));
#509 = CARTESIAN_POINT('',(23.0256,-16.8,167.5));
#510 = CARTESIAN_POINT('',(28.8,-6.936,-167.5));
#511 = CARTESIAN_POINT('',(64.882563429416,-17.25697474698,
    -89.27249727004));
#512 = CARTESIAN_POINT('',(42.343615159028,-10.80998501529,
    3.532654884302));
#513 = CARTESIAN_POINT('',(59.53139541585,-15.72633876423,
    83.473119878126));
#514 = CARTESIAN_POINT('',(31.98,-7.8456,167.5));
#515 = DEFINITIONAL_REPRESENTATION('',(#516),#520);
#516 = LINE('',#517,#518);
#517 = CARTESIAN_POINT('',(0.,0.));
#518 = VECTOR('',#519,1.);
#519 = DIRECTION('',(1.,0.));
#520 = ( GEOMETRIC_REPRESENTATION_CONTEXT(2) 
PARAMETRIC_REPRESENTATION_CONTEXT() REPRESENTATION_CONTEXT('2D SPACE',''
  ) );
#521 = ORIENTED_EDGE('',*,*,#522,.F.);
#522 = EDGE_CURVE('',#523,#491,#525,.T.);
#523 = VERTEX_POINT('',#524);
#524 = CARTESIAN_POINT('',(-20.736,-15.,-167.5));
#525 = SURFACE_CURVE('',#526,(#529,#535),.PCURVE_S1.);
#526 = B_SPLINE_CURVE_WITH_KNOTS('',1,(#527,#528),.UNSPECIFIED.,.F.,.F.,
  (2,2),(0.,1.),.PIECEWISE_BEZIER_KNOTS.);
#527 = CARTESIAN_POINT('',(-20.736,-15.,-167.5));
#528 = CARTESIAN_POINT('',(20.736,-15.,-167.5));
#529 = PCURVE('',#49,#530);
#530 = DEFINITIONAL_REPRESENTATION('',(#531),#534);
#531 = B_SPLINE_CURVE_WITH_KNOTS('',1,(#532,#533),.UNSPECIFIED.,.F.,.F.,
  (2,2),(0.,1.),.PIECEWISE_BEZIER_KNOTS.);
#532 = CARTESIAN_POINT('',(3.267239885611,1.729376630429));
#533 = CARTESIAN_POINT('',(40.429157659386,-16.68036675113));
#534 = ( GEOMETRIC_REPRESENTATION_CONTEXT(2) 
PARAMETRIC_REPRESENTATION_CONTEXT() REPRESENTATION_CONTEXT('2D SPACE',''
  ) );
#535 = PCURVE('',#536,#547);
#536 = ( BOUNDED_SURFACE() B_SPLINE_SURFACE(1,4,(
    (#537,#538,#539,#540,#541)
    ,(#542,#543,#544,#545,#546
)),.UNSPECIFIED.,.F.,.F.,.F.) B_SPLINE_SURFACE_WITH_KNOTS((2,2),(5,5),(
    0.,1.),(0.,1.),.PIECEWISE_BEZIER_KNOTS.) 
GEOMETRIC_REPRESENTATION_ITEM() RATIONAL_B_SPLINE_SURFACE((
    (1.,1.,1.,1.,1.)
,(1.,1.,1.,1.,1.))) REPRESENTATION_ITEM('') SURFACE() );
#537 = CARTESIAN_POINT('',(-20.736,-15.,-167.5));
#538 = CARTESIAN_POINT('',(-46.71544566917,-35.42409250721,
    -89.27249727004));
#539 = CARTESIAN_POINT('',(-30.4874029145,-22.66619725982,3.532654884302
    ));
#540 = CARTESIAN_POINT('',(-42.86260469941,-32.39512948067,
    83.473119878126));
#541 = CARTESIAN_POINT('',(-23.0256,-16.8,167.5));
#542 = CARTESIAN_POINT('',(20.736,-15.,-167.5));
#543 = CARTESIAN_POINT('',(46.715445669179,-35.42409250721,
    -89.27249727004));
#544 = CARTESIAN_POINT('',(30.4874029145,-22.66619725982,3.532654884302)
  );
#545 = CARTESIAN_POINT('',(42.862604699412,-32.39512948067,
    83.473119878126));
#546 = CARTESIAN_POINT('',(23.0256,-16.8,167.5));
#547 = DEFINITIONAL_REPRESENTATION('',(#548),#552);
#548 = LINE('',#549,#550);
#549 = CARTESIAN_POINT('',(0.,0.));
#550 = VECTOR('',#551,1.);
#551 = DIRECTION('',(1.,0.));
#552 = ( GEOMETRIC_REPRESENTATION_CONTEXT(2) 
PARAMETRIC_REPRESENTATION_CONTEXT() REPRESENTATION_CONTEXT('2D SPACE',''
  ) );
#553 = ORIENTED_EDGE('',*,*,#554,.F.);
#554 = EDGE_CURVE('',#555,#523,#557,.T.);
#555 = VERTEX_POINT('',#556);
#556 = CARTESIAN_POINT('',(-28.8,-6.936,-167.5));
#557 = SURFACE_CURVE('',#558,(#561,#567),.PCURVE_S1.);
#558 = B_SPLINE_CURVE_WITH_KNOTS('',1,(#559,#560),.UNSPECIFIED.,.F.,.F.,
  (2,2),(7.,8.),.PIECEWISE_BEZIER_KNOTS.);
#559 = CARTESIAN_POINT('',(-28.8,-6.936,-167.5));
#560 = CARTESIAN_POINT('',(-20.736,-15.,-167.5));
#561 = PCURVE('',#49,#562);
#562 = DEFINITIONAL_REPRESENTATION('',(#563),#566);
#563 = B_SPLINE_CURVE_WITH_KNOTS('',1,(#564,#565),.UNSPECIFIED.,.F.,.F.,
  (2,2),(7.,8.),.PIECEWISE_BEZIER_KNOTS.);
#564 = CARTESIAN_POINT('',(-0.379016246207,12.534977410634));
#565 = CARTESIAN_POINT('',(3.267239885611,1.729376630429));
#566 = ( GEOMETRIC_REPRESENTATION_CONTEXT(2) 
PARAMETRIC_REPRESENTATION_CONTEXT() REPRESENTATION_CONTEXT('2D SPACE',''
  ) );
#567 = PCURVE('',#568,#579);
#568 = ( BOUNDED_SURFACE() B_SPLINE_SURFACE(1,4,(
    (#569,#570,#571,#572,#573)
    ,(#574,#575,#576,#577,#578
)),.UNSPECIFIED.,.F.,.F.,.F.) B_SPLINE_SURFACE_WITH_KNOTS((2,2),(5,5),(
    7.,8.),(0.,1.),.PIECEWISE_BEZIER_KNOTS.) 
GEOMETRIC_REPRESENTATION_ITEM() RATIONAL_B_SPLINE_SURFACE((
    (1.,1.,1.,1.,1.)
,(1.,1.,1.,1.,1.))) REPRESENTATION_ITEM('') SURFACE() );
#569 = CARTESIAN_POINT('',(-28.8,-6.936,-167.5));
#570 = CARTESIAN_POINT('',(-64.88256342941,-17.25697474698,
    -89.27249727004));
#571 = CARTESIAN_POINT('',(-42.34361515902,-10.80998501529,
    3.532654884302));
#572 = CARTESIAN_POINT('',(-59.53139541585,-15.72633876423,
    83.473119878126));
#573 = CARTESIAN_POINT('',(-31.98,-7.8456,167.5));
#574 = CARTESIAN_POINT('',(-20.736,-15.,-167.5));
#575 = CARTESIAN_POINT('',(-46.71544566917,-35.42409250721,
    -89.27249727004));
#576 = CARTESIAN_POINT('',(-30.4874029145,-22.66619725982,3.532654884302
    ));
#577 = CARTESIAN_POINT('',(-42.86260469941,-32.39512948067,
    83.473119878126));
#578 = CARTESIAN_POINT('',(-23.0256,-16.8,167.5));
#579 = DEFINITIONAL_REPRESENTATION('',(#580),#584);
#580 = LINE('',#581,#582);
#581 = CARTESIAN_POINT('',(0.,0.));
#582 = VECTOR('',#583,1.);
#583 = DIRECTION('',(1.,0.));
#584 = ( GEOMETRIC_REPRESENTATION_CONTEXT(2) 
PARAMETRIC_REPRESENTATION_CONTEXT() REPRESENTATION_CONTEXT('2D SPACE',''
  ) );
#585 = ORIENTED_EDGE('',*,*,#586,.F.);
#586 = EDGE_CURVE('',#587,#555,#589,.T.);
#587 = VERTEX_POINT('',#588);
#588 = CARTESIAN_POINT('',(-28.8,0.,-167.5));
#589 = SURFACE_CURVE('',#590,(#593,#599),.PCURVE_S1.);
#590 = B_SPLINE_CURVE_WITH_KNOTS('',1,(#591,#592),.UNSPECIFIED.,.F.,.F.,
  (2,2),(6.,7.),.PIECEWISE_BEZIER_KNOTS.);
#591 = CARTESIAN_POINT('',(-28.8,6.936,-167.5));
#592 = CARTESIAN_POINT('',(-28.8,-6.936,-167.5));
#593 = PCURVE('',#49,#594);
#594 = DEFINITIONAL_REPRESENTATION('',(#595),#598);
#595 = B_SPLINE_CURVE_WITH_KNOTS('',1,(#596,#597),.UNSPECIFIED.,.F.,.F.,
  (2,2),(6.,7.),.PIECEWISE_BEZIER_KNOTS.);
#596 = CARTESIAN_POINT('',(5.77887245434,24.965294814131));
#597 = CARTESIAN_POINT('',(-0.379016246207,12.534977410634));
#598 = ( GEOMETRIC_REPRESENTATION_CONTEXT(2) 
PARAMETRIC_REPRESENTATION_CONTEXT() REPRESENTATION_CONTEXT('2D SPACE',''
  ) );
#599 = PCURVE('',#600,#611);
#600 = ( BOUNDED_SURFACE() B_SPLINE_SURFACE(1,4,(
    (#601,#602,#603,#604,#605)
    ,(#606,#607,#608,#609,#610
)),.UNSPECIFIED.,.F.,.F.,.F.) B_SPLINE_SURFACE_WITH_KNOTS((2,2),(5,5),(
    6.,7.),(0.,1.),.PIECEWISE_BEZIER_KNOTS.) 
GEOMETRIC_REPRESENTATION_ITEM() RATIONAL_B_SPLINE_SURFACE((
    (1.,1.,1.,1.,1.)
,(1.,1.,1.,1.,1.))) REPRESENTATION_ITEM('') SURFACE() );
#601 = CARTESIAN_POINT('',(-28.8,6.936,-167.5));
#602 = CARTESIAN_POINT('',(-64.88256342941,17.25697474698,
    -89.27249727004));
#603 = CARTESIAN_POINT('',(-42.34361515902,10.809985015299,
    3.532654884302));
#604 = CARTESIAN_POINT('',(-59.53139541585,15.726338764232,
    83.473119878126));
#605 = CARTESIAN_POINT('',(-31.98,7.8456,167.5));
#606 = CARTESIAN_POINT('',(-28.8,-6.936,-167.5));
#607 = CARTESIAN_POINT('',(-64.88256342941,-17.25697474698,
    -89.27249727004));
#608 = CARTESIAN_POINT('',(-42.34361515902,-10.80998501529,
    3.532654884302));
#609 = CARTESIAN_POINT('',(-59.53139541585,-15.72633876423,
    83.473119878126));
#610 = CARTESIAN_POINT('',(-31.98,-7.8456,167.5));
#611 = DEFINITIONAL_REPRESENTATION('',(#612),#616);
#612 = LINE('',#613,#614);
#613 = CARTESIAN_POINT('',(0.,0.));
#614 = VECTOR('',#615,1.);
#615 = DIRECTION('',(1.,0.));
#616 = ( GEOMETRIC_REPRESENTATION_CONTEXT(2) 
PARAMETRIC_REPRESENTATION_CONTEXT() REPRESENTATION_CONTEXT('2D SPACE',''
  ) );
#617 = ORIENTED_EDGE('',*,*,#618,.T.);
#618 = EDGE_CURVE('',#587,#619,#621,.T.);
#619 = VERTEX_POINT('',#620);
#620 = CARTESIAN_POINT('',(-31.8,0.,-167.5));
#621 = SURFACE_CURVE('',#622,(#626,#632),.PCURVE_S1.);
#622 = LINE('',#623,#624);
#623 = CARTESIAN_POINT('',(-64.448,0.,-167.5));
#624 = VECTOR('',#625,1.);
#625 = DIRECTION('',(-1.,0.,0.));
#626 = PCURVE('',#49,#627);
#627 = DEFINITIONAL_REPRESENTATION('',(#628),#631);
#628 = B_SPLINE_CURVE_WITH_KNOTS('',1,(#629,#630),.UNSPECIFIED.,.F.,.F.,
  (2,2),(-100.7540921456,-28.14190785432),.PIECEWISE_BEZIER_KNOTS.);
#629 = CARTESIAN_POINT('',(61.039705372815,-10.15096460565));
#630 = CARTESIAN_POINT('',(-4.026074478883,22.082148800469));
#631 = ( GEOMETRIC_REPRESENTATION_CONTEXT(2) 
PARAMETRIC_REPRESENTATION_CONTEXT() REPRESENTATION_CONTEXT('2D SPACE',''
  ) );
#632 = PCURVE('',#633,#638);
#633 = PLANE('',#634);
#634 = AXIS2_PLACEMENT_3D('',#635,#636,#637);
#635 = CARTESIAN_POINT('',(-106.,0.,-201.));
#636 = DIRECTION('',(0.,1.,0.));
#637 = DIRECTION('',(0.,0.,1.));
#638 = DEFINITIONAL_REPRESENTATION('',(#639),#642);
#639 = B_SPLINE_CURVE_WITH_KNOTS('',1,(#640,#641),.UNSPECIFIED.,.F.,.F.,
  (2,2),(-100.7540921456,-28.14190785432),.PIECEWISE_BEZIER_KNOTS.);
#640 = CARTESIAN_POINT('',(33.5,142.30609214567));
#641 = CARTESIAN_POINT('',(33.5,69.693907854322));
#642 = ( GEOMETRIC_REPRESENTATION_CONTEXT(2) 
PARAMETRIC_REPRESENTATION_CONTEXT() REPRESENTATION_CONTEXT('2D SPACE',''
  ) );
#643 = ORIENTED_EDGE('',*,*,#644,.T.);
#644 = EDGE_CURVE('',#619,#358,#645,.T.);
#645 = SURFACE_CURVE('',#646,(#649,#655),.PCURVE_S1.);
#646 = B_SPLINE_CURVE_WITH_KNOTS('',1,(#647,#648),.UNSPECIFIED.,.F.,.F.,
  (2,2),(6.,7.),.PIECEWISE_BEZIER_KNOTS.);
#647 = CARTESIAN_POINT('',(-31.8,9.096,-167.5));
#648 = CARTESIAN_POINT('',(-31.8,-9.096,-167.5));
#649 = PCURVE('',#49,#650);
#650 = DEFINITIONAL_REPRESENTATION('',(#651),#654);
#651 = B_SPLINE_CURVE_WITH_KNOTS('',1,(#652,#653),.UNSPECIFIED.,.F.,.F.,
  (2,2),(6.,7.),.PIECEWISE_BEZIER_KNOTS.);
#652 = CARTESIAN_POINT('',(4.049495823911,28.232534699742));
#653 = CARTESIAN_POINT('',(-4.026074478883,11.93118419481));
#654 = ( GEOMETRIC_REPRESENTATION_CONTEXT(2) 
PARAMETRIC_REPRESENTATION_CONTEXT() REPRESENTATION_CONTEXT('2D SPACE',''
  ) );
#655 = PCURVE('',#656,#667);
#656 = ( BOUNDED_SURFACE() B_SPLINE_SURFACE(1,4,(
    (#657,#658,#659,#660,#661)
    ,(#662,#663,#664,#665,#666
)),.UNSPECIFIED.,.F.,.F.,.F.) B_SPLINE_SURFACE_WITH_KNOTS((2,2),(5,5),(
    6.,7.),(0.,1.),.PIECEWISE_BEZIER_KNOTS.) 
GEOMETRIC_REPRESENTATION_ITEM() RATIONAL_B_SPLINE_SURFACE((
    (1.,1.,1.,1.,1.)
,(1.,1.,1.,1.,1.))) REPRESENTATION_ITEM('') SURFACE() );
#657 = CARTESIAN_POINT('',(-31.8,9.096,-167.5));
#658 = CARTESIAN_POINT('',(-67.88256342941,19.41697474698,
    -89.27249727004));
#659 = CARTESIAN_POINT('',(-45.34361515902,12.969985015299,
    3.532654884302));
#660 = CARTESIAN_POINT('',(-62.53139541585,17.886338764232,
    83.473119878126));
#661 = CARTESIAN_POINT('',(-34.98,10.0056,167.5));
#662 = CARTESIAN_POINT('',(-31.8,-9.096,-167.5));
#663 = CARTESIAN_POINT('',(-67.88256342941,-19.41697474698,
    -89.27249727004));
#664 = CARTESIAN_POINT('',(-45.34361515902,-12.96998501529,
    3.532654884302));
#665 = CARTESIAN_POINT('',(-62.53139541585,-17.88633876423,
    83.473119878126));
#666 = CARTESIAN_POINT('',(-34.98,-10.0056,167.5));
#667 = DEFINITIONAL_REPRESENTATION('',(#668),#672);
#668 = LINE('',#669,#670);
#669 = CARTESIAN_POINT('',(0.,0.));
#670 = VECTOR('',#671,1.);
#671 = DIRECTION('',(1.,0.));
#672 = ( GEOMETRIC_REPRESENTATION_CONTEXT(2) 
PARAMETRIC_REPRESENTATION_CONTEXT() REPRESENTATION_CONTEXT('2D SPACE',''
  ) );
#673 = ADVANCED_FACE('',(#674),#138,.T.);
#674 = FACE_BOUND('',#675,.T.);
#675 = EDGE_LOOP('',(#676,#677,#678,#699));
#676 = ORIENTED_EDGE('',*,*,#357,.T.);
#677 = ORIENTED_EDGE('',*,*,#122,.T.);
#678 = ORIENTED_EDGE('',*,*,#679,.F.);
#679 = EDGE_CURVE('',#680,#97,#682,.T.);
#680 = VERTEX_POINT('',#681);
#681 = CARTESIAN_POINT('',(-34.98,-10.0056,167.5));
#682 = SURFACE_CURVE('',#683,(#686,#693),.PCURVE_S1.);
#683 = B_SPLINE_CURVE_WITH_KNOTS('',1,(#684,#685),.UNSPECIFIED.,.F.,.F.,
  (2,2),(7.,8.),.PIECEWISE_BEZIER_KNOTS.);
#684 = CARTESIAN_POINT('',(-34.98,-10.0056,167.5));
#685 = CARTESIAN_POINT('',(-25.1856,-19.8,167.5));
#686 = PCURVE('',#138,#687);
#687 = DEFINITIONAL_REPRESENTATION('',(#688),#692);
#688 = LINE('',#689,#690);
#689 = CARTESIAN_POINT('',(0.,1.));
#690 = VECTOR('',#691,1.);
#691 = DIRECTION('',(1.,0.));
#692 = ( GEOMETRIC_REPRESENTATION_CONTEXT(2) 
PARAMETRIC_REPRESENTATION_CONTEXT() REPRESENTATION_CONTEXT('2D SPACE',''
  ) );
#693 = PCURVE('',#111,#694);
#694 = DEFINITIONAL_REPRESENTATION('',(#695),#698);
#695 = B_SPLINE_CURVE_WITH_KNOTS('',1,(#696,#697),.UNSPECIFIED.,.F.,.F.,
  (2,2),(7.,8.),.PIECEWISE_BEZIER_KNOTS.);
#696 = CARTESIAN_POINT('',(-4.428681926771,13.124302614291));
#697 = CARTESIAN_POINT('',(0.,0.));
#698 = ( GEOMETRIC_REPRESENTATION_CONTEXT(2) 
PARAMETRIC_REPRESENTATION_CONTEXT() REPRESENTATION_CONTEXT('2D SPACE',''
  ) );
#699 = ORIENTED_EDGE('',*,*,#700,.F.);
#700 = EDGE_CURVE('',#358,#680,#701,.T.);
#701 = SURFACE_CURVE('',#702,(#708,#715),.PCURVE_S1.);
#702 = ( BOUNDED_CURVE() B_SPLINE_CURVE(4,(#703,#704,#705,#706,#707),
.UNSPECIFIED.,.F.,.F.) B_SPLINE_CURVE_WITH_KNOTS((5,5),(0.,1.),
.PIECEWISE_BEZIER_KNOTS.) CURVE() GEOMETRIC_REPRESENTATION_ITEM() 
RATIONAL_B_SPLINE_CURVE((1.,1.,1.,1.,1.)) REPRESENTATION_ITEM('') );
#703 = CARTESIAN_POINT('',(-31.8,-9.096,-167.5));
#704 = CARTESIAN_POINT('',(-67.88256342941,-19.41697474698,
    -89.27249727004));
#705 = CARTESIAN_POINT('',(-45.34361515902,-12.96998501529,
    3.532654884302));
#706 = CARTESIAN_POINT('',(-62.53139541585,-17.88633876423,
    83.473119878126));
#707 = CARTESIAN_POINT('',(-34.98,-10.0056,167.5));
#708 = PCURVE('',#138,#709);
#709 = DEFINITIONAL_REPRESENTATION('',(#710),#714);
#710 = LINE('',#711,#712);
#711 = CARTESIAN_POINT('',(7.,0.));
#712 = VECTOR('',#713,1.);
#713 = DIRECTION('',(0.,1.));
#714 = ( GEOMETRIC_REPRESENTATION_CONTEXT(2) 
PARAMETRIC_REPRESENTATION_CONTEXT() REPRESENTATION_CONTEXT('2D SPACE',''
  ) );
#715 = PCURVE('',#656,#716);
#716 = DEFINITIONAL_REPRESENTATION('',(#717),#721);
#717 = LINE('',#718,#719);
#718 = CARTESIAN_POINT('',(7.,0.));
#719 = VECTOR('',#720,1.);
#720 = DIRECTION('',(0.,1.));
#721 = ( GEOMETRIC_REPRESENTATION_CONTEXT(2) 
PARAMETRIC_REPRESENTATION_CONTEXT() REPRESENTATION_CONTEXT('2D SPACE',''
  ) );
#722 = ADVANCED_FACE('',(#723),#78,.T.);
#723 = FACE_BOUND('',#724,.T.);
#724 = EDGE_LOOP('',(#725,#726,#751,#770));
#725 = ORIENTED_EDGE('',*,*,#379,.T.);
#726 = ORIENTED_EDGE('',*,*,#727,.T.);
#727 = EDGE_CURVE('',#380,#728,#730,.T.);
#728 = VERTEX_POINT('',#729);
#729 = CARTESIAN_POINT('',(34.98,-10.0056,167.5));
#730 = SURFACE_CURVE('',#731,(#737,#744),.PCURVE_S1.);
#731 = ( BOUNDED_CURVE() B_SPLINE_CURVE(4,(#732,#733,#734,#735,#736),
.UNSPECIFIED.,.F.,.F.) B_SPLINE_CURVE_WITH_KNOTS((5,5),(0.,1.),
.PIECEWISE_BEZIER_KNOTS.) CURVE() GEOMETRIC_REPRESENTATION_ITEM() 
RATIONAL_B_SPLINE_CURVE((1.,1.,1.,1.,1.)) REPRESENTATION_ITEM('') );
#732 = CARTESIAN_POINT('',(31.8,-9.096,-167.5));
#733 = CARTESIAN_POINT('',(67.882563429416,-19.41697474698,
    -89.27249727004));
#734 = CARTESIAN_POINT('',(45.343615159028,-12.96998501529,
    3.532654884302));
#735 = CARTESIAN_POINT('',(62.53139541585,-17.88633876423,
    83.473119878126));
#736 = CARTESIAN_POINT('',(34.98,-10.0056,167.5));
#737 = PCURVE('',#78,#738);
#738 = DEFINITIONAL_REPRESENTATION('',(#739),#743);
#739 = LINE('',#740,#741);
#740 = CARTESIAN_POINT('',(2.,0.));
#741 = VECTOR('',#742,1.);
#742 = DIRECTION('',(0.,1.));
#743 = ( GEOMETRIC_REPRESENTATION_CONTEXT(2) 
PARAMETRIC_REPRESENTATION_CONTEXT() REPRESENTATION_CONTEXT('2D SPACE',''
  ) );
#744 = PCURVE('',#414,#745);
#745 = DEFINITIONAL_REPRESENTATION('',(#746),#750);
#746 = LINE('',#747,#748);
#747 = CARTESIAN_POINT('',(2.,0.));
#748 = VECTOR('',#749,1.);
#749 = DIRECTION('',(0.,1.));
#750 = ( GEOMETRIC_REPRESENTATION_CONTEXT(2) 
PARAMETRIC_REPRESENTATION_CONTEXT() REPRESENTATION_CONTEXT('2D SPACE',''
  ) );
#751 = ORIENTED_EDGE('',*,*,#752,.F.);
#752 = EDGE_CURVE('',#61,#728,#753,.T.);
#753 = SURFACE_CURVE('',#754,(#757,#764),.PCURVE_S1.);
#754 = B_SPLINE_CURVE_WITH_KNOTS('',1,(#755,#756),.UNSPECIFIED.,.F.,.F.,
  (2,2),(1.,2.),.PIECEWISE_BEZIER_KNOTS.);
#755 = CARTESIAN_POINT('',(25.1856,-19.8,167.5));
#756 = CARTESIAN_POINT('',(34.98,-10.0056,167.5));
#757 = PCURVE('',#78,#758);
#758 = DEFINITIONAL_REPRESENTATION('',(#759),#763);
#759 = LINE('',#760,#761);
#760 = CARTESIAN_POINT('',(0.,1.));
#761 = VECTOR('',#762,1.);
#762 = DIRECTION('',(1.,0.));
#763 = ( GEOMETRIC_REPRESENTATION_CONTEXT(2) 
PARAMETRIC_REPRESENTATION_CONTEXT() REPRESENTATION_CONTEXT('2D SPACE',''
  ) );
#764 = PCURVE('',#111,#765);
#765 = DEFINITIONAL_REPRESENTATION('',(#766),#769);
#766 = B_SPLINE_CURVE_WITH_KNOTS('',1,(#767,#768),.UNSPECIFIED.,.F.,.F.,
  (2,2),(1.,2.),.PIECEWISE_BEZIER_KNOTS.);
#767 = CARTESIAN_POINT('',(45.136245962731,-22.36016748219));
#768 = CARTESIAN_POINT('',(58.260548577022,-17.93148555542));
#769 = ( GEOMETRIC_REPRESENTATION_CONTEXT(2) 
PARAMETRIC_REPRESENTATION_CONTEXT() REPRESENTATION_CONTEXT('2D SPACE',''
  ) );
#770 = ORIENTED_EDGE('',*,*,#60,.F.);
#771 = ADVANCED_FACE('',(#772),#111,.T.);
#772 = FACE_BOUND('',#773,.T.);
#773 = EDGE_LOOP('',(#774,#775,#776,#777,#798,#819,#840,#861,#882,#903,
    #924,#945));
#774 = ORIENTED_EDGE('',*,*,#679,.T.);
#775 = ORIENTED_EDGE('',*,*,#96,.T.);
#776 = ORIENTED_EDGE('',*,*,#752,.T.);
#777 = ORIENTED_EDGE('',*,*,#778,.T.);
#778 = EDGE_CURVE('',#728,#779,#781,.T.);
#779 = VERTEX_POINT('',#780);
#780 = CARTESIAN_POINT('',(34.98,0.,167.5));
#781 = SURFACE_CURVE('',#782,(#785,#791),.PCURVE_S1.);
#782 = B_SPLINE_CURVE_WITH_KNOTS('',1,(#783,#784),.UNSPECIFIED.,.F.,.F.,
  (2,2),(2.,3.),.PIECEWISE_BEZIER_KNOTS.);
#783 = CARTESIAN_POINT('',(34.98,-10.0056,167.5));
#784 = CARTESIAN_POINT('',(34.98,10.0056,167.5));
#785 = PCURVE('',#111,#786);
#786 = DEFINITIONAL_REPRESENTATION('',(#787),#790);
#787 = B_SPLINE_CURVE_WITH_KNOTS('',1,(#788,#789),.UNSPECIFIED.,.F.,.F.,
  (2,2),(2.,3.),.PIECEWISE_BEZIER_KNOTS.);
#788 = CARTESIAN_POINT('',(58.260548577022,-17.93148555542));
#789 = CARTESIAN_POINT('',(67.143675910096,8.881784197001E-16));
#790 = ( GEOMETRIC_REPRESENTATION_CONTEXT(2) 
PARAMETRIC_REPRESENTATION_CONTEXT() REPRESENTATION_CONTEXT('2D SPACE',''
  ) );
#791 = PCURVE('',#414,#792);
#792 = DEFINITIONAL_REPRESENTATION('',(#793),#797);
#793 = LINE('',#794,#795);
#794 = CARTESIAN_POINT('',(0.,1.));
#795 = VECTOR('',#796,1.);
#796 = DIRECTION('',(1.,0.));
#797 = ( GEOMETRIC_REPRESENTATION_CONTEXT(2) 
PARAMETRIC_REPRESENTATION_CONTEXT() REPRESENTATION_CONTEXT('2D SPACE',''
  ) );
#798 = ORIENTED_EDGE('',*,*,#799,.T.);
#799 = EDGE_CURVE('',#779,#800,#802,.T.);
#800 = VERTEX_POINT('',#801);
#801 = CARTESIAN_POINT('',(31.98,0.,167.5));
#802 = SURFACE_CURVE('',#803,(#807,#813),.PCURVE_S1.);
#803 = LINE('',#804,#805);
#804 = CARTESIAN_POINT('',(-65.5928,0.,167.5));
#805 = VECTOR('',#806,1.);
#806 = DIRECTION('',(-1.,0.,0.));
#807 = PCURVE('',#111,#808);
#808 = DEFINITIONAL_REPRESENTATION('',(#809),#812);
#809 = B_SPLINE_CURVE_WITH_KNOTS('',1,(#810,#811),.UNSPECIFIED.,.F.,.F.,
  (2,2),(-105.5295013602,-25.65609863975),.PIECEWISE_BEZIER_KNOTS.);
#810 = CARTESIAN_POINT('',(67.143675910096,-11.16606106622));
#811 = CARTESIAN_POINT('',(-4.428681926771,24.290363680516));
#812 = ( GEOMETRIC_REPRESENTATION_CONTEXT(2) 
PARAMETRIC_REPRESENTATION_CONTEXT() REPRESENTATION_CONTEXT('2D SPACE',''
  ) );
#813 = PCURVE('',#447,#814);
#814 = DEFINITIONAL_REPRESENTATION('',(#815),#818);
#815 = B_SPLINE_CURVE_WITH_KNOTS('',1,(#816,#817),.UNSPECIFIED.,.F.,.F.,
  (2,2),(-105.5295013602,-25.65609863975),.PIECEWISE_BEZIER_KNOTS.);
#816 = CARTESIAN_POINT('',(368.5,145.93670136024));
#817 = CARTESIAN_POINT('',(368.5,66.063298639754));
#818 = ( GEOMETRIC_REPRESENTATION_CONTEXT(2) 
PARAMETRIC_REPRESENTATION_CONTEXT() REPRESENTATION_CONTEXT('2D SPACE',''
  ) );
#819 = ORIENTED_EDGE('',*,*,#820,.F.);
#820 = EDGE_CURVE('',#821,#800,#823,.T.);
#821 = VERTEX_POINT('',#822);
#822 = CARTESIAN_POINT('',(31.98,-7.8456,167.5));
#823 = SURFACE_CURVE('',#824,(#827,#833),.PCURVE_S1.);
#824 = B_SPLINE_CURVE_WITH_KNOTS('',1,(#825,#826),.UNSPECIFIED.,.F.,.F.,
  (2,2),(2.,3.),.PIECEWISE_BEZIER_KNOTS.);
#825 = CARTESIAN_POINT('',(31.98,-7.8456,167.5));
#826 = CARTESIAN_POINT('',(31.98,7.8456,167.5));
#827 = PCURVE('',#111,#828);
#828 = DEFINITIONAL_REPRESENTATION('',(#829),#832);
#829 = B_SPLINE_CURVE_WITH_KNOTS('',1,(#830,#831),.UNSPECIFIED.,.F.,.F.,
  (2,2),(2.,3.),.PIECEWISE_BEZIER_KNOTS.);
#830 = CARTESIAN_POINT('',(56.531171946594,-14.66424566981));
#831 = CARTESIAN_POINT('',(63.496617677421,-0.603793215824));
#832 = ( GEOMETRIC_REPRESENTATION_CONTEXT(2) 
PARAMETRIC_REPRESENTATION_CONTEXT() REPRESENTATION_CONTEXT('2D SPACE',''
  ) );
#833 = PCURVE('',#472,#834);
#834 = DEFINITIONAL_REPRESENTATION('',(#835),#839);
#835 = LINE('',#836,#837);
#836 = CARTESIAN_POINT('',(0.,1.));
#837 = VECTOR('',#838,1.);
#838 = DIRECTION('',(1.,0.));
#839 = ( GEOMETRIC_REPRESENTATION_CONTEXT(2) 
PARAMETRIC_REPRESENTATION_CONTEXT() REPRESENTATION_CONTEXT('2D SPACE',''
  ) );
#840 = ORIENTED_EDGE('',*,*,#841,.F.);
#841 = EDGE_CURVE('',#842,#821,#844,.T.);
#842 = VERTEX_POINT('',#843);
#843 = CARTESIAN_POINT('',(23.0256,-16.8,167.5));
#844 = SURFACE_CURVE('',#845,(#848,#854),.PCURVE_S1.);
#845 = B_SPLINE_CURVE_WITH_KNOTS('',1,(#846,#847),.UNSPECIFIED.,.F.,.F.,
  (2,2),(1.,2.),.PIECEWISE_BEZIER_KNOTS.);
#846 = CARTESIAN_POINT('',(23.0256,-16.8,167.5));
#847 = CARTESIAN_POINT('',(31.98,-7.8456,167.5));
#848 = PCURVE('',#111,#849);
#849 = DEFINITIONAL_REPRESENTATION('',(#850),#853);
#850 = B_SPLINE_CURVE_WITH_KNOTS('',1,(#851,#852),.UNSPECIFIED.,.F.,.F.,
  (2,2),(1.,2.),.PIECEWISE_BEZIER_KNOTS.);
#851 = CARTESIAN_POINT('',(44.532452746907,-18.71310924952));
#852 = CARTESIAN_POINT('',(56.531171946594,-14.66424566981));
#853 = ( GEOMETRIC_REPRESENTATION_CONTEXT(2) 
PARAMETRIC_REPRESENTATION_CONTEXT() REPRESENTATION_CONTEXT('2D SPACE',''
  ) );
#854 = PCURVE('',#504,#855);
#855 = DEFINITIONAL_REPRESENTATION('',(#856),#860);
#856 = LINE('',#857,#858);
#857 = CARTESIAN_POINT('',(0.,1.));
#858 = VECTOR('',#859,1.);
#859 = DIRECTION('',(1.,0.));
#860 = ( GEOMETRIC_REPRESENTATION_CONTEXT(2) 
PARAMETRIC_REPRESENTATION_CONTEXT() REPRESENTATION_CONTEXT('2D SPACE',''
  ) );
#861 = ORIENTED_EDGE('',*,*,#862,.F.);
#862 = EDGE_CURVE('',#863,#842,#865,.T.);
#863 = VERTEX_POINT('',#864);
#864 = CARTESIAN_POINT('',(-23.0256,-16.8,167.5));
#865 = SURFACE_CURVE('',#866,(#869,#875),.PCURVE_S1.);
#866 = B_SPLINE_CURVE_WITH_KNOTS('',1,(#867,#868),.UNSPECIFIED.,.F.,.F.,
  (2,2),(0.,1.),.PIECEWISE_BEZIER_KNOTS.);
#867 = CARTESIAN_POINT('',(-23.0256,-16.8,167.5));
#868 = CARTESIAN_POINT('',(23.0256,-16.8,167.5));
#869 = PCURVE('',#111,#870);
#870 = DEFINITIONAL_REPRESENTATION('',(#871),#874);
#871 = B_SPLINE_CURVE_WITH_KNOTS('',1,(#872,#873),.UNSPECIFIED.,.F.,.F.,
  (2,2),(0.,1.),.PIECEWISE_BEZIER_KNOTS.);
#872 = CARTESIAN_POINT('',(3.267239885611,1.729376630429));
#873 = CARTESIAN_POINT('',(44.532452746907,-18.71310924952));
#874 = ( GEOMETRIC_REPRESENTATION_CONTEXT(2) 
PARAMETRIC_REPRESENTATION_CONTEXT() REPRESENTATION_CONTEXT('2D SPACE',''
  ) );
#875 = PCURVE('',#536,#876);
#876 = DEFINITIONAL_REPRESENTATION('',(#877),#881);
#877 = LINE('',#878,#879);
#878 = CARTESIAN_POINT('',(0.,1.));
#879 = VECTOR('',#880,1.);
#880 = DIRECTION('',(1.,0.));
#881 = ( GEOMETRIC_REPRESENTATION_CONTEXT(2) 
PARAMETRIC_REPRESENTATION_CONTEXT() REPRESENTATION_CONTEXT('2D SPACE',''
  ) );
#882 = ORIENTED_EDGE('',*,*,#883,.F.);
#883 = EDGE_CURVE('',#884,#863,#886,.T.);
#884 = VERTEX_POINT('',#885);
#885 = CARTESIAN_POINT('',(-31.98,-7.8456,167.5));
#886 = SURFACE_CURVE('',#887,(#890,#896),.PCURVE_S1.);
#887 = B_SPLINE_CURVE_WITH_KNOTS('',1,(#888,#889),.UNSPECIFIED.,.F.,.F.,
  (2,2),(7.,8.),.PIECEWISE_BEZIER_KNOTS.);
#888 = CARTESIAN_POINT('',(-31.98,-7.8456,167.5));
#889 = CARTESIAN_POINT('',(-23.0256,-16.8,167.5));
#890 = PCURVE('',#111,#891);
#891 = DEFINITIONAL_REPRESENTATION('',(#892),#895);
#892 = B_SPLINE_CURVE_WITH_KNOTS('',1,(#893,#894),.UNSPECIFIED.,.F.,.F.,
  (2,2),(7.,8.),.PIECEWISE_BEZIER_KNOTS.);
#893 = CARTESIAN_POINT('',(-0.781623694096,13.728095830115));
#894 = CARTESIAN_POINT('',(3.267239885611,1.729376630429));
#895 = ( GEOMETRIC_REPRESENTATION_CONTEXT(2) 
PARAMETRIC_REPRESENTATION_CONTEXT() REPRESENTATION_CONTEXT('2D SPACE',''
  ) );
#896 = PCURVE('',#568,#897);
#897 = DEFINITIONAL_REPRESENTATION('',(#898),#902);
#898 = LINE('',#899,#900);
#899 = CARTESIAN_POINT('',(0.,1.));
#900 = VECTOR('',#901,1.);
#901 = DIRECTION('',(1.,0.));
#902 = ( GEOMETRIC_REPRESENTATION_CONTEXT(2) 
PARAMETRIC_REPRESENTATION_CONTEXT() REPRESENTATION_CONTEXT('2D SPACE',''
  ) );
#903 = ORIENTED_EDGE('',*,*,#904,.F.);
#904 = EDGE_CURVE('',#905,#884,#907,.T.);
#905 = VERTEX_POINT('',#906);
#906 = CARTESIAN_POINT('',(-31.98,0.,167.5));
#907 = SURFACE_CURVE('',#908,(#911,#917),.PCURVE_S1.);
#908 = B_SPLINE_CURVE_WITH_KNOTS('',1,(#909,#910),.UNSPECIFIED.,.F.,.F.,
  (2,2),(6.,7.),.PIECEWISE_BEZIER_KNOTS.);
#909 = CARTESIAN_POINT('',(-31.98,7.8456,167.5));
#910 = CARTESIAN_POINT('',(-31.98,-7.8456,167.5));
#911 = PCURVE('',#111,#912);
#912 = DEFINITIONAL_REPRESENTATION('',(#913),#916);
#913 = B_SPLINE_CURVE_WITH_KNOTS('',1,(#914,#915),.UNSPECIFIED.,.F.,.F.,
  (2,2),(6.,7.),.PIECEWISE_BEZIER_KNOTS.);
#914 = CARTESIAN_POINT('',(6.183822036731,27.788548284105));
#915 = CARTESIAN_POINT('',(-0.781623694096,13.728095830115));
#916 = ( GEOMETRIC_REPRESENTATION_CONTEXT(2) 
PARAMETRIC_REPRESENTATION_CONTEXT() REPRESENTATION_CONTEXT('2D SPACE',''
  ) );
#917 = PCURVE('',#600,#918);
#918 = DEFINITIONAL_REPRESENTATION('',(#919),#923);
#919 = LINE('',#920,#921);
#920 = CARTESIAN_POINT('',(0.,1.));
#921 = VECTOR('',#922,1.);
#922 = DIRECTION('',(1.,0.));
#923 = ( GEOMETRIC_REPRESENTATION_CONTEXT(2) 
PARAMETRIC_REPRESENTATION_CONTEXT() REPRESENTATION_CONTEXT('2D SPACE',''
  ) );
#924 = ORIENTED_EDGE('',*,*,#925,.T.);
#925 = EDGE_CURVE('',#905,#926,#928,.T.);
#926 = VERTEX_POINT('',#927);
#927 = CARTESIAN_POINT('',(-34.98,0.,167.5));
#928 = SURFACE_CURVE('',#929,(#933,#939),.PCURVE_S1.);
#929 = LINE('',#930,#931);
#930 = CARTESIAN_POINT('',(-65.5928,0.,167.5));
#931 = VECTOR('',#932,1.);
#932 = DIRECTION('',(-1.,0.,0.));
#933 = PCURVE('',#111,#934);
#934 = DEFINITIONAL_REPRESENTATION('',(#935),#938);
#935 = B_SPLINE_CURVE_WITH_KNOTS('',1,(#936,#937),.UNSPECIFIED.,.F.,.F.,
  (2,2),(-105.5295013602,-25.65609863975),.PIECEWISE_BEZIER_KNOTS.);
#936 = CARTESIAN_POINT('',(67.143675910096,-11.16606106622));
#937 = CARTESIAN_POINT('',(-4.428681926771,24.290363680516));
#938 = ( GEOMETRIC_REPRESENTATION_CONTEXT(2) 
PARAMETRIC_REPRESENTATION_CONTEXT() REPRESENTATION_CONTEXT('2D SPACE',''
  ) );
#939 = PCURVE('',#633,#940);
#940 = DEFINITIONAL_REPRESENTATION('',(#941),#944);
#941 = B_SPLINE_CURVE_WITH_KNOTS('',1,(#942,#943),.UNSPECIFIED.,.F.,.F.,
  (2,2),(-105.5295013602,-25.65609863975),.PIECEWISE_BEZIER_KNOTS.);
#942 = CARTESIAN_POINT('',(368.5,145.93670136024));
#943 = CARTESIAN_POINT('',(368.5,66.063298639754));
#944 = ( GEOMETRIC_REPRESENTATION_CONTEXT(2) 
PARAMETRIC_REPRESENTATION_CONTEXT() REPRESENTATION_CONTEXT('2D SPACE',''
  ) );
#945 = ORIENTED_EDGE('',*,*,#946,.T.);
#946 = EDGE_CURVE('',#926,#680,#947,.T.);
#947 = SURFACE_CURVE('',#948,(#951,#957),.PCURVE_S1.);
#948 = B_SPLINE_CURVE_WITH_KNOTS('',1,(#949,#950),.UNSPECIFIED.,.F.,.F.,
  (2,2),(6.,7.),.PIECEWISE_BEZIER_KNOTS.);
#949 = CARTESIAN_POINT('',(-34.98,10.0056,167.5));
#950 = CARTESIAN_POINT('',(-34.98,-10.0056,167.5));
#951 = PCURVE('',#111,#952);
#952 = DEFINITIONAL_REPRESENTATION('',(#953),#956);
#953 = B_SPLINE_CURVE_WITH_KNOTS('',1,(#954,#955),.UNSPECIFIED.,.F.,.F.,
  (2,2),(6.,7.),.PIECEWISE_BEZIER_KNOTS.);
#954 = CARTESIAN_POINT('',(4.454445406303,31.055788169716));
#955 = CARTESIAN_POINT('',(-4.428681926771,13.124302614291));
#956 = ( GEOMETRIC_REPRESENTATION_CONTEXT(2) 
PARAMETRIC_REPRESENTATION_CONTEXT() REPRESENTATION_CONTEXT('2D SPACE',''
  ) );
#957 = PCURVE('',#656,#958);
#958 = DEFINITIONAL_REPRESENTATION('',(#959),#963);
#959 = LINE('',#960,#961);
#960 = CARTESIAN_POINT('',(0.,1.));
#961 = VECTOR('',#962,1.);
#962 = DIRECTION('',(1.,0.));
#963 = ( GEOMETRIC_REPRESENTATION_CONTEXT(2) 
PARAMETRIC_REPRESENTATION_CONTEXT() REPRESENTATION_CONTEXT('2D SPACE',''
  ) );
#964 = ADVANCED_FACE('',(#965),#198,.T.);
#965 = FACE_BOUND('',#966,.T.);
#966 = EDGE_LOOP('',(#967,#990,#991,#1014));
#967 = ORIENTED_EDGE('',*,*,#968,.F.);
#968 = EDGE_CURVE('',#159,#969,#971,.T.);
#969 = VERTEX_POINT('',#970);
#970 = CARTESIAN_POINT('',(-30.,-27.49413064123,-19.));
#971 = SURFACE_CURVE('',#972,(#976,#983),.PCURVE_S1.);
#972 = LINE('',#973,#974);
#973 = CARTESIAN_POINT('',(-30.,-142.,-19.));
#974 = VECTOR('',#975,1.);
#975 = DIRECTION('',(0.,1.,0.));
#976 = PCURVE('',#198,#977);
#977 = DEFINITIONAL_REPRESENTATION('',(#978),#982);
#978 = LINE('',#979,#980);
#979 = CARTESIAN_POINT('',(102.,0.));
#980 = VECTOR('',#981,1.);
#981 = DIRECTION('',(0.,-1.));
#982 = ( GEOMETRIC_REPRESENTATION_CONTEXT(2) 
PARAMETRIC_REPRESENTATION_CONTEXT() REPRESENTATION_CONTEXT('2D SPACE',''
  ) );
#983 = PCURVE('',#241,#984);
#984 = DEFINITIONAL_REPRESENTATION('',(#985),#989);
#985 = LINE('',#986,#987);
#986 = CARTESIAN_POINT('',(0.,0.));
#987 = VECTOR('',#988,1.);
#988 = DIRECTION('',(0.,1.));
#989 = ( GEOMETRIC_REPRESENTATION_CONTEXT(2) 
PARAMETRIC_REPRESENTATION_CONTEXT() REPRESENTATION_CONTEXT('2D SPACE',''
  ) );
#990 = ORIENTED_EDGE('',*,*,#158,.T.);
#991 = ORIENTED_EDGE('',*,*,#992,.T.);
#992 = EDGE_CURVE('',#161,#993,#995,.T.);
#993 = VERTEX_POINT('',#994);
#994 = CARTESIAN_POINT('',(-30.,-23.24917524581,-121.));
#995 = SURFACE_CURVE('',#996,(#1000,#1007),.PCURVE_S1.);
#996 = LINE('',#997,#998);
#997 = CARTESIAN_POINT('',(-30.,-142.,-121.));
#998 = VECTOR('',#999,1.);
#999 = DIRECTION('',(0.,1.,0.));
#1000 = PCURVE('',#198,#1001);
#1001 = DEFINITIONAL_REPRESENTATION('',(#1002),#1006);
#1002 = LINE('',#1003,#1004);
#1003 = CARTESIAN_POINT('',(0.,0.));
#1004 = VECTOR('',#1005,1.);
#1005 = DIRECTION('',(0.,-1.));
#1006 = ( GEOMETRIC_REPRESENTATION_CONTEXT(2) 
PARAMETRIC_REPRESENTATION_CONTEXT() REPRESENTATION_CONTEXT('2D SPACE',''
  ) );
#1007 = PCURVE('',#340,#1008);
#1008 = DEFINITIONAL_REPRESENTATION('',(#1009),#1013);
#1009 = LINE('',#1010,#1011);
#1010 = CARTESIAN_POINT('',(0.,0.));
#1011 = VECTOR('',#1012,1.);
#1012 = DIRECTION('',(0.,1.));
#1013 = ( GEOMETRIC_REPRESENTATION_CONTEXT(2) 
PARAMETRIC_REPRESENTATION_CONTEXT() REPRESENTATION_CONTEXT('2D SPACE',''
  ) );
#1014 = ORIENTED_EDGE('',*,*,#1015,.F.);
#1015 = EDGE_CURVE('',#969,#993,#1016,.T.);
#1016 = SURFACE_CURVE('',#1017,(#1032,#1050),.PCURVE_S1.);
#1017 = B_SPLINE_CURVE_WITH_KNOTS('',7,(#1018,#1019,#1020,#1021,#1022,
    #1023,#1024,#1025,#1026,#1027,#1028,#1029,#1030,#1031),
  .UNSPECIFIED.,.F.,.F.,(8,6,8),(0.,0.666033756069,1.),.UNSPECIFIED.);
#1018 = CARTESIAN_POINT('',(-30.,-27.49413064123,-19.));
#1019 = CARTESIAN_POINT('',(-30.,-27.48459647192,-28.71831547446));
#1020 = CARTESIAN_POINT('',(-30.,-27.4280999853,-38.43614885454));
#1021 = CARTESIAN_POINT('',(-30.,-27.31609630724,-48.15390032178));
#1022 = CARTESIAN_POINT('',(-30.,-27.13526223135,-57.87112653629));
#1023 = CARTESIAN_POINT('',(-30.,-26.8673608254,-67.58653464525));
#1024 = CARTESIAN_POINT('',(-30.,-26.4888025793,-77.29797166408));
#1025 = CARTESIAN_POINT('',(-30.,-25.70843642425,-91.86842693518));
#1026 = CARTESIAN_POINT('',(-30.,-25.41233102184,-96.73251091018));
#1027 = CARTESIAN_POINT('',(-30.,-25.07689369185,-101.5942109998));
#1028 = CARTESIAN_POINT('',(-30.,-24.69785465133,-106.4528552081));
#1029 = CARTESIAN_POINT('',(-30.,-24.27048101449,-111.3075243596));
#1030 = CARTESIAN_POINT('',(-30.,-23.78952772876,-116.1570481394));
#1031 = CARTESIAN_POINT('',(-30.,-23.24917524581,-121.));
#1032 = PCURVE('',#198,#1033);
#1033 = DEFINITIONAL_REPRESENTATION('',(#1034),#1049);
#1034 = B_SPLINE_CURVE_WITH_KNOTS('',7,(#1035,#1036,#1037,#1038,#1039,
    #1040,#1041,#1042,#1043,#1044,#1045,#1046,#1047,#1048),
  .UNSPECIFIED.,.F.,.F.,(8,6,8),(0.,0.666033756069,1.),.UNSPECIFIED.);
#1035 = CARTESIAN_POINT('',(102.,-114.5058693587));
#1036 = CARTESIAN_POINT('',(92.281684525533,-114.515403528));
#1037 = CARTESIAN_POINT('',(82.563851145453,-114.5719000146));
#1038 = CARTESIAN_POINT('',(72.846099678218,-114.6839036927));
#1039 = CARTESIAN_POINT('',(63.128873463709,-114.8647377686));
#1040 = CARTESIAN_POINT('',(53.41346535475,-115.1326391745));
#1041 = CARTESIAN_POINT('',(43.702028335915,-115.5111974206));
#1042 = CARTESIAN_POINT('',(29.131573064811,-116.2915635757));
#1043 = CARTESIAN_POINT('',(24.267489089816,-116.5876689781));
#1044 = CARTESIAN_POINT('',(19.405789000183,-116.9231063081));
#1045 = CARTESIAN_POINT('',(14.547144791814,-117.3021453486));
#1046 = CARTESIAN_POINT('',(9.69247564037,-117.7295189855));
#1047 = CARTESIAN_POINT('',(4.842951860593,-118.2104722712));
#1048 = CARTESIAN_POINT('',(0.,-118.7508247541));
#1049 = ( GEOMETRIC_REPRESENTATION_CONTEXT(2) 
PARAMETRIC_REPRESENTATION_CONTEXT() REPRESENTATION_CONTEXT('2D SPACE',''
  ) );
#1050 = PCURVE('',#536,#1051);
#1051 = DEFINITIONAL_REPRESENTATION('',(#1052),#1067);
#1052 = B_SPLINE_CURVE_WITH_KNOTS('',7,(#1053,#1054,#1055,#1056,#1057,
    #1058,#1059,#1060,#1061,#1062,#1063,#1064,#1065,#1066),
  .UNSPECIFIED.,.F.,.F.,(8,6,8),(0.,0.666033756069,1.),.UNSPECIFIED.);
#1053 = CARTESIAN_POINT('',(9.048320284754E-02,0.444609516369));
#1054 = CARTESIAN_POINT('',(9.034761456745E-02,0.416126459318));
#1055 = CARTESIAN_POINT('',(8.95443440126E-02,0.387679735808));
#1056 = CARTESIAN_POINT('',(8.794796169621E-02,0.35924755483));
#1057 = CARTESIAN_POINT('',(8.535988610506E-02,0.330805132698));
#1058 = CARTESIAN_POINT('',(8.145953315501E-02,0.302324450895));
#1059 = CARTESIAN_POINT('',(7.582306697932E-02,0.273773606332));
#1060 = CARTESIAN_POINT('',(6.344928715722E-02,0.230744454443));
#1061 = CARTESIAN_POINT('',(5.866170429599E-02,0.216347573314));
#1062 = CARTESIAN_POINT('',(5.311063108873E-02,0.201919453519));
#1063 = CARTESIAN_POINT('',(4.665414072698E-02,0.187455632369));
#1064 = CARTESIAN_POINT('',(3.911501617007E-02,0.172951779295));
#1065 = CARTESIAN_POINT('',(3.024806832671E-02,0.158403636638));
#1066 = CARTESIAN_POINT('',(1.96764680971E-02,0.143806948187));
#1067 = ( GEOMETRIC_REPRESENTATION_CONTEXT(2) 
PARAMETRIC_REPRESENTATION_CONTEXT() REPRESENTATION_CONTEXT('2D SPACE',''
  ) );
#1068 = ADVANCED_FACE('',(#1069),#340,.T.);
#1069 = FACE_BOUND('',#1070,.T.);
#1070 = EDGE_LOOP('',(#1071,#1072,#1073,#1096));
#1071 = ORIENTED_EDGE('',*,*,#992,.F.);
#1072 = ORIENTED_EDGE('',*,*,#322,.F.);
#1073 = ORIENTED_EDGE('',*,*,#1074,.T.);
#1074 = EDGE_CURVE('',#256,#1075,#1077,.T.);
#1075 = VERTEX_POINT('',#1076);
#1076 = CARTESIAN_POINT('',(30.,-23.24917524581,-121.));
#1077 = SURFACE_CURVE('',#1078,(#1082,#1089),.PCURVE_S1.);
#1078 = LINE('',#1079,#1080);
#1079 = CARTESIAN_POINT('',(30.,-142.,-121.));
#1080 = VECTOR('',#1081,1.);
#1081 = DIRECTION('',(0.,1.,0.));
#1082 = PCURVE('',#340,#1083);
#1083 = DEFINITIONAL_REPRESENTATION('',(#1084),#1088);
#1084 = LINE('',#1085,#1086);
#1085 = CARTESIAN_POINT('',(60.,0.));
#1086 = VECTOR('',#1087,1.);
#1087 = DIRECTION('',(0.,1.));
#1088 = ( GEOMETRIC_REPRESENTATION_CONTEXT(2) 
PARAMETRIC_REPRESENTATION_CONTEXT() REPRESENTATION_CONTEXT('2D SPACE',''
  ) );
#1089 = PCURVE('',#297,#1090);
#1090 = DEFINITIONAL_REPRESENTATION('',(#1091),#1095);
#1091 = LINE('',#1092,#1093);
#1092 = CARTESIAN_POINT('',(0.,0.));
#1093 = VECTOR('',#1094,1.);
#1094 = DIRECTION('',(0.,-1.));
#1095 = ( GEOMETRIC_REPRESENTATION_CONTEXT(2) 
PARAMETRIC_REPRESENTATION_CONTEXT() REPRESENTATION_CONTEXT('2D SPACE',''
  ) );
#1096 = ORIENTED_EDGE('',*,*,#1097,.T.);
#1097 = EDGE_CURVE('',#1075,#993,#1098,.T.);
#1098 = SURFACE_CURVE('',#1099,(#1105,#1114),.PCURVE_S1.);
#1099 = B_SPLINE_CURVE_WITH_KNOTS('',4,(#1100,#1101,#1102,#1103,#1104),
  .UNSPECIFIED.,.F.,.F.,(5,5),(0.,1.),.PIECEWISE_BEZIER_KNOTS.);
#1100 = CARTESIAN_POINT('',(30.,-23.24917524581,-121.));
#1101 = CARTESIAN_POINT('',(15.,-23.24917524581,-121.));
#1102 = CARTESIAN_POINT('',(-3.19744231092E-14,-23.24917524581,-121.));
#1103 = CARTESIAN_POINT('',(-15.,-23.24917524581,-121.));
#1104 = CARTESIAN_POINT('',(-30.,-23.24917524581,-121.));
#1105 = PCURVE('',#340,#1106);
#1106 = DEFINITIONAL_REPRESENTATION('',(#1107),#1113);
#1107 = B_SPLINE_CURVE_WITH_KNOTS('',4,(#1108,#1109,#1110,#1111,#1112),
  .UNSPECIFIED.,.F.,.F.,(5,5),(0.,1.),.PIECEWISE_BEZIER_KNOTS.);
#1108 = CARTESIAN_POINT('',(60.,118.75082475418));
#1109 = CARTESIAN_POINT('',(45.,118.75082475418));
#1110 = CARTESIAN_POINT('',(30.,118.75082475418));
#1111 = CARTESIAN_POINT('',(15.,118.75082475418));
#1112 = CARTESIAN_POINT('',(0.,118.75082475418));
#1113 = ( GEOMETRIC_REPRESENTATION_CONTEXT(2) 
PARAMETRIC_REPRESENTATION_CONTEXT() REPRESENTATION_CONTEXT('2D SPACE',''
  ) );
#1114 = PCURVE('',#536,#1115);
#1115 = DEFINITIONAL_REPRESENTATION('',(#1116),#1122);
#1116 = B_SPLINE_CURVE_WITH_KNOTS('',4,(#1117,#1118,#1119,#1120,#1121),
  .UNSPECIFIED.,.F.,.F.,(5,5),(0.,1.),.PIECEWISE_BEZIER_KNOTS.);
#1117 = CARTESIAN_POINT('',(0.980323531903,0.143806948187));
#1118 = CARTESIAN_POINT('',(0.740161765951,0.143806948187));
#1119 = CARTESIAN_POINT('',(0.5,0.143806948187));
#1120 = CARTESIAN_POINT('',(0.259838234049,0.143806948187));
#1121 = CARTESIAN_POINT('',(1.96764680971E-02,0.143806948187));
#1122 = ( GEOMETRIC_REPRESENTATION_CONTEXT(2) 
PARAMETRIC_REPRESENTATION_CONTEXT() REPRESENTATION_CONTEXT('2D SPACE',''
  ) );
#1123 = ADVANCED_FACE('',(#1124),#297,.F.);
#1124 = FACE_BOUND('',#1125,.F.);
#1125 = EDGE_LOOP('',(#1126,#1149,#1150,#1151));
#1126 = ORIENTED_EDGE('',*,*,#1127,.F.);
#1127 = EDGE_CURVE('',#222,#1128,#1130,.T.);
#1128 = VERTEX_POINT('',#1129);
#1129 = CARTESIAN_POINT('',(30.,-27.49413064123,-19.));
#1130 = SURFACE_CURVE('',#1131,(#1135,#1142),.PCURVE_S1.);
#1131 = LINE('',#1132,#1133);
#1132 = CARTESIAN_POINT('',(30.,-142.,-19.));
#1133 = VECTOR('',#1134,1.);
#1134 = DIRECTION('',(0.,1.,0.));
#1135 = PCURVE('',#297,#1136);
#1136 = DEFINITIONAL_REPRESENTATION('',(#1137),#1141);
#1137 = LINE('',#1138,#1139);
#1138 = CARTESIAN_POINT('',(102.,0.));
#1139 = VECTOR('',#1140,1.);
#1140 = DIRECTION('',(0.,-1.));
#1141 = ( GEOMETRIC_REPRESENTATION_CONTEXT(2) 
PARAMETRIC_REPRESENTATION_CONTEXT() REPRESENTATION_CONTEXT('2D SPACE',''
  ) );
#1142 = PCURVE('',#241,#1143);
#1143 = DEFINITIONAL_REPRESENTATION('',(#1144),#1148);
#1144 = LINE('',#1145,#1146);
#1145 = CARTESIAN_POINT('',(60.,0.));
#1146 = VECTOR('',#1147,1.);
#1147 = DIRECTION('',(0.,1.));
#1148 = ( GEOMETRIC_REPRESENTATION_CONTEXT(2) 
PARAMETRIC_REPRESENTATION_CONTEXT() REPRESENTATION_CONTEXT('2D SPACE',''
  ) );
#1149 = ORIENTED_EDGE('',*,*,#255,.F.);
#1150 = ORIENTED_EDGE('',*,*,#1074,.T.);
#1151 = ORIENTED_EDGE('',*,*,#1152,.T.);
#1152 = EDGE_CURVE('',#1075,#1128,#1153,.T.);
#1153 = SURFACE_CURVE('',#1154,(#1171,#1191),.PCURVE_S1.);
#1154 = B_SPLINE_CURVE_WITH_KNOTS('',8,(#1155,#1156,#1157,#1158,#1159,
    #1160,#1161,#1162,#1163,#1164,#1165,#1166,#1167,#1168,#1169,#1170),
  .UNSPECIFIED.,.F.,.F.,(9,7,9),(0.,0.679515134683,1.),.UNSPECIFIED.);
#1155 = CARTESIAN_POINT('',(30.,-23.24917524581,-121.));
#1156 = CARTESIAN_POINT('',(30.,-24.21120555302,-112.3777272923));
#1157 = CARTESIAN_POINT('',(30.,-24.98870092687,-103.735922131));
#1158 = CARTESIAN_POINT('',(30.,-25.61249675631,-95.08093902596));
#1159 = CARTESIAN_POINT('',(30.,-26.10824787269,-86.41769331601));
#1160 = CARTESIAN_POINT('',(30.,-26.49751052702,-77.74972443627));
#1161 = CARTESIAN_POINT('',(30.,-26.79830917334,-69.07922783755));
#1162 = CARTESIAN_POINT('',(30.,-27.02555134874,-60.40707953712));
#1163 = CARTESIAN_POINT('',(30.,-27.26941374431,-47.64175727198));
#1164 = CARTESIAN_POINT('',(30.,-27.3338762725,-43.55040899458));
#1165 = CARTESIAN_POINT('',(30.,-27.38590864924,-39.45887360218));
#1166 = CARTESIAN_POINT('',(30.,-27.42663048878,-35.36720834173));
#1167 = CARTESIAN_POINT('',(30.,-27.4570256205,-31.27545919286));
#1168 = CARTESIAN_POINT('',(30.,-27.47794641925,-27.18366091167));
#1169 = CARTESIAN_POINT('',(30.,-27.49011633778,-23.09183705713));
#1170 = CARTESIAN_POINT('',(30.,-27.49413064123,-19.));
#1171 = PCURVE('',#297,#1172);
#1172 = DEFINITIONAL_REPRESENTATION('',(#1173),#1190);
#1173 = B_SPLINE_CURVE_WITH_KNOTS('',8,(#1174,#1175,#1176,#1177,#1178,
    #1179,#1180,#1181,#1182,#1183,#1184,#1185,#1186,#1187,#1188,#1189),
  .UNSPECIFIED.,.F.,.F.,(9,7,9),(0.,0.679515134683,1.),.UNSPECIFIED.);
#1174 = CARTESIAN_POINT('',(0.,-118.7508247541));
#1175 = CARTESIAN_POINT('',(8.622272707662,-117.7887944469));
#1176 = CARTESIAN_POINT('',(17.264077868907,-117.0112990731));
#1177 = CARTESIAN_POINT('',(25.919060974034,-116.3875032436));
#1178 = CARTESIAN_POINT('',(34.582306683985,-115.8917521273));
#1179 = CARTESIAN_POINT('',(43.250275563726,-115.5024894729));
#1180 = CARTESIAN_POINT('',(51.920772162443,-115.2016908266));
#1181 = CARTESIAN_POINT('',(60.592920462877,-114.9744486512));
#1182 = CARTESIAN_POINT('',(73.358242728016,-114.7305862556));
#1183 = CARTESIAN_POINT('',(77.449591005417,-114.6661237275));
#1184 = CARTESIAN_POINT('',(81.541126397816,-114.6140913507));
#1185 = CARTESIAN_POINT('',(85.632791658264,-114.5733695112));
#1186 = CARTESIAN_POINT('',(89.724540807136,-114.5429743794));
#1187 = CARTESIAN_POINT('',(93.816339088325,-114.5220535807));
#1188 = CARTESIAN_POINT('',(97.908162942863,-114.5098836622));
#1189 = CARTESIAN_POINT('',(102.,-114.5058693587));
#1190 = ( GEOMETRIC_REPRESENTATION_CONTEXT(2) 
PARAMETRIC_REPRESENTATION_CONTEXT() REPRESENTATION_CONTEXT('2D SPACE',''
  ) );
#1191 = PCURVE('',#536,#1192);
#1192 = DEFINITIONAL_REPRESENTATION('',(#1193),#1210);
#1193 = B_SPLINE_CURVE_WITH_KNOTS('',8,(#1194,#1195,#1196,#1197,#1198,
    #1199,#1200,#1201,#1202,#1203,#1204,#1205,#1206,#1207,#1208,#1209),
  .UNSPECIFIED.,.F.,.F.,(9,7,9),(0.,0.679515134683,1.),.UNSPECIFIED.);
#1194 = CARTESIAN_POINT('',(0.980323531903,0.143806948187));
#1195 = CARTESIAN_POINT('',(0.961502114148,0.169794534287));
#1196 = CARTESIAN_POINT('',(0.947976030849,0.195628749983));
#1197 = CARTESIAN_POINT('',(0.937752045599,0.221335564835));
#1198 = CARTESIAN_POINT('',(0.930004281787,0.24693847437));
#1199 = CARTESIAN_POINT('',(0.924082815092,0.27245978108));
#1200 = CARTESIAN_POINT('',(0.919609963253,0.297921302405));
#1201 = CARTESIAN_POINT('',(0.916276753297,0.32334492143));
#1202 = CARTESIAN_POINT('',(0.912734593362,0.360736342109));
#1203 = CARTESIAN_POINT('',(0.911805373329,0.372715653101));
#1204 = CARTESIAN_POINT('',(0.911059392516,0.384692900163));
#1205 = CARTESIAN_POINT('',(0.910477745879,0.396669958468));
#1206 = CARTESIAN_POINT('',(0.910044658259,0.408648577417));
#1207 = CARTESIAN_POINT('',(0.90974697902,0.420630386728));
#1208 = CARTESIAN_POINT('',(0.909573885765,0.432616900092));
#1209 = CARTESIAN_POINT('',(0.909516797152,0.444609516369));
#1210 = ( GEOMETRIC_REPRESENTATION_CONTEXT(2) 
PARAMETRIC_REPRESENTATION_CONTEXT() REPRESENTATION_CONTEXT('2D SPACE',''
  ) );
#1211 = ADVANCED_FACE('',(#1212),#241,.F.);
#1212 = FACE_BOUND('',#1213,.F.);
#1213 = EDGE_LOOP('',(#1214,#1215,#1216,#1217));
#1214 = ORIENTED_EDGE('',*,*,#968,.F.);
#1215 = ORIENTED_EDGE('',*,*,#221,.F.);
#1216 = ORIENTED_EDGE('',*,*,#1127,.T.);
#1217 = ORIENTED_EDGE('',*,*,#1218,.T.);
#1218 = EDGE_CURVE('',#1128,#969,#1219,.T.);
#1219 = SURFACE_CURVE('',#1220,(#1226,#1235),.PCURVE_S1.);
#1220 = B_SPLINE_CURVE_WITH_KNOTS('',4,(#1221,#1222,#1223,#1224,#1225),
  .UNSPECIFIED.,.F.,.F.,(5,5),(0.,1.),.PIECEWISE_BEZIER_KNOTS.);
#1221 = CARTESIAN_POINT('',(30.,-27.49413064123,-19.));
#1222 = CARTESIAN_POINT('',(15.,-27.49413064123,-19.));
#1223 = CARTESIAN_POINT('',(3.37507799486E-13,-27.49413064123,-19.));
#1224 = CARTESIAN_POINT('',(-15.,-27.49413064123,-19.));
#1225 = CARTESIAN_POINT('',(-30.,-27.49413064123,-19.));
#1226 = PCURVE('',#241,#1227);
#1227 = DEFINITIONAL_REPRESENTATION('',(#1228),#1234);
#1228 = B_SPLINE_CURVE_WITH_KNOTS('',4,(#1229,#1230,#1231,#1232,#1233),
  .UNSPECIFIED.,.F.,.F.,(5,5),(0.,1.),.PIECEWISE_BEZIER_KNOTS.);
#1229 = CARTESIAN_POINT('',(60.,114.50586935876));
#1230 = CARTESIAN_POINT('',(45.,114.50586935876));
#1231 = CARTESIAN_POINT('',(30.,114.50586935876));
#1232 = CARTESIAN_POINT('',(15.,114.50586935876));
#1233 = CARTESIAN_POINT('',(0.,114.50586935876));
#1234 = ( GEOMETRIC_REPRESENTATION_CONTEXT(2) 
PARAMETRIC_REPRESENTATION_CONTEXT() REPRESENTATION_CONTEXT('2D SPACE',''
  ) );
#1235 = PCURVE('',#536,#1236);
#1236 = DEFINITIONAL_REPRESENTATION('',(#1237),#1243);
#1237 = B_SPLINE_CURVE_WITH_KNOTS('',4,(#1238,#1239,#1240,#1241,#1242),
  .UNSPECIFIED.,.F.,.F.,(5,5),(0.,1.),.PIECEWISE_BEZIER_KNOTS.);
#1238 = CARTESIAN_POINT('',(0.909516797152,0.444609516369));
#1239 = CARTESIAN_POINT('',(0.704758398576,0.444609516369));
#1240 = CARTESIAN_POINT('',(0.5,0.444609516369));
#1241 = CARTESIAN_POINT('',(0.295241601424,0.444609516369));
#1242 = CARTESIAN_POINT('',(9.048320284754E-02,0.444609516369));
#1243 = ( GEOMETRIC_REPRESENTATION_CONTEXT(2) 
PARAMETRIC_REPRESENTATION_CONTEXT() REPRESENTATION_CONTEXT('2D SPACE',''
  ) );
#1244 = ADVANCED_FACE('',(#1245),#656,.T.);
#1245 = FACE_BOUND('',#1246,.T.);
#1246 = EDGE_LOOP('',(#1247,#1391,#1392,#1393));
#1247 = ORIENTED_EDGE('',*,*,#1248,.F.);
#1248 = EDGE_CURVE('',#619,#926,#1249,.T.);
#1249 = SURFACE_CURVE('',#1250,(#1295,#1343),.PCURVE_S1.);
#1250 = B_SPLINE_CURVE_WITH_KNOTS('',8,(#1251,#1252,#1253,#1254,#1255,
    #1256,#1257,#1258,#1259,#1260,#1261,#1262,#1263,#1264,#1265,#1266,
    #1267,#1268,#1269,#1270,#1271,#1272,#1273,#1274,#1275,#1276,#1277,
    #1278,#1279,#1280,#1281,#1282,#1283,#1284,#1285,#1286,#1287,#1288,
    #1289,#1290,#1291,#1292,#1293,#1294),.UNSPECIFIED.,.F.,.F.,(9,7,7,7,
    7,7,9),(0.,0.134119097735,0.26802500929,0.478173333765,
    0.535286866547,0.783233406101,1.),.UNSPECIFIED.);
#1251 = CARTESIAN_POINT('',(-31.8,0.,-167.5));
#1252 = CARTESIAN_POINT('',(-34.18382167196,0.,-162.3318412377));
#1253 = CARTESIAN_POINT('',(-36.36593742616,0.,-157.0709750477));
#1254 = CARTESIAN_POINT('',(-38.35202866778,0.,-151.7310340366));
#1255 = CARTESIAN_POINT('',(-40.15110605605,0.,-146.3248919918));
#1256 = CARTESIAN_POINT('',(-41.7742933494,0.,-140.8642742238));
#1257 = CARTESIAN_POINT('',(-43.23382917106,0.,-135.359433134));
#1258 = CARTESIAN_POINT('',(-44.54231136748,0.,-129.8189000186));
#1259 = CARTESIAN_POINT('',(-46.88024630976,0.,-118.6886012245));
#1260 = CARTESIAN_POINT('',(-47.91006163509,0.,-113.0992959423));
#1261 = CARTESIAN_POINT('',(-48.81419041624,0.,-107.4875753571));
#1262 = CARTESIAN_POINT('',(-49.60476108591,0.,-101.8586790975));
#1263 = CARTESIAN_POINT('',(-50.29321148943,0.,-96.21687948731));
#1264 = CARTESIAN_POINT('',(-50.89013567787,0.,-90.56545948641));
#1265 = CARTESIAN_POINT('',(-51.40521569242,0.,-84.90670227991));
#1266 = CARTESIAN_POINT('',(-52.540821101,0.,-70.35167713572));
#1267 = CARTESIAN_POINT('',(-53.05423795502,0.,-61.44866184705));
#1268 = CARTESIAN_POINT('',(-53.42138440416,0.,-52.53776330378));
#1269 = CARTESIAN_POINT('',(-53.67005199141,0.,-43.6227318215));
#1270 = CARTESIAN_POINT('',(-53.82251140681,0.,-34.70616392958));
#1271 = CARTESIAN_POINT('',(-53.8958562656,0.,-25.7895129808));
#1272 = CARTESIAN_POINT('',(-53.90212244777,0.,-16.87309418372));
#1273 = CARTESIAN_POINT('',(-53.83359966662,0.,-5.53264679875));
#1274 = CARTESIAN_POINT('',(-53.81451421033,0.,-3.109234416083));
#1275 = CARTESIAN_POINT('',(-53.79112645155,0.,-0.685857293192));
#1276 = CARTESIAN_POINT('',(-53.76354855539,0.,1.737476864027));
#1277 = CARTESIAN_POINT('',(-53.73186493289,0.,4.160760517704));
#1278 = CARTESIAN_POINT('',(-53.69613224109,0.,6.583986297993));
#1279 = CARTESIAN_POINT('',(-53.65637938302,0.,9.00714700307));
#1280 = CARTESIAN_POINT('',(-53.42258100264,0.,21.949571440596));
#1281 = CARTESIAN_POINT('',(-53.15683381833,0.,32.466036980879));
#1282 = CARTESIAN_POINT('',(-52.81544198599,0.,42.981007873415));
#1283 = CARTESIAN_POINT('',(-52.38847303608,0.,53.494096871119));
#1284 = CARTESIAN_POINT('',(-51.85585859635,0.,64.003148404318));
#1285 = CARTESIAN_POINT('',(-51.18683855817,0.,74.504220936252));
#1286 = CARTESIAN_POINT('',(-50.34028824011,0.,84.991618511245));
#1287 = CARTESIAN_POINT('',(-48.32913042597,0.,104.6082674885));
#1288 = CARTESIAN_POINT('',(-47.21807984645,0.,113.74077427477));
#1289 = CARTESIAN_POINT('',(-45.9015957398,0.,122.84950362174));
#1290 = CARTESIAN_POINT('',(-44.343209141,0.,131.92330835621));
#1291 = CARTESIAN_POINT('',(-42.5044560643,0.,140.94635765073));
#1292 = CARTESIAN_POINT('',(-40.34857559375,0.,149.8988909401));
#1293 = CARTESIAN_POINT('',(-37.84629048453,0.,158.75832128271));
#1294 = CARTESIAN_POINT('',(-34.98,0.,167.5));
#1295 = PCURVE('',#656,#1296);
#1296 = DEFINITIONAL_REPRESENTATION('',(#1297),#1342);
#1297 = B_SPLINE_CURVE_WITH_KNOTS('',8,(#1298,#1299,#1300,#1301,#1302,
    #1303,#1304,#1305,#1306,#1307,#1308,#1309,#1310,#1311,#1312,#1313,
    #1314,#1315,#1316,#1317,#1318,#1319,#1320,#1321,#1322,#1323,#1324,
    #1325,#1326,#1327,#1328,#1329,#1330,#1331,#1332,#1333,#1334,#1335,
    #1336,#1337,#1338,#1339,#1340,#1341),.UNSPECIFIED.,.F.,.F.,(9,7,7,7,
    7,7,9),(0.,0.134119097735,0.26802500929,0.478173333765,
    0.535286866547,0.783233406101,1.),.UNSPECIFIED.);
#1298 = CARTESIAN_POINT('',(6.5,0.));
#1299 = CARTESIAN_POINT('',(6.5,1.651643789546E-02));
#1300 = CARTESIAN_POINT('',(6.5,3.315486047217E-02));
#1301 = CARTESIAN_POINT('',(6.5,4.98816444019E-02));
#1302 = CARTESIAN_POINT('',(6.5,6.666781661911E-02));
#1303 = CARTESIAN_POINT('',(6.5,8.348924758063E-02));
#1304 = CARTESIAN_POINT('',(6.5,0.100326828501));
#1305 = CARTESIAN_POINT('',(6.5,0.117166625052));
#1306 = CARTESIAN_POINT('',(6.5,0.150806617813));
#1307 = CARTESIAN_POINT('',(6.5,0.16760572152));
#1308 = CARTESIAN_POINT('',(6.5,0.184390097165));
#1309 = CARTESIAN_POINT('',(6.5,0.201154890286));
#1310 = CARTESIAN_POINT('',(6.5,0.217897515299));
#1311 = CARTESIAN_POINT('',(6.5,0.234617616844));
#1312 = CARTESIAN_POINT('',(6.5,0.251317069217));
#1313 = CARTESIAN_POINT('',(6.5,0.294181741423));
#1314 = CARTESIAN_POINT('',(6.5,0.320316559591));
#1315 = CARTESIAN_POINT('',(6.5,0.346420534058));
#1316 = CARTESIAN_POINT('',(6.5,0.372508863348));
#1317 = CARTESIAN_POINT('',(6.5,0.398596324377));
#1318 = CARTESIAN_POINT('',(6.5,0.424697557123));
#1319 = CARTESIAN_POINT('',(6.5,0.450827212324));
#1320 = CARTESIAN_POINT('',(6.5,0.484113168143));
#1321 = CARTESIAN_POINT('',(6.5,0.491229313989));
#1322 = CARTESIAN_POINT('',(6.5,0.49834866126));
#1323 = CARTESIAN_POINT('',(6.5,0.50547141583));
#1324 = CARTESIAN_POINT('',(6.5,0.51259776573));
#1325 = CARTESIAN_POINT('',(6.5,0.519727881142));
#1326 = CARTESIAN_POINT('',(6.5,0.526861914402));
#1327 = CARTESIAN_POINT('',(6.5,0.564988515975));
#1328 = CARTESIAN_POINT('',(6.5,0.596048949818));
#1329 = CARTESIAN_POINT('',(6.5,0.627197989853));
#1330 = CARTESIAN_POINT('',(6.5,0.658440534073));
#1331 = CARTESIAN_POINT('',(6.5,0.689769315639));
#1332 = CARTESIAN_POINT('',(6.5,0.721163828373));
#1333 = CARTESIAN_POINT('',(6.5,0.752589742389));
#1334 = CARTESIAN_POINT('',(6.5,0.811460333054));
#1335 = CARTESIAN_POINT('',(6.5,0.838903627888));
#1336 = CARTESIAN_POINT('',(6.5,0.866294919151));
#1337 = CARTESIAN_POINT('',(6.5,0.893579339251));
#1338 = CARTESIAN_POINT('',(6.5,0.920683634822));
#1339 = CARTESIAN_POINT('',(6.5,0.947519714354));
#1340 = CARTESIAN_POINT('',(6.5,0.973991421838));
#1341 = CARTESIAN_POINT('',(6.5,1.));
#1342 = ( GEOMETRIC_REPRESENTATION_CONTEXT(2) 
PARAMETRIC_REPRESENTATION_CONTEXT() REPRESENTATION_CONTEXT('2D SPACE',''
  ) );
#1343 = PCURVE('',#633,#1344);
#1344 = DEFINITIONAL_REPRESENTATION('',(#1345),#1390);
#1345 = B_SPLINE_CURVE_WITH_KNOTS('',8,(#1346,#1347,#1348,#1349,#1350,
    #1351,#1352,#1353,#1354,#1355,#1356,#1357,#1358,#1359,#1360,#1361,
    #1362,#1363,#1364,#1365,#1366,#1367,#1368,#1369,#1370,#1371,#1372,
    #1373,#1374,#1375,#1376,#1377,#1378,#1379,#1380,#1381,#1382,#1383,
    #1384,#1385,#1386,#1387,#1388,#1389),.UNSPECIFIED.,.F.,.F.,(9,7,7,7,
    7,7,9),(0.,0.134119097735,0.26802500929,0.478173333765,
    0.535286866547,0.783233406101,1.),.UNSPECIFIED.);
#1346 = CARTESIAN_POINT('',(33.5,74.2));
#1347 = CARTESIAN_POINT('',(38.668158762225,71.816178328036));
#1348 = CARTESIAN_POINT('',(43.929024952255,69.634062573831));
#1349 = CARTESIAN_POINT('',(49.268965963365,67.647971332216));
#1350 = CARTESIAN_POINT('',(54.675108008188,65.848893943942));
#1351 = CARTESIAN_POINT('',(60.135725776181,64.225706650599));
#1352 = CARTESIAN_POINT('',(65.640566865974,62.766170828936));
#1353 = CARTESIAN_POINT('',(71.181099981307,61.457688632513));
#1354 = CARTESIAN_POINT('',(82.311398775454,59.11975369024));
#1355 = CARTESIAN_POINT('',(87.900704057601,58.089938364904));
#1356 = CARTESIAN_POINT('',(93.512424642828,57.185809583759));
#1357 = CARTESIAN_POINT('',(99.141320902455,56.395238914086));
#1358 = CARTESIAN_POINT('',(104.78312051268,55.706788510561));
#1359 = CARTESIAN_POINT('',(110.43454051358,55.109864322124));
#1360 = CARTESIAN_POINT('',(116.09329772008,54.594784307572));
#1361 = CARTESIAN_POINT('',(130.64832286428,53.459178898996));
#1362 = CARTESIAN_POINT('',(139.55133815294,52.945762044974));
#1363 = CARTESIAN_POINT('',(148.46223669621,52.578615595835));
#1364 = CARTESIAN_POINT('',(157.37726817849,52.329948008583));
#1365 = CARTESIAN_POINT('',(166.29383607041,52.177488593183));
#1366 = CARTESIAN_POINT('',(175.2104870192,52.104143734394));
#1367 = CARTESIAN_POINT('',(184.12690581627,52.097877552224));
#1368 = CARTESIAN_POINT('',(195.46735320125,52.166400333371));
#1369 = CARTESIAN_POINT('',(197.89076558391,52.185485789669));
#1370 = CARTESIAN_POINT('',(200.3141427068,52.208873548442));
#1371 = CARTESIAN_POINT('',(202.73747686402,52.236451444609));
#1372 = CARTESIAN_POINT('',(205.1607605177,52.26813506711));
#1373 = CARTESIAN_POINT('',(207.58398629799,52.303867758905));
#1374 = CARTESIAN_POINT('',(210.00714700307,52.343620616978));
#1375 = CARTESIAN_POINT('',(222.94957144059,52.577418997355));
#1376 = CARTESIAN_POINT('',(233.46603698087,52.843166181663));
#1377 = CARTESIAN_POINT('',(243.98100787341,53.18455801401));
#1378 = CARTESIAN_POINT('',(254.49409687111,53.611526963915));
#1379 = CARTESIAN_POINT('',(265.00314840431,54.144141403647));
#1380 = CARTESIAN_POINT('',(275.50422093625,54.81316144183));
#1381 = CARTESIAN_POINT('',(285.99161851124,55.659711759884));
#1382 = CARTESIAN_POINT('',(305.6082674885,57.67086957403));
#1383 = CARTESIAN_POINT('',(314.74077427477,58.781920153546));
#1384 = CARTESIAN_POINT('',(323.84950362174,60.098404260195));
#1385 = CARTESIAN_POINT('',(332.92330835621,61.656790858996));
#1386 = CARTESIAN_POINT('',(341.94635765073,63.4955439357));
#1387 = CARTESIAN_POINT('',(350.8988909401,65.65142440625));
#1388 = CARTESIAN_POINT('',(359.75832128271,68.153709515468));
#1389 = CARTESIAN_POINT('',(368.5,71.02));
#1390 = ( GEOMETRIC_REPRESENTATION_CONTEXT(2) 
PARAMETRIC_REPRESENTATION_CONTEXT() REPRESENTATION_CONTEXT('2D SPACE',''
  ) );
#1391 = ORIENTED_EDGE('',*,*,#644,.T.);
#1392 = ORIENTED_EDGE('',*,*,#700,.T.);
#1393 = ORIENTED_EDGE('',*,*,#946,.F.);
#1394 = ADVANCED_FACE('',(#1395),#633,.T.);
#1395 = FACE_BOUND('',#1396,.T.);
#1396 = EDGE_LOOP('',(#1397,#1541,#1542,#1543));
#1397 = ORIENTED_EDGE('',*,*,#1398,.F.);
#1398 = EDGE_CURVE('',#587,#905,#1399,.T.);
#1399 = SURFACE_CURVE('',#1400,(#1445,#1493),.PCURVE_S1.);
#1400 = B_SPLINE_CURVE_WITH_KNOTS('',8,(#1401,#1402,#1403,#1404,#1405,
    #1406,#1407,#1408,#1409,#1410,#1411,#1412,#1413,#1414,#1415,#1416,
    #1417,#1418,#1419,#1420,#1421,#1422,#1423,#1424,#1425,#1426,#1427,
    #1428,#1429,#1430,#1431,#1432,#1433,#1434,#1435,#1436,#1437,#1438,
    #1439,#1440,#1441,#1442,#1443,#1444),.UNSPECIFIED.,.F.,.F.,(9,7,7,7,
    7,7,9),(0.,0.134119097735,0.268025009289,0.478173333764,
    0.535286866546,0.783233406101,1.),.UNSPECIFIED.);
#1401 = CARTESIAN_POINT('',(-28.8,0.,-167.5));
#1402 = CARTESIAN_POINT('',(-31.18382167196,0.,-162.3318412377));
#1403 = CARTESIAN_POINT('',(-33.36593742616,0.,-157.0709750477));
#1404 = CARTESIAN_POINT('',(-35.35202866778,0.,-151.7310340366));
#1405 = CARTESIAN_POINT('',(-37.15110605605,0.,-146.3248919918));
#1406 = CARTESIAN_POINT('',(-38.7742933494,0.,-140.8642742238));
#1407 = CARTESIAN_POINT('',(-40.23382917106,0.,-135.359433134));
#1408 = CARTESIAN_POINT('',(-41.54231136748,0.,-129.8189000186));
#1409 = CARTESIAN_POINT('',(-43.88024630975,0.,-118.6886012245));
#1410 = CARTESIAN_POINT('',(-44.9100616351,0.,-113.0992959423));
#1411 = CARTESIAN_POINT('',(-45.81419041623,0.,-107.4875753572));
#1412 = CARTESIAN_POINT('',(-46.60476108591,0.,-101.8586790975));
#1413 = CARTESIAN_POINT('',(-47.29321148944,0.,-96.21687948727));
#1414 = CARTESIAN_POINT('',(-47.89013567787,0.,-90.56545948646));
#1415 = CARTESIAN_POINT('',(-48.40521569242,0.,-84.9067022799));
#1416 = CARTESIAN_POINT('',(-49.540821101,0.,-70.35167713568));
#1417 = CARTESIAN_POINT('',(-50.05423795502,0.,-61.44866184715));
#1418 = CARTESIAN_POINT('',(-50.42138440416,0.,-52.53776330369));
#1419 = CARTESIAN_POINT('',(-50.67005199141,0.,-43.62273182148));
#1420 = CARTESIAN_POINT('',(-50.82251140681,0.,-34.70616392967));
#1421 = CARTESIAN_POINT('',(-50.8958562656,0.,-25.78951298073));
#1422 = CARTESIAN_POINT('',(-50.90212244777,0.,-16.87309418373));
#1423 = CARTESIAN_POINT('',(-50.83359966662,0.,-5.53264679875));
#1424 = CARTESIAN_POINT('',(-50.81451421033,0.,-3.109234416083));
#1425 = CARTESIAN_POINT('',(-50.79112645155,0.,-0.685857293192));
#1426 = CARTESIAN_POINT('',(-50.76354855539,0.,1.737476864027));
#1427 = CARTESIAN_POINT('',(-50.73186493289,0.,4.160760517704));
#1428 = CARTESIAN_POINT('',(-50.69613224109,0.,6.583986297993));
#1429 = CARTESIAN_POINT('',(-50.65637938302,0.,9.00714700307));
#1430 = CARTESIAN_POINT('',(-50.42258100264,0.,21.949571440634));
#1431 = CARTESIAN_POINT('',(-50.15683381834,0.,32.466036980763));
#1432 = CARTESIAN_POINT('',(-49.81544198598,0.,42.981007873534));
#1433 = CARTESIAN_POINT('',(-49.38847303608,0.,53.494096871133));
#1434 = CARTESIAN_POINT('',(-48.85585859635,0.,64.003148404198));
#1435 = CARTESIAN_POINT('',(-48.18683855816,0.,74.504220936337));
#1436 = CARTESIAN_POINT('',(-47.34028824011,0.,84.991618511226));
#1437 = CARTESIAN_POINT('',(-45.32913042597,0.,104.60826748848));
#1438 = CARTESIAN_POINT('',(-44.21807984644,0.,113.74077427483));
#1439 = CARTESIAN_POINT('',(-42.90159573979,0.,122.8495036217));
#1440 = CARTESIAN_POINT('',(-41.34320914104,0.,131.9233083561));
#1441 = CARTESIAN_POINT('',(-39.50445606423,0.,140.94635765096));
#1442 = CARTESIAN_POINT('',(-37.34857559379,0.,149.89889093993));
#1443 = CARTESIAN_POINT('',(-34.84629048451,0.,158.75832128276));
#1444 = CARTESIAN_POINT('',(-31.98,0.,167.5));
#1445 = PCURVE('',#633,#1446);
#1446 = DEFINITIONAL_REPRESENTATION('',(#1447),#1492);
#1447 = B_SPLINE_CURVE_WITH_KNOTS('',8,(#1448,#1449,#1450,#1451,#1452,
    #1453,#1454,#1455,#1456,#1457,#1458,#1459,#1460,#1461,#1462,#1463,
    #1464,#1465,#1466,#1467,#1468,#1469,#1470,#1471,#1472,#1473,#1474,
    #1475,#1476,#1477,#1478,#1479,#1480,#1481,#1482,#1483,#1484,#1485,
    #1486,#1487,#1488,#1489,#1490,#1491),.UNSPECIFIED.,.F.,.F.,(9,7,7,7,
    7,7,9),(0.,0.134119097735,0.268025009289,0.478173333764,
    0.535286866546,0.783233406101,1.),.UNSPECIFIED.);
#1448 = CARTESIAN_POINT('',(33.5,77.2));
#1449 = CARTESIAN_POINT('',(38.668158762225,74.816178328036));
#1450 = CARTESIAN_POINT('',(43.929024952253,72.634062573831));
#1451 = CARTESIAN_POINT('',(49.268965963372,70.647971332215));
#1452 = CARTESIAN_POINT('',(54.675108008185,68.848893943942));
#1453 = CARTESIAN_POINT('',(60.135725776175,67.2257066506));
#1454 = CARTESIAN_POINT('',(65.640566865983,65.766170828934));
#1455 = CARTESIAN_POINT('',(71.181099981303,64.457688632514));
#1456 = CARTESIAN_POINT('',(82.311398775441,62.119753690243));
#1457 = CARTESIAN_POINT('',(87.900704057643,61.089938364897));
#1458 = CARTESIAN_POINT('',(93.512424642781,60.185809583764));
#1459 = CARTESIAN_POINT('',(99.141320902457,59.395238914087));
#1460 = CARTESIAN_POINT('',(104.78312051272,58.706788510556));
#1461 = CARTESIAN_POINT('',(110.43454051353,58.109864322128));
#1462 = CARTESIAN_POINT('',(116.09329772009,57.594784307571));
#1463 = CARTESIAN_POINT('',(130.64832286431,56.459178898993));
#1464 = CARTESIAN_POINT('',(139.55133815284,55.945762044979));
#1465 = CARTESIAN_POINT('',(148.4622366963,55.578615595831));
#1466 = CARTESIAN_POINT('',(157.37726817851,55.329948008581));
#1467 = CARTESIAN_POINT('',(166.29383607032,55.177488593187));
#1468 = CARTESIAN_POINT('',(175.21048701926,55.104143734392));
#1469 = CARTESIAN_POINT('',(184.12690581626,55.097877552224));
#1470 = CARTESIAN_POINT('',(195.46735320125,55.166400333371));
#1471 = CARTESIAN_POINT('',(197.89076558391,55.185485789669));
#1472 = CARTESIAN_POINT('',(200.3141427068,55.208873548442));
#1473 = CARTESIAN_POINT('',(202.73747686402,55.236451444609));
#1474 = CARTESIAN_POINT('',(205.1607605177,55.26813506711));
#1475 = CARTESIAN_POINT('',(207.58398629799,55.303867758905));
#1476 = CARTESIAN_POINT('',(210.00714700307,55.343620616978));
#1477 = CARTESIAN_POINT('',(222.94957144063,55.577418997355));
#1478 = CARTESIAN_POINT('',(233.46603698076,55.843166181659));
#1479 = CARTESIAN_POINT('',(243.98100787353,56.184558014017));
#1480 = CARTESIAN_POINT('',(254.49409687113,56.611526963914));
#1481 = CARTESIAN_POINT('',(265.00314840419,57.144141403641));
#1482 = CARTESIAN_POINT('',(275.50422093633,57.813161441836));
#1483 = CARTESIAN_POINT('',(285.99161851122,58.659711759882));
#1484 = CARTESIAN_POINT('',(305.60826748848,60.670869574028));
#1485 = CARTESIAN_POINT('',(314.74077427483,61.781920153551));
#1486 = CARTESIAN_POINT('',(323.8495036217,63.098404260201));
#1487 = CARTESIAN_POINT('',(332.9233083561,64.656790858958));
#1488 = CARTESIAN_POINT('',(341.94635765096,66.495543935764));
#1489 = CARTESIAN_POINT('',(350.89889093993,68.651424406201));
#1490 = CARTESIAN_POINT('',(359.75832128276,71.153709515484));
#1491 = CARTESIAN_POINT('',(368.5,74.02));
#1492 = ( GEOMETRIC_REPRESENTATION_CONTEXT(2) 
PARAMETRIC_REPRESENTATION_CONTEXT() REPRESENTATION_CONTEXT('2D SPACE',''
  ) );
#1493 = PCURVE('',#600,#1494);
#1494 = DEFINITIONAL_REPRESENTATION('',(#1495),#1540);
#1495 = B_SPLINE_CURVE_WITH_KNOTS('',8,(#1496,#1497,#1498,#1499,#1500,
    #1501,#1502,#1503,#1504,#1505,#1506,#1507,#1508,#1509,#1510,#1511,
    #1512,#1513,#1514,#1515,#1516,#1517,#1518,#1519,#1520,#1521,#1522,
    #1523,#1524,#1525,#1526,#1527,#1528,#1529,#1530,#1531,#1532,#1533,
    #1534,#1535,#1536,#1537,#1538,#1539),.UNSPECIFIED.,.F.,.F.,(9,7,7,7,
    7,7,9),(0.,0.134119097735,0.268025009289,0.478173333764,
    0.535286866546,0.783233406101,1.),.UNSPECIFIED.);
#1496 = CARTESIAN_POINT('',(6.5,0.));
#1497 = CARTESIAN_POINT('',(6.5,1.651643789546E-02));
#1498 = CARTESIAN_POINT('',(6.5,3.315486047217E-02));
#1499 = CARTESIAN_POINT('',(6.5,4.988164440191E-02));
#1500 = CARTESIAN_POINT('',(6.5,6.66678166191E-02));
#1501 = CARTESIAN_POINT('',(6.5,8.348924758062E-02));
#1502 = CARTESIAN_POINT('',(6.5,0.100326828501));
#1503 = CARTESIAN_POINT('',(6.5,0.117166625052));
#1504 = CARTESIAN_POINT('',(6.5,0.150806617813));
#1505 = CARTESIAN_POINT('',(6.5,0.16760572152));
#1506 = CARTESIAN_POINT('',(6.5,0.184390097165));
#1507 = CARTESIAN_POINT('',(6.5,0.201154890286));
#1508 = CARTESIAN_POINT('',(6.5,0.217897515299));
#1509 = CARTESIAN_POINT('',(6.5,0.234617616844));
#1510 = CARTESIAN_POINT('',(6.5,0.251317069218));
#1511 = CARTESIAN_POINT('',(6.5,0.294181741423));
#1512 = CARTESIAN_POINT('',(6.5,0.320316559591));
#1513 = CARTESIAN_POINT('',(6.5,0.346420534058));
#1514 = CARTESIAN_POINT('',(6.5,0.372508863348));
#1515 = CARTESIAN_POINT('',(6.5,0.398596324377));
#1516 = CARTESIAN_POINT('',(6.5,0.424697557123));
#1517 = CARTESIAN_POINT('',(6.5,0.450827212324));
#1518 = CARTESIAN_POINT('',(6.5,0.484113168143));
#1519 = CARTESIAN_POINT('',(6.5,0.491229313989));
#1520 = CARTESIAN_POINT('',(6.5,0.49834866126));
#1521 = CARTESIAN_POINT('',(6.5,0.50547141583));
#1522 = CARTESIAN_POINT('',(6.5,0.51259776573));
#1523 = CARTESIAN_POINT('',(6.5,0.519727881142));
#1524 = CARTESIAN_POINT('',(6.5,0.526861914402));
#1525 = CARTESIAN_POINT('',(6.5,0.564988515975));
#1526 = CARTESIAN_POINT('',(6.5,0.596048949818));
#1527 = CARTESIAN_POINT('',(6.5,0.627197989854));
#1528 = CARTESIAN_POINT('',(6.5,0.658440534073));
#1529 = CARTESIAN_POINT('',(6.5,0.689769315638));
#1530 = CARTESIAN_POINT('',(6.5,0.721163828373));
#1531 = CARTESIAN_POINT('',(6.5,0.752589742389));
#1532 = CARTESIAN_POINT('',(6.5,0.811460333054));
#1533 = CARTESIAN_POINT('',(6.5,0.838903627888));
#1534 = CARTESIAN_POINT('',(6.5,0.866294919149));
#1535 = CARTESIAN_POINT('',(6.5,0.893579339253));
#1536 = CARTESIAN_POINT('',(6.5,0.920683634822));
#1537 = CARTESIAN_POINT('',(6.5,0.947519714354));
#1538 = CARTESIAN_POINT('',(6.5,0.973991421839));
#1539 = CARTESIAN_POINT('',(6.5,1.));
#1540 = ( GEOMETRIC_REPRESENTATION_CONTEXT(2) 
PARAMETRIC_REPRESENTATION_CONTEXT() REPRESENTATION_CONTEXT('2D SPACE',''
  ) );
#1541 = ORIENTED_EDGE('',*,*,#618,.T.);
#1542 = ORIENTED_EDGE('',*,*,#1248,.T.);
#1543 = ORIENTED_EDGE('',*,*,#925,.F.);
#1544 = ADVANCED_FACE('',(#1545),#600,.F.);
#1545 = FACE_BOUND('',#1546,.F.);
#1546 = EDGE_LOOP('',(#1547,#1548,#1549,#1572));
#1547 = ORIENTED_EDGE('',*,*,#1398,.F.);
#1548 = ORIENTED_EDGE('',*,*,#586,.T.);
#1549 = ORIENTED_EDGE('',*,*,#1550,.T.);
#1550 = EDGE_CURVE('',#555,#884,#1551,.T.);
#1551 = SURFACE_CURVE('',#1552,(#1558,#1565),.PCURVE_S1.);
#1552 = ( BOUNDED_CURVE() B_SPLINE_CURVE(4,(#1553,#1554,#1555,#1556,
#1557),.UNSPECIFIED.,.F.,.F.) B_SPLINE_CURVE_WITH_KNOTS((5,5),(0.,1.),
.PIECEWISE_BEZIER_KNOTS.) CURVE() GEOMETRIC_REPRESENTATION_ITEM() 
RATIONAL_B_SPLINE_CURVE((1.,1.,1.,1.,1.)) REPRESENTATION_ITEM('') );
#1553 = CARTESIAN_POINT('',(-28.8,-6.936,-167.5));
#1554 = CARTESIAN_POINT('',(-64.88256342941,-17.25697474698,
    -89.27249727004));
#1555 = CARTESIAN_POINT('',(-42.34361515902,-10.80998501529,
    3.532654884302));
#1556 = CARTESIAN_POINT('',(-59.53139541585,-15.72633876423,
    83.473119878126));
#1557 = CARTESIAN_POINT('',(-31.98,-7.8456,167.5));
#1558 = PCURVE('',#600,#1559);
#1559 = DEFINITIONAL_REPRESENTATION('',(#1560),#1564);
#1560 = LINE('',#1561,#1562);
#1561 = CARTESIAN_POINT('',(7.,0.));
#1562 = VECTOR('',#1563,1.);
#1563 = DIRECTION('',(0.,1.));
#1564 = ( GEOMETRIC_REPRESENTATION_CONTEXT(2) 
PARAMETRIC_REPRESENTATION_CONTEXT() REPRESENTATION_CONTEXT('2D SPACE',''
  ) );
#1565 = PCURVE('',#568,#1566);
#1566 = DEFINITIONAL_REPRESENTATION('',(#1567),#1571);
#1567 = LINE('',#1568,#1569);
#1568 = CARTESIAN_POINT('',(7.,0.));
#1569 = VECTOR('',#1570,1.);
#1570 = DIRECTION('',(0.,1.));
#1571 = ( GEOMETRIC_REPRESENTATION_CONTEXT(2) 
PARAMETRIC_REPRESENTATION_CONTEXT() REPRESENTATION_CONTEXT('2D SPACE',''
  ) );
#1572 = ORIENTED_EDGE('',*,*,#904,.F.);
#1573 = ADVANCED_FACE('',(#1574),#568,.F.);
#1574 = FACE_BOUND('',#1575,.F.);
#1575 = EDGE_LOOP('',(#1576,#1577,#1600,#1601));
#1576 = ORIENTED_EDGE('',*,*,#554,.T.);
#1577 = ORIENTED_EDGE('',*,*,#1578,.T.);
#1578 = EDGE_CURVE('',#523,#863,#1579,.T.);
#1579 = SURFACE_CURVE('',#1580,(#1586,#1593),.PCURVE_S1.);
#1580 = ( BOUNDED_CURVE() B_SPLINE_CURVE(4,(#1581,#1582,#1583,#1584,
#1585),.UNSPECIFIED.,.F.,.F.) B_SPLINE_CURVE_WITH_KNOTS((5,5),(0.,1.),
.PIECEWISE_BEZIER_KNOTS.) CURVE() GEOMETRIC_REPRESENTATION_ITEM() 
RATIONAL_B_SPLINE_CURVE((1.,1.,1.,1.,1.)) REPRESENTATION_ITEM('') );
#1581 = CARTESIAN_POINT('',(-20.736,-15.,-167.5));
#1582 = CARTESIAN_POINT('',(-46.71544566917,-35.42409250721,
    -89.27249727004));
#1583 = CARTESIAN_POINT('',(-30.4874029145,-22.66619725982,
    3.532654884302));
#1584 = CARTESIAN_POINT('',(-42.86260469941,-32.39512948067,
    83.473119878126));
#1585 = CARTESIAN_POINT('',(-23.0256,-16.8,167.5));
#1586 = PCURVE('',#568,#1587);
#1587 = DEFINITIONAL_REPRESENTATION('',(#1588),#1592);
#1588 = LINE('',#1589,#1590);
#1589 = CARTESIAN_POINT('',(8.,0.));
#1590 = VECTOR('',#1591,1.);
#1591 = DIRECTION('',(0.,1.));
#1592 = ( GEOMETRIC_REPRESENTATION_CONTEXT(2) 
PARAMETRIC_REPRESENTATION_CONTEXT() REPRESENTATION_CONTEXT('2D SPACE',''
  ) );
#1593 = PCURVE('',#536,#1594);
#1594 = DEFINITIONAL_REPRESENTATION('',(#1595),#1599);
#1595 = LINE('',#1596,#1597);
#1596 = CARTESIAN_POINT('',(0.,0.));
#1597 = VECTOR('',#1598,1.);
#1598 = DIRECTION('',(0.,1.));
#1599 = ( GEOMETRIC_REPRESENTATION_CONTEXT(2) 
PARAMETRIC_REPRESENTATION_CONTEXT() REPRESENTATION_CONTEXT('2D SPACE',''
  ) );
#1600 = ORIENTED_EDGE('',*,*,#883,.F.);
#1601 = ORIENTED_EDGE('',*,*,#1550,.F.);
#1602 = ADVANCED_FACE('',(#1603,#1631),#536,.F.);
#1603 = FACE_BOUND('',#1604,.F.);
#1604 = EDGE_LOOP('',(#1605,#1606,#1629,#1630));
#1605 = ORIENTED_EDGE('',*,*,#522,.T.);
#1606 = ORIENTED_EDGE('',*,*,#1607,.T.);
#1607 = EDGE_CURVE('',#491,#842,#1608,.T.);
#1608 = SURFACE_CURVE('',#1609,(#1615,#1622),.PCURVE_S1.);
#1609 = ( BOUNDED_CURVE() B_SPLINE_CURVE(4,(#1610,#1611,#1612,#1613,
#1614),.UNSPECIFIED.,.F.,.F.) B_SPLINE_CURVE_WITH_KNOTS((5,5),(0.,1.),
.PIECEWISE_BEZIER_KNOTS.) CURVE() GEOMETRIC_REPRESENTATION_ITEM() 
RATIONAL_B_SPLINE_CURVE((1.,1.,1.,1.,1.)) REPRESENTATION_ITEM('') );
#1610 = CARTESIAN_POINT('',(20.736,-15.,-167.5));
#1611 = CARTESIAN_POINT('',(46.715445669179,-35.42409250721,
    -89.27249727004));
#1612 = CARTESIAN_POINT('',(30.4874029145,-22.66619725982,3.532654884302
    ));
#1613 = CARTESIAN_POINT('',(42.862604699412,-32.39512948067,
    83.473119878126));
#1614 = CARTESIAN_POINT('',(23.0256,-16.8,167.5));
#1615 = PCURVE('',#536,#1616);
#1616 = DEFINITIONAL_REPRESENTATION('',(#1617),#1621);
#1617 = LINE('',#1618,#1619);
#1618 = CARTESIAN_POINT('',(1.,0.));
#1619 = VECTOR('',#1620,1.);
#1620 = DIRECTION('',(0.,1.));
#1621 = ( GEOMETRIC_REPRESENTATION_CONTEXT(2) 
PARAMETRIC_REPRESENTATION_CONTEXT() REPRESENTATION_CONTEXT('2D SPACE',''
  ) );
#1622 = PCURVE('',#504,#1623);
#1623 = DEFINITIONAL_REPRESENTATION('',(#1624),#1628);
#1624 = LINE('',#1625,#1626);
#1625 = CARTESIAN_POINT('',(1.,0.));
#1626 = VECTOR('',#1627,1.);
#1627 = DIRECTION('',(0.,1.));
#1628 = ( GEOMETRIC_REPRESENTATION_CONTEXT(2) 
PARAMETRIC_REPRESENTATION_CONTEXT() REPRESENTATION_CONTEXT('2D SPACE',''
  ) );
#1629 = ORIENTED_EDGE('',*,*,#862,.F.);
#1630 = ORIENTED_EDGE('',*,*,#1578,.F.);
#1631 = FACE_BOUND('',#1632,.F.);
#1632 = EDGE_LOOP('',(#1633,#1634,#1635,#1636));
#1633 = ORIENTED_EDGE('',*,*,#1015,.F.);
#1634 = ORIENTED_EDGE('',*,*,#1218,.F.);
#1635 = ORIENTED_EDGE('',*,*,#1152,.F.);
#1636 = ORIENTED_EDGE('',*,*,#1097,.T.);
#1637 = ADVANCED_FACE('',(#1638),#504,.F.);
#1638 = FACE_BOUND('',#1639,.F.);
#1639 = EDGE_LOOP('',(#1640,#1641,#1664,#1665));
#1640 = ORIENTED_EDGE('',*,*,#490,.T.);
#1641 = ORIENTED_EDGE('',*,*,#1642,.T.);
#1642 = EDGE_CURVE('',#459,#821,#1643,.T.);
#1643 = SURFACE_CURVE('',#1644,(#1650,#1657),.PCURVE_S1.);
#1644 = ( BOUNDED_CURVE() B_SPLINE_CURVE(4,(#1645,#1646,#1647,#1648,
#1649),.UNSPECIFIED.,.F.,.F.) B_SPLINE_CURVE_WITH_KNOTS((5,5),(0.,1.),
.PIECEWISE_BEZIER_KNOTS.) CURVE() GEOMETRIC_REPRESENTATION_ITEM() 
RATIONAL_B_SPLINE_CURVE((1.,1.,1.,1.,1.)) REPRESENTATION_ITEM('') );
#1645 = CARTESIAN_POINT('',(28.8,-6.936,-167.5));
#1646 = CARTESIAN_POINT('',(64.882563429416,-17.25697474698,
    -89.27249727004));
#1647 = CARTESIAN_POINT('',(42.343615159028,-10.80998501529,
    3.532654884302));
#1648 = CARTESIAN_POINT('',(59.53139541585,-15.72633876423,
    83.473119878126));
#1649 = CARTESIAN_POINT('',(31.98,-7.8456,167.5));
#1650 = PCURVE('',#504,#1651);
#1651 = DEFINITIONAL_REPRESENTATION('',(#1652),#1656);
#1652 = LINE('',#1653,#1654);
#1653 = CARTESIAN_POINT('',(2.,0.));
#1654 = VECTOR('',#1655,1.);
#1655 = DIRECTION('',(0.,1.));
#1656 = ( GEOMETRIC_REPRESENTATION_CONTEXT(2) 
PARAMETRIC_REPRESENTATION_CONTEXT() REPRESENTATION_CONTEXT('2D SPACE',''
  ) );
#1657 = PCURVE('',#472,#1658);
#1658 = DEFINITIONAL_REPRESENTATION('',(#1659),#1663);
#1659 = LINE('',#1660,#1661);
#1660 = CARTESIAN_POINT('',(2.,0.));
#1661 = VECTOR('',#1662,1.);
#1662 = DIRECTION('',(0.,1.));
#1663 = ( GEOMETRIC_REPRESENTATION_CONTEXT(2) 
PARAMETRIC_REPRESENTATION_CONTEXT() REPRESENTATION_CONTEXT('2D SPACE',''
  ) );
#1664 = ORIENTED_EDGE('',*,*,#841,.F.);
#1665 = ORIENTED_EDGE('',*,*,#1607,.F.);
#1666 = ADVANCED_FACE('',(#1667),#472,.F.);
#1667 = FACE_BOUND('',#1668,.F.);
#1668 = EDGE_LOOP('',(#1669,#1670,#1671,#1815));
#1669 = ORIENTED_EDGE('',*,*,#1642,.F.);
#1670 = ORIENTED_EDGE('',*,*,#458,.T.);
#1671 = ORIENTED_EDGE('',*,*,#1672,.T.);
#1672 = EDGE_CURVE('',#433,#800,#1673,.T.);
#1673 = SURFACE_CURVE('',#1674,(#1719,#1767),.PCURVE_S1.);
#1674 = B_SPLINE_CURVE_WITH_KNOTS('',8,(#1675,#1676,#1677,#1678,#1679,
    #1680,#1681,#1682,#1683,#1684,#1685,#1686,#1687,#1688,#1689,#1690,
    #1691,#1692,#1693,#1694,#1695,#1696,#1697,#1698,#1699,#1700,#1701,
    #1702,#1703,#1704,#1705,#1706,#1707,#1708,#1709,#1710,#1711,#1712,
    #1713,#1714,#1715,#1716,#1717,#1718),.UNSPECIFIED.,.F.,.F.,(9,7,7,7,
    7,7,9),(0.,0.134119097735,0.26802500929,0.478173333765,
    0.535286866548,0.783233406103,1.),.UNSPECIFIED.);
#1675 = CARTESIAN_POINT('',(28.8,0.,-167.5));
#1676 = CARTESIAN_POINT('',(31.183821671964,0.,-162.3318412377));
#1677 = CARTESIAN_POINT('',(33.365937426169,0.,-157.0709750477));
#1678 = CARTESIAN_POINT('',(35.352028667785,0.,-151.7310340366));
#1679 = CARTESIAN_POINT('',(37.151106056058,0.,-146.3248919918));
#1680 = CARTESIAN_POINT('',(38.7742933494,0.,-140.8642742238));
#1681 = CARTESIAN_POINT('',(40.233829171065,0.,-135.359433134));
#1682 = CARTESIAN_POINT('',(41.542311367487,0.,-129.8189000186));
#1683 = CARTESIAN_POINT('',(43.880246309758,0.,-118.6886012245));
#1684 = CARTESIAN_POINT('',(44.910061635101,0.,-113.0992959423));
#1685 = CARTESIAN_POINT('',(45.814190416237,0.,-107.4875753572));
#1686 = CARTESIAN_POINT('',(46.604761085913,0.,-101.8586790975));
#1687 = CARTESIAN_POINT('',(47.293211489443,0.,-96.21687948728));
#1688 = CARTESIAN_POINT('',(47.890135677873,0.,-90.56545948644));
#1689 = CARTESIAN_POINT('',(48.405215692429,0.,-84.9067022799));
#1690 = CARTESIAN_POINT('',(49.540821101004,0.,-70.35167713571));
#1691 = CARTESIAN_POINT('',(50.054237955026,0.,-61.44866184706));
#1692 = CARTESIAN_POINT('',(50.421384404165,0.,-52.53776330377));
#1693 = CARTESIAN_POINT('',(50.670051991417,0.,-43.6227318215));
#1694 = CARTESIAN_POINT('',(50.822511406817,0.,-34.70616392958));
#1695 = CARTESIAN_POINT('',(50.895856265606,0.,-25.78951298079));
#1696 = CARTESIAN_POINT('',(50.902122447776,0.,-16.87309418372));
#1697 = CARTESIAN_POINT('',(50.833599666629,0.,-5.53264679875));
#1698 = CARTESIAN_POINT('',(50.814514210331,0.,-3.109234416083));
#1699 = CARTESIAN_POINT('',(50.791126451558,0.,-0.685857293192));
#1700 = CARTESIAN_POINT('',(50.763548555391,0.,1.737476864027));
#1701 = CARTESIAN_POINT('',(50.73186493289,0.,4.160760517704));
#1702 = CARTESIAN_POINT('',(50.696132241095,0.,6.583986297993));
#1703 = CARTESIAN_POINT('',(50.656379383022,0.,9.00714700307));
#1704 = CARTESIAN_POINT('',(50.422581002645,0.,21.949571440616));
#1705 = CARTESIAN_POINT('',(50.156833818338,0.,32.466036980821));
#1706 = CARTESIAN_POINT('',(49.815441985988,0.,42.981007873472));
#1707 = CARTESIAN_POINT('',(49.388473036086,0.,53.49409687113));
#1708 = CARTESIAN_POINT('',(48.855858596354,0.,64.003148404262));
#1709 = CARTESIAN_POINT('',(48.186838558169,0.,74.504220936287));
#1710 = CARTESIAN_POINT('',(47.340288240117,0.,84.991618511239));
#1711 = CARTESIAN_POINT('',(45.329130425981,0.,104.6082674884));
#1712 = CARTESIAN_POINT('',(44.218079846404,0.,113.74077427514));
#1713 = CARTESIAN_POINT('',(42.901595739901,0.,122.84950362115));
#1714 = CARTESIAN_POINT('',(41.343209140919,0.,131.92330835666));
#1715 = CARTESIAN_POINT('',(39.504456064318,0.,140.94635765064));
#1716 = CARTESIAN_POINT('',(37.348575593772,0.,149.89889094002));
#1717 = CARTESIAN_POINT('',(34.846290484519,0.,158.75832128275));
#1718 = CARTESIAN_POINT('',(31.98,0.,167.5));
#1719 = PCURVE('',#472,#1720);
#1720 = DEFINITIONAL_REPRESENTATION('',(#1721),#1766);
#1721 = B_SPLINE_CURVE_WITH_KNOTS('',8,(#1722,#1723,#1724,#1725,#1726,
    #1727,#1728,#1729,#1730,#1731,#1732,#1733,#1734,#1735,#1736,#1737,
    #1738,#1739,#1740,#1741,#1742,#1743,#1744,#1745,#1746,#1747,#1748,
    #1749,#1750,#1751,#1752,#1753,#1754,#1755,#1756,#1757,#1758,#1759,
    #1760,#1761,#1762,#1763,#1764,#1765),.UNSPECIFIED.,.F.,.F.,(9,7,7,7,
    7,7,9),(0.,0.134119097735,0.26802500929,0.478173333765,
    0.535286866548,0.783233406103,1.),.UNSPECIFIED.);
#1722 = CARTESIAN_POINT('',(2.5,0.));
#1723 = CARTESIAN_POINT('',(2.5,1.651643789546E-02));
#1724 = CARTESIAN_POINT('',(2.5,3.315486047217E-02));
#1725 = CARTESIAN_POINT('',(2.5,4.98816444019E-02));
#1726 = CARTESIAN_POINT('',(2.5,6.666781661911E-02));
#1727 = CARTESIAN_POINT('',(2.5,8.348924758062E-02));
#1728 = CARTESIAN_POINT('',(2.5,0.100326828501));
#1729 = CARTESIAN_POINT('',(2.5,0.117166625052));
#1730 = CARTESIAN_POINT('',(2.5,0.150806617813));
#1731 = CARTESIAN_POINT('',(2.5,0.16760572152));
#1732 = CARTESIAN_POINT('',(2.5,0.184390097165));
#1733 = CARTESIAN_POINT('',(2.5,0.201154890286));
#1734 = CARTESIAN_POINT('',(2.5,0.217897515299));
#1735 = CARTESIAN_POINT('',(2.5,0.234617616844));
#1736 = CARTESIAN_POINT('',(2.5,0.251317069218));
#1737 = CARTESIAN_POINT('',(2.5,0.294181741423));
#1738 = CARTESIAN_POINT('',(2.5,0.320316559591));
#1739 = CARTESIAN_POINT('',(2.5,0.346420534058));
#1740 = CARTESIAN_POINT('',(2.5,0.372508863348));
#1741 = CARTESIAN_POINT('',(2.5,0.398596324377));
#1742 = CARTESIAN_POINT('',(2.5,0.424697557123));
#1743 = CARTESIAN_POINT('',(2.5,0.450827212324));
#1744 = CARTESIAN_POINT('',(2.5,0.484113168143));
#1745 = CARTESIAN_POINT('',(2.5,0.491229313989));
#1746 = CARTESIAN_POINT('',(2.5,0.49834866126));
#1747 = CARTESIAN_POINT('',(2.5,0.50547141583));
#1748 = CARTESIAN_POINT('',(2.5,0.51259776573));
#1749 = CARTESIAN_POINT('',(2.5,0.519727881142));
#1750 = CARTESIAN_POINT('',(2.5,0.526861914402));
#1751 = CARTESIAN_POINT('',(2.5,0.564988515975));
#1752 = CARTESIAN_POINT('',(2.5,0.596048949818));
#1753 = CARTESIAN_POINT('',(2.5,0.627197989854));
#1754 = CARTESIAN_POINT('',(2.5,0.658440534073));
#1755 = CARTESIAN_POINT('',(2.5,0.689769315639));
#1756 = CARTESIAN_POINT('',(2.5,0.721163828373));
#1757 = CARTESIAN_POINT('',(2.5,0.752589742389));
#1758 = CARTESIAN_POINT('',(2.5,0.811460333054));
#1759 = CARTESIAN_POINT('',(2.5,0.83890362789));
#1760 = CARTESIAN_POINT('',(2.5,0.866294919146));
#1761 = CARTESIAN_POINT('',(2.5,0.893579339257));
#1762 = CARTESIAN_POINT('',(2.5,0.920683634819));
#1763 = CARTESIAN_POINT('',(2.5,0.947519714355));
#1764 = CARTESIAN_POINT('',(2.5,0.973991421839));
#1765 = CARTESIAN_POINT('',(2.5,1.));
#1766 = ( GEOMETRIC_REPRESENTATION_CONTEXT(2) 
PARAMETRIC_REPRESENTATION_CONTEXT() REPRESENTATION_CONTEXT('2D SPACE',''
  ) );
#1767 = PCURVE('',#447,#1768);
#1768 = DEFINITIONAL_REPRESENTATION('',(#1769),#1814);
#1769 = B_SPLINE_CURVE_WITH_KNOTS('',8,(#1770,#1771,#1772,#1773,#1774,
    #1775,#1776,#1777,#1778,#1779,#1780,#1781,#1782,#1783,#1784,#1785,
    #1786,#1787,#1788,#1789,#1790,#1791,#1792,#1793,#1794,#1795,#1796,
    #1797,#1798,#1799,#1800,#1801,#1802,#1803,#1804,#1805,#1806,#1807,
    #1808,#1809,#1810,#1811,#1812,#1813),.UNSPECIFIED.,.F.,.F.,(9,7,7,7,
    7,7,9),(0.,0.134119097735,0.26802500929,0.478173333765,
    0.535286866548,0.783233406103,1.),.UNSPECIFIED.);
#1770 = CARTESIAN_POINT('',(33.5,134.8));
#1771 = CARTESIAN_POINT('',(38.668158762225,137.18382167196));
#1772 = CARTESIAN_POINT('',(43.929024952255,139.36593742616));
#1773 = CARTESIAN_POINT('',(49.268965963366,141.35202866778));
#1774 = CARTESIAN_POINT('',(54.675108008187,143.15110605605));
#1775 = CARTESIAN_POINT('',(60.13572577618,144.7742933494));
#1776 = CARTESIAN_POINT('',(65.640566865976,146.23382917106));
#1777 = CARTESIAN_POINT('',(71.181099981306,147.54231136748));
#1778 = CARTESIAN_POINT('',(82.311398775445,149.88024630975));
#1779 = CARTESIAN_POINT('',(87.900704057629,150.9100616351));
#1780 = CARTESIAN_POINT('',(93.512424642796,151.81419041623));
#1781 = CARTESIAN_POINT('',(99.141320902457,152.60476108591));
#1782 = CARTESIAN_POINT('',(104.78312051271,153.29321148944));
#1783 = CARTESIAN_POINT('',(110.43454051355,153.89013567787));
#1784 = CARTESIAN_POINT('',(116.09329772009,154.40521569242));
#1785 = CARTESIAN_POINT('',(130.64832286428,155.540821101));
#1786 = CARTESIAN_POINT('',(139.55133815294,156.05423795502));
#1787 = CARTESIAN_POINT('',(148.46223669622,156.42138440416));
#1788 = CARTESIAN_POINT('',(157.37726817849,156.67005199141));
#1789 = CARTESIAN_POINT('',(166.29383607041,156.82251140681));
#1790 = CARTESIAN_POINT('',(175.2104870192,156.8958562656));
#1791 = CARTESIAN_POINT('',(184.12690581627,156.90212244777));
#1792 = CARTESIAN_POINT('',(195.46735320125,156.83359966662));
#1793 = CARTESIAN_POINT('',(197.89076558391,156.81451421033));
#1794 = CARTESIAN_POINT('',(200.3141427068,156.79112645155));
#1795 = CARTESIAN_POINT('',(202.73747686402,156.76354855539));
#1796 = CARTESIAN_POINT('',(205.1607605177,156.73186493289));
#1797 = CARTESIAN_POINT('',(207.58398629799,156.69613224109));
#1798 = CARTESIAN_POINT('',(210.00714700307,156.65637938302));
#1799 = CARTESIAN_POINT('',(222.94957144061,156.42258100264));
#1800 = CARTESIAN_POINT('',(233.46603698082,156.15683381833));
#1801 = CARTESIAN_POINT('',(243.98100787347,155.81544198598));
#1802 = CARTESIAN_POINT('',(254.49409687113,155.38847303608));
#1803 = CARTESIAN_POINT('',(265.00314840426,154.85585859635));
#1804 = CARTESIAN_POINT('',(275.50422093628,154.18683855816));
#1805 = CARTESIAN_POINT('',(285.99161851123,153.34028824011));
#1806 = CARTESIAN_POINT('',(305.6082674884,151.32913042598));
#1807 = CARTESIAN_POINT('',(314.74077427514,150.2180798464));
#1808 = CARTESIAN_POINT('',(323.84950362115,148.9015957399));
#1809 = CARTESIAN_POINT('',(332.92330835666,147.34320914091));
#1810 = CARTESIAN_POINT('',(341.94635765064,145.50445606431));
#1811 = CARTESIAN_POINT('',(350.89889094002,143.34857559377));
#1812 = CARTESIAN_POINT('',(359.75832128275,140.84629048451));
#1813 = CARTESIAN_POINT('',(368.5,137.98));
#1814 = ( GEOMETRIC_REPRESENTATION_CONTEXT(2) 
PARAMETRIC_REPRESENTATION_CONTEXT() REPRESENTATION_CONTEXT('2D SPACE',''
  ) );
#1815 = ORIENTED_EDGE('',*,*,#820,.F.);
#1816 = ADVANCED_FACE('',(#1817),#447,.T.);
#1817 = FACE_BOUND('',#1818,.T.);
#1818 = EDGE_LOOP('',(#1819,#1963,#1964,#1965));
#1819 = ORIENTED_EDGE('',*,*,#1820,.F.);
#1820 = EDGE_CURVE('',#401,#779,#1821,.T.);
#1821 = SURFACE_CURVE('',#1822,(#1867,#1915),.PCURVE_S1.);
#1822 = B_SPLINE_CURVE_WITH_KNOTS('',8,(#1823,#1824,#1825,#1826,#1827,
    #1828,#1829,#1830,#1831,#1832,#1833,#1834,#1835,#1836,#1837,#1838,
    #1839,#1840,#1841,#1842,#1843,#1844,#1845,#1846,#1847,#1848,#1849,
    #1850,#1851,#1852,#1853,#1854,#1855,#1856,#1857,#1858,#1859,#1860,
    #1861,#1862,#1863,#1864,#1865,#1866),.UNSPECIFIED.,.F.,.F.,(9,7,7,7,
    7,7,9),(0.,0.134119097735,0.26802500929,0.478173333765,
    0.535286866548,0.783233406102,1.),.UNSPECIFIED.);
#1823 = CARTESIAN_POINT('',(31.8,0.,-167.5));
#1824 = CARTESIAN_POINT('',(34.183821671963,0.,-162.3318412377));
#1825 = CARTESIAN_POINT('',(36.365937426172,0.,-157.0709750477));
#1826 = CARTESIAN_POINT('',(38.352028667781,0.,-151.7310340366));
#1827 = CARTESIAN_POINT('',(40.151106056058,0.,-146.3248919918));
#1828 = CARTESIAN_POINT('',(41.774293349404,0.,-140.8642742238));
#1829 = CARTESIAN_POINT('',(43.233829171062,0.,-135.359433134));
#1830 = CARTESIAN_POINT('',(44.542311367488,0.,-129.8189000186));
#1831 = CARTESIAN_POINT('',(46.880246309755,0.,-118.6886012245));
#1832 = CARTESIAN_POINT('',(47.910061635108,0.,-113.0992959423));
#1833 = CARTESIAN_POINT('',(48.814190416231,0.,-107.4875753572));
#1834 = CARTESIAN_POINT('',(49.604761085912,0.,-101.8586790975));
#1835 = CARTESIAN_POINT('',(50.293211489449,0.,-96.21687948723));
#1836 = CARTESIAN_POINT('',(50.890135677869,0.,-90.56545948649));
#1837 = CARTESIAN_POINT('',(51.40521569243,0.,-84.90670227989));
#1838 = CARTESIAN_POINT('',(52.540821101006,0.,-70.3516771357));
#1839 = CARTESIAN_POINT('',(53.054237955023,0.,-61.44866184711));
#1840 = CARTESIAN_POINT('',(53.421384404167,0.,-52.53776330373));
#1841 = CARTESIAN_POINT('',(53.670051991418,0.,-43.62273182149));
#1842 = CARTESIAN_POINT('',(53.822511406815,0.,-34.70616392963));
#1843 = CARTESIAN_POINT('',(53.895856265607,0.,-25.78951298076));
#1844 = CARTESIAN_POINT('',(53.902122447776,0.,-16.87309418373));
#1845 = CARTESIAN_POINT('',(53.833599666629,0.,-5.53264679875));
#1846 = CARTESIAN_POINT('',(53.814514210331,0.,-3.109234416083));
#1847 = CARTESIAN_POINT('',(53.791126451558,0.,-0.685857293192));
#1848 = CARTESIAN_POINT('',(53.763548555391,0.,1.737476864026));
#1849 = CARTESIAN_POINT('',(53.73186493289,0.,4.160760517704));
#1850 = CARTESIAN_POINT('',(53.696132241095,0.,6.583986297993));
#1851 = CARTESIAN_POINT('',(53.656379383022,0.,9.007147003071));
#1852 = CARTESIAN_POINT('',(53.422581002646,0.,21.949571440551));
#1853 = CARTESIAN_POINT('',(53.156833818334,0.,32.466036980993));
#1854 = CARTESIAN_POINT('',(52.815441985994,0.,42.981007873316));
#1855 = CARTESIAN_POINT('',(52.388473036084,0.,53.494096871107));
#1856 = CARTESIAN_POINT('',(51.855858596349,0.,64.003148404418));
#1857 = CARTESIAN_POINT('',(51.186838558176,0.,74.504220936166));
#1858 = CARTESIAN_POINT('',(50.340288240113,0.,84.991618511274));
#1859 = CARTESIAN_POINT('',(48.329130425973,0.,104.60826748847));
#1860 = CARTESIAN_POINT('',(47.21807984647,0.,113.74077427475));
#1861 = CARTESIAN_POINT('',(45.901595739695,0.,122.84950362214));
#1862 = CARTESIAN_POINT('',(44.343209141263,0.,131.9233083552));
#1863 = CARTESIAN_POINT('',(42.504456063977,0.,140.94635765196));
#1864 = CARTESIAN_POINT('',(40.348575593971,0.,149.89889093932));
#1865 = CARTESIAN_POINT('',(37.846290484462,0.,158.75832128292));
#1866 = CARTESIAN_POINT('',(34.98,0.,167.5));
#1867 = PCURVE('',#447,#1868);
#1868 = DEFINITIONAL_REPRESENTATION('',(#1869),#1914);
#1869 = B_SPLINE_CURVE_WITH_KNOTS('',8,(#1870,#1871,#1872,#1873,#1874,
    #1875,#1876,#1877,#1878,#1879,#1880,#1881,#1882,#1883,#1884,#1885,
    #1886,#1887,#1888,#1889,#1890,#1891,#1892,#1893,#1894,#1895,#1896,
    #1897,#1898,#1899,#1900,#1901,#1902,#1903,#1904,#1905,#1906,#1907,
    #1908,#1909,#1910,#1911,#1912,#1913),.UNSPECIFIED.,.F.,.F.,(9,7,7,7,
    7,7,9),(0.,0.134119097735,0.26802500929,0.478173333765,
    0.535286866548,0.783233406102,1.),.UNSPECIFIED.);
#1870 = CARTESIAN_POINT('',(33.5,137.8));
#1871 = CARTESIAN_POINT('',(38.668158762223,140.18382167196));
#1872 = CARTESIAN_POINT('',(43.929024952264,142.36593742617));
#1873 = CARTESIAN_POINT('',(49.268965963356,144.35202866778));
#1874 = CARTESIAN_POINT('',(54.675108008188,146.15110605605));
#1875 = CARTESIAN_POINT('',(60.13572577619,147.7742933494));
#1876 = CARTESIAN_POINT('',(65.640566865966,149.23382917106));
#1877 = CARTESIAN_POINT('',(71.18109998131,150.54231136748));
#1878 = CARTESIAN_POINT('',(82.311398775431,152.88024630975));
#1879 = CARTESIAN_POINT('',(87.900704057674,153.9100616351));
#1880 = CARTESIAN_POINT('',(93.512424642745,154.81419041623));
#1881 = CARTESIAN_POINT('',(99.141320902458,155.60476108591));
#1882 = CARTESIAN_POINT('',(104.78312051276,156.29321148944));
#1883 = CARTESIAN_POINT('',(110.4345405135,156.89013567786));
#1884 = CARTESIAN_POINT('',(116.09329772011,157.40521569243));
#1885 = CARTESIAN_POINT('',(130.6483228643,158.540821101));
#1886 = CARTESIAN_POINT('',(139.55133815288,159.05423795502));
#1887 = CARTESIAN_POINT('',(148.46223669626,159.42138440416));
#1888 = CARTESIAN_POINT('',(157.3772681785,159.67005199141));
#1889 = CARTESIAN_POINT('',(166.29383607036,159.82251140681));
#1890 = CARTESIAN_POINT('',(175.21048701923,159.8958562656));
#1891 = CARTESIAN_POINT('',(184.12690581626,159.90212244777));
#1892 = CARTESIAN_POINT('',(195.46735320125,159.83359966662));
#1893 = CARTESIAN_POINT('',(197.89076558391,159.81451421033));
#1894 = CARTESIAN_POINT('',(200.3141427068,159.79112645155));
#1895 = CARTESIAN_POINT('',(202.73747686402,159.76354855539));
#1896 = CARTESIAN_POINT('',(205.1607605177,159.73186493289));
#1897 = CARTESIAN_POINT('',(207.58398629799,159.69613224109));
#1898 = CARTESIAN_POINT('',(210.00714700307,159.65637938302));
#1899 = CARTESIAN_POINT('',(222.94957144055,159.42258100264));
#1900 = CARTESIAN_POINT('',(233.46603698099,159.15683381833));
#1901 = CARTESIAN_POINT('',(243.98100787331,158.81544198599));
#1902 = CARTESIAN_POINT('',(254.4940968711,158.38847303608));
#1903 = CARTESIAN_POINT('',(265.00314840441,157.85585859634));
#1904 = CARTESIAN_POINT('',(275.50422093616,157.18683855817));
#1905 = CARTESIAN_POINT('',(285.99161851127,156.34028824011));
#1906 = CARTESIAN_POINT('',(305.60826748847,154.32913042597));
#1907 = CARTESIAN_POINT('',(314.74077427475,153.21807984647));
#1908 = CARTESIAN_POINT('',(323.84950362214,151.90159573969));
#1909 = CARTESIAN_POINT('',(332.9233083552,150.34320914126));
#1910 = CARTESIAN_POINT('',(341.94635765196,148.50445606397));
#1911 = CARTESIAN_POINT('',(350.89889093932,146.34857559397));
#1912 = CARTESIAN_POINT('',(359.75832128292,143.84629048446));
#1913 = CARTESIAN_POINT('',(368.5,140.98));
#1914 = ( GEOMETRIC_REPRESENTATION_CONTEXT(2) 
PARAMETRIC_REPRESENTATION_CONTEXT() REPRESENTATION_CONTEXT('2D SPACE',''
  ) );
#1915 = PCURVE('',#414,#1916);
#1916 = DEFINITIONAL_REPRESENTATION('',(#1917),#1962);
#1917 = B_SPLINE_CURVE_WITH_KNOTS('',8,(#1918,#1919,#1920,#1921,#1922,
    #1923,#1924,#1925,#1926,#1927,#1928,#1929,#1930,#1931,#1932,#1933,
    #1934,#1935,#1936,#1937,#1938,#1939,#1940,#1941,#1942,#1943,#1944,
    #1945,#1946,#1947,#1948,#1949,#1950,#1951,#1952,#1953,#1954,#1955,
    #1956,#1957,#1958,#1959,#1960,#1961),.UNSPECIFIED.,.F.,.F.,(9,7,7,7,
    7,7,9),(0.,0.134119097735,0.26802500929,0.478173333765,
    0.535286866548,0.783233406102,1.),.UNSPECIFIED.);
#1918 = CARTESIAN_POINT('',(2.5,0.));
#1919 = CARTESIAN_POINT('',(2.5,1.651643789545E-02));
#1920 = CARTESIAN_POINT('',(2.5,3.31548604722E-02));
#1921 = CARTESIAN_POINT('',(2.5,4.988164440186E-02));
#1922 = CARTESIAN_POINT('',(2.5,6.666781661911E-02));
#1923 = CARTESIAN_POINT('',(2.5,8.348924758066E-02));
#1924 = CARTESIAN_POINT('',(2.5,0.100326828501));
#1925 = CARTESIAN_POINT('',(2.5,0.117166625052));
#1926 = CARTESIAN_POINT('',(2.5,0.150806617813));
#1927 = CARTESIAN_POINT('',(2.5,0.16760572152));
#1928 = CARTESIAN_POINT('',(2.5,0.184390097165));
#1929 = CARTESIAN_POINT('',(2.5,0.201154890286));
#1930 = CARTESIAN_POINT('',(2.5,0.217897515299));
#1931 = CARTESIAN_POINT('',(2.5,0.234617616844));
#1932 = CARTESIAN_POINT('',(2.5,0.251317069218));
#1933 = CARTESIAN_POINT('',(2.5,0.294181741423));
#1934 = CARTESIAN_POINT('',(2.5,0.320316559591));
#1935 = CARTESIAN_POINT('',(2.5,0.346420534058));
#1936 = CARTESIAN_POINT('',(2.5,0.372508863348));
#1937 = CARTESIAN_POINT('',(2.5,0.398596324377));
#1938 = CARTESIAN_POINT('',(2.5,0.424697557123));
#1939 = CARTESIAN_POINT('',(2.5,0.450827212324));
#1940 = CARTESIAN_POINT('',(2.5,0.484113168143));
#1941 = CARTESIAN_POINT('',(2.5,0.491229313989));
#1942 = CARTESIAN_POINT('',(2.5,0.49834866126));
#1943 = CARTESIAN_POINT('',(2.5,0.50547141583));
#1944 = CARTESIAN_POINT('',(2.5,0.51259776573));
#1945 = CARTESIAN_POINT('',(2.5,0.519727881142));
#1946 = CARTESIAN_POINT('',(2.5,0.526861914402));
#1947 = CARTESIAN_POINT('',(2.5,0.564988515975));
#1948 = CARTESIAN_POINT('',(2.5,0.596048949819));
#1949 = CARTESIAN_POINT('',(2.5,0.627197989853));
#1950 = CARTESIAN_POINT('',(2.5,0.658440534073));
#1951 = CARTESIAN_POINT('',(2.5,0.689769315639));
#1952 = CARTESIAN_POINT('',(2.5,0.721163828372));
#1953 = CARTESIAN_POINT('',(2.5,0.752589742389));
#1954 = CARTESIAN_POINT('',(2.5,0.811460333054));
#1955 = CARTESIAN_POINT('',(2.5,0.838903627888));
#1956 = CARTESIAN_POINT('',(2.5,0.86629491915));
#1957 = CARTESIAN_POINT('',(2.5,0.893579339251));
#1958 = CARTESIAN_POINT('',(2.5,0.920683634824));
#1959 = CARTESIAN_POINT('',(2.5,0.947519714352));
#1960 = CARTESIAN_POINT('',(2.5,0.973991421839));
#1961 = CARTESIAN_POINT('',(2.5,1.));
#1962 = ( GEOMETRIC_REPRESENTATION_CONTEXT(2) 
PARAMETRIC_REPRESENTATION_CONTEXT() REPRESENTATION_CONTEXT('2D SPACE',''
  ) );
#1963 = ORIENTED_EDGE('',*,*,#432,.T.);
#1964 = ORIENTED_EDGE('',*,*,#1672,.T.);
#1965 = ORIENTED_EDGE('',*,*,#799,.F.);
#1966 = ADVANCED_FACE('',(#1967),#414,.T.);
#1967 = FACE_BOUND('',#1968,.T.);
#1968 = EDGE_LOOP('',(#1969,#1970,#1971,#1972));
#1969 = ORIENTED_EDGE('',*,*,#727,.F.);
#1970 = ORIENTED_EDGE('',*,*,#400,.T.);
#1971 = ORIENTED_EDGE('',*,*,#1820,.T.);
#1972 = ORIENTED_EDGE('',*,*,#778,.F.);
#1973 = ( GEOMETRIC_REPRESENTATION_CONTEXT(3) 
GLOBAL_UNCERTAINTY_ASSIGNED_CONTEXT((#1977)) 
GLOBAL_UNIT_ASSIGNED_CONTEXT((#1974,#1975,#1976)) REPRESENTATION_CONTEXT
('Context #1','3D Context with UNIT and UNCERTAINTY') );
#1974 = ( LENGTH_UNIT() NAMED_UNIT(*) SI_UNIT(.MILLI.,.METRE.) );
#1975 = ( NAMED_UNIT(*) PLANE_ANGLE_UNIT() SI_UNIT($,.RADIAN.) );
#1976 = ( NAMED_UNIT(*) SI_UNIT($,.STERADIAN.) SOLID_ANGLE_UNIT() );
#1977 = UNCERTAINTY_MEASURE_WITH_UNIT(LENGTH_MEASURE(2.E-06),#1974,
  'distance_accuracy_value','confusion accuracy');
#1978 = PRODUCT_RELATED_PRODUCT_CATEGORY('part',$,(#7));
ENDSEC;
END-ISO-10303-21;
