ISO-10303-21;
HEADER;
FILE_DESCRIPTION(('Open CASCADE Model'),'2;1');
FILE_NAME('Open CASCADE Shape Model','2026-09-05T05:20:54',('Author'),(
    'Open CASCADE'),'Open CASCADE STEP processor 7.8','Open CASCADE 7.8'
  ,'Unknown');
FILE_SCHEMA(('AUTOMOTIVE_DESIGN { 1 0 10303 214 1 1 1 1 }'));
ENDSEC;
DATA;
#1 = APPLICATION_PROTOCOL_DEFINITION('international standard',
  'automotive_design',2000,#2);
#2 = APPLICATION_CONTEXT(
  'core data for automotive mechanical design processes');
#3 = SHAPE_DEFINITION_REPRESENTATION(#4,#10);
#4 = PRODUCT_DEFINITION_SHAPE('','',#5);
#5 = PRODUCT_DEFINITION('design','',#6,#9);
#6 = PRODUCT_DEFINITION_FORMATION('','',#7);
#7 = PRODUCT('Open CASCADE STEP translator 7.8 55',
  'Open CASCADE STEP translator 7.8 55','',(#8));
#8 = PRODUCT_CONTEXT('',#2,'mechanical');
#9 = PRODUCT_DEFINITION_CONTEXT('part definition',#2,'design');
#10 = ADVANCED_BREP_SHAPE_REPRESENTATION('',(#11,#15),#2015);
#11 = AXIS2_PLACEMENT_3D('',#12,#13,#14);
#12 = CARTESIAN_POINT('',(0.,0.,0.));
#13 = DIRECTION('',(0.,0.,1.));
#14 = DIRECTION('',(1.,0.,-0.));
#15 = MANIFOLD_SOLID_BREP('',#16);
#16 = CLOSED_SHELL('',(#17,#365,#685,#734,#783,#976,#1098,#1153,#1253,
    #1286,#1436,#1586,#1615,#1644,#1679,#1708,#1858,#2008));
#17 = ADVANCED_FACE('',(#18,#155),#31,.T.);
#18 = FACE_BOUND('',#19,.T.);
#19 = EDGE_LOOP('',(#20,#59,#95,#121));
#20 = ORIENTED_EDGE('',*,*,#21,.T.);
#21 = EDGE_CURVE('',#22,#24,#26,.T.);
#22 = VERTEX_POINT('',#23);
#23 = CARTESIAN_POINT('',(-18.144,-14.4,-143.));
#24 = VERTEX_POINT('',#25);
#25 = CARTESIAN_POINT('',(18.144,-14.4,-143.));
#26 = SURFACE_CURVE('',#27,(#30,#48),.PCURVE_S1.);
#27 = B_SPLINE_CURVE_WITH_KNOTS('',1,(#28,#29),.UNSPECIFIED.,.F.,.F.,(2,
    2),(0.,1.),.PIECEWISE_BEZIER_KNOTS.);
#28 = CARTESIAN_POINT('',(-18.144,-14.4,-143.));
#29 = CARTESIAN_POINT('',(18.144,-14.4,-143.));
#30 = PCURVE('',#31,#42);
#31 = ( BOUNDED_SURFACE() B_SPLINE_SURFACE(1,4,(
    (#32,#33,#34,#35,#36)
    ,(#37,#38,#39,#40,#41
)),.UNSPECIFIED.,.F.,.F.,.F.) B_SPLINE_SURFACE_WITH_KNOTS((2,2),(5,5),(
    0.,1.),(0.,1.),.PIECEWISE_BEZIER_KNOTS.) 
GEOMETRIC_REPRESENTATION_ITEM() RATIONAL_B_SPLINE_SURFACE((
    (1.,1.,1.,1.,1.)
,(1.,1.,1.,1.,1.))) REPRESENTATION_ITEM('') SURFACE() );
#32 = CARTESIAN_POINT('',(-18.144,-14.4,-143.));
#33 = CARTESIAN_POINT('',(-38.85171538204,-30.83469474765,
    -75.62153088539));
#34 = CARTESIAN_POINT('',(-25.69207674813,-20.39053710169,2.664624612699
    ));
#35 = CARTESIAN_POINT('',(-35.76055959503,-28.38139650399,
    71.273098758925));
#36 = CARTESIAN_POINT('',(-19.9584,-15.84,143.));
#37 = CARTESIAN_POINT('',(18.144,-14.4,-143.));
#38 = CARTESIAN_POINT('',(38.851715382048,-30.83469474765,
    -75.62153088539));
#39 = CARTESIAN_POINT('',(25.69207674813,-20.39053710169,2.664624612699)
  );
#40 = CARTESIAN_POINT('',(35.760559595033,-28.38139650399,
    71.273098758925));
#41 = CARTESIAN_POINT('',(19.9584,-15.84,143.));
#42 = DEFINITIONAL_REPRESENTATION('',(#43),#47);
#43 = LINE('',#44,#45);
#44 = CARTESIAN_POINT('',(0.,0.));
#45 = VECTOR('',#46,1.);
#46 = DIRECTION('',(1.,0.));
#47 = ( GEOMETRIC_REPRESENTATION_CONTEXT(2) 
PARAMETRIC_REPRESENTATION_CONTEXT() REPRESENTATION_CONTEXT('2D SPACE',''
  ) );
#48 = PCURVE('',#49,#54);
#49 = PLANE('',#50);
#50 = AXIS2_PLACEMENT_3D('',#51,#52,#53);
#51 = CARTESIAN_POINT('',(-18.144,-14.4,-143.));
#52 = DIRECTION('',(0.,0.,1.));
#53 = DIRECTION('',(0.893832493643,0.448401018406,-0.));
#54 = DEFINITIONAL_REPRESENTATION('',(#55),#58);
#55 = B_SPLINE_CURVE_WITH_KNOTS('',1,(#56,#57),.UNSPECIFIED.,.F.,.F.,(2,
    2),(0.,1.),.PIECEWISE_BEZIER_KNOTS.);
#56 = CARTESIAN_POINT('',(0.,0.));
#57 = CARTESIAN_POINT('',(32.435393529329,-16.2715761559));
#58 = ( GEOMETRIC_REPRESENTATION_CONTEXT(2) 
PARAMETRIC_REPRESENTATION_CONTEXT() REPRESENTATION_CONTEXT('2D SPACE',''
  ) );
#59 = ORIENTED_EDGE('',*,*,#60,.T.);
#60 = EDGE_CURVE('',#24,#61,#63,.T.);
#61 = VERTEX_POINT('',#62);
#62 = CARTESIAN_POINT('',(19.9584,-15.84,143.));
#63 = SURFACE_CURVE('',#64,(#70,#77),.PCURVE_S1.);
#64 = ( BOUNDED_CURVE() B_SPLINE_CURVE(4,(#65,#66,#67,#68,#69),
.UNSPECIFIED.,.F.,.F.) B_SPLINE_CURVE_WITH_KNOTS((5,5),(0.,1.),
.PIECEWISE_BEZIER_KNOTS.) CURVE() GEOMETRIC_REPRESENTATION_ITEM() 
RATIONAL_B_SPLINE_CURVE((1.,1.,1.,1.,1.)) REPRESENTATION_ITEM('') );
#65 = CARTESIAN_POINT('',(18.144,-14.4,-143.));
#66 = CARTESIAN_POINT('',(38.851715382048,-30.83469474765,
    -75.62153088539));
#67 = CARTESIAN_POINT('',(25.69207674813,-20.39053710169,2.664624612699)
  );
#68 = CARTESIAN_POINT('',(35.760559595033,-28.38139650399,
    71.273098758925));
#69 = CARTESIAN_POINT('',(19.9584,-15.84,143.));
#70 = PCURVE('',#31,#71);
#71 = DEFINITIONAL_REPRESENTATION('',(#72),#76);
#72 = LINE('',#73,#74);
#73 = CARTESIAN_POINT('',(1.,0.));
#74 = VECTOR('',#75,1.);
#75 = DIRECTION('',(0.,1.));
#76 = ( GEOMETRIC_REPRESENTATION_CONTEXT(2) 
PARAMETRIC_REPRESENTATION_CONTEXT() REPRESENTATION_CONTEXT('2D SPACE',''
  ) );
#77 = PCURVE('',#78,#89);
#78 = ( BOUNDED_SURFACE() B_SPLINE_SURFACE(1,4,(
    (#79,#80,#81,#82,#83)
    ,(#84,#85,#86,#87,#88
)),.UNSPECIFIED.,.F.,.F.,.F.) B_SPLINE_SURFACE_WITH_KNOTS((2,2),(5,5),(
    1.,2.),(0.,1.),.PIECEWISE_BEZIER_KNOTS.) 
GEOMETRIC_REPRESENTATION_ITEM() RATIONAL_B_SPLINE_SURFACE((
    (1.,1.,1.,1.,1.)
,(1.,1.,1.,1.,1.))) REPRESENTATION_ITEM('') SURFACE() );
#79 = CARTESIAN_POINT('',(18.144,-14.4,-143.));
#80 = CARTESIAN_POINT('',(38.851715382048,-30.83469474765,
    -75.62153088539));
#81 = CARTESIAN_POINT('',(25.69207674813,-20.39053710169,2.664624612699)
  );
#82 = CARTESIAN_POINT('',(35.760559595033,-28.38139650399,
    71.273098758925));
#83 = CARTESIAN_POINT('',(19.9584,-15.84,143.));
#84 = CARTESIAN_POINT('',(25.2,-7.344,-143.));
#85 = CARTESIAN_POINT('',(53.9607158084,-15.7256943213,-75.62153088539)
  );
#86 = CARTESIAN_POINT('',(35.683439927958,-10.39917392186,2.664624612699
    ));
#87 = CARTESIAN_POINT('',(49.66744388199,-14.47451221703,71.273098758925
    ));
#88 = CARTESIAN_POINT('',(27.72,-8.0784,143.));
#89 = DEFINITIONAL_REPRESENTATION('',(#90),#94);
#90 = LINE('',#91,#92);
#91 = CARTESIAN_POINT('',(1.,0.));
#92 = VECTOR('',#93,1.);
#93 = DIRECTION('',(0.,1.));
#94 = ( GEOMETRIC_REPRESENTATION_CONTEXT(2) 
PARAMETRIC_REPRESENTATION_CONTEXT() REPRESENTATION_CONTEXT('2D SPACE',''
  ) );
#95 = ORIENTED_EDGE('',*,*,#96,.F.);
#96 = EDGE_CURVE('',#97,#61,#99,.T.);
#97 = VERTEX_POINT('',#98);
#98 = CARTESIAN_POINT('',(-19.9584,-15.84,143.));
#99 = SURFACE_CURVE('',#100,(#103,#110),.PCURVE_S1.);
#100 = B_SPLINE_CURVE_WITH_KNOTS('',1,(#101,#102),.UNSPECIFIED.,.F.,.F.,
  (2,2),(0.,1.),.PIECEWISE_BEZIER_KNOTS.);
#101 = CARTESIAN_POINT('',(-19.9584,-15.84,143.));
#102 = CARTESIAN_POINT('',(19.9584,-15.84,143.));
#103 = PCURVE('',#31,#104);
#104 = DEFINITIONAL_REPRESENTATION('',(#105),#109);
#105 = LINE('',#106,#107);
#106 = CARTESIAN_POINT('',(0.,1.));
#107 = VECTOR('',#108,1.);
#108 = DIRECTION('',(1.,0.));
#109 = ( GEOMETRIC_REPRESENTATION_CONTEXT(2) 
PARAMETRIC_REPRESENTATION_CONTEXT() REPRESENTATION_CONTEXT('2D SPACE',''
  ) );
#110 = PCURVE('',#111,#116);
#111 = PLANE('',#112);
#112 = AXIS2_PLACEMENT_3D('',#113,#114,#115);
#113 = CARTESIAN_POINT('',(-19.9584,-15.84,143.));
#114 = DIRECTION('',(0.,0.,1.));
#115 = DIRECTION('',(0.893832493643,0.448401018406,-0.));
#116 = DEFINITIONAL_REPRESENTATION('',(#117),#120);
#117 = B_SPLINE_CURVE_WITH_KNOTS('',1,(#118,#119),.UNSPECIFIED.,.F.,.F.,
  (2,2),(0.,1.),.PIECEWISE_BEZIER_KNOTS.);
#118 = CARTESIAN_POINT('',(0.,0.));
#119 = CARTESIAN_POINT('',(35.678932882262,-17.8987337715));
#120 = ( GEOMETRIC_REPRESENTATION_CONTEXT(2) 
PARAMETRIC_REPRESENTATION_CONTEXT() REPRESENTATION_CONTEXT('2D SPACE',''
  ) );
#121 = ORIENTED_EDGE('',*,*,#122,.F.);
#122 = EDGE_CURVE('',#22,#97,#123,.T.);
#123 = SURFACE_CURVE('',#124,(#130,#137),.PCURVE_S1.);
#124 = ( BOUNDED_CURVE() B_SPLINE_CURVE(4,(#125,#126,#127,#128,#129),
.UNSPECIFIED.,.F.,.F.) B_SPLINE_CURVE_WITH_KNOTS((5,5),(0.,1.),
.PIECEWISE_BEZIER_KNOTS.) CURVE() GEOMETRIC_REPRESENTATION_ITEM() 
RATIONAL_B_SPLINE_CURVE((1.,1.,1.,1.,1.)) REPRESENTATION_ITEM('') );
#125 = CARTESIAN_POINT('',(-18.144,-14.4,-143.));
#126 = CARTESIAN_POINT('',(-38.85171538204,-30.83469474765,
    -75.62153088539));
#127 = CARTESIAN_POINT('',(-25.69207674813,-20.39053710169,
    2.664624612699));
#128 = CARTESIAN_POINT('',(-35.76055959503,-28.38139650399,
    71.273098758925));
#129 = CARTESIAN_POINT('',(-19.9584,-15.84,143.));
#130 = PCURVE('',#31,#131);
#131 = DEFINITIONAL_REPRESENTATION('',(#132),#136);
#132 = LINE('',#133,#134);
#133 = CARTESIAN_POINT('',(0.,0.));
#134 = VECTOR('',#135,1.);
#135 = DIRECTION('',(0.,1.));
#136 = ( GEOMETRIC_REPRESENTATION_CONTEXT(2) 
PARAMETRIC_REPRESENTATION_CONTEXT() REPRESENTATION_CONTEXT('2D SPACE',''
  ) );
#137 = PCURVE('',#138,#149);
#138 = ( BOUNDED_SURFACE() B_SPLINE_SURFACE(1,4,(
    (#139,#140,#141,#142,#143)
    ,(#144,#145,#146,#147,#148
)),.UNSPECIFIED.,.F.,.F.,.F.) B_SPLINE_SURFACE_WITH_KNOTS((2,2),(5,5),(
    7.,8.),(0.,1.),.PIECEWISE_BEZIER_KNOTS.) 
GEOMETRIC_REPRESENTATION_ITEM() RATIONAL_B_SPLINE_SURFACE((
    (1.,1.,1.,1.,1.)
,(1.,1.,1.,1.,1.))) REPRESENTATION_ITEM('') SURFACE() );
#139 = CARTESIAN_POINT('',(-25.2,-7.344,-143.));
#140 = CARTESIAN_POINT('',(-53.9607158084,-15.7256943213,-75.62153088539
    ));
#141 = CARTESIAN_POINT('',(-35.68343992795,-10.39917392186,
    2.664624612699));
#142 = CARTESIAN_POINT('',(-49.66744388199,-14.47451221703,
    71.273098758925));
#143 = CARTESIAN_POINT('',(-27.72,-8.0784,143.));
#144 = CARTESIAN_POINT('',(-18.144,-14.4,-143.));
#145 = CARTESIAN_POINT('',(-38.85171538204,-30.83469474765,
    -75.62153088539));
#146 = CARTESIAN_POINT('',(-25.69207674813,-20.39053710169,
    2.664624612699));
#147 = CARTESIAN_POINT('',(-35.76055959503,-28.38139650399,
    71.273098758925));
#148 = CARTESIAN_POINT('',(-19.9584,-15.84,143.));
#149 = DEFINITIONAL_REPRESENTATION('',(#150),#154);
#150 = LINE('',#151,#152);
#151 = CARTESIAN_POINT('',(8.,0.));
#152 = VECTOR('',#153,1.);
#153 = DIRECTION('',(0.,1.));
#154 = ( GEOMETRIC_REPRESENTATION_CONTEXT(2) 
PARAMETRIC_REPRESENTATION_CONTEXT() REPRESENTATION_CONTEXT('2D SPACE',''
  ) );
#155 = FACE_BOUND('',#156,.T.);
#156 = EDGE_LOOP('',(#157,#238,#272,#333));
#157 = ORIENTED_EDGE('',*,*,#158,.F.);
#158 = EDGE_CURVE('',#159,#161,#163,.T.);
#159 = VERTEX_POINT('',#160);
#160 = CARTESIAN_POINT('',(-23.,-22.98740277274,67.));
#161 = VERTEX_POINT('',#162);
#162 = CARTESIAN_POINT('',(-23.,-23.50851804167,-67.));
#163 = SURFACE_CURVE('',#164,(#185,#209),.PCURVE_S1.);
#164 = B_SPLINE_CURVE_WITH_KNOTS('',7,(#165,#166,#167,#168,#169,#170,
    #171,#172,#173,#174,#175,#176,#177,#178,#179,#180,#181,#182,#183,
    #184),.UNSPECIFIED.,.F.,.F.,(8,6,6,8),(0.,0.425352621571,
    0.951628047656,1.),.UNSPECIFIED.);
#165 = CARTESIAN_POINT('',(-23.,-22.98740277274,67.));
#166 = CARTESIAN_POINT('',(-23.,-23.31017902698,58.862169251737));
#167 = CARTESIAN_POINT('',(-23.,-23.56706810396,50.72190066206));
#168 = CARTESIAN_POINT('',(-23.,-23.77326098221,42.580103857287));
#169 = CARTESIAN_POINT('',(-23.,-23.94019342064,34.437439196189));
#170 = CARTESIAN_POINT('',(-23.,-24.0753171776,26.294311655016));
#171 = CARTESIAN_POINT('',(-23.,-24.18232826753,18.150875155207));
#172 = CARTESIAN_POINT('',(-23.,-24.3589083562,-6.908379293547E-02));
#173 = CARTESIAN_POINT('',(-23.,-24.41356338002,-10.14517122644));
#174 = CARTESIAN_POINT('',(-23.,-24.42528391583,-20.22170790373));
#175 = CARTESIAN_POINT('',(-23.,-24.38553619938,-30.29857988998));
#176 = CARTESIAN_POINT('',(-23.,-24.27747746883,-40.37507647277));
#177 = CARTESIAN_POINT('',(-23.,-24.07593242854,-50.44988643484));
#178 = CARTESIAN_POINT('',(-23.,-23.71481322144,-61.44675871618));
#179 = CARTESIAN_POINT('',(-23.,-23.68332424027,-62.37240389939));
#180 = CARTESIAN_POINT('',(-23.,-23.65071647364,-63.29801079287));
#181 = CARTESIAN_POINT('',(-23.,-23.61696151506,-64.22357676837));
#182 = CARTESIAN_POINT('',(-23.,-23.58203019931,-65.14909900401));
#183 = CARTESIAN_POINT('',(-23.,-23.54589260241,-66.07457448427));
#184 = CARTESIAN_POINT('',(-23.,-23.50851804167,-67.));
#185 = PCURVE('',#31,#186);
#186 = DEFINITIONAL_REPRESENTATION('',(#187),#208);
#187 = B_SPLINE_CURVE_WITH_KNOTS('',7,(#188,#189,#190,#191,#192,#193,
    #194,#195,#196,#197,#198,#199,#200,#201,#202,#203,#204,#205,#206,
    #207),.UNSPECIFIED.,.F.,.F.,(8,6,6,8),(0.,0.425352621571,
    0.951628047656,1.),.UNSPECIFIED.);
#188 = CARTESIAN_POINT('',(0.102957140604,0.733263134682));
#189 = CARTESIAN_POINT('',(0.108532194393,0.70474107312));
#190 = CARTESIAN_POINT('',(0.112786656629,0.676263673692));
#191 = CARTESIAN_POINT('',(0.116127273067,0.647846232656));
#192 = CARTESIAN_POINT('',(0.118785556914,0.619497512239));
#193 = CARTESIAN_POINT('',(0.12091173885,0.591219856544));
#194 = CARTESIAN_POINT('',(0.12258028125,0.56300979551));
#195 = CARTESIAN_POINT('',(0.12531833837,0.500027325224));
#196 = CARTESIAN_POINT('',(0.12615193118,0.46528824752));
#197 = CARTESIAN_POINT('',(0.126326296834,0.430622886898));
#198 = CARTESIAN_POINT('',(0.125724231292,0.39600415483));
#199 = CARTESIAN_POINT('',(0.124070875628,0.361396621827));
#200 = CARTESIAN_POINT('',(0.120981922981,0.326756364445));
#201 = CARTESIAN_POINT('',(0.115136367122,0.28883573643));
#202 = CARTESIAN_POINT('',(0.114625173329,0.2856429729));
#203 = CARTESIAN_POINT('',(0.11409420371,0.282449441381));
#204 = CARTESIAN_POINT('',(0.11354277901,0.279255101605));
#205 = CARTESIAN_POINT('',(0.112970182691,0.27605991296));
#206 = CARTESIAN_POINT('',(0.112375660924,0.272863834488));
#207 = CARTESIAN_POINT('',(0.111758422594,0.269666824886));
#208 = ( GEOMETRIC_REPRESENTATION_CONTEXT(2) 
PARAMETRIC_REPRESENTATION_CONTEXT() REPRESENTATION_CONTEXT('2D SPACE',''
  ) );
#209 = PCURVE('',#210,#215);
#210 = PLANE('',#211);
#211 = AXIS2_PLACEMENT_3D('',#212,#213,#214);
#212 = CARTESIAN_POINT('',(-23.,-142.,-67.));
#213 = DIRECTION('',(1.,0.,0.));
#214 = DIRECTION('',(0.,0.,1.));
#215 = DEFINITIONAL_REPRESENTATION('',(#216),#237);
#216 = B_SPLINE_CURVE_WITH_KNOTS('',7,(#217,#218,#219,#220,#221,#222,
    #223,#224,#225,#226,#227,#228,#229,#230,#231,#232,#233,#234,#235,
    #236),.UNSPECIFIED.,.F.,.F.,(8,6,6,8),(0.,0.425352621571,
    0.951628047656,1.),.UNSPECIFIED.);
#217 = CARTESIAN_POINT('',(134.,-119.0125972272));
#218 = CARTESIAN_POINT('',(125.86216925173,-118.689820973));
#219 = CARTESIAN_POINT('',(117.72190066206,-118.432931896));
#220 = CARTESIAN_POINT('',(109.58010385728,-118.2267390177));
#221 = CARTESIAN_POINT('',(101.43743919618,-118.0598065793));
#222 = CARTESIAN_POINT('',(93.294311655016,-117.9246828223));
#223 = CARTESIAN_POINT('',(85.150875155207,-117.8176717324));
#224 = CARTESIAN_POINT('',(66.930916207065,-117.6410916437));
#225 = CARTESIAN_POINT('',(56.854828773555,-117.5864366199));
#226 = CARTESIAN_POINT('',(46.778292096262,-117.5747160841));
#227 = CARTESIAN_POINT('',(36.701420110016,-117.6144638006));
#228 = CARTESIAN_POINT('',(26.624923527221,-117.7225225311));
#229 = CARTESIAN_POINT('',(16.550113565159,-117.9240675714));
#230 = CARTESIAN_POINT('',(5.553241283811,-118.2851867785));
#231 = CARTESIAN_POINT('',(4.627596100607,-118.3166757597));
#232 = CARTESIAN_POINT('',(3.701989207127,-118.3492835263));
#233 = CARTESIAN_POINT('',(2.776423231623,-118.3830384849));
#234 = CARTESIAN_POINT('',(1.850900995983,-118.4179698006));
#235 = CARTESIAN_POINT('',(0.925425515724,-118.4541073975));
#236 = CARTESIAN_POINT('',(0.,-118.4914819583));
#237 = ( GEOMETRIC_REPRESENTATION_CONTEXT(2) 
PARAMETRIC_REPRESENTATION_CONTEXT() REPRESENTATION_CONTEXT('2D SPACE',''
  ) );
#238 = ORIENTED_EDGE('',*,*,#239,.F.);
#239 = EDGE_CURVE('',#240,#159,#242,.T.);
#240 = VERTEX_POINT('',#241);
#241 = CARTESIAN_POINT('',(23.,-22.98740277274,67.));
#242 = SURFACE_CURVE('',#243,(#249,#258),.PCURVE_S1.);
#243 = B_SPLINE_CURVE_WITH_KNOTS('',4,(#244,#245,#246,#247,#248),
  .UNSPECIFIED.,.F.,.F.,(5,5),(0.,1.),.PIECEWISE_BEZIER_KNOTS.);
#244 = CARTESIAN_POINT('',(23.,-22.98740277274,67.));
#245 = CARTESIAN_POINT('',(11.5,-22.98740277274,67.));
#246 = CARTESIAN_POINT('',(1.030286966852E-13,-22.98740277274,67.));
#247 = CARTESIAN_POINT('',(-11.5,-22.98740277274,67.));
#248 = CARTESIAN_POINT('',(-23.,-22.98740277274,67.));
#249 = PCURVE('',#31,#250);
#250 = DEFINITIONAL_REPRESENTATION('',(#251),#257);
#251 = B_SPLINE_CURVE_WITH_KNOTS('',4,(#252,#253,#254,#255,#256),
  .UNSPECIFIED.,.F.,.F.,(5,5),(0.,1.),.PIECEWISE_BEZIER_KNOTS.);
#252 = CARTESIAN_POINT('',(0.897042859396,0.733263134682));
#253 = CARTESIAN_POINT('',(0.698521429698,0.733263134682));
#254 = CARTESIAN_POINT('',(0.5,0.733263134682));
#255 = CARTESIAN_POINT('',(0.301478570302,0.733263134682));
#256 = CARTESIAN_POINT('',(0.102957140604,0.733263134682));
#257 = ( GEOMETRIC_REPRESENTATION_CONTEXT(2) 
PARAMETRIC_REPRESENTATION_CONTEXT() REPRESENTATION_CONTEXT('2D SPACE',''
  ) );
#258 = PCURVE('',#259,#264);
#259 = PLANE('',#260);
#260 = AXIS2_PLACEMENT_3D('',#261,#262,#263);
#261 = CARTESIAN_POINT('',(-23.,-142.,67.));
#262 = DIRECTION('',(0.,0.,1.));
#263 = DIRECTION('',(1.,0.,0.));
#264 = DEFINITIONAL_REPRESENTATION('',(#265),#271);
#265 = B_SPLINE_CURVE_WITH_KNOTS('',4,(#266,#267,#268,#269,#270),
  .UNSPECIFIED.,.F.,.F.,(5,5),(0.,1.),.PIECEWISE_BEZIER_KNOTS.);
#266 = CARTESIAN_POINT('',(46.,119.01259722725));
#267 = CARTESIAN_POINT('',(34.5,119.01259722725));
#268 = CARTESIAN_POINT('',(23.,119.01259722725));
#269 = CARTESIAN_POINT('',(11.5,119.01259722725));
#270 = CARTESIAN_POINT('',(0.,119.01259722725));
#271 = ( GEOMETRIC_REPRESENTATION_CONTEXT(2) 
PARAMETRIC_REPRESENTATION_CONTEXT() REPRESENTATION_CONTEXT('2D SPACE',''
  ) );
#272 = ORIENTED_EDGE('',*,*,#273,.F.);
#273 = EDGE_CURVE('',#274,#240,#276,.T.);
#274 = VERTEX_POINT('',#275);
#275 = CARTESIAN_POINT('',(23.,-23.50851804167,-67.));
#276 = SURFACE_CURVE('',#277,(#292,#310),.PCURVE_S1.);
#277 = B_SPLINE_CURVE_WITH_KNOTS('',7,(#278,#279,#280,#281,#282,#283,
    #284,#285,#286,#287,#288,#289,#290,#291),.UNSPECIFIED.,.F.,.F.,(8,6,
    8),(0.,0.438660436504,1.),.UNSPECIFIED.);
#278 = CARTESIAN_POINT('',(23.,-23.50851804167,-67.));
#279 = CARTESIAN_POINT('',(23.,-23.84744903853,-58.60778384205));
#280 = CARTESIAN_POINT('',(23.,-24.08464044442,-50.21181311428));
#281 = CARTESIAN_POINT('',(23.,-24.24302787263,-41.81381064882));
#282 = CARTESIAN_POINT('',(23.,-24.34019073942,-33.41498469373));
#283 = CARTESIAN_POINT('',(23.,-24.38937558306,-25.0160451319));
#284 = CARTESIAN_POINT('',(23.,-24.39972700078,-16.61720755481));
#285 = CARTESIAN_POINT('',(23.,-24.34632211006,2.529749121834));
#286 = CARTESIAN_POINT('',(23.,-24.26103235799,13.277119141942));
#287 = CARTESIAN_POINT('',(23.,-24.13104178529,24.024286046677));
#288 = CARTESIAN_POINT('',(23.,-23.9559707209,34.771099536161));
#289 = CARTESIAN_POINT('',(23.,-23.72458202088,45.516887853828));
#290 = CARTESIAN_POINT('',(23.,-23.41337338422,56.260434451187));
#291 = CARTESIAN_POINT('',(23.,-22.98740277274,67.));
#292 = PCURVE('',#31,#293);
#293 = DEFINITIONAL_REPRESENTATION('',(#294),#309);
#294 = B_SPLINE_CURVE_WITH_KNOTS('',7,(#295,#296,#297,#298,#299,#300,
    #301,#302,#303,#304,#305,#306,#307,#308),.UNSPECIFIED.,.F.,.F.,(8,6,
    8),(0.,0.438660436504,1.),.UNSPECIFIED.);
#295 = CARTESIAN_POINT('',(0.888241577406,0.269666824886));
#296 = CARTESIAN_POINT('',(0.882644155033,0.298658888734));
#297 = CARTESIAN_POINT('',(0.878915047624,0.32757315386));
#298 = CARTESIAN_POINT('',(0.87646221202,0.356442769497));
#299 = CARTESIAN_POINT('',(0.874973892528,0.385295535894));
#300 = CARTESIAN_POINT('',(0.874220224587,0.414155380246));
#301 = CARTESIAN_POINT('',(0.874060566211,0.443042744668));
#302 = CARTESIAN_POINT('',(0.874880866265,0.508997811064));
#303 = CARTESIAN_POINT('',(0.87619181874,0.54609092732));
#304 = CARTESIAN_POINT('',(0.87820210131,0.583288844302));
#305 = CARTESIAN_POINT('',(0.880937237745,0.620610760817));
#306 = CARTESIAN_POINT('',(0.884627736256,0.658060224773));
#307 = CARTESIAN_POINT('',(0.889685412743,0.69562232361));
#308 = CARTESIAN_POINT('',(0.897042859396,0.733263134682));
#309 = ( GEOMETRIC_REPRESENTATION_CONTEXT(2) 
PARAMETRIC_REPRESENTATION_CONTEXT() REPRESENTATION_CONTEXT('2D SPACE',''
  ) );
#310 = PCURVE('',#311,#316);
#311 = PLANE('',#312);
#312 = AXIS2_PLACEMENT_3D('',#313,#314,#315);
#313 = CARTESIAN_POINT('',(23.,-142.,-67.));
#314 = DIRECTION('',(1.,0.,0.));
#315 = DIRECTION('',(0.,0.,1.));
#316 = DEFINITIONAL_REPRESENTATION('',(#317),#332);
#317 = B_SPLINE_CURVE_WITH_KNOTS('',7,(#318,#319,#320,#321,#322,#323,
    #324,#325,#326,#327,#328,#329,#330,#331),.UNSPECIFIED.,.F.,.F.,(8,6,
    8),(0.,0.438660436504,1.),.UNSPECIFIED.);
#318 = CARTESIAN_POINT('',(0.,-118.4914819583));
#319 = CARTESIAN_POINT('',(8.392216157948,-118.1525509614));
#320 = CARTESIAN_POINT('',(16.788186885718,-117.9153595555));
#321 = CARTESIAN_POINT('',(25.186189351177,-117.7569721273));
#322 = CARTESIAN_POINT('',(33.585015306268,-117.6598092605));
#323 = CARTESIAN_POINT('',(41.983954868099,-117.6106244169));
#324 = CARTESIAN_POINT('',(50.382792445183,-117.6002729992));
#325 = CARTESIAN_POINT('',(69.529749121834,-117.6536778899));
#326 = CARTESIAN_POINT('',(80.277119141942,-117.738967642));
#327 = CARTESIAN_POINT('',(91.024286046677,-117.8689582147));
#328 = CARTESIAN_POINT('',(101.77109953616,-118.044029279));
#329 = CARTESIAN_POINT('',(112.51688785382,-118.2754179791));
#330 = CARTESIAN_POINT('',(123.26043445118,-118.5866266157));
#331 = CARTESIAN_POINT('',(134.,-119.0125972272));
#332 = ( GEOMETRIC_REPRESENTATION_CONTEXT(2) 
PARAMETRIC_REPRESENTATION_CONTEXT() REPRESENTATION_CONTEXT('2D SPACE',''
  ) );
#333 = ORIENTED_EDGE('',*,*,#334,.T.);
#334 = EDGE_CURVE('',#274,#161,#335,.T.);
#335 = SURFACE_CURVE('',#336,(#342,#351),.PCURVE_S1.);
#336 = B_SPLINE_CURVE_WITH_KNOTS('',4,(#337,#338,#339,#340,#341),
  .UNSPECIFIED.,.F.,.F.,(5,5),(0.,1.),.PIECEWISE_BEZIER_KNOTS.);
#337 = CARTESIAN_POINT('',(23.,-23.50851804167,-67.));
#338 = CARTESIAN_POINT('',(11.5,-23.50851804167,-67.));
#339 = CARTESIAN_POINT('',(5.329070518201E-14,-23.50851804167,-67.));
#340 = CARTESIAN_POINT('',(-11.5,-23.50851804167,-67.));
#341 = CARTESIAN_POINT('',(-23.,-23.50851804167,-67.));
#342 = PCURVE('',#31,#343);
#343 = DEFINITIONAL_REPRESENTATION('',(#344),#350);
#344 = B_SPLINE_CURVE_WITH_KNOTS('',4,(#345,#346,#347,#348,#349),
  .UNSPECIFIED.,.F.,.F.,(5,5),(0.,1.),.PIECEWISE_BEZIER_KNOTS.);
#345 = CARTESIAN_POINT('',(0.888241577406,0.269666824886));
#346 = CARTESIAN_POINT('',(0.694120788703,0.269666824886));
#347 = CARTESIAN_POINT('',(0.5,0.269666824886));
#348 = CARTESIAN_POINT('',(0.305879211297,0.269666824886));
#349 = CARTESIAN_POINT('',(0.111758422594,0.269666824886));
#350 = ( GEOMETRIC_REPRESENTATION_CONTEXT(2) 
PARAMETRIC_REPRESENTATION_CONTEXT() REPRESENTATION_CONTEXT('2D SPACE',''
  ) );
#351 = PCURVE('',#352,#357);
#352 = PLANE('',#353);
#353 = AXIS2_PLACEMENT_3D('',#354,#355,#356);
#354 = CARTESIAN_POINT('',(-23.,-142.,-67.));
#355 = DIRECTION('',(0.,0.,1.));
#356 = DIRECTION('',(1.,0.,0.));
#357 = DEFINITIONAL_REPRESENTATION('',(#358),#364);
#358 = B_SPLINE_CURVE_WITH_KNOTS('',4,(#359,#360,#361,#362,#363),
  .UNSPECIFIED.,.F.,.F.,(5,5),(0.,1.),.PIECEWISE_BEZIER_KNOTS.);
#359 = CARTESIAN_POINT('',(46.,118.49148195833));
#360 = CARTESIAN_POINT('',(34.5,118.49148195833));
#361 = CARTESIAN_POINT('',(23.,118.49148195833));
#362 = CARTESIAN_POINT('',(11.5,118.49148195833));
#363 = CARTESIAN_POINT('',(0.,118.49148195833));
#364 = ( GEOMETRIC_REPRESENTATION_CONTEXT(2) 
PARAMETRIC_REPRESENTATION_CONTEXT() REPRESENTATION_CONTEXT('2D SPACE',''
  ) );
#365 = ADVANCED_FACE('',(#366),#49,.F.);
#366 = FACE_BOUND('',#367,.F.);
#367 = EDGE_LOOP('',(#368,#389,#390,#411,#443,#469,#501,#533,#565,#597,
    #629,#655));
#368 = ORIENTED_EDGE('',*,*,#369,.T.);
#369 = EDGE_CURVE('',#370,#22,#372,.T.);
#370 = VERTEX_POINT('',#371);
#371 = CARTESIAN_POINT('',(-25.2,-7.344,-143.));
#372 = SURFACE_CURVE('',#373,(#376,#382),.PCURVE_S1.);
#373 = B_SPLINE_CURVE_WITH_KNOTS('',1,(#374,#375),.UNSPECIFIED.,.F.,.F.,
  (2,2),(7.,8.),.PIECEWISE_BEZIER_KNOTS.);
#374 = CARTESIAN_POINT('',(-25.2,-7.344,-143.));
#375 = CARTESIAN_POINT('',(-18.144,-14.4,-143.));
#376 = PCURVE('',#49,#377);
#377 = DEFINITIONAL_REPRESENTATION('',(#378),#381);
#378 = B_SPLINE_CURVE_WITH_KNOTS('',1,(#379,#380),.UNSPECIFIED.,.F.,.F.,
  (2,2),(7.,8.),.PIECEWISE_BEZIER_KNOTS.);
#379 = CARTESIAN_POINT('',(-3.142964489276,9.470799661019));
#380 = CARTESIAN_POINT('',(0.,0.));
#381 = ( GEOMETRIC_REPRESENTATION_CONTEXT(2) 
PARAMETRIC_REPRESENTATION_CONTEXT() REPRESENTATION_CONTEXT('2D SPACE',''
  ) );
#382 = PCURVE('',#138,#383);
#383 = DEFINITIONAL_REPRESENTATION('',(#384),#388);
#384 = LINE('',#385,#386);
#385 = CARTESIAN_POINT('',(0.,0.));
#386 = VECTOR('',#387,1.);
#387 = DIRECTION('',(1.,0.));
#388 = ( GEOMETRIC_REPRESENTATION_CONTEXT(2) 
PARAMETRIC_REPRESENTATION_CONTEXT() REPRESENTATION_CONTEXT('2D SPACE',''
  ) );
#389 = ORIENTED_EDGE('',*,*,#21,.T.);
#390 = ORIENTED_EDGE('',*,*,#391,.T.);
#391 = EDGE_CURVE('',#24,#392,#394,.T.);
#392 = VERTEX_POINT('',#393);
#393 = CARTESIAN_POINT('',(25.2,-7.344,-143.));
#394 = SURFACE_CURVE('',#395,(#398,#404),.PCURVE_S1.);
#395 = B_SPLINE_CURVE_WITH_KNOTS('',1,(#396,#397),.UNSPECIFIED.,.F.,.F.,
  (2,2),(1.,2.),.PIECEWISE_BEZIER_KNOTS.);
#396 = CARTESIAN_POINT('',(18.144,-14.4,-143.));
#397 = CARTESIAN_POINT('',(25.2,-7.344,-143.));
#398 = PCURVE('',#49,#399);
#399 = DEFINITIONAL_REPRESENTATION('',(#400),#403);
#400 = B_SPLINE_CURVE_WITH_KNOTS('',1,(#401,#402),.UNSPECIFIED.,.F.,.F.,
  (2,2),(1.,2.),.PIECEWISE_BEZIER_KNOTS.);
#401 = CARTESIAN_POINT('',(32.435393529329,-16.2715761559));
#402 = CARTESIAN_POINT('',(41.906193190348,-13.12861166663));
#403 = ( GEOMETRIC_REPRESENTATION_CONTEXT(2) 
PARAMETRIC_REPRESENTATION_CONTEXT() REPRESENTATION_CONTEXT('2D SPACE',''
  ) );
#404 = PCURVE('',#78,#405);
#405 = DEFINITIONAL_REPRESENTATION('',(#406),#410);
#406 = LINE('',#407,#408);
#407 = CARTESIAN_POINT('',(0.,0.));
#408 = VECTOR('',#409,1.);
#409 = DIRECTION('',(1.,0.));
#410 = ( GEOMETRIC_REPRESENTATION_CONTEXT(2) 
PARAMETRIC_REPRESENTATION_CONTEXT() REPRESENTATION_CONTEXT('2D SPACE',''
  ) );
#411 = ORIENTED_EDGE('',*,*,#412,.T.);
#412 = EDGE_CURVE('',#392,#413,#415,.T.);
#413 = VERTEX_POINT('',#414);
#414 = CARTESIAN_POINT('',(25.2,0.,-143.));
#415 = SURFACE_CURVE('',#416,(#419,#425),.PCURVE_S1.);
#416 = B_SPLINE_CURVE_WITH_KNOTS('',1,(#417,#418),.UNSPECIFIED.,.F.,.F.,
  (2,2),(2.,3.),.PIECEWISE_BEZIER_KNOTS.);
#417 = CARTESIAN_POINT('',(25.2,-7.344,-143.));
#418 = CARTESIAN_POINT('',(25.2,7.344,-143.));
#419 = PCURVE('',#49,#420);
#420 = DEFINITIONAL_REPRESENTATION('',(#421),#424);
#421 = B_SPLINE_CURVE_WITH_KNOTS('',1,(#422,#423),.UNSPECIFIED.,.F.,.F.,
  (2,2),(2.,3.),.PIECEWISE_BEZIER_KNOTS.);
#422 = CARTESIAN_POINT('',(41.906193190348,-13.12861166663));
#423 = CARTESIAN_POINT('',(48.492307348692,-1.7763568394E-15));
#424 = ( GEOMETRIC_REPRESENTATION_CONTEXT(2) 
PARAMETRIC_REPRESENTATION_CONTEXT() REPRESENTATION_CONTEXT('2D SPACE',''
  ) );
#425 = PCURVE('',#426,#437);
#426 = ( BOUNDED_SURFACE() B_SPLINE_SURFACE(1,4,(
    (#427,#428,#429,#430,#431)
    ,(#432,#433,#434,#435,#436
)),.UNSPECIFIED.,.F.,.F.,.F.) B_SPLINE_SURFACE_WITH_KNOTS((2,2),(5,5),(
    2.,3.),(0.,1.),.PIECEWISE_BEZIER_KNOTS.) 
GEOMETRIC_REPRESENTATION_ITEM() RATIONAL_B_SPLINE_SURFACE((
    (1.,1.,1.,1.,1.)
,(1.,1.,1.,1.,1.))) REPRESENTATION_ITEM('') SURFACE() );
#427 = CARTESIAN_POINT('',(25.2,-7.344,-143.));
#428 = CARTESIAN_POINT('',(53.9607158084,-15.7256943213,-75.62153088539)
  );
#429 = CARTESIAN_POINT('',(35.683439927958,-10.39917392186,
    2.664624612699));
#430 = CARTESIAN_POINT('',(49.66744388199,-14.47451221703,
    71.273098758925));
#431 = CARTESIAN_POINT('',(27.72,-8.0784,143.));
#432 = CARTESIAN_POINT('',(25.2,7.344,-143.));
#433 = CARTESIAN_POINT('',(53.9607158084,15.725694321305,-75.62153088539
    ));
#434 = CARTESIAN_POINT('',(35.683439927958,10.399173921862,
    2.664624612699));
#435 = CARTESIAN_POINT('',(49.66744388199,14.474512217037,
    71.273098758925));
#436 = CARTESIAN_POINT('',(27.72,8.0784,143.));
#437 = DEFINITIONAL_REPRESENTATION('',(#438),#442);
#438 = LINE('',#439,#440);
#439 = CARTESIAN_POINT('',(0.,0.));
#440 = VECTOR('',#441,1.);
#441 = DIRECTION('',(1.,0.));
#442 = ( GEOMETRIC_REPRESENTATION_CONTEXT(2) 
PARAMETRIC_REPRESENTATION_CONTEXT() REPRESENTATION_CONTEXT('2D SPACE',''
  ) );
#443 = ORIENTED_EDGE('',*,*,#444,.T.);
#444 = EDGE_CURVE('',#413,#445,#447,.T.);
#445 = VERTEX_POINT('',#446);
#446 = CARTESIAN_POINT('',(22.2,0.,-143.));
#447 = SURFACE_CURVE('',#448,(#452,#458),.PCURVE_S1.);
#448 = LINE('',#449,#450);
#449 = CARTESIAN_POINT('',(-51.072,0.,-143.));
#450 = VECTOR('',#451,1.);
#451 = DIRECTION('',(-1.,0.,0.));
#452 = PCURVE('',#49,#453);
#453 = DEFINITIONAL_REPRESENTATION('',(#454),#457);
#454 = B_SPLINE_CURVE_WITH_KNOTS('',1,(#455,#456),.UNSPECIFIED.,.F.,.F.,
  (2,2),(-79.95619933554,-22.18780066445),.PIECEWISE_BEZIER_KNOTS.);
#455 = CARTESIAN_POINT('',(48.492307348692,-8.216304567386));
#456 = CARTESIAN_POINT('',(-3.142964489276,17.687104228405));
#457 = ( GEOMETRIC_REPRESENTATION_CONTEXT(2) 
PARAMETRIC_REPRESENTATION_CONTEXT() REPRESENTATION_CONTEXT('2D SPACE',''
  ) );
#458 = PCURVE('',#459,#464);
#459 = PLANE('',#460);
#460 = AXIS2_PLACEMENT_3D('',#461,#462,#463);
#461 = CARTESIAN_POINT('',(-84.,0.,-171.6));
#462 = DIRECTION('',(0.,1.,0.));
#463 = DIRECTION('',(0.,0.,1.));
#464 = DEFINITIONAL_REPRESENTATION('',(#465),#468);
#465 = B_SPLINE_CURVE_WITH_KNOTS('',1,(#466,#467),.UNSPECIFIED.,.F.,.F.,
  (2,2),(-79.95619933554,-22.18780066445),.PIECEWISE_BEZIER_KNOTS.);
#466 = CARTESIAN_POINT('',(28.6,112.88419933554));
#467 = CARTESIAN_POINT('',(28.6,55.115800664452));
#468 = ( GEOMETRIC_REPRESENTATION_CONTEXT(2) 
PARAMETRIC_REPRESENTATION_CONTEXT() REPRESENTATION_CONTEXT('2D SPACE',''
  ) );
#469 = ORIENTED_EDGE('',*,*,#470,.F.);
#470 = EDGE_CURVE('',#471,#445,#473,.T.);
#471 = VERTEX_POINT('',#472);
#472 = CARTESIAN_POINT('',(22.2,-5.184,-143.));
#473 = SURFACE_CURVE('',#474,(#477,#483),.PCURVE_S1.);
#474 = B_SPLINE_CURVE_WITH_KNOTS('',1,(#475,#476),.UNSPECIFIED.,.F.,.F.,
  (2,2),(2.,3.),.PIECEWISE_BEZIER_KNOTS.);
#475 = CARTESIAN_POINT('',(22.2,-5.184,-143.));
#476 = CARTESIAN_POINT('',(22.2,5.184,-143.));
#477 = PCURVE('',#49,#478);
#478 = DEFINITIONAL_REPRESENTATION('',(#479),#482);
#479 = B_SPLINE_CURVE_WITH_KNOTS('',1,(#480,#481),.UNSPECIFIED.,.F.,.F.,
  (2,2),(2.,3.),.PIECEWISE_BEZIER_KNOTS.);
#480 = CARTESIAN_POINT('',(40.193241909174,-9.852730425146));
#481 = CARTESIAN_POINT('',(44.842263668005,-0.585475131052));
#482 = ( GEOMETRIC_REPRESENTATION_CONTEXT(2) 
PARAMETRIC_REPRESENTATION_CONTEXT() REPRESENTATION_CONTEXT('2D SPACE',''
  ) );
#483 = PCURVE('',#484,#495);
#484 = ( BOUNDED_SURFACE() B_SPLINE_SURFACE(1,4,(
    (#485,#486,#487,#488,#489)
    ,(#490,#491,#492,#493,#494
)),.UNSPECIFIED.,.F.,.F.,.F.) B_SPLINE_SURFACE_WITH_KNOTS((2,2),(5,5),(
    2.,3.),(0.,1.),.PIECEWISE_BEZIER_KNOTS.) 
GEOMETRIC_REPRESENTATION_ITEM() RATIONAL_B_SPLINE_SURFACE((
    (1.,1.,1.,1.,1.)
,(1.,1.,1.,1.,1.))) REPRESENTATION_ITEM('') SURFACE() );
#485 = CARTESIAN_POINT('',(22.2,-5.184,-143.));
#486 = CARTESIAN_POINT('',(50.9607158084,-13.5656943213,-75.62153088539)
  );
#487 = CARTESIAN_POINT('',(32.683439927959,-8.239173921862,
    2.664624612699));
#488 = CARTESIAN_POINT('',(46.66744388199,-12.31451221703,
    71.273098758925));
#489 = CARTESIAN_POINT('',(24.72,-5.9184,143.));
#490 = CARTESIAN_POINT('',(22.2,5.184,-143.));
#491 = CARTESIAN_POINT('',(50.9607158084,13.565694321305,-75.62153088539
    ));
#492 = CARTESIAN_POINT('',(32.683439927959,8.239173921862,2.664624612699
    ));
#493 = CARTESIAN_POINT('',(46.66744388199,12.314512217037,
    71.273098758925));
#494 = CARTESIAN_POINT('',(24.72,5.9184,143.));
#495 = DEFINITIONAL_REPRESENTATION('',(#496),#500);
#496 = LINE('',#497,#498);
#497 = CARTESIAN_POINT('',(0.,0.));
#498 = VECTOR('',#499,1.);
#499 = DIRECTION('',(1.,0.));
#500 = ( GEOMETRIC_REPRESENTATION_CONTEXT(2) 
PARAMETRIC_REPRESENTATION_CONTEXT() REPRESENTATION_CONTEXT('2D SPACE',''
  ) );
#501 = ORIENTED_EDGE('',*,*,#502,.F.);
#502 = EDGE_CURVE('',#503,#471,#505,.T.);
#503 = VERTEX_POINT('',#504);
#504 = CARTESIAN_POINT('',(15.984,-11.4,-143.));
#505 = SURFACE_CURVE('',#506,(#509,#515),.PCURVE_S1.);
#506 = B_SPLINE_CURVE_WITH_KNOTS('',1,(#507,#508),.UNSPECIFIED.,.F.,.F.,
  (2,2),(1.,2.),.PIECEWISE_BEZIER_KNOTS.);
#507 = CARTESIAN_POINT('',(15.984,-11.4,-143.));
#508 = CARTESIAN_POINT('',(22.2,-5.184,-143.));
#509 = PCURVE('',#49,#510);
#510 = DEFINITIONAL_REPRESENTATION('',(#511),#514);
#511 = B_SPLINE_CURVE_WITH_KNOTS('',1,(#512,#513),.UNSPECIFIED.,.F.,.F.,
  (2,2),(1.,2.),.PIECEWISE_BEZIER_KNOTS.);
#512 = CARTESIAN_POINT('',(31.849918398277,-12.62153247522));
#513 = CARTESIAN_POINT('',(40.193241909174,-9.852730425146));
#514 = ( GEOMETRIC_REPRESENTATION_CONTEXT(2) 
PARAMETRIC_REPRESENTATION_CONTEXT() REPRESENTATION_CONTEXT('2D SPACE',''
  ) );
#515 = PCURVE('',#516,#527);
#516 = ( BOUNDED_SURFACE() B_SPLINE_SURFACE(1,4,(
    (#517,#518,#519,#520,#521)
    ,(#522,#523,#524,#525,#526
)),.UNSPECIFIED.,.F.,.F.,.F.) B_SPLINE_SURFACE_WITH_KNOTS((2,2),(5,5),(
    1.,2.),(0.,1.),.PIECEWISE_BEZIER_KNOTS.) 
GEOMETRIC_REPRESENTATION_ITEM() RATIONAL_B_SPLINE_SURFACE((
    (1.,1.,1.,1.,1.)
,(1.,1.,1.,1.,1.))) REPRESENTATION_ITEM('') SURFACE() );
#517 = CARTESIAN_POINT('',(15.984,-11.4,-143.));
#518 = CARTESIAN_POINT('',(36.691715382048,-27.83469474765,
    -75.62153088539));
#519 = CARTESIAN_POINT('',(23.53207674813,-17.39053710169,2.664624612699
    ));
#520 = CARTESIAN_POINT('',(33.600559595033,-25.38139650399,
    71.273098758925));
#521 = CARTESIAN_POINT('',(17.7984,-12.84,143.));
#522 = CARTESIAN_POINT('',(22.2,-5.184,-143.));
#523 = CARTESIAN_POINT('',(50.9607158084,-13.5656943213,-75.62153088539)
  );
#524 = CARTESIAN_POINT('',(32.683439927959,-8.239173921862,
    2.664624612699));
#525 = CARTESIAN_POINT('',(46.66744388199,-12.31451221703,
    71.273098758925));
#526 = CARTESIAN_POINT('',(24.72,-5.9184,143.));
#527 = DEFINITIONAL_REPRESENTATION('',(#528),#532);
#528 = LINE('',#529,#530);
#529 = CARTESIAN_POINT('',(0.,0.));
#530 = VECTOR('',#531,1.);
#531 = DIRECTION('',(1.,0.));
#532 = ( GEOMETRIC_REPRESENTATION_CONTEXT(2) 
PARAMETRIC_REPRESENTATION_CONTEXT() REPRESENTATION_CONTEXT('2D SPACE',''
  ) );
#533 = ORIENTED_EDGE('',*,*,#534,.F.);
#534 = EDGE_CURVE('',#535,#503,#537,.T.);
#535 = VERTEX_POINT('',#536);
#536 = CARTESIAN_POINT('',(-15.984,-11.4,-143.));
#537 = SURFACE_CURVE('',#538,(#541,#547),.PCURVE_S1.);
#538 = B_SPLINE_CURVE_WITH_KNOTS('',1,(#539,#540),.UNSPECIFIED.,.F.,.F.,
  (2,2),(0.,1.),.PIECEWISE_BEZIER_KNOTS.);
#539 = CARTESIAN_POINT('',(-15.984,-11.4,-143.));
#540 = CARTESIAN_POINT('',(15.984,-11.4,-143.));
#541 = PCURVE('',#49,#542);
#542 = DEFINITIONAL_REPRESENTATION('',(#543),#546);
#543 = B_SPLINE_CURVE_WITH_KNOTS('',1,(#544,#545),.UNSPECIFIED.,.F.,.F.,
  (2,2),(0.,1.),.PIECEWISE_BEZIER_KNOTS.);
#544 = CARTESIAN_POINT('',(3.275881241487,1.712951281173));
#545 = CARTESIAN_POINT('',(31.849918398277,-12.62153247522));
#546 = ( GEOMETRIC_REPRESENTATION_CONTEXT(2) 
PARAMETRIC_REPRESENTATION_CONTEXT() REPRESENTATION_CONTEXT('2D SPACE',''
  ) );
#547 = PCURVE('',#548,#559);
#548 = ( BOUNDED_SURFACE() B_SPLINE_SURFACE(1,4,(
    (#549,#550,#551,#552,#553)
    ,(#554,#555,#556,#557,#558
)),.UNSPECIFIED.,.F.,.F.,.F.) B_SPLINE_SURFACE_WITH_KNOTS((2,2),(5,5),(
    0.,1.),(0.,1.),.PIECEWISE_BEZIER_KNOTS.) 
GEOMETRIC_REPRESENTATION_ITEM() RATIONAL_B_SPLINE_SURFACE((
    (1.,1.,1.,1.,1.)
,(1.,1.,1.,1.,1.))) REPRESENTATION_ITEM('') SURFACE() );
#549 = CARTESIAN_POINT('',(-15.984,-11.4,-143.));
#550 = CARTESIAN_POINT('',(-36.69171538204,-27.83469474765,
    -75.62153088539));
#551 = CARTESIAN_POINT('',(-23.53207674813,-17.39053710169,
    2.664624612699));
#552 = CARTESIAN_POINT('',(-33.60055959503,-25.38139650399,
    71.273098758925));
#553 = CARTESIAN_POINT('',(-17.7984,-12.84,143.));
#554 = CARTESIAN_POINT('',(15.984,-11.4,-143.));
#555 = CARTESIAN_POINT('',(36.691715382048,-27.83469474765,
    -75.62153088539));
#556 = CARTESIAN_POINT('',(23.53207674813,-17.39053710169,2.664624612699
    ));
#557 = CARTESIAN_POINT('',(33.600559595033,-25.38139650399,
    71.273098758925));
#558 = CARTESIAN_POINT('',(17.7984,-12.84,143.));
#559 = DEFINITIONAL_REPRESENTATION('',(#560),#564);
#560 = LINE('',#561,#562);
#561 = CARTESIAN_POINT('',(0.,0.));
#562 = VECTOR('',#563,1.);
#563 = DIRECTION('',(1.,0.));
#564 = ( GEOMETRIC_REPRESENTATION_CONTEXT(2) 
PARAMETRIC_REPRESENTATION_CONTEXT() REPRESENTATION_CONTEXT('2D SPACE',''
  ) );
#565 = ORIENTED_EDGE('',*,*,#566,.F.);
#566 = EDGE_CURVE('',#567,#535,#569,.T.);
#567 = VERTEX_POINT('',#568);
#568 = CARTESIAN_POINT('',(-22.2,-5.184,-143.));
#569 = SURFACE_CURVE('',#570,(#573,#579),.PCURVE_S1.);
#570 = B_SPLINE_CURVE_WITH_KNOTS('',1,(#571,#572),.UNSPECIFIED.,.F.,.F.,
  (2,2),(7.,8.),.PIECEWISE_BEZIER_KNOTS.);
#571 = CARTESIAN_POINT('',(-22.2,-5.184,-143.));
#572 = CARTESIAN_POINT('',(-15.984,-11.4,-143.));
#573 = PCURVE('',#49,#574);
#574 = DEFINITIONAL_REPRESENTATION('',(#575),#578);
#575 = B_SPLINE_CURVE_WITH_KNOTS('',1,(#576,#577),.UNSPECIFIED.,.F.,.F.,
  (2,2),(7.,8.),.PIECEWISE_BEZIER_KNOTS.);
#576 = CARTESIAN_POINT('',(0.50707919141,10.056274792071));
#577 = CARTESIAN_POINT('',(3.275881241487,1.712951281173));
#578 = ( GEOMETRIC_REPRESENTATION_CONTEXT(2) 
PARAMETRIC_REPRESENTATION_CONTEXT() REPRESENTATION_CONTEXT('2D SPACE',''
  ) );
#579 = PCURVE('',#580,#591);
#580 = ( BOUNDED_SURFACE() B_SPLINE_SURFACE(1,4,(
    (#581,#582,#583,#584,#585)
    ,(#586,#587,#588,#589,#590
)),.UNSPECIFIED.,.F.,.F.,.F.) B_SPLINE_SURFACE_WITH_KNOTS((2,2),(5,5),(
    7.,8.),(0.,1.),.PIECEWISE_BEZIER_KNOTS.) 
GEOMETRIC_REPRESENTATION_ITEM() RATIONAL_B_SPLINE_SURFACE((
    (1.,1.,1.,1.,1.)
,(1.,1.,1.,1.,1.))) REPRESENTATION_ITEM('') SURFACE() );
#581 = CARTESIAN_POINT('',(-22.2,-5.184,-143.));
#582 = CARTESIAN_POINT('',(-50.9607158084,-13.5656943213,-75.62153088539
    ));
#583 = CARTESIAN_POINT('',(-32.68343992795,-8.239173921862,
    2.664624612699));
#584 = CARTESIAN_POINT('',(-46.66744388199,-12.31451221703,
    71.273098758925));
#585 = CARTESIAN_POINT('',(-24.72,-5.9184,143.));
#586 = CARTESIAN_POINT('',(-15.984,-11.4,-143.));
#587 = CARTESIAN_POINT('',(-36.69171538204,-27.83469474765,
    -75.62153088539));
#588 = CARTESIAN_POINT('',(-23.53207674813,-17.39053710169,
    2.664624612699));
#589 = CARTESIAN_POINT('',(-33.60055959503,-25.38139650399,
    71.273098758925));
#590 = CARTESIAN_POINT('',(-17.7984,-12.84,143.));
#591 = DEFINITIONAL_REPRESENTATION('',(#592),#596);
#592 = LINE('',#593,#594);
#593 = CARTESIAN_POINT('',(0.,0.));
#594 = VECTOR('',#595,1.);
#595 = DIRECTION('',(1.,0.));
#596 = ( GEOMETRIC_REPRESENTATION_CONTEXT(2) 
PARAMETRIC_REPRESENTATION_CONTEXT() REPRESENTATION_CONTEXT('2D SPACE',''
  ) );
#597 = ORIENTED_EDGE('',*,*,#598,.F.);
#598 = EDGE_CURVE('',#599,#567,#601,.T.);
#599 = VERTEX_POINT('',#600);
#600 = CARTESIAN_POINT('',(-22.2,0.,-143.));
#601 = SURFACE_CURVE('',#602,(#605,#611),.PCURVE_S1.);
#602 = B_SPLINE_CURVE_WITH_KNOTS('',1,(#603,#604),.UNSPECIFIED.,.F.,.F.,
  (2,2),(6.,7.),.PIECEWISE_BEZIER_KNOTS.);
#603 = CARTESIAN_POINT('',(-22.2,5.184,-143.));
#604 = CARTESIAN_POINT('',(-22.2,-5.184,-143.));
#605 = PCURVE('',#49,#606);
#606 = DEFINITIONAL_REPRESENTATION('',(#607),#610);
#607 = B_SPLINE_CURVE_WITH_KNOTS('',1,(#608,#609),.UNSPECIFIED.,.F.,.F.,
  (2,2),(6.,7.),.PIECEWISE_BEZIER_KNOTS.);
#608 = CARTESIAN_POINT('',(5.156100950242,19.323530086165));
#609 = CARTESIAN_POINT('',(0.50707919141,10.056274792071));
#610 = ( GEOMETRIC_REPRESENTATION_CONTEXT(2) 
PARAMETRIC_REPRESENTATION_CONTEXT() REPRESENTATION_CONTEXT('2D SPACE',''
  ) );
#611 = PCURVE('',#612,#623);
#612 = ( BOUNDED_SURFACE() B_SPLINE_SURFACE(1,4,(
    (#613,#614,#615,#616,#617)
    ,(#618,#619,#620,#621,#622
)),.UNSPECIFIED.,.F.,.F.,.F.) B_SPLINE_SURFACE_WITH_KNOTS((2,2),(5,5),(
    6.,7.),(0.,1.),.PIECEWISE_BEZIER_KNOTS.) 
GEOMETRIC_REPRESENTATION_ITEM() RATIONAL_B_SPLINE_SURFACE((
    (1.,1.,1.,1.,1.)
,(1.,1.,1.,1.,1.))) REPRESENTATION_ITEM('') SURFACE() );
#613 = CARTESIAN_POINT('',(-22.2,5.184,-143.));
#614 = CARTESIAN_POINT('',(-50.9607158084,13.565694321305,
    -75.62153088539));
#615 = CARTESIAN_POINT('',(-32.68343992795,8.239173921862,2.664624612699
    ));
#616 = CARTESIAN_POINT('',(-46.66744388199,12.314512217037,
    71.273098758925));
#617 = CARTESIAN_POINT('',(-24.72,5.9184,143.));
#618 = CARTESIAN_POINT('',(-22.2,-5.184,-143.));
#619 = CARTESIAN_POINT('',(-50.9607158084,-13.5656943213,-75.62153088539
    ));
#620 = CARTESIAN_POINT('',(-32.68343992795,-8.239173921862,
    2.664624612699));
#621 = CARTESIAN_POINT('',(-46.66744388199,-12.31451221703,
    71.273098758925));
#622 = CARTESIAN_POINT('',(-24.72,-5.9184,143.));
#623 = DEFINITIONAL_REPRESENTATION('',(#624),#628);
#624 = LINE('',#625,#626);
#625 = CARTESIAN_POINT('',(0.,0.));
#626 = VECTOR('',#627,1.);
#627 = DIRECTION('',(1.,0.));
#628 = ( GEOMETRIC_REPRESENTATION_CONTEXT(2) 
PARAMETRIC_REPRESENTATION_CONTEXT() REPRESENTATION_CONTEXT('2D SPACE',''
  ) );
#629 = ORIENTED_EDGE('',*,*,#630,.T.);
#630 = EDGE_CURVE('',#599,#631,#633,.T.);
#631 = VERTEX_POINT('',#632);
#632 = CARTESIAN_POINT('',(-25.2,0.,-143.));
#633 = SURFACE_CURVE('',#634,(#638,#644),.PCURVE_S1.);
#634 = LINE('',#635,#636);
#635 = CARTESIAN_POINT('',(-51.072,0.,-143.));
#636 = VECTOR('',#637,1.);
#637 = DIRECTION('',(-1.,0.,0.));
#638 = PCURVE('',#49,#639);
#639 = DEFINITIONAL_REPRESENTATION('',(#640),#643);
#640 = B_SPLINE_CURVE_WITH_KNOTS('',1,(#641,#642),.UNSPECIFIED.,.F.,.F.,
  (2,2),(-79.95619933554,-22.18780066445),.PIECEWISE_BEZIER_KNOTS.);
#641 = CARTESIAN_POINT('',(48.492307348692,-8.216304567386));
#642 = CARTESIAN_POINT('',(-3.142964489276,17.687104228405));
#643 = ( GEOMETRIC_REPRESENTATION_CONTEXT(2) 
PARAMETRIC_REPRESENTATION_CONTEXT() REPRESENTATION_CONTEXT('2D SPACE',''
  ) );
#644 = PCURVE('',#645,#650);
#645 = PLANE('',#646);
#646 = AXIS2_PLACEMENT_3D('',#647,#648,#649);
#647 = CARTESIAN_POINT('',(-84.,0.,-171.6));
#648 = DIRECTION('',(0.,1.,0.));
#649 = DIRECTION('',(0.,0.,1.));
#650 = DEFINITIONAL_REPRESENTATION('',(#651),#654);
#651 = B_SPLINE_CURVE_WITH_KNOTS('',1,(#652,#653),.UNSPECIFIED.,.F.,.F.,
  (2,2),(-79.95619933554,-22.18780066445),.PIECEWISE_BEZIER_KNOTS.);
#652 = CARTESIAN_POINT('',(28.6,112.88419933554));
#653 = CARTESIAN_POINT('',(28.6,55.115800664452));
#654 = ( GEOMETRIC_REPRESENTATION_CONTEXT(2) 
PARAMETRIC_REPRESENTATION_CONTEXT() REPRESENTATION_CONTEXT('2D SPACE',''
  ) );
#655 = ORIENTED_EDGE('',*,*,#656,.T.);
#656 = EDGE_CURVE('',#631,#370,#657,.T.);
#657 = SURFACE_CURVE('',#658,(#661,#667),.PCURVE_S1.);
#658 = B_SPLINE_CURVE_WITH_KNOTS('',1,(#659,#660),.UNSPECIFIED.,.F.,.F.,
  (2,2),(6.,7.),.PIECEWISE_BEZIER_KNOTS.);
#659 = CARTESIAN_POINT('',(-25.2,7.344,-143.));
#660 = CARTESIAN_POINT('',(-25.2,-7.344,-143.));
#661 = PCURVE('',#49,#662);
#662 = DEFINITIONAL_REPRESENTATION('',(#663),#666);
#663 = B_SPLINE_CURVE_WITH_KNOTS('',1,(#664,#665),.UNSPECIFIED.,.F.,.F.,
  (2,2),(6.,7.),.PIECEWISE_BEZIER_KNOTS.);
#664 = CARTESIAN_POINT('',(3.443149669068,22.599411327652));
#665 = CARTESIAN_POINT('',(-3.142964489276,9.470799661019));
#666 = ( GEOMETRIC_REPRESENTATION_CONTEXT(2) 
PARAMETRIC_REPRESENTATION_CONTEXT() REPRESENTATION_CONTEXT('2D SPACE',''
  ) );
#667 = PCURVE('',#668,#679);
#668 = ( BOUNDED_SURFACE() B_SPLINE_SURFACE(1,4,(
    (#669,#670,#671,#672,#673)
    ,(#674,#675,#676,#677,#678
)),.UNSPECIFIED.,.F.,.F.,.F.) B_SPLINE_SURFACE_WITH_KNOTS((2,2),(5,5),(
    6.,7.),(0.,1.),.PIECEWISE_BEZIER_KNOTS.) 
GEOMETRIC_REPRESENTATION_ITEM() RATIONAL_B_SPLINE_SURFACE((
    (1.,1.,1.,1.,1.)
,(1.,1.,1.,1.,1.))) REPRESENTATION_ITEM('') SURFACE() );
#669 = CARTESIAN_POINT('',(-25.2,7.344,-143.));
#670 = CARTESIAN_POINT('',(-53.9607158084,15.725694321305,
    -75.62153088539));
#671 = CARTESIAN_POINT('',(-35.68343992795,10.399173921862,
    2.664624612699));
#672 = CARTESIAN_POINT('',(-49.66744388199,14.474512217037,
    71.273098758925));
#673 = CARTESIAN_POINT('',(-27.72,8.0784,143.));
#674 = CARTESIAN_POINT('',(-25.2,-7.344,-143.));
#675 = CARTESIAN_POINT('',(-53.9607158084,-15.7256943213,-75.62153088539
    ));
#676 = CARTESIAN_POINT('',(-35.68343992795,-10.39917392186,
    2.664624612699));
#677 = CARTESIAN_POINT('',(-49.66744388199,-14.47451221703,
    71.273098758925));
#678 = CARTESIAN_POINT('',(-27.72,-8.0784,143.));
#679 = DEFINITIONAL_REPRESENTATION('',(#680),#684);
#680 = LINE('',#681,#682);
#681 = CARTESIAN_POINT('',(0.,0.));
#682 = VECTOR('',#683,1.);
#683 = DIRECTION('',(1.,0.));
#684 = ( GEOMETRIC_REPRESENTATION_CONTEXT(2) 
PARAMETRIC_REPRESENTATION_CONTEXT() REPRESENTATION_CONTEXT('2D SPACE',''
  ) );
#685 = ADVANCED_FACE('',(#686),#138,.T.);
#686 = FACE_BOUND('',#687,.T.);
#687 = EDGE_LOOP('',(#688,#689,#690,#711));
#688 = ORIENTED_EDGE('',*,*,#369,.T.);
#689 = ORIENTED_EDGE('',*,*,#122,.T.);
#690 = ORIENTED_EDGE('',*,*,#691,.F.);
#691 = EDGE_CURVE('',#692,#97,#694,.T.);
#692 = VERTEX_POINT('',#693);
#693 = CARTESIAN_POINT('',(-27.72,-8.0784,143.));
#694 = SURFACE_CURVE('',#695,(#698,#705),.PCURVE_S1.);
#695 = B_SPLINE_CURVE_WITH_KNOTS('',1,(#696,#697),.UNSPECIFIED.,.F.,.F.,
  (2,2),(7.,8.),.PIECEWISE_BEZIER_KNOTS.);
#696 = CARTESIAN_POINT('',(-27.72,-8.0784,143.));
#697 = CARTESIAN_POINT('',(-19.9584,-15.84,143.));
#698 = PCURVE('',#138,#699);
#699 = DEFINITIONAL_REPRESENTATION('',(#700),#704);
#700 = LINE('',#701,#702);
#701 = CARTESIAN_POINT('',(0.,1.));
#702 = VECTOR('',#703,1.);
#703 = DIRECTION('',(1.,0.));
#704 = ( GEOMETRIC_REPRESENTATION_CONTEXT(2) 
PARAMETRIC_REPRESENTATION_CONTEXT() REPRESENTATION_CONTEXT('2D SPACE',''
  ) );
#705 = PCURVE('',#111,#706);
#706 = DEFINITIONAL_REPRESENTATION('',(#707),#710);
#707 = B_SPLINE_CURVE_WITH_KNOTS('',1,(#708,#709),.UNSPECIFIED.,.F.,.F.,
  (2,2),(7.,8.),.PIECEWISE_BEZIER_KNOTS.);
#708 = CARTESIAN_POINT('',(-3.457260938204,10.41787962712));
#709 = CARTESIAN_POINT('',(0.,0.));
#710 = ( GEOMETRIC_REPRESENTATION_CONTEXT(2) 
PARAMETRIC_REPRESENTATION_CONTEXT() REPRESENTATION_CONTEXT('2D SPACE',''
  ) );
#711 = ORIENTED_EDGE('',*,*,#712,.F.);
#712 = EDGE_CURVE('',#370,#692,#713,.T.);
#713 = SURFACE_CURVE('',#714,(#720,#727),.PCURVE_S1.);
#714 = ( BOUNDED_CURVE() B_SPLINE_CURVE(4,(#715,#716,#717,#718,#719),
.UNSPECIFIED.,.F.,.F.) B_SPLINE_CURVE_WITH_KNOTS((5,5),(0.,1.),
.PIECEWISE_BEZIER_KNOTS.) CURVE() GEOMETRIC_REPRESENTATION_ITEM() 
RATIONAL_B_SPLINE_CURVE((1.,1.,1.,1.,1.)) REPRESENTATION_ITEM('') );
#715 = CARTESIAN_POINT('',(-25.2,-7.344,-143.));
#716 = CARTESIAN_POINT('',(-53.9607158084,-15.7256943213,-75.62153088539
    ));
#717 = CARTESIAN_POINT('',(-35.68343992795,-10.39917392186,
    2.664624612699));
#718 = CARTESIAN_POINT('',(-49.66744388199,-14.47451221703,
    71.273098758925));
#719 = CARTESIAN_POINT('',(-27.72,-8.0784,143.));
#720 = PCURVE('',#138,#721);
#721 = DEFINITIONAL_REPRESENTATION('',(#722),#726);
#722 = LINE('',#723,#724);
#723 = CARTESIAN_POINT('',(7.,0.));
#724 = VECTOR('',#725,1.);
#725 = DIRECTION('',(0.,1.));
#726 = ( GEOMETRIC_REPRESENTATION_CONTEXT(2) 
PARAMETRIC_REPRESENTATION_CONTEXT() REPRESENTATION_CONTEXT('2D SPACE',''
  ) );
#727 = PCURVE('',#668,#728);
#728 = DEFINITIONAL_REPRESENTATION('',(#729),#733);
#729 = LINE('',#730,#731);
#730 = CARTESIAN_POINT('',(7.,0.));
#731 = VECTOR('',#732,1.);
#732 = DIRECTION('',(0.,1.));
#733 = ( GEOMETRIC_REPRESENTATION_CONTEXT(2) 
PARAMETRIC_REPRESENTATION_CONTEXT() REPRESENTATION_CONTEXT('2D SPACE',''
  ) );
#734 = ADVANCED_FACE('',(#735),#78,.T.);
#735 = FACE_BOUND('',#736,.T.);
#736 = EDGE_LOOP('',(#737,#738,#763,#782));
#737 = ORIENTED_EDGE('',*,*,#391,.T.);
#738 = ORIENTED_EDGE('',*,*,#739,.T.);
#739 = EDGE_CURVE('',#392,#740,#742,.T.);
#740 = VERTEX_POINT('',#741);
#741 = CARTESIAN_POINT('',(27.72,-8.0784,143.));
#742 = SURFACE_CURVE('',#743,(#749,#756),.PCURVE_S1.);
#743 = ( BOUNDED_CURVE() B_SPLINE_CURVE(4,(#744,#745,#746,#747,#748),
.UNSPECIFIED.,.F.,.F.) B_SPLINE_CURVE_WITH_KNOTS((5,5),(0.,1.),
.PIECEWISE_BEZIER_KNOTS.) CURVE() GEOMETRIC_REPRESENTATION_ITEM() 
RATIONAL_B_SPLINE_CURVE((1.,1.,1.,1.,1.)) REPRESENTATION_ITEM('') );
#744 = CARTESIAN_POINT('',(25.2,-7.344,-143.));
#745 = CARTESIAN_POINT('',(53.9607158084,-15.7256943213,-75.62153088539)
  );
#746 = CARTESIAN_POINT('',(35.683439927958,-10.39917392186,
    2.664624612699));
#747 = CARTESIAN_POINT('',(49.66744388199,-14.47451221703,
    71.273098758925));
#748 = CARTESIAN_POINT('',(27.72,-8.0784,143.));
#749 = PCURVE('',#78,#750);
#750 = DEFINITIONAL_REPRESENTATION('',(#751),#755);
#751 = LINE('',#752,#753);
#752 = CARTESIAN_POINT('',(2.,0.));
#753 = VECTOR('',#754,1.);
#754 = DIRECTION('',(0.,1.));
#755 = ( GEOMETRIC_REPRESENTATION_CONTEXT(2) 
PARAMETRIC_REPRESENTATION_CONTEXT() REPRESENTATION_CONTEXT('2D SPACE',''
  ) );
#756 = PCURVE('',#426,#757);
#757 = DEFINITIONAL_REPRESENTATION('',(#758),#762);
#758 = LINE('',#759,#760);
#759 = CARTESIAN_POINT('',(2.,0.));
#760 = VECTOR('',#761,1.);
#761 = DIRECTION('',(0.,1.));
#762 = ( GEOMETRIC_REPRESENTATION_CONTEXT(2) 
PARAMETRIC_REPRESENTATION_CONTEXT() REPRESENTATION_CONTEXT('2D SPACE',''
  ) );
#763 = ORIENTED_EDGE('',*,*,#764,.F.);
#764 = EDGE_CURVE('',#61,#740,#765,.T.);
#765 = SURFACE_CURVE('',#766,(#769,#776),.PCURVE_S1.);
#766 = B_SPLINE_CURVE_WITH_KNOTS('',1,(#767,#768),.UNSPECIFIED.,.F.,.F.,
  (2,2),(1.,2.),.PIECEWISE_BEZIER_KNOTS.);
#767 = CARTESIAN_POINT('',(19.9584,-15.84,143.));
#768 = CARTESIAN_POINT('',(27.72,-8.0784,143.));
#769 = PCURVE('',#78,#770);
#770 = DEFINITIONAL_REPRESENTATION('',(#771),#775);
#771 = LINE('',#772,#773);
#772 = CARTESIAN_POINT('',(0.,1.));
#773 = VECTOR('',#774,1.);
#774 = DIRECTION('',(1.,0.));
#775 = ( GEOMETRIC_REPRESENTATION_CONTEXT(2) 
PARAMETRIC_REPRESENTATION_CONTEXT() REPRESENTATION_CONTEXT('2D SPACE',''
  ) );
#776 = PCURVE('',#111,#777);
#777 = DEFINITIONAL_REPRESENTATION('',(#778),#781);
#778 = B_SPLINE_CURVE_WITH_KNOTS('',1,(#779,#780),.UNSPECIFIED.,.F.,.F.,
  (2,2),(1.,2.),.PIECEWISE_BEZIER_KNOTS.);
#779 = CARTESIAN_POINT('',(35.678932882262,-17.8987337715));
#780 = CARTESIAN_POINT('',(46.096812509382,-14.44147283329));
#781 = ( GEOMETRIC_REPRESENTATION_CONTEXT(2) 
PARAMETRIC_REPRESENTATION_CONTEXT() REPRESENTATION_CONTEXT('2D SPACE',''
  ) );
#782 = ORIENTED_EDGE('',*,*,#60,.F.);
#783 = ADVANCED_FACE('',(#784),#111,.T.);
#784 = FACE_BOUND('',#785,.T.);
#785 = EDGE_LOOP('',(#786,#787,#788,#789,#810,#831,#852,#873,#894,#915,
    #936,#957));
#786 = ORIENTED_EDGE('',*,*,#691,.T.);
#787 = ORIENTED_EDGE('',*,*,#96,.T.);
#788 = ORIENTED_EDGE('',*,*,#764,.T.);
#789 = ORIENTED_EDGE('',*,*,#790,.T.);
#790 = EDGE_CURVE('',#740,#791,#793,.T.);
#791 = VERTEX_POINT('',#792);
#792 = CARTESIAN_POINT('',(27.72,0.,143.));
#793 = SURFACE_CURVE('',#794,(#797,#803),.PCURVE_S1.);
#794 = B_SPLINE_CURVE_WITH_KNOTS('',1,(#795,#796),.UNSPECIFIED.,.F.,.F.,
  (2,2),(2.,3.),.PIECEWISE_BEZIER_KNOTS.);
#795 = CARTESIAN_POINT('',(27.72,-8.0784,143.));
#796 = CARTESIAN_POINT('',(27.72,8.0784,143.));
#797 = PCURVE('',#111,#798);
#798 = DEFINITIONAL_REPRESENTATION('',(#799),#802);
#799 = B_SPLINE_CURVE_WITH_KNOTS('',1,(#800,#801),.UNSPECIFIED.,.F.,.F.,
  (2,2),(2.,3.),.PIECEWISE_BEZIER_KNOTS.);
#800 = CARTESIAN_POINT('',(46.096812509382,-14.44147283329));
#801 = CARTESIAN_POINT('',(53.341538083561,-8.881784197001E-16));
#802 = ( GEOMETRIC_REPRESENTATION_CONTEXT(2) 
PARAMETRIC_REPRESENTATION_CONTEXT() REPRESENTATION_CONTEXT('2D SPACE',''
  ) );
#803 = PCURVE('',#426,#804);
#804 = DEFINITIONAL_REPRESENTATION('',(#805),#809);
#805 = LINE('',#806,#807);
#806 = CARTESIAN_POINT('',(0.,1.));
#807 = VECTOR('',#808,1.);
#808 = DIRECTION('',(1.,0.));
#809 = ( GEOMETRIC_REPRESENTATION_CONTEXT(2) 
PARAMETRIC_REPRESENTATION_CONTEXT() REPRESENTATION_CONTEXT('2D SPACE',''
  ) );
#810 = ORIENTED_EDGE('',*,*,#811,.T.);
#811 = EDGE_CURVE('',#791,#812,#814,.T.);
#812 = VERTEX_POINT('',#813);
#813 = CARTESIAN_POINT('',(24.72,0.,143.));
#814 = SURFACE_CURVE('',#815,(#819,#825),.PCURVE_S1.);
#815 = LINE('',#816,#817);
#816 = CARTESIAN_POINT('',(-51.9792,0.,143.));
#817 = VECTOR('',#818,1.);
#818 = DIRECTION('',(-1.,0.,0.));
#819 = PCURVE('',#111,#820);
#820 = DEFINITIONAL_REPRESENTATION('',(#821),#824);
#821 = B_SPLINE_CURVE_WITH_KNOTS('',1,(#822,#823),.UNSPECIFIED.,.F.,.F.,
  (2,2),(-83.7518192691,-20.20658073089),.PIECEWISE_BEZIER_KNOTS.);
#822 = CARTESIAN_POINT('',(53.341538083561,-9.037935024125));
#823 = CARTESIAN_POINT('',(-3.457260938204,19.455814651245));
#824 = ( GEOMETRIC_REPRESENTATION_CONTEXT(2) 
PARAMETRIC_REPRESENTATION_CONTEXT() REPRESENTATION_CONTEXT('2D SPACE',''
  ) );
#825 = PCURVE('',#459,#826);
#826 = DEFINITIONAL_REPRESENTATION('',(#827),#830);
#827 = B_SPLINE_CURVE_WITH_KNOTS('',1,(#828,#829),.UNSPECIFIED.,.F.,.F.,
  (2,2),(-83.7518192691,-20.20658073089),.PIECEWISE_BEZIER_KNOTS.);
#828 = CARTESIAN_POINT('',(314.6,115.7726192691));
#829 = CARTESIAN_POINT('',(314.6,52.227380730897));
#830 = ( GEOMETRIC_REPRESENTATION_CONTEXT(2) 
PARAMETRIC_REPRESENTATION_CONTEXT() REPRESENTATION_CONTEXT('2D SPACE',''
  ) );
#831 = ORIENTED_EDGE('',*,*,#832,.F.);
#832 = EDGE_CURVE('',#833,#812,#835,.T.);
#833 = VERTEX_POINT('',#834);
#834 = CARTESIAN_POINT('',(24.72,-5.9184,143.));
#835 = SURFACE_CURVE('',#836,(#839,#845),.PCURVE_S1.);
#836 = B_SPLINE_CURVE_WITH_KNOTS('',1,(#837,#838),.UNSPECIFIED.,.F.,.F.,
  (2,2),(2.,3.),.PIECEWISE_BEZIER_KNOTS.);
#837 = CARTESIAN_POINT('',(24.72,-5.9184,143.));
#838 = CARTESIAN_POINT('',(24.72,5.9184,143.));
#839 = PCURVE('',#111,#840);
#840 = DEFINITIONAL_REPRESENTATION('',(#841),#844);
#841 = B_SPLINE_CURVE_WITH_KNOTS('',1,(#842,#843),.UNSPECIFIED.,.F.,.F.,
  (2,2),(2.,3.),.PIECEWISE_BEZIER_KNOTS.);
#842 = CARTESIAN_POINT('',(44.383861228209,-11.16559159181));
#843 = CARTESIAN_POINT('',(49.691494402875,-0.585475131052));
#844 = ( GEOMETRIC_REPRESENTATION_CONTEXT(2) 
PARAMETRIC_REPRESENTATION_CONTEXT() REPRESENTATION_CONTEXT('2D SPACE',''
  ) );
#845 = PCURVE('',#484,#846);
#846 = DEFINITIONAL_REPRESENTATION('',(#847),#851);
#847 = LINE('',#848,#849);
#848 = CARTESIAN_POINT('',(0.,1.));
#849 = VECTOR('',#850,1.);
#850 = DIRECTION('',(1.,0.));
#851 = ( GEOMETRIC_REPRESENTATION_CONTEXT(2) 
PARAMETRIC_REPRESENTATION_CONTEXT() REPRESENTATION_CONTEXT('2D SPACE',''
  ) );
#852 = ORIENTED_EDGE('',*,*,#853,.F.);
#853 = EDGE_CURVE('',#854,#833,#856,.T.);
#854 = VERTEX_POINT('',#855);
#855 = CARTESIAN_POINT('',(17.7984,-12.84,143.));
#856 = SURFACE_CURVE('',#857,(#860,#866),.PCURVE_S1.);
#857 = B_SPLINE_CURVE_WITH_KNOTS('',1,(#858,#859),.UNSPECIFIED.,.F.,.F.,
  (2,2),(1.,2.),.PIECEWISE_BEZIER_KNOTS.);
#858 = CARTESIAN_POINT('',(17.7984,-12.84,143.));
#859 = CARTESIAN_POINT('',(24.72,-5.9184,143.));
#860 = PCURVE('',#111,#861);
#861 = DEFINITIONAL_REPRESENTATION('',(#862),#865);
#862 = B_SPLINE_CURVE_WITH_KNOTS('',1,(#863,#864),.UNSPECIFIED.,.F.,.F.,
  (2,2),(1.,2.),.PIECEWISE_BEZIER_KNOTS.);
#863 = CARTESIAN_POINT('',(35.09345775121,-14.24869009081));
#864 = CARTESIAN_POINT('',(44.383861228209,-11.16559159181));
#865 = ( GEOMETRIC_REPRESENTATION_CONTEXT(2) 
PARAMETRIC_REPRESENTATION_CONTEXT() REPRESENTATION_CONTEXT('2D SPACE',''
  ) );
#866 = PCURVE('',#516,#867);
#867 = DEFINITIONAL_REPRESENTATION('',(#868),#872);
#868 = LINE('',#869,#870);
#869 = CARTESIAN_POINT('',(0.,1.));
#870 = VECTOR('',#871,1.);
#871 = DIRECTION('',(1.,0.));
#872 = ( GEOMETRIC_REPRESENTATION_CONTEXT(2) 
PARAMETRIC_REPRESENTATION_CONTEXT() REPRESENTATION_CONTEXT('2D SPACE',''
  ) );
#873 = ORIENTED_EDGE('',*,*,#874,.F.);
#874 = EDGE_CURVE('',#875,#854,#877,.T.);
#875 = VERTEX_POINT('',#876);
#876 = CARTESIAN_POINT('',(-17.7984,-12.84,143.));
#877 = SURFACE_CURVE('',#878,(#881,#887),.PCURVE_S1.);
#878 = B_SPLINE_CURVE_WITH_KNOTS('',1,(#879,#880),.UNSPECIFIED.,.F.,.F.,
  (2,2),(0.,1.),.PIECEWISE_BEZIER_KNOTS.);
#879 = CARTESIAN_POINT('',(-17.7984,-12.84,143.));
#880 = CARTESIAN_POINT('',(17.7984,-12.84,143.));
#881 = PCURVE('',#111,#882);
#882 = DEFINITIONAL_REPRESENTATION('',(#883),#886);
#883 = B_SPLINE_CURVE_WITH_KNOTS('',1,(#884,#885),.UNSPECIFIED.,.F.,.F.,
  (2,2),(0.,1.),.PIECEWISE_BEZIER_KNOTS.);
#884 = CARTESIAN_POINT('',(3.275881241487,1.712951281173));
#885 = CARTESIAN_POINT('',(35.09345775121,-14.24869009081));
#886 = ( GEOMETRIC_REPRESENTATION_CONTEXT(2) 
PARAMETRIC_REPRESENTATION_CONTEXT() REPRESENTATION_CONTEXT('2D SPACE',''
  ) );
#887 = PCURVE('',#548,#888);
#888 = DEFINITIONAL_REPRESENTATION('',(#889),#893);
#889 = LINE('',#890,#891);
#890 = CARTESIAN_POINT('',(0.,1.));
#891 = VECTOR('',#892,1.);
#892 = DIRECTION('',(1.,0.));
#893 = ( GEOMETRIC_REPRESENTATION_CONTEXT(2) 
PARAMETRIC_REPRESENTATION_CONTEXT() REPRESENTATION_CONTEXT('2D SPACE',''
  ) );
#894 = ORIENTED_EDGE('',*,*,#895,.F.);
#895 = EDGE_CURVE('',#896,#875,#898,.T.);
#896 = VERTEX_POINT('',#897);
#897 = CARTESIAN_POINT('',(-24.72,-5.9184,143.));
#898 = SURFACE_CURVE('',#899,(#902,#908),.PCURVE_S1.);
#899 = B_SPLINE_CURVE_WITH_KNOTS('',1,(#900,#901),.UNSPECIFIED.,.F.,.F.,
  (2,2),(7.,8.),.PIECEWISE_BEZIER_KNOTS.);
#900 = CARTESIAN_POINT('',(-24.72,-5.9184,143.));
#901 = CARTESIAN_POINT('',(-17.7984,-12.84,143.));
#902 = PCURVE('',#111,#903);
#903 = DEFINITIONAL_REPRESENTATION('',(#904),#907);
#904 = B_SPLINE_CURVE_WITH_KNOTS('',1,(#905,#906),.UNSPECIFIED.,.F.,.F.,
  (2,2),(7.,8.),.PIECEWISE_BEZIER_KNOTS.);
#905 = CARTESIAN_POINT('',(0.192782742483,11.003354758173));
#906 = CARTESIAN_POINT('',(3.275881241487,1.712951281173));
#907 = ( GEOMETRIC_REPRESENTATION_CONTEXT(2) 
PARAMETRIC_REPRESENTATION_CONTEXT() REPRESENTATION_CONTEXT('2D SPACE',''
  ) );
#908 = PCURVE('',#580,#909);
#909 = DEFINITIONAL_REPRESENTATION('',(#910),#914);
#910 = LINE('',#911,#912);
#911 = CARTESIAN_POINT('',(0.,1.));
#912 = VECTOR('',#913,1.);
#913 = DIRECTION('',(1.,0.));
#914 = ( GEOMETRIC_REPRESENTATION_CONTEXT(2) 
PARAMETRIC_REPRESENTATION_CONTEXT() REPRESENTATION_CONTEXT('2D SPACE',''
  ) );
#915 = ORIENTED_EDGE('',*,*,#916,.F.);
#916 = EDGE_CURVE('',#917,#896,#919,.T.);
#917 = VERTEX_POINT('',#918);
#918 = CARTESIAN_POINT('',(-24.72,0.,143.));
#919 = SURFACE_CURVE('',#920,(#923,#929),.PCURVE_S1.);
#920 = B_SPLINE_CURVE_WITH_KNOTS('',1,(#921,#922),.UNSPECIFIED.,.F.,.F.,
  (2,2),(6.,7.),.PIECEWISE_BEZIER_KNOTS.);
#921 = CARTESIAN_POINT('',(-24.72,5.9184,143.));
#922 = CARTESIAN_POINT('',(-24.72,-5.9184,143.));
#923 = PCURVE('',#111,#924);
#924 = DEFINITIONAL_REPRESENTATION('',(#925),#928);
#925 = B_SPLINE_CURVE_WITH_KNOTS('',1,(#926,#927),.UNSPECIFIED.,.F.,.F.,
  (2,2),(6.,7.),.PIECEWISE_BEZIER_KNOTS.);
#926 = CARTESIAN_POINT('',(5.500415917148,21.58347121893));
#927 = CARTESIAN_POINT('',(0.192782742483,11.003354758173));
#928 = ( GEOMETRIC_REPRESENTATION_CONTEXT(2) 
PARAMETRIC_REPRESENTATION_CONTEXT() REPRESENTATION_CONTEXT('2D SPACE',''
  ) );
#929 = PCURVE('',#612,#930);
#930 = DEFINITIONAL_REPRESENTATION('',(#931),#935);
#931 = LINE('',#932,#933);
#932 = CARTESIAN_POINT('',(0.,1.));
#933 = VECTOR('',#934,1.);
#934 = DIRECTION('',(1.,0.));
#935 = ( GEOMETRIC_REPRESENTATION_CONTEXT(2) 
PARAMETRIC_REPRESENTATION_CONTEXT() REPRESENTATION_CONTEXT('2D SPACE',''
  ) );
#936 = ORIENTED_EDGE('',*,*,#937,.T.);
#937 = EDGE_CURVE('',#917,#938,#940,.T.);
#938 = VERTEX_POINT('',#939);
#939 = CARTESIAN_POINT('',(-27.72,0.,143.));
#940 = SURFACE_CURVE('',#941,(#945,#951),.PCURVE_S1.);
#941 = LINE('',#942,#943);
#942 = CARTESIAN_POINT('',(-51.9792,0.,143.));
#943 = VECTOR('',#944,1.);
#944 = DIRECTION('',(-1.,0.,0.));
#945 = PCURVE('',#111,#946);
#946 = DEFINITIONAL_REPRESENTATION('',(#947),#950);
#947 = B_SPLINE_CURVE_WITH_KNOTS('',1,(#948,#949),.UNSPECIFIED.,.F.,.F.,
  (2,2),(-83.7518192691,-20.20658073089),.PIECEWISE_BEZIER_KNOTS.);
#948 = CARTESIAN_POINT('',(53.341538083561,-9.037935024125));
#949 = CARTESIAN_POINT('',(-3.457260938204,19.455814651245));
#950 = ( GEOMETRIC_REPRESENTATION_CONTEXT(2) 
PARAMETRIC_REPRESENTATION_CONTEXT() REPRESENTATION_CONTEXT('2D SPACE',''
  ) );
#951 = PCURVE('',#645,#952);
#952 = DEFINITIONAL_REPRESENTATION('',(#953),#956);
#953 = B_SPLINE_CURVE_WITH_KNOTS('',1,(#954,#955),.UNSPECIFIED.,.F.,.F.,
  (2,2),(-83.7518192691,-20.20658073089),.PIECEWISE_BEZIER_KNOTS.);
#954 = CARTESIAN_POINT('',(314.6,115.7726192691));
#955 = CARTESIAN_POINT('',(314.6,52.227380730897));
#956 = ( GEOMETRIC_REPRESENTATION_CONTEXT(2) 
PARAMETRIC_REPRESENTATION_CONTEXT() REPRESENTATION_CONTEXT('2D SPACE',''
  ) );
#957 = ORIENTED_EDGE('',*,*,#958,.T.);
#958 = EDGE_CURVE('',#938,#692,#959,.T.);
#959 = SURFACE_CURVE('',#960,(#963,#969),.PCURVE_S1.);
#960 = B_SPLINE_CURVE_WITH_KNOTS('',1,(#961,#962),.UNSPECIFIED.,.F.,.F.,
  (2,2),(6.,7.),.PIECEWISE_BEZIER_KNOTS.);
#961 = CARTESIAN_POINT('',(-27.72,8.0784,143.));
#962 = CARTESIAN_POINT('',(-27.72,-8.0784,143.));
#963 = PCURVE('',#111,#964);
#964 = DEFINITIONAL_REPRESENTATION('',(#965),#968);
#965 = B_SPLINE_CURVE_WITH_KNOTS('',1,(#966,#967),.UNSPECIFIED.,.F.,.F.,
  (2,2),(6.,7.),.PIECEWISE_BEZIER_KNOTS.);
#966 = CARTESIAN_POINT('',(3.787464635975,24.859352460417));
#967 = CARTESIAN_POINT('',(-3.457260938204,10.41787962712));
#968 = ( GEOMETRIC_REPRESENTATION_CONTEXT(2) 
PARAMETRIC_REPRESENTATION_CONTEXT() REPRESENTATION_CONTEXT('2D SPACE',''
  ) );
#969 = PCURVE('',#668,#970);
#970 = DEFINITIONAL_REPRESENTATION('',(#971),#975);
#971 = LINE('',#972,#973);
#972 = CARTESIAN_POINT('',(0.,1.));
#973 = VECTOR('',#974,1.);
#974 = DIRECTION('',(1.,0.));
#975 = ( GEOMETRIC_REPRESENTATION_CONTEXT(2) 
PARAMETRIC_REPRESENTATION_CONTEXT() REPRESENTATION_CONTEXT('2D SPACE',''
  ) );
#976 = ADVANCED_FACE('',(#977),#210,.T.);
#977 = FACE_BOUND('',#978,.T.);
#978 = EDGE_LOOP('',(#979,#1002,#1003,#1026));
#979 = ORIENTED_EDGE('',*,*,#980,.F.);
#980 = EDGE_CURVE('',#159,#981,#983,.T.);
#981 = VERTEX_POINT('',#982);
#982 = CARTESIAN_POINT('',(-23.,-19.98740277274,67.));
#983 = SURFACE_CURVE('',#984,(#988,#995),.PCURVE_S1.);
#984 = LINE('',#985,#986);
#985 = CARTESIAN_POINT('',(-23.,-142.,67.));
#986 = VECTOR('',#987,1.);
#987 = DIRECTION('',(0.,1.,0.));
#988 = PCURVE('',#210,#989);
#989 = DEFINITIONAL_REPRESENTATION('',(#990),#994);
#990 = LINE('',#991,#992);
#991 = CARTESIAN_POINT('',(134.,0.));
#992 = VECTOR('',#993,1.);
#993 = DIRECTION('',(0.,-1.));
#994 = ( GEOMETRIC_REPRESENTATION_CONTEXT(2) 
PARAMETRIC_REPRESENTATION_CONTEXT() REPRESENTATION_CONTEXT('2D SPACE',''
  ) );
#995 = PCURVE('',#259,#996);
#996 = DEFINITIONAL_REPRESENTATION('',(#997),#1001);
#997 = LINE('',#998,#999);
#998 = CARTESIAN_POINT('',(0.,0.));
#999 = VECTOR('',#1000,1.);
#1000 = DIRECTION('',(0.,1.));
#1001 = ( GEOMETRIC_REPRESENTATION_CONTEXT(2) 
PARAMETRIC_REPRESENTATION_CONTEXT() REPRESENTATION_CONTEXT('2D SPACE',''
  ) );
#1002 = ORIENTED_EDGE('',*,*,#158,.T.);
#1003 = ORIENTED_EDGE('',*,*,#1004,.T.);
#1004 = EDGE_CURVE('',#161,#1005,#1007,.T.);
#1005 = VERTEX_POINT('',#1006);
#1006 = CARTESIAN_POINT('',(-23.,-20.50851804167,-67.));
#1007 = SURFACE_CURVE('',#1008,(#1012,#1019),.PCURVE_S1.);
#1008 = LINE('',#1009,#1010);
#1009 = CARTESIAN_POINT('',(-23.,-142.,-67.));
#1010 = VECTOR('',#1011,1.);
#1011 = DIRECTION('',(0.,1.,0.));
#1012 = PCURVE('',#210,#1013);
#1013 = DEFINITIONAL_REPRESENTATION('',(#1014),#1018);
#1014 = LINE('',#1015,#1016);
#1015 = CARTESIAN_POINT('',(0.,0.));
#1016 = VECTOR('',#1017,1.);
#1017 = DIRECTION('',(0.,-1.));
#1018 = ( GEOMETRIC_REPRESENTATION_CONTEXT(2) 
PARAMETRIC_REPRESENTATION_CONTEXT() REPRESENTATION_CONTEXT('2D SPACE',''
  ) );
#1019 = PCURVE('',#352,#1020);
#1020 = DEFINITIONAL_REPRESENTATION('',(#1021),#1025);
#1021 = LINE('',#1022,#1023);
#1022 = CARTESIAN_POINT('',(0.,0.));
#1023 = VECTOR('',#1024,1.);
#1024 = DIRECTION('',(0.,1.));
#1025 = ( GEOMETRIC_REPRESENTATION_CONTEXT(2) 
PARAMETRIC_REPRESENTATION_CONTEXT() REPRESENTATION_CONTEXT('2D SPACE',''
  ) );
#1026 = ORIENTED_EDGE('',*,*,#1027,.F.);
#1027 = EDGE_CURVE('',#981,#1005,#1028,.T.);
#1028 = SURFACE_CURVE('',#1029,(#1050,#1074),.PCURVE_S1.);
#1029 = B_SPLINE_CURVE_WITH_KNOTS('',7,(#1030,#1031,#1032,#1033,#1034,
    #1035,#1036,#1037,#1038,#1039,#1040,#1041,#1042,#1043,#1044,#1045,
    #1046,#1047,#1048,#1049),.UNSPECIFIED.,.F.,.F.,(8,6,6,8),(0.,
    0.426795266494,0.9516822445,1.),.UNSPECIFIED.);
#1030 = CARTESIAN_POINT('',(-23.,-19.98740277274,67.));
#1031 = CARTESIAN_POINT('',(-23.,-20.31127374384,58.834569264372));
#1032 = CARTESIAN_POINT('',(-23.,-20.56880981475,50.666685202462));
#1033 = CARTESIAN_POINT('',(-23.,-20.77535714796,42.497265250722));
#1034 = CARTESIAN_POINT('',(-23.,-20.94245533658,34.326975060465));
#1035 = CARTESIAN_POINT('',(-23.,-21.07760492764,26.156222306147));
#1036 = CARTESIAN_POINT('',(-23.,-21.18450102325,17.985161107887));
#1037 = CARTESIAN_POINT('',(-23.,-21.3598124537,-0.235847660159));
#1038 = CARTESIAN_POINT('',(-23.,-21.41373129819,-10.28535757208));
#1039 = CARTESIAN_POINT('',(-23.,-21.42484840972,-20.33531146706));
#1040 = CARTESIAN_POINT('',(-23.,-21.38462886827,-30.38559461447));
#1041 = CARTESIAN_POINT('',(-23.,-21.2763156757,-40.43549925928));
#1042 = CARTESIAN_POINT('',(-23.,-21.07490102238,-50.48372095423));
#1043 = CARTESIAN_POINT('',(-23.,-20.7146014963,-61.45298193728));
#1044 = CARTESIAN_POINT('',(-23.,-20.6831415373,-62.37758971356));
#1045 = CARTESIAN_POINT('',(-23.,-20.65056517174,-63.30215927018));
#1046 = CARTESIAN_POINT('',(-23.,-20.61684408604,-64.22668798674));
#1047 = CARTESIAN_POINT('',(-23.,-20.58194921122,-65.15117305005));
#1048 = CARTESIAN_POINT('',(-23.,-20.54585072298,-66.07561145408));
#1049 = CARTESIAN_POINT('',(-23.,-20.50851804167,-67.));
#1050 = PCURVE('',#210,#1051);
#1051 = DEFINITIONAL_REPRESENTATION('',(#1052),#1073);
#1052 = B_SPLINE_CURVE_WITH_KNOTS('',7,(#1053,#1054,#1055,#1056,#1057,
    #1058,#1059,#1060,#1061,#1062,#1063,#1064,#1065,#1066,#1067,#1068,
    #1069,#1070,#1071,#1072),.UNSPECIFIED.,.F.,.F.,(8,6,6,8),(0.,
    0.426795266494,0.9516822445,1.),.UNSPECIFIED.);
#1053 = CARTESIAN_POINT('',(134.,-122.0125972272));
#1054 = CARTESIAN_POINT('',(125.83456926437,-121.6887262561));
#1055 = CARTESIAN_POINT('',(117.66668520246,-121.4311901852));
#1056 = CARTESIAN_POINT('',(109.49726525072,-121.224642852));
#1057 = CARTESIAN_POINT('',(101.32697506046,-121.0575446634));
#1058 = CARTESIAN_POINT('',(93.156222306147,-120.9223950723));
#1059 = CARTESIAN_POINT('',(84.985161107887,-120.8154989767));
#1060 = CARTESIAN_POINT('',(66.764152339841,-120.6401875462));
#1061 = CARTESIAN_POINT('',(56.714642427917,-120.5862687018));
#1062 = CARTESIAN_POINT('',(46.664688532935,-120.5751515902));
#1063 = CARTESIAN_POINT('',(36.614405385527,-120.6153711317));
#1064 = CARTESIAN_POINT('',(26.564500740715,-120.7236843242));
#1065 = CARTESIAN_POINT('',(16.516279045766,-120.9250989776));
#1066 = CARTESIAN_POINT('',(5.547018062717,-121.2853985037));
#1067 = CARTESIAN_POINT('',(4.622410286434,-121.3168584626));
#1068 = CARTESIAN_POINT('',(3.697840729817,-121.3494348282));
#1069 = CARTESIAN_POINT('',(2.773312013252,-121.3831559139));
#1070 = CARTESIAN_POINT('',(1.848826949945,-121.4180507887));
#1071 = CARTESIAN_POINT('',(0.924388545915,-121.454149277));
#1072 = CARTESIAN_POINT('',(0.,-121.4914819583));
#1073 = ( GEOMETRIC_REPRESENTATION_CONTEXT(2) 
PARAMETRIC_REPRESENTATION_CONTEXT() REPRESENTATION_CONTEXT('2D SPACE',''
  ) );
#1074 = PCURVE('',#548,#1075);
#1075 = DEFINITIONAL_REPRESENTATION('',(#1076),#1097);
#1076 = B_SPLINE_CURVE_WITH_KNOTS('',7,(#1077,#1078,#1079,#1080,#1081,
    #1082,#1083,#1084,#1085,#1086,#1087,#1088,#1089,#1090,#1091,#1092,
    #1093,#1094,#1095,#1096),.UNSPECIFIED.,.F.,.F.,(8,6,6,8),(0.,
    0.426795266494,0.9516822445,1.),.UNSPECIFIED.);
#1077 = CARTESIAN_POINT('',(7.096159900302E-02,0.733263134682));
#1078 = CARTESIAN_POINT('',(7.749346187894E-02,0.704644338676));
#1079 = CARTESIAN_POINT('',(8.245555407474E-02,0.676070512046));
#1080 = CARTESIAN_POINT('',(8.63424221913E-02,0.647557102029));
#1081 = CARTESIAN_POINT('',(8.942878752271E-02,0.619112935816));
#1082 = CARTESIAN_POINT('',(9.189326927539E-02,0.590740338693));
#1083 = CARTESIAN_POINT('',(9.382351061273E-02,0.562435749548));
#1084 = CARTESIAN_POINT('',(9.69704564316E-02,0.499452376668));
#1085 = CARTESIAN_POINT('',(9.792139065901E-02,0.464805965991));
#1086 = CARTESIAN_POINT('',(9.811199251648E-02,0.430232591755));
#1087 = CARTESIAN_POINT('',(9.740798687701E-02,0.395705299518));
#1088 = CARTESIAN_POINT('',(9.549060544251E-02,0.361188888928));
#1089 = CARTESIAN_POINT('',(9.191922784307E-02,0.326639754644));
#1090 = CARTESIAN_POINT('',(8.514382831195E-02,0.28881427109));
#1091 = CARTESIAN_POINT('',(8.455038768602E-02,0.285625080778));
#1092 = CARTESIAN_POINT('',(8.39338707708E-02,0.28243512403));
#1093 = CARTESIAN_POINT('',(8.32934701796E-02,0.279244360714));
#1094 = CARTESIAN_POINT('',(8.262833275245E-02,0.276052750355));
#1095 = CARTESIAN_POINT('',(8.193755955603E-02,0.272860252133));
#1096 = CARTESIAN_POINT('',(8.122020588372E-02,0.269666824886));
#1097 = ( GEOMETRIC_REPRESENTATION_CONTEXT(2) 
PARAMETRIC_REPRESENTATION_CONTEXT() REPRESENTATION_CONTEXT('2D SPACE',''
  ) );
#1098 = ADVANCED_FACE('',(#1099),#352,.T.);
#1099 = FACE_BOUND('',#1100,.T.);
#1100 = EDGE_LOOP('',(#1101,#1102,#1103,#1126));
#1101 = ORIENTED_EDGE('',*,*,#1004,.F.);
#1102 = ORIENTED_EDGE('',*,*,#334,.F.);
#1103 = ORIENTED_EDGE('',*,*,#1104,.T.);
#1104 = EDGE_CURVE('',#274,#1105,#1107,.T.);
#1105 = VERTEX_POINT('',#1106);
#1106 = CARTESIAN_POINT('',(23.,-20.50851804167,-67.));
#1107 = SURFACE_CURVE('',#1108,(#1112,#1119),.PCURVE_S1.);
#1108 = LINE('',#1109,#1110);
#1109 = CARTESIAN_POINT('',(23.,-142.,-67.));
#1110 = VECTOR('',#1111,1.);
#1111 = DIRECTION('',(0.,1.,0.));
#1112 = PCURVE('',#352,#1113);
#1113 = DEFINITIONAL_REPRESENTATION('',(#1114),#1118);
#1114 = LINE('',#1115,#1116);
#1115 = CARTESIAN_POINT('',(46.,0.));
#1116 = VECTOR('',#1117,1.);
#1117 = DIRECTION('',(0.,1.));
#1118 = ( GEOMETRIC_REPRESENTATION_CONTEXT(2) 
PARAMETRIC_REPRESENTATION_CONTEXT() REPRESENTATION_CONTEXT('2D SPACE',''
  ) );
#1119 = PCURVE('',#311,#1120);
#1120 = DEFINITIONAL_REPRESENTATION('',(#1121),#1125);
#1121 = LINE('',#1122,#1123);
#1122 = CARTESIAN_POINT('',(0.,0.));
#1123 = VECTOR('',#1124,1.);
#1124 = DIRECTION('',(0.,-1.));
#1125 = ( GEOMETRIC_REPRESENTATION_CONTEXT(2) 
PARAMETRIC_REPRESENTATION_CONTEXT() REPRESENTATION_CONTEXT('2D SPACE',''
  ) );
#1126 = ORIENTED_EDGE('',*,*,#1127,.T.);
#1127 = EDGE_CURVE('',#1105,#1005,#1128,.T.);
#1128 = SURFACE_CURVE('',#1129,(#1135,#1144),.PCURVE_S1.);
#1129 = B_SPLINE_CURVE_WITH_KNOTS('',4,(#1130,#1131,#1132,#1133,#1134),
  .UNSPECIFIED.,.F.,.F.,(5,5),(0.,1.),.PIECEWISE_BEZIER_KNOTS.);
#1130 = CARTESIAN_POINT('',(23.,-20.50851804167,-67.));
#1131 = CARTESIAN_POINT('',(11.5,-20.50851804167,-67.));
#1132 = CARTESIAN_POINT('',(3.232969447708E-13,-20.50851804167,-67.));
#1133 = CARTESIAN_POINT('',(-11.5,-20.50851804167,-67.));
#1134 = CARTESIAN_POINT('',(-23.,-20.50851804167,-67.));
#1135 = PCURVE('',#352,#1136);
#1136 = DEFINITIONAL_REPRESENTATION('',(#1137),#1143);
#1137 = B_SPLINE_CURVE_WITH_KNOTS('',4,(#1138,#1139,#1140,#1141,#1142),
  .UNSPECIFIED.,.F.,.F.,(5,5),(0.,1.),.PIECEWISE_BEZIER_KNOTS.);
#1138 = CARTESIAN_POINT('',(46.,121.49148195833));
#1139 = CARTESIAN_POINT('',(34.5,121.49148195833));
#1140 = CARTESIAN_POINT('',(23.,121.49148195833));
#1141 = CARTESIAN_POINT('',(11.5,121.49148195833));
#1142 = CARTESIAN_POINT('',(0.,121.49148195833));
#1143 = ( GEOMETRIC_REPRESENTATION_CONTEXT(2) 
PARAMETRIC_REPRESENTATION_CONTEXT() REPRESENTATION_CONTEXT('2D SPACE',''
  ) );
#1144 = PCURVE('',#548,#1145);
#1145 = DEFINITIONAL_REPRESENTATION('',(#1146),#1152);
#1146 = B_SPLINE_CURVE_WITH_KNOTS('',4,(#1147,#1148,#1149,#1150,#1151),
  .UNSPECIFIED.,.F.,.F.,(5,5),(0.,1.),.PIECEWISE_BEZIER_KNOTS.);
#1147 = CARTESIAN_POINT('',(0.918779794116,0.269666824886));
#1148 = CARTESIAN_POINT('',(0.709389897058,0.269666824886));
#1149 = CARTESIAN_POINT('',(0.5,0.269666824886));
#1150 = CARTESIAN_POINT('',(0.290610102942,0.269666824886));
#1151 = CARTESIAN_POINT('',(8.122020588372E-02,0.269666824886));
#1152 = ( GEOMETRIC_REPRESENTATION_CONTEXT(2) 
PARAMETRIC_REPRESENTATION_CONTEXT() REPRESENTATION_CONTEXT('2D SPACE',''
  ) );
#1153 = ADVANCED_FACE('',(#1154),#311,.F.);
#1154 = FACE_BOUND('',#1155,.F.);
#1155 = EDGE_LOOP('',(#1156,#1179,#1180,#1181));
#1156 = ORIENTED_EDGE('',*,*,#1157,.F.);
#1157 = EDGE_CURVE('',#240,#1158,#1160,.T.);
#1158 = VERTEX_POINT('',#1159);
#1159 = CARTESIAN_POINT('',(23.,-19.98740277274,67.));
#1160 = SURFACE_CURVE('',#1161,(#1165,#1172),.PCURVE_S1.);
#1161 = LINE('',#1162,#1163);
#1162 = CARTESIAN_POINT('',(23.,-142.,67.));
#1163 = VECTOR('',#1164,1.);
#1164 = DIRECTION('',(0.,1.,0.));
#1165 = PCURVE('',#311,#1166);
#1166 = DEFINITIONAL_REPRESENTATION('',(#1167),#1171);
#1167 = LINE('',#1168,#1169);
#1168 = CARTESIAN_POINT('',(134.,0.));
#1169 = VECTOR('',#1170,1.);
#1170 = DIRECTION('',(0.,-1.));
#1171 = ( GEOMETRIC_REPRESENTATION_CONTEXT(2) 
PARAMETRIC_REPRESENTATION_CONTEXT() REPRESENTATION_CONTEXT('2D SPACE',''
  ) );
#1172 = PCURVE('',#259,#1173);
#1173 = DEFINITIONAL_REPRESENTATION('',(#1174),#1178);
#1174 = LINE('',#1175,#1176);
#1175 = CARTESIAN_POINT('',(46.,0.));
#1176 = VECTOR('',#1177,1.);
#1177 = DIRECTION('',(0.,1.));
#1178 = ( GEOMETRIC_REPRESENTATION_CONTEXT(2) 
PARAMETRIC_REPRESENTATION_CONTEXT() REPRESENTATION_CONTEXT('2D SPACE',''
  ) );
#1179 = ORIENTED_EDGE('',*,*,#273,.F.);
#1180 = ORIENTED_EDGE('',*,*,#1104,.T.);
#1181 = ORIENTED_EDGE('',*,*,#1182,.T.);
#1182 = EDGE_CURVE('',#1105,#1158,#1183,.T.);
#1183 = SURFACE_CURVE('',#1184,(#1205,#1229),.PCURVE_S1.);
#1184 = B_SPLINE_CURVE_WITH_KNOTS('',7,(#1185,#1186,#1187,#1188,#1189,
    #1190,#1191,#1192,#1193,#1194,#1195,#1196,#1197,#1198,#1199,#1200,
    #1201,#1202,#1203,#1204),.UNSPECIFIED.,.F.,.F.,(8,6,6,8),(0.,
    0.438043977581,0.574279162682,1.),.UNSPECIFIED.);
#1185 = CARTESIAN_POINT('',(23.,-20.50851804167,-67.));
#1186 = CARTESIAN_POINT('',(23.,-20.84697079309,-58.61962560086));
#1187 = CARTESIAN_POINT('',(23.,-21.08397105474,-50.23550250284));
#1188 = CARTESIAN_POINT('',(23.,-21.24235709942,-41.84935140339));
#1189 = CARTESIAN_POINT('',(23.,-21.33964168239,-33.46237841145));
#1190 = CARTESIAN_POINT('',(23.,-21.38902767247,-25.0752912591));
#1191 = CARTESIAN_POINT('',(23.,-21.39963823392,-16.6883035348));
#1192 = CARTESIAN_POINT('',(23.,-21.3693435701,-5.692660636833));
#1193 = CARTESIAN_POINT('',(23.,-21.35889534474,-3.084193869901));
#1194 = CARTESIAN_POINT('',(23.,-21.34533805822,-0.475740366266));
#1195 = CARTESIAN_POINT('',(23.,-21.32878596577,2.132696052751));
#1196 = CARTESIAN_POINT('',(23.,-21.30931516085,4.741111718396));
#1197 = CARTESIAN_POINT('',(23.,-21.28696357513,7.34950311448));
#1198 = CARTESIAN_POINT('',(23.,-21.1828817284,18.108733368625));
#1199 = CARTESIAN_POINT('',(23.,-21.07589965388,26.259195088557));
#1200 = CARTESIAN_POINT('',(23.,-20.94076914495,34.409347962134));
#1201 = CARTESIAN_POINT('',(23.,-20.77379437034,42.559038012377));
#1202 = CARTESIAN_POINT('',(23.,-20.56751116149,50.707859540278));
#1203 = CARTESIAN_POINT('',(23.,-20.31045740547,58.855150776759));
#1204 = CARTESIAN_POINT('',(23.,-19.98740277274,67.));
#1205 = PCURVE('',#311,#1206);
#1206 = DEFINITIONAL_REPRESENTATION('',(#1207),#1228);
#1207 = B_SPLINE_CURVE_WITH_KNOTS('',7,(#1208,#1209,#1210,#1211,#1212,
    #1213,#1214,#1215,#1216,#1217,#1218,#1219,#1220,#1221,#1222,#1223,
    #1224,#1225,#1226,#1227),.UNSPECIFIED.,.F.,.F.,(8,6,6,8),(0.,
    0.438043977581,0.574279162682,1.),.UNSPECIFIED.);
#1208 = CARTESIAN_POINT('',(0.,-121.4914819583));
#1209 = CARTESIAN_POINT('',(8.380374399138,-121.1530292069));
#1210 = CARTESIAN_POINT('',(16.764497497156,-120.9160289452));
#1211 = CARTESIAN_POINT('',(25.150648596606,-120.7576429005));
#1212 = CARTESIAN_POINT('',(33.537621588545,-120.6603583176));
#1213 = CARTESIAN_POINT('',(41.924708740899,-120.6109723275));
#1214 = CARTESIAN_POINT('',(50.311696465196,-120.600361766));
#1215 = CARTESIAN_POINT('',(61.307339363167,-120.6306564298));
#1216 = CARTESIAN_POINT('',(63.915806130099,-120.6411046552));
#1217 = CARTESIAN_POINT('',(66.524259633734,-120.6546619417));
#1218 = CARTESIAN_POINT('',(69.132696052751,-120.6712140342));
#1219 = CARTESIAN_POINT('',(71.741111718396,-120.6906848391));
#1220 = CARTESIAN_POINT('',(74.34950311448,-120.7130364248));
#1221 = CARTESIAN_POINT('',(85.108733368625,-120.8171182715));
#1222 = CARTESIAN_POINT('',(93.259195088557,-120.9241003461));
#1223 = CARTESIAN_POINT('',(101.40934796213,-121.059230855));
#1224 = CARTESIAN_POINT('',(109.55903801237,-121.2262056296));
#1225 = CARTESIAN_POINT('',(117.70785954027,-121.4324888385));
#1226 = CARTESIAN_POINT('',(125.85515077675,-121.6895425945));
#1227 = CARTESIAN_POINT('',(134.,-122.0125972272));
#1228 = ( GEOMETRIC_REPRESENTATION_CONTEXT(2) 
PARAMETRIC_REPRESENTATION_CONTEXT() REPRESENTATION_CONTEXT('2D SPACE',''
  ) );
#1229 = PCURVE('',#548,#1230);
#1230 = DEFINITIONAL_REPRESENTATION('',(#1231),#1252);
#1231 = B_SPLINE_CURVE_WITH_KNOTS('',7,(#1232,#1233,#1234,#1235,#1236,
    #1237,#1238,#1239,#1240,#1241,#1242,#1243,#1244,#1245,#1246,#1247,
    #1248,#1249,#1250,#1251),.UNSPECIFIED.,.F.,.F.,(8,6,6,8),(0.,
    0.438043977581,0.574279162682,1.),.UNSPECIFIED.);
#1232 = CARTESIAN_POINT('',(0.918779794116,0.269666824886));
#1233 = CARTESIAN_POINT('',(0.912276368282,0.298617979751));
#1234 = CARTESIAN_POINT('',(0.907957750201,0.327491571584));
#1235 = CARTESIAN_POINT('',(0.905117573498,0.356320591561));
#1236 = CARTESIAN_POINT('',(0.903393818147,0.385132722417));
#1237 = CARTESIAN_POINT('',(0.902518318193,0.413951803051));
#1238 = CARTESIAN_POINT('',(0.902328975474,0.442798214552));
#1239 = CARTESIAN_POINT('',(0.902867353824,0.480674158226));
#1240 = CARTESIAN_POINT('',(0.903053126776,0.48966359066));
#1241 = CARTESIAN_POINT('',(0.90329440494,0.498657683306));
#1242 = CARTESIAN_POINT('',(0.903589398555,0.507656856057));
#1243 = CARTESIAN_POINT('',(0.90393707734,0.516661480749));
#1244 = CARTESIAN_POINT('',(0.904337170493,0.52567188117));
#1245 = CARTESIAN_POINT('',(0.906205732878,0.562863810935));
#1246 = CARTESIAN_POINT('',(0.908137824966,0.591097912022));
#1247 = CARTESIAN_POINT('',(0.910602365886,0.619399712801));
#1248 = CARTESIAN_POINT('',(0.913686984472,0.647772706352));
#1249 = CARTESIAN_POINT('',(0.917569471002,0.676214553161));
#1250 = CARTESIAN_POINT('',(0.922523002117,0.704716474258));
#1251 = CARTESIAN_POINT('',(0.929038400997,0.733263134682));
#1252 = ( GEOMETRIC_REPRESENTATION_CONTEXT(2) 
PARAMETRIC_REPRESENTATION_CONTEXT() REPRESENTATION_CONTEXT('2D SPACE',''
  ) );
#1253 = ADVANCED_FACE('',(#1254),#259,.F.);
#1254 = FACE_BOUND('',#1255,.F.);
#1255 = EDGE_LOOP('',(#1256,#1257,#1258,#1259));
#1256 = ORIENTED_EDGE('',*,*,#980,.F.);
#1257 = ORIENTED_EDGE('',*,*,#239,.F.);
#1258 = ORIENTED_EDGE('',*,*,#1157,.T.);
#1259 = ORIENTED_EDGE('',*,*,#1260,.T.);
#1260 = EDGE_CURVE('',#1158,#981,#1261,.T.);
#1261 = SURFACE_CURVE('',#1262,(#1268,#1277),.PCURVE_S1.);
#1262 = B_SPLINE_CURVE_WITH_KNOTS('',4,(#1263,#1264,#1265,#1266,#1267),
  .UNSPECIFIED.,.F.,.F.,(5,5),(0.,1.),.PIECEWISE_BEZIER_KNOTS.);
#1263 = CARTESIAN_POINT('',(23.,-19.98740277274,67.));
#1264 = CARTESIAN_POINT('',(11.5,-19.98740277274,67.));
#1265 = CARTESIAN_POINT('',(-1.172395514004E-13,-19.98740277274,67.));
#1266 = CARTESIAN_POINT('',(-11.5,-19.98740277274,67.));
#1267 = CARTESIAN_POINT('',(-23.,-19.98740277274,67.));
#1268 = PCURVE('',#259,#1269);
#1269 = DEFINITIONAL_REPRESENTATION('',(#1270),#1276);
#1270 = B_SPLINE_CURVE_WITH_KNOTS('',4,(#1271,#1272,#1273,#1274,#1275),
  .UNSPECIFIED.,.F.,.F.,(5,5),(0.,1.),.PIECEWISE_BEZIER_KNOTS.);
#1271 = CARTESIAN_POINT('',(46.,122.01259722725));
#1272 = CARTESIAN_POINT('',(34.5,122.01259722725));
#1273 = CARTESIAN_POINT('',(23.,122.01259722725));
#1274 = CARTESIAN_POINT('',(11.5,122.01259722725));
#1275 = CARTESIAN_POINT('',(0.,122.01259722725));
#1276 = ( GEOMETRIC_REPRESENTATION_CONTEXT(2) 
PARAMETRIC_REPRESENTATION_CONTEXT() REPRESENTATION_CONTEXT('2D SPACE',''
  ) );
#1277 = PCURVE('',#548,#1278);
#1278 = DEFINITIONAL_REPRESENTATION('',(#1279),#1285);
#1279 = B_SPLINE_CURVE_WITH_KNOTS('',4,(#1280,#1281,#1282,#1283,#1284),
  .UNSPECIFIED.,.F.,.F.,(5,5),(0.,1.),.PIECEWISE_BEZIER_KNOTS.);
#1280 = CARTESIAN_POINT('',(0.929038400997,0.733263134682));
#1281 = CARTESIAN_POINT('',(0.714519200498,0.733263134682));
#1282 = CARTESIAN_POINT('',(0.5,0.733263134682));
#1283 = CARTESIAN_POINT('',(0.285480799502,0.733263134682));
#1284 = CARTESIAN_POINT('',(7.096159900302E-02,0.733263134682));
#1285 = ( GEOMETRIC_REPRESENTATION_CONTEXT(2) 
PARAMETRIC_REPRESENTATION_CONTEXT() REPRESENTATION_CONTEXT('2D SPACE',''
  ) );
#1286 = ADVANCED_FACE('',(#1287),#668,.T.);
#1287 = FACE_BOUND('',#1288,.T.);
#1288 = EDGE_LOOP('',(#1289,#1433,#1434,#1435));
#1289 = ORIENTED_EDGE('',*,*,#1290,.F.);
#1290 = EDGE_CURVE('',#631,#938,#1291,.T.);
#1291 = SURFACE_CURVE('',#1292,(#1337,#1385),.PCURVE_S1.);
#1292 = B_SPLINE_CURVE_WITH_KNOTS('',8,(#1293,#1294,#1295,#1296,#1297,
    #1298,#1299,#1300,#1301,#1302,#1303,#1304,#1305,#1306,#1307,#1308,
    #1309,#1310,#1311,#1312,#1313,#1314,#1315,#1316,#1317,#1318,#1319,
    #1320,#1321,#1322,#1323,#1324,#1325,#1326,#1327,#1328,#1329,#1330,
    #1331,#1332,#1333,#1334,#1335,#1336),.UNSPECIFIED.,.F.,.F.,(9,7,7,7,
    7,7,9),(0.,0.133084182171,0.265996719398,0.467994240404,
    0.536131739595,0.778381235809,1.),.UNSPECIFIED.);
#1293 = CARTESIAN_POINT('',(-25.2,0.,-143.));
#1294 = CARTESIAN_POINT('',(-27.08943531143,0.,-138.573571269));
#1295 = CARTESIAN_POINT('',(-28.81701215911,0.,-134.0783324004));
#1296 = CARTESIAN_POINT('',(-30.3882782169,0.,-129.5246331949));
#1297 = CARTESIAN_POINT('',(-31.81104279735,0.,-124.9221374194));
#1298 = CARTESIAN_POINT('',(-33.09450392299,0.,-120.2795614366));
#1299 = CARTESIAN_POINT('',(-34.24855125139,0.,-115.6044641385));
#1300 = CARTESIAN_POINT('',(-35.28324485393,0.,-110.9030881852));
#1301 = CARTESIAN_POINT('',(-37.13250153638,0.,-101.4635081737));
#1302 = CARTESIAN_POINT('',(-37.94728292281,0.,-96.72568584501));
#1303 = CARTESIAN_POINT('',(-38.66273956283,0.,-91.97132555659));
#1304 = CARTESIAN_POINT('',(-39.28843648948,0.,-87.20428197172));
#1305 = CARTESIAN_POINT('',(-39.83338421208,0.,-82.42769893906));
#1306 = CARTESIAN_POINT('',(-40.30593276136,0.,-77.64399524934));
#1307 = CARTESIAN_POINT('',(-40.71372394073,0.,-72.8548578376));
#1308 = CARTESIAN_POINT('',(-41.59551514056,0.,-60.77600268251));
#1309 = CARTESIAN_POINT('',(-41.99365470611,0.,-53.48181215074));
#1310 = CARTESIAN_POINT('',(-42.28244879781,0.,-46.18203844928));
#1311 = CARTESIAN_POINT('',(-42.48211329262,0.,-38.87926182112));
#1312 = CARTESIAN_POINT('',(-42.60907846702,0.,-31.57528146961));
#1313 = CARTESIAN_POINT('',(-42.67619675145,0.,-24.27112164245));
#1314 = CARTESIAN_POINT('',(-42.69282712352,0.,-16.96703473538));
#1315 = CARTESIAN_POINT('',(-42.65537495987,0.,-7.19854866845));
#1316 = CARTESIAN_POINT('',(-42.64084967563,0.,-4.734615315667));
#1317 = CARTESIAN_POINT('',(-42.62147096807,0.,-2.270712340998));
#1318 = CARTESIAN_POINT('',(-42.59741902239,0.,0.193150739253));
#1319 = CARTESIAN_POINT('',(-42.56882892009,0.,2.656964813578));
#1320 = CARTESIAN_POINT('',(-42.53579046562,0.,5.120721172712));
#1321 = CARTESIAN_POINT('',(-42.49834801299,0.,7.584411507098));
#1322 = CARTESIAN_POINT('',(-42.30771894057,0.,18.806932152006));
#1323 = CARTESIAN_POINT('',(-42.10327069789,0.,27.563908408619));
#1324 = CARTESIAN_POINT('',(-41.84309585559,0.,36.319853397023));
#1325 = CARTESIAN_POINT('',(-41.51979636674,0.,45.07450731394));
#1326 = CARTESIAN_POINT('',(-41.11854087838,0.,53.826450272736));
#1327 = CARTESIAN_POINT('',(-40.61671843837,0.,62.573091988433));
#1328 = CARTESIAN_POINT('',(-39.98411549731,0.,71.31068776485));
#1329 = CARTESIAN_POINT('',(-38.45277323173,0.,88.015199863779));
#1330 = CARTESIAN_POINT('',(-37.58142962949,0.,95.982822294601));
#1331 = CARTESIAN_POINT('',(-36.54266146909,0.,103.93323497882));
#1332 = CARTESIAN_POINT('',(-35.30489426477,0.,111.85798022422));
#1333 = CARTESIAN_POINT('',(-33.83417591239,0.,119.74448186114));
#1334 = CARTESIAN_POINT('',(-32.09701645633,0.,127.57658131817));
#1335 = CARTESIAN_POINT('',(-30.06526200926,0.,135.3354000845));
#1336 = CARTESIAN_POINT('',(-27.72,0.,143.));
#1337 = PCURVE('',#668,#1338);
#1338 = DEFINITIONAL_REPRESENTATION('',(#1339),#1384);
#1339 = B_SPLINE_CURVE_WITH_KNOTS('',8,(#1340,#1341,#1342,#1343,#1344,
    #1345,#1346,#1347,#1348,#1349,#1350,#1351,#1352,#1353,#1354,#1355,
    #1356,#1357,#1358,#1359,#1360,#1361,#1362,#1363,#1364,#1365,#1366,
    #1367,#1368,#1369,#1370,#1371,#1372,#1373,#1374,#1375,#1376,#1377,
    #1378,#1379,#1380,#1381,#1382,#1383),.UNSPECIFIED.,.F.,.F.,(9,7,7,7,
    7,7,9),(0.,0.133084182171,0.265996719398,0.467994240404,
    0.536131739595,0.778381235809,1.),.UNSPECIFIED.);
#1340 = CARTESIAN_POINT('',(6.5,0.));
#1341 = CARTESIAN_POINT('',(6.5,1.642375075106E-02));
#1342 = CARTESIAN_POINT('',(6.5,3.295309764701E-02));
#1343 = CARTESIAN_POINT('',(6.5,4.955864196274E-02));
#1344 = CARTESIAN_POINT('',(6.5,6.621515023911E-02));
#1345 = CARTESIAN_POINT('',(6.5,8.290170762877E-02));
#1346 = CARTESIAN_POINT('',(6.5,9.960185247619E-02));
#1347 = CARTESIAN_POINT('',(6.5,0.116303692132));
#1348 = CARTESIAN_POINT('',(6.5,0.149674773853));
#1349 = CARTESIAN_POINT('',(6.5,0.166342876401));
#1350 = CARTESIAN_POINT('',(6.5,0.182998049683));
#1351 = CARTESIAN_POINT('',(6.5,0.199636062414));
#1352 = CARTESIAN_POINT('',(6.5,0.216254641848));
#1353 = CARTESIAN_POINT('',(6.5,0.232853444242));
#1354 = CARTESIAN_POINT('',(6.5,0.249434053804));
#1355 = CARTESIAN_POINT('',(6.5,0.291176556965));
#1356 = CARTESIAN_POINT('',(6.5,0.316314417527));
#1357 = CARTESIAN_POINT('',(6.5,0.34142591418));
#1358 = CARTESIAN_POINT('',(6.5,0.366522907514));
#1359 = CARTESIAN_POINT('',(6.5,0.391617073592));
#1360 = CARTESIAN_POINT('',(6.5,0.416720092015));
#1361 = CARTESIAN_POINT('',(6.5,0.441843752774));
#1362 = CARTESIAN_POINT('',(6.5,0.475485667381));
#1363 = CARTESIAN_POINT('',(6.5,0.483974797634));
#1364 = CARTESIAN_POINT('',(6.5,0.492467746021));
#1365 = CARTESIAN_POINT('',(6.5,0.500964836671));
#1366 = CARTESIAN_POINT('',(6.5,0.509466362316));
#1367 = CARTESIAN_POINT('',(6.5,0.517972584024));
#1368 = CARTESIAN_POINT('',(6.5,0.526483730936));
#1369 = CARTESIAN_POINT('',(6.5,0.565277922067));
#1370 = CARTESIAN_POINT('',(6.5,0.595617154216));
#1371 = CARTESIAN_POINT('',(6.5,0.626030847501));
#1372 = CARTESIAN_POINT('',(6.5,0.656522799318));
#1373 = CARTESIAN_POINT('',(6.5,0.687087177619));
#1374 = CARTESIAN_POINT('',(6.5,0.717707803133));
#1375 = CARTESIAN_POINT('',(6.5,0.748357746843));
#1376 = CARTESIAN_POINT('',(6.5,0.807032662123));
#1377 = CARTESIAN_POINT('',(6.5,0.83505342367));
#1378 = CARTESIAN_POINT('',(6.5,0.863032688027));
#1379 = CARTESIAN_POINT('',(6.5,0.890920973954));
#1380 = CARTESIAN_POINT('',(6.5,0.918650122077));
#1381 = CARTESIAN_POINT('',(6.5,0.946136178446));
#1382 = CARTESIAN_POINT('',(6.5,0.973285476638));
#1383 = CARTESIAN_POINT('',(6.5,1.));
#1384 = ( GEOMETRIC_REPRESENTATION_CONTEXT(2) 
PARAMETRIC_REPRESENTATION_CONTEXT() REPRESENTATION_CONTEXT('2D SPACE',''
  ) );
#1385 = PCURVE('',#645,#1386);
#1386 = DEFINITIONAL_REPRESENTATION('',(#1387),#1432);
#1387 = B_SPLINE_CURVE_WITH_KNOTS('',8,(#1388,#1389,#1390,#1391,#1392,
    #1393,#1394,#1395,#1396,#1397,#1398,#1399,#1400,#1401,#1402,#1403,
    #1404,#1405,#1406,#1407,#1408,#1409,#1410,#1411,#1412,#1413,#1414,
    #1415,#1416,#1417,#1418,#1419,#1420,#1421,#1422,#1423,#1424,#1425,
    #1426,#1427,#1428,#1429,#1430,#1431),.UNSPECIFIED.,.F.,.F.,(9,7,7,7,
    7,7,9),(0.,0.133084182171,0.265996719398,0.467994240404,
    0.536131739595,0.778381235809,1.),.UNSPECIFIED.);
#1388 = CARTESIAN_POINT('',(28.6,58.8));
#1389 = CARTESIAN_POINT('',(33.026428730904,56.910564688563));
#1390 = CARTESIAN_POINT('',(37.521667599542,55.182987840888));
#1391 = CARTESIAN_POINT('',(42.075366805076,53.611721783094));
#1392 = CARTESIAN_POINT('',(46.677862580525,52.188957202644));
#1393 = CARTESIAN_POINT('',(51.320438563332,50.905496077007));
#1394 = CARTESIAN_POINT('',(55.995535861427,49.751448748609));
#1395 = CARTESIAN_POINT('',(60.69691181477,48.716755146064));
#1396 = CARTESIAN_POINT('',(70.136491826213,46.867498463613));
#1397 = CARTESIAN_POINT('',(74.874314154984,46.052717077182));
#1398 = CARTESIAN_POINT('',(79.62867444341,45.33726043717));
#1399 = CARTESIAN_POINT('',(84.395718028278,44.711563510512));
#1400 = CARTESIAN_POINT('',(89.172301060937,44.166615787917));
#1401 = CARTESIAN_POINT('',(93.956004750654,43.694067238634));
#1402 = CARTESIAN_POINT('',(98.745142162392,43.286276059262));
#1403 = CARTESIAN_POINT('',(110.82399731748,42.404484859438));
#1404 = CARTESIAN_POINT('',(118.11818784925,42.006345293887));
#1405 = CARTESIAN_POINT('',(125.41796155071,41.717551202189));
#1406 = CARTESIAN_POINT('',(132.72073817887,41.51788670738));
#1407 = CARTESIAN_POINT('',(140.02471853038,41.39092153298));
#1408 = CARTESIAN_POINT('',(147.32887835754,41.323803248543));
#1409 = CARTESIAN_POINT('',(154.63296526461,41.307172876474));
#1410 = CARTESIAN_POINT('',(164.40145133155,41.344625040124));
#1411 = CARTESIAN_POINT('',(166.86538468433,41.359150324368));
#1412 = CARTESIAN_POINT('',(169.329287659,41.378529031927));
#1413 = CARTESIAN_POINT('',(171.79315073925,41.402580977609));
#1414 = CARTESIAN_POINT('',(174.25696481357,41.431171079906));
#1415 = CARTESIAN_POINT('',(176.72072117271,41.464209534372));
#1416 = CARTESIAN_POINT('',(179.18441150709,41.501651987003));
#1417 = CARTESIAN_POINT('',(190.406932152,41.692281059422));
#1418 = CARTESIAN_POINT('',(199.16390840861,41.896729302102));
#1419 = CARTESIAN_POINT('',(207.91985339702,42.156904144406));
#1420 = CARTESIAN_POINT('',(216.67450731394,42.480203633252));
#1421 = CARTESIAN_POINT('',(225.42645027273,42.881459121619));
#1422 = CARTESIAN_POINT('',(234.17309198843,43.383281561625));
#1423 = CARTESIAN_POINT('',(242.91068776485,44.015884502683));
#1424 = CARTESIAN_POINT('',(259.61519986377,45.547226768269));
#1425 = CARTESIAN_POINT('',(267.5828222946,46.418570370501));
#1426 = CARTESIAN_POINT('',(275.53323497882,47.457338530903));
#1427 = CARTESIAN_POINT('',(283.45798022422,48.695105735229));
#1428 = CARTESIAN_POINT('',(291.34448186114,50.165824087607));
#1429 = CARTESIAN_POINT('',(299.17658131817,51.902983543661));
#1430 = CARTESIAN_POINT('',(306.9354000845,53.934737990732));
#1431 = CARTESIAN_POINT('',(314.6,56.28));
#1432 = ( GEOMETRIC_REPRESENTATION_CONTEXT(2) 
PARAMETRIC_REPRESENTATION_CONTEXT() REPRESENTATION_CONTEXT('2D SPACE',''
  ) );
#1433 = ORIENTED_EDGE('',*,*,#656,.T.);
#1434 = ORIENTED_EDGE('',*,*,#712,.T.);
#1435 = ORIENTED_EDGE('',*,*,#958,.F.);
#1436 = ADVANCED_FACE('',(#1437),#645,.T.);
#1437 = FACE_BOUND('',#1438,.T.);
#1438 = EDGE_LOOP('',(#1439,#1583,#1584,#1585));
#1439 = ORIENTED_EDGE('',*,*,#1440,.F.);
#1440 = EDGE_CURVE('',#599,#917,#1441,.T.);
#1441 = SURFACE_CURVE('',#1442,(#1487,#1535),.PCURVE_S1.);
#1442 = B_SPLINE_CURVE_WITH_KNOTS('',8,(#1443,#1444,#1445,#1446,#1447,
    #1448,#1449,#1450,#1451,#1452,#1453,#1454,#1455,#1456,#1457,#1458,
    #1459,#1460,#1461,#1462,#1463,#1464,#1465,#1466,#1467,#1468,#1469,
    #1470,#1471,#1472,#1473,#1474,#1475,#1476,#1477,#1478,#1479,#1480,
    #1481,#1482,#1483,#1484,#1485,#1486),.UNSPECIFIED.,.F.,.F.,(9,7,7,7,
    7,7,9),(0.,0.133084182171,0.265996719397,0.467994240403,
    0.536131739595,0.778381235808,1.),.UNSPECIFIED.);
#1443 = CARTESIAN_POINT('',(-22.2,0.,-143.));
#1444 = CARTESIAN_POINT('',(-24.08943531143,0.,-138.573571269));
#1445 = CARTESIAN_POINT('',(-25.81701215911,0.,-134.0783324004));
#1446 = CARTESIAN_POINT('',(-27.3882782169,0.,-129.5246331949));
#1447 = CARTESIAN_POINT('',(-28.81104279735,0.,-124.9221374194));
#1448 = CARTESIAN_POINT('',(-30.09450392299,0.,-120.2795614366));
#1449 = CARTESIAN_POINT('',(-31.24855125139,0.,-115.6044641385));
#1450 = CARTESIAN_POINT('',(-32.28324485393,0.,-110.9030881852));
#1451 = CARTESIAN_POINT('',(-34.13250153638,0.,-101.4635081737));
#1452 = CARTESIAN_POINT('',(-34.94728292281,0.,-96.72568584503));
#1453 = CARTESIAN_POINT('',(-35.66273956283,0.,-91.97132555656));
#1454 = CARTESIAN_POINT('',(-36.28843648948,0.,-87.20428197172));
#1455 = CARTESIAN_POINT('',(-36.83338421208,0.,-82.42769893908));
#1456 = CARTESIAN_POINT('',(-37.30593276136,0.,-77.64399524932));
#1457 = CARTESIAN_POINT('',(-37.71372394073,0.,-72.85485783761));
#1458 = CARTESIAN_POINT('',(-38.59551514056,0.,-60.77600268247));
#1459 = CARTESIAN_POINT('',(-38.9936547061,0.,-53.48181215083));
#1460 = CARTESIAN_POINT('',(-39.28244879781,0.,-46.1820384492));
#1461 = CARTESIAN_POINT('',(-39.48211329262,0.,-38.87926182111));
#1462 = CARTESIAN_POINT('',(-39.60907846701,0.,-31.5752814697));
#1463 = CARTESIAN_POINT('',(-39.67619675145,0.,-24.27112164238));
#1464 = CARTESIAN_POINT('',(-39.69282712352,0.,-16.9670347354));
#1465 = CARTESIAN_POINT('',(-39.65537495987,0.,-7.19854866845));
#1466 = CARTESIAN_POINT('',(-39.64084967563,0.,-4.734615315667));
#1467 = CARTESIAN_POINT('',(-39.62147096807,0.,-2.270712340998));
#1468 = CARTESIAN_POINT('',(-39.59741902239,0.,0.193150739253));
#1469 = CARTESIAN_POINT('',(-39.56882892009,0.,2.656964813578));
#1470 = CARTESIAN_POINT('',(-39.53579046562,0.,5.120721172712));
#1471 = CARTESIAN_POINT('',(-39.49834801299,0.,7.584411507098));
#1472 = CARTESIAN_POINT('',(-39.30771894057,0.,18.806932152022));
#1473 = CARTESIAN_POINT('',(-39.1032706979,0.,27.563908408577));
#1474 = CARTESIAN_POINT('',(-38.84309585559,0.,36.319853397068));
#1475 = CARTESIAN_POINT('',(-38.51979636675,0.,45.074507313936));
#1476 = CARTESIAN_POINT('',(-38.11854087838,0.,53.826450272689));
#1477 = CARTESIAN_POINT('',(-37.61671843837,0.,62.573091988483));
#1478 = CARTESIAN_POINT('',(-36.98411549731,0.,71.310687764831));
#1479 = CARTESIAN_POINT('',(-35.45277323172,0.,88.015199863806));
#1480 = CARTESIAN_POINT('',(-34.58142962951,0.,95.982822294472));
#1481 = CARTESIAN_POINT('',(-33.54266146906,0.,103.9332349791));
#1482 = CARTESIAN_POINT('',(-32.30489426481,0.,111.85798022388));
#1483 = CARTESIAN_POINT('',(-30.83417591235,0.,119.74448186139));
#1484 = CARTESIAN_POINT('',(-29.09701645636,0.,127.57658131806));
#1485 = CARTESIAN_POINT('',(-27.06526200926,0.,135.33540008452));
#1486 = CARTESIAN_POINT('',(-24.72,0.,143.));
#1487 = PCURVE('',#645,#1488);
#1488 = DEFINITIONAL_REPRESENTATION('',(#1489),#1534);
#1489 = B_SPLINE_CURVE_WITH_KNOTS('',8,(#1490,#1491,#1492,#1493,#1494,
    #1495,#1496,#1497,#1498,#1499,#1500,#1501,#1502,#1503,#1504,#1505,
    #1506,#1507,#1508,#1509,#1510,#1511,#1512,#1513,#1514,#1515,#1516,
    #1517,#1518,#1519,#1520,#1521,#1522,#1523,#1524,#1525,#1526,#1527,
    #1528,#1529,#1530,#1531,#1532,#1533),.UNSPECIFIED.,.F.,.F.,(9,7,7,7,
    7,7,9),(0.,0.133084182171,0.265996719397,0.467994240403,
    0.536131739595,0.778381235808,1.),.UNSPECIFIED.);
#1490 = CARTESIAN_POINT('',(28.6,61.8));
#1491 = CARTESIAN_POINT('',(33.026428730904,59.910564688564));
#1492 = CARTESIAN_POINT('',(37.521667599543,58.182987840888));
#1493 = CARTESIAN_POINT('',(42.075366805076,56.611721783094));
#1494 = CARTESIAN_POINT('',(46.677862580524,55.188957202644));
#1495 = CARTESIAN_POINT('',(51.320438563332,53.905496077007));
#1496 = CARTESIAN_POINT('',(55.995535861427,52.751448748609));
#1497 = CARTESIAN_POINT('',(60.69691181477,51.716755146064));
#1498 = CARTESIAN_POINT('',(70.136491826221,49.867498463611));
#1499 = CARTESIAN_POINT('',(74.874314154963,49.052717077186));
#1500 = CARTESIAN_POINT('',(79.628674443432,48.337260437168));
#1501 = CARTESIAN_POINT('',(84.395718028278,47.711563510512));
#1502 = CARTESIAN_POINT('',(89.172301060914,47.166615787919));
#1503 = CARTESIAN_POINT('',(93.956004750675,46.694067238633));
#1504 = CARTESIAN_POINT('',(98.745142162385,46.286276059262));
#1505 = CARTESIAN_POINT('',(110.82399731752,45.404484859435));
#1506 = CARTESIAN_POINT('',(118.11818784916,45.006345293892));
#1507 = CARTESIAN_POINT('',(125.41796155079,44.717551202186));
#1508 = CARTESIAN_POINT('',(132.72073817888,44.517886707379));
#1509 = CARTESIAN_POINT('',(140.02471853029,44.390921532983));
#1510 = CARTESIAN_POINT('',(147.32887835761,44.323803248542));
#1511 = CARTESIAN_POINT('',(154.6329652646,44.307172876474));
#1512 = CARTESIAN_POINT('',(164.40145133155,44.344625040124));
#1513 = CARTESIAN_POINT('',(166.86538468433,44.359150324368));
#1514 = CARTESIAN_POINT('',(169.329287659,44.378529031927));
#1515 = CARTESIAN_POINT('',(171.79315073925,44.402580977609));
#1516 = CARTESIAN_POINT('',(174.25696481357,44.431171079906));
#1517 = CARTESIAN_POINT('',(176.72072117271,44.464209534372));
#1518 = CARTESIAN_POINT('',(179.18441150709,44.501651987003));
#1519 = CARTESIAN_POINT('',(190.40693215202,44.692281059423));
#1520 = CARTESIAN_POINT('',(199.16390840857,44.8967293021));
#1521 = CARTESIAN_POINT('',(207.91985339706,45.156904144409));
#1522 = CARTESIAN_POINT('',(216.67450731393,45.48020363325));
#1523 = CARTESIAN_POINT('',(225.42645027268,45.881459121615));
#1524 = CARTESIAN_POINT('',(234.17309198848,46.38328156163));
#1525 = CARTESIAN_POINT('',(242.91068776483,47.015884502681));
#1526 = CARTESIAN_POINT('',(259.6151998638,48.547226768272));
#1527 = CARTESIAN_POINT('',(267.58282229447,49.418570370488));
#1528 = CARTESIAN_POINT('',(275.5332349791,50.457338530933));
#1529 = CARTESIAN_POINT('',(283.45798022388,51.695105735189));
#1530 = CARTESIAN_POINT('',(291.34448186139,53.165824087642));
#1531 = CARTESIAN_POINT('',(299.17658131806,54.90298354364));
#1532 = CARTESIAN_POINT('',(306.93540008452,56.934737990739));
#1533 = CARTESIAN_POINT('',(314.6,59.28));
#1534 = ( GEOMETRIC_REPRESENTATION_CONTEXT(2) 
PARAMETRIC_REPRESENTATION_CONTEXT() REPRESENTATION_CONTEXT('2D SPACE',''
  ) );
#1535 = PCURVE('',#612,#1536);
#1536 = DEFINITIONAL_REPRESENTATION('',(#1537),#1582);
#1537 = B_SPLINE_CURVE_WITH_KNOTS('',8,(#1538,#1539,#1540,#1541,#1542,
    #1543,#1544,#1545,#1546,#1547,#1548,#1549,#1550,#1551,#1552,#1553,
    #1554,#1555,#1556,#1557,#1558,#1559,#1560,#1561,#1562,#1563,#1564,
    #1565,#1566,#1567,#1568,#1569,#1570,#1571,#1572,#1573,#1574,#1575,
    #1576,#1577,#1578,#1579,#1580,#1581),.UNSPECIFIED.,.F.,.F.,(9,7,7,7,
    7,7,9),(0.,0.133084182171,0.265996719397,0.467994240403,
    0.536131739595,0.778381235808,1.),.UNSPECIFIED.);
#1538 = CARTESIAN_POINT('',(6.5,0.));
#1539 = CARTESIAN_POINT('',(6.5,1.642375075105E-02));
#1540 = CARTESIAN_POINT('',(6.5,3.295309764701E-02));
#1541 = CARTESIAN_POINT('',(6.5,4.955864196274E-02));
#1542 = CARTESIAN_POINT('',(6.5,6.621515023911E-02));
#1543 = CARTESIAN_POINT('',(6.5,8.290170762877E-02));
#1544 = CARTESIAN_POINT('',(6.5,9.960185247619E-02));
#1545 = CARTESIAN_POINT('',(6.5,0.116303692132));
#1546 = CARTESIAN_POINT('',(6.5,0.149674773853));
#1547 = CARTESIAN_POINT('',(6.5,0.1663428764));
#1548 = CARTESIAN_POINT('',(6.5,0.182998049683));
#1549 = CARTESIAN_POINT('',(6.5,0.199636062414));
#1550 = CARTESIAN_POINT('',(6.5,0.216254641847));
#1551 = CARTESIAN_POINT('',(6.5,0.232853444242));
#1552 = CARTESIAN_POINT('',(6.5,0.249434053804));
#1553 = CARTESIAN_POINT('',(6.5,0.291176556965));
#1554 = CARTESIAN_POINT('',(6.5,0.316314417527));
#1555 = CARTESIAN_POINT('',(6.5,0.341425914181));
#1556 = CARTESIAN_POINT('',(6.5,0.366522907514));
#1557 = CARTESIAN_POINT('',(6.5,0.391617073592));
#1558 = CARTESIAN_POINT('',(6.5,0.416720092015));
#1559 = CARTESIAN_POINT('',(6.5,0.441843752773));
#1560 = CARTESIAN_POINT('',(6.5,0.475485667381));
#1561 = CARTESIAN_POINT('',(6.5,0.483974797634));
#1562 = CARTESIAN_POINT('',(6.5,0.492467746021));
#1563 = CARTESIAN_POINT('',(6.5,0.500964836671));
#1564 = CARTESIAN_POINT('',(6.5,0.509466362316));
#1565 = CARTESIAN_POINT('',(6.5,0.517972584024));
#1566 = CARTESIAN_POINT('',(6.5,0.526483730936));
#1567 = CARTESIAN_POINT('',(6.5,0.565277922067));
#1568 = CARTESIAN_POINT('',(6.5,0.595617154216));
#1569 = CARTESIAN_POINT('',(6.5,0.626030847502));
#1570 = CARTESIAN_POINT('',(6.5,0.656522799318));
#1571 = CARTESIAN_POINT('',(6.5,0.687087177619));
#1572 = CARTESIAN_POINT('',(6.5,0.717707803133));
#1573 = CARTESIAN_POINT('',(6.5,0.748357746843));
#1574 = CARTESIAN_POINT('',(6.5,0.807032662123));
#1575 = CARTESIAN_POINT('',(6.5,0.83505342367));
#1576 = CARTESIAN_POINT('',(6.5,0.863032688026));
#1577 = CARTESIAN_POINT('',(6.5,0.890920973956));
#1578 = CARTESIAN_POINT('',(6.5,0.918650122076));
#1579 = CARTESIAN_POINT('',(6.5,0.946136178446));
#1580 = CARTESIAN_POINT('',(6.5,0.973285476638));
#1581 = CARTESIAN_POINT('',(6.5,1.));
#1582 = ( GEOMETRIC_REPRESENTATION_CONTEXT(2) 
PARAMETRIC_REPRESENTATION_CONTEXT() REPRESENTATION_CONTEXT('2D SPACE',''
  ) );
#1583 = ORIENTED_EDGE('',*,*,#630,.T.);
#1584 = ORIENTED_EDGE('',*,*,#1290,.T.);
#1585 = ORIENTED_EDGE('',*,*,#937,.F.);
#1586 = ADVANCED_FACE('',(#1587),#612,.F.);
#1587 = FACE_BOUND('',#1588,.F.);
#1588 = EDGE_LOOP('',(#1589,#1590,#1591,#1614));
#1589 = ORIENTED_EDGE('',*,*,#1440,.F.);
#1590 = ORIENTED_EDGE('',*,*,#598,.T.);
#1591 = ORIENTED_EDGE('',*,*,#1592,.T.);
#1592 = EDGE_CURVE('',#567,#896,#1593,.T.);
#1593 = SURFACE_CURVE('',#1594,(#1600,#1607),.PCURVE_S1.);
#1594 = ( BOUNDED_CURVE() B_SPLINE_CURVE(4,(#1595,#1596,#1597,#1598,
#1599),.UNSPECIFIED.,.F.,.F.) B_SPLINE_CURVE_WITH_KNOTS((5,5),(0.,1.),
.PIECEWISE_BEZIER_KNOTS.) CURVE() GEOMETRIC_REPRESENTATION_ITEM() 
RATIONAL_B_SPLINE_CURVE((1.,1.,1.,1.,1.)) REPRESENTATION_ITEM('') );
#1595 = CARTESIAN_POINT('',(-22.2,-5.184,-143.));
#1596 = CARTESIAN_POINT('',(-50.9607158084,-13.5656943213,
    -75.62153088539));
#1597 = CARTESIAN_POINT('',(-32.68343992795,-8.239173921862,
    2.664624612699));
#1598 = CARTESIAN_POINT('',(-46.66744388199,-12.31451221703,
    71.273098758925));
#1599 = CARTESIAN_POINT('',(-24.72,-5.9184,143.));
#1600 = PCURVE('',#612,#1601);
#1601 = DEFINITIONAL_REPRESENTATION('',(#1602),#1606);
#1602 = LINE('',#1603,#1604);
#1603 = CARTESIAN_POINT('',(7.,0.));
#1604 = VECTOR('',#1605,1.);
#1605 = DIRECTION('',(0.,1.));
#1606 = ( GEOMETRIC_REPRESENTATION_CONTEXT(2) 
PARAMETRIC_REPRESENTATION_CONTEXT() REPRESENTATION_CONTEXT('2D SPACE',''
  ) );
#1607 = PCURVE('',#580,#1608);
#1608 = DEFINITIONAL_REPRESENTATION('',(#1609),#1613);
#1609 = LINE('',#1610,#1611);
#1610 = CARTESIAN_POINT('',(7.,0.));
#1611 = VECTOR('',#1612,1.);
#1612 = DIRECTION('',(0.,1.));
#1613 = ( GEOMETRIC_REPRESENTATION_CONTEXT(2) 
PARAMETRIC_REPRESENTATION_CONTEXT() REPRESENTATION_CONTEXT('2D SPACE',''
  ) );
#1614 = ORIENTED_EDGE('',*,*,#916,.F.);
#1615 = ADVANCED_FACE('',(#1616),#580,.F.);
#1616 = FACE_BOUND('',#1617,.F.);
#1617 = EDGE_LOOP('',(#1618,#1619,#1642,#1643));
#1618 = ORIENTED_EDGE('',*,*,#566,.T.);
#1619 = ORIENTED_EDGE('',*,*,#1620,.T.);
#1620 = EDGE_CURVE('',#535,#875,#1621,.T.);
#1621 = SURFACE_CURVE('',#1622,(#1628,#1635),.PCURVE_S1.);
#1622 = ( BOUNDED_CURVE() B_SPLINE_CURVE(4,(#1623,#1624,#1625,#1626,
#1627),.UNSPECIFIED.,.F.,.F.) B_SPLINE_CURVE_WITH_KNOTS((5,5),(0.,1.),
.PIECEWISE_BEZIER_KNOTS.) CURVE() GEOMETRIC_REPRESENTATION_ITEM() 
RATIONAL_B_SPLINE_CURVE((1.,1.,1.,1.,1.)) REPRESENTATION_ITEM('') );
#1623 = CARTESIAN_POINT('',(-15.984,-11.4,-143.));
#1624 = CARTESIAN_POINT('',(-36.69171538204,-27.83469474765,
    -75.62153088539));
#1625 = CARTESIAN_POINT('',(-23.53207674813,-17.39053710169,
    2.664624612699));
#1626 = CARTESIAN_POINT('',(-33.60055959503,-25.38139650399,
    71.273098758925));
#1627 = CARTESIAN_POINT('',(-17.7984,-12.84,143.));
#1628 = PCURVE('',#580,#1629);
#1629 = DEFINITIONAL_REPRESENTATION('',(#1630),#1634);
#1630 = LINE('',#1631,#1632);
#1631 = CARTESIAN_POINT('',(8.,0.));
#1632 = VECTOR('',#1633,1.);
#1633 = DIRECTION('',(0.,1.));
#1634 = ( GEOMETRIC_REPRESENTATION_CONTEXT(2) 
PARAMETRIC_REPRESENTATION_CONTEXT() REPRESENTATION_CONTEXT('2D SPACE',''
  ) );
#1635 = PCURVE('',#548,#1636);
#1636 = DEFINITIONAL_REPRESENTATION('',(#1637),#1641);
#1637 = LINE('',#1638,#1639);
#1638 = CARTESIAN_POINT('',(0.,0.));
#1639 = VECTOR('',#1640,1.);
#1640 = DIRECTION('',(0.,1.));
#1641 = ( GEOMETRIC_REPRESENTATION_CONTEXT(2) 
PARAMETRIC_REPRESENTATION_CONTEXT() REPRESENTATION_CONTEXT('2D SPACE',''
  ) );
#1642 = ORIENTED_EDGE('',*,*,#895,.F.);
#1643 = ORIENTED_EDGE('',*,*,#1592,.F.);
#1644 = ADVANCED_FACE('',(#1645,#1673),#548,.F.);
#1645 = FACE_BOUND('',#1646,.F.);
#1646 = EDGE_LOOP('',(#1647,#1648,#1671,#1672));
#1647 = ORIENTED_EDGE('',*,*,#534,.T.);
#1648 = ORIENTED_EDGE('',*,*,#1649,.T.);
#1649 = EDGE_CURVE('',#503,#854,#1650,.T.);
#1650 = SURFACE_CURVE('',#1651,(#1657,#1664),.PCURVE_S1.);
#1651 = ( BOUNDED_CURVE() B_SPLINE_CURVE(4,(#1652,#1653,#1654,#1655,
#1656),.UNSPECIFIED.,.F.,.F.) B_SPLINE_CURVE_WITH_KNOTS((5,5),(0.,1.),
.PIECEWISE_BEZIER_KNOTS.) CURVE() GEOMETRIC_REPRESENTATION_ITEM() 
RATIONAL_B_SPLINE_CURVE((1.,1.,1.,1.,1.)) REPRESENTATION_ITEM('') );
#1652 = CARTESIAN_POINT('',(15.984,-11.4,-143.));
#1653 = CARTESIAN_POINT('',(36.691715382048,-27.83469474765,
    -75.62153088539));
#1654 = CARTESIAN_POINT('',(23.53207674813,-17.39053710169,
    2.664624612699));
#1655 = CARTESIAN_POINT('',(33.600559595033,-25.38139650399,
    71.273098758925));
#1656 = CARTESIAN_POINT('',(17.7984,-12.84,143.));
#1657 = PCURVE('',#548,#1658);
#1658 = DEFINITIONAL_REPRESENTATION('',(#1659),#1663);
#1659 = LINE('',#1660,#1661);
#1660 = CARTESIAN_POINT('',(1.,0.));
#1661 = VECTOR('',#1662,1.);
#1662 = DIRECTION('',(0.,1.));
#1663 = ( GEOMETRIC_REPRESENTATION_CONTEXT(2) 
PARAMETRIC_REPRESENTATION_CONTEXT() REPRESENTATION_CONTEXT('2D SPACE',''
  ) );
#1664 = PCURVE('',#516,#1665);
#1665 = DEFINITIONAL_REPRESENTATION('',(#1666),#1670);
#1666 = LINE('',#1667,#1668);
#1667 = CARTESIAN_POINT('',(1.,0.));
#1668 = VECTOR('',#1669,1.);
#1669 = DIRECTION('',(0.,1.));
#1670 = ( GEOMETRIC_REPRESENTATION_CONTEXT(2) 
PARAMETRIC_REPRESENTATION_CONTEXT() REPRESENTATION_CONTEXT('2D SPACE',''
  ) );
#1671 = ORIENTED_EDGE('',*,*,#874,.F.);
#1672 = ORIENTED_EDGE('',*,*,#1620,.F.);
#1673 = FACE_BOUND('',#1674,.F.);
#1674 = EDGE_LOOP('',(#1675,#1676,#1677,#1678));
#1675 = ORIENTED_EDGE('',*,*,#1027,.F.);
#1676 = ORIENTED_EDGE('',*,*,#1260,.F.);
#1677 = ORIENTED_EDGE('',*,*,#1182,.F.);
#1678 = ORIENTED_EDGE('',*,*,#1127,.T.);
#1679 = ADVANCED_FACE('',(#1680),#516,.F.);
#1680 = FACE_BOUND('',#1681,.F.);
#1681 = EDGE_LOOP('',(#1682,#1683,#1706,#1707));
#1682 = ORIENTED_EDGE('',*,*,#502,.T.);
#1683 = ORIENTED_EDGE('',*,*,#1684,.T.);
#1684 = EDGE_CURVE('',#471,#833,#1685,.T.);
#1685 = SURFACE_CURVE('',#1686,(#1692,#1699),.PCURVE_S1.);
#1686 = ( BOUNDED_CURVE() B_SPLINE_CURVE(4,(#1687,#1688,#1689,#1690,
#1691),.UNSPECIFIED.,.F.,.F.) B_SPLINE_CURVE_WITH_KNOTS((5,5),(0.,1.),
.PIECEWISE_BEZIER_KNOTS.) CURVE() GEOMETRIC_REPRESENTATION_ITEM() 
RATIONAL_B_SPLINE_CURVE((1.,1.,1.,1.,1.)) REPRESENTATION_ITEM('') );
#1687 = CARTESIAN_POINT('',(22.2,-5.184,-143.));
#1688 = CARTESIAN_POINT('',(50.9607158084,-13.5656943213,-75.62153088539
    ));
#1689 = CARTESIAN_POINT('',(32.683439927959,-8.239173921862,
    2.664624612699));
#1690 = CARTESIAN_POINT('',(46.66744388199,-12.31451221703,
    71.273098758925));
#1691 = CARTESIAN_POINT('',(24.72,-5.9184,143.));
#1692 = PCURVE('',#516,#1693);
#1693 = DEFINITIONAL_REPRESENTATION('',(#1694),#1698);
#1694 = LINE('',#1695,#1696);
#1695 = CARTESIAN_POINT('',(2.,0.));
#1696 = VECTOR('',#1697,1.);
#1697 = DIRECTION('',(0.,1.));
#1698 = ( GEOMETRIC_REPRESENTATION_CONTEXT(2) 
PARAMETRIC_REPRESENTATION_CONTEXT() REPRESENTATION_CONTEXT('2D SPACE',''
  ) );
#1699 = PCURVE('',#484,#1700);
#1700 = DEFINITIONAL_REPRESENTATION('',(#1701),#1705);
#1701 = LINE('',#1702,#1703);
#1702 = CARTESIAN_POINT('',(2.,0.));
#1703 = VECTOR('',#1704,1.);
#1704 = DIRECTION('',(0.,1.));
#1705 = ( GEOMETRIC_REPRESENTATION_CONTEXT(2) 
PARAMETRIC_REPRESENTATION_CONTEXT() REPRESENTATION_CONTEXT('2D SPACE',''
  ) );
#1706 = ORIENTED_EDGE('',*,*,#853,.F.);
#1707 = ORIENTED_EDGE('',*,*,#1649,.F.);
#1708 = ADVANCED_FACE('',(#1709),#484,.F.);
#1709 = FACE_BOUND('',#1710,.F.);
#1710 = EDGE_LOOP('',(#1711,#1712,#1713,#1857));
#1711 = ORIENTED_EDGE('',*,*,#1684,.F.);
#1712 = ORIENTED_EDGE('',*,*,#470,.T.);
#1713 = ORIENTED_EDGE('',*,*,#1714,.T.);
#1714 = EDGE_CURVE('',#445,#812,#1715,.T.);
#1715 = SURFACE_CURVE('',#1716,(#1761,#1809),.PCURVE_S1.);
#1716 = B_SPLINE_CURVE_WITH_KNOTS('',8,(#1717,#1718,#1719,#1720,#1721,
    #1722,#1723,#1724,#1725,#1726,#1727,#1728,#1729,#1730,#1731,#1732,
    #1733,#1734,#1735,#1736,#1737,#1738,#1739,#1740,#1741,#1742,#1743,
    #1744,#1745,#1746,#1747,#1748,#1749,#1750,#1751,#1752,#1753,#1754,
    #1755,#1756,#1757,#1758,#1759,#1760),.UNSPECIFIED.,.F.,.F.,(9,7,7,7,
    7,7,9),(0.,0.13308418217,0.265996719396,0.4679942404,0.536131739592,
    0.778381235805,1.),.UNSPECIFIED.);
#1717 = CARTESIAN_POINT('',(22.2,0.,-143.));
#1718 = CARTESIAN_POINT('',(24.089435311436,0.,-138.573571269));
#1719 = CARTESIAN_POINT('',(25.817012159112,0.,-134.0783324004));
#1720 = CARTESIAN_POINT('',(27.388278216906,0.,-129.5246331949));
#1721 = CARTESIAN_POINT('',(28.811042797356,0.,-124.9221374194));
#1722 = CARTESIAN_POINT('',(30.094503922993,0.,-120.2795614366));
#1723 = CARTESIAN_POINT('',(31.248551251391,0.,-115.6044641385));
#1724 = CARTESIAN_POINT('',(32.283244853936,0.,-110.9030881852));
#1725 = CARTESIAN_POINT('',(34.132501536389,0.,-101.4635081737));
#1726 = CARTESIAN_POINT('',(34.947282922815,0.,-96.72568584503));
#1727 = CARTESIAN_POINT('',(35.662739562832,0.,-91.97132555656));
#1728 = CARTESIAN_POINT('',(36.288436489488,0.,-87.20428197172));
#1729 = CARTESIAN_POINT('',(36.833384212081,0.,-82.42769893908));
#1730 = CARTESIAN_POINT('',(37.305932761367,0.,-77.64399524932));
#1731 = CARTESIAN_POINT('',(37.713723940738,0.,-72.85485783761));
#1732 = CARTESIAN_POINT('',(38.595515140565,0.,-60.77600268247));
#1733 = CARTESIAN_POINT('',(38.993654706107,0.,-53.48181215084));
#1734 = CARTESIAN_POINT('',(39.282448797815,0.,-46.18203844919));
#1735 = CARTESIAN_POINT('',(39.482113292621,0.,-38.87926182111));
#1736 = CARTESIAN_POINT('',(39.609078467015,0.,-31.5752814697));
#1737 = CARTESIAN_POINT('',(39.676196751459,0.,-24.27112164237));
#1738 = CARTESIAN_POINT('',(39.692827123526,0.,-16.9670347354));
#1739 = CARTESIAN_POINT('',(39.655374959876,0.,-7.19854866845));
#1740 = CARTESIAN_POINT('',(39.640849675632,0.,-4.734615315666));
#1741 = CARTESIAN_POINT('',(39.621470968073,0.,-2.270712340998));
#1742 = CARTESIAN_POINT('',(39.597419022391,0.,0.193150739253));
#1743 = CARTESIAN_POINT('',(39.568828920094,0.,2.656964813577));
#1744 = CARTESIAN_POINT('',(39.535790465628,0.,5.120721172712));
#1745 = CARTESIAN_POINT('',(39.498348012997,0.,7.584411507099));
#1746 = CARTESIAN_POINT('',(39.307718940577,0.,18.806932152064));
#1747 = CARTESIAN_POINT('',(39.103270697903,0.,27.563908408462));
#1748 = CARTESIAN_POINT('',(38.843095855587,0.,36.31985339718));
#1749 = CARTESIAN_POINT('',(38.519796366751,0.,45.074507313949));
#1750 = CARTESIAN_POINT('',(38.118540878389,0.,53.826450272579));
#1751 = CARTESIAN_POINT('',(37.616718438365,0.,62.573091988572));
#1752 = CARTESIAN_POINT('',(36.984115497321,0.,71.310687764804));
#1753 = CARTESIAN_POINT('',(35.452773231713,0.,88.01519986397));
#1754 = CARTESIAN_POINT('',(34.581429629629,0.,95.982822293633));
#1755 = CARTESIAN_POINT('',(33.542661468729,0.,103.93323498106));
#1756 = CARTESIAN_POINT('',(32.304894265332,0.,111.85798022126));
#1757 = CARTESIAN_POINT('',(30.834175911888,0.,119.74448186347));
#1758 = CARTESIAN_POINT('',(29.097016456604,0.,127.57658131712));
#1759 = CARTESIAN_POINT('',(27.0652620092,0.,135.33540008472));
#1760 = CARTESIAN_POINT('',(24.72,0.,143.));
#1761 = PCURVE('',#484,#1762);
#1762 = DEFINITIONAL_REPRESENTATION('',(#1763),#1808);
#1763 = B_SPLINE_CURVE_WITH_KNOTS('',8,(#1764,#1765,#1766,#1767,#1768,
    #1769,#1770,#1771,#1772,#1773,#1774,#1775,#1776,#1777,#1778,#1779,
    #1780,#1781,#1782,#1783,#1784,#1785,#1786,#1787,#1788,#1789,#1790,
    #1791,#1792,#1793,#1794,#1795,#1796,#1797,#1798,#1799,#1800,#1801,
    #1802,#1803,#1804,#1805,#1806,#1807),.UNSPECIFIED.,.F.,.F.,(9,7,7,7,
    7,7,9),(0.,0.13308418217,0.265996719396,0.4679942404,0.536131739592,
    0.778381235805,1.),.UNSPECIFIED.);
#1764 = CARTESIAN_POINT('',(2.5,0.));
#1765 = CARTESIAN_POINT('',(2.5,1.642375075106E-02));
#1766 = CARTESIAN_POINT('',(2.5,3.295309764701E-02));
#1767 = CARTESIAN_POINT('',(2.5,4.955864196274E-02));
#1768 = CARTESIAN_POINT('',(2.5,6.621515023911E-02));
#1769 = CARTESIAN_POINT('',(2.5,8.290170762877E-02));
#1770 = CARTESIAN_POINT('',(2.5,9.960185247619E-02));
#1771 = CARTESIAN_POINT('',(2.5,0.116303692132));
#1772 = CARTESIAN_POINT('',(2.5,0.149674773853));
#1773 = CARTESIAN_POINT('',(2.5,0.1663428764));
#1774 = CARTESIAN_POINT('',(2.5,0.182998049683));
#1775 = CARTESIAN_POINT('',(2.5,0.199636062414));
#1776 = CARTESIAN_POINT('',(2.5,0.216254641847));
#1777 = CARTESIAN_POINT('',(2.5,0.232853444242));
#1778 = CARTESIAN_POINT('',(2.5,0.249434053804));
#1779 = CARTESIAN_POINT('',(2.5,0.291176556965));
#1780 = CARTESIAN_POINT('',(2.5,0.316314417527));
#1781 = CARTESIAN_POINT('',(2.5,0.341425914181));
#1782 = CARTESIAN_POINT('',(2.5,0.366522907514));
#1783 = CARTESIAN_POINT('',(2.5,0.391617073592));
#1784 = CARTESIAN_POINT('',(2.5,0.416720092015));
#1785 = CARTESIAN_POINT('',(2.5,0.441843752773));
#1786 = CARTESIAN_POINT('',(2.5,0.475485667381));
#1787 = CARTESIAN_POINT('',(2.5,0.483974797634));
#1788 = CARTESIAN_POINT('',(2.5,0.492467746021));
#1789 = CARTESIAN_POINT('',(2.5,0.500964836671));
#1790 = CARTESIAN_POINT('',(2.5,0.509466362316));
#1791 = CARTESIAN_POINT('',(2.5,0.517972584024));
#1792 = CARTESIAN_POINT('',(2.5,0.526483730936));
#1793 = CARTESIAN_POINT('',(2.5,0.565277922068));
#1794 = CARTESIAN_POINT('',(2.5,0.595617154215));
#1795 = CARTESIAN_POINT('',(2.5,0.626030847502));
#1796 = CARTESIAN_POINT('',(2.5,0.656522799318));
#1797 = CARTESIAN_POINT('',(2.5,0.687087177618));
#1798 = CARTESIAN_POINT('',(2.5,0.717707803133));
#1799 = CARTESIAN_POINT('',(2.5,0.748357746843));
#1800 = CARTESIAN_POINT('',(2.5,0.807032662123));
#1801 = CARTESIAN_POINT('',(2.5,0.835053423667));
#1802 = CARTESIAN_POINT('',(2.5,0.863032688033));
#1803 = CARTESIAN_POINT('',(2.5,0.890920973946));
#1804 = CARTESIAN_POINT('',(2.5,0.918650122083));
#1805 = CARTESIAN_POINT('',(2.5,0.946136178443));
#1806 = CARTESIAN_POINT('',(2.5,0.973285476639));
#1807 = CARTESIAN_POINT('',(2.5,1.));
#1808 = ( GEOMETRIC_REPRESENTATION_CONTEXT(2) 
PARAMETRIC_REPRESENTATION_CONTEXT() REPRESENTATION_CONTEXT('2D SPACE',''
  ) );
#1809 = PCURVE('',#459,#1810);
#1810 = DEFINITIONAL_REPRESENTATION('',(#1811),#1856);
#1811 = B_SPLINE_CURVE_WITH_KNOTS('',8,(#1812,#1813,#1814,#1815,#1816,
    #1817,#1818,#1819,#1820,#1821,#1822,#1823,#1824,#1825,#1826,#1827,
    #1828,#1829,#1830,#1831,#1832,#1833,#1834,#1835,#1836,#1837,#1838,
    #1839,#1840,#1841,#1842,#1843,#1844,#1845,#1846,#1847,#1848,#1849,
    #1850,#1851,#1852,#1853,#1854,#1855),.UNSPECIFIED.,.F.,.F.,(9,7,7,7,
    7,7,9),(0.,0.13308418217,0.265996719396,0.4679942404,0.536131739592,
    0.778381235805,1.),.UNSPECIFIED.);
#1812 = CARTESIAN_POINT('',(28.6,106.2));
#1813 = CARTESIAN_POINT('',(33.026428730904,108.08943531143));
#1814 = CARTESIAN_POINT('',(37.521667599543,109.81701215911));
#1815 = CARTESIAN_POINT('',(42.075366805076,111.3882782169));
#1816 = CARTESIAN_POINT('',(46.677862580524,112.81104279735));
#1817 = CARTESIAN_POINT('',(51.320438563332,114.09450392299));
#1818 = CARTESIAN_POINT('',(55.995535861428,115.24855125139));
#1819 = CARTESIAN_POINT('',(60.69691181477,116.28324485393));
#1820 = CARTESIAN_POINT('',(70.136491826221,118.13250153638));
#1821 = CARTESIAN_POINT('',(74.874314154962,118.94728292281));
#1822 = CARTESIAN_POINT('',(79.628674443433,119.66273956283));
#1823 = CARTESIAN_POINT('',(84.395718028278,120.28843648948));
#1824 = CARTESIAN_POINT('',(89.172301060913,120.83338421208));
#1825 = CARTESIAN_POINT('',(93.956004750676,121.30593276136));
#1826 = CARTESIAN_POINT('',(98.745142162384,121.71372394073));
#1827 = CARTESIAN_POINT('',(110.82399731752,122.59551514056));
#1828 = CARTESIAN_POINT('',(118.11818784915,122.9936547061));
#1829 = CARTESIAN_POINT('',(125.4179615508,123.28244879781));
#1830 = CARTESIAN_POINT('',(132.72073817888,123.48211329262));
#1831 = CARTESIAN_POINT('',(140.02471853029,123.60907846701));
#1832 = CARTESIAN_POINT('',(147.32887835762,123.67619675145));
#1833 = CARTESIAN_POINT('',(154.63296526459,123.69282712352));
#1834 = CARTESIAN_POINT('',(164.40145133155,123.65537495987));
#1835 = CARTESIAN_POINT('',(166.86538468433,123.64084967563));
#1836 = CARTESIAN_POINT('',(169.329287659,123.62147096807));
#1837 = CARTESIAN_POINT('',(171.79315073925,123.59741902239));
#1838 = CARTESIAN_POINT('',(174.25696481357,123.56882892009));
#1839 = CARTESIAN_POINT('',(176.72072117271,123.53579046562));
#1840 = CARTESIAN_POINT('',(179.18441150709,123.49834801299));
#1841 = CARTESIAN_POINT('',(190.40693215206,123.30771894057));
#1842 = CARTESIAN_POINT('',(199.16390840846,123.1032706979));
#1843 = CARTESIAN_POINT('',(207.91985339718,122.84309585558));
#1844 = CARTESIAN_POINT('',(216.67450731394,122.51979636675));
#1845 = CARTESIAN_POINT('',(225.42645027257,122.11854087838));
#1846 = CARTESIAN_POINT('',(234.17309198857,121.61671843836));
#1847 = CARTESIAN_POINT('',(242.9106877648,120.98411549732));
#1848 = CARTESIAN_POINT('',(259.61519986397,119.45277323171));
#1849 = CARTESIAN_POINT('',(267.58282229363,118.58142962962));
#1850 = CARTESIAN_POINT('',(275.53323498106,117.54266146872));
#1851 = CARTESIAN_POINT('',(283.45798022126,116.30489426533));
#1852 = CARTESIAN_POINT('',(291.34448186347,114.83417591188));
#1853 = CARTESIAN_POINT('',(299.17658131712,113.0970164566));
#1854 = CARTESIAN_POINT('',(306.93540008472,111.0652620092));
#1855 = CARTESIAN_POINT('',(314.6,108.72));
#1856 = ( GEOMETRIC_REPRESENTATION_CONTEXT(2) 
PARAMETRIC_REPRESENTATION_CONTEXT() REPRESENTATION_CONTEXT('2D SPACE',''
  ) );
#1857 = ORIENTED_EDGE('',*,*,#832,.F.);
#1858 = ADVANCED_FACE('',(#1859),#459,.T.);
#1859 = FACE_BOUND('',#1860,.T.);
#1860 = EDGE_LOOP('',(#1861,#2005,#2006,#2007));
#1861 = ORIENTED_EDGE('',*,*,#1862,.F.);
#1862 = EDGE_CURVE('',#413,#791,#1863,.T.);
#1863 = SURFACE_CURVE('',#1864,(#1909,#1957),.PCURVE_S1.);
#1864 = B_SPLINE_CURVE_WITH_KNOTS('',8,(#1865,#1866,#1867,#1868,#1869,
    #1870,#1871,#1872,#1873,#1874,#1875,#1876,#1877,#1878,#1879,#1880,
    #1881,#1882,#1883,#1884,#1885,#1886,#1887,#1888,#1889,#1890,#1891,
    #1892,#1893,#1894,#1895,#1896,#1897,#1898,#1899,#1900,#1901,#1902,
    #1903,#1904,#1905,#1906,#1907,#1908),.UNSPECIFIED.,.F.,.F.,(9,7,7,7,
    7,7,9),(0.,0.13308418217,0.265996719396,0.4679942404,0.536131739591,
    0.778381235804,1.),.UNSPECIFIED.);
#1865 = CARTESIAN_POINT('',(25.2,0.,-143.));
#1866 = CARTESIAN_POINT('',(27.089435311436,0.,-138.573571269));
#1867 = CARTESIAN_POINT('',(28.817012159112,0.,-134.0783324004));
#1868 = CARTESIAN_POINT('',(30.388278216906,0.,-129.5246331949));
#1869 = CARTESIAN_POINT('',(31.811042797356,0.,-124.9221374194));
#1870 = CARTESIAN_POINT('',(33.094503922993,0.,-120.2795614366));
#1871 = CARTESIAN_POINT('',(34.248551251391,0.,-115.6044641385));
#1872 = CARTESIAN_POINT('',(35.283244853936,0.,-110.9030881852));
#1873 = CARTESIAN_POINT('',(37.13250153639,0.,-101.4635081737));
#1874 = CARTESIAN_POINT('',(37.94728292281,0.,-96.72568584506));
#1875 = CARTESIAN_POINT('',(38.662739562837,0.,-91.97132555654));
#1876 = CARTESIAN_POINT('',(39.288436489489,0.,-87.20428197172));
#1877 = CARTESIAN_POINT('',(39.833384212076,0.,-82.42769893911));
#1878 = CARTESIAN_POINT('',(40.305932761371,0.,-77.6439952493));
#1879 = CARTESIAN_POINT('',(40.713723940737,0.,-72.85485783762));
#1880 = CARTESIAN_POINT('',(41.595515140562,0.,-60.77600268251));
#1881 = CARTESIAN_POINT('',(41.993654706114,0.,-53.48181215071));
#1882 = CARTESIAN_POINT('',(42.282448797809,0.,-46.18203844934));
#1883 = CARTESIAN_POINT('',(42.482113292619,0.,-38.87926182111));
#1884 = CARTESIAN_POINT('',(42.609078467021,0.,-31.57528146956));
#1885 = CARTESIAN_POINT('',(42.676196751456,0.,-24.27112164251));
#1886 = CARTESIAN_POINT('',(42.692827123526,0.,-16.96703473535));
#1887 = CARTESIAN_POINT('',(42.655374959876,0.,-7.198548668453));
#1888 = CARTESIAN_POINT('',(42.640849675632,0.,-4.734615315665));
#1889 = CARTESIAN_POINT('',(42.621470968073,0.,-2.270712340995));
#1890 = CARTESIAN_POINT('',(42.597419022391,0.,0.193150739253));
#1891 = CARTESIAN_POINT('',(42.568828920094,0.,2.656964813575));
#1892 = CARTESIAN_POINT('',(42.535790465628,0.,5.12072117271));
#1893 = CARTESIAN_POINT('',(42.498348012997,0.,7.584411507101));
#1894 = CARTESIAN_POINT('',(42.307718940577,0.,18.806932152031));
#1895 = CARTESIAN_POINT('',(42.103270697899,0.,27.563908408558));
#1896 = CARTESIAN_POINT('',(41.843095855593,0.,36.319853397077));
#1897 = CARTESIAN_POINT('',(41.519796366749,0.,45.074507313945));
#1898 = CARTESIAN_POINT('',(41.118540878383,0.,53.826450272682));
#1899 = CARTESIAN_POINT('',(40.616718438371,0.,62.573091988483));
#1900 = CARTESIAN_POINT('',(39.984115497319,0.,71.310687764831));
#1901 = CARTESIAN_POINT('',(38.452773231713,0.,88.015199863975));
#1902 = CARTESIAN_POINT('',(37.581429629624,0.,95.982822293606));
#1903 = CARTESIAN_POINT('',(36.542661468748,0.,103.93323498112));
#1904 = CARTESIAN_POINT('',(35.304894265303,0.,111.85798022119));
#1905 = CARTESIAN_POINT('',(33.834175911905,0.,119.74448186353));
#1906 = CARTESIAN_POINT('',(32.097016456603,0.,127.57658131709));
#1907 = CARTESIAN_POINT('',(30.065262009197,0.,135.33540008473));
#1908 = CARTESIAN_POINT('',(27.72,0.,143.));
#1909 = PCURVE('',#459,#1910);
#1910 = DEFINITIONAL_REPRESENTATION('',(#1911),#1956);
#1911 = B_SPLINE_CURVE_WITH_KNOTS('',8,(#1912,#1913,#1914,#1915,#1916,
    #1917,#1918,#1919,#1920,#1921,#1922,#1923,#1924,#1925,#1926,#1927,
    #1928,#1929,#1930,#1931,#1932,#1933,#1934,#1935,#1936,#1937,#1938,
    #1939,#1940,#1941,#1942,#1943,#1944,#1945,#1946,#1947,#1948,#1949,
    #1950,#1951,#1952,#1953,#1954,#1955),.UNSPECIFIED.,.F.,.F.,(9,7,7,7,
    7,7,9),(0.,0.13308418217,0.265996719396,0.4679942404,0.536131739591,
    0.778381235804,1.),.UNSPECIFIED.);
#1912 = CARTESIAN_POINT('',(28.6,109.2));
#1913 = CARTESIAN_POINT('',(33.026428730904,111.08943531143));
#1914 = CARTESIAN_POINT('',(37.521667599544,112.81701215911));
#1915 = CARTESIAN_POINT('',(42.075366805076,114.3882782169));
#1916 = CARTESIAN_POINT('',(46.677862580523,115.81104279735));
#1917 = CARTESIAN_POINT('',(51.320438563332,117.09450392299));
#1918 = CARTESIAN_POINT('',(55.995535861429,118.24855125139));
#1919 = CARTESIAN_POINT('',(60.696911814769,119.28324485393));
#1920 = CARTESIAN_POINT('',(70.136491826229,121.13250153639));
#1921 = CARTESIAN_POINT('',(74.874314154938,121.94728292281));
#1922 = CARTESIAN_POINT('',(79.62867444346,122.66273956283));
#1923 = CARTESIAN_POINT('',(84.395718028278,123.28843648948));
#1924 = CARTESIAN_POINT('',(89.172301060886,123.83338421207));
#1925 = CARTESIAN_POINT('',(93.9560047507,124.30593276137));
#1926 = CARTESIAN_POINT('',(98.745142162377,124.71372394073));
#1927 = CARTESIAN_POINT('',(110.82399731748,125.59551514056));
#1928 = CARTESIAN_POINT('',(118.11818784929,125.99365470611));
#1929 = CARTESIAN_POINT('',(125.41796155065,126.2824487978));
#1930 = CARTESIAN_POINT('',(132.72073817888,126.48211329261));
#1931 = CARTESIAN_POINT('',(140.02471853044,126.60907846702));
#1932 = CARTESIAN_POINT('',(147.32887835748,126.67619675145));
#1933 = CARTESIAN_POINT('',(154.63296526464,126.69282712352));
#1934 = CARTESIAN_POINT('',(164.40145133154,126.65537495987));
#1935 = CARTESIAN_POINT('',(166.86538468433,126.64084967563));
#1936 = CARTESIAN_POINT('',(169.329287659,126.62147096807));
#1937 = CARTESIAN_POINT('',(171.79315073925,126.59741902239));
#1938 = CARTESIAN_POINT('',(174.25696481357,126.56882892009));
#1939 = CARTESIAN_POINT('',(176.72072117271,126.53579046562));
#1940 = CARTESIAN_POINT('',(179.1844115071,126.49834801299));
#1941 = CARTESIAN_POINT('',(190.40693215203,126.30771894057));
#1942 = CARTESIAN_POINT('',(199.16390840855,126.10327069789));
#1943 = CARTESIAN_POINT('',(207.91985339707,125.84309585559));
#1944 = CARTESIAN_POINT('',(216.67450731394,125.51979636674));
#1945 = CARTESIAN_POINT('',(225.42645027268,125.11854087838));
#1946 = CARTESIAN_POINT('',(234.17309198848,124.61671843837));
#1947 = CARTESIAN_POINT('',(242.91068776483,123.98411549731));
#1948 = CARTESIAN_POINT('',(259.61519986397,122.45277323171));
#1949 = CARTESIAN_POINT('',(267.5828222936,121.58142962962));
#1950 = CARTESIAN_POINT('',(275.53323498112,120.54266146874));
#1951 = CARTESIAN_POINT('',(283.45798022119,119.3048942653));
#1952 = CARTESIAN_POINT('',(291.34448186353,117.8341759119));
#1953 = CARTESIAN_POINT('',(299.17658131709,116.0970164566));
#1954 = CARTESIAN_POINT('',(306.93540008473,114.06526200919));
#1955 = CARTESIAN_POINT('',(314.6,111.72));
#1956 = ( GEOMETRIC_REPRESENTATION_CONTEXT(2) 
PARAMETRIC_REPRESENTATION_CONTEXT() REPRESENTATION_CONTEXT('2D SPACE',''
  ) );
#1957 = PCURVE('',#426,#1958);
#1958 = DEFINITIONAL_REPRESENTATION('',(#1959),#2004);
#1959 = B_SPLINE_CURVE_WITH_KNOTS('',8,(#1960,#1961,#1962,#1963,#1964,
    #1965,#1966,#1967,#1968,#1969,#1970,#1971,#1972,#1973,#1974,#1975,
    #1976,#1977,#1978,#1979,#1980,#1981,#1982,#1983,#1984,#1985,#1986,
    #1987,#1988,#1989,#1990,#1991,#1992,#1993,#1994,#1995,#1996,#1997,
    #1998,#1999,#2000,#2001,#2002,#2003),.UNSPECIFIED.,.F.,.F.,(9,7,7,7,
    7,7,9),(0.,0.13308418217,0.265996719396,0.4679942404,0.536131739591,
    0.778381235804,1.),.UNSPECIFIED.);
#1960 = CARTESIAN_POINT('',(2.5,0.));
#1961 = CARTESIAN_POINT('',(2.5,1.642375075105E-02));
#1962 = CARTESIAN_POINT('',(2.5,3.295309764701E-02));
#1963 = CARTESIAN_POINT('',(2.5,4.955864196274E-02));
#1964 = CARTESIAN_POINT('',(2.5,6.62151502391E-02));
#1965 = CARTESIAN_POINT('',(2.5,8.290170762877E-02));
#1966 = CARTESIAN_POINT('',(2.5,9.96018524762E-02));
#1967 = CARTESIAN_POINT('',(2.5,0.116303692132));
#1968 = CARTESIAN_POINT('',(2.5,0.149674773853));
#1969 = CARTESIAN_POINT('',(2.5,0.1663428764));
#1970 = CARTESIAN_POINT('',(2.5,0.182998049683));
#1971 = CARTESIAN_POINT('',(2.5,0.199636062414));
#1972 = CARTESIAN_POINT('',(2.5,0.216254641847));
#1973 = CARTESIAN_POINT('',(2.5,0.232853444243));
#1974 = CARTESIAN_POINT('',(2.5,0.249434053804));
#1975 = CARTESIAN_POINT('',(2.5,0.291176556965));
#1976 = CARTESIAN_POINT('',(2.5,0.316314417527));
#1977 = CARTESIAN_POINT('',(2.5,0.34142591418));
#1978 = CARTESIAN_POINT('',(2.5,0.366522907514));
#1979 = CARTESIAN_POINT('',(2.5,0.391617073592));
#1980 = CARTESIAN_POINT('',(2.5,0.416720092015));
#1981 = CARTESIAN_POINT('',(2.5,0.441843752774));
#1982 = CARTESIAN_POINT('',(2.5,0.475485667381));
#1983 = CARTESIAN_POINT('',(2.5,0.483974797634));
#1984 = CARTESIAN_POINT('',(2.5,0.492467746021));
#1985 = CARTESIAN_POINT('',(2.5,0.500964836671));
#1986 = CARTESIAN_POINT('',(2.5,0.509466362316));
#1987 = CARTESIAN_POINT('',(2.5,0.517972584024));
#1988 = CARTESIAN_POINT('',(2.5,0.526483730936));
#1989 = CARTESIAN_POINT('',(2.5,0.565277922067));
#1990 = CARTESIAN_POINT('',(2.5,0.595617154216));
#1991 = CARTESIAN_POINT('',(2.5,0.626030847502));
#1992 = CARTESIAN_POINT('',(2.5,0.656522799318));
#1993 = CARTESIAN_POINT('',(2.5,0.687087177619));
#1994 = CARTESIAN_POINT('',(2.5,0.717707803133));
#1995 = CARTESIAN_POINT('',(2.5,0.748357746843));
#1996 = CARTESIAN_POINT('',(2.5,0.807032662123));
#1997 = CARTESIAN_POINT('',(2.5,0.835053423666));
#1998 = CARTESIAN_POINT('',(2.5,0.863032688034));
#1999 = CARTESIAN_POINT('',(2.5,0.890920973945));
#2000 = CARTESIAN_POINT('',(2.5,0.918650122085));
#2001 = CARTESIAN_POINT('',(2.5,0.946136178442));
#2002 = CARTESIAN_POINT('',(2.5,0.973285476639));
#2003 = CARTESIAN_POINT('',(2.5,1.));
#2004 = ( GEOMETRIC_REPRESENTATION_CONTEXT(2) 
PARAMETRIC_REPRESENTATION_CONTEXT() REPRESENTATION_CONTEXT('2D SPACE',''
  ) );
#2005 = ORIENTED_EDGE('',*,*,#444,.T.);
#2006 = ORIENTED_EDGE('',*,*,#1714,.T.);
#2007 = ORIENTED_EDGE('',*,*,#811,.F.);
#2008 = ADVANCED_FACE('',(#2009),#426,.T.);
#2009 = FACE_BOUND('',#2010,.T.);
#2010 = EDGE_LOOP('',(#2011,#2012,#2013,#2014));
#2011 = ORIENTED_EDGE('',*,*,#739,.F.);
#2012 = ORIENTED_EDGE('',*,*,#412,.T.);
#2013 = ORIENTED_EDGE('',*,*,#1862,.T.);
#2014 = ORIENTED_EDGE('',*,*,#790,.F.);
#2015 = ( GEOMETRIC_REPRESENTATION_CONTEXT(3) 
GLOBAL_UNCERTAINTY_ASSIGNED_CONTEXT((#2019)) 
GLOBAL_UNIT_ASSIGNED_CONTEXT((#2016,#2017,#2018)) REPRESENTATION_CONTEXT
('Context #1','3D Context with UNIT and UNCERTAINTY') );
#2016 = ( LENGTH_UNIT() NAMED_UNIT(*) SI_UNIT(.MILLI.,.METRE.) );
#2017 = ( NAMED_UNIT(*) PLANE_ANGLE_UNIT() SI_UNIT($,.RADIAN.) );
#2018 = ( NAMED_UNIT(*) SI_UNIT($,.STERADIAN.) SOLID_ANGLE_UNIT() );
#2019 = UNCERTAINTY_MEASURE_WITH_UNIT(LENGTH_MEASURE(2.E-06),#2016,
  'distance_accuracy_value','confusion accuracy');
#2020 = PRODUCT_RELATED_PRODUCT_CATEGORY('part',$,(#7));
ENDSEC;
END-ISO-10303-21;
