ISO-10303-21;
HEADER;
FILE_DESCRIPTION(('Open CASCADE Model'),'2;1');
FILE_NAME('Open CASCADE Shape Model','2026-09-05T05:20:55',('Author'),(
    'Open CASCADE'),'Open CASCADE STEP processor 7.8','Open CASCADE 7.8'
  ,'Unknown');
FILE_SCHEMA(('AUTOMOTIVE_DESIGN { 1 0 10303 214 1 1 1 1 }'));
ENDSEC;
DATA;
#1 = APPLICATION_PROTOCOL_DEFINITION('international standard',
  'automotive_design',2000,#2);
#2 = APPLICATION_CONTEXT(
  'core data for automotive mechanical design processes');
#3 = SHAPE_DEFINITION_REPRESENTATION(#4,#10);
#4 = PRODUCT_DEFINITION_SHAPE('','',#5);
#5 = PRODUCT_DEFINITION('design','',#6,#9);
#6 = PRODUCT_DEFINITION_FORMATION('','',#7);
#7 = PRODUCT('Open CASCADE STEP translator 7.8 70',
  'Open CASCADE STEP translator 7.8 70','',(#8));
#8 = PRODUCT_CONTEXT('',#2,'mechanical');
#9 = PRODUCT_DEFINITION_CONTEXT('part definition',#2,'design');
#10 = ADVANCED_BREP_SHAPE_REPRESENTATION('',(#11,#15),#3711);
#11 = AXIS2_PLACEMENT_3D('',#12,#13,#14);
#12 = CARTESIAN_POINT('',(0.,0.,0.));
#13 = DIRECTION('',(0.,0.,1.));
#14 = DIRECTION('',(1.,0.,-0.));
#15 = MANIFOLD_SOLID_BREP('',#16);
#16 = CLOSED_SHELL('',(#17,#163,#344,#538,#679,#904,#1074,#1276,#1948,
    #2045,#2121,#2150,#2235,#2301,#2451,#2601,#2608,#2758,#2765,#3272,
    #3279,#3326,#3353,#3380,#3387,#3434,#3461,#3488,#3495,#3542,#3569,
    #3596,#3603,#3650,#3677,#3704));
#17 = ADVANCED_FACE('',(#18),#34,.T.);
#18 = FACE_BOUND('',#19,.T.);
#19 = EDGE_LOOP('',(#20,#69,#95,#131));
#20 = ORIENTED_EDGE('',*,*,#21,.F.);
#21 = EDGE_CURVE('',#22,#24,#26,.T.);
#22 = VERTEX_POINT('',#23);
#23 = CARTESIAN_POINT('',(-23.328,-23.4,-134.));
#24 = VERTEX_POINT('',#25);
#25 = CARTESIAN_POINT('',(-30.45955087957,-30.55356183908,-113.));
#26 = SURFACE_CURVE('',#27,(#33,#51),.PCURVE_S1.);
#27 = ( BOUNDED_CURVE() B_SPLINE_CURVE(4,(#28,#29,#30,#31,#32),
.UNSPECIFIED.,.F.,.F.) B_SPLINE_CURVE_WITH_KNOTS((5,5),(0.,1.),
.PIECEWISE_BEZIER_KNOTS.) CURVE() GEOMETRIC_REPRESENTATION_ITEM() 
RATIONAL_B_SPLINE_CURVE((1.,1.,1.,1.,1.)) REPRESENTATION_ITEM('') );
#28 = CARTESIAN_POINT('',(-23.328,-23.4,-134.));
#29 = CARTESIAN_POINT('',(-48.82777904233,-48.97848206407,
    -74.89946339855));
#30 = CARTESIAN_POINT('',(-34.69141113837,-34.79848339497,4.704294879977
    ));
#31 = CARTESIAN_POINT('',(-45.21218077478,-45.3517245426,66.857252864212
    ));
#32 = CARTESIAN_POINT('',(-25.6608,-25.74,134.));
#33 = PCURVE('',#34,#45);
#34 = ( BOUNDED_SURFACE() B_SPLINE_SURFACE(1,4,(
    (#35,#36,#37,#38,#39)
    ,(#40,#41,#42,#43,#44
)),.UNSPECIFIED.,.F.,.F.,.F.) B_SPLINE_SURFACE_WITH_KNOTS((2,2),(5,5),(
    0.,1.),(0.,1.),.PIECEWISE_BEZIER_KNOTS.) 
GEOMETRIC_REPRESENTATION_ITEM() RATIONAL_B_SPLINE_SURFACE((
    (1.,1.,1.,1.,1.)
,(1.,1.,1.,1.,1.))) REPRESENTATION_ITEM('') SURFACE() );
#35 = CARTESIAN_POINT('',(-23.328,-23.4,-134.));
#36 = CARTESIAN_POINT('',(-48.82777904233,-48.97848206407,
    -74.89946339855));
#37 = CARTESIAN_POINT('',(-34.69141113837,-34.79848339497,4.704294879977
    ));
#38 = CARTESIAN_POINT('',(-45.21218077478,-45.3517245426,66.857252864212
    ));
#39 = CARTESIAN_POINT('',(-25.6608,-25.74,134.));
#40 = CARTESIAN_POINT('',(23.328,-23.4,-134.));
#41 = CARTESIAN_POINT('',(48.827779042337,-48.97848206407,
    -74.89946339855));
#42 = CARTESIAN_POINT('',(34.691411138377,-34.79848339497,4.704294879977
    ));
#43 = CARTESIAN_POINT('',(45.212180774783,-45.3517245426,66.857252864212
    ));
#44 = CARTESIAN_POINT('',(25.6608,-25.74,134.));
#45 = DEFINITIONAL_REPRESENTATION('',(#46),#50);
#46 = LINE('',#47,#48);
#47 = CARTESIAN_POINT('',(0.,0.));
#48 = VECTOR('',#49,1.);
#49 = DIRECTION('',(0.,1.));
#50 = ( GEOMETRIC_REPRESENTATION_CONTEXT(2) 
PARAMETRIC_REPRESENTATION_CONTEXT() REPRESENTATION_CONTEXT('2D SPACE',''
  ) );
#51 = PCURVE('',#52,#63);
#52 = ( BOUNDED_SURFACE() B_SPLINE_SURFACE(1,4,(
    (#53,#54,#55,#56,#57)
    ,(#58,#59,#60,#61,#62
)),.UNSPECIFIED.,.F.,.F.,.F.) B_SPLINE_SURFACE_WITH_KNOTS((2,2),(5,5),(
    7.,8.),(0.,1.),.PIECEWISE_BEZIER_KNOTS.) 
GEOMETRIC_REPRESENTATION_ITEM() RATIONAL_B_SPLINE_SURFACE((
    (1.,1.,1.,1.,1.)
,(1.,1.,1.,1.,1.))) REPRESENTATION_ITEM('') SURFACE() );
#53 = CARTESIAN_POINT('',(-32.4,-14.328,-134.));
#54 = CARTESIAN_POINT('',(-67.81635978102,-29.98990132538,
    -74.89946339855));
#55 = CARTESIAN_POINT('',(-48.18251546996,-21.30737906338,4.704294879977
    ));
#56 = CARTESIAN_POINT('',(-62.79469552053,-27.76920979685,
    66.857252864212));
#57 = CARTESIAN_POINT('',(-35.64,-15.7608,134.));
#58 = CARTESIAN_POINT('',(-23.328,-23.4,-134.));
#59 = CARTESIAN_POINT('',(-48.82777904233,-48.97848206407,
    -74.89946339855));
#60 = CARTESIAN_POINT('',(-34.69141113837,-34.79848339497,4.704294879977
    ));
#61 = CARTESIAN_POINT('',(-45.21218077478,-45.3517245426,66.857252864212
    ));
#62 = CARTESIAN_POINT('',(-25.6608,-25.74,134.));
#63 = DEFINITIONAL_REPRESENTATION('',(#64),#68);
#64 = LINE('',#65,#66);
#65 = CARTESIAN_POINT('',(8.,0.));
#66 = VECTOR('',#67,1.);
#67 = DIRECTION('',(0.,1.));
#68 = ( GEOMETRIC_REPRESENTATION_CONTEXT(2) 
PARAMETRIC_REPRESENTATION_CONTEXT() REPRESENTATION_CONTEXT('2D SPACE',''
  ) );
#69 = ORIENTED_EDGE('',*,*,#70,.T.);
#70 = EDGE_CURVE('',#22,#71,#73,.T.);
#71 = VERTEX_POINT('',#72);
#72 = CARTESIAN_POINT('',(23.328,-23.4,-134.));
#73 = SURFACE_CURVE('',#74,(#77,#84),.PCURVE_S1.);
#74 = B_SPLINE_CURVE_WITH_KNOTS('',1,(#75,#76),.UNSPECIFIED.,.F.,.F.,(2,
    2),(0.,1.),.PIECEWISE_BEZIER_KNOTS.);
#75 = CARTESIAN_POINT('',(-23.328,-23.4,-134.));
#76 = CARTESIAN_POINT('',(23.328,-23.4,-134.));
#77 = PCURVE('',#34,#78);
#78 = DEFINITIONAL_REPRESENTATION('',(#79),#83);
#79 = LINE('',#80,#81);
#80 = CARTESIAN_POINT('',(0.,0.));
#81 = VECTOR('',#82,1.);
#82 = DIRECTION('',(1.,0.));
#83 = ( GEOMETRIC_REPRESENTATION_CONTEXT(2) 
PARAMETRIC_REPRESENTATION_CONTEXT() REPRESENTATION_CONTEXT('2D SPACE',''
  ) );
#84 = PCURVE('',#85,#90);
#85 = PLANE('',#86);
#86 = AXIS2_PLACEMENT_3D('',#87,#88,#89);
#87 = CARTESIAN_POINT('',(-23.328,-23.4,-134.));
#88 = DIRECTION('',(0.,0.,1.));
#89 = DIRECTION('',(0.82807890817,0.56061156057,-0.));
#90 = DEFINITIONAL_REPRESENTATION('',(#91),#94);
#91 = B_SPLINE_CURVE_WITH_KNOTS('',1,(#92,#93),.UNSPECIFIED.,.F.,.F.,(2,
    2),(0.,1.),.PIECEWISE_BEZIER_KNOTS.);
#92 = CARTESIAN_POINT('',(0.,0.));
#93 = CARTESIAN_POINT('',(38.634849539568,-26.15589296994));
#94 = ( GEOMETRIC_REPRESENTATION_CONTEXT(2) 
PARAMETRIC_REPRESENTATION_CONTEXT() REPRESENTATION_CONTEXT('2D SPACE',''
  ) );
#95 = ORIENTED_EDGE('',*,*,#96,.T.);
#96 = EDGE_CURVE('',#71,#97,#99,.T.);
#97 = VERTEX_POINT('',#98);
#98 = CARTESIAN_POINT('',(30.459550879577,-30.55356183908,-113.));
#99 = SURFACE_CURVE('',#100,(#106,#113),.PCURVE_S1.);
#100 = ( BOUNDED_CURVE() B_SPLINE_CURVE(4,(#101,#102,#103,#104,#105),
.UNSPECIFIED.,.F.,.F.) B_SPLINE_CURVE_WITH_KNOTS((5,5),(0.,1.),
.PIECEWISE_BEZIER_KNOTS.) CURVE() GEOMETRIC_REPRESENTATION_ITEM() 
RATIONAL_B_SPLINE_CURVE((1.,1.,1.,1.,1.)) REPRESENTATION_ITEM('') );
#101 = CARTESIAN_POINT('',(23.328,-23.4,-134.));
#102 = CARTESIAN_POINT('',(48.827779042337,-48.97848206407,
    -74.89946339855));
#103 = CARTESIAN_POINT('',(34.691411138377,-34.79848339497,
    4.704294879977));
#104 = CARTESIAN_POINT('',(45.212180774783,-45.3517245426,
    66.857252864212));
#105 = CARTESIAN_POINT('',(25.6608,-25.74,134.));
#106 = PCURVE('',#34,#107);
#107 = DEFINITIONAL_REPRESENTATION('',(#108),#112);
#108 = LINE('',#109,#110);
#109 = CARTESIAN_POINT('',(1.,0.));
#110 = VECTOR('',#111,1.);
#111 = DIRECTION('',(0.,1.));
#112 = ( GEOMETRIC_REPRESENTATION_CONTEXT(2) 
PARAMETRIC_REPRESENTATION_CONTEXT() REPRESENTATION_CONTEXT('2D SPACE',''
  ) );
#113 = PCURVE('',#114,#125);
#114 = ( BOUNDED_SURFACE() B_SPLINE_SURFACE(1,4,(
    (#115,#116,#117,#118,#119)
    ,(#120,#121,#122,#123,#124
)),.UNSPECIFIED.,.F.,.F.,.F.) B_SPLINE_SURFACE_WITH_KNOTS((2,2),(5,5),(
    1.,2.),(0.,1.),.PIECEWISE_BEZIER_KNOTS.) 
GEOMETRIC_REPRESENTATION_ITEM() RATIONAL_B_SPLINE_SURFACE((
    (1.,1.,1.,1.,1.)
,(1.,1.,1.,1.,1.))) REPRESENTATION_ITEM('') SURFACE() );
#115 = CARTESIAN_POINT('',(23.328,-23.4,-134.));
#116 = CARTESIAN_POINT('',(48.827779042337,-48.97848206407,
    -74.89946339855));
#117 = CARTESIAN_POINT('',(34.691411138377,-34.79848339497,
    4.704294879977));
#118 = CARTESIAN_POINT('',(45.212180774783,-45.3517245426,
    66.857252864212));
#119 = CARTESIAN_POINT('',(25.6608,-25.74,134.));
#120 = CARTESIAN_POINT('',(32.4,-14.328,-134.));
#121 = CARTESIAN_POINT('',(67.816359781023,-29.98990132538,
    -74.89946339855));
#122 = CARTESIAN_POINT('',(48.182515469969,-21.30737906338,
    4.704294879977));
#123 = CARTESIAN_POINT('',(62.794695520533,-27.76920979685,
    66.857252864212));
#124 = CARTESIAN_POINT('',(35.64,-15.7608,134.));
#125 = DEFINITIONAL_REPRESENTATION('',(#126),#130);
#126 = LINE('',#127,#128);
#127 = CARTESIAN_POINT('',(1.,0.));
#128 = VECTOR('',#129,1.);
#129 = DIRECTION('',(0.,1.));
#130 = ( GEOMETRIC_REPRESENTATION_CONTEXT(2) 
PARAMETRIC_REPRESENTATION_CONTEXT() REPRESENTATION_CONTEXT('2D SPACE',''
  ) );
#131 = ORIENTED_EDGE('',*,*,#132,.T.);
#132 = EDGE_CURVE('',#97,#24,#133,.T.);
#133 = SURFACE_CURVE('',#134,(#140,#149),.PCURVE_S1.);
#134 = B_SPLINE_CURVE_WITH_KNOTS('',4,(#135,#136,#137,#138,#139),
  .UNSPECIFIED.,.F.,.F.,(5,5),(0.,1.),.PIECEWISE_BEZIER_KNOTS.);
#135 = CARTESIAN_POINT('',(30.459550879577,-30.55356183908,-113.));
#136 = CARTESIAN_POINT('',(15.229775439788,-30.55356183908,-113.));
#137 = CARTESIAN_POINT('',(-3.552713678801E-15,-30.55356183908,-113.));
#138 = CARTESIAN_POINT('',(-15.22977543978,-30.55356183908,-113.));
#139 = CARTESIAN_POINT('',(-30.45955087957,-30.55356183908,-113.));
#140 = PCURVE('',#34,#141);
#141 = DEFINITIONAL_REPRESENTATION('',(#142),#148);
#142 = B_SPLINE_CURVE_WITH_KNOTS('',4,(#143,#144,#145,#146,#147),
  .UNSPECIFIED.,.F.,.F.,(5,5),(0.,1.),.PIECEWISE_BEZIER_KNOTS.);
#143 = CARTESIAN_POINT('',(1.,8.542124389554E-02));
#144 = CARTESIAN_POINT('',(0.75,8.542124389554E-02));
#145 = CARTESIAN_POINT('',(0.5,8.542124389554E-02));
#146 = CARTESIAN_POINT('',(0.25,8.542124389554E-02));
#147 = CARTESIAN_POINT('',(0.,8.542124389554E-02));
#148 = ( GEOMETRIC_REPRESENTATION_CONTEXT(2) 
PARAMETRIC_REPRESENTATION_CONTEXT() REPRESENTATION_CONTEXT('2D SPACE',''
  ) );
#149 = PCURVE('',#150,#155);
#150 = PLANE('',#151);
#151 = AXIS2_PLACEMENT_3D('',#152,#153,#154);
#152 = CARTESIAN_POINT('',(-30.5,-142.,-113.));
#153 = DIRECTION('',(0.,0.,1.));
#154 = DIRECTION('',(1.,0.,0.));
#155 = DEFINITIONAL_REPRESENTATION('',(#156),#162);
#156 = B_SPLINE_CURVE_WITH_KNOTS('',4,(#157,#158,#159,#160,#161),
  .UNSPECIFIED.,.F.,.F.,(5,5),(0.,1.),.PIECEWISE_BEZIER_KNOTS.);
#157 = CARTESIAN_POINT('',(60.959550879577,111.44643816091));
#158 = CARTESIAN_POINT('',(45.729775439788,111.44643816091));
#159 = CARTESIAN_POINT('',(30.5,111.44643816091));
#160 = CARTESIAN_POINT('',(15.270224560212,111.44643816091));
#161 = CARTESIAN_POINT('',(4.044912042328E-02,111.44643816091));
#162 = ( GEOMETRIC_REPRESENTATION_CONTEXT(2) 
PARAMETRIC_REPRESENTATION_CONTEXT() REPRESENTATION_CONTEXT('2D SPACE',''
  ) );
#163 = ADVANCED_FACE('',(#164),#52,.T.);
#164 = FACE_BOUND('',#165,.T.);
#165 = EDGE_LOOP('',(#166,#204,#223,#224,#244,#284,#320));
#166 = ORIENTED_EDGE('',*,*,#167,.F.);
#167 = EDGE_CURVE('',#168,#170,#172,.T.);
#168 = VERTEX_POINT('',#169);
#169 = CARTESIAN_POINT('',(-32.4,-14.328,-134.));
#170 = VERTEX_POINT('',#171);
#171 = CARTESIAN_POINT('',(-35.64,-15.7608,134.));
#172 = SURFACE_CURVE('',#173,(#179,#186),.PCURVE_S1.);
#173 = ( BOUNDED_CURVE() B_SPLINE_CURVE(4,(#174,#175,#176,#177,#178),
.UNSPECIFIED.,.F.,.F.) B_SPLINE_CURVE_WITH_KNOTS((5,5),(0.,1.),
.PIECEWISE_BEZIER_KNOTS.) CURVE() GEOMETRIC_REPRESENTATION_ITEM() 
RATIONAL_B_SPLINE_CURVE((1.,1.,1.,1.,1.)) REPRESENTATION_ITEM('') );
#174 = CARTESIAN_POINT('',(-32.4,-14.328,-134.));
#175 = CARTESIAN_POINT('',(-67.81635978102,-29.98990132538,
    -74.89946339855));
#176 = CARTESIAN_POINT('',(-48.18251546996,-21.30737906338,
    4.704294879977));
#177 = CARTESIAN_POINT('',(-62.79469552053,-27.76920979685,
    66.857252864212));
#178 = CARTESIAN_POINT('',(-35.64,-15.7608,134.));
#179 = PCURVE('',#52,#180);
#180 = DEFINITIONAL_REPRESENTATION('',(#181),#185);
#181 = LINE('',#182,#183);
#182 = CARTESIAN_POINT('',(7.,0.));
#183 = VECTOR('',#184,1.);
#184 = DIRECTION('',(0.,1.));
#185 = ( GEOMETRIC_REPRESENTATION_CONTEXT(2) 
PARAMETRIC_REPRESENTATION_CONTEXT() REPRESENTATION_CONTEXT('2D SPACE',''
  ) );
#186 = PCURVE('',#187,#198);
#187 = ( BOUNDED_SURFACE() B_SPLINE_SURFACE(1,4,(
    (#188,#189,#190,#191,#192)
    ,(#193,#194,#195,#196,#197
)),.UNSPECIFIED.,.F.,.F.,.F.) B_SPLINE_SURFACE_WITH_KNOTS((2,2),(5,5),(
    6.,7.),(0.,1.),.PIECEWISE_BEZIER_KNOTS.) 
GEOMETRIC_REPRESENTATION_ITEM() RATIONAL_B_SPLINE_SURFACE((
    (1.,1.,1.,1.,1.)
,(1.,1.,1.,1.,1.))) REPRESENTATION_ITEM('') SURFACE() );
#188 = CARTESIAN_POINT('',(-32.4,14.328,-134.));
#189 = CARTESIAN_POINT('',(-67.81635978102,29.989901325386,
    -74.89946339855));
#190 = CARTESIAN_POINT('',(-48.18251546996,21.307379063386,
    4.704294879977));
#191 = CARTESIAN_POINT('',(-62.79469552053,27.769209796858,
    66.857252864212));
#192 = CARTESIAN_POINT('',(-35.64,15.7608,134.));
#193 = CARTESIAN_POINT('',(-32.4,-14.328,-134.));
#194 = CARTESIAN_POINT('',(-67.81635978102,-29.98990132538,
    -74.89946339855));
#195 = CARTESIAN_POINT('',(-48.18251546996,-21.30737906338,
    4.704294879977));
#196 = CARTESIAN_POINT('',(-62.79469552053,-27.76920979685,
    66.857252864212));
#197 = CARTESIAN_POINT('',(-35.64,-15.7608,134.));
#198 = DEFINITIONAL_REPRESENTATION('',(#199),#203);
#199 = LINE('',#200,#201);
#200 = CARTESIAN_POINT('',(7.,0.));
#201 = VECTOR('',#202,1.);
#202 = DIRECTION('',(0.,1.));
#203 = ( GEOMETRIC_REPRESENTATION_CONTEXT(2) 
PARAMETRIC_REPRESENTATION_CONTEXT() REPRESENTATION_CONTEXT('2D SPACE',''
  ) );
#204 = ORIENTED_EDGE('',*,*,#205,.T.);
#205 = EDGE_CURVE('',#168,#22,#206,.T.);
#206 = SURFACE_CURVE('',#207,(#210,#217),.PCURVE_S1.);
#207 = B_SPLINE_CURVE_WITH_KNOTS('',1,(#208,#209),.UNSPECIFIED.,.F.,.F.,
  (2,2),(7.,8.),.PIECEWISE_BEZIER_KNOTS.);
#208 = CARTESIAN_POINT('',(-32.4,-14.328,-134.));
#209 = CARTESIAN_POINT('',(-23.328,-23.4,-134.));
#210 = PCURVE('',#52,#211);
#211 = DEFINITIONAL_REPRESENTATION('',(#212),#216);
#212 = LINE('',#213,#214);
#213 = CARTESIAN_POINT('',(0.,0.));
#214 = VECTOR('',#215,1.);
#215 = DIRECTION('',(1.,0.));
#216 = ( GEOMETRIC_REPRESENTATION_CONTEXT(2) 
PARAMETRIC_REPRESENTATION_CONTEXT() REPRESENTATION_CONTEXT('2D SPACE',''
  ) );
#217 = PCURVE('',#85,#218);
#218 = DEFINITIONAL_REPRESENTATION('',(#219),#222);
#219 = B_SPLINE_CURVE_WITH_KNOTS('',1,(#220,#221),.UNSPECIFIED.,.F.,.F.,
  (2,2),(7.,8.),.PIECEWISE_BEZIER_KNOTS.);
#220 = CARTESIAN_POINT('',(-2.426463777428,12.598199932404));
#221 = CARTESIAN_POINT('',(0.,0.));
#222 = ( GEOMETRIC_REPRESENTATION_CONTEXT(2) 
PARAMETRIC_REPRESENTATION_CONTEXT() REPRESENTATION_CONTEXT('2D SPACE',''
  ) );
#223 = ORIENTED_EDGE('',*,*,#21,.T.);
#224 = ORIENTED_EDGE('',*,*,#225,.T.);
#225 = EDGE_CURVE('',#24,#226,#228,.T.);
#226 = VERTEX_POINT('',#227);
#227 = CARTESIAN_POINT('',(-30.5,-30.51311271865,-113.));
#228 = SURFACE_CURVE('',#229,(#232,#238),.PCURVE_S1.);
#229 = B_SPLINE_CURVE_WITH_KNOTS('',1,(#230,#231),.UNSPECIFIED.,.F.,.F.,
  (2,2),(0.,1.),.PIECEWISE_BEZIER_KNOTS.);
#230 = CARTESIAN_POINT('',(-30.45955087957,-30.55356183908,-113.));
#231 = CARTESIAN_POINT('',(-30.5,-30.51311271865,-113.));
#232 = PCURVE('',#52,#233);
#233 = DEFINITIONAL_REPRESENTATION('',(#234),#237);
#234 = B_SPLINE_CURVE_WITH_KNOTS('',1,(#235,#236),.UNSPECIFIED.,.F.,.F.,
  (2,2),(0.,1.),.PIECEWISE_BEZIER_KNOTS.);
#235 = CARTESIAN_POINT('',(8.,8.542124389554E-02));
#236 = CARTESIAN_POINT('',(7.996585241051,8.542124389554E-02));
#237 = ( GEOMETRIC_REPRESENTATION_CONTEXT(2) 
PARAMETRIC_REPRESENTATION_CONTEXT() REPRESENTATION_CONTEXT('2D SPACE',''
  ) );
#238 = PCURVE('',#150,#239);
#239 = DEFINITIONAL_REPRESENTATION('',(#240),#243);
#240 = B_SPLINE_CURVE_WITH_KNOTS('',1,(#241,#242),.UNSPECIFIED.,.F.,.F.,
  (2,2),(0.,1.),.PIECEWISE_BEZIER_KNOTS.);
#241 = CARTESIAN_POINT('',(4.044912042329E-02,111.44643816091));
#242 = CARTESIAN_POINT('',(0.,111.48688728134));
#243 = ( GEOMETRIC_REPRESENTATION_CONTEXT(2) 
PARAMETRIC_REPRESENTATION_CONTEXT() REPRESENTATION_CONTEXT('2D SPACE',''
  ) );
#244 = ORIENTED_EDGE('',*,*,#245,.T.);
#245 = EDGE_CURVE('',#226,#246,#248,.T.);
#246 = VERTEX_POINT('',#247);
#247 = CARTESIAN_POINT('',(-30.5,-30.59413580246,-112.8455419864));
#248 = SURFACE_CURVE('',#249,(#257,#268),.PCURVE_S1.);
#249 = B_SPLINE_CURVE_WITH_KNOTS('',3,(#250,#251,#252,#253,#254,#255,
    #256),.UNSPECIFIED.,.F.,.F.,(4,1,1,1,4),(0.,0.246584117006,
    0.539250554575,0.832389444893,1.),.UNSPECIFIED.);
#250 = CARTESIAN_POINT('',(-30.5,-30.51311271865,-113.));
#251 = CARTESIAN_POINT('',(-30.5,-30.51978188902,-112.9873093734));
#252 = CARTESIAN_POINT('',(-30.5,-30.53436145822,-112.9595537588));
#253 = CARTESIAN_POINT('',(-30.5,-30.55684924604,-112.9167009612));
#254 = CARTESIAN_POINT('',(-30.5,-30.57718648261,-112.8779049044));
#255 = CARTESIAN_POINT('',(-30.5,-30.5896154857,-112.8541749812));
#256 = CARTESIAN_POINT('',(-30.5,-30.59413580246,-112.8455419864));
#257 = PCURVE('',#52,#258);
#258 = DEFINITIONAL_REPRESENTATION('',(#259),#267);
#259 = B_SPLINE_CURVE_WITH_KNOTS('',3,(#260,#261,#262,#263,#264,#265,
    #266),.UNSPECIFIED.,.F.,.F.,(4,1,1,1,4),(0.,0.246584117006,
    0.539250554575,0.832389444893,1.),.UNSPECIFIED.);
#260 = CARTESIAN_POINT('',(7.996585241051,8.542124389554E-02));
#261 = CARTESIAN_POINT('',(7.996866689875,8.547115858245E-02));
#262 = CARTESIAN_POINT('',(7.997481767361,8.558032120159E-02));
#263 = CARTESIAN_POINT('',(7.998429794394,8.574884210621E-02));
#264 = CARTESIAN_POINT('',(7.999286493585,8.590139117019E-02));
#265 = CARTESIAN_POINT('',(7.999809741614,8.599469015595E-02));
#266 = CARTESIAN_POINT('',(8.,8.602863134298E-02));
#267 = ( GEOMETRIC_REPRESENTATION_CONTEXT(2) 
PARAMETRIC_REPRESENTATION_CONTEXT() REPRESENTATION_CONTEXT('2D SPACE',''
  ) );
#268 = PCURVE('',#269,#274);
#269 = PLANE('',#270);
#270 = AXIS2_PLACEMENT_3D('',#271,#272,#273);
#271 = CARTESIAN_POINT('',(-30.5,-142.,-113.));
#272 = DIRECTION('',(1.,0.,0.));
#273 = DIRECTION('',(0.,0.,1.));
#274 = DEFINITIONAL_REPRESENTATION('',(#275),#283);
#275 = B_SPLINE_CURVE_WITH_KNOTS('',3,(#276,#277,#278,#279,#280,#281,
    #282),.UNSPECIFIED.,.F.,.F.,(4,1,1,1,4),(0.,0.246584117006,
    0.539250554575,0.832389444893,1.),.UNSPECIFIED.);
#276 = CARTESIAN_POINT('',(0.,-111.4868872813));
#277 = CARTESIAN_POINT('',(1.269062650792E-02,-111.4802181109));
#278 = CARTESIAN_POINT('',(4.044624112719E-02,-111.4656385417));
#279 = CARTESIAN_POINT('',(8.329903876128E-02,-111.4431507539));
#280 = CARTESIAN_POINT('',(0.122095095565,-111.4228135173));
#281 = CARTESIAN_POINT('',(0.145825018776,-111.4103845142));
#282 = CARTESIAN_POINT('',(0.154458013594,-111.4058641975));
#283 = ( GEOMETRIC_REPRESENTATION_CONTEXT(2) 
PARAMETRIC_REPRESENTATION_CONTEXT() REPRESENTATION_CONTEXT('2D SPACE',''
  ) );
#284 = ORIENTED_EDGE('',*,*,#285,.T.);
#285 = EDGE_CURVE('',#246,#286,#288,.T.);
#286 = VERTEX_POINT('',#287);
#287 = CARTESIAN_POINT('',(-25.6608,-25.74,134.));
#288 = SURFACE_CURVE('',#289,(#295,#302),.PCURVE_S1.);
#289 = ( BOUNDED_CURVE() B_SPLINE_CURVE(4,(#290,#291,#292,#293,#294),
.UNSPECIFIED.,.F.,.F.) B_SPLINE_CURVE_WITH_KNOTS((5,5),(0.,1.),
.PIECEWISE_BEZIER_KNOTS.) CURVE() GEOMETRIC_REPRESENTATION_ITEM() 
RATIONAL_B_SPLINE_CURVE((1.,1.,1.,1.,1.)) REPRESENTATION_ITEM('') );
#290 = CARTESIAN_POINT('',(-23.328,-23.4,-134.));
#291 = CARTESIAN_POINT('',(-48.82777904233,-48.97848206407,
    -74.89946339855));
#292 = CARTESIAN_POINT('',(-34.69141113837,-34.79848339497,
    4.704294879977));
#293 = CARTESIAN_POINT('',(-45.21218077478,-45.3517245426,
    66.857252864212));
#294 = CARTESIAN_POINT('',(-25.6608,-25.74,134.));
#295 = PCURVE('',#52,#296);
#296 = DEFINITIONAL_REPRESENTATION('',(#297),#301);
#297 = LINE('',#298,#299);
#298 = CARTESIAN_POINT('',(8.,0.));
#299 = VECTOR('',#300,1.);
#300 = DIRECTION('',(0.,1.));
#301 = ( GEOMETRIC_REPRESENTATION_CONTEXT(2) 
PARAMETRIC_REPRESENTATION_CONTEXT() REPRESENTATION_CONTEXT('2D SPACE',''
  ) );
#302 = PCURVE('',#303,#314);
#303 = ( BOUNDED_SURFACE() B_SPLINE_SURFACE(1,4,(
    (#304,#305,#306,#307,#308)
    ,(#309,#310,#311,#312,#313
)),.UNSPECIFIED.,.F.,.F.,.F.) B_SPLINE_SURFACE_WITH_KNOTS((2,2),(5,5),(
    0.,1.),(0.,1.),.PIECEWISE_BEZIER_KNOTS.) 
GEOMETRIC_REPRESENTATION_ITEM() RATIONAL_B_SPLINE_SURFACE((
    (1.,1.,1.,1.,1.)
,(1.,1.,1.,1.,1.))) REPRESENTATION_ITEM('') SURFACE() );
#304 = CARTESIAN_POINT('',(-23.328,-23.4,-134.));
#305 = CARTESIAN_POINT('',(-48.82777904233,-48.97848206407,
    -74.89946339855));
#306 = CARTESIAN_POINT('',(-34.69141113837,-34.79848339497,
    4.704294879977));
#307 = CARTESIAN_POINT('',(-45.21218077478,-45.3517245426,
    66.857252864212));
#308 = CARTESIAN_POINT('',(-25.6608,-25.74,134.));
#309 = CARTESIAN_POINT('',(23.328,-23.4,-134.));
#310 = CARTESIAN_POINT('',(48.827779042337,-48.97848206407,
    -74.89946339855));
#311 = CARTESIAN_POINT('',(34.691411138377,-34.79848339497,
    4.704294879977));
#312 = CARTESIAN_POINT('',(45.212180774783,-45.3517245426,
    66.857252864212));
#313 = CARTESIAN_POINT('',(25.6608,-25.74,134.));
#314 = DEFINITIONAL_REPRESENTATION('',(#315),#319);
#315 = LINE('',#316,#317);
#316 = CARTESIAN_POINT('',(0.,0.));
#317 = VECTOR('',#318,1.);
#318 = DIRECTION('',(0.,1.));
#319 = ( GEOMETRIC_REPRESENTATION_CONTEXT(2) 
PARAMETRIC_REPRESENTATION_CONTEXT() REPRESENTATION_CONTEXT('2D SPACE',''
  ) );
#320 = ORIENTED_EDGE('',*,*,#321,.F.);
#321 = EDGE_CURVE('',#170,#286,#322,.T.);
#322 = SURFACE_CURVE('',#323,(#326,#333),.PCURVE_S1.);
#323 = B_SPLINE_CURVE_WITH_KNOTS('',1,(#324,#325),.UNSPECIFIED.,.F.,.F.,
  (2,2),(7.,8.),.PIECEWISE_BEZIER_KNOTS.);
#324 = CARTESIAN_POINT('',(-35.64,-15.7608,134.));
#325 = CARTESIAN_POINT('',(-25.6608,-25.74,134.));
#326 = PCURVE('',#52,#327);
#327 = DEFINITIONAL_REPRESENTATION('',(#328),#332);
#328 = LINE('',#329,#330);
#329 = CARTESIAN_POINT('',(0.,1.));
#330 = VECTOR('',#331,1.);
#331 = DIRECTION('',(1.,0.));
#332 = ( GEOMETRIC_REPRESENTATION_CONTEXT(2) 
PARAMETRIC_REPRESENTATION_CONTEXT() REPRESENTATION_CONTEXT('2D SPACE',''
  ) );
#333 = PCURVE('',#334,#339);
#334 = PLANE('',#335);
#335 = AXIS2_PLACEMENT_3D('',#336,#337,#338);
#336 = CARTESIAN_POINT('',(-25.6608,-25.74,134.));
#337 = DIRECTION('',(0.,0.,1.));
#338 = DIRECTION('',(0.82807890817,0.56061156057,-0.));
#339 = DEFINITIONAL_REPRESENTATION('',(#340),#343);
#340 = B_SPLINE_CURVE_WITH_KNOTS('',1,(#341,#342),.UNSPECIFIED.,.F.,.F.,
  (2,2),(7.,8.),.PIECEWISE_BEZIER_KNOTS.);
#341 = CARTESIAN_POINT('',(-2.66911015517,13.858019925645));
#342 = CARTESIAN_POINT('',(0.,0.));
#343 = ( GEOMETRIC_REPRESENTATION_CONTEXT(2) 
PARAMETRIC_REPRESENTATION_CONTEXT() REPRESENTATION_CONTEXT('2D SPACE',''
  ) );
#344 = ADVANCED_FACE('',(#345),#150,.T.);
#345 = FACE_BOUND('',#346,.T.);
#346 = EDGE_LOOP('',(#347,#370,#371,#372,#392,#420,#460,#500));
#347 = ORIENTED_EDGE('',*,*,#348,.F.);
#348 = EDGE_CURVE('',#226,#349,#351,.T.);
#349 = VERTEX_POINT('',#350);
#350 = CARTESIAN_POINT('',(-30.5,-25.35311271865,-113.));
#351 = SURFACE_CURVE('',#352,(#356,#363),.PCURVE_S1.);
#352 = LINE('',#353,#354);
#353 = CARTESIAN_POINT('',(-30.5,-142.,-113.));
#354 = VECTOR('',#355,1.);
#355 = DIRECTION('',(0.,1.,0.));
#356 = PCURVE('',#150,#357);
#357 = DEFINITIONAL_REPRESENTATION('',(#358),#362);
#358 = LINE('',#359,#360);
#359 = CARTESIAN_POINT('',(0.,0.));
#360 = VECTOR('',#361,1.);
#361 = DIRECTION('',(0.,1.));
#362 = ( GEOMETRIC_REPRESENTATION_CONTEXT(2) 
PARAMETRIC_REPRESENTATION_CONTEXT() REPRESENTATION_CONTEXT('2D SPACE',''
  ) );
#363 = PCURVE('',#269,#364);
#364 = DEFINITIONAL_REPRESENTATION('',(#365),#369);
#365 = LINE('',#366,#367);
#366 = CARTESIAN_POINT('',(0.,0.));
#367 = VECTOR('',#368,1.);
#368 = DIRECTION('',(0.,-1.));
#369 = ( GEOMETRIC_REPRESENTATION_CONTEXT(2) 
PARAMETRIC_REPRESENTATION_CONTEXT() REPRESENTATION_CONTEXT('2D SPACE',''
  ) );
#370 = ORIENTED_EDGE('',*,*,#225,.F.);
#371 = ORIENTED_EDGE('',*,*,#132,.F.);
#372 = ORIENTED_EDGE('',*,*,#373,.F.);
#373 = EDGE_CURVE('',#374,#97,#376,.T.);
#374 = VERTEX_POINT('',#375);
#375 = CARTESIAN_POINT('',(30.5,-30.51311271865,-113.));
#376 = SURFACE_CURVE('',#377,(#380,#386),.PCURVE_S1.);
#377 = B_SPLINE_CURVE_WITH_KNOTS('',1,(#378,#379),.UNSPECIFIED.,.F.,.F.,
  (2,2),(0.,1.),.PIECEWISE_BEZIER_KNOTS.);
#378 = CARTESIAN_POINT('',(30.5,-30.51311271865,-113.));
#379 = CARTESIAN_POINT('',(30.459550879577,-30.55356183908,-113.));
#380 = PCURVE('',#150,#381);
#381 = DEFINITIONAL_REPRESENTATION('',(#382),#385);
#382 = B_SPLINE_CURVE_WITH_KNOTS('',1,(#383,#384),.UNSPECIFIED.,.F.,.F.,
  (2,2),(0.,1.),.PIECEWISE_BEZIER_KNOTS.);
#383 = CARTESIAN_POINT('',(61.,111.48688728134));
#384 = CARTESIAN_POINT('',(60.959550879577,111.44643816091));
#385 = ( GEOMETRIC_REPRESENTATION_CONTEXT(2) 
PARAMETRIC_REPRESENTATION_CONTEXT() REPRESENTATION_CONTEXT('2D SPACE',''
  ) );
#386 = PCURVE('',#114,#387);
#387 = DEFINITIONAL_REPRESENTATION('',(#388),#391);
#388 = B_SPLINE_CURVE_WITH_KNOTS('',1,(#389,#390),.UNSPECIFIED.,.F.,.F.,
  (2,2),(0.,1.),.PIECEWISE_BEZIER_KNOTS.);
#389 = CARTESIAN_POINT('',(1.003414758949,8.542124389554E-02));
#390 = CARTESIAN_POINT('',(1.,8.542124389554E-02));
#391 = ( GEOMETRIC_REPRESENTATION_CONTEXT(2) 
PARAMETRIC_REPRESENTATION_CONTEXT() REPRESENTATION_CONTEXT('2D SPACE',''
  ) );
#392 = ORIENTED_EDGE('',*,*,#393,.T.);
#393 = EDGE_CURVE('',#374,#394,#396,.T.);
#394 = VERTEX_POINT('',#395);
#395 = CARTESIAN_POINT('',(30.5,-25.35311271865,-113.));
#396 = SURFACE_CURVE('',#397,(#401,#408),.PCURVE_S1.);
#397 = LINE('',#398,#399);
#398 = CARTESIAN_POINT('',(30.5,-142.,-113.));
#399 = VECTOR('',#400,1.);
#400 = DIRECTION('',(0.,1.,0.));
#401 = PCURVE('',#150,#402);
#402 = DEFINITIONAL_REPRESENTATION('',(#403),#407);
#403 = LINE('',#404,#405);
#404 = CARTESIAN_POINT('',(61.,0.));
#405 = VECTOR('',#406,1.);
#406 = DIRECTION('',(0.,1.));
#407 = ( GEOMETRIC_REPRESENTATION_CONTEXT(2) 
PARAMETRIC_REPRESENTATION_CONTEXT() REPRESENTATION_CONTEXT('2D SPACE',''
  ) );
#408 = PCURVE('',#409,#414);
#409 = PLANE('',#410);
#410 = AXIS2_PLACEMENT_3D('',#411,#412,#413);
#411 = CARTESIAN_POINT('',(30.5,-142.,-113.));
#412 = DIRECTION('',(1.,0.,0.));
#413 = DIRECTION('',(0.,0.,1.));
#414 = DEFINITIONAL_REPRESENTATION('',(#415),#419);
#415 = LINE('',#416,#417);
#416 = CARTESIAN_POINT('',(0.,0.));
#417 = VECTOR('',#418,1.);
#418 = DIRECTION('',(0.,-1.));
#419 = ( GEOMETRIC_REPRESENTATION_CONTEXT(2) 
PARAMETRIC_REPRESENTATION_CONTEXT() REPRESENTATION_CONTEXT('2D SPACE',''
  ) );
#420 = ORIENTED_EDGE('',*,*,#421,.T.);
#421 = EDGE_CURVE('',#394,#422,#424,.T.);
#422 = VERTEX_POINT('',#423);
#423 = CARTESIAN_POINT('',(28.299550879577,-27.55356183908,-113.));
#424 = SURFACE_CURVE('',#425,(#431,#440),.PCURVE_S1.);
#425 = B_SPLINE_CURVE_WITH_KNOTS('',4,(#426,#427,#428,#429,#430),
  .UNSPECIFIED.,.F.,.F.,(5,5),(0.,1.),.PIECEWISE_BEZIER_KNOTS.);
#426 = CARTESIAN_POINT('',(30.5,-25.35311271865,-113.));
#427 = CARTESIAN_POINT('',(29.949887719894,-25.90322499876,-113.));
#428 = CARTESIAN_POINT('',(29.399775439788,-26.45333727887,-113.));
#429 = CARTESIAN_POINT('',(28.849663159683,-27.00344955897,-113.));
#430 = CARTESIAN_POINT('',(28.299550879577,-27.55356183908,-113.));
#431 = PCURVE('',#150,#432);
#432 = DEFINITIONAL_REPRESENTATION('',(#433),#439);
#433 = B_SPLINE_CURVE_WITH_KNOTS('',4,(#434,#435,#436,#437,#438),
  .UNSPECIFIED.,.F.,.F.,(5,5),(0.,1.),.PIECEWISE_BEZIER_KNOTS.);
#434 = CARTESIAN_POINT('',(61.,116.64688728134));
#435 = CARTESIAN_POINT('',(60.449887719894,116.09677500123));
#436 = CARTESIAN_POINT('',(59.899775439788,115.54666272113));
#437 = CARTESIAN_POINT('',(59.349663159683,114.99655044102));
#438 = CARTESIAN_POINT('',(58.799550879577,114.44643816091));
#439 = ( GEOMETRIC_REPRESENTATION_CONTEXT(2) 
PARAMETRIC_REPRESENTATION_CONTEXT() REPRESENTATION_CONTEXT('2D SPACE',''
  ) );
#440 = PCURVE('',#441,#452);
#441 = ( BOUNDED_SURFACE() B_SPLINE_SURFACE(1,4,(
    (#442,#443,#444,#445,#446)
    ,(#447,#448,#449,#450,#451
)),.UNSPECIFIED.,.F.,.F.,.F.) B_SPLINE_SURFACE_WITH_KNOTS((2,2),(5,5),(
    1.,2.),(0.,1.),.PIECEWISE_BEZIER_KNOTS.) 
GEOMETRIC_REPRESENTATION_ITEM() RATIONAL_B_SPLINE_SURFACE((
    (1.,1.,1.,1.,1.)
,(1.,1.,1.,1.,1.))) REPRESENTATION_ITEM('') SURFACE() );
#442 = CARTESIAN_POINT('',(21.168,-20.4,-134.));
#443 = CARTESIAN_POINT('',(46.667779042337,-45.97848206407,
    -74.89946339855));
#444 = CARTESIAN_POINT('',(32.531411138377,-31.79848339497,
    4.704294879977));
#445 = CARTESIAN_POINT('',(43.052180774783,-42.3517245426,
    66.857252864212));
#446 = CARTESIAN_POINT('',(23.5008,-22.74,134.));
#447 = CARTESIAN_POINT('',(29.4,-12.168,-134.));
#448 = CARTESIAN_POINT('',(64.816359781023,-27.82990132538,
    -74.89946339855));
#449 = CARTESIAN_POINT('',(45.182515469969,-19.14737906338,
    4.704294879977));
#450 = CARTESIAN_POINT('',(59.794695520533,-25.60920979685,
    66.857252864212));
#451 = CARTESIAN_POINT('',(32.64,-13.6008,134.));
#452 = DEFINITIONAL_REPRESENTATION('',(#453),#459);
#453 = B_SPLINE_CURVE_WITH_KNOTS('',4,(#454,#455,#456,#457,#458),
  .UNSPECIFIED.,.F.,.F.,(5,5),(0.,1.),.PIECEWISE_BEZIER_KNOTS.);
#454 = CARTESIAN_POINT('',(1.199943022499,8.542124389554E-02));
#455 = CARTESIAN_POINT('',(1.149957266874,8.542124389554E-02));
#456 = CARTESIAN_POINT('',(1.09997151125,8.542124389554E-02));
#457 = CARTESIAN_POINT('',(1.049985755625,8.542124389554E-02));
#458 = CARTESIAN_POINT('',(1.,8.542124389554E-02));
#459 = ( GEOMETRIC_REPRESENTATION_CONTEXT(2) 
PARAMETRIC_REPRESENTATION_CONTEXT() REPRESENTATION_CONTEXT('2D SPACE',''
  ) );
#460 = ORIENTED_EDGE('',*,*,#461,.T.);
#461 = EDGE_CURVE('',#422,#462,#464,.T.);
#462 = VERTEX_POINT('',#463);
#463 = CARTESIAN_POINT('',(-28.29955087957,-27.55356183908,-113.));
#464 = SURFACE_CURVE('',#465,(#471,#480),.PCURVE_S1.);
#465 = B_SPLINE_CURVE_WITH_KNOTS('',4,(#466,#467,#468,#469,#470),
  .UNSPECIFIED.,.F.,.F.,(5,5),(0.,1.),.PIECEWISE_BEZIER_KNOTS.);
#466 = CARTESIAN_POINT('',(28.299550879577,-27.55356183908,-113.));
#467 = CARTESIAN_POINT('',(14.149775439788,-27.55356183908,-113.));
#468 = CARTESIAN_POINT('',(2.415845301584E-13,-27.55356183908,-113.));
#469 = CARTESIAN_POINT('',(-14.14977543978,-27.55356183908,-113.));
#470 = CARTESIAN_POINT('',(-28.29955087957,-27.55356183908,-113.));
#471 = PCURVE('',#150,#472);
#472 = DEFINITIONAL_REPRESENTATION('',(#473),#479);
#473 = B_SPLINE_CURVE_WITH_KNOTS('',4,(#474,#475,#476,#477,#478),
  .UNSPECIFIED.,.F.,.F.,(5,5),(0.,1.),.PIECEWISE_BEZIER_KNOTS.);
#474 = CARTESIAN_POINT('',(58.799550879577,114.44643816091));
#475 = CARTESIAN_POINT('',(44.649775439788,114.44643816091));
#476 = CARTESIAN_POINT('',(30.5,114.44643816091));
#477 = CARTESIAN_POINT('',(16.350224560211,114.44643816091));
#478 = CARTESIAN_POINT('',(2.200449120423,114.44643816091));
#479 = ( GEOMETRIC_REPRESENTATION_CONTEXT(2) 
PARAMETRIC_REPRESENTATION_CONTEXT() REPRESENTATION_CONTEXT('2D SPACE',''
  ) );
#480 = PCURVE('',#481,#492);
#481 = ( BOUNDED_SURFACE() B_SPLINE_SURFACE(1,4,(
    (#482,#483,#484,#485,#486)
    ,(#487,#488,#489,#490,#491
)),.UNSPECIFIED.,.F.,.F.,.F.) B_SPLINE_SURFACE_WITH_KNOTS((2,2),(5,5),(
    0.,1.),(0.,1.),.PIECEWISE_BEZIER_KNOTS.) 
GEOMETRIC_REPRESENTATION_ITEM() RATIONAL_B_SPLINE_SURFACE((
    (1.,1.,1.,1.,1.)
,(1.,1.,1.,1.,1.))) REPRESENTATION_ITEM('') SURFACE() );
#482 = CARTESIAN_POINT('',(-21.168,-20.4,-134.));
#483 = CARTESIAN_POINT('',(-46.66777904233,-45.97848206407,
    -74.89946339855));
#484 = CARTESIAN_POINT('',(-32.53141113837,-31.79848339497,
    4.704294879977));
#485 = CARTESIAN_POINT('',(-43.05218077478,-42.3517245426,
    66.857252864212));
#486 = CARTESIAN_POINT('',(-23.5008,-22.74,134.));
#487 = CARTESIAN_POINT('',(21.168,-20.4,-134.));
#488 = CARTESIAN_POINT('',(46.667779042337,-45.97848206407,
    -74.89946339855));
#489 = CARTESIAN_POINT('',(32.531411138377,-31.79848339497,
    4.704294879977));
#490 = CARTESIAN_POINT('',(43.052180774783,-42.3517245426,
    66.857252864212));
#491 = CARTESIAN_POINT('',(23.5008,-22.74,134.));
#492 = DEFINITIONAL_REPRESENTATION('',(#493),#499);
#493 = B_SPLINE_CURVE_WITH_KNOTS('',4,(#494,#495,#496,#497,#498),
  .UNSPECIFIED.,.F.,.F.,(5,5),(0.,1.),.PIECEWISE_BEZIER_KNOTS.);
#494 = CARTESIAN_POINT('',(1.,8.542124389554E-02));
#495 = CARTESIAN_POINT('',(0.75,8.542124389554E-02));
#496 = CARTESIAN_POINT('',(0.5,8.542124389554E-02));
#497 = CARTESIAN_POINT('',(0.25,8.542124389554E-02));
#498 = CARTESIAN_POINT('',(0.,8.542124389554E-02));
#499 = ( GEOMETRIC_REPRESENTATION_CONTEXT(2) 
PARAMETRIC_REPRESENTATION_CONTEXT() REPRESENTATION_CONTEXT('2D SPACE',''
  ) );
#500 = ORIENTED_EDGE('',*,*,#501,.T.);
#501 = EDGE_CURVE('',#462,#349,#502,.T.);
#502 = SURFACE_CURVE('',#503,(#509,#518),.PCURVE_S1.);
#503 = B_SPLINE_CURVE_WITH_KNOTS('',4,(#504,#505,#506,#507,#508),
  .UNSPECIFIED.,.F.,.F.,(5,5),(0.,1.),.PIECEWISE_BEZIER_KNOTS.);
#504 = CARTESIAN_POINT('',(-28.29955087957,-27.55356183908,-113.));
#505 = CARTESIAN_POINT('',(-28.84966315968,-27.00344955897,-113.));
#506 = CARTESIAN_POINT('',(-29.39977543978,-26.45333727887,-113.));
#507 = CARTESIAN_POINT('',(-29.94988771989,-25.90322499876,-113.));
#508 = CARTESIAN_POINT('',(-30.5,-25.35311271865,-113.));
#509 = PCURVE('',#150,#510);
#510 = DEFINITIONAL_REPRESENTATION('',(#511),#517);
#511 = B_SPLINE_CURVE_WITH_KNOTS('',4,(#512,#513,#514,#515,#516),
  .UNSPECIFIED.,.F.,.F.,(5,5),(0.,1.),.PIECEWISE_BEZIER_KNOTS.);
#512 = CARTESIAN_POINT('',(2.200449120423,114.44643816091));
#513 = CARTESIAN_POINT('',(1.650336840317,114.99655044102));
#514 = CARTESIAN_POINT('',(1.100224560212,115.54666272113));
#515 = CARTESIAN_POINT('',(0.550112280106,116.09677500123));
#516 = CARTESIAN_POINT('',(0.,116.64688728134));
#517 = ( GEOMETRIC_REPRESENTATION_CONTEXT(2) 
PARAMETRIC_REPRESENTATION_CONTEXT() REPRESENTATION_CONTEXT('2D SPACE',''
  ) );
#518 = PCURVE('',#519,#530);
#519 = ( BOUNDED_SURFACE() B_SPLINE_SURFACE(1,4,(
    (#520,#521,#522,#523,#524)
    ,(#525,#526,#527,#528,#529
)),.UNSPECIFIED.,.F.,.F.,.F.) B_SPLINE_SURFACE_WITH_KNOTS((2,2),(5,5),(
    7.,8.),(0.,1.),.PIECEWISE_BEZIER_KNOTS.) 
GEOMETRIC_REPRESENTATION_ITEM() RATIONAL_B_SPLINE_SURFACE((
    (1.,1.,1.,1.,1.)
,(1.,1.,1.,1.,1.))) REPRESENTATION_ITEM('') SURFACE() );
#520 = CARTESIAN_POINT('',(-29.4,-12.168,-134.));
#521 = CARTESIAN_POINT('',(-64.81635978102,-27.82990132538,
    -74.89946339855));
#522 = CARTESIAN_POINT('',(-45.18251546996,-19.14737906338,
    4.704294879977));
#523 = CARTESIAN_POINT('',(-59.79469552053,-25.60920979685,
    66.857252864212));
#524 = CARTESIAN_POINT('',(-32.64,-13.6008,134.));
#525 = CARTESIAN_POINT('',(-21.168,-20.4,-134.));
#526 = CARTESIAN_POINT('',(-46.66777904233,-45.97848206407,
    -74.89946339855));
#527 = CARTESIAN_POINT('',(-32.53141113837,-31.79848339497,
    4.704294879977));
#528 = CARTESIAN_POINT('',(-43.05218077478,-42.3517245426,
    66.857252864212));
#529 = CARTESIAN_POINT('',(-23.5008,-22.74,134.));
#530 = DEFINITIONAL_REPRESENTATION('',(#531),#537);
#531 = B_SPLINE_CURVE_WITH_KNOTS('',4,(#532,#533,#534,#535,#536),
  .UNSPECIFIED.,.F.,.F.,(5,5),(0.,1.),.PIECEWISE_BEZIER_KNOTS.);
#532 = CARTESIAN_POINT('',(8.,8.542124389554E-02));
#533 = CARTESIAN_POINT('',(7.950014244375,8.542124389554E-02));
#534 = CARTESIAN_POINT('',(7.90002848875,8.542124389554E-02));
#535 = CARTESIAN_POINT('',(7.850042733126,8.542124389554E-02));
#536 = CARTESIAN_POINT('',(7.800056977501,8.542124389554E-02));
#537 = ( GEOMETRIC_REPRESENTATION_CONTEXT(2) 
PARAMETRIC_REPRESENTATION_CONTEXT() REPRESENTATION_CONTEXT('2D SPACE',''
  ) );
#538 = ADVANCED_FACE('',(#539),#114,.T.);
#539 = FACE_BOUND('',#540,.T.);
#540 = EDGE_LOOP('',(#541,#542,#563,#599,#620,#645,#678));
#541 = ORIENTED_EDGE('',*,*,#96,.F.);
#542 = ORIENTED_EDGE('',*,*,#543,.T.);
#543 = EDGE_CURVE('',#71,#544,#546,.T.);
#544 = VERTEX_POINT('',#545);
#545 = CARTESIAN_POINT('',(32.4,-14.328,-134.));
#546 = SURFACE_CURVE('',#547,(#550,#557),.PCURVE_S1.);
#547 = B_SPLINE_CURVE_WITH_KNOTS('',1,(#548,#549),.UNSPECIFIED.,.F.,.F.,
  (2,2),(1.,2.),.PIECEWISE_BEZIER_KNOTS.);
#548 = CARTESIAN_POINT('',(23.328,-23.4,-134.));
#549 = CARTESIAN_POINT('',(32.4,-14.328,-134.));
#550 = PCURVE('',#114,#551);
#551 = DEFINITIONAL_REPRESENTATION('',(#552),#556);
#552 = LINE('',#553,#554);
#553 = CARTESIAN_POINT('',(0.,0.));
#554 = VECTOR('',#555,1.);
#555 = DIRECTION('',(1.,0.));
#556 = ( GEOMETRIC_REPRESENTATION_CONTEXT(2) 
PARAMETRIC_REPRESENTATION_CONTEXT() REPRESENTATION_CONTEXT('2D SPACE',''
  ) );
#557 = PCURVE('',#85,#558);
#558 = DEFINITIONAL_REPRESENTATION('',(#559),#562);
#559 = B_SPLINE_CURVE_WITH_KNOTS('',1,(#560,#561),.UNSPECIFIED.,.F.,.F.,
  (2,2),(1.,2.),.PIECEWISE_BEZIER_KNOTS.);
#560 = CARTESIAN_POINT('',(38.634849539568,-26.15589296994));
#561 = CARTESIAN_POINT('',(51.233049471972,-23.72942919251));
#562 = ( GEOMETRIC_REPRESENTATION_CONTEXT(2) 
PARAMETRIC_REPRESENTATION_CONTEXT() REPRESENTATION_CONTEXT('2D SPACE',''
  ) );
#563 = ORIENTED_EDGE('',*,*,#564,.T.);
#564 = EDGE_CURVE('',#544,#565,#567,.T.);
#565 = VERTEX_POINT('',#566);
#566 = CARTESIAN_POINT('',(35.64,-15.7608,134.));
#567 = SURFACE_CURVE('',#568,(#574,#581),.PCURVE_S1.);
#568 = ( BOUNDED_CURVE() B_SPLINE_CURVE(4,(#569,#570,#571,#572,#573),
.UNSPECIFIED.,.F.,.F.) B_SPLINE_CURVE_WITH_KNOTS((5,5),(0.,1.),
.PIECEWISE_BEZIER_KNOTS.) CURVE() GEOMETRIC_REPRESENTATION_ITEM() 
RATIONAL_B_SPLINE_CURVE((1.,1.,1.,1.,1.)) REPRESENTATION_ITEM('') );
#569 = CARTESIAN_POINT('',(32.4,-14.328,-134.));
#570 = CARTESIAN_POINT('',(67.816359781023,-29.98990132538,
    -74.89946339855));
#571 = CARTESIAN_POINT('',(48.182515469969,-21.30737906338,
    4.704294879977));
#572 = CARTESIAN_POINT('',(62.794695520533,-27.76920979685,
    66.857252864212));
#573 = CARTESIAN_POINT('',(35.64,-15.7608,134.));
#574 = PCURVE('',#114,#575);
#575 = DEFINITIONAL_REPRESENTATION('',(#576),#580);
#576 = LINE('',#577,#578);
#577 = CARTESIAN_POINT('',(2.,0.));
#578 = VECTOR('',#579,1.);
#579 = DIRECTION('',(0.,1.));
#580 = ( GEOMETRIC_REPRESENTATION_CONTEXT(2) 
PARAMETRIC_REPRESENTATION_CONTEXT() REPRESENTATION_CONTEXT('2D SPACE',''
  ) );
#581 = PCURVE('',#582,#593);
#582 = ( BOUNDED_SURFACE() B_SPLINE_SURFACE(1,4,(
    (#583,#584,#585,#586,#587)
    ,(#588,#589,#590,#591,#592
)),.UNSPECIFIED.,.F.,.F.,.F.) B_SPLINE_SURFACE_WITH_KNOTS((2,2),(5,5),(
    2.,3.),(0.,1.),.PIECEWISE_BEZIER_KNOTS.) 
GEOMETRIC_REPRESENTATION_ITEM() RATIONAL_B_SPLINE_SURFACE((
    (1.,1.,1.,1.,1.)
,(1.,1.,1.,1.,1.))) REPRESENTATION_ITEM('') SURFACE() );
#583 = CARTESIAN_POINT('',(32.4,-14.328,-134.));
#584 = CARTESIAN_POINT('',(67.816359781023,-29.98990132538,
    -74.89946339855));
#585 = CARTESIAN_POINT('',(48.182515469969,-21.30737906338,
    4.704294879977));
#586 = CARTESIAN_POINT('',(62.794695520533,-27.76920979685,
    66.857252864212));
#587 = CARTESIAN_POINT('',(35.64,-15.7608,134.));
#588 = CARTESIAN_POINT('',(32.4,14.328,-134.));
#589 = CARTESIAN_POINT('',(67.816359781023,29.989901325386,
    -74.89946339855));
#590 = CARTESIAN_POINT('',(48.182515469969,21.307379063386,
    4.704294879977));
#591 = CARTESIAN_POINT('',(62.794695520533,27.769209796858,
    66.857252864212));
#592 = CARTESIAN_POINT('',(35.64,15.7608,134.));
#593 = DEFINITIONAL_REPRESENTATION('',(#594),#598);
#594 = LINE('',#595,#596);
#595 = CARTESIAN_POINT('',(2.,0.));
#596 = VECTOR('',#597,1.);
#597 = DIRECTION('',(0.,1.));
#598 = ( GEOMETRIC_REPRESENTATION_CONTEXT(2) 
PARAMETRIC_REPRESENTATION_CONTEXT() REPRESENTATION_CONTEXT('2D SPACE',''
  ) );
#599 = ORIENTED_EDGE('',*,*,#600,.F.);
#600 = EDGE_CURVE('',#601,#565,#603,.T.);
#601 = VERTEX_POINT('',#602);
#602 = CARTESIAN_POINT('',(25.6608,-25.74,134.));
#603 = SURFACE_CURVE('',#604,(#607,#614),.PCURVE_S1.);
#604 = B_SPLINE_CURVE_WITH_KNOTS('',1,(#605,#606),.UNSPECIFIED.,.F.,.F.,
  (2,2),(1.,2.),.PIECEWISE_BEZIER_KNOTS.);
#605 = CARTESIAN_POINT('',(25.6608,-25.74,134.));
#606 = CARTESIAN_POINT('',(35.64,-15.7608,134.));
#607 = PCURVE('',#114,#608);
#608 = DEFINITIONAL_REPRESENTATION('',(#609),#613);
#609 = LINE('',#610,#611);
#610 = CARTESIAN_POINT('',(0.,1.));
#611 = VECTOR('',#612,1.);
#612 = DIRECTION('',(1.,0.));
#613 = ( GEOMETRIC_REPRESENTATION_CONTEXT(2) 
PARAMETRIC_REPRESENTATION_CONTEXT() REPRESENTATION_CONTEXT('2D SPACE',''
  ) );
#614 = PCURVE('',#334,#615);
#615 = DEFINITIONAL_REPRESENTATION('',(#616),#619);
#616 = B_SPLINE_CURVE_WITH_KNOTS('',1,(#617,#618),.UNSPECIFIED.,.F.,.F.,
  (2,2),(1.,2.),.PIECEWISE_BEZIER_KNOTS.);
#617 = CARTESIAN_POINT('',(42.498334493525,-28.77148226693));
#618 = CARTESIAN_POINT('',(56.356354419169,-26.10237211176));
#619 = ( GEOMETRIC_REPRESENTATION_CONTEXT(2) 
PARAMETRIC_REPRESENTATION_CONTEXT() REPRESENTATION_CONTEXT('2D SPACE',''
  ) );
#620 = ORIENTED_EDGE('',*,*,#621,.F.);
#621 = EDGE_CURVE('',#622,#601,#624,.T.);
#622 = VERTEX_POINT('',#623);
#623 = CARTESIAN_POINT('',(30.5,-30.59413580246,-112.8455419864));
#624 = SURFACE_CURVE('',#625,(#631,#638),.PCURVE_S1.);
#625 = ( BOUNDED_CURVE() B_SPLINE_CURVE(4,(#626,#627,#628,#629,#630),
.UNSPECIFIED.,.F.,.F.) B_SPLINE_CURVE_WITH_KNOTS((5,5),(0.,1.),
.PIECEWISE_BEZIER_KNOTS.) CURVE() GEOMETRIC_REPRESENTATION_ITEM() 
RATIONAL_B_SPLINE_CURVE((1.,1.,1.,1.,1.)) REPRESENTATION_ITEM('') );
#626 = CARTESIAN_POINT('',(23.328,-23.4,-134.));
#627 = CARTESIAN_POINT('',(48.827779042337,-48.97848206407,
    -74.89946339855));
#628 = CARTESIAN_POINT('',(34.691411138377,-34.79848339497,
    4.704294879977));
#629 = CARTESIAN_POINT('',(45.212180774783,-45.3517245426,
    66.857252864212));
#630 = CARTESIAN_POINT('',(25.6608,-25.74,134.));
#631 = PCURVE('',#114,#632);
#632 = DEFINITIONAL_REPRESENTATION('',(#633),#637);
#633 = LINE('',#634,#635);
#634 = CARTESIAN_POINT('',(1.,0.));
#635 = VECTOR('',#636,1.);
#636 = DIRECTION('',(0.,1.));
#637 = ( GEOMETRIC_REPRESENTATION_CONTEXT(2) 
PARAMETRIC_REPRESENTATION_CONTEXT() REPRESENTATION_CONTEXT('2D SPACE',''
  ) );
#638 = PCURVE('',#303,#639);
#639 = DEFINITIONAL_REPRESENTATION('',(#640),#644);
#640 = LINE('',#641,#642);
#641 = CARTESIAN_POINT('',(1.,0.));
#642 = VECTOR('',#643,1.);
#643 = DIRECTION('',(0.,1.));
#644 = ( GEOMETRIC_REPRESENTATION_CONTEXT(2) 
PARAMETRIC_REPRESENTATION_CONTEXT() REPRESENTATION_CONTEXT('2D SPACE',''
  ) );
#645 = ORIENTED_EDGE('',*,*,#646,.F.);
#646 = EDGE_CURVE('',#374,#622,#647,.T.);
#647 = SURFACE_CURVE('',#648,(#656,#667),.PCURVE_S1.);
#648 = B_SPLINE_CURVE_WITH_KNOTS('',3,(#649,#650,#651,#652,#653,#654,
    #655),.UNSPECIFIED.,.F.,.F.,(4,1,1,1,4),(0.,0.246584116893,
    0.539250554462,0.83238944478,1.),.UNSPECIFIED.);
#649 = CARTESIAN_POINT('',(30.5,-30.51311271865,-113.));
#650 = CARTESIAN_POINT('',(30.5,-30.51978188902,-112.9873093734));
#651 = CARTESIAN_POINT('',(30.5,-30.53436145821,-112.9595537588));
#652 = CARTESIAN_POINT('',(30.5,-30.55684924603,-112.9167009612));
#653 = CARTESIAN_POINT('',(30.5,-30.5771864826,-112.8779049044));
#654 = CARTESIAN_POINT('',(30.5,-30.5896154857,-112.8541749812));
#655 = CARTESIAN_POINT('',(30.5,-30.59413580246,-112.8455419864));
#656 = PCURVE('',#114,#657);
#657 = DEFINITIONAL_REPRESENTATION('',(#658),#666);
#658 = B_SPLINE_CURVE_WITH_KNOTS('',3,(#659,#660,#661,#662,#663,#664,
    #665),.UNSPECIFIED.,.F.,.F.,(4,1,1,1,4),(0.,0.246584116893,
    0.539250554462,0.83238944478,1.),.UNSPECIFIED.);
#659 = CARTESIAN_POINT('',(1.003414758949,8.542124389554E-02));
#660 = CARTESIAN_POINT('',(1.003133310125,8.547115858242E-02));
#661 = CARTESIAN_POINT('',(1.002518232639,8.558032120154E-02));
#662 = CARTESIAN_POINT('',(1.001570205606,8.574884210614E-02));
#663 = CARTESIAN_POINT('',(1.000713506415,8.590139117015E-02));
#664 = CARTESIAN_POINT('',(1.000190258386,8.599469015592E-02));
#665 = CARTESIAN_POINT('',(1.,8.602863134298E-02));
#666 = ( GEOMETRIC_REPRESENTATION_CONTEXT(2) 
PARAMETRIC_REPRESENTATION_CONTEXT() REPRESENTATION_CONTEXT('2D SPACE',''
  ) );
#667 = PCURVE('',#409,#668);
#668 = DEFINITIONAL_REPRESENTATION('',(#669),#677);
#669 = B_SPLINE_CURVE_WITH_KNOTS('',3,(#670,#671,#672,#673,#674,#675,
    #676),.UNSPECIFIED.,.F.,.F.,(4,1,1,1,4),(0.,0.246584116893,
    0.539250554462,0.83238944478,1.),.UNSPECIFIED.);
#670 = CARTESIAN_POINT('',(0.,-111.4868872813));
#671 = CARTESIAN_POINT('',(1.269062650211E-02,-111.4802181109));
#672 = CARTESIAN_POINT('',(4.044624111557E-02,-111.4656385417));
#673 = CARTESIAN_POINT('',(8.329903874381E-02,-111.4431507539));
#674 = CARTESIAN_POINT('',(0.122095095554,-111.4228135173));
#675 = CARTESIAN_POINT('',(0.14582501877,-111.4103845142));
#676 = CARTESIAN_POINT('',(0.154458013594,-111.4058641975));
#677 = ( GEOMETRIC_REPRESENTATION_CONTEXT(2) 
PARAMETRIC_REPRESENTATION_CONTEXT() REPRESENTATION_CONTEXT('2D SPACE',''
  ) );
#678 = ORIENTED_EDGE('',*,*,#373,.T.);
#679 = ADVANCED_FACE('',(#680),#85,.F.);
#680 = FACE_BOUND('',#681,.F.);
#681 = EDGE_LOOP('',(#682,#683,#684,#685,#706,#732,#764,#785,#806,#827,
    #859,#885));
#682 = ORIENTED_EDGE('',*,*,#205,.T.);
#683 = ORIENTED_EDGE('',*,*,#70,.T.);
#684 = ORIENTED_EDGE('',*,*,#543,.T.);
#685 = ORIENTED_EDGE('',*,*,#686,.T.);
#686 = EDGE_CURVE('',#544,#687,#689,.T.);
#687 = VERTEX_POINT('',#688);
#688 = CARTESIAN_POINT('',(32.4,0.,-134.));
#689 = SURFACE_CURVE('',#690,(#693,#699),.PCURVE_S1.);
#690 = B_SPLINE_CURVE_WITH_KNOTS('',1,(#691,#692),.UNSPECIFIED.,.F.,.F.,
  (2,2),(2.,3.),.PIECEWISE_BEZIER_KNOTS.);
#691 = CARTESIAN_POINT('',(32.4,-14.328,-134.));
#692 = CARTESIAN_POINT('',(32.4,14.328,-134.));
#693 = PCURVE('',#85,#694);
#694 = DEFINITIONAL_REPRESENTATION('',(#695),#698);
#695 = B_SPLINE_CURVE_WITH_KNOTS('',1,(#696,#697),.UNSPECIFIED.,.F.,.F.,
  (2,2),(2.,3.),.PIECEWISE_BEZIER_KNOTS.);
#696 = CARTESIAN_POINT('',(51.233049471972,-23.72942919251));
#697 = CARTESIAN_POINT('',(67.297934351657,2.6645352591E-15));
#698 = ( GEOMETRIC_REPRESENTATION_CONTEXT(2) 
PARAMETRIC_REPRESENTATION_CONTEXT() REPRESENTATION_CONTEXT('2D SPACE',''
  ) );
#699 = PCURVE('',#582,#700);
#700 = DEFINITIONAL_REPRESENTATION('',(#701),#705);
#701 = LINE('',#702,#703);
#702 = CARTESIAN_POINT('',(0.,0.));
#703 = VECTOR('',#704,1.);
#704 = DIRECTION('',(1.,0.));
#705 = ( GEOMETRIC_REPRESENTATION_CONTEXT(2) 
PARAMETRIC_REPRESENTATION_CONTEXT() REPRESENTATION_CONTEXT('2D SPACE',''
  ) );
#706 = ORIENTED_EDGE('',*,*,#707,.T.);
#707 = EDGE_CURVE('',#687,#708,#710,.T.);
#708 = VERTEX_POINT('',#709);
#709 = CARTESIAN_POINT('',(29.4,0.,-134.));
#710 = SURFACE_CURVE('',#711,(#715,#721),.PCURVE_S1.);
#711 = LINE('',#712,#713);
#712 = CARTESIAN_POINT('',(-65.664,0.,-134.));
#713 = VECTOR('',#714,1.);
#714 = DIRECTION('',(-1.,0.,0.));
#715 = PCURVE('',#85,#716);
#716 = DEFINITIONAL_REPRESENTATION('',(#717),#720);
#717 = B_SPLINE_CURVE_WITH_KNOTS('',1,(#718,#719),.UNSPECIFIED.,.F.,.F.,
  (2,2),(-107.7640930232,-23.56390697674),.PIECEWISE_BEZIER_KNOTS.);
#718 = CARTESIAN_POINT('',(67.297934351658,-17.30269888369));
#719 = CARTESIAN_POINT('',(-2.426463777428,29.900898816099));
#720 = ( GEOMETRIC_REPRESENTATION_CONTEXT(2) 
PARAMETRIC_REPRESENTATION_CONTEXT() REPRESENTATION_CONTEXT('2D SPACE',''
  ) );
#721 = PCURVE('',#722,#727);
#722 = PLANE('',#723);
#723 = AXIS2_PLACEMENT_3D('',#724,#725,#726);
#724 = CARTESIAN_POINT('',(-108.,0.,-160.8));
#725 = DIRECTION('',(0.,1.,0.));
#726 = DIRECTION('',(0.,0.,1.));
#727 = DEFINITIONAL_REPRESENTATION('',(#728),#731);
#728 = B_SPLINE_CURVE_WITH_KNOTS('',1,(#729,#730),.UNSPECIFIED.,.F.,.F.,
  (2,2),(-107.7640930232,-23.56390697674),.PIECEWISE_BEZIER_KNOTS.);
#729 = CARTESIAN_POINT('',(26.8,150.10009302325));
#730 = CARTESIAN_POINT('',(26.8,65.899906976744));
#731 = ( GEOMETRIC_REPRESENTATION_CONTEXT(2) 
PARAMETRIC_REPRESENTATION_CONTEXT() REPRESENTATION_CONTEXT('2D SPACE',''
  ) );
#732 = ORIENTED_EDGE('',*,*,#733,.F.);
#733 = EDGE_CURVE('',#734,#708,#736,.T.);
#734 = VERTEX_POINT('',#735);
#735 = CARTESIAN_POINT('',(29.4,-12.168,-134.));
#736 = SURFACE_CURVE('',#737,(#740,#746),.PCURVE_S1.);
#737 = B_SPLINE_CURVE_WITH_KNOTS('',1,(#738,#739),.UNSPECIFIED.,.F.,.F.,
  (2,2),(2.,3.),.PIECEWISE_BEZIER_KNOTS.);
#738 = CARTESIAN_POINT('',(29.4,-12.168,-134.));
#739 = CARTESIAN_POINT('',(29.4,12.168,-134.));
#740 = PCURVE('',#85,#741);
#741 = DEFINITIONAL_REPRESENTATION('',(#742),#745);
#742 = B_SPLINE_CURVE_WITH_KNOTS('',1,(#743,#744),.UNSPECIFIED.,.F.,.F.,
  (2,2),(2.,3.),.PIECEWISE_BEZIER_KNOTS.);
#743 = CARTESIAN_POINT('',(49.959733718293,-20.25894406915));
#744 = CARTESIAN_POINT('',(63.602776656318,-0.106815759938));
#745 = ( GEOMETRIC_REPRESENTATION_CONTEXT(2) 
PARAMETRIC_REPRESENTATION_CONTEXT() REPRESENTATION_CONTEXT('2D SPACE',''
  ) );
#746 = PCURVE('',#747,#758);
#747 = ( BOUNDED_SURFACE() B_SPLINE_SURFACE(1,4,(
    (#748,#749,#750,#751,#752)
    ,(#753,#754,#755,#756,#757
)),.UNSPECIFIED.,.F.,.F.,.F.) B_SPLINE_SURFACE_WITH_KNOTS((2,2),(5,5),(
    2.,3.),(0.,1.),.PIECEWISE_BEZIER_KNOTS.) 
GEOMETRIC_REPRESENTATION_ITEM() RATIONAL_B_SPLINE_SURFACE((
    (1.,1.,1.,1.,1.)
,(1.,1.,1.,1.,1.))) REPRESENTATION_ITEM('') SURFACE() );
#748 = CARTESIAN_POINT('',(29.4,-12.168,-134.));
#749 = CARTESIAN_POINT('',(64.816359781023,-27.82990132538,
    -74.89946339855));
#750 = CARTESIAN_POINT('',(45.182515469969,-19.14737906338,
    4.704294879977));
#751 = CARTESIAN_POINT('',(59.794695520533,-25.60920979685,
    66.857252864212));
#752 = CARTESIAN_POINT('',(32.64,-13.6008,134.));
#753 = CARTESIAN_POINT('',(29.4,12.168,-134.));
#754 = CARTESIAN_POINT('',(64.816359781023,27.829901325386,
    -74.89946339855));
#755 = CARTESIAN_POINT('',(45.182515469969,19.147379063386,
    4.704294879977));
#756 = CARTESIAN_POINT('',(59.794695520533,25.609209796858,
    66.857252864212));
#757 = CARTESIAN_POINT('',(32.64,13.6008,134.));
#758 = DEFINITIONAL_REPRESENTATION('',(#759),#763);
#759 = LINE('',#760,#761);
#760 = CARTESIAN_POINT('',(0.,0.));
#761 = VECTOR('',#762,1.);
#762 = DIRECTION('',(1.,0.));
#763 = ( GEOMETRIC_REPRESENTATION_CONTEXT(2) 
PARAMETRIC_REPRESENTATION_CONTEXT() REPRESENTATION_CONTEXT('2D SPACE',''
  ) );
#764 = ORIENTED_EDGE('',*,*,#765,.F.);
#765 = EDGE_CURVE('',#766,#734,#768,.T.);
#766 = VERTEX_POINT('',#767);
#767 = CARTESIAN_POINT('',(21.168,-20.4,-134.));
#768 = SURFACE_CURVE('',#769,(#772,#778),.PCURVE_S1.);
#769 = B_SPLINE_CURVE_WITH_KNOTS('',1,(#770,#771),.UNSPECIFIED.,.F.,.F.,
  (2,2),(1.,2.),.PIECEWISE_BEZIER_KNOTS.);
#770 = CARTESIAN_POINT('',(21.168,-20.4,-134.));
#771 = CARTESIAN_POINT('',(29.4,-12.168,-134.));
#772 = PCURVE('',#85,#773);
#773 = DEFINITIONAL_REPRESENTATION('',(#774),#777);
#774 = B_SPLINE_CURVE_WITH_KNOTS('',1,(#775,#776),.UNSPECIFIED.,.F.,.F.,
  (2,2),(1.,2.),.PIECEWISE_BEZIER_KNOTS.);
#775 = CARTESIAN_POINT('',(38.52803377963,-22.4607352746));
#776 = CARTESIAN_POINT('',(49.959733718293,-20.25894406915));
#777 = ( GEOMETRIC_REPRESENTATION_CONTEXT(2) 
PARAMETRIC_REPRESENTATION_CONTEXT() REPRESENTATION_CONTEXT('2D SPACE',''
  ) );
#778 = PCURVE('',#441,#779);
#779 = DEFINITIONAL_REPRESENTATION('',(#780),#784);
#780 = LINE('',#781,#782);
#781 = CARTESIAN_POINT('',(0.,0.));
#782 = VECTOR('',#783,1.);
#783 = DIRECTION('',(1.,0.));
#784 = ( GEOMETRIC_REPRESENTATION_CONTEXT(2) 
PARAMETRIC_REPRESENTATION_CONTEXT() REPRESENTATION_CONTEXT('2D SPACE',''
  ) );
#785 = ORIENTED_EDGE('',*,*,#786,.F.);
#786 = EDGE_CURVE('',#787,#766,#789,.T.);
#787 = VERTEX_POINT('',#788);
#788 = CARTESIAN_POINT('',(-21.168,-20.4,-134.));
#789 = SURFACE_CURVE('',#790,(#793,#799),.PCURVE_S1.);
#790 = B_SPLINE_CURVE_WITH_KNOTS('',1,(#791,#792),.UNSPECIFIED.,.F.,.F.,
  (2,2),(0.,1.),.PIECEWISE_BEZIER_KNOTS.);
#791 = CARTESIAN_POINT('',(-21.168,-20.4,-134.));
#792 = CARTESIAN_POINT('',(21.168,-20.4,-134.));
#793 = PCURVE('',#85,#794);
#794 = DEFINITIONAL_REPRESENTATION('',(#795),#798);
#795 = B_SPLINE_CURVE_WITH_KNOTS('',1,(#796,#797),.UNSPECIFIED.,.F.,.F.,
  (2,2),(0.,1.),.PIECEWISE_BEZIER_KNOTS.);
#796 = CARTESIAN_POINT('',(3.470485123356,1.273315753679));
#797 = CARTESIAN_POINT('',(38.52803377963,-22.4607352746));
#798 = ( GEOMETRIC_REPRESENTATION_CONTEXT(2) 
PARAMETRIC_REPRESENTATION_CONTEXT() REPRESENTATION_CONTEXT('2D SPACE',''
  ) );
#799 = PCURVE('',#481,#800);
#800 = DEFINITIONAL_REPRESENTATION('',(#801),#805);
#801 = LINE('',#802,#803);
#802 = CARTESIAN_POINT('',(0.,0.));
#803 = VECTOR('',#804,1.);
#804 = DIRECTION('',(1.,0.));
#805 = ( GEOMETRIC_REPRESENTATION_CONTEXT(2) 
PARAMETRIC_REPRESENTATION_CONTEXT() REPRESENTATION_CONTEXT('2D SPACE',''
  ) );
#806 = ORIENTED_EDGE('',*,*,#807,.F.);
#807 = EDGE_CURVE('',#808,#787,#810,.T.);
#808 = VERTEX_POINT('',#809);
#809 = CARTESIAN_POINT('',(-29.4,-12.168,-134.));
#810 = SURFACE_CURVE('',#811,(#814,#820),.PCURVE_S1.);
#811 = B_SPLINE_CURVE_WITH_KNOTS('',1,(#812,#813),.UNSPECIFIED.,.F.,.F.,
  (2,2),(7.,8.),.PIECEWISE_BEZIER_KNOTS.);
#812 = CARTESIAN_POINT('',(-29.4,-12.168,-134.));
#813 = CARTESIAN_POINT('',(-21.168,-20.4,-134.));
#814 = PCURVE('',#85,#815);
#815 = DEFINITIONAL_REPRESENTATION('',(#816),#819);
#816 = B_SPLINE_CURVE_WITH_KNOTS('',1,(#817,#818),.UNSPECIFIED.,.F.,.F.,
  (2,2),(7.,8.),.PIECEWISE_BEZIER_KNOTS.);
#817 = CARTESIAN_POINT('',(1.268693917912,12.705015692342));
#818 = CARTESIAN_POINT('',(3.470485123356,1.273315753679));
#819 = ( GEOMETRIC_REPRESENTATION_CONTEXT(2) 
PARAMETRIC_REPRESENTATION_CONTEXT() REPRESENTATION_CONTEXT('2D SPACE',''
  ) );
#820 = PCURVE('',#519,#821);
#821 = DEFINITIONAL_REPRESENTATION('',(#822),#826);
#822 = LINE('',#823,#824);
#823 = CARTESIAN_POINT('',(0.,0.));
#824 = VECTOR('',#825,1.);
#825 = DIRECTION('',(1.,0.));
#826 = ( GEOMETRIC_REPRESENTATION_CONTEXT(2) 
PARAMETRIC_REPRESENTATION_CONTEXT() REPRESENTATION_CONTEXT('2D SPACE',''
  ) );
#827 = ORIENTED_EDGE('',*,*,#828,.F.);
#828 = EDGE_CURVE('',#829,#808,#831,.T.);
#829 = VERTEX_POINT('',#830);
#830 = CARTESIAN_POINT('',(-29.4,0.,-134.));
#831 = SURFACE_CURVE('',#832,(#835,#841),.PCURVE_S1.);
#832 = B_SPLINE_CURVE_WITH_KNOTS('',1,(#833,#834),.UNSPECIFIED.,.F.,.F.,
  (2,2),(6.,7.),.PIECEWISE_BEZIER_KNOTS.);
#833 = CARTESIAN_POINT('',(-29.4,12.168,-134.));
#834 = CARTESIAN_POINT('',(-29.4,-12.168,-134.));
#835 = PCURVE('',#85,#836);
#836 = DEFINITIONAL_REPRESENTATION('',(#837),#840);
#837 = B_SPLINE_CURVE_WITH_KNOTS('',1,(#838,#839),.UNSPECIFIED.,.F.,.F.,
  (2,2),(6.,7.),.PIECEWISE_BEZIER_KNOTS.);
#838 = CARTESIAN_POINT('',(14.911736855936,32.857144001561));
#839 = CARTESIAN_POINT('',(1.268693917912,12.705015692342));
#840 = ( GEOMETRIC_REPRESENTATION_CONTEXT(2) 
PARAMETRIC_REPRESENTATION_CONTEXT() REPRESENTATION_CONTEXT('2D SPACE',''
  ) );
#841 = PCURVE('',#842,#853);
#842 = ( BOUNDED_SURFACE() B_SPLINE_SURFACE(1,4,(
    (#843,#844,#845,#846,#847)
    ,(#848,#849,#850,#851,#852
)),.UNSPECIFIED.,.F.,.F.,.F.) B_SPLINE_SURFACE_WITH_KNOTS((2,2),(5,5),(
    6.,7.),(0.,1.),.PIECEWISE_BEZIER_KNOTS.) 
GEOMETRIC_REPRESENTATION_ITEM() RATIONAL_B_SPLINE_SURFACE((
    (1.,1.,1.,1.,1.)
,(1.,1.,1.,1.,1.))) REPRESENTATION_ITEM('') SURFACE() );
#843 = CARTESIAN_POINT('',(-29.4,12.168,-134.));
#844 = CARTESIAN_POINT('',(-64.81635978102,27.829901325386,
    -74.89946339855));
#845 = CARTESIAN_POINT('',(-45.18251546996,19.147379063386,
    4.704294879977));
#846 = CARTESIAN_POINT('',(-59.79469552053,25.609209796858,
    66.857252864212));
#847 = CARTESIAN_POINT('',(-32.64,13.6008,134.));
#848 = CARTESIAN_POINT('',(-29.4,-12.168,-134.));
#849 = CARTESIAN_POINT('',(-64.81635978102,-27.82990132538,
    -74.89946339855));
#850 = CARTESIAN_POINT('',(-45.18251546996,-19.14737906338,
    4.704294879977));
#851 = CARTESIAN_POINT('',(-59.79469552053,-25.60920979685,
    66.857252864212));
#852 = CARTESIAN_POINT('',(-32.64,-13.6008,134.));
#853 = DEFINITIONAL_REPRESENTATION('',(#854),#858);
#854 = LINE('',#855,#856);
#855 = CARTESIAN_POINT('',(0.,0.));
#856 = VECTOR('',#857,1.);
#857 = DIRECTION('',(1.,0.));
#858 = ( GEOMETRIC_REPRESENTATION_CONTEXT(2) 
PARAMETRIC_REPRESENTATION_CONTEXT() REPRESENTATION_CONTEXT('2D SPACE',''
  ) );
#859 = ORIENTED_EDGE('',*,*,#860,.T.);
#860 = EDGE_CURVE('',#829,#861,#863,.T.);
#861 = VERTEX_POINT('',#862);
#862 = CARTESIAN_POINT('',(-32.4,0.,-134.));
#863 = SURFACE_CURVE('',#864,(#868,#874),.PCURVE_S1.);
#864 = LINE('',#865,#866);
#865 = CARTESIAN_POINT('',(-65.664,0.,-134.));
#866 = VECTOR('',#867,1.);
#867 = DIRECTION('',(-1.,0.,0.));
#868 = PCURVE('',#85,#869);
#869 = DEFINITIONAL_REPRESENTATION('',(#870),#873);
#870 = B_SPLINE_CURVE_WITH_KNOTS('',1,(#871,#872),.UNSPECIFIED.,.F.,.F.,
  (2,2),(-107.7640930232,-23.56390697674),.PIECEWISE_BEZIER_KNOTS.);
#871 = CARTESIAN_POINT('',(67.297934351658,-17.30269888369));
#872 = CARTESIAN_POINT('',(-2.426463777428,29.900898816099));
#873 = ( GEOMETRIC_REPRESENTATION_CONTEXT(2) 
PARAMETRIC_REPRESENTATION_CONTEXT() REPRESENTATION_CONTEXT('2D SPACE',''
  ) );
#874 = PCURVE('',#875,#880);
#875 = PLANE('',#876);
#876 = AXIS2_PLACEMENT_3D('',#877,#878,#879);
#877 = CARTESIAN_POINT('',(-108.,0.,-160.8));
#878 = DIRECTION('',(0.,1.,0.));
#879 = DIRECTION('',(0.,0.,1.));
#880 = DEFINITIONAL_REPRESENTATION('',(#881),#884);
#881 = B_SPLINE_CURVE_WITH_KNOTS('',1,(#882,#883),.UNSPECIFIED.,.F.,.F.,
  (2,2),(-107.7640930232,-23.56390697674),.PIECEWISE_BEZIER_KNOTS.);
#882 = CARTESIAN_POINT('',(26.8,150.10009302325));
#883 = CARTESIAN_POINT('',(26.8,65.899906976744));
#884 = ( GEOMETRIC_REPRESENTATION_CONTEXT(2) 
PARAMETRIC_REPRESENTATION_CONTEXT() REPRESENTATION_CONTEXT('2D SPACE',''
  ) );
#885 = ORIENTED_EDGE('',*,*,#886,.T.);
#886 = EDGE_CURVE('',#861,#168,#887,.T.);
#887 = SURFACE_CURVE('',#888,(#891,#897),.PCURVE_S1.);
#888 = B_SPLINE_CURVE_WITH_KNOTS('',1,(#889,#890),.UNSPECIFIED.,.F.,.F.,
  (2,2),(6.,7.),.PIECEWISE_BEZIER_KNOTS.);
#889 = CARTESIAN_POINT('',(-32.4,14.328,-134.));
#890 = CARTESIAN_POINT('',(-32.4,-14.328,-134.));
#891 = PCURVE('',#85,#892);
#892 = DEFINITIONAL_REPRESENTATION('',(#893),#896);
#893 = B_SPLINE_CURVE_WITH_KNOTS('',1,(#894,#895),.UNSPECIFIED.,.F.,.F.,
  (2,2),(6.,7.),.PIECEWISE_BEZIER_KNOTS.);
#894 = CARTESIAN_POINT('',(13.638421102258,36.327629124917));
#895 = CARTESIAN_POINT('',(-2.426463777428,12.598199932404));
#896 = ( GEOMETRIC_REPRESENTATION_CONTEXT(2) 
PARAMETRIC_REPRESENTATION_CONTEXT() REPRESENTATION_CONTEXT('2D SPACE',''
  ) );
#897 = PCURVE('',#187,#898);
#898 = DEFINITIONAL_REPRESENTATION('',(#899),#903);
#899 = LINE('',#900,#901);
#900 = CARTESIAN_POINT('',(0.,0.));
#901 = VECTOR('',#902,1.);
#902 = DIRECTION('',(1.,0.));
#903 = ( GEOMETRIC_REPRESENTATION_CONTEXT(2) 
PARAMETRIC_REPRESENTATION_CONTEXT() REPRESENTATION_CONTEXT('2D SPACE',''
  ) );
#904 = ADVANCED_FACE('',(#905),#187,.T.);
#905 = FACE_BOUND('',#906,.T.);
#906 = EDGE_LOOP('',(#907,#1053,#1054,#1055));
#907 = ORIENTED_EDGE('',*,*,#908,.F.);
#908 = EDGE_CURVE('',#861,#909,#911,.T.);
#909 = VERTEX_POINT('',#910);
#910 = CARTESIAN_POINT('',(-35.64,0.,134.));
#911 = SURFACE_CURVE('',#912,(#957,#1005),.PCURVE_S1.);
#912 = B_SPLINE_CURVE_WITH_KNOTS('',8,(#913,#914,#915,#916,#917,#918,
    #919,#920,#921,#922,#923,#924,#925,#926,#927,#928,#929,#930,#931,
    #932,#933,#934,#935,#936,#937,#938,#939,#940,#941,#942,#943,#944,
    #945,#946,#947,#948,#949,#950,#951,#952,#953,#954,#955,#956),
  .UNSPECIFIED.,.F.,.F.,(9,7,7,7,7,7,9),(0.,0.133997868221,
    0.268906541194,0.533856468103,0.677152511692,0.819496027655,1.),
  .UNSPECIFIED.);
#913 = CARTESIAN_POINT('',(-32.4,0.,-134.));
#914 = CARTESIAN_POINT('',(-34.75686483049,0.,-130.067016005));
#915 = CARTESIAN_POINT('',(-36.92550324854,0.,-126.021597589));
#916 = CARTESIAN_POINT('',(-38.90765387595,0.,-121.8791869048));
#917 = CARTESIAN_POINT('',(-40.70980508282,0.,-117.6549365482));
#918 = CARTESIAN_POINT('',(-42.3415010008,0.,-113.3630135761));
#919 = CARTESIAN_POINT('',(-43.81397771754,0.,-109.0160297314));
#920 = CARTESIAN_POINT('',(-45.13915335905,0.,-104.6246144647));
#921 = CARTESIAN_POINT('',(-47.52692572099,0.,-95.73958602764));
#922 = CARTESIAN_POINT('',(-48.58760245122,0.,-91.24575416321));
#923 = CARTESIAN_POINT('',(-49.52348730056,0.,-86.72338933751));
#924 = CARTESIAN_POINT('',(-50.3466106293,0.,-82.17906941055));
#925 = CARTESIAN_POINT('',(-51.06823727119,0.,-77.61815098078));
#926 = CARTESIAN_POINT('',(-51.69870882198,0.,-73.04473959845));
#927 = CARTESIAN_POINT('',(-52.2473916435,0.,-68.46167887549));
#928 = CARTESIAN_POINT('',(-53.65604775424,0.,-54.85392433294));
#929 = CARTESIAN_POINT('',(-54.30570453354,0.,-45.81169291688));
#930 = CARTESIAN_POINT('',(-54.73578805402,0.,-36.75467076881));
#931 = CARTESIAN_POINT('',(-54.99353669449,0.,-27.69089086342));
#932 = CARTESIAN_POINT('',(-55.11360055777,0.,-18.62575507528));
#933 = CARTESIAN_POINT('',(-55.11909400519,0.,-9.562079012483));
#934 = CARTESIAN_POINT('',(-55.02194875904,0.,-0.500131231829));
#935 = CARTESIAN_POINT('',(-54.71392683625,0.,13.46374791193));
#936 = CARTESIAN_POINT('',(-54.57577180758,0.,18.3643798385));
#937 = CARTESIAN_POINT('',(-54.40758999281,0.,23.2641669341));
#938 = CARTESIAN_POINT('',(-54.20838592848,0.,28.162889296538));
#939 = CARTESIAN_POINT('',(-53.97614373511,0.,33.060203245767));
#940 = CARTESIAN_POINT('',(-53.70779319549,0.,37.955639867103));
#941 = CARTESIAN_POINT('',(-53.39918933758,0.,42.84860427806));
#942 = CARTESIAN_POINT('',(-52.69344263891,0.,52.595646406679));
#943 = CARTESIAN_POINT('',(-52.29692235041,0.,57.449487120083));
#944 = CARTESIAN_POINT('',(-51.85048763837,0.,62.299319926733));
#945 = CARTESIAN_POINT('',(-51.34805567143,0.,67.144043901671));
#946 = CARTESIAN_POINT('',(-50.78260118954,0.,71.982042963127));
#947 = CARTESIAN_POINT('',(-50.14629070735,0.,76.811202459212));
#948 = CARTESIAN_POINT('',(-49.43073275388,0.,81.62893882255));
#949 = CARTESIAN_POINT('',(-47.60864885421,0.,92.523255836895));
#950 = CARTESIAN_POINT('',(-46.4486647028,0.,98.591495007386));
#951 = CARTESIAN_POINT('',(-45.13016551251,0.,104.62951238083));
#952 = CARTESIAN_POINT('',(-43.63577241772,0.,110.62799407346));
#953 = CARTESIAN_POINT('',(-41.94941577203,0.,116.57615581015));
#954 = CARTESIAN_POINT('',(-40.05845674106,0.,122.46230622486));
#955 = CARTESIAN_POINT('',(-37.95563781663,0.,128.27434992732));
#956 = CARTESIAN_POINT('',(-35.64,0.,134.));
#957 = PCURVE('',#187,#958);
#958 = DEFINITIONAL_REPRESENTATION('',(#959),#1004);
#959 = B_SPLINE_CURVE_WITH_KNOTS('',8,(#960,#961,#962,#963,#964,#965,
    #966,#967,#968,#969,#970,#971,#972,#973,#974,#975,#976,#977,#978,
    #979,#980,#981,#982,#983,#984,#985,#986,#987,#988,#989,#990,#991,
    #992,#993,#994,#995,#996,#997,#998,#999,#1000,#1001,#1002,#1003),
  .UNSPECIFIED.,.F.,.F.,(9,7,7,7,7,7,9),(0.,0.133997868221,
    0.268906541194,0.533856468103,0.677152511692,0.819496027655,1.),
  .UNSPECIFIED.);
#960 = CARTESIAN_POINT('',(6.5,0.));
#961 = CARTESIAN_POINT('',(6.5,1.663683707945E-02));
#962 = CARTESIAN_POINT('',(6.5,3.342006222959E-02));
#963 = CARTESIAN_POINT('',(6.5,5.030124674056E-02));
#964 = CARTESIAN_POINT('',(6.5,6.723930263241E-02));
#965 = CARTESIAN_POINT('',(6.5,8.420054709697E-02));
#966 = CARTESIAN_POINT('',(6.5,0.10115880538));
#967 = CARTESIAN_POINT('',(6.5,0.118095540726));
#968 = CARTESIAN_POINT('',(6.5,0.152019361564));
#969 = CARTESIAN_POINT('',(6.5,0.169004963357));
#970 = CARTESIAN_POINT('',(6.5,0.185948972951));
#971 = CARTESIAN_POINT('',(6.5,0.202846949526));
#972 = CARTESIAN_POINT('',(6.5,0.219697627555));
#973 = CARTESIAN_POINT('',(6.5,0.236502845509));
#974 = CARTESIAN_POINT('',(6.5,0.253267574283));
#975 = CARTESIAN_POINT('',(6.5,0.302861156166));
#976 = CARTESIAN_POINT('',(6.5,0.335577583711));
#977 = CARTESIAN_POINT('',(6.5,0.368215899079));
#978 = CARTESIAN_POINT('',(6.5,0.40083137857));
#979 = CARTESIAN_POINT('',(6.5,0.433473599747));
#980 = CARTESIAN_POINT('',(6.5,0.466188125859));
#981 = CARTESIAN_POINT('',(6.5,0.499017403637));
#982 = CARTESIAN_POINT('',(6.5,0.549838372787));
#983 = CARTESIAN_POINT('',(6.5,0.56771828341));
#984 = CARTESIAN_POINT('',(6.5,0.585644140913));
#985 = CARTESIAN_POINT('',(6.5,0.603618751353));
#986 = CARTESIAN_POINT('',(6.5,0.621643254769));
#987 = CARTESIAN_POINT('',(6.5,0.639717006165));
#988 = CARTESIAN_POINT('',(6.5,0.657837445295));
#989 = CARTESIAN_POINT('',(6.5,0.694041823282));
#990 = CARTESIAN_POINT('',(6.5,0.712124166799));
#991 = CARTESIAN_POINT('',(6.5,0.730243005005));
#992 = CARTESIAN_POINT('',(6.5,0.748390877109));
#993 = CARTESIAN_POINT('',(6.5,0.766556774031));
#994 = CARTESIAN_POINT('',(6.5,0.784726106076));
#995 = CARTESIAN_POINT('',(6.5,0.802880853238));
#996 = CARTESIAN_POINT('',(6.5,0.843976655761));
#997 = CARTESIAN_POINT('',(6.5,0.866897698676));
#998 = CARTESIAN_POINT('',(6.5,0.889715290944));
#999 = CARTESIAN_POINT('',(6.5,0.912370953788));
#1000 = CARTESIAN_POINT('',(6.5,0.934797748852));
#1001 = CARTESIAN_POINT('',(6.5,0.956924628158));
#1002 = CARTESIAN_POINT('',(6.5,0.978681055226));
#1003 = CARTESIAN_POINT('',(6.5,1.));
#1004 = ( GEOMETRIC_REPRESENTATION_CONTEXT(2) 
PARAMETRIC_REPRESENTATION_CONTEXT() REPRESENTATION_CONTEXT('2D SPACE',''
  ) );
#1005 = PCURVE('',#875,#1006);
#1006 = DEFINITIONAL_REPRESENTATION('',(#1007),#1052);
#1007 = B_SPLINE_CURVE_WITH_KNOTS('',8,(#1008,#1009,#1010,#1011,#1012,
    #1013,#1014,#1015,#1016,#1017,#1018,#1019,#1020,#1021,#1022,#1023,
    #1024,#1025,#1026,#1027,#1028,#1029,#1030,#1031,#1032,#1033,#1034,
    #1035,#1036,#1037,#1038,#1039,#1040,#1041,#1042,#1043,#1044,#1045,
    #1046,#1047,#1048,#1049,#1050,#1051),.UNSPECIFIED.,.F.,.F.,(9,7,7,7,
    7,7,9),(0.,0.133997868221,0.268906541194,0.533856468103,
    0.677152511692,0.819496027655,1.),.UNSPECIFIED.);
#1008 = CARTESIAN_POINT('',(26.8,75.6));
#1009 = CARTESIAN_POINT('',(30.732983994987,73.243135169503));
#1010 = CARTESIAN_POINT('',(34.77840241094,71.074496751454));
#1011 = CARTESIAN_POINT('',(38.92081309512,69.092346124046));
#1012 = CARTESIAN_POINT('',(43.145063451766,67.290194917173));
#1013 = CARTESIAN_POINT('',(47.436986423899,65.658498999195));
#1014 = CARTESIAN_POINT('',(51.7839702686,64.186022282451));
#1015 = CARTESIAN_POINT('',(56.175385535208,62.86084664095));
#1016 = CARTESIAN_POINT('',(65.060413972357,60.473074279005));
#1017 = CARTESIAN_POINT('',(69.554245836782,59.412397548779));
#1018 = CARTESIAN_POINT('',(74.076610662481,58.476512699434));
#1019 = CARTESIAN_POINT('',(78.620930589441,57.653389370699));
#1020 = CARTESIAN_POINT('',(83.181849019219,56.931762728809));
#1021 = CARTESIAN_POINT('',(87.755260401549,56.301291178013));
#1022 = CARTESIAN_POINT('',(92.338321124509,55.752608356492));
#1023 = CARTESIAN_POINT('',(105.94607566705,54.343952245754));
#1024 = CARTESIAN_POINT('',(114.98830708311,53.694295466454));
#1025 = CARTESIAN_POINT('',(124.04532923118,53.264211945972));
#1026 = CARTESIAN_POINT('',(133.10910913657,53.00646330551));
#1027 = CARTESIAN_POINT('',(142.17424492471,52.886399442223));
#1028 = CARTESIAN_POINT('',(151.23792098751,52.880905994808));
#1029 = CARTESIAN_POINT('',(160.29986876817,52.978051240959));
#1030 = CARTESIAN_POINT('',(174.26374791193,53.286073163741));
#1031 = CARTESIAN_POINT('',(179.1643798385,53.424228192419));
#1032 = CARTESIAN_POINT('',(184.0641669341,53.592410007187));
#1033 = CARTESIAN_POINT('',(188.96288929653,53.791614071512));
#1034 = CARTESIAN_POINT('',(193.86020324576,54.023856264881));
#1035 = CARTESIAN_POINT('',(198.7556398671,54.292206804505));
#1036 = CARTESIAN_POINT('',(203.64860427806,54.600810662415));
#1037 = CARTESIAN_POINT('',(213.39564640667,55.306557361088));
#1038 = CARTESIAN_POINT('',(218.24948712008,55.703077649587));
#1039 = CARTESIAN_POINT('',(223.09931992673,56.149512361628));
#1040 = CARTESIAN_POINT('',(227.94404390167,56.65194432857));
#1041 = CARTESIAN_POINT('',(232.78204296312,57.217398810457));
#1042 = CARTESIAN_POINT('',(237.61120245921,57.853709292643));
#1043 = CARTESIAN_POINT('',(242.42893882255,58.569267246118));
#1044 = CARTESIAN_POINT('',(253.32325583689,60.391351145788));
#1045 = CARTESIAN_POINT('',(259.39149500738,61.551335297197));
#1046 = CARTESIAN_POINT('',(265.42951238083,62.869834487485));
#1047 = CARTESIAN_POINT('',(271.42799407346,64.36422758228));
#1048 = CARTESIAN_POINT('',(277.37615581015,66.050584227962));
#1049 = CARTESIAN_POINT('',(283.26230622486,67.941543258935));
#1050 = CARTESIAN_POINT('',(289.07434992732,70.044362183363));
#1051 = CARTESIAN_POINT('',(294.8,72.36));
#1052 = ( GEOMETRIC_REPRESENTATION_CONTEXT(2) 
PARAMETRIC_REPRESENTATION_CONTEXT() REPRESENTATION_CONTEXT('2D SPACE',''
  ) );
#1053 = ORIENTED_EDGE('',*,*,#886,.T.);
#1054 = ORIENTED_EDGE('',*,*,#167,.T.);
#1055 = ORIENTED_EDGE('',*,*,#1056,.F.);
#1056 = EDGE_CURVE('',#909,#170,#1057,.T.);
#1057 = SURFACE_CURVE('',#1058,(#1061,#1068),.PCURVE_S1.);
#1058 = B_SPLINE_CURVE_WITH_KNOTS('',1,(#1059,#1060),.UNSPECIFIED.,.F.,
  .F.,(2,2),(6.,7.),.PIECEWISE_BEZIER_KNOTS.);
#1059 = CARTESIAN_POINT('',(-35.64,15.7608,134.));
#1060 = CARTESIAN_POINT('',(-35.64,-15.7608,134.));
#1061 = PCURVE('',#187,#1062);
#1062 = DEFINITIONAL_REPRESENTATION('',(#1063),#1067);
#1063 = LINE('',#1064,#1065);
#1064 = CARTESIAN_POINT('',(0.,1.));
#1065 = VECTOR('',#1066,1.);
#1066 = DIRECTION('',(1.,0.));
#1067 = ( GEOMETRIC_REPRESENTATION_CONTEXT(2) 
PARAMETRIC_REPRESENTATION_CONTEXT() REPRESENTATION_CONTEXT('2D SPACE',''
  ) );
#1068 = PCURVE('',#334,#1069);
#1069 = DEFINITIONAL_REPRESENTATION('',(#1070),#1073);
#1070 = B_SPLINE_CURVE_WITH_KNOTS('',1,(#1071,#1072),.UNSPECIFIED.,.F.,
  .F.,(2,2),(6.,7.),.PIECEWISE_BEZIER_KNOTS.);
#1071 = CARTESIAN_POINT('',(15.002263212483,39.960392037408));
#1072 = CARTESIAN_POINT('',(-2.66911015517,13.858019925645));
#1073 = ( GEOMETRIC_REPRESENTATION_CONTEXT(2) 
PARAMETRIC_REPRESENTATION_CONTEXT() REPRESENTATION_CONTEXT('2D SPACE',''
  ) );
#1074 = ADVANCED_FACE('',(#1075),#334,.T.);
#1075 = FACE_BOUND('',#1076,.T.);
#1076 = EDGE_LOOP('',(#1077,#1078,#1097,#1098,#1119,#1140,#1161,#1182,
    #1214,#1235,#1256,#1275));
#1077 = ORIENTED_EDGE('',*,*,#321,.T.);
#1078 = ORIENTED_EDGE('',*,*,#1079,.T.);
#1079 = EDGE_CURVE('',#286,#601,#1080,.T.);
#1080 = SURFACE_CURVE('',#1081,(#1084,#1090),.PCURVE_S1.);
#1081 = B_SPLINE_CURVE_WITH_KNOTS('',1,(#1082,#1083),.UNSPECIFIED.,.F.,
  .F.,(2,2),(0.,1.),.PIECEWISE_BEZIER_KNOTS.);
#1082 = CARTESIAN_POINT('',(-25.6608,-25.74,134.));
#1083 = CARTESIAN_POINT('',(25.6608,-25.74,134.));
#1084 = PCURVE('',#334,#1085);
#1085 = DEFINITIONAL_REPRESENTATION('',(#1086),#1089);
#1086 = B_SPLINE_CURVE_WITH_KNOTS('',1,(#1087,#1088),.UNSPECIFIED.,.F.,
  .F.,(2,2),(0.,1.),.PIECEWISE_BEZIER_KNOTS.);
#1087 = CARTESIAN_POINT('',(0.,0.));
#1088 = CARTESIAN_POINT('',(42.498334493525,-28.77148226693));
#1089 = ( GEOMETRIC_REPRESENTATION_CONTEXT(2) 
PARAMETRIC_REPRESENTATION_CONTEXT() REPRESENTATION_CONTEXT('2D SPACE',''
  ) );
#1090 = PCURVE('',#303,#1091);
#1091 = DEFINITIONAL_REPRESENTATION('',(#1092),#1096);
#1092 = LINE('',#1093,#1094);
#1093 = CARTESIAN_POINT('',(0.,1.));
#1094 = VECTOR('',#1095,1.);
#1095 = DIRECTION('',(1.,0.));
#1096 = ( GEOMETRIC_REPRESENTATION_CONTEXT(2) 
PARAMETRIC_REPRESENTATION_CONTEXT() REPRESENTATION_CONTEXT('2D SPACE',''
  ) );
#1097 = ORIENTED_EDGE('',*,*,#600,.T.);
#1098 = ORIENTED_EDGE('',*,*,#1099,.T.);
#1099 = EDGE_CURVE('',#565,#1100,#1102,.T.);
#1100 = VERTEX_POINT('',#1101);
#1101 = CARTESIAN_POINT('',(35.64,0.,134.));
#1102 = SURFACE_CURVE('',#1103,(#1106,#1112),.PCURVE_S1.);
#1103 = B_SPLINE_CURVE_WITH_KNOTS('',1,(#1104,#1105),.UNSPECIFIED.,.F.,
  .F.,(2,2),(2.,3.),.PIECEWISE_BEZIER_KNOTS.);
#1104 = CARTESIAN_POINT('',(35.64,-15.7608,134.));
#1105 = CARTESIAN_POINT('',(35.64,15.7608,134.));
#1106 = PCURVE('',#334,#1107);
#1107 = DEFINITIONAL_REPRESENTATION('',(#1108),#1111);
#1108 = B_SPLINE_CURVE_WITH_KNOTS('',1,(#1109,#1110),.UNSPECIFIED.,.F.,
  .F.,(2,2),(2.,3.),.PIECEWISE_BEZIER_KNOTS.);
#1109 = CARTESIAN_POINT('',(56.356354419169,-26.10237211176));
#1110 = CARTESIAN_POINT('',(74.027727786823,-2.6645352591E-15));
#1111 = ( GEOMETRIC_REPRESENTATION_CONTEXT(2) 
PARAMETRIC_REPRESENTATION_CONTEXT() REPRESENTATION_CONTEXT('2D SPACE',''
  ) );
#1112 = PCURVE('',#582,#1113);
#1113 = DEFINITIONAL_REPRESENTATION('',(#1114),#1118);
#1114 = LINE('',#1115,#1116);
#1115 = CARTESIAN_POINT('',(0.,1.));
#1116 = VECTOR('',#1117,1.);
#1117 = DIRECTION('',(1.,0.));
#1118 = ( GEOMETRIC_REPRESENTATION_CONTEXT(2) 
PARAMETRIC_REPRESENTATION_CONTEXT() REPRESENTATION_CONTEXT('2D SPACE',''
  ) );
#1119 = ORIENTED_EDGE('',*,*,#1120,.T.);
#1120 = EDGE_CURVE('',#1100,#1121,#1123,.T.);
#1121 = VERTEX_POINT('',#1122);
#1122 = CARTESIAN_POINT('',(32.64,0.,134.));
#1123 = SURFACE_CURVE('',#1124,(#1128,#1134),.PCURVE_S1.);
#1124 = LINE('',#1125,#1126);
#1125 = CARTESIAN_POINT('',(-66.8304,0.,134.));
#1126 = VECTOR('',#1127,1.);
#1127 = DIRECTION('',(-1.,0.,0.));
#1128 = PCURVE('',#334,#1129);
#1129 = DEFINITIONAL_REPRESENTATION('',(#1130),#1133);
#1130 = B_SPLINE_CURVE_WITH_KNOTS('',1,(#1131,#1132),.UNSPECIFIED.,.F.,
  .F.,(2,2),(-113.1405023255,-20.52029767441),.PIECEWISE_BEZIER_KNOTS.);
#1131 = CARTESIAN_POINT('',(74.027727786823,-19.03296877206));
#1132 = CARTESIAN_POINT('',(-2.66911015517,32.890988697709));
#1133 = ( GEOMETRIC_REPRESENTATION_CONTEXT(2) 
PARAMETRIC_REPRESENTATION_CONTEXT() REPRESENTATION_CONTEXT('2D SPACE',''
  ) );
#1134 = PCURVE('',#722,#1135);
#1135 = DEFINITIONAL_REPRESENTATION('',(#1136),#1139);
#1136 = B_SPLINE_CURVE_WITH_KNOTS('',1,(#1137,#1138),.UNSPECIFIED.,.F.,
  .F.,(2,2),(-113.1405023255,-20.52029767441),.PIECEWISE_BEZIER_KNOTS.);
#1137 = CARTESIAN_POINT('',(294.8,154.31010232558));
#1138 = CARTESIAN_POINT('',(294.8,61.689897674419));
#1139 = ( GEOMETRIC_REPRESENTATION_CONTEXT(2) 
PARAMETRIC_REPRESENTATION_CONTEXT() REPRESENTATION_CONTEXT('2D SPACE',''
  ) );
#1140 = ORIENTED_EDGE('',*,*,#1141,.F.);
#1141 = EDGE_CURVE('',#1142,#1121,#1144,.T.);
#1142 = VERTEX_POINT('',#1143);
#1143 = CARTESIAN_POINT('',(32.64,-13.6008,134.));
#1144 = SURFACE_CURVE('',#1145,(#1148,#1154),.PCURVE_S1.);
#1145 = B_SPLINE_CURVE_WITH_KNOTS('',1,(#1146,#1147),.UNSPECIFIED.,.F.,
  .F.,(2,2),(2.,3.),.PIECEWISE_BEZIER_KNOTS.);
#1146 = CARTESIAN_POINT('',(32.64,-13.6008,134.));
#1147 = CARTESIAN_POINT('',(32.64,13.6008,134.));
#1148 = PCURVE('',#334,#1149);
#1149 = DEFINITIONAL_REPRESENTATION('',(#1150),#1153);
#1150 = B_SPLINE_CURVE_WITH_KNOTS('',1,(#1151,#1152),.UNSPECIFIED.,.F.,
  .F.,(2,2),(2.,3.),.PIECEWISE_BEZIER_KNOTS.);
#1151 = CARTESIAN_POINT('',(55.083038665491,-22.6318869884));
#1152 = CARTESIAN_POINT('',(70.332570091483,-0.106815759938));
#1153 = ( GEOMETRIC_REPRESENTATION_CONTEXT(2) 
PARAMETRIC_REPRESENTATION_CONTEXT() REPRESENTATION_CONTEXT('2D SPACE',''
  ) );
#1154 = PCURVE('',#747,#1155);
#1155 = DEFINITIONAL_REPRESENTATION('',(#1156),#1160);
#1156 = LINE('',#1157,#1158);
#1157 = CARTESIAN_POINT('',(0.,1.));
#1158 = VECTOR('',#1159,1.);
#1159 = DIRECTION('',(1.,0.));
#1160 = ( GEOMETRIC_REPRESENTATION_CONTEXT(2) 
PARAMETRIC_REPRESENTATION_CONTEXT() REPRESENTATION_CONTEXT('2D SPACE',''
  ) );
#1161 = ORIENTED_EDGE('',*,*,#1162,.F.);
#1162 = EDGE_CURVE('',#1163,#1142,#1165,.T.);
#1163 = VERTEX_POINT('',#1164);
#1164 = CARTESIAN_POINT('',(23.5008,-22.74,134.));
#1165 = SURFACE_CURVE('',#1166,(#1169,#1175),.PCURVE_S1.);
#1166 = B_SPLINE_CURVE_WITH_KNOTS('',1,(#1167,#1168),.UNSPECIFIED.,.F.,
  .F.,(2,2),(1.,2.),.PIECEWISE_BEZIER_KNOTS.);
#1167 = CARTESIAN_POINT('',(23.5008,-22.74,134.));
#1168 = CARTESIAN_POINT('',(32.64,-13.6008,134.));
#1169 = PCURVE('',#334,#1170);
#1170 = DEFINITIONAL_REPRESENTATION('',(#1171),#1174);
#1171 = B_SPLINE_CURVE_WITH_KNOTS('',1,(#1172,#1173),.UNSPECIFIED.,.F.,
  .F.,(2,2),(1.,2.),.PIECEWISE_BEZIER_KNOTS.);
#1172 = CARTESIAN_POINT('',(42.391518733587,-25.07632457159));
#1173 = CARTESIAN_POINT('',(55.083038665491,-22.6318869884));
#1174 = ( GEOMETRIC_REPRESENTATION_CONTEXT(2) 
PARAMETRIC_REPRESENTATION_CONTEXT() REPRESENTATION_CONTEXT('2D SPACE',''
  ) );
#1175 = PCURVE('',#441,#1176);
#1176 = DEFINITIONAL_REPRESENTATION('',(#1177),#1181);
#1177 = LINE('',#1178,#1179);
#1178 = CARTESIAN_POINT('',(0.,1.));
#1179 = VECTOR('',#1180,1.);
#1180 = DIRECTION('',(1.,0.));
#1181 = ( GEOMETRIC_REPRESENTATION_CONTEXT(2) 
PARAMETRIC_REPRESENTATION_CONTEXT() REPRESENTATION_CONTEXT('2D SPACE',''
  ) );
#1182 = ORIENTED_EDGE('',*,*,#1183,.F.);
#1183 = EDGE_CURVE('',#1184,#1163,#1186,.T.);
#1184 = VERTEX_POINT('',#1185);
#1185 = CARTESIAN_POINT('',(-23.5008,-22.74,134.));
#1186 = SURFACE_CURVE('',#1187,(#1190,#1196),.PCURVE_S1.);
#1187 = B_SPLINE_CURVE_WITH_KNOTS('',1,(#1188,#1189),.UNSPECIFIED.,.F.,
  .F.,(2,2),(0.,1.),.PIECEWISE_BEZIER_KNOTS.);
#1188 = CARTESIAN_POINT('',(-23.5008,-22.74,134.));
#1189 = CARTESIAN_POINT('',(23.5008,-22.74,134.));
#1190 = PCURVE('',#334,#1191);
#1191 = DEFINITIONAL_REPRESENTATION('',(#1192),#1195);
#1192 = B_SPLINE_CURVE_WITH_KNOTS('',1,(#1193,#1194),.UNSPECIFIED.,.F.,
  .F.,(2,2),(0.,1.),.PIECEWISE_BEZIER_KNOTS.);
#1193 = CARTESIAN_POINT('',(3.470485123356,1.273315753679));
#1194 = CARTESIAN_POINT('',(42.391518733587,-25.07632457159));
#1195 = ( GEOMETRIC_REPRESENTATION_CONTEXT(2) 
PARAMETRIC_REPRESENTATION_CONTEXT() REPRESENTATION_CONTEXT('2D SPACE',''
  ) );
#1196 = PCURVE('',#1197,#1208);
#1197 = ( BOUNDED_SURFACE() B_SPLINE_SURFACE(1,4,(
    (#1198,#1199,#1200,#1201,#1202)
    ,(#1203,#1204,#1205,#1206,#1207
)),.UNSPECIFIED.,.F.,.F.,.F.) B_SPLINE_SURFACE_WITH_KNOTS((2,2),(5,5),(
    0.,1.),(0.,1.),.PIECEWISE_BEZIER_KNOTS.) 
GEOMETRIC_REPRESENTATION_ITEM() RATIONAL_B_SPLINE_SURFACE((
    (1.,1.,1.,1.,1.)
,(1.,1.,1.,1.,1.))) REPRESENTATION_ITEM('') SURFACE() );
#1198 = CARTESIAN_POINT('',(-21.168,-20.4,-134.));
#1199 = CARTESIAN_POINT('',(-46.66777904233,-45.97848206407,
    -74.89946339855));
#1200 = CARTESIAN_POINT('',(-32.53141113837,-31.79848339497,
    4.704294879977));
#1201 = CARTESIAN_POINT('',(-43.05218077478,-42.3517245426,
    66.857252864212));
#1202 = CARTESIAN_POINT('',(-23.5008,-22.74,134.));
#1203 = CARTESIAN_POINT('',(21.168,-20.4,-134.));
#1204 = CARTESIAN_POINT('',(46.667779042337,-45.97848206407,
    -74.89946339855));
#1205 = CARTESIAN_POINT('',(32.531411138377,-31.79848339497,
    4.704294879977));
#1206 = CARTESIAN_POINT('',(43.052180774783,-42.3517245426,
    66.857252864212));
#1207 = CARTESIAN_POINT('',(23.5008,-22.74,134.));
#1208 = DEFINITIONAL_REPRESENTATION('',(#1209),#1213);
#1209 = LINE('',#1210,#1211);
#1210 = CARTESIAN_POINT('',(0.,1.));
#1211 = VECTOR('',#1212,1.);
#1212 = DIRECTION('',(1.,0.));
#1213 = ( GEOMETRIC_REPRESENTATION_CONTEXT(2) 
PARAMETRIC_REPRESENTATION_CONTEXT() REPRESENTATION_CONTEXT('2D SPACE',''
  ) );
#1214 = ORIENTED_EDGE('',*,*,#1215,.F.);
#1215 = EDGE_CURVE('',#1216,#1184,#1218,.T.);
#1216 = VERTEX_POINT('',#1217);
#1217 = CARTESIAN_POINT('',(-32.64,-13.6008,134.));
#1218 = SURFACE_CURVE('',#1219,(#1222,#1228),.PCURVE_S1.);
#1219 = B_SPLINE_CURVE_WITH_KNOTS('',1,(#1220,#1221),.UNSPECIFIED.,.F.,
  .F.,(2,2),(7.,8.),.PIECEWISE_BEZIER_KNOTS.);
#1220 = CARTESIAN_POINT('',(-32.64,-13.6008,134.));
#1221 = CARTESIAN_POINT('',(-23.5008,-22.74,134.));
#1222 = PCURVE('',#334,#1223);
#1223 = DEFINITIONAL_REPRESENTATION('',(#1224),#1227);
#1224 = B_SPLINE_CURVE_WITH_KNOTS('',1,(#1225,#1226),.UNSPECIFIED.,.F.,
  .F.,(2,2),(7.,8.),.PIECEWISE_BEZIER_KNOTS.);
#1225 = CARTESIAN_POINT('',(1.026047540169,13.964835685582));
#1226 = CARTESIAN_POINT('',(3.470485123356,1.273315753679));
#1227 = ( GEOMETRIC_REPRESENTATION_CONTEXT(2) 
PARAMETRIC_REPRESENTATION_CONTEXT() REPRESENTATION_CONTEXT('2D SPACE',''
  ) );
#1228 = PCURVE('',#519,#1229);
#1229 = DEFINITIONAL_REPRESENTATION('',(#1230),#1234);
#1230 = LINE('',#1231,#1232);
#1231 = CARTESIAN_POINT('',(0.,1.));
#1232 = VECTOR('',#1233,1.);
#1233 = DIRECTION('',(1.,0.));
#1234 = ( GEOMETRIC_REPRESENTATION_CONTEXT(2) 
PARAMETRIC_REPRESENTATION_CONTEXT() REPRESENTATION_CONTEXT('2D SPACE',''
  ) );
#1235 = ORIENTED_EDGE('',*,*,#1236,.F.);
#1236 = EDGE_CURVE('',#1237,#1216,#1239,.T.);
#1237 = VERTEX_POINT('',#1238);
#1238 = CARTESIAN_POINT('',(-32.64,0.,134.));
#1239 = SURFACE_CURVE('',#1240,(#1243,#1249),.PCURVE_S1.);
#1240 = B_SPLINE_CURVE_WITH_KNOTS('',1,(#1241,#1242),.UNSPECIFIED.,.F.,
  .F.,(2,2),(6.,7.),.PIECEWISE_BEZIER_KNOTS.);
#1241 = CARTESIAN_POINT('',(-32.64,13.6008,134.));
#1242 = CARTESIAN_POINT('',(-32.64,-13.6008,134.));
#1243 = PCURVE('',#334,#1244);
#1244 = DEFINITIONAL_REPRESENTATION('',(#1245),#1248);
#1245 = B_SPLINE_CURVE_WITH_KNOTS('',1,(#1246,#1247),.UNSPECIFIED.,.F.,
  .F.,(2,2),(6.,7.),.PIECEWISE_BEZIER_KNOTS.);
#1246 = CARTESIAN_POINT('',(16.275578966162,36.489906914053));
#1247 = CARTESIAN_POINT('',(1.026047540169,13.964835685582));
#1248 = ( GEOMETRIC_REPRESENTATION_CONTEXT(2) 
PARAMETRIC_REPRESENTATION_CONTEXT() REPRESENTATION_CONTEXT('2D SPACE',''
  ) );
#1249 = PCURVE('',#842,#1250);
#1250 = DEFINITIONAL_REPRESENTATION('',(#1251),#1255);
#1251 = LINE('',#1252,#1253);
#1252 = CARTESIAN_POINT('',(0.,1.));
#1253 = VECTOR('',#1254,1.);
#1254 = DIRECTION('',(1.,0.));
#1255 = ( GEOMETRIC_REPRESENTATION_CONTEXT(2) 
PARAMETRIC_REPRESENTATION_CONTEXT() REPRESENTATION_CONTEXT('2D SPACE',''
  ) );
#1256 = ORIENTED_EDGE('',*,*,#1257,.T.);
#1257 = EDGE_CURVE('',#1237,#909,#1258,.T.);
#1258 = SURFACE_CURVE('',#1259,(#1263,#1269),.PCURVE_S1.);
#1259 = LINE('',#1260,#1261);
#1260 = CARTESIAN_POINT('',(-66.8304,0.,134.));
#1261 = VECTOR('',#1262,1.);
#1262 = DIRECTION('',(-1.,0.,0.));
#1263 = PCURVE('',#334,#1264);
#1264 = DEFINITIONAL_REPRESENTATION('',(#1265),#1268);
#1265 = B_SPLINE_CURVE_WITH_KNOTS('',1,(#1266,#1267),.UNSPECIFIED.,.F.,
  .F.,(2,2),(-113.1405023255,-20.52029767441),.PIECEWISE_BEZIER_KNOTS.);
#1266 = CARTESIAN_POINT('',(74.027727786823,-19.03296877206));
#1267 = CARTESIAN_POINT('',(-2.66911015517,32.890988697709));
#1268 = ( GEOMETRIC_REPRESENTATION_CONTEXT(2) 
PARAMETRIC_REPRESENTATION_CONTEXT() REPRESENTATION_CONTEXT('2D SPACE',''
  ) );
#1269 = PCURVE('',#875,#1270);
#1270 = DEFINITIONAL_REPRESENTATION('',(#1271),#1274);
#1271 = B_SPLINE_CURVE_WITH_KNOTS('',1,(#1272,#1273),.UNSPECIFIED.,.F.,
  .F.,(2,2),(-113.1405023255,-20.52029767441),.PIECEWISE_BEZIER_KNOTS.);
#1272 = CARTESIAN_POINT('',(294.8,154.31010232558));
#1273 = CARTESIAN_POINT('',(294.8,61.689897674419));
#1274 = ( GEOMETRIC_REPRESENTATION_CONTEXT(2) 
PARAMETRIC_REPRESENTATION_CONTEXT() REPRESENTATION_CONTEXT('2D SPACE',''
  ) );
#1275 = ORIENTED_EDGE('',*,*,#1056,.T.);
#1276 = ADVANCED_FACE('',(#1277,#1396,#1534,#1672,#1810),#303,.T.);
#1277 = FACE_BOUND('',#1278,.T.);
#1278 = EDGE_LOOP('',(#1279,#1280,#1321,#1355,#1394,#1395));
#1279 = ORIENTED_EDGE('',*,*,#285,.F.);
#1280 = ORIENTED_EDGE('',*,*,#1281,.F.);
#1281 = EDGE_CURVE('',#1282,#246,#1284,.T.);
#1282 = VERTEX_POINT('',#1283);
#1283 = CARTESIAN_POINT('',(-30.5,-38.28308780049,-61.));
#1284 = SURFACE_CURVE('',#1285,(#1295,#1308),.PCURVE_S1.);
#1285 = B_SPLINE_CURVE_WITH_KNOTS('',8,(#1286,#1287,#1288,#1289,#1290,
    #1291,#1292,#1293,#1294),.UNSPECIFIED.,.F.,.F.,(9,9),(0.,1.),
  .PIECEWISE_BEZIER_KNOTS.);
#1286 = CARTESIAN_POINT('',(-30.5,-38.28308780049,-61.));
#1287 = CARTESIAN_POINT('',(-30.5,-37.83429909105,-67.5467579282));
#1288 = CARTESIAN_POINT('',(-30.5,-37.28312617989,-74.0840990259));
#1289 = CARTESIAN_POINT('',(-30.5,-36.61235787122,-80.61208605837));
#1290 = CARTESIAN_POINT('',(-30.5,-35.80132025319,-87.12699935966));
#1291 = CARTESIAN_POINT('',(-30.5,-34.82545789903,-93.62127822383));
#1292 = CARTESIAN_POINT('',(-30.5,-33.65581513285,-100.083447624));
#1293 = CARTESIAN_POINT('',(-30.5,-32.25850062132,-106.4980454276));
#1294 = CARTESIAN_POINT('',(-30.5,-30.59413580246,-112.8455419864));
#1295 = PCURVE('',#303,#1296);
#1296 = DEFINITIONAL_REPRESENTATION('',(#1297),#1307);
#1297 = B_SPLINE_CURVE_WITH_KNOTS('',8,(#1298,#1299,#1300,#1301,#1302,
    #1303,#1304,#1305,#1306),.UNSPECIFIED.,.F.,.F.,(9,9),(0.,1.),
  .PIECEWISE_BEZIER_KNOTS.);
#1298 = CARTESIAN_POINT('',(0.100422307078,0.280451550775));
#1299 = CARTESIAN_POINT('',(9.573809879147E-02,0.256637407297));
#1300 = CARTESIAN_POINT('',(8.985862093668E-02,0.232745345674));
#1301 = CARTESIAN_POINT('',(8.250671288215E-02,0.208736094884));
#1302 = CARTESIAN_POINT('',(7.325842706929E-02,0.184577928667));
#1303 = CARTESIAN_POINT('',(6.163126001407E-02,0.160245616136));
#1304 = CARTESIAN_POINT('',(4.665647343481E-02,0.135719430124));
#1305 = CARTESIAN_POINT('',(2.720071633339E-02,0.110984231625));
#1306 = CARTESIAN_POINT('',(0.,8.602863134298E-02));
#1307 = ( GEOMETRIC_REPRESENTATION_CONTEXT(2) 
PARAMETRIC_REPRESENTATION_CONTEXT() REPRESENTATION_CONTEXT('2D SPACE',''
  ) );
#1308 = PCURVE('',#269,#1309);
#1309 = DEFINITIONAL_REPRESENTATION('',(#1310),#1320);
#1310 = B_SPLINE_CURVE_WITH_KNOTS('',8,(#1311,#1312,#1313,#1314,#1315,
    #1316,#1317,#1318,#1319),.UNSPECIFIED.,.F.,.F.,(9,9),(0.,1.),
  .PIECEWISE_BEZIER_KNOTS.);
#1311 = CARTESIAN_POINT('',(52.,-103.7169121995));
#1312 = CARTESIAN_POINT('',(45.453242071796,-104.1657009089));
#1313 = CARTESIAN_POINT('',(38.915900974096,-104.7168738201));
#1314 = CARTESIAN_POINT('',(32.387913941624,-105.3876421287));
#1315 = CARTESIAN_POINT('',(25.873000640335,-106.1986797468));
#1316 = CARTESIAN_POINT('',(19.378721776162,-107.1745421009));
#1317 = CARTESIAN_POINT('',(12.916552375958,-108.3441848671));
#1318 = CARTESIAN_POINT('',(6.501954572398,-109.7414993786));
#1319 = CARTESIAN_POINT('',(0.154458013594,-111.4058641975));
#1320 = ( GEOMETRIC_REPRESENTATION_CONTEXT(2) 
PARAMETRIC_REPRESENTATION_CONTEXT() REPRESENTATION_CONTEXT('2D SPACE',''
  ) );
#1321 = ORIENTED_EDGE('',*,*,#1322,.F.);
#1322 = EDGE_CURVE('',#1323,#1282,#1325,.T.);
#1323 = VERTEX_POINT('',#1324);
#1324 = CARTESIAN_POINT('',(30.5,-38.28308780049,-61.));
#1325 = SURFACE_CURVE('',#1326,(#1332,#1341),.PCURVE_S1.);
#1326 = B_SPLINE_CURVE_WITH_KNOTS('',4,(#1327,#1328,#1329,#1330,#1331),
  .UNSPECIFIED.,.F.,.F.,(5,5),(0.,1.),.PIECEWISE_BEZIER_KNOTS.);
#1327 = CARTESIAN_POINT('',(30.5,-38.28308780049,-61.));
#1328 = CARTESIAN_POINT('',(15.25,-38.28308780049,-61.));
#1329 = CARTESIAN_POINT('',(3.552713678801E-13,-38.28308780049,-61.));
#1330 = CARTESIAN_POINT('',(-15.25,-38.28308780049,-61.));
#1331 = CARTESIAN_POINT('',(-30.5,-38.28308780049,-61.));
#1332 = PCURVE('',#303,#1333);
#1333 = DEFINITIONAL_REPRESENTATION('',(#1334),#1340);
#1334 = B_SPLINE_CURVE_WITH_KNOTS('',4,(#1335,#1336,#1337,#1338,#1339),
  .UNSPECIFIED.,.F.,.F.,(5,5),(0.,1.),.PIECEWISE_BEZIER_KNOTS.);
#1335 = CARTESIAN_POINT('',(0.899577692922,0.280451550775));
#1336 = CARTESIAN_POINT('',(0.699788846461,0.280451550775));
#1337 = CARTESIAN_POINT('',(0.5,0.280451550775));
#1338 = CARTESIAN_POINT('',(0.300211153539,0.280451550775));
#1339 = CARTESIAN_POINT('',(0.100422307078,0.280451550775));
#1340 = ( GEOMETRIC_REPRESENTATION_CONTEXT(2) 
PARAMETRIC_REPRESENTATION_CONTEXT() REPRESENTATION_CONTEXT('2D SPACE',''
  ) );
#1341 = PCURVE('',#1342,#1347);
#1342 = PLANE('',#1343);
#1343 = AXIS2_PLACEMENT_3D('',#1344,#1345,#1346);
#1344 = CARTESIAN_POINT('',(-30.5,-142.,-61.));
#1345 = DIRECTION('',(0.,0.,1.));
#1346 = DIRECTION('',(1.,0.,0.));
#1347 = DEFINITIONAL_REPRESENTATION('',(#1348),#1354);
#1348 = B_SPLINE_CURVE_WITH_KNOTS('',4,(#1349,#1350,#1351,#1352,#1353),
  .UNSPECIFIED.,.F.,.F.,(5,5),(0.,1.),.PIECEWISE_BEZIER_KNOTS.);
#1349 = CARTESIAN_POINT('',(61.,103.7169121995));
#1350 = CARTESIAN_POINT('',(45.75,103.7169121995));
#1351 = CARTESIAN_POINT('',(30.5,103.7169121995));
#1352 = CARTESIAN_POINT('',(15.25,103.7169121995));
#1353 = CARTESIAN_POINT('',(0.,103.7169121995));
#1354 = ( GEOMETRIC_REPRESENTATION_CONTEXT(2) 
PARAMETRIC_REPRESENTATION_CONTEXT() REPRESENTATION_CONTEXT('2D SPACE',''
  ) );
#1355 = ORIENTED_EDGE('',*,*,#1356,.F.);
#1356 = EDGE_CURVE('',#622,#1323,#1357,.T.);
#1357 = SURFACE_CURVE('',#1358,(#1368,#1381),.PCURVE_S1.);
#1358 = B_SPLINE_CURVE_WITH_KNOTS('',8,(#1359,#1360,#1361,#1362,#1363,
    #1364,#1365,#1366,#1367),.UNSPECIFIED.,.F.,.F.,(9,9),(0.,1.),
  .PIECEWISE_BEZIER_KNOTS.);
#1359 = CARTESIAN_POINT('',(30.5,-30.59413580246,-112.8455419864));
#1360 = CARTESIAN_POINT('',(30.5,-32.25850073699,-106.4980449864));
#1361 = CARTESIAN_POINT('',(30.5,-33.65581513527,-100.083447464));
#1362 = CARTESIAN_POINT('',(30.5,-34.82545783735,-93.62127847925));
#1363 = CARTESIAN_POINT('',(30.5,-35.80132019848,-87.12699979341));
#1364 = CARTESIAN_POINT('',(30.5,-36.6123578604,-80.61208630696));
#1365 = CARTESIAN_POINT('',(30.5,-37.28312620665,-74.0840988494));
#1366 = CARTESIAN_POINT('',(30.5,-37.83429912303,-67.54675746176));
#1367 = CARTESIAN_POINT('',(30.5,-38.28308780049,-61.));
#1368 = PCURVE('',#303,#1369);
#1369 = DEFINITIONAL_REPRESENTATION('',(#1370),#1380);
#1370 = B_SPLINE_CURVE_WITH_KNOTS('',8,(#1371,#1372,#1373,#1374,#1375,
    #1376,#1377,#1378,#1379),.UNSPECIFIED.,.F.,.F.,(9,9),(0.,1.),
  .PIECEWISE_BEZIER_KNOTS.);
#1371 = CARTESIAN_POINT('',(1.,8.602863134298E-02));
#1372 = CARTESIAN_POINT('',(0.972799281776,0.110984233359));
#1373 = CARTESIAN_POINT('',(0.953343526176,0.135719430686));
#1374 = CARTESIAN_POINT('',(0.938368743062,0.160245615143));
#1375 = CARTESIAN_POINT('',(0.926741570332,0.18457792706));
#1376 = CARTESIAN_POINT('',(0.917493289396,0.208736093991));
#1377 = CARTESIAN_POINT('',(0.910141378114,0.232745346332));
#1378 = CARTESIAN_POINT('',(0.904261900875,0.256637408994));
#1379 = CARTESIAN_POINT('',(0.899577692922,0.280451550775));
#1380 = ( GEOMETRIC_REPRESENTATION_CONTEXT(2) 
PARAMETRIC_REPRESENTATION_CONTEXT() REPRESENTATION_CONTEXT('2D SPACE',''
  ) );
#1381 = PCURVE('',#409,#1382);
#1382 = DEFINITIONAL_REPRESENTATION('',(#1383),#1393);
#1383 = B_SPLINE_CURVE_WITH_KNOTS('',8,(#1384,#1385,#1386,#1387,#1388,
    #1389,#1390,#1391,#1392),.UNSPECIFIED.,.F.,.F.,(9,9),(0.,1.),
  .PIECEWISE_BEZIER_KNOTS.);
#1384 = CARTESIAN_POINT('',(0.154458013594,-111.4058641975));
#1385 = CARTESIAN_POINT('',(6.501955013539,-109.741499263));
#1386 = CARTESIAN_POINT('',(12.916552535992,-108.3441848647));
#1387 = CARTESIAN_POINT('',(19.378721520745,-107.1745421626));
#1388 = CARTESIAN_POINT('',(25.873000206586,-106.1986798015));
#1389 = CARTESIAN_POINT('',(32.387913693032,-105.3876421395));
#1390 = CARTESIAN_POINT('',(38.915901150598,-104.7168737933));
#1391 = CARTESIAN_POINT('',(45.453242538231,-104.1657008769));
#1392 = CARTESIAN_POINT('',(52.,-103.7169121995));
#1393 = ( GEOMETRIC_REPRESENTATION_CONTEXT(2) 
PARAMETRIC_REPRESENTATION_CONTEXT() REPRESENTATION_CONTEXT('2D SPACE',''
  ) );
#1394 = ORIENTED_EDGE('',*,*,#621,.T.);
#1395 = ORIENTED_EDGE('',*,*,#1079,.F.);
#1396 = FACE_BOUND('',#1397,.T.);
#1397 = EDGE_LOOP('',(#1398,#1434,#1468,#1502));
#1398 = ORIENTED_EDGE('',*,*,#1399,.F.);
#1399 = EDGE_CURVE('',#1400,#1402,#1404,.T.);
#1400 = VERTEX_POINT('',#1401);
#1401 = CARTESIAN_POINT('',(-24.,-39.40694449642,-37.));
#1402 = VERTEX_POINT('',#1403);
#1403 = CARTESIAN_POINT('',(-24.,-39.21297017649,-43.));
#1404 = SURFACE_CURVE('',#1405,(#1411,#1420),.PCURVE_S1.);
#1405 = B_SPLINE_CURVE_WITH_KNOTS('',4,(#1406,#1407,#1408,#1409,#1410),
  .UNSPECIFIED.,.F.,.F.,(5,5),(0.,1.),.PIECEWISE_BEZIER_KNOTS.);
#1406 = CARTESIAN_POINT('',(-24.,-39.40694449642,-37.));
#1407 = CARTESIAN_POINT('',(-24.,-39.36464924016,-38.50019202609));
#1408 = CARTESIAN_POINT('',(-24.,-39.31837105515,-40.0002717056));
#1409 = CARTESIAN_POINT('',(-24.,-39.26789408004,-41.50021726762));
#1410 = CARTESIAN_POINT('',(-24.,-39.21297017649,-43.));
#1411 = PCURVE('',#303,#1412);
#1412 = DEFINITIONAL_REPRESENTATION('',(#1413),#1419);
#1413 = B_SPLINE_CURVE_WITH_KNOTS('',4,(#1414,#1415,#1416,#1417,#1418),
  .UNSPECIFIED.,.F.,.F.,(5,5),(0.,1.),.PIECEWISE_BEZIER_KNOTS.);
#1414 = CARTESIAN_POINT('',(0.194545284065,0.367287906457));
#1415 = CARTESIAN_POINT('',(0.194217441202,0.361877882105));
#1416 = CARTESIAN_POINT('',(0.193857786012,0.356466961852));
#1417 = CARTESIAN_POINT('',(0.193464248483,0.351054647239));
#1418 = CARTESIAN_POINT('',(0.193034294958,0.34564041204));
#1419 = ( GEOMETRIC_REPRESENTATION_CONTEXT(2) 
PARAMETRIC_REPRESENTATION_CONTEXT() REPRESENTATION_CONTEXT('2D SPACE',''
  ) );
#1420 = PCURVE('',#1421,#1426);
#1421 = PLANE('',#1422);
#1422 = AXIS2_PLACEMENT_3D('',#1423,#1424,#1425);
#1423 = CARTESIAN_POINT('',(-24.,-60.,-43.));
#1424 = DIRECTION('',(1.,0.,0.));
#1425 = DIRECTION('',(0.,0.,1.));
#1426 = DEFINITIONAL_REPRESENTATION('',(#1427),#1433);
#1427 = B_SPLINE_CURVE_WITH_KNOTS('',4,(#1428,#1429,#1430,#1431,#1432),
  .UNSPECIFIED.,.F.,.F.,(5,5),(0.,1.),.PIECEWISE_BEZIER_KNOTS.);
#1428 = CARTESIAN_POINT('',(6.,-20.59305550357));
#1429 = CARTESIAN_POINT('',(4.49980797391,-20.63535075983));
#1430 = CARTESIAN_POINT('',(2.999728294394,-20.68162894485));
#1431 = CARTESIAN_POINT('',(1.499782732377,-20.73210591995));
#1432 = CARTESIAN_POINT('',(0.,-20.7870298235));
#1433 = ( GEOMETRIC_REPRESENTATION_CONTEXT(2) 
PARAMETRIC_REPRESENTATION_CONTEXT() REPRESENTATION_CONTEXT('2D SPACE',''
  ) );
#1434 = ORIENTED_EDGE('',*,*,#1435,.F.);
#1435 = EDGE_CURVE('',#1436,#1400,#1438,.T.);
#1436 = VERTEX_POINT('',#1437);
#1437 = CARTESIAN_POINT('',(24.,-39.40694449642,-37.));
#1438 = SURFACE_CURVE('',#1439,(#1445,#1454),.PCURVE_S1.);
#1439 = B_SPLINE_CURVE_WITH_KNOTS('',4,(#1440,#1441,#1442,#1443,#1444),
  .UNSPECIFIED.,.F.,.F.,(5,5),(0.,1.),.PIECEWISE_BEZIER_KNOTS.);
#1440 = CARTESIAN_POINT('',(24.,-39.40694449642,-37.));
#1441 = CARTESIAN_POINT('',(12.,-39.40694449642,-37.));
#1442 = CARTESIAN_POINT('',(6.039613253961E-14,-39.40694449642,-37.));
#1443 = CARTESIAN_POINT('',(-12.,-39.40694449642,-37.));
#1444 = CARTESIAN_POINT('',(-24.,-39.40694449642,-37.));
#1445 = PCURVE('',#303,#1446);
#1446 = DEFINITIONAL_REPRESENTATION('',(#1447),#1453);
#1447 = B_SPLINE_CURVE_WITH_KNOTS('',4,(#1448,#1449,#1450,#1451,#1452),
  .UNSPECIFIED.,.F.,.F.,(5,5),(0.,1.),.PIECEWISE_BEZIER_KNOTS.);
#1448 = CARTESIAN_POINT('',(0.805454715935,0.367287906457));
#1449 = CARTESIAN_POINT('',(0.652727357968,0.367287906457));
#1450 = CARTESIAN_POINT('',(0.5,0.367287906457));
#1451 = CARTESIAN_POINT('',(0.347272642032,0.367287906457));
#1452 = CARTESIAN_POINT('',(0.194545284065,0.367287906457));
#1453 = ( GEOMETRIC_REPRESENTATION_CONTEXT(2) 
PARAMETRIC_REPRESENTATION_CONTEXT() REPRESENTATION_CONTEXT('2D SPACE',''
  ) );
#1454 = PCURVE('',#1455,#1460);
#1455 = PLANE('',#1456);
#1456 = AXIS2_PLACEMENT_3D('',#1457,#1458,#1459);
#1457 = CARTESIAN_POINT('',(-24.,-60.,-37.));
#1458 = DIRECTION('',(0.,0.,1.));
#1459 = DIRECTION('',(1.,0.,0.));
#1460 = DEFINITIONAL_REPRESENTATION('',(#1461),#1467);
#1461 = B_SPLINE_CURVE_WITH_KNOTS('',4,(#1462,#1463,#1464,#1465,#1466),
  .UNSPECIFIED.,.F.,.F.,(5,5),(0.,1.),.PIECEWISE_BEZIER_KNOTS.);
#1462 = CARTESIAN_POINT('',(48.,20.593055503578));
#1463 = CARTESIAN_POINT('',(36.,20.593055503578));
#1464 = CARTESIAN_POINT('',(24.,20.593055503578));
#1465 = CARTESIAN_POINT('',(12.,20.593055503578));
#1466 = CARTESIAN_POINT('',(0.,20.593055503578));
#1467 = ( GEOMETRIC_REPRESENTATION_CONTEXT(2) 
PARAMETRIC_REPRESENTATION_CONTEXT() REPRESENTATION_CONTEXT('2D SPACE',''
  ) );
#1468 = ORIENTED_EDGE('',*,*,#1469,.F.);
#1469 = EDGE_CURVE('',#1470,#1436,#1472,.T.);
#1470 = VERTEX_POINT('',#1471);
#1471 = CARTESIAN_POINT('',(24.,-39.21297017649,-43.));
#1472 = SURFACE_CURVE('',#1473,(#1479,#1488),.PCURVE_S1.);
#1473 = B_SPLINE_CURVE_WITH_KNOTS('',4,(#1474,#1475,#1476,#1477,#1478),
  .UNSPECIFIED.,.F.,.F.,(5,5),(0.,1.),.PIECEWISE_BEZIER_KNOTS.);
#1474 = CARTESIAN_POINT('',(24.,-39.21297017649,-43.));
#1475 = CARTESIAN_POINT('',(24.,-39.26789408005,-41.50021726724));
#1476 = CARTESIAN_POINT('',(24.,-39.31837105514,-40.0002717059));
#1477 = CARTESIAN_POINT('',(24.,-39.36464924018,-38.50019202564));
#1478 = CARTESIAN_POINT('',(24.,-39.40694449642,-37.));
#1479 = PCURVE('',#303,#1480);
#1480 = DEFINITIONAL_REPRESENTATION('',(#1481),#1487);
#1481 = B_SPLINE_CURVE_WITH_KNOTS('',4,(#1482,#1483,#1484,#1485,#1486),
  .UNSPECIFIED.,.F.,.F.,(5,5),(0.,1.),.PIECEWISE_BEZIER_KNOTS.);
#1482 = CARTESIAN_POINT('',(0.806965705042,0.34564041204));
#1483 = CARTESIAN_POINT('',(0.806535751517,0.351054647241));
#1484 = CARTESIAN_POINT('',(0.806142213988,0.356466961851));
#1485 = CARTESIAN_POINT('',(0.805782558798,0.361877882107));
#1486 = CARTESIAN_POINT('',(0.805454715935,0.367287906457));
#1487 = ( GEOMETRIC_REPRESENTATION_CONTEXT(2) 
PARAMETRIC_REPRESENTATION_CONTEXT() REPRESENTATION_CONTEXT('2D SPACE',''
  ) );
#1488 = PCURVE('',#1489,#1494);
#1489 = PLANE('',#1490);
#1490 = AXIS2_PLACEMENT_3D('',#1491,#1492,#1493);
#1491 = CARTESIAN_POINT('',(24.,-60.,-43.));
#1492 = DIRECTION('',(1.,0.,0.));
#1493 = DIRECTION('',(0.,0.,1.));
#1494 = DEFINITIONAL_REPRESENTATION('',(#1495),#1501);
#1495 = B_SPLINE_CURVE_WITH_KNOTS('',4,(#1496,#1497,#1498,#1499,#1500),
  .UNSPECIFIED.,.F.,.F.,(5,5),(0.,1.),.PIECEWISE_BEZIER_KNOTS.);
#1496 = CARTESIAN_POINT('',(0.,-20.7870298235));
#1497 = CARTESIAN_POINT('',(1.49978273276,-20.73210591994));
#1498 = CARTESIAN_POINT('',(2.9997282941,-20.68162894485));
#1499 = CARTESIAN_POINT('',(4.499807974358,-20.63535075981));
#1500 = CARTESIAN_POINT('',(6.,-20.59305550357));
#1501 = ( GEOMETRIC_REPRESENTATION_CONTEXT(2) 
PARAMETRIC_REPRESENTATION_CONTEXT() REPRESENTATION_CONTEXT('2D SPACE',''
  ) );
#1502 = ORIENTED_EDGE('',*,*,#1503,.T.);
#1503 = EDGE_CURVE('',#1470,#1402,#1504,.T.);
#1504 = SURFACE_CURVE('',#1505,(#1511,#1520),.PCURVE_S1.);
#1505 = B_SPLINE_CURVE_WITH_KNOTS('',4,(#1506,#1507,#1508,#1509,#1510),
  .UNSPECIFIED.,.F.,.F.,(5,5),(0.,1.),.PIECEWISE_BEZIER_KNOTS.);
#1506 = CARTESIAN_POINT('',(24.,-39.21297017649,-43.));
#1507 = CARTESIAN_POINT('',(12.,-39.21297017649,-43.));
#1508 = CARTESIAN_POINT('',(1.527666881884E-13,-39.21297017649,-43.));
#1509 = CARTESIAN_POINT('',(-12.,-39.21297017649,-43.));
#1510 = CARTESIAN_POINT('',(-24.,-39.21297017649,-43.));
#1511 = PCURVE('',#303,#1512);
#1512 = DEFINITIONAL_REPRESENTATION('',(#1513),#1519);
#1513 = B_SPLINE_CURVE_WITH_KNOTS('',4,(#1514,#1515,#1516,#1517,#1518),
  .UNSPECIFIED.,.F.,.F.,(5,5),(0.,1.),.PIECEWISE_BEZIER_KNOTS.);
#1514 = CARTESIAN_POINT('',(0.806965705042,0.34564041204));
#1515 = CARTESIAN_POINT('',(0.653482852521,0.34564041204));
#1516 = CARTESIAN_POINT('',(0.5,0.34564041204));
#1517 = CARTESIAN_POINT('',(0.346517147479,0.34564041204));
#1518 = CARTESIAN_POINT('',(0.193034294958,0.34564041204));
#1519 = ( GEOMETRIC_REPRESENTATION_CONTEXT(2) 
PARAMETRIC_REPRESENTATION_CONTEXT() REPRESENTATION_CONTEXT('2D SPACE',''
  ) );
#1520 = PCURVE('',#1521,#1526);
#1521 = PLANE('',#1522);
#1522 = AXIS2_PLACEMENT_3D('',#1523,#1524,#1525);
#1523 = CARTESIAN_POINT('',(-24.,-60.,-43.));
#1524 = DIRECTION('',(0.,0.,1.));
#1525 = DIRECTION('',(1.,0.,0.));
#1526 = DEFINITIONAL_REPRESENTATION('',(#1527),#1533);
#1527 = B_SPLINE_CURVE_WITH_KNOTS('',4,(#1528,#1529,#1530,#1531,#1532),
  .UNSPECIFIED.,.F.,.F.,(5,5),(0.,1.),.PIECEWISE_BEZIER_KNOTS.);
#1528 = CARTESIAN_POINT('',(48.,20.787029823501));
#1529 = CARTESIAN_POINT('',(36.,20.787029823501));
#1530 = CARTESIAN_POINT('',(24.,20.787029823501));
#1531 = CARTESIAN_POINT('',(12.,20.787029823501));
#1532 = CARTESIAN_POINT('',(0.,20.787029823501));
#1533 = ( GEOMETRIC_REPRESENTATION_CONTEXT(2) 
PARAMETRIC_REPRESENTATION_CONTEXT() REPRESENTATION_CONTEXT('2D SPACE',''
  ) );
#1534 = FACE_BOUND('',#1535,.T.);
#1535 = EDGE_LOOP('',(#1536,#1572,#1606,#1640));
#1536 = ORIENTED_EDGE('',*,*,#1537,.F.);
#1537 = EDGE_CURVE('',#1538,#1540,#1542,.T.);
#1538 = VERTEX_POINT('',#1539);
#1539 = CARTESIAN_POINT('',(-24.,-39.75096324026,-11.));
#1540 = VERTEX_POINT('',#1541);
#1541 = CARTESIAN_POINT('',(-24.,-39.73355233705,-17.));
#1542 = SURFACE_CURVE('',#1543,(#1549,#1558),.PCURVE_S1.);
#1543 = B_SPLINE_CURVE_WITH_KNOTS('',4,(#1544,#1545,#1546,#1547,#1548),
  .UNSPECIFIED.,.F.,.F.,(5,5),(0.,1.),.PIECEWISE_BEZIER_KNOTS.);
#1544 = CARTESIAN_POINT('',(-24.,-39.75096324026,-11.));
#1545 = CARTESIAN_POINT('',(-24.,-39.75070540923,-12.50000819088));
#1546 = CARTESIAN_POINT('',(-24.,-39.74778230195,-14.00001591849));
#1547 = CARTESIAN_POINT('',(-24.,-39.74210387454,-15.50001613632));
#1548 = CARTESIAN_POINT('',(-24.,-39.73355233705,-17.));
#1549 = PCURVE('',#303,#1550);
#1550 = DEFINITIONAL_REPRESENTATION('',(#1551),#1557);
#1551 = B_SPLINE_CURVE_WITH_KNOTS('',4,(#1552,#1553,#1554,#1555,#1556),
  .UNSPECIFIED.,.F.,.F.,(5,5),(0.,1.),.PIECEWISE_BEZIER_KNOTS.);
#1552 = CARTESIAN_POINT('',(0.197188796048,0.461073868516));
#1553 = CARTESIAN_POINT('',(0.197186831967,0.455652808194));
#1554 = CARTESIAN_POINT('',(0.197164564324,0.450234564921));
#1555 = CARTESIAN_POINT('',(0.197121306978,0.444818785191));
#1556 = CARTESIAN_POINT('',(0.197056106765,0.43940507913));
#1557 = ( GEOMETRIC_REPRESENTATION_CONTEXT(2) 
PARAMETRIC_REPRESENTATION_CONTEXT() REPRESENTATION_CONTEXT('2D SPACE',''
  ) );
#1558 = PCURVE('',#1559,#1564);
#1559 = PLANE('',#1560);
#1560 = AXIS2_PLACEMENT_3D('',#1561,#1562,#1563);
#1561 = CARTESIAN_POINT('',(-24.,-60.,-17.));
#1562 = DIRECTION('',(1.,0.,0.));
#1563 = DIRECTION('',(0.,0.,1.));
#1564 = DEFINITIONAL_REPRESENTATION('',(#1565),#1571);
#1565 = B_SPLINE_CURVE_WITH_KNOTS('',4,(#1566,#1567,#1568,#1569,#1570),
  .UNSPECIFIED.,.F.,.F.,(5,5),(0.,1.),.PIECEWISE_BEZIER_KNOTS.);
#1566 = CARTESIAN_POINT('',(6.,-20.24903675973));
#1567 = CARTESIAN_POINT('',(4.499991809114,-20.24929459076));
#1568 = CARTESIAN_POINT('',(2.999984081504,-20.25221769804));
#1569 = CARTESIAN_POINT('',(1.499983863675,-20.25789612545));
#1570 = CARTESIAN_POINT('',(0.,-20.26644766294));
#1571 = ( GEOMETRIC_REPRESENTATION_CONTEXT(2) 
PARAMETRIC_REPRESENTATION_CONTEXT() REPRESENTATION_CONTEXT('2D SPACE',''
  ) );
#1572 = ORIENTED_EDGE('',*,*,#1573,.F.);
#1573 = EDGE_CURVE('',#1574,#1538,#1576,.T.);
#1574 = VERTEX_POINT('',#1575);
#1575 = CARTESIAN_POINT('',(24.,-39.75096324026,-11.));
#1576 = SURFACE_CURVE('',#1577,(#1583,#1592),.PCURVE_S1.);
#1577 = B_SPLINE_CURVE_WITH_KNOTS('',4,(#1578,#1579,#1580,#1581,#1582),
  .UNSPECIFIED.,.F.,.F.,(5,5),(0.,1.),.PIECEWISE_BEZIER_KNOTS.);
#1578 = CARTESIAN_POINT('',(24.,-39.75096324026,-11.));
#1579 = CARTESIAN_POINT('',(12.,-39.75096324026,-11.));
#1580 = CARTESIAN_POINT('',(-7.460698725481E-14,-39.75096324026,-11.));
#1581 = CARTESIAN_POINT('',(-12.,-39.75096324026,-11.));
#1582 = CARTESIAN_POINT('',(-24.,-39.75096324026,-11.));
#1583 = PCURVE('',#303,#1584);
#1584 = DEFINITIONAL_REPRESENTATION('',(#1585),#1591);
#1585 = B_SPLINE_CURVE_WITH_KNOTS('',4,(#1586,#1587,#1588,#1589,#1590),
  .UNSPECIFIED.,.F.,.F.,(5,5),(0.,1.),.PIECEWISE_BEZIER_KNOTS.);
#1586 = CARTESIAN_POINT('',(0.802811203952,0.461073868516));
#1587 = CARTESIAN_POINT('',(0.651405601976,0.461073868516));
#1588 = CARTESIAN_POINT('',(0.5,0.461073868516));
#1589 = CARTESIAN_POINT('',(0.348594398024,0.461073868516));
#1590 = CARTESIAN_POINT('',(0.197188796048,0.461073868516));
#1591 = ( GEOMETRIC_REPRESENTATION_CONTEXT(2) 
PARAMETRIC_REPRESENTATION_CONTEXT() REPRESENTATION_CONTEXT('2D SPACE',''
  ) );
#1592 = PCURVE('',#1593,#1598);
#1593 = PLANE('',#1594);
#1594 = AXIS2_PLACEMENT_3D('',#1595,#1596,#1597);
#1595 = CARTESIAN_POINT('',(-24.,-60.,-11.));
#1596 = DIRECTION('',(0.,0.,1.));
#1597 = DIRECTION('',(1.,0.,0.));
#1598 = DEFINITIONAL_REPRESENTATION('',(#1599),#1605);
#1599 = B_SPLINE_CURVE_WITH_KNOTS('',4,(#1600,#1601,#1602,#1603,#1604),
  .UNSPECIFIED.,.F.,.F.,(5,5),(0.,1.),.PIECEWISE_BEZIER_KNOTS.);
#1600 = CARTESIAN_POINT('',(48.,20.249036759734));
#1601 = CARTESIAN_POINT('',(36.,20.249036759734));
#1602 = CARTESIAN_POINT('',(24.,20.249036759734));
#1603 = CARTESIAN_POINT('',(12.,20.249036759734));
#1604 = CARTESIAN_POINT('',(0.,20.249036759734));
#1605 = ( GEOMETRIC_REPRESENTATION_CONTEXT(2) 
PARAMETRIC_REPRESENTATION_CONTEXT() REPRESENTATION_CONTEXT('2D SPACE',''
  ) );
#1606 = ORIENTED_EDGE('',*,*,#1607,.F.);
#1607 = EDGE_CURVE('',#1608,#1574,#1610,.T.);
#1608 = VERTEX_POINT('',#1609);
#1609 = CARTESIAN_POINT('',(24.,-39.73355233705,-17.));
#1610 = SURFACE_CURVE('',#1611,(#1617,#1626),.PCURVE_S1.);
#1611 = B_SPLINE_CURVE_WITH_KNOTS('',4,(#1612,#1613,#1614,#1615,#1616),
  .UNSPECIFIED.,.F.,.F.,(5,5),(0.,1.),.PIECEWISE_BEZIER_KNOTS.);
#1612 = CARTESIAN_POINT('',(24.,-39.73355233705,-17.));
#1613 = CARTESIAN_POINT('',(24.,-39.74210387454,-15.50001613609));
#1614 = CARTESIAN_POINT('',(24.,-39.74778230195,-14.00001591837));
#1615 = CARTESIAN_POINT('',(24.,-39.75070540923,-12.50000819154));
#1616 = CARTESIAN_POINT('',(24.,-39.75096324026,-11.));
#1617 = PCURVE('',#303,#1618);
#1618 = DEFINITIONAL_REPRESENTATION('',(#1619),#1625);
#1619 = B_SPLINE_CURVE_WITH_KNOTS('',4,(#1620,#1621,#1622,#1623,#1624),
  .UNSPECIFIED.,.F.,.F.,(5,5),(0.,1.),.PIECEWISE_BEZIER_KNOTS.);
#1620 = CARTESIAN_POINT('',(0.802943893235,0.43940507913));
#1621 = CARTESIAN_POINT('',(0.802878693022,0.444818785192));
#1622 = CARTESIAN_POINT('',(0.802835435676,0.450234564921));
#1623 = CARTESIAN_POINT('',(0.802813168033,0.455652808192));
#1624 = CARTESIAN_POINT('',(0.802811203952,0.461073868516));
#1625 = ( GEOMETRIC_REPRESENTATION_CONTEXT(2) 
PARAMETRIC_REPRESENTATION_CONTEXT() REPRESENTATION_CONTEXT('2D SPACE',''
  ) );
#1626 = PCURVE('',#1627,#1632);
#1627 = PLANE('',#1628);
#1628 = AXIS2_PLACEMENT_3D('',#1629,#1630,#1631);
#1629 = CARTESIAN_POINT('',(24.,-60.,-17.));
#1630 = DIRECTION('',(1.,0.,0.));
#1631 = DIRECTION('',(0.,0.,1.));
#1632 = DEFINITIONAL_REPRESENTATION('',(#1633),#1639);
#1633 = B_SPLINE_CURVE_WITH_KNOTS('',4,(#1634,#1635,#1636,#1637,#1638),
  .UNSPECIFIED.,.F.,.F.,(5,5),(0.,1.),.PIECEWISE_BEZIER_KNOTS.);
#1634 = CARTESIAN_POINT('',(0.,-20.26644766294));
#1635 = CARTESIAN_POINT('',(1.499983863909,-20.25789612545));
#1636 = CARTESIAN_POINT('',(2.99998408163,-20.25221769804));
#1637 = CARTESIAN_POINT('',(4.499991808453,-20.24929459076));
#1638 = CARTESIAN_POINT('',(6.,-20.24903675973));
#1639 = ( GEOMETRIC_REPRESENTATION_CONTEXT(2) 
PARAMETRIC_REPRESENTATION_CONTEXT() REPRESENTATION_CONTEXT('2D SPACE',''
  ) );
#1640 = ORIENTED_EDGE('',*,*,#1641,.T.);
#1641 = EDGE_CURVE('',#1608,#1540,#1642,.T.);
#1642 = SURFACE_CURVE('',#1643,(#1649,#1658),.PCURVE_S1.);
#1643 = B_SPLINE_CURVE_WITH_KNOTS('',4,(#1644,#1645,#1646,#1647,#1648),
  .UNSPECIFIED.,.F.,.F.,(5,5),(0.,1.),.PIECEWISE_BEZIER_KNOTS.);
#1644 = CARTESIAN_POINT('',(24.,-39.73355233705,-17.));
#1645 = CARTESIAN_POINT('',(12.,-39.73355233705,-17.));
#1646 = CARTESIAN_POINT('',(-2.273736754432E-13,-39.73355233705,-17.));
#1647 = CARTESIAN_POINT('',(-12.,-39.73355233705,-17.));
#1648 = CARTESIAN_POINT('',(-24.,-39.73355233705,-17.));
#1649 = PCURVE('',#303,#1650);
#1650 = DEFINITIONAL_REPRESENTATION('',(#1651),#1657);
#1651 = B_SPLINE_CURVE_WITH_KNOTS('',4,(#1652,#1653,#1654,#1655,#1656),
  .UNSPECIFIED.,.F.,.F.,(5,5),(0.,1.),.PIECEWISE_BEZIER_KNOTS.);
#1652 = CARTESIAN_POINT('',(0.802943893235,0.43940507913));
#1653 = CARTESIAN_POINT('',(0.651471946617,0.43940507913));
#1654 = CARTESIAN_POINT('',(0.5,0.43940507913));
#1655 = CARTESIAN_POINT('',(0.348528053383,0.43940507913));
#1656 = CARTESIAN_POINT('',(0.197056106765,0.43940507913));
#1657 = ( GEOMETRIC_REPRESENTATION_CONTEXT(2) 
PARAMETRIC_REPRESENTATION_CONTEXT() REPRESENTATION_CONTEXT('2D SPACE',''
  ) );
#1658 = PCURVE('',#1659,#1664);
#1659 = PLANE('',#1660);
#1660 = AXIS2_PLACEMENT_3D('',#1661,#1662,#1663);
#1661 = CARTESIAN_POINT('',(-24.,-60.,-17.));
#1662 = DIRECTION('',(0.,0.,1.));
#1663 = DIRECTION('',(1.,0.,0.));
#1664 = DEFINITIONAL_REPRESENTATION('',(#1665),#1671);
#1665 = B_SPLINE_CURVE_WITH_KNOTS('',4,(#1666,#1667,#1668,#1669,#1670),
  .UNSPECIFIED.,.F.,.F.,(5,5),(0.,1.),.PIECEWISE_BEZIER_KNOTS.);
#1666 = CARTESIAN_POINT('',(48.,20.266447662944));
#1667 = CARTESIAN_POINT('',(36.,20.266447662944));
#1668 = CARTESIAN_POINT('',(24.,20.266447662944));
#1669 = CARTESIAN_POINT('',(12.,20.266447662944));
#1670 = CARTESIAN_POINT('',(0.,20.266447662944));
#1671 = ( GEOMETRIC_REPRESENTATION_CONTEXT(2) 
PARAMETRIC_REPRESENTATION_CONTEXT() REPRESENTATION_CONTEXT('2D SPACE',''
  ) );
#1672 = FACE_BOUND('',#1673,.T.);
#1673 = EDGE_LOOP('',(#1674,#1710,#1744,#1778));
#1674 = ORIENTED_EDGE('',*,*,#1675,.F.);
#1675 = EDGE_CURVE('',#1676,#1678,#1680,.T.);
#1676 = VERTEX_POINT('',#1677);
#1677 = CARTESIAN_POINT('',(-24.,-39.47471875419,15.));
#1678 = VERTEX_POINT('',#1679);
#1679 = CARTESIAN_POINT('',(-24.,-39.5866506347,9.));
#1680 = SURFACE_CURVE('',#1681,(#1687,#1696),.PCURVE_S1.);
#1681 = B_SPLINE_CURVE_WITH_KNOTS('',4,(#1682,#1683,#1684,#1685,#1686),
  .UNSPECIFIED.,.F.,.F.,(5,5),(0.,1.),.PIECEWISE_BEZIER_KNOTS.);
#1682 = CARTESIAN_POINT('',(-24.,-39.47471875419,15.));
#1683 = CARTESIAN_POINT('',(-24.,-39.50628396067,13.50006971773));
#1684 = CARTESIAN_POINT('',(-24.,-39.53544565556,12.000088845579));
#1685 = CARTESIAN_POINT('',(-24.,-39.56223391538,10.500063740252));
#1686 = CARTESIAN_POINT('',(-24.,-39.5866506347,9.));
#1687 = PCURVE('',#303,#1688);
#1688 = DEFINITIONAL_REPRESENTATION('',(#1689),#1695);
#1689 = B_SPLINE_CURVE_WITH_KNOTS('',4,(#1690,#1691,#1692,#1693,#1694),
  .UNSPECIFIED.,.F.,.F.,(5,5),(0.,1.),.PIECEWISE_BEZIER_KNOTS.);
#1690 = CARTESIAN_POINT('',(0.195069720142,0.555464031728));
#1691 = CARTESIAN_POINT('',(0.195313551828,0.549988756143));
#1692 = CARTESIAN_POINT('',(0.195538297348,0.544518595599));
#1693 = CARTESIAN_POINT('',(0.195744368644,0.53905338186));
#1694 = CARTESIAN_POINT('',(0.195931915329,0.533592898894));
#1695 = ( GEOMETRIC_REPRESENTATION_CONTEXT(2) 
PARAMETRIC_REPRESENTATION_CONTEXT() REPRESENTATION_CONTEXT('2D SPACE',''
  ) );
#1696 = PCURVE('',#1697,#1702);
#1697 = PLANE('',#1698);
#1698 = AXIS2_PLACEMENT_3D('',#1699,#1700,#1701);
#1699 = CARTESIAN_POINT('',(-24.,-60.,9.));
#1700 = DIRECTION('',(1.,0.,0.));
#1701 = DIRECTION('',(0.,0.,1.));
#1702 = DEFINITIONAL_REPRESENTATION('',(#1703),#1709);
#1703 = B_SPLINE_CURVE_WITH_KNOTS('',4,(#1704,#1705,#1706,#1707,#1708),
  .UNSPECIFIED.,.F.,.F.,(5,5),(0.,1.),.PIECEWISE_BEZIER_KNOTS.);
#1704 = CARTESIAN_POINT('',(6.,-20.5252812458));
#1705 = CARTESIAN_POINT('',(4.50006971773,-20.49371603933));
#1706 = CARTESIAN_POINT('',(3.000088845579,-20.46455434443));
#1707 = CARTESIAN_POINT('',(1.500063740252,-20.43776608461));
#1708 = CARTESIAN_POINT('',(0.,-20.41334936529));
#1709 = ( GEOMETRIC_REPRESENTATION_CONTEXT(2) 
PARAMETRIC_REPRESENTATION_CONTEXT() REPRESENTATION_CONTEXT('2D SPACE',''
  ) );
#1710 = ORIENTED_EDGE('',*,*,#1711,.F.);
#1711 = EDGE_CURVE('',#1712,#1676,#1714,.T.);
#1712 = VERTEX_POINT('',#1713);
#1713 = CARTESIAN_POINT('',(24.,-39.47471875419,15.));
#1714 = SURFACE_CURVE('',#1715,(#1721,#1730),.PCURVE_S1.);
#1715 = B_SPLINE_CURVE_WITH_KNOTS('',4,(#1716,#1717,#1718,#1719,#1720),
  .UNSPECIFIED.,.F.,.F.,(5,5),(0.,1.),.PIECEWISE_BEZIER_KNOTS.);
#1716 = CARTESIAN_POINT('',(24.,-39.47471875419,15.));
#1717 = CARTESIAN_POINT('',(12.,-39.47471875419,15.));
#1718 = CARTESIAN_POINT('',(2.13162820728E-14,-39.47471875419,15.));
#1719 = CARTESIAN_POINT('',(-12.,-39.47471875419,15.));
#1720 = CARTESIAN_POINT('',(-24.,-39.47471875419,15.));
#1721 = PCURVE('',#303,#1722);
#1722 = DEFINITIONAL_REPRESENTATION('',(#1723),#1729);
#1723 = B_SPLINE_CURVE_WITH_KNOTS('',4,(#1724,#1725,#1726,#1727,#1728),
  .UNSPECIFIED.,.F.,.F.,(5,5),(0.,1.),.PIECEWISE_BEZIER_KNOTS.);
#1724 = CARTESIAN_POINT('',(0.804930279858,0.555464031728));
#1725 = CARTESIAN_POINT('',(0.652465139929,0.555464031728));
#1726 = CARTESIAN_POINT('',(0.5,0.555464031728));
#1727 = CARTESIAN_POINT('',(0.347534860071,0.555464031728));
#1728 = CARTESIAN_POINT('',(0.195069720142,0.555464031728));
#1729 = ( GEOMETRIC_REPRESENTATION_CONTEXT(2) 
PARAMETRIC_REPRESENTATION_CONTEXT() REPRESENTATION_CONTEXT('2D SPACE',''
  ) );
#1730 = PCURVE('',#1731,#1736);
#1731 = PLANE('',#1732);
#1732 = AXIS2_PLACEMENT_3D('',#1733,#1734,#1735);
#1733 = CARTESIAN_POINT('',(-24.,-60.,15.));
#1734 = DIRECTION('',(0.,0.,1.));
#1735 = DIRECTION('',(1.,0.,0.));
#1736 = DEFINITIONAL_REPRESENTATION('',(#1737),#1743);
#1737 = B_SPLINE_CURVE_WITH_KNOTS('',4,(#1738,#1739,#1740,#1741,#1742),
  .UNSPECIFIED.,.F.,.F.,(5,5),(0.,1.),.PIECEWISE_BEZIER_KNOTS.);
#1738 = CARTESIAN_POINT('',(48.,20.525281245803));
#1739 = CARTESIAN_POINT('',(36.,20.525281245803));
#1740 = CARTESIAN_POINT('',(24.,20.525281245803));
#1741 = CARTESIAN_POINT('',(12.,20.525281245803));
#1742 = CARTESIAN_POINT('',(0.,20.525281245803));
#1743 = ( GEOMETRIC_REPRESENTATION_CONTEXT(2) 
PARAMETRIC_REPRESENTATION_CONTEXT() REPRESENTATION_CONTEXT('2D SPACE',''
  ) );
#1744 = ORIENTED_EDGE('',*,*,#1745,.F.);
#1745 = EDGE_CURVE('',#1746,#1712,#1748,.T.);
#1746 = VERTEX_POINT('',#1747);
#1747 = CARTESIAN_POINT('',(24.,-39.5866506347,9.));
#1748 = SURFACE_CURVE('',#1749,(#1755,#1764),.PCURVE_S1.);
#1749 = B_SPLINE_CURVE_WITH_KNOTS('',4,(#1750,#1751,#1752,#1753,#1754),
  .UNSPECIFIED.,.F.,.F.,(5,5),(0.,1.),.PIECEWISE_BEZIER_KNOTS.);
#1750 = CARTESIAN_POINT('',(24.,-39.5866506347,9.));
#1751 = CARTESIAN_POINT('',(24.,-39.56223391538,10.500063740371));
#1752 = CARTESIAN_POINT('',(24.,-39.53544565556,12.000088845555));
#1753 = CARTESIAN_POINT('',(24.,-39.50628396067,13.500069717684));
#1754 = CARTESIAN_POINT('',(24.,-39.47471875419,15.));
#1755 = PCURVE('',#303,#1756);
#1756 = DEFINITIONAL_REPRESENTATION('',(#1757),#1763);
#1757 = B_SPLINE_CURVE_WITH_KNOTS('',4,(#1758,#1759,#1760,#1761,#1762),
  .UNSPECIFIED.,.F.,.F.,(5,5),(0.,1.),.PIECEWISE_BEZIER_KNOTS.);
#1758 = CARTESIAN_POINT('',(0.804068084671,0.533592898894));
#1759 = CARTESIAN_POINT('',(0.804255631356,0.53905338186));
#1760 = CARTESIAN_POINT('',(0.804461702652,0.544518595599));
#1761 = CARTESIAN_POINT('',(0.804686448172,0.549988756143));
#1762 = CARTESIAN_POINT('',(0.804930279858,0.555464031728));
#1763 = ( GEOMETRIC_REPRESENTATION_CONTEXT(2) 
PARAMETRIC_REPRESENTATION_CONTEXT() REPRESENTATION_CONTEXT('2D SPACE',''
  ) );
#1764 = PCURVE('',#1765,#1770);
#1765 = PLANE('',#1766);
#1766 = AXIS2_PLACEMENT_3D('',#1767,#1768,#1769);
#1767 = CARTESIAN_POINT('',(24.,-60.,9.));
#1768 = DIRECTION('',(1.,0.,0.));
#1769 = DIRECTION('',(0.,0.,1.));
#1770 = DEFINITIONAL_REPRESENTATION('',(#1771),#1777);
#1771 = B_SPLINE_CURVE_WITH_KNOTS('',4,(#1772,#1773,#1774,#1775,#1776),
  .UNSPECIFIED.,.F.,.F.,(5,5),(0.,1.),.PIECEWISE_BEZIER_KNOTS.);
#1772 = CARTESIAN_POINT('',(0.,-20.41334936529));
#1773 = CARTESIAN_POINT('',(1.500063740371,-20.43776608461));
#1774 = CARTESIAN_POINT('',(3.000088845555,-20.46455434443));
#1775 = CARTESIAN_POINT('',(4.500069717684,-20.49371603932));
#1776 = CARTESIAN_POINT('',(6.,-20.5252812458));
#1777 = ( GEOMETRIC_REPRESENTATION_CONTEXT(2) 
PARAMETRIC_REPRESENTATION_CONTEXT() REPRESENTATION_CONTEXT('2D SPACE',''
  ) );
#1778 = ORIENTED_EDGE('',*,*,#1779,.T.);
#1779 = EDGE_CURVE('',#1746,#1678,#1780,.T.);
#1780 = SURFACE_CURVE('',#1781,(#1787,#1796),.PCURVE_S1.);
#1781 = B_SPLINE_CURVE_WITH_KNOTS('',4,(#1782,#1783,#1784,#1785,#1786),
  .UNSPECIFIED.,.F.,.F.,(5,5),(0.,1.),.PIECEWISE_BEZIER_KNOTS.);
#1782 = CARTESIAN_POINT('',(24.,-39.5866506347,9.));
#1783 = CARTESIAN_POINT('',(12.,-39.5866506347,9.));
#1784 = CARTESIAN_POINT('',(1.136868377216E-13,-39.5866506347,9.));
#1785 = CARTESIAN_POINT('',(-12.,-39.5866506347,9.));
#1786 = CARTESIAN_POINT('',(-24.,-39.5866506347,9.));
#1787 = PCURVE('',#303,#1788);
#1788 = DEFINITIONAL_REPRESENTATION('',(#1789),#1795);
#1789 = B_SPLINE_CURVE_WITH_KNOTS('',4,(#1790,#1791,#1792,#1793,#1794),
  .UNSPECIFIED.,.F.,.F.,(5,5),(0.,1.),.PIECEWISE_BEZIER_KNOTS.);
#1790 = CARTESIAN_POINT('',(0.804068084671,0.533592898894));
#1791 = CARTESIAN_POINT('',(0.652034042336,0.533592898894));
#1792 = CARTESIAN_POINT('',(0.5,0.533592898894));
#1793 = CARTESIAN_POINT('',(0.347965957664,0.533592898894));
#1794 = CARTESIAN_POINT('',(0.195931915329,0.533592898894));
#1795 = ( GEOMETRIC_REPRESENTATION_CONTEXT(2) 
PARAMETRIC_REPRESENTATION_CONTEXT() REPRESENTATION_CONTEXT('2D SPACE',''
  ) );
#1796 = PCURVE('',#1797,#1802);
#1797 = PLANE('',#1798);
#1798 = AXIS2_PLACEMENT_3D('',#1799,#1800,#1801);
#1799 = CARTESIAN_POINT('',(-24.,-60.,9.));
#1800 = DIRECTION('',(0.,0.,1.));
#1801 = DIRECTION('',(1.,0.,0.));
#1802 = DEFINITIONAL_REPRESENTATION('',(#1803),#1809);
#1803 = B_SPLINE_CURVE_WITH_KNOTS('',4,(#1804,#1805,#1806,#1807,#1808),
  .UNSPECIFIED.,.F.,.F.,(5,5),(0.,1.),.PIECEWISE_BEZIER_KNOTS.);
#1804 = CARTESIAN_POINT('',(48.,20.413349365294));
#1805 = CARTESIAN_POINT('',(36.,20.413349365294));
#1806 = CARTESIAN_POINT('',(24.,20.413349365294));
#1807 = CARTESIAN_POINT('',(12.,20.413349365294));
#1808 = CARTESIAN_POINT('',(0.,20.413349365294));
#1809 = ( GEOMETRIC_REPRESENTATION_CONTEXT(2) 
PARAMETRIC_REPRESENTATION_CONTEXT() REPRESENTATION_CONTEXT('2D SPACE',''
  ) );
#1810 = FACE_BOUND('',#1811,.T.);
#1811 = EDGE_LOOP('',(#1812,#1848,#1882,#1916));
#1812 = ORIENTED_EDGE('',*,*,#1813,.F.);
#1813 = EDGE_CURVE('',#1814,#1816,#1818,.T.);
#1814 = VERTEX_POINT('',#1815);
#1815 = CARTESIAN_POINT('',(-24.,-38.63639854855,41.));
#1816 = VERTEX_POINT('',#1817);
#1817 = CARTESIAN_POINT('',(-24.,-38.88539669778,35.));
#1818 = SURFACE_CURVE('',#1819,(#1825,#1834),.PCURVE_S1.);
#1819 = B_SPLINE_CURVE_WITH_KNOTS('',4,(#1820,#1821,#1822,#1823,#1824),
  .UNSPECIFIED.,.F.,.F.,(5,5),(0.,1.),.PIECEWISE_BEZIER_KNOTS.);
#1820 = CARTESIAN_POINT('',(-24.,-38.63639854855,41.));
#1821 = CARTESIAN_POINT('',(-24.,-38.70332132871,39.500198915891));
#1822 = CARTESIAN_POINT('',(-24.,-38.76702842743,38.000254338223));
#1823 = CARTESIAN_POINT('',(-24.,-38.82767764483,36.500183564054));
#1824 = CARTESIAN_POINT('',(-24.,-38.88539669778,35.));
#1825 = PCURVE('',#303,#1826);
#1826 = DEFINITIONAL_REPRESENTATION('',(#1827),#1833);
#1827 = B_SPLINE_CURVE_WITH_KNOTS('',4,(#1828,#1829,#1830,#1831,#1832),
  .UNSPECIFIED.,.F.,.F.,(5,5),(0.,1.),.PIECEWISE_BEZIER_KNOTS.);
#1828 = CARTESIAN_POINT('',(0.188453440558,0.651016252433));
#1829 = CARTESIAN_POINT('',(0.18899307579,0.645465614881));
#1830 = CARTESIAN_POINT('',(0.189504289459,0.639920498828));
#1831 = CARTESIAN_POINT('',(0.189988913928,0.634380996164));
#1832 = CARTESIAN_POINT('',(0.19044839299,0.628847129328));
#1833 = ( GEOMETRIC_REPRESENTATION_CONTEXT(2) 
PARAMETRIC_REPRESENTATION_CONTEXT() REPRESENTATION_CONTEXT('2D SPACE',''
  ) );
#1834 = PCURVE('',#1835,#1840);
#1835 = PLANE('',#1836);
#1836 = AXIS2_PLACEMENT_3D('',#1837,#1838,#1839);
#1837 = CARTESIAN_POINT('',(-24.,-60.,35.));
#1838 = DIRECTION('',(1.,0.,0.));
#1839 = DIRECTION('',(0.,0.,1.));
#1840 = DEFINITIONAL_REPRESENTATION('',(#1841),#1847);
#1841 = B_SPLINE_CURVE_WITH_KNOTS('',4,(#1842,#1843,#1844,#1845,#1846),
  .UNSPECIFIED.,.F.,.F.,(5,5),(0.,1.),.PIECEWISE_BEZIER_KNOTS.);
#1842 = CARTESIAN_POINT('',(6.,-21.36360145144));
#1843 = CARTESIAN_POINT('',(4.500198915891,-21.29667867128));
#1844 = CARTESIAN_POINT('',(3.000254338223,-21.23297157256));
#1845 = CARTESIAN_POINT('',(1.500183564054,-21.17232235516));
#1846 = CARTESIAN_POINT('',(0.,-21.11460330221));
#1847 = ( GEOMETRIC_REPRESENTATION_CONTEXT(2) 
PARAMETRIC_REPRESENTATION_CONTEXT() REPRESENTATION_CONTEXT('2D SPACE',''
  ) );
#1848 = ORIENTED_EDGE('',*,*,#1849,.F.);
#1849 = EDGE_CURVE('',#1850,#1814,#1852,.T.);
#1850 = VERTEX_POINT('',#1851);
#1851 = CARTESIAN_POINT('',(24.,-38.63639854855,41.));
#1852 = SURFACE_CURVE('',#1853,(#1859,#1868),.PCURVE_S1.);
#1853 = B_SPLINE_CURVE_WITH_KNOTS('',4,(#1854,#1855,#1856,#1857,#1858),
  .UNSPECIFIED.,.F.,.F.,(5,5),(0.,1.),.PIECEWISE_BEZIER_KNOTS.);
#1854 = CARTESIAN_POINT('',(24.,-38.63639854855,41.));
#1855 = CARTESIAN_POINT('',(12.,-38.63639854855,41.));
#1856 = CARTESIAN_POINT('',(-4.796163466381E-13,-38.63639854855,41.));
#1857 = CARTESIAN_POINT('',(-12.,-38.63639854855,41.));
#1858 = CARTESIAN_POINT('',(-24.,-38.63639854855,41.));
#1859 = PCURVE('',#303,#1860);
#1860 = DEFINITIONAL_REPRESENTATION('',(#1861),#1867);
#1861 = B_SPLINE_CURVE_WITH_KNOTS('',4,(#1862,#1863,#1864,#1865,#1866),
  .UNSPECIFIED.,.F.,.F.,(5,5),(0.,1.),.PIECEWISE_BEZIER_KNOTS.);
#1862 = CARTESIAN_POINT('',(0.811546559442,0.651016252433));
#1863 = CARTESIAN_POINT('',(0.655773279721,0.651016252433));
#1864 = CARTESIAN_POINT('',(0.5,0.651016252433));
#1865 = CARTESIAN_POINT('',(0.344226720279,0.651016252433));
#1866 = CARTESIAN_POINT('',(0.188453440558,0.651016252433));
#1867 = ( GEOMETRIC_REPRESENTATION_CONTEXT(2) 
PARAMETRIC_REPRESENTATION_CONTEXT() REPRESENTATION_CONTEXT('2D SPACE',''
  ) );
#1868 = PCURVE('',#1869,#1874);
#1869 = PLANE('',#1870);
#1870 = AXIS2_PLACEMENT_3D('',#1871,#1872,#1873);
#1871 = CARTESIAN_POINT('',(-24.,-60.,41.));
#1872 = DIRECTION('',(0.,0.,1.));
#1873 = DIRECTION('',(1.,0.,0.));
#1874 = DEFINITIONAL_REPRESENTATION('',(#1875),#1881);
#1875 = B_SPLINE_CURVE_WITH_KNOTS('',4,(#1876,#1877,#1878,#1879,#1880),
  .UNSPECIFIED.,.F.,.F.,(5,5),(0.,1.),.PIECEWISE_BEZIER_KNOTS.);
#1876 = CARTESIAN_POINT('',(48.,21.363601451444));
#1877 = CARTESIAN_POINT('',(36.,21.363601451444));
#1878 = CARTESIAN_POINT('',(24.,21.363601451444));
#1879 = CARTESIAN_POINT('',(12.,21.363601451444));
#1880 = CARTESIAN_POINT('',(0.,21.363601451444));
#1881 = ( GEOMETRIC_REPRESENTATION_CONTEXT(2) 
PARAMETRIC_REPRESENTATION_CONTEXT() REPRESENTATION_CONTEXT('2D SPACE',''
  ) );
#1882 = ORIENTED_EDGE('',*,*,#1883,.F.);
#1883 = EDGE_CURVE('',#1884,#1850,#1886,.T.);
#1884 = VERTEX_POINT('',#1885);
#1885 = CARTESIAN_POINT('',(24.,-38.88539669778,35.));
#1886 = SURFACE_CURVE('',#1887,(#1893,#1902),.PCURVE_S1.);
#1887 = B_SPLINE_CURVE_WITH_KNOTS('',4,(#1888,#1889,#1890,#1891,#1892),
  .UNSPECIFIED.,.F.,.F.,(5,5),(0.,1.),.PIECEWISE_BEZIER_KNOTS.);
#1888 = CARTESIAN_POINT('',(24.,-38.88539669778,35.));
#1889 = CARTESIAN_POINT('',(24.,-38.82767764484,36.500183563784));
#1890 = CARTESIAN_POINT('',(24.,-38.76702842743,38.000254338272));
#1891 = CARTESIAN_POINT('',(24.,-38.7033213287,39.500198916008));
#1892 = CARTESIAN_POINT('',(24.,-38.63639854855,41.));
#1893 = PCURVE('',#303,#1894);
#1894 = DEFINITIONAL_REPRESENTATION('',(#1895),#1901);
#1895 = B_SPLINE_CURVE_WITH_KNOTS('',4,(#1896,#1897,#1898,#1899,#1900),
  .UNSPECIFIED.,.F.,.F.,(5,5),(0.,1.),.PIECEWISE_BEZIER_KNOTS.);
#1896 = CARTESIAN_POINT('',(0.80955160701,0.628847129328));
#1897 = CARTESIAN_POINT('',(0.810011086072,0.634380996163));
#1898 = CARTESIAN_POINT('',(0.810495710541,0.639920498829));
#1899 = CARTESIAN_POINT('',(0.81100692421,0.645465614882));
#1900 = CARTESIAN_POINT('',(0.811546559442,0.651016252433));
#1901 = ( GEOMETRIC_REPRESENTATION_CONTEXT(2) 
PARAMETRIC_REPRESENTATION_CONTEXT() REPRESENTATION_CONTEXT('2D SPACE',''
  ) );
#1902 = PCURVE('',#1903,#1908);
#1903 = PLANE('',#1904);
#1904 = AXIS2_PLACEMENT_3D('',#1905,#1906,#1907);
#1905 = CARTESIAN_POINT('',(24.,-60.,35.));
#1906 = DIRECTION('',(1.,0.,0.));
#1907 = DIRECTION('',(0.,0.,1.));
#1908 = DEFINITIONAL_REPRESENTATION('',(#1909),#1915);
#1909 = B_SPLINE_CURVE_WITH_KNOTS('',4,(#1910,#1911,#1912,#1913,#1914),
  .UNSPECIFIED.,.F.,.F.,(5,5),(0.,1.),.PIECEWISE_BEZIER_KNOTS.);
#1910 = CARTESIAN_POINT('',(0.,-21.11460330221));
#1911 = CARTESIAN_POINT('',(1.500183563784,-21.17232235515));
#1912 = CARTESIAN_POINT('',(3.000254338272,-21.23297157256));
#1913 = CARTESIAN_POINT('',(4.500198916008,-21.29667867129));
#1914 = CARTESIAN_POINT('',(6.,-21.36360145144));
#1915 = ( GEOMETRIC_REPRESENTATION_CONTEXT(2) 
PARAMETRIC_REPRESENTATION_CONTEXT() REPRESENTATION_CONTEXT('2D SPACE',''
  ) );
#1916 = ORIENTED_EDGE('',*,*,#1917,.T.);
#1917 = EDGE_CURVE('',#1884,#1816,#1918,.T.);
#1918 = SURFACE_CURVE('',#1919,(#1925,#1934),.PCURVE_S1.);
#1919 = B_SPLINE_CURVE_WITH_KNOTS('',4,(#1920,#1921,#1922,#1923,#1924),
  .UNSPECIFIED.,.F.,.F.,(5,5),(0.,1.),.PIECEWISE_BEZIER_KNOTS.);
#1920 = CARTESIAN_POINT('',(24.,-38.88539669778,35.));
#1921 = CARTESIAN_POINT('',(12.,-38.88539669778,35.));
#1922 = CARTESIAN_POINT('',(-1.989519660128E-13,-38.88539669778,35.));
#1923 = CARTESIAN_POINT('',(-12.,-38.88539669778,35.));
#1924 = CARTESIAN_POINT('',(-24.,-38.88539669778,35.));
#1925 = PCURVE('',#303,#1926);
#1926 = DEFINITIONAL_REPRESENTATION('',(#1927),#1933);
#1927 = B_SPLINE_CURVE_WITH_KNOTS('',4,(#1928,#1929,#1930,#1931,#1932),
  .UNSPECIFIED.,.F.,.F.,(5,5),(0.,1.),.PIECEWISE_BEZIER_KNOTS.);
#1928 = CARTESIAN_POINT('',(0.80955160701,0.628847129328));
#1929 = CARTESIAN_POINT('',(0.654775803505,0.628847129328));
#1930 = CARTESIAN_POINT('',(0.5,0.628847129328));
#1931 = CARTESIAN_POINT('',(0.345224196495,0.628847129328));
#1932 = CARTESIAN_POINT('',(0.19044839299,0.628847129328));
#1933 = ( GEOMETRIC_REPRESENTATION_CONTEXT(2) 
PARAMETRIC_REPRESENTATION_CONTEXT() REPRESENTATION_CONTEXT('2D SPACE',''
  ) );
#1934 = PCURVE('',#1935,#1940);
#1935 = PLANE('',#1936);
#1936 = AXIS2_PLACEMENT_3D('',#1937,#1938,#1939);
#1937 = CARTESIAN_POINT('',(-24.,-60.,35.));
#1938 = DIRECTION('',(0.,0.,1.));
#1939 = DIRECTION('',(1.,0.,0.));
#1940 = DEFINITIONAL_REPRESENTATION('',(#1941),#1947);
#1941 = B_SPLINE_CURVE_WITH_KNOTS('',4,(#1942,#1943,#1944,#1945,#1946),
  .UNSPECIFIED.,.F.,.F.,(5,5),(0.,1.),.PIECEWISE_BEZIER_KNOTS.);
#1942 = CARTESIAN_POINT('',(48.,21.114603302211));
#1943 = CARTESIAN_POINT('',(36.,21.114603302211));
#1944 = CARTESIAN_POINT('',(24.,21.114603302211));
#1945 = CARTESIAN_POINT('',(12.,21.114603302211));
#1946 = CARTESIAN_POINT('',(0.,21.114603302211));
#1947 = ( GEOMETRIC_REPRESENTATION_CONTEXT(2) 
PARAMETRIC_REPRESENTATION_CONTEXT() REPRESENTATION_CONTEXT('2D SPACE',''
  ) );
#1948 = ADVANCED_FACE('',(#1949),#269,.T.);
#1949 = FACE_BOUND('',#1950,.T.);
#1950 = EDGE_LOOP('',(#1951,#1974,#1975,#1976,#1977,#2009));
#1951 = ORIENTED_EDGE('',*,*,#1952,.F.);
#1952 = EDGE_CURVE('',#1282,#1953,#1955,.T.);
#1953 = VERTEX_POINT('',#1954);
#1954 = CARTESIAN_POINT('',(-30.5,-35.28308780049,-61.));
#1955 = SURFACE_CURVE('',#1956,(#1960,#1967),.PCURVE_S1.);
#1956 = LINE('',#1957,#1958);
#1957 = CARTESIAN_POINT('',(-30.5,-142.,-61.));
#1958 = VECTOR('',#1959,1.);
#1959 = DIRECTION('',(0.,1.,0.));
#1960 = PCURVE('',#269,#1961);
#1961 = DEFINITIONAL_REPRESENTATION('',(#1962),#1966);
#1962 = LINE('',#1963,#1964);
#1963 = CARTESIAN_POINT('',(52.,0.));
#1964 = VECTOR('',#1965,1.);
#1965 = DIRECTION('',(0.,-1.));
#1966 = ( GEOMETRIC_REPRESENTATION_CONTEXT(2) 
PARAMETRIC_REPRESENTATION_CONTEXT() REPRESENTATION_CONTEXT('2D SPACE',''
  ) );
#1967 = PCURVE('',#1342,#1968);
#1968 = DEFINITIONAL_REPRESENTATION('',(#1969),#1973);
#1969 = LINE('',#1970,#1971);
#1970 = CARTESIAN_POINT('',(0.,0.));
#1971 = VECTOR('',#1972,1.);
#1972 = DIRECTION('',(0.,1.));
#1973 = ( GEOMETRIC_REPRESENTATION_CONTEXT(2) 
PARAMETRIC_REPRESENTATION_CONTEXT() REPRESENTATION_CONTEXT('2D SPACE',''
  ) );
#1974 = ORIENTED_EDGE('',*,*,#1281,.T.);
#1975 = ORIENTED_EDGE('',*,*,#245,.F.);
#1976 = ORIENTED_EDGE('',*,*,#348,.T.);
#1977 = ORIENTED_EDGE('',*,*,#1978,.F.);
#1978 = EDGE_CURVE('',#1979,#349,#1981,.T.);
#1979 = VERTEX_POINT('',#1980);
#1980 = CARTESIAN_POINT('',(-30.5,-29.76080246913,-103.6513675971));
#1981 = SURFACE_CURVE('',#1982,(#1989,#1999),.PCURVE_S1.);
#1982 = B_SPLINE_CURVE_WITH_KNOTS('',5,(#1983,#1984,#1985,#1986,#1987,
    #1988),.UNSPECIFIED.,.F.,.F.,(6,6),(0.,1.),
  .PIECEWISE_BEZIER_KNOTS.);
#1983 = CARTESIAN_POINT('',(-30.5,-29.76080246913,-103.6513675971));
#1984 = CARTESIAN_POINT('',(-30.5,-28.95833746994,-105.5571742627));
#1985 = CARTESIAN_POINT('',(-30.5,-28.11709645377,-107.4466105323));
#1986 = CARTESIAN_POINT('',(-30.5,-27.23618390334,-109.3180357689));
#1987 = CARTESIAN_POINT('',(-30.5,-26.31494990946,-111.1697398806));
#1988 = CARTESIAN_POINT('',(-30.5,-25.35311271865,-113.));
#1989 = PCURVE('',#269,#1990);
#1990 = DEFINITIONAL_REPRESENTATION('',(#1991),#1998);
#1991 = B_SPLINE_CURVE_WITH_KNOTS('',5,(#1992,#1993,#1994,#1995,#1996,
    #1997),.UNSPECIFIED.,.F.,.F.,(6,6),(0.,1.),
  .PIECEWISE_BEZIER_KNOTS.);
#1992 = CARTESIAN_POINT('',(9.348632402827,-112.2391975308));
#1993 = CARTESIAN_POINT('',(7.442825737258,-113.04166253));
#1994 = CARTESIAN_POINT('',(5.553389467684,-113.8829035462));
#1995 = CARTESIAN_POINT('',(3.68196423101,-114.7638160966));
#1996 = CARTESIAN_POINT('',(1.830260119303,-115.6850500905));
#1997 = CARTESIAN_POINT('',(0.,-116.6468872813));
#1998 = ( GEOMETRIC_REPRESENTATION_CONTEXT(2) 
PARAMETRIC_REPRESENTATION_CONTEXT() REPRESENTATION_CONTEXT('2D SPACE',''
  ) );
#1999 = PCURVE('',#519,#2000);
#2000 = DEFINITIONAL_REPRESENTATION('',(#2001),#2008);
#2001 = B_SPLINE_CURVE_WITH_KNOTS('',5,(#2002,#2003,#2004,#2005,#2006,
    #2007),.UNSPECIFIED.,.F.,.F.,(6,6),(0.,1.),
  .PIECEWISE_BEZIER_KNOTS.);
#2002 = CARTESIAN_POINT('',(8.,0.121764849261));
#2003 = CARTESIAN_POINT('',(7.966224558226,0.114436074022));
#2004 = CARTESIAN_POINT('',(7.929708104737,0.107132590391));
#2005 = CARTESIAN_POINT('',(7.890124818887,9.985891155082E-02));
#2006 = CARTESIAN_POINT('',(7.847080709879,9.262001069837E-02));
#2007 = CARTESIAN_POINT('',(7.800056977501,8.542124389554E-02));
#2008 = ( GEOMETRIC_REPRESENTATION_CONTEXT(2) 
PARAMETRIC_REPRESENTATION_CONTEXT() REPRESENTATION_CONTEXT('2D SPACE',''
  ) );
#2009 = ORIENTED_EDGE('',*,*,#2010,.F.);
#2010 = EDGE_CURVE('',#1953,#1979,#2011,.T.);
#2011 = SURFACE_CURVE('',#2012,(#2021,#2033),.PCURVE_S1.);
#2012 = B_SPLINE_CURVE_WITH_KNOTS('',7,(#2013,#2014,#2015,#2016,#2017,
    #2018,#2019,#2020),.UNSPECIFIED.,.F.,.F.,(8,8),(0.,1.),
  .PIECEWISE_BEZIER_KNOTS.);
#2013 = CARTESIAN_POINT('',(-30.5,-35.28308780049,-61.));
#2014 = CARTESIAN_POINT('',(-30.5,-34.86253796015,-67.13482011373));
#2015 = CARTESIAN_POINT('',(-30.5,-34.3501338511,-73.2623126174));
#2016 = CARTESIAN_POINT('',(-30.5,-33.73071118488,-79.38140299579));
#2017 = CARTESIAN_POINT('',(-30.5,-32.98601736095,-85.48817353883));
#2018 = CARTESIAN_POINT('',(-30.5,-32.09425237646,-91.57580342545));
#2019 = CARTESIAN_POINT('',(-30.5,-31.0294955027,-97.63449752463));
#2020 = CARTESIAN_POINT('',(-30.5,-29.76080246913,-103.6513675971));
#2021 = PCURVE('',#269,#2022);
#2022 = DEFINITIONAL_REPRESENTATION('',(#2023),#2032);
#2023 = B_SPLINE_CURVE_WITH_KNOTS('',7,(#2024,#2025,#2026,#2027,#2028,
    #2029,#2030,#2031),.UNSPECIFIED.,.F.,.F.,(8,8),(0.,1.),
  .PIECEWISE_BEZIER_KNOTS.);
#2024 = CARTESIAN_POINT('',(52.,-106.7169121995));
#2025 = CARTESIAN_POINT('',(45.865179886261,-107.1374620398));
#2026 = CARTESIAN_POINT('',(39.737687382594,-107.6498661488));
#2027 = CARTESIAN_POINT('',(33.61859700421,-108.2692888151));
#2028 = CARTESIAN_POINT('',(27.511826461163,-109.013982639));
#2029 = CARTESIAN_POINT('',(21.424196574549,-109.9057476235));
#2030 = CARTESIAN_POINT('',(15.365502475367,-110.9705044972));
#2031 = CARTESIAN_POINT('',(9.348632402827,-112.2391975308));
#2032 = ( GEOMETRIC_REPRESENTATION_CONTEXT(2) 
PARAMETRIC_REPRESENTATION_CONTEXT() REPRESENTATION_CONTEXT('2D SPACE',''
  ) );
#2033 = PCURVE('',#1197,#2034);
#2034 = DEFINITIONAL_REPRESENTATION('',(#2035),#2044);
#2035 = B_SPLINE_CURVE_WITH_KNOTS('',7,(#2036,#2037,#2038,#2039,#2040,
    #2041,#2042,#2043),.UNSPECIFIED.,.F.,.F.,(8,8),(0.,1.),
  .PIECEWISE_BEZIER_KNOTS.);
#2036 = CARTESIAN_POINT('',(7.645117038173E-02,0.280451550775));
#2037 = CARTESIAN_POINT('',(7.151924780792E-02,0.258135850699));
#2038 = CARTESIAN_POINT('',(6.53772020936E-02,0.235746253196));
#2039 = CARTESIAN_POINT('',(5.772760435496E-02,0.213252163458));
#2040 = CARTESIAN_POINT('',(4.819365828175E-02,0.19062777423));
#2041 = CARTESIAN_POINT('',(3.613089017131E-02,0.167851049274));
#2042 = CARTESIAN_POINT('',(2.073425184751E-02,0.144902709571));
#2043 = CARTESIAN_POINT('',(0.,0.121764849261));
#2044 = ( GEOMETRIC_REPRESENTATION_CONTEXT(2) 
PARAMETRIC_REPRESENTATION_CONTEXT() REPRESENTATION_CONTEXT('2D SPACE',''
  ) );
#2045 = ADVANCED_FACE('',(#2046),#519,.F.);
#2046 = FACE_BOUND('',#2047,.F.);
#2047 = EDGE_LOOP('',(#2048,#2071,#2072,#2095,#2096,#2097,#2120));
#2048 = ORIENTED_EDGE('',*,*,#2049,.F.);
#2049 = EDGE_CURVE('',#808,#1216,#2050,.T.);
#2050 = SURFACE_CURVE('',#2051,(#2057,#2064),.PCURVE_S1.);
#2051 = ( BOUNDED_CURVE() B_SPLINE_CURVE(4,(#2052,#2053,#2054,#2055,
#2056),.UNSPECIFIED.,.F.,.F.) B_SPLINE_CURVE_WITH_KNOTS((5,5),(0.,1.),
.PIECEWISE_BEZIER_KNOTS.) CURVE() GEOMETRIC_REPRESENTATION_ITEM() 
RATIONAL_B_SPLINE_CURVE((1.,1.,1.,1.,1.)) REPRESENTATION_ITEM('') );
#2052 = CARTESIAN_POINT('',(-29.4,-12.168,-134.));
#2053 = CARTESIAN_POINT('',(-64.81635978102,-27.82990132538,
    -74.89946339855));
#2054 = CARTESIAN_POINT('',(-45.18251546996,-19.14737906338,
    4.704294879977));
#2055 = CARTESIAN_POINT('',(-59.79469552053,-25.60920979685,
    66.857252864212));
#2056 = CARTESIAN_POINT('',(-32.64,-13.6008,134.));
#2057 = PCURVE('',#519,#2058);
#2058 = DEFINITIONAL_REPRESENTATION('',(#2059),#2063);
#2059 = LINE('',#2060,#2061);
#2060 = CARTESIAN_POINT('',(7.,0.));
#2061 = VECTOR('',#2062,1.);
#2062 = DIRECTION('',(0.,1.));
#2063 = ( GEOMETRIC_REPRESENTATION_CONTEXT(2) 
PARAMETRIC_REPRESENTATION_CONTEXT() REPRESENTATION_CONTEXT('2D SPACE',''
  ) );
#2064 = PCURVE('',#842,#2065);
#2065 = DEFINITIONAL_REPRESENTATION('',(#2066),#2070);
#2066 = LINE('',#2067,#2068);
#2067 = CARTESIAN_POINT('',(7.,0.));
#2068 = VECTOR('',#2069,1.);
#2069 = DIRECTION('',(0.,1.));
#2070 = ( GEOMETRIC_REPRESENTATION_CONTEXT(2) 
PARAMETRIC_REPRESENTATION_CONTEXT() REPRESENTATION_CONTEXT('2D SPACE',''
  ) );
#2071 = ORIENTED_EDGE('',*,*,#807,.T.);
#2072 = ORIENTED_EDGE('',*,*,#2073,.T.);
#2073 = EDGE_CURVE('',#787,#462,#2074,.T.);
#2074 = SURFACE_CURVE('',#2075,(#2081,#2088),.PCURVE_S1.);
#2075 = ( BOUNDED_CURVE() B_SPLINE_CURVE(4,(#2076,#2077,#2078,#2079,
#2080),.UNSPECIFIED.,.F.,.F.) B_SPLINE_CURVE_WITH_KNOTS((5,5),(0.,1.),
.PIECEWISE_BEZIER_KNOTS.) CURVE() GEOMETRIC_REPRESENTATION_ITEM() 
RATIONAL_B_SPLINE_CURVE((1.,1.,1.,1.,1.)) REPRESENTATION_ITEM('') );
#2076 = CARTESIAN_POINT('',(-21.168,-20.4,-134.));
#2077 = CARTESIAN_POINT('',(-46.66777904233,-45.97848206407,
    -74.89946339855));
#2078 = CARTESIAN_POINT('',(-32.53141113837,-31.79848339497,
    4.704294879977));
#2079 = CARTESIAN_POINT('',(-43.05218077478,-42.3517245426,
    66.857252864212));
#2080 = CARTESIAN_POINT('',(-23.5008,-22.74,134.));
#2081 = PCURVE('',#519,#2082);
#2082 = DEFINITIONAL_REPRESENTATION('',(#2083),#2087);
#2083 = LINE('',#2084,#2085);
#2084 = CARTESIAN_POINT('',(8.,0.));
#2085 = VECTOR('',#2086,1.);
#2086 = DIRECTION('',(0.,1.));
#2087 = ( GEOMETRIC_REPRESENTATION_CONTEXT(2) 
PARAMETRIC_REPRESENTATION_CONTEXT() REPRESENTATION_CONTEXT('2D SPACE',''
  ) );
#2088 = PCURVE('',#481,#2089);
#2089 = DEFINITIONAL_REPRESENTATION('',(#2090),#2094);
#2090 = LINE('',#2091,#2092);
#2091 = CARTESIAN_POINT('',(0.,0.));
#2092 = VECTOR('',#2093,1.);
#2093 = DIRECTION('',(0.,1.));
#2094 = ( GEOMETRIC_REPRESENTATION_CONTEXT(2) 
PARAMETRIC_REPRESENTATION_CONTEXT() REPRESENTATION_CONTEXT('2D SPACE',''
  ) );
#2095 = ORIENTED_EDGE('',*,*,#501,.T.);
#2096 = ORIENTED_EDGE('',*,*,#1978,.F.);
#2097 = ORIENTED_EDGE('',*,*,#2098,.T.);
#2098 = EDGE_CURVE('',#1979,#1184,#2099,.T.);
#2099 = SURFACE_CURVE('',#2100,(#2106,#2113),.PCURVE_S1.);
#2100 = ( BOUNDED_CURVE() B_SPLINE_CURVE(4,(#2101,#2102,#2103,#2104,
#2105),.UNSPECIFIED.,.F.,.F.) B_SPLINE_CURVE_WITH_KNOTS((5,5),(0.,1.),
.PIECEWISE_BEZIER_KNOTS.) CURVE() GEOMETRIC_REPRESENTATION_ITEM() 
RATIONAL_B_SPLINE_CURVE((1.,1.,1.,1.,1.)) REPRESENTATION_ITEM('') );
#2101 = CARTESIAN_POINT('',(-21.168,-20.4,-134.));
#2102 = CARTESIAN_POINT('',(-46.66777904233,-45.97848206407,
    -74.89946339855));
#2103 = CARTESIAN_POINT('',(-32.53141113837,-31.79848339497,
    4.704294879977));
#2104 = CARTESIAN_POINT('',(-43.05218077478,-42.3517245426,
    66.857252864212));
#2105 = CARTESIAN_POINT('',(-23.5008,-22.74,134.));
#2106 = PCURVE('',#519,#2107);
#2107 = DEFINITIONAL_REPRESENTATION('',(#2108),#2112);
#2108 = LINE('',#2109,#2110);
#2109 = CARTESIAN_POINT('',(8.,0.));
#2110 = VECTOR('',#2111,1.);
#2111 = DIRECTION('',(0.,1.));
#2112 = ( GEOMETRIC_REPRESENTATION_CONTEXT(2) 
PARAMETRIC_REPRESENTATION_CONTEXT() REPRESENTATION_CONTEXT('2D SPACE',''
  ) );
#2113 = PCURVE('',#1197,#2114);
#2114 = DEFINITIONAL_REPRESENTATION('',(#2115),#2119);
#2115 = LINE('',#2116,#2117);
#2116 = CARTESIAN_POINT('',(0.,0.));
#2117 = VECTOR('',#2118,1.);
#2118 = DIRECTION('',(0.,1.));
#2119 = ( GEOMETRIC_REPRESENTATION_CONTEXT(2) 
PARAMETRIC_REPRESENTATION_CONTEXT() REPRESENTATION_CONTEXT('2D SPACE',''
  ) );
#2120 = ORIENTED_EDGE('',*,*,#1215,.F.);
#2121 = ADVANCED_FACE('',(#2122),#481,.F.);
#2122 = FACE_BOUND('',#2123,.F.);
#2123 = EDGE_LOOP('',(#2124,#2125,#2126,#2149));
#2124 = ORIENTED_EDGE('',*,*,#2073,.F.);
#2125 = ORIENTED_EDGE('',*,*,#786,.T.);
#2126 = ORIENTED_EDGE('',*,*,#2127,.T.);
#2127 = EDGE_CURVE('',#766,#422,#2128,.T.);
#2128 = SURFACE_CURVE('',#2129,(#2135,#2142),.PCURVE_S1.);
#2129 = ( BOUNDED_CURVE() B_SPLINE_CURVE(4,(#2130,#2131,#2132,#2133,
#2134),.UNSPECIFIED.,.F.,.F.) B_SPLINE_CURVE_WITH_KNOTS((5,5),(0.,1.),
.PIECEWISE_BEZIER_KNOTS.) CURVE() GEOMETRIC_REPRESENTATION_ITEM() 
RATIONAL_B_SPLINE_CURVE((1.,1.,1.,1.,1.)) REPRESENTATION_ITEM('') );
#2130 = CARTESIAN_POINT('',(21.168,-20.4,-134.));
#2131 = CARTESIAN_POINT('',(46.667779042337,-45.97848206407,
    -74.89946339855));
#2132 = CARTESIAN_POINT('',(32.531411138377,-31.79848339497,
    4.704294879977));
#2133 = CARTESIAN_POINT('',(43.052180774783,-42.3517245426,
    66.857252864212));
#2134 = CARTESIAN_POINT('',(23.5008,-22.74,134.));
#2135 = PCURVE('',#481,#2136);
#2136 = DEFINITIONAL_REPRESENTATION('',(#2137),#2141);
#2137 = LINE('',#2138,#2139);
#2138 = CARTESIAN_POINT('',(1.,0.));
#2139 = VECTOR('',#2140,1.);
#2140 = DIRECTION('',(0.,1.));
#2141 = ( GEOMETRIC_REPRESENTATION_CONTEXT(2) 
PARAMETRIC_REPRESENTATION_CONTEXT() REPRESENTATION_CONTEXT('2D SPACE',''
  ) );
#2142 = PCURVE('',#441,#2143);
#2143 = DEFINITIONAL_REPRESENTATION('',(#2144),#2148);
#2144 = LINE('',#2145,#2146);
#2145 = CARTESIAN_POINT('',(1.,0.));
#2146 = VECTOR('',#2147,1.);
#2147 = DIRECTION('',(0.,1.));
#2148 = ( GEOMETRIC_REPRESENTATION_CONTEXT(2) 
PARAMETRIC_REPRESENTATION_CONTEXT() REPRESENTATION_CONTEXT('2D SPACE',''
  ) );
#2149 = ORIENTED_EDGE('',*,*,#461,.T.);
#2150 = ADVANCED_FACE('',(#2151),#441,.F.);
#2151 = FACE_BOUND('',#2152,.F.);
#2152 = EDGE_LOOP('',(#2153,#2154,#2155,#2178,#2179,#2204,#2234));
#2153 = ORIENTED_EDGE('',*,*,#2127,.F.);
#2154 = ORIENTED_EDGE('',*,*,#765,.T.);
#2155 = ORIENTED_EDGE('',*,*,#2156,.T.);
#2156 = EDGE_CURVE('',#734,#1142,#2157,.T.);
#2157 = SURFACE_CURVE('',#2158,(#2164,#2171),.PCURVE_S1.);
#2158 = ( BOUNDED_CURVE() B_SPLINE_CURVE(4,(#2159,#2160,#2161,#2162,
#2163),.UNSPECIFIED.,.F.,.F.) B_SPLINE_CURVE_WITH_KNOTS((5,5),(0.,1.),
.PIECEWISE_BEZIER_KNOTS.) CURVE() GEOMETRIC_REPRESENTATION_ITEM() 
RATIONAL_B_SPLINE_CURVE((1.,1.,1.,1.,1.)) REPRESENTATION_ITEM('') );
#2159 = CARTESIAN_POINT('',(29.4,-12.168,-134.));
#2160 = CARTESIAN_POINT('',(64.816359781023,-27.82990132538,
    -74.89946339855));
#2161 = CARTESIAN_POINT('',(45.182515469969,-19.14737906338,
    4.704294879977));
#2162 = CARTESIAN_POINT('',(59.794695520533,-25.60920979685,
    66.857252864212));
#2163 = CARTESIAN_POINT('',(32.64,-13.6008,134.));
#2164 = PCURVE('',#441,#2165);
#2165 = DEFINITIONAL_REPRESENTATION('',(#2166),#2170);
#2166 = LINE('',#2167,#2168);
#2167 = CARTESIAN_POINT('',(2.,0.));
#2168 = VECTOR('',#2169,1.);
#2169 = DIRECTION('',(0.,1.));
#2170 = ( GEOMETRIC_REPRESENTATION_CONTEXT(2) 
PARAMETRIC_REPRESENTATION_CONTEXT() REPRESENTATION_CONTEXT('2D SPACE',''
  ) );
#2171 = PCURVE('',#747,#2172);
#2172 = DEFINITIONAL_REPRESENTATION('',(#2173),#2177);
#2173 = LINE('',#2174,#2175);
#2174 = CARTESIAN_POINT('',(2.,0.));
#2175 = VECTOR('',#2176,1.);
#2176 = DIRECTION('',(0.,1.));
#2177 = ( GEOMETRIC_REPRESENTATION_CONTEXT(2) 
PARAMETRIC_REPRESENTATION_CONTEXT() REPRESENTATION_CONTEXT('2D SPACE',''
  ) );
#2178 = ORIENTED_EDGE('',*,*,#1162,.F.);
#2179 = ORIENTED_EDGE('',*,*,#2180,.F.);
#2180 = EDGE_CURVE('',#2181,#1163,#2183,.T.);
#2181 = VERTEX_POINT('',#2182);
#2182 = CARTESIAN_POINT('',(30.5,-29.76080246913,-103.6513675971));
#2183 = SURFACE_CURVE('',#2184,(#2190,#2197),.PCURVE_S1.);
#2184 = ( BOUNDED_CURVE() B_SPLINE_CURVE(4,(#2185,#2186,#2187,#2188,
#2189),.UNSPECIFIED.,.F.,.F.) B_SPLINE_CURVE_WITH_KNOTS((5,5),(0.,1.),
.PIECEWISE_BEZIER_KNOTS.) CURVE() GEOMETRIC_REPRESENTATION_ITEM() 
RATIONAL_B_SPLINE_CURVE((1.,1.,1.,1.,1.)) REPRESENTATION_ITEM('') );
#2185 = CARTESIAN_POINT('',(21.168,-20.4,-134.));
#2186 = CARTESIAN_POINT('',(46.667779042337,-45.97848206407,
    -74.89946339855));
#2187 = CARTESIAN_POINT('',(32.531411138377,-31.79848339497,
    4.704294879977));
#2188 = CARTESIAN_POINT('',(43.052180774783,-42.3517245426,
    66.857252864212));
#2189 = CARTESIAN_POINT('',(23.5008,-22.74,134.));
#2190 = PCURVE('',#441,#2191);
#2191 = DEFINITIONAL_REPRESENTATION('',(#2192),#2196);
#2192 = LINE('',#2193,#2194);
#2193 = CARTESIAN_POINT('',(1.,0.));
#2194 = VECTOR('',#2195,1.);
#2195 = DIRECTION('',(0.,1.));
#2196 = ( GEOMETRIC_REPRESENTATION_CONTEXT(2) 
PARAMETRIC_REPRESENTATION_CONTEXT() REPRESENTATION_CONTEXT('2D SPACE',''
  ) );
#2197 = PCURVE('',#1197,#2198);
#2198 = DEFINITIONAL_REPRESENTATION('',(#2199),#2203);
#2199 = LINE('',#2200,#2201);
#2200 = CARTESIAN_POINT('',(1.,0.));
#2201 = VECTOR('',#2202,1.);
#2202 = DIRECTION('',(0.,1.));
#2203 = ( GEOMETRIC_REPRESENTATION_CONTEXT(2) 
PARAMETRIC_REPRESENTATION_CONTEXT() REPRESENTATION_CONTEXT('2D SPACE',''
  ) );
#2204 = ORIENTED_EDGE('',*,*,#2205,.F.);
#2205 = EDGE_CURVE('',#394,#2181,#2206,.T.);
#2206 = SURFACE_CURVE('',#2207,(#2214,#2224),.PCURVE_S1.);
#2207 = B_SPLINE_CURVE_WITH_KNOTS('',5,(#2208,#2209,#2210,#2211,#2212,
    #2213),.UNSPECIFIED.,.F.,.F.,(6,6),(0.,1.),
  .PIECEWISE_BEZIER_KNOTS.);
#2208 = CARTESIAN_POINT('',(30.5,-25.35311271865,-113.));
#2209 = CARTESIAN_POINT('',(30.5,-26.31494990946,-111.1697398806));
#2210 = CARTESIAN_POINT('',(30.5,-27.23618390334,-109.3180357689));
#2211 = CARTESIAN_POINT('',(30.5,-28.11709645377,-107.4466105323));
#2212 = CARTESIAN_POINT('',(30.5,-28.95833746994,-105.5571742627));
#2213 = CARTESIAN_POINT('',(30.5,-29.76080246913,-103.6513675971));
#2214 = PCURVE('',#441,#2215);
#2215 = DEFINITIONAL_REPRESENTATION('',(#2216),#2223);
#2216 = B_SPLINE_CURVE_WITH_KNOTS('',5,(#2217,#2218,#2219,#2220,#2221,
    #2222),.UNSPECIFIED.,.F.,.F.,(6,6),(0.,1.),
  .PIECEWISE_BEZIER_KNOTS.);
#2217 = CARTESIAN_POINT('',(1.199943022499,8.542124389554E-02));
#2218 = CARTESIAN_POINT('',(1.152919290121,9.262001069837E-02));
#2219 = CARTESIAN_POINT('',(1.109875181112,9.985891155085E-02));
#2220 = CARTESIAN_POINT('',(1.070291895264,0.107132590391));
#2221 = CARTESIAN_POINT('',(1.033775441773,0.114436074022));
#2222 = CARTESIAN_POINT('',(1.,0.121764849261));
#2223 = ( GEOMETRIC_REPRESENTATION_CONTEXT(2) 
PARAMETRIC_REPRESENTATION_CONTEXT() REPRESENTATION_CONTEXT('2D SPACE',''
  ) );
#2224 = PCURVE('',#409,#2225);
#2225 = DEFINITIONAL_REPRESENTATION('',(#2226),#2233);
#2226 = B_SPLINE_CURVE_WITH_KNOTS('',5,(#2227,#2228,#2229,#2230,#2231,
    #2232),.UNSPECIFIED.,.F.,.F.,(6,6),(0.,1.),
  .PIECEWISE_BEZIER_KNOTS.);
#2227 = CARTESIAN_POINT('',(0.,-116.6468872813));
#2228 = CARTESIAN_POINT('',(1.830260119304,-115.6850500905));
#2229 = CARTESIAN_POINT('',(3.681964231017,-114.7638160966));
#2230 = CARTESIAN_POINT('',(5.553389467691,-113.8829035462));
#2231 = CARTESIAN_POINT('',(7.442825737263,-113.04166253));
#2232 = CARTESIAN_POINT('',(9.348632402827,-112.2391975308));
#2233 = ( GEOMETRIC_REPRESENTATION_CONTEXT(2) 
PARAMETRIC_REPRESENTATION_CONTEXT() REPRESENTATION_CONTEXT('2D SPACE',''
  ) );
#2234 = ORIENTED_EDGE('',*,*,#421,.T.);
#2235 = ADVANCED_FACE('',(#2236),#409,.F.);
#2236 = FACE_BOUND('',#2237,.F.);
#2237 = EDGE_LOOP('',(#2238,#2261,#2262,#2263,#2264,#2265));
#2238 = ORIENTED_EDGE('',*,*,#2239,.F.);
#2239 = EDGE_CURVE('',#1323,#2240,#2242,.T.);
#2240 = VERTEX_POINT('',#2241);
#2241 = CARTESIAN_POINT('',(30.5,-35.28308780049,-61.));
#2242 = SURFACE_CURVE('',#2243,(#2247,#2254),.PCURVE_S1.);
#2243 = LINE('',#2244,#2245);
#2244 = CARTESIAN_POINT('',(30.5,-142.,-61.));
#2245 = VECTOR('',#2246,1.);
#2246 = DIRECTION('',(0.,1.,0.));
#2247 = PCURVE('',#409,#2248);
#2248 = DEFINITIONAL_REPRESENTATION('',(#2249),#2253);
#2249 = LINE('',#2250,#2251);
#2250 = CARTESIAN_POINT('',(52.,0.));
#2251 = VECTOR('',#2252,1.);
#2252 = DIRECTION('',(0.,-1.));
#2253 = ( GEOMETRIC_REPRESENTATION_CONTEXT(2) 
PARAMETRIC_REPRESENTATION_CONTEXT() REPRESENTATION_CONTEXT('2D SPACE',''
  ) );
#2254 = PCURVE('',#1342,#2255);
#2255 = DEFINITIONAL_REPRESENTATION('',(#2256),#2260);
#2256 = LINE('',#2257,#2258);
#2257 = CARTESIAN_POINT('',(61.,0.));
#2258 = VECTOR('',#2259,1.);
#2259 = DIRECTION('',(0.,1.));
#2260 = ( GEOMETRIC_REPRESENTATION_CONTEXT(2) 
PARAMETRIC_REPRESENTATION_CONTEXT() REPRESENTATION_CONTEXT('2D SPACE',''
  ) );
#2261 = ORIENTED_EDGE('',*,*,#1356,.F.);
#2262 = ORIENTED_EDGE('',*,*,#646,.F.);
#2263 = ORIENTED_EDGE('',*,*,#393,.T.);
#2264 = ORIENTED_EDGE('',*,*,#2205,.T.);
#2265 = ORIENTED_EDGE('',*,*,#2266,.T.);
#2266 = EDGE_CURVE('',#2181,#2240,#2267,.T.);
#2267 = SURFACE_CURVE('',#2268,(#2277,#2289),.PCURVE_S1.);
#2268 = B_SPLINE_CURVE_WITH_KNOTS('',7,(#2269,#2270,#2271,#2272,#2273,
    #2274,#2275,#2276),.UNSPECIFIED.,.F.,.F.,(8,8),(0.,1.),
  .PIECEWISE_BEZIER_KNOTS.);
#2269 = CARTESIAN_POINT('',(30.5,-29.76080246913,-103.6513675971));
#2270 = CARTESIAN_POINT('',(30.5,-31.0294955403,-97.63449734631));
#2271 = CARTESIAN_POINT('',(30.5,-32.09425236979,-91.57580339779));
#2272 = CARTESIAN_POINT('',(30.5,-32.9860173406,-85.48817366838));
#2273 = CARTESIAN_POINT('',(30.5,-33.73071117505,-79.38140312813));
#2274 = CARTESIAN_POINT('',(30.5,-34.35013385721,-73.26231259981));
#2275 = CARTESIAN_POINT('',(30.5,-34.86253797135,-67.13481995037));
#2276 = CARTESIAN_POINT('',(30.5,-35.28308780049,-61.));
#2277 = PCURVE('',#409,#2278);
#2278 = DEFINITIONAL_REPRESENTATION('',(#2279),#2288);
#2279 = B_SPLINE_CURVE_WITH_KNOTS('',7,(#2280,#2281,#2282,#2283,#2284,
    #2285,#2286,#2287),.UNSPECIFIED.,.F.,.F.,(8,8),(0.,1.),
  .PIECEWISE_BEZIER_KNOTS.);
#2280 = CARTESIAN_POINT('',(9.348632402827,-112.2391975308));
#2281 = CARTESIAN_POINT('',(15.36550265369,-110.9705044596));
#2282 = CARTESIAN_POINT('',(21.424196602206,-109.9057476302));
#2283 = CARTESIAN_POINT('',(27.511826331615,-109.0139826593));
#2284 = CARTESIAN_POINT('',(33.618596871861,-108.2692888249));
#2285 = CARTESIAN_POINT('',(39.737687400181,-107.6498661427));
#2286 = CARTESIAN_POINT('',(45.865180049628,-107.1374620286));
#2287 = CARTESIAN_POINT('',(52.,-106.7169121995));
#2288 = ( GEOMETRIC_REPRESENTATION_CONTEXT(2) 
PARAMETRIC_REPRESENTATION_CONTEXT() REPRESENTATION_CONTEXT('2D SPACE',''
  ) );
#2289 = PCURVE('',#1197,#2290);
#2290 = DEFINITIONAL_REPRESENTATION('',(#2291),#2300);
#2291 = B_SPLINE_CURVE_WITH_KNOTS('',7,(#2292,#2293,#2294,#2295,#2296,
    #2297,#2298,#2299),.UNSPECIFIED.,.F.,.F.,(8,8),(0.,1.),
  .PIECEWISE_BEZIER_KNOTS.);
#2292 = CARTESIAN_POINT('',(1.,0.121764849261));
#2293 = CARTESIAN_POINT('',(0.979265747538,0.144902710257));
#2294 = CARTESIAN_POINT('',(0.963869109458,0.16785104936));
#2295 = CARTESIAN_POINT('',(0.951806343318,0.190627773745));
#2296 = CARTESIAN_POINT('',(0.942272394471,0.213252162977));
#2297 = CARTESIAN_POINT('',(0.934622798309,0.235746253265));
#2298 = CARTESIAN_POINT('',(0.928480752061,0.258135851293));
#2299 = CARTESIAN_POINT('',(0.923548829618,0.280451550775));
#2300 = ( GEOMETRIC_REPRESENTATION_CONTEXT(2) 
PARAMETRIC_REPRESENTATION_CONTEXT() REPRESENTATION_CONTEXT('2D SPACE',''
  ) );
#2301 = ADVANCED_FACE('',(#2302),#582,.T.);
#2302 = FACE_BOUND('',#2303,.T.);
#2303 = EDGE_LOOP('',(#2304,#2305,#2306,#2450));
#2304 = ORIENTED_EDGE('',*,*,#564,.F.);
#2305 = ORIENTED_EDGE('',*,*,#686,.T.);
#2306 = ORIENTED_EDGE('',*,*,#2307,.T.);
#2307 = EDGE_CURVE('',#687,#1100,#2308,.T.);
#2308 = SURFACE_CURVE('',#2309,(#2354,#2402),.PCURVE_S1.);
#2309 = B_SPLINE_CURVE_WITH_KNOTS('',8,(#2310,#2311,#2312,#2313,#2314,
    #2315,#2316,#2317,#2318,#2319,#2320,#2321,#2322,#2323,#2324,#2325,
    #2326,#2327,#2328,#2329,#2330,#2331,#2332,#2333,#2334,#2335,#2336,
    #2337,#2338,#2339,#2340,#2341,#2342,#2343,#2344,#2345,#2346,#2347,
    #2348,#2349,#2350,#2351,#2352,#2353),.UNSPECIFIED.,.F.,.F.,(9,7,7,7,
    7,7,9),(0.,0.133997868221,0.268906541192,0.533856468101,
    0.677152511691,0.819496027654,1.),.UNSPECIFIED.);
#2310 = CARTESIAN_POINT('',(32.4,0.,-134.));
#2311 = CARTESIAN_POINT('',(34.756864830499,0.,-130.067016005));
#2312 = CARTESIAN_POINT('',(36.925503248541,0.,-126.021597589));
#2313 = CARTESIAN_POINT('',(38.907653875959,0.,-121.8791869048));
#2314 = CARTESIAN_POINT('',(40.709805082828,0.,-117.6549365482));
#2315 = CARTESIAN_POINT('',(42.3415010008,0.,-113.3630135761));
#2316 = CARTESIAN_POINT('',(43.813977717552,0.,-109.0160297313));
#2317 = CARTESIAN_POINT('',(45.13915335905,0.,-104.6246144647));
#2318 = CARTESIAN_POINT('',(47.526925720998,0.,-95.73958602763));
#2319 = CARTESIAN_POINT('',(48.587602451216,0.,-91.24575416324));
#2320 = CARTESIAN_POINT('',(49.523487300569,0.,-86.72338933749));
#2321 = CARTESIAN_POINT('',(50.346610629302,0.,-82.17906941055));
#2322 = CARTESIAN_POINT('',(51.068237271188,0.,-77.6181509808));
#2323 = CARTESIAN_POINT('',(51.698708821989,0.,-73.04473959843));
#2324 = CARTESIAN_POINT('',(52.247391643508,0.,-68.46167887549));
#2325 = CARTESIAN_POINT('',(53.656047754247,0.,-54.85392433292));
#2326 = CARTESIAN_POINT('',(54.305704533535,0.,-45.81169291697));
#2327 = CARTESIAN_POINT('',(54.735788054055,0.,-36.75467076858));
#2328 = CARTESIAN_POINT('',(54.993536694455,0.,-27.69089086375));
#2329 = CARTESIAN_POINT('',(55.1136005578,0.,-18.62575507499));
#2330 = CARTESIAN_POINT('',(55.119094005186,0.,-9.562079012619));
#2331 = CARTESIAN_POINT('',(55.02194875904,0.,-0.5001312318));
#2332 = CARTESIAN_POINT('',(54.713926836259,0.,13.463747911964));
#2333 = CARTESIAN_POINT('',(54.575771807584,0.,18.364379838391));
#2334 = CARTESIAN_POINT('',(54.407589992809,0.,23.264166934219));
#2335 = CARTESIAN_POINT('',(54.208385928489,0.,28.162889296542));
#2336 = CARTESIAN_POINT('',(53.976143735123,0.,33.06020324565));
#2337 = CARTESIAN_POINT('',(53.70779319549,0.,37.955639867205));
#2338 = CARTESIAN_POINT('',(53.399189337587,0.,42.848604278028));
#2339 = CARTESIAN_POINT('',(52.693442638912,0.,52.595646406686));
#2340 = CARTESIAN_POINT('',(52.296922350416,0.,57.449487120052));
#2341 = CARTESIAN_POINT('',(51.850487638366,0.,62.299319926779));
#2342 = CARTESIAN_POINT('',(51.348055671432,0.,67.144043901661));
#2343 = CARTESIAN_POINT('',(50.782601189549,0.,71.982042963079));
#2344 = CARTESIAN_POINT('',(50.14629070735,0.,76.811202459262));
#2345 = CARTESIAN_POINT('',(49.430732753885,0.,81.628938822533));
#2346 = CARTESIAN_POINT('',(47.608648854208,0.,92.523255836918));
#2347 = CARTESIAN_POINT('',(46.448664702805,0.,98.591495007354));
#2348 = CARTESIAN_POINT('',(45.130165512525,0.,104.62951238082));
#2349 = CARTESIAN_POINT('',(43.63577241771,0.,110.62799407349));
#2350 = CARTESIAN_POINT('',(41.949415772029,0.,116.57615581016));
#2351 = CARTESIAN_POINT('',(40.058456741084,0.,122.46230622482));
#2352 = CARTESIAN_POINT('',(37.955637816629,0.,128.27434992734));
#2353 = CARTESIAN_POINT('',(35.64,0.,134.));
#2354 = PCURVE('',#582,#2355);
#2355 = DEFINITIONAL_REPRESENTATION('',(#2356),#2401);
#2356 = B_SPLINE_CURVE_WITH_KNOTS('',8,(#2357,#2358,#2359,#2360,#2361,
    #2362,#2363,#2364,#2365,#2366,#2367,#2368,#2369,#2370,#2371,#2372,
    #2373,#2374,#2375,#2376,#2377,#2378,#2379,#2380,#2381,#2382,#2383,
    #2384,#2385,#2386,#2387,#2388,#2389,#2390,#2391,#2392,#2393,#2394,
    #2395,#2396,#2397,#2398,#2399,#2400),.UNSPECIFIED.,.F.,.F.,(9,7,7,7,
    7,7,9),(0.,0.133997868221,0.268906541192,0.533856468101,
    0.677152511691,0.819496027654,1.),.UNSPECIFIED.);
#2357 = CARTESIAN_POINT('',(2.5,0.));
#2358 = CARTESIAN_POINT('',(2.5,1.663683707947E-02));
#2359 = CARTESIAN_POINT('',(2.5,3.342006222956E-02));
#2360 = CARTESIAN_POINT('',(2.5,5.030124674059E-02));
#2361 = CARTESIAN_POINT('',(2.5,6.723930263242E-02));
#2362 = CARTESIAN_POINT('',(2.5,8.420054709694E-02));
#2363 = CARTESIAN_POINT('',(2.5,0.10115880538));
#2364 = CARTESIAN_POINT('',(2.5,0.118095540726));
#2365 = CARTESIAN_POINT('',(2.5,0.152019361564));
#2366 = CARTESIAN_POINT('',(2.5,0.169004963357));
#2367 = CARTESIAN_POINT('',(2.5,0.185948972951));
#2368 = CARTESIAN_POINT('',(2.5,0.202846949526));
#2369 = CARTESIAN_POINT('',(2.5,0.219697627554));
#2370 = CARTESIAN_POINT('',(2.5,0.236502845509));
#2371 = CARTESIAN_POINT('',(2.5,0.253267574283));
#2372 = CARTESIAN_POINT('',(2.5,0.302861156166));
#2373 = CARTESIAN_POINT('',(2.5,0.335577583711));
#2374 = CARTESIAN_POINT('',(2.5,0.36821589908));
#2375 = CARTESIAN_POINT('',(2.5,0.40083137857));
#2376 = CARTESIAN_POINT('',(2.5,0.433473599747));
#2377 = CARTESIAN_POINT('',(2.5,0.466188125858));
#2378 = CARTESIAN_POINT('',(2.5,0.499017403637));
#2379 = CARTESIAN_POINT('',(2.5,0.549838372787));
#2380 = CARTESIAN_POINT('',(2.5,0.56771828341));
#2381 = CARTESIAN_POINT('',(2.5,0.585644140914));
#2382 = CARTESIAN_POINT('',(2.5,0.603618751353));
#2383 = CARTESIAN_POINT('',(2.5,0.621643254768));
#2384 = CARTESIAN_POINT('',(2.5,0.639717006166));
#2385 = CARTESIAN_POINT('',(2.5,0.657837445295));
#2386 = CARTESIAN_POINT('',(2.5,0.694041823282));
#2387 = CARTESIAN_POINT('',(2.5,0.712124166799));
#2388 = CARTESIAN_POINT('',(2.5,0.730243005005));
#2389 = CARTESIAN_POINT('',(2.5,0.748390877109));
#2390 = CARTESIAN_POINT('',(2.5,0.766556774031));
#2391 = CARTESIAN_POINT('',(2.5,0.784726106076));
#2392 = CARTESIAN_POINT('',(2.5,0.802880853238));
#2393 = CARTESIAN_POINT('',(2.5,0.843976655761));
#2394 = CARTESIAN_POINT('',(2.5,0.866897698676));
#2395 = CARTESIAN_POINT('',(2.5,0.889715290944));
#2396 = CARTESIAN_POINT('',(2.5,0.912370953788));
#2397 = CARTESIAN_POINT('',(2.5,0.934797748852));
#2398 = CARTESIAN_POINT('',(2.5,0.956924628157));
#2399 = CARTESIAN_POINT('',(2.5,0.978681055226));
#2400 = CARTESIAN_POINT('',(2.5,1.));
#2401 = ( GEOMETRIC_REPRESENTATION_CONTEXT(2) 
PARAMETRIC_REPRESENTATION_CONTEXT() REPRESENTATION_CONTEXT('2D SPACE',''
  ) );
#2402 = PCURVE('',#722,#2403);
#2403 = DEFINITIONAL_REPRESENTATION('',(#2404),#2449);
#2404 = B_SPLINE_CURVE_WITH_KNOTS('',8,(#2405,#2406,#2407,#2408,#2409,
    #2410,#2411,#2412,#2413,#2414,#2415,#2416,#2417,#2418,#2419,#2420,
    #2421,#2422,#2423,#2424,#2425,#2426,#2427,#2428,#2429,#2430,#2431,
    #2432,#2433,#2434,#2435,#2436,#2437,#2438,#2439,#2440,#2441,#2442,
    #2443,#2444,#2445,#2446,#2447,#2448),.UNSPECIFIED.,.F.,.F.,(9,7,7,7,
    7,7,9),(0.,0.133997868221,0.268906541192,0.533856468101,
    0.677152511691,0.819496027654,1.),.UNSPECIFIED.);
#2405 = CARTESIAN_POINT('',(26.8,140.4));
#2406 = CARTESIAN_POINT('',(30.73298399499,142.75686483049));
#2407 = CARTESIAN_POINT('',(34.778402410933,144.92550324854));
#2408 = CARTESIAN_POINT('',(38.920813095126,146.90765387595));
#2409 = CARTESIAN_POINT('',(43.145063451768,148.70980508282));
#2410 = CARTESIAN_POINT('',(47.436986423893,150.3415010008));
#2411 = CARTESIAN_POINT('',(51.783970268604,151.81397771755));
#2412 = CARTESIAN_POINT('',(56.175385535207,153.13915335905));
#2413 = CARTESIAN_POINT('',(65.060413972367,155.52692572099));
#2414 = CARTESIAN_POINT('',(69.554245836755,156.58760245121));
#2415 = CARTESIAN_POINT('',(74.076610662507,157.52348730056));
#2416 = CARTESIAN_POINT('',(78.620930589444,158.3466106293));
#2417 = CARTESIAN_POINT('',(83.181849019192,159.06823727118));
#2418 = CARTESIAN_POINT('',(87.755260401569,159.69870882198));
#2419 = CARTESIAN_POINT('',(92.338321124503,160.2473916435));
#2420 = CARTESIAN_POINT('',(105.94607566707,161.65604775424));
#2421 = CARTESIAN_POINT('',(114.98830708302,162.30570453353));
#2422 = CARTESIAN_POINT('',(124.04532923141,162.73578805405));
#2423 = CARTESIAN_POINT('',(133.10910913624,162.99353669445));
#2424 = CARTESIAN_POINT('',(142.174244925,163.1136005578));
#2425 = CARTESIAN_POINT('',(151.23792098738,163.11909400518));
#2426 = CARTESIAN_POINT('',(160.2998687682,163.02194875904));
#2427 = CARTESIAN_POINT('',(174.26374791196,162.71392683625));
#2428 = CARTESIAN_POINT('',(179.16437983839,162.57577180758));
#2429 = CARTESIAN_POINT('',(184.06416693421,162.4075899928));
#2430 = CARTESIAN_POINT('',(188.96288929654,162.20838592848));
#2431 = CARTESIAN_POINT('',(193.86020324565,161.97614373512));
#2432 = CARTESIAN_POINT('',(198.7556398672,161.70779319549));
#2433 = CARTESIAN_POINT('',(203.64860427802,161.39918933758));
#2434 = CARTESIAN_POINT('',(213.39564640668,160.69344263891));
#2435 = CARTESIAN_POINT('',(218.24948712005,160.29692235041));
#2436 = CARTESIAN_POINT('',(223.09931992677,159.85048763836));
#2437 = CARTESIAN_POINT('',(227.94404390166,159.34805567143));
#2438 = CARTESIAN_POINT('',(232.78204296307,158.78260118954));
#2439 = CARTESIAN_POINT('',(237.61120245926,158.14629070735));
#2440 = CARTESIAN_POINT('',(242.42893882253,157.43073275388));
#2441 = CARTESIAN_POINT('',(253.32325583691,155.6086488542));
#2442 = CARTESIAN_POINT('',(259.39149500735,154.4486647028));
#2443 = CARTESIAN_POINT('',(265.42951238082,153.13016551252));
#2444 = CARTESIAN_POINT('',(271.42799407349,151.63577241771));
#2445 = CARTESIAN_POINT('',(277.37615581016,149.94941577202));
#2446 = CARTESIAN_POINT('',(283.26230622482,148.05845674108));
#2447 = CARTESIAN_POINT('',(289.07434992734,145.95563781662));
#2448 = CARTESIAN_POINT('',(294.8,143.64));
#2449 = ( GEOMETRIC_REPRESENTATION_CONTEXT(2) 
PARAMETRIC_REPRESENTATION_CONTEXT() REPRESENTATION_CONTEXT('2D SPACE',''
  ) );
#2450 = ORIENTED_EDGE('',*,*,#1099,.F.);
#2451 = ADVANCED_FACE('',(#2452),#875,.T.);
#2452 = FACE_BOUND('',#2453,.T.);
#2453 = EDGE_LOOP('',(#2454,#2598,#2599,#2600));
#2454 = ORIENTED_EDGE('',*,*,#2455,.F.);
#2455 = EDGE_CURVE('',#829,#1237,#2456,.T.);
#2456 = SURFACE_CURVE('',#2457,(#2502,#2550),.PCURVE_S1.);
#2457 = B_SPLINE_CURVE_WITH_KNOTS('',8,(#2458,#2459,#2460,#2461,#2462,
    #2463,#2464,#2465,#2466,#2467,#2468,#2469,#2470,#2471,#2472,#2473,
    #2474,#2475,#2476,#2477,#2478,#2479,#2480,#2481,#2482,#2483,#2484,
    #2485,#2486,#2487,#2488,#2489,#2490,#2491,#2492,#2493,#2494,#2495,
    #2496,#2497,#2498,#2499,#2500,#2501),.UNSPECIFIED.,.F.,.F.,(9,7,7,7,
    7,7,9),(0.,0.133997868222,0.268906541194,0.533856468104,
    0.677152511693,0.819496027656,1.),.UNSPECIFIED.);
#2458 = CARTESIAN_POINT('',(-29.4,0.,-134.));
#2459 = CARTESIAN_POINT('',(-31.75686483049,0.,-130.067016005));
#2460 = CARTESIAN_POINT('',(-33.92550324854,0.,-126.021597589));
#2461 = CARTESIAN_POINT('',(-35.90765387595,0.,-121.8791869048));
#2462 = CARTESIAN_POINT('',(-37.70980508282,0.,-117.6549365482));
#2463 = CARTESIAN_POINT('',(-39.3415010008,0.,-113.3630135761));
#2464 = CARTESIAN_POINT('',(-40.81397771755,0.,-109.0160297313));
#2465 = CARTESIAN_POINT('',(-42.13915335905,0.,-104.6246144647));
#2466 = CARTESIAN_POINT('',(-44.526925721,0.,-95.73958602762));
#2467 = CARTESIAN_POINT('',(-45.58760245121,0.,-91.24575416326));
#2468 = CARTESIAN_POINT('',(-46.52348730057,0.,-86.72338933747));
#2469 = CARTESIAN_POINT('',(-47.3466106293,0.,-82.17906941055));
#2470 = CARTESIAN_POINT('',(-48.06823727118,0.,-77.61815098083));
#2471 = CARTESIAN_POINT('',(-48.69870882199,0.,-73.0447395984));
#2472 = CARTESIAN_POINT('',(-49.2473916435,0.,-68.4616788755));
#2473 = CARTESIAN_POINT('',(-50.65604775424,0.,-54.85392433294));
#2474 = CARTESIAN_POINT('',(-51.30570453354,0.,-45.81169291686));
#2475 = CARTESIAN_POINT('',(-51.73578805402,0.,-36.75467076883));
#2476 = CARTESIAN_POINT('',(-51.99353669449,0.,-27.69089086345));
#2477 = CARTESIAN_POINT('',(-52.11360055777,0.,-18.62575507521));
#2478 = CARTESIAN_POINT('',(-52.11909400519,0.,-9.562079012539));
#2479 = CARTESIAN_POINT('',(-52.02194875904,0.,-0.50013123181));
#2480 = CARTESIAN_POINT('',(-51.71392683626,0.,13.463747911902));
#2481 = CARTESIAN_POINT('',(-51.57577180757,0.,18.364379838575));
#2482 = CARTESIAN_POINT('',(-51.40758999281,0.,23.264166934022));
#2483 = CARTESIAN_POINT('',(-51.20838592848,0.,28.162889296538));
#2484 = CARTESIAN_POINT('',(-50.97614373511,0.,33.060203245846));
#2485 = CARTESIAN_POINT('',(-50.70779319549,0.,37.955639867029));
#2486 = CARTESIAN_POINT('',(-50.39918933758,0.,42.848604278085));
#2487 = CARTESIAN_POINT('',(-49.69344263891,0.,52.59564640671));
#2488 = CARTESIAN_POINT('',(-49.29692235042,0.,57.449487119977));
#2489 = CARTESIAN_POINT('',(-48.85048763836,0.,62.29931992686));
#2490 = CARTESIAN_POINT('',(-48.34805567143,0.,67.144043901664));
#2491 = CARTESIAN_POINT('',(-47.78260118955,0.,71.982042962998));
#2492 = CARTESIAN_POINT('',(-47.14629070734,0.,76.811202459332));
#2493 = CARTESIAN_POINT('',(-46.43073275388,0.,81.628938822512));
#2494 = CARTESIAN_POINT('',(-44.60864885422,0.,92.523255836827));
#2495 = CARTESIAN_POINT('',(-43.44866470275,0.,98.591495007615));
#2496 = CARTESIAN_POINT('',(-42.13016551258,0.,104.62951238055));
#2497 = CARTESIAN_POINT('',(-40.6357724177,0.,110.62799407348));
#2498 = CARTESIAN_POINT('',(-38.94941577196,0.,116.57615581043));
#2499 = CARTESIAN_POINT('',(-37.05845674115,0.,122.46230622459));
#2500 = CARTESIAN_POINT('',(-34.9556378166,0.,128.27434992741));
#2501 = CARTESIAN_POINT('',(-32.64,0.,134.));
#2502 = PCURVE('',#875,#2503);
#2503 = DEFINITIONAL_REPRESENTATION('',(#2504),#2549);
#2504 = B_SPLINE_CURVE_WITH_KNOTS('',8,(#2505,#2506,#2507,#2508,#2509,
    #2510,#2511,#2512,#2513,#2514,#2515,#2516,#2517,#2518,#2519,#2520,
    #2521,#2522,#2523,#2524,#2525,#2526,#2527,#2528,#2529,#2530,#2531,
    #2532,#2533,#2534,#2535,#2536,#2537,#2538,#2539,#2540,#2541,#2542,
    #2543,#2544,#2545,#2546,#2547,#2548),.UNSPECIFIED.,.F.,.F.,(9,7,7,7,
    7,7,9),(0.,0.133997868222,0.268906541194,0.533856468104,
    0.677152511693,0.819496027656,1.),.UNSPECIFIED.);
#2505 = CARTESIAN_POINT('',(26.8,78.6));
#2506 = CARTESIAN_POINT('',(30.732983994989,76.243135169502));
#2507 = CARTESIAN_POINT('',(34.778402410934,74.074496751458));
#2508 = CARTESIAN_POINT('',(38.920813095126,72.092346124042));
#2509 = CARTESIAN_POINT('',(43.145063451767,70.290194917172));
#2510 = CARTESIAN_POINT('',(47.436986423893,68.658498999199));
#2511 = CARTESIAN_POINT('',(51.783970268604,67.186022282449));
#2512 = CARTESIAN_POINT('',(56.175385535207,65.86084664095));
#2513 = CARTESIAN_POINT('',(65.060413972373,63.473074279));
#2514 = CARTESIAN_POINT('',(69.554245836735,62.412397548789));
#2515 = CARTESIAN_POINT('',(74.07661066253,61.476512699426));
#2516 = CARTESIAN_POINT('',(78.620930589442,60.653389370697));
#2517 = CARTESIAN_POINT('',(83.181849019169,59.931762728817));
#2518 = CARTESIAN_POINT('',(87.755260401592,59.301291178007));
#2519 = CARTESIAN_POINT('',(92.338321124495,58.752608356493));
#2520 = CARTESIAN_POINT('',(105.94607566705,57.343952245755));
#2521 = CARTESIAN_POINT('',(114.98830708313,56.694295466453));
#2522 = CARTESIAN_POINT('',(124.04532923116,56.264211945974));
#2523 = CARTESIAN_POINT('',(133.10910913655,56.006463305508));
#2524 = CARTESIAN_POINT('',(142.17424492478,55.886399442225));
#2525 = CARTESIAN_POINT('',(151.23792098746,55.880905994807));
#2526 = CARTESIAN_POINT('',(160.29986876819,55.978051240959));
#2527 = CARTESIAN_POINT('',(174.2637479119,56.28607316374));
#2528 = CARTESIAN_POINT('',(179.16437983857,56.424228192421));
#2529 = CARTESIAN_POINT('',(184.06416693402,56.592410007184));
#2530 = CARTESIAN_POINT('',(188.96288929653,56.791614071513));
#2531 = CARTESIAN_POINT('',(193.86020324584,57.023856264884));
#2532 = CARTESIAN_POINT('',(198.75563986702,57.292206804501));
#2533 = CARTESIAN_POINT('',(203.64860427808,57.600810662417));
#2534 = CARTESIAN_POINT('',(213.39564640671,58.30655736109));
#2535 = CARTESIAN_POINT('',(218.24948711997,58.703077649578));
#2536 = CARTESIAN_POINT('',(223.09931992686,59.14951236164));
#2537 = CARTESIAN_POINT('',(227.94404390166,59.651944328567));
#2538 = CARTESIAN_POINT('',(232.78204296299,60.217398810445));
#2539 = CARTESIAN_POINT('',(237.61120245933,60.853709292657));
#2540 = CARTESIAN_POINT('',(242.42893882251,61.569267246111));
#2541 = CARTESIAN_POINT('',(253.32325583682,63.391351145777));
#2542 = CARTESIAN_POINT('',(259.39149500761,64.551335297246));
#2543 = CARTESIAN_POINT('',(265.42951238055,65.869834487411));
#2544 = CARTESIAN_POINT('',(271.42799407348,67.364227582299));
#2545 = CARTESIAN_POINT('',(277.37615581043,69.050584228035));
#2546 = CARTESIAN_POINT('',(283.26230622459,70.941543258844));
#2547 = CARTESIAN_POINT('',(289.07434992741,73.0443621834));
#2548 = CARTESIAN_POINT('',(294.8,75.36));
#2549 = ( GEOMETRIC_REPRESENTATION_CONTEXT(2) 
PARAMETRIC_REPRESENTATION_CONTEXT() REPRESENTATION_CONTEXT('2D SPACE',''
  ) );
#2550 = PCURVE('',#842,#2551);
#2551 = DEFINITIONAL_REPRESENTATION('',(#2552),#2597);
#2552 = B_SPLINE_CURVE_WITH_KNOTS('',8,(#2553,#2554,#2555,#2556,#2557,
    #2558,#2559,#2560,#2561,#2562,#2563,#2564,#2565,#2566,#2567,#2568,
    #2569,#2570,#2571,#2572,#2573,#2574,#2575,#2576,#2577,#2578,#2579,
    #2580,#2581,#2582,#2583,#2584,#2585,#2586,#2587,#2588,#2589,#2590,
    #2591,#2592,#2593,#2594,#2595,#2596),.UNSPECIFIED.,.F.,.F.,(9,7,7,7,
    7,7,9),(0.,0.133997868222,0.268906541194,0.533856468104,
    0.677152511693,0.819496027656,1.),.UNSPECIFIED.);
#2553 = CARTESIAN_POINT('',(6.5,0.));
#2554 = CARTESIAN_POINT('',(6.5,1.663683707946E-02));
#2555 = CARTESIAN_POINT('',(6.5,3.342006222957E-02));
#2556 = CARTESIAN_POINT('',(6.5,5.030124674059E-02));
#2557 = CARTESIAN_POINT('',(6.5,6.723930263241E-02));
#2558 = CARTESIAN_POINT('',(6.5,8.420054709694E-02));
#2559 = CARTESIAN_POINT('',(6.5,0.10115880538));
#2560 = CARTESIAN_POINT('',(6.5,0.118095540726));
#2561 = CARTESIAN_POINT('',(6.5,0.152019361564));
#2562 = CARTESIAN_POINT('',(6.5,0.169004963356));
#2563 = CARTESIAN_POINT('',(6.5,0.185948972951));
#2564 = CARTESIAN_POINT('',(6.5,0.202846949526));
#2565 = CARTESIAN_POINT('',(6.5,0.219697627554));
#2566 = CARTESIAN_POINT('',(6.5,0.236502845509));
#2567 = CARTESIAN_POINT('',(6.5,0.253267574283));
#2568 = CARTESIAN_POINT('',(6.5,0.302861156166));
#2569 = CARTESIAN_POINT('',(6.5,0.335577583711));
#2570 = CARTESIAN_POINT('',(6.5,0.368215899079));
#2571 = CARTESIAN_POINT('',(6.5,0.40083137857));
#2572 = CARTESIAN_POINT('',(6.5,0.433473599747));
#2573 = CARTESIAN_POINT('',(6.5,0.466188125858));
#2574 = CARTESIAN_POINT('',(6.5,0.499017403637));
#2575 = CARTESIAN_POINT('',(6.5,0.549838372787));
#2576 = CARTESIAN_POINT('',(6.5,0.56771828341));
#2577 = CARTESIAN_POINT('',(6.5,0.585644140913));
#2578 = CARTESIAN_POINT('',(6.5,0.603618751353));
#2579 = CARTESIAN_POINT('',(6.5,0.621643254769));
#2580 = CARTESIAN_POINT('',(6.5,0.639717006165));
#2581 = CARTESIAN_POINT('',(6.5,0.657837445296));
#2582 = CARTESIAN_POINT('',(6.5,0.694041823283));
#2583 = CARTESIAN_POINT('',(6.5,0.712124166799));
#2584 = CARTESIAN_POINT('',(6.5,0.730243005005));
#2585 = CARTESIAN_POINT('',(6.5,0.748390877109));
#2586 = CARTESIAN_POINT('',(6.5,0.76655677403));
#2587 = CARTESIAN_POINT('',(6.5,0.784726106076));
#2588 = CARTESIAN_POINT('',(6.5,0.802880853238));
#2589 = CARTESIAN_POINT('',(6.5,0.843976655761));
#2590 = CARTESIAN_POINT('',(6.5,0.866897698677));
#2591 = CARTESIAN_POINT('',(6.5,0.889715290943));
#2592 = CARTESIAN_POINT('',(6.5,0.912370953788));
#2593 = CARTESIAN_POINT('',(6.5,0.934797748853));
#2594 = CARTESIAN_POINT('',(6.5,0.956924628156));
#2595 = CARTESIAN_POINT('',(6.5,0.978681055226));
#2596 = CARTESIAN_POINT('',(6.5,1.));
#2597 = ( GEOMETRIC_REPRESENTATION_CONTEXT(2) 
PARAMETRIC_REPRESENTATION_CONTEXT() REPRESENTATION_CONTEXT('2D SPACE',''
  ) );
#2598 = ORIENTED_EDGE('',*,*,#860,.T.);
#2599 = ORIENTED_EDGE('',*,*,#908,.T.);
#2600 = ORIENTED_EDGE('',*,*,#1257,.F.);
#2601 = ADVANCED_FACE('',(#2602),#842,.F.);
#2602 = FACE_BOUND('',#2603,.F.);
#2603 = EDGE_LOOP('',(#2604,#2605,#2606,#2607));
#2604 = ORIENTED_EDGE('',*,*,#2455,.F.);
#2605 = ORIENTED_EDGE('',*,*,#828,.T.);
#2606 = ORIENTED_EDGE('',*,*,#2049,.T.);
#2607 = ORIENTED_EDGE('',*,*,#1236,.F.);
#2608 = ADVANCED_FACE('',(#2609),#747,.F.);
#2609 = FACE_BOUND('',#2610,.F.);
#2610 = EDGE_LOOP('',(#2611,#2612,#2613,#2757));
#2611 = ORIENTED_EDGE('',*,*,#2156,.F.);
#2612 = ORIENTED_EDGE('',*,*,#733,.T.);
#2613 = ORIENTED_EDGE('',*,*,#2614,.T.);
#2614 = EDGE_CURVE('',#708,#1121,#2615,.T.);
#2615 = SURFACE_CURVE('',#2616,(#2661,#2709),.PCURVE_S1.);
#2616 = B_SPLINE_CURVE_WITH_KNOTS('',8,(#2617,#2618,#2619,#2620,#2621,
    #2622,#2623,#2624,#2625,#2626,#2627,#2628,#2629,#2630,#2631,#2632,
    #2633,#2634,#2635,#2636,#2637,#2638,#2639,#2640,#2641,#2642,#2643,
    #2644,#2645,#2646,#2647,#2648,#2649,#2650,#2651,#2652,#2653,#2654,
    #2655,#2656,#2657,#2658,#2659,#2660),.UNSPECIFIED.,.F.,.F.,(9,7,7,7,
    7,7,9),(0.,0.133997868222,0.268906541195,0.533856468105,
    0.677152511693,0.819496027654,1.),.UNSPECIFIED.);
#2617 = CARTESIAN_POINT('',(29.4,0.,-134.));
#2618 = CARTESIAN_POINT('',(31.756864830498,0.,-130.067016005));
#2619 = CARTESIAN_POINT('',(33.925503248542,0.,-126.021597589));
#2620 = CARTESIAN_POINT('',(35.907653875958,0.,-121.8791869048));
#2621 = CARTESIAN_POINT('',(37.709805082828,0.,-117.6549365482));
#2622 = CARTESIAN_POINT('',(39.341501000801,0.,-113.3630135761));
#2623 = CARTESIAN_POINT('',(40.813977717552,0.,-109.0160297313));
#2624 = CARTESIAN_POINT('',(42.139153359049,0.,-104.6246144647));
#2625 = CARTESIAN_POINT('',(44.526925720997,0.,-95.73958602763));
#2626 = CARTESIAN_POINT('',(45.587602451217,0.,-91.24575416323));
#2627 = CARTESIAN_POINT('',(46.523487300569,0.,-86.72338933749));
#2628 = CARTESIAN_POINT('',(47.346610629302,0.,-82.17906941056));
#2629 = CARTESIAN_POINT('',(48.068237271188,0.,-77.6181509808));
#2630 = CARTESIAN_POINT('',(48.69870882199,0.,-73.04473959843));
#2631 = CARTESIAN_POINT('',(49.247391643507,0.,-68.46167887549));
#2632 = CARTESIAN_POINT('',(50.656047754239,0.,-54.853924333));
#2633 = CARTESIAN_POINT('',(51.305704533571,0.,-45.81169291657));
#2634 = CARTESIAN_POINT('',(51.735788053981,0.,-36.75467076949));
#2635 = CARTESIAN_POINT('',(51.993536694537,0.,-27.69089086256));
#2636 = CARTESIAN_POINT('',(52.113600557752,0.,-18.62575507592));
#2637 = CARTESIAN_POINT('',(52.119094005196,0.,-9.562079012205));
#2638 = CARTESIAN_POINT('',(52.021948759042,0.,-0.500131231885));
#2639 = CARTESIAN_POINT('',(51.71392683626,0.,13.463747911926));
#2640 = CARTESIAN_POINT('',(51.575771807581,0.,18.364379838525));
#2641 = CARTESIAN_POINT('',(51.407589992814,0.,23.264166934057));
#2642 = CARTESIAN_POINT('',(51.208385928487,0.,28.162889296548));
#2643 = CARTESIAN_POINT('',(50.976143735118,0.,33.060203245811));
#2644 = CARTESIAN_POINT('',(50.707793195497,0.,37.955639867057));
#2645 = CARTESIAN_POINT('',(50.399189337584,0.,42.848604278074));
#2646 = CARTESIAN_POINT('',(49.693442638912,0.,52.59564640668));
#2647 = CARTESIAN_POINT('',(49.296922350413,0.,57.449487120069));
#2648 = CARTESIAN_POINT('',(48.850487638372,0.,62.299319926756));
#2649 = CARTESIAN_POINT('',(48.348055671431,0.,67.144043901668));
#2650 = CARTESIAN_POINT('',(47.782601189544,0.,71.982042963103));
#2651 = CARTESIAN_POINT('',(47.146290707356,0.,76.811202459233));
#2652 = CARTESIAN_POINT('',(46.430732753883,0.,81.628938822545));
#2653 = CARTESIAN_POINT('',(44.608648854206,0.,92.523255836931));
#2654 = CARTESIAN_POINT('',(43.448664702814,0.,98.591495007318));
#2655 = CARTESIAN_POINT('',(42.130165512513,0.,104.62951238086));
#2656 = CARTESIAN_POINT('',(40.635772417712,0.,110.62799407349));
#2657 = CARTESIAN_POINT('',(38.94941577204,0.,116.57615581012));
#2658 = CARTESIAN_POINT('',(37.05845674107,0.,122.46230622485));
#2659 = CARTESIAN_POINT('',(34.955637816635,0.,128.27434992733));
#2660 = CARTESIAN_POINT('',(32.64,0.,134.));
#2661 = PCURVE('',#747,#2662);
#2662 = DEFINITIONAL_REPRESENTATION('',(#2663),#2708);
#2663 = B_SPLINE_CURVE_WITH_KNOTS('',8,(#2664,#2665,#2666,#2667,#2668,
    #2669,#2670,#2671,#2672,#2673,#2674,#2675,#2676,#2677,#2678,#2679,
    #2680,#2681,#2682,#2683,#2684,#2685,#2686,#2687,#2688,#2689,#2690,
    #2691,#2692,#2693,#2694,#2695,#2696,#2697,#2698,#2699,#2700,#2701,
    #2702,#2703,#2704,#2705,#2706,#2707),.UNSPECIFIED.,.F.,.F.,(9,7,7,7,
    7,7,9),(0.,0.133997868222,0.268906541195,0.533856468105,
    0.677152511693,0.819496027654,1.),.UNSPECIFIED.);
#2664 = CARTESIAN_POINT('',(2.5,0.));
#2665 = CARTESIAN_POINT('',(2.5,1.663683707946E-02));
#2666 = CARTESIAN_POINT('',(2.5,3.342006222957E-02));
#2667 = CARTESIAN_POINT('',(2.5,5.030124674059E-02));
#2668 = CARTESIAN_POINT('',(2.5,6.723930263241E-02));
#2669 = CARTESIAN_POINT('',(2.5,8.420054709694E-02));
#2670 = CARTESIAN_POINT('',(2.5,0.10115880538));
#2671 = CARTESIAN_POINT('',(2.5,0.118095540726));
#2672 = CARTESIAN_POINT('',(2.5,0.152019361564));
#2673 = CARTESIAN_POINT('',(2.5,0.169004963357));
#2674 = CARTESIAN_POINT('',(2.5,0.185948972951));
#2675 = CARTESIAN_POINT('',(2.5,0.202846949526));
#2676 = CARTESIAN_POINT('',(2.5,0.219697627554));
#2677 = CARTESIAN_POINT('',(2.5,0.236502845509));
#2678 = CARTESIAN_POINT('',(2.5,0.253267574283));
#2679 = CARTESIAN_POINT('',(2.5,0.302861156165));
#2680 = CARTESIAN_POINT('',(2.5,0.335577583712));
#2681 = CARTESIAN_POINT('',(2.5,0.368215899077));
#2682 = CARTESIAN_POINT('',(2.5,0.400831378574));
#2683 = CARTESIAN_POINT('',(2.5,0.433473599745));
#2684 = CARTESIAN_POINT('',(2.5,0.46618812586));
#2685 = CARTESIAN_POINT('',(2.5,0.499017403637));
#2686 = CARTESIAN_POINT('',(2.5,0.549838372787));
#2687 = CARTESIAN_POINT('',(2.5,0.56771828341));
#2688 = CARTESIAN_POINT('',(2.5,0.585644140913));
#2689 = CARTESIAN_POINT('',(2.5,0.603618751353));
#2690 = CARTESIAN_POINT('',(2.5,0.621643254769));
#2691 = CARTESIAN_POINT('',(2.5,0.639717006165));
#2692 = CARTESIAN_POINT('',(2.5,0.657837445295));
#2693 = CARTESIAN_POINT('',(2.5,0.694041823282));
#2694 = CARTESIAN_POINT('',(2.5,0.712124166799));
#2695 = CARTESIAN_POINT('',(2.5,0.730243005005));
#2696 = CARTESIAN_POINT('',(2.5,0.748390877109));
#2697 = CARTESIAN_POINT('',(2.5,0.766556774031));
#2698 = CARTESIAN_POINT('',(2.5,0.784726106076));
#2699 = CARTESIAN_POINT('',(2.5,0.802880853238));
#2700 = CARTESIAN_POINT('',(2.5,0.843976655761));
#2701 = CARTESIAN_POINT('',(2.5,0.866897698676));
#2702 = CARTESIAN_POINT('',(2.5,0.889715290944));
#2703 = CARTESIAN_POINT('',(2.5,0.912370953788));
#2704 = CARTESIAN_POINT('',(2.5,0.934797748852));
#2705 = CARTESIAN_POINT('',(2.5,0.956924628157));
#2706 = CARTESIAN_POINT('',(2.5,0.978681055226));
#2707 = CARTESIAN_POINT('',(2.5,1.));
#2708 = ( GEOMETRIC_REPRESENTATION_CONTEXT(2) 
PARAMETRIC_REPRESENTATION_CONTEXT() REPRESENTATION_CONTEXT('2D SPACE',''
  ) );
#2709 = PCURVE('',#722,#2710);
#2710 = DEFINITIONAL_REPRESENTATION('',(#2711),#2756);
#2711 = B_SPLINE_CURVE_WITH_KNOTS('',8,(#2712,#2713,#2714,#2715,#2716,
    #2717,#2718,#2719,#2720,#2721,#2722,#2723,#2724,#2725,#2726,#2727,
    #2728,#2729,#2730,#2731,#2732,#2733,#2734,#2735,#2736,#2737,#2738,
    #2739,#2740,#2741,#2742,#2743,#2744,#2745,#2746,#2747,#2748,#2749,
    #2750,#2751,#2752,#2753,#2754,#2755),.UNSPECIFIED.,.F.,.F.,(9,7,7,7,
    7,7,9),(0.,0.133997868222,0.268906541195,0.533856468105,
    0.677152511693,0.819496027654,1.),.UNSPECIFIED.);
#2712 = CARTESIAN_POINT('',(26.8,137.4));
#2713 = CARTESIAN_POINT('',(30.732983994989,139.75686483049));
#2714 = CARTESIAN_POINT('',(34.778402410934,141.92550324854));
#2715 = CARTESIAN_POINT('',(38.920813095127,143.90765387595));
#2716 = CARTESIAN_POINT('',(43.145063451766,145.70980508282));
#2717 = CARTESIAN_POINT('',(47.436986423892,147.3415010008));
#2718 = CARTESIAN_POINT('',(51.783970268606,148.81397771755));
#2719 = CARTESIAN_POINT('',(56.175385535206,150.13915335904));
#2720 = CARTESIAN_POINT('',(65.060413972363,152.52692572099));
#2721 = CARTESIAN_POINT('',(69.554245836764,153.58760245121));
#2722 = CARTESIAN_POINT('',(74.076610662501,154.52348730056));
#2723 = CARTESIAN_POINT('',(78.62093058944,155.3466106293));
#2724 = CARTESIAN_POINT('',(83.181849019199,156.06823727118));
#2725 = CARTESIAN_POINT('',(87.755260401567,156.69870882199));
#2726 = CARTESIAN_POINT('',(92.338321124502,157.2473916435));
#2727 = CARTESIAN_POINT('',(105.94607566699,158.65604775423));
#2728 = CARTESIAN_POINT('',(114.98830708342,159.30570453357));
#2729 = CARTESIAN_POINT('',(124.0453292305,159.73578805398));
#2730 = CARTESIAN_POINT('',(133.10910913743,159.99353669453));
#2731 = CARTESIAN_POINT('',(142.17424492407,160.11360055775));
#2732 = CARTESIAN_POINT('',(151.23792098779,160.11909400519));
#2733 = CARTESIAN_POINT('',(160.29986876811,160.02194875904));
#2734 = CARTESIAN_POINT('',(174.26374791192,159.71392683626));
#2735 = CARTESIAN_POINT('',(179.16437983852,159.57577180758));
#2736 = CARTESIAN_POINT('',(184.06416693405,159.40758999281));
#2737 = CARTESIAN_POINT('',(188.96288929654,159.20838592848));
#2738 = CARTESIAN_POINT('',(193.86020324581,158.97614373511));
#2739 = CARTESIAN_POINT('',(198.75563986705,158.70779319549));
#2740 = CARTESIAN_POINT('',(203.64860427807,158.39918933758));
#2741 = CARTESIAN_POINT('',(213.39564640668,157.69344263891));
#2742 = CARTESIAN_POINT('',(218.24948712006,157.29692235041));
#2743 = CARTESIAN_POINT('',(223.09931992675,156.85048763837));
#2744 = CARTESIAN_POINT('',(227.94404390166,156.34805567143));
#2745 = CARTESIAN_POINT('',(232.7820429631,155.78260118954));
#2746 = CARTESIAN_POINT('',(237.61120245923,155.14629070735));
#2747 = CARTESIAN_POINT('',(242.42893882254,154.43073275388));
#2748 = CARTESIAN_POINT('',(253.32325583693,152.6086488542));
#2749 = CARTESIAN_POINT('',(259.39149500731,151.44866470281));
#2750 = CARTESIAN_POINT('',(265.42951238086,150.13016551251));
#2751 = CARTESIAN_POINT('',(271.42799407349,148.63577241771));
#2752 = CARTESIAN_POINT('',(277.37615581012,146.94941577204));
#2753 = CARTESIAN_POINT('',(283.26230622485,145.05845674107));
#2754 = CARTESIAN_POINT('',(289.07434992733,142.95563781663));
#2755 = CARTESIAN_POINT('',(294.8,140.64));
#2756 = ( GEOMETRIC_REPRESENTATION_CONTEXT(2) 
PARAMETRIC_REPRESENTATION_CONTEXT() REPRESENTATION_CONTEXT('2D SPACE',''
  ) );
#2757 = ORIENTED_EDGE('',*,*,#1141,.F.);
#2758 = ADVANCED_FACE('',(#2759),#722,.T.);
#2759 = FACE_BOUND('',#2760,.T.);
#2760 = EDGE_LOOP('',(#2761,#2762,#2763,#2764));
#2761 = ORIENTED_EDGE('',*,*,#2307,.F.);
#2762 = ORIENTED_EDGE('',*,*,#707,.T.);
#2763 = ORIENTED_EDGE('',*,*,#2614,.T.);
#2764 = ORIENTED_EDGE('',*,*,#1120,.F.);
#2765 = ADVANCED_FACE('',(#2766,#2800,#2918,#3036,#3154),#1197,.F.);
#2766 = FACE_BOUND('',#2767,.F.);
#2767 = EDGE_LOOP('',(#2768,#2769,#2770,#2797,#2798,#2799));
#2768 = ORIENTED_EDGE('',*,*,#2098,.F.);
#2769 = ORIENTED_EDGE('',*,*,#2010,.F.);
#2770 = ORIENTED_EDGE('',*,*,#2771,.F.);
#2771 = EDGE_CURVE('',#2240,#1953,#2772,.T.);
#2772 = SURFACE_CURVE('',#2773,(#2779,#2788),.PCURVE_S1.);
#2773 = B_SPLINE_CURVE_WITH_KNOTS('',4,(#2774,#2775,#2776,#2777,#2778),
  .UNSPECIFIED.,.F.,.F.,(5,5),(0.,1.),.PIECEWISE_BEZIER_KNOTS.);
#2774 = CARTESIAN_POINT('',(30.5,-35.28308780049,-61.));
#2775 = CARTESIAN_POINT('',(15.25,-35.28308780049,-61.));
#2776 = CARTESIAN_POINT('',(4.760636329593E-13,-35.28308780049,-61.));
#2777 = CARTESIAN_POINT('',(-15.25,-35.28308780049,-61.));
#2778 = CARTESIAN_POINT('',(-30.5,-35.28308780049,-61.));
#2779 = PCURVE('',#1197,#2780);
#2780 = DEFINITIONAL_REPRESENTATION('',(#2781),#2787);
#2781 = B_SPLINE_CURVE_WITH_KNOTS('',4,(#2782,#2783,#2784,#2785,#2786),
  .UNSPECIFIED.,.F.,.F.,(5,5),(0.,1.),.PIECEWISE_BEZIER_KNOTS.);
#2782 = CARTESIAN_POINT('',(0.923548829618,0.280451550775));
#2783 = CARTESIAN_POINT('',(0.711774414809,0.280451550775));
#2784 = CARTESIAN_POINT('',(0.5,0.280451550775));
#2785 = CARTESIAN_POINT('',(0.288225585191,0.280451550775));
#2786 = CARTESIAN_POINT('',(7.645117038173E-02,0.280451550775));
#2787 = ( GEOMETRIC_REPRESENTATION_CONTEXT(2) 
PARAMETRIC_REPRESENTATION_CONTEXT() REPRESENTATION_CONTEXT('2D SPACE',''
  ) );
#2788 = PCURVE('',#1342,#2789);
#2789 = DEFINITIONAL_REPRESENTATION('',(#2790),#2796);
#2790 = B_SPLINE_CURVE_WITH_KNOTS('',4,(#2791,#2792,#2793,#2794,#2795),
  .UNSPECIFIED.,.F.,.F.,(5,5),(0.,1.),.PIECEWISE_BEZIER_KNOTS.);
#2791 = CARTESIAN_POINT('',(61.,106.7169121995));
#2792 = CARTESIAN_POINT('',(45.75,106.7169121995));
#2793 = CARTESIAN_POINT('',(30.5,106.7169121995));
#2794 = CARTESIAN_POINT('',(15.25,106.7169121995));
#2795 = CARTESIAN_POINT('',(0.,106.7169121995));
#2796 = ( GEOMETRIC_REPRESENTATION_CONTEXT(2) 
PARAMETRIC_REPRESENTATION_CONTEXT() REPRESENTATION_CONTEXT('2D SPACE',''
  ) );
#2797 = ORIENTED_EDGE('',*,*,#2266,.F.);
#2798 = ORIENTED_EDGE('',*,*,#2180,.T.);
#2799 = ORIENTED_EDGE('',*,*,#1183,.F.);
#2800 = FACE_BOUND('',#2801,.F.);
#2801 = EDGE_LOOP('',(#2802,#2833,#2862,#2891));
#2802 = ORIENTED_EDGE('',*,*,#2803,.F.);
#2803 = EDGE_CURVE('',#2804,#2806,#2808,.T.);
#2804 = VERTEX_POINT('',#2805);
#2805 = CARTESIAN_POINT('',(-24.,-36.40694449642,-37.));
#2806 = VERTEX_POINT('',#2807);
#2807 = CARTESIAN_POINT('',(-24.,-36.21297017649,-43.));
#2808 = SURFACE_CURVE('',#2809,(#2815,#2824),.PCURVE_S1.);
#2809 = B_SPLINE_CURVE_WITH_KNOTS('',4,(#2810,#2811,#2812,#2813,#2814),
  .UNSPECIFIED.,.F.,.F.,(5,5),(0.,1.),.PIECEWISE_BEZIER_KNOTS.);
#2810 = CARTESIAN_POINT('',(-24.,-36.40694449642,-37.));
#2811 = CARTESIAN_POINT('',(-24.,-36.36464924013,-38.50019202724));
#2812 = CARTESIAN_POINT('',(-24.,-36.31837105496,-40.00027171147));
#2813 = CARTESIAN_POINT('',(-24.,-36.26789408,-41.50021726881));
#2814 = CARTESIAN_POINT('',(-24.,-36.21297017649,-43.));
#2815 = PCURVE('',#1197,#2816);
#2816 = DEFINITIONAL_REPRESENTATION('',(#2817),#2823);
#2817 = B_SPLINE_CURVE_WITH_KNOTS('',4,(#2818,#2819,#2820,#2821,#2822),
  .UNSPECIFIED.,.F.,.F.,(5,5),(0.,1.),.PIECEWISE_BEZIER_KNOTS.);
#2818 = CARTESIAN_POINT('',(0.176773704749,0.367287906457));
#2819 = CARTESIAN_POINT('',(0.176406603863,0.361877882101));
#2820 = CARTESIAN_POINT('',(0.176003820014,0.356466961831));
#2821 = CARTESIAN_POINT('',(0.175563009137,0.351054647235));
#2822 = CARTESIAN_POINT('',(0.17508129296,0.34564041204));
#2823 = ( GEOMETRIC_REPRESENTATION_CONTEXT(2) 
PARAMETRIC_REPRESENTATION_CONTEXT() REPRESENTATION_CONTEXT('2D SPACE',''
  ) );
#2824 = PCURVE('',#1421,#2825);
#2825 = DEFINITIONAL_REPRESENTATION('',(#2826),#2832);
#2826 = B_SPLINE_CURVE_WITH_KNOTS('',4,(#2827,#2828,#2829,#2830,#2831),
  .UNSPECIFIED.,.F.,.F.,(5,5),(0.,1.),.PIECEWISE_BEZIER_KNOTS.);
#2827 = CARTESIAN_POINT('',(6.,-23.59305550357));
#2828 = CARTESIAN_POINT('',(4.499807972753,-23.63535075986));
#2829 = CARTESIAN_POINT('',(2.999728288528,-23.68162894503));
#2830 = CARTESIAN_POINT('',(1.499782731181,-23.73210592));
#2831 = CARTESIAN_POINT('',(0.,-23.7870298235));
#2832 = ( GEOMETRIC_REPRESENTATION_CONTEXT(2) 
PARAMETRIC_REPRESENTATION_CONTEXT() REPRESENTATION_CONTEXT('2D SPACE',''
  ) );
#2833 = ORIENTED_EDGE('',*,*,#2834,.F.);
#2834 = EDGE_CURVE('',#2835,#2804,#2837,.T.);
#2835 = VERTEX_POINT('',#2836);
#2836 = CARTESIAN_POINT('',(24.,-36.40694449642,-37.));
#2837 = SURFACE_CURVE('',#2838,(#2844,#2853),.PCURVE_S1.);
#2838 = B_SPLINE_CURVE_WITH_KNOTS('',4,(#2839,#2840,#2841,#2842,#2843),
  .UNSPECIFIED.,.F.,.F.,(5,5),(0.,1.),.PIECEWISE_BEZIER_KNOTS.);
#2839 = CARTESIAN_POINT('',(24.,-36.40694449642,-37.));
#2840 = CARTESIAN_POINT('',(12.,-36.40694449642,-37.));
#2841 = CARTESIAN_POINT('',(1.030286966852E-13,-36.40694449642,-37.));
#2842 = CARTESIAN_POINT('',(-12.,-36.40694449642,-37.));
#2843 = CARTESIAN_POINT('',(-24.,-36.40694449642,-37.));
#2844 = PCURVE('',#1197,#2845);
#2845 = DEFINITIONAL_REPRESENTATION('',(#2846),#2852);
#2846 = B_SPLINE_CURVE_WITH_KNOTS('',4,(#2847,#2848,#2849,#2850,#2851),
  .UNSPECIFIED.,.F.,.F.,(5,5),(0.,1.),.PIECEWISE_BEZIER_KNOTS.);
#2847 = CARTESIAN_POINT('',(0.823226295251,0.367287906457));
#2848 = CARTESIAN_POINT('',(0.661613147626,0.367287906457));
#2849 = CARTESIAN_POINT('',(0.5,0.367287906457));
#2850 = CARTESIAN_POINT('',(0.338386852374,0.367287906457));
#2851 = CARTESIAN_POINT('',(0.176773704749,0.367287906457));
#2852 = ( GEOMETRIC_REPRESENTATION_CONTEXT(2) 
PARAMETRIC_REPRESENTATION_CONTEXT() REPRESENTATION_CONTEXT('2D SPACE',''
  ) );
#2853 = PCURVE('',#1455,#2854);
#2854 = DEFINITIONAL_REPRESENTATION('',(#2855),#2861);
#2855 = B_SPLINE_CURVE_WITH_KNOTS('',4,(#2856,#2857,#2858,#2859,#2860),
  .UNSPECIFIED.,.F.,.F.,(5,5),(0.,1.),.PIECEWISE_BEZIER_KNOTS.);
#2856 = CARTESIAN_POINT('',(48.,23.593055503578));
#2857 = CARTESIAN_POINT('',(36.,23.593055503578));
#2858 = CARTESIAN_POINT('',(24.,23.593055503578));
#2859 = CARTESIAN_POINT('',(12.,23.593055503578));
#2860 = CARTESIAN_POINT('',(0.,23.593055503578));
#2861 = ( GEOMETRIC_REPRESENTATION_CONTEXT(2) 
PARAMETRIC_REPRESENTATION_CONTEXT() REPRESENTATION_CONTEXT('2D SPACE',''
  ) );
#2862 = ORIENTED_EDGE('',*,*,#2863,.F.);
#2863 = EDGE_CURVE('',#2864,#2835,#2866,.T.);
#2864 = VERTEX_POINT('',#2865);
#2865 = CARTESIAN_POINT('',(24.,-36.21297017649,-43.));
#2866 = SURFACE_CURVE('',#2867,(#2873,#2882),.PCURVE_S1.);
#2867 = B_SPLINE_CURVE_WITH_KNOTS('',4,(#2868,#2869,#2870,#2871,#2872),
  .UNSPECIFIED.,.F.,.F.,(5,5),(0.,1.),.PIECEWISE_BEZIER_KNOTS.);
#2868 = CARTESIAN_POINT('',(24.,-36.21297017649,-43.));
#2869 = CARTESIAN_POINT('',(24.,-36.26789407996,-41.50021726986));
#2870 = CARTESIAN_POINT('',(24.,-36.31837105498,-40.00027171091));
#2871 = CARTESIAN_POINT('',(24.,-36.36464924012,-38.50019202784));
#2872 = CARTESIAN_POINT('',(24.,-36.40694449642,-37.));
#2873 = PCURVE('',#1197,#2874);
#2874 = DEFINITIONAL_REPRESENTATION('',(#2875),#2881);
#2875 = B_SPLINE_CURVE_WITH_KNOTS('',4,(#2876,#2877,#2878,#2879,#2880),
  .UNSPECIFIED.,.F.,.F.,(5,5),(0.,1.),.PIECEWISE_BEZIER_KNOTS.);
#2876 = CARTESIAN_POINT('',(0.82491870704,0.34564041204));
#2877 = CARTESIAN_POINT('',(0.824436990863,0.351054647231));
#2878 = CARTESIAN_POINT('',(0.823996179986,0.356466961833));
#2879 = CARTESIAN_POINT('',(0.823593396138,0.361877882099));
#2880 = CARTESIAN_POINT('',(0.823226295251,0.367287906457));
#2881 = ( GEOMETRIC_REPRESENTATION_CONTEXT(2) 
PARAMETRIC_REPRESENTATION_CONTEXT() REPRESENTATION_CONTEXT('2D SPACE',''
  ) );
#2882 = PCURVE('',#1489,#2883);
#2883 = DEFINITIONAL_REPRESENTATION('',(#2884),#2890);
#2884 = B_SPLINE_CURVE_WITH_KNOTS('',4,(#2885,#2886,#2887,#2888,#2889),
  .UNSPECIFIED.,.F.,.F.,(5,5),(0.,1.),.PIECEWISE_BEZIER_KNOTS.);
#2885 = CARTESIAN_POINT('',(0.,-23.7870298235));
#2886 = CARTESIAN_POINT('',(1.499782730136,-23.73210592003));
#2887 = CARTESIAN_POINT('',(2.999728289086,-23.68162894501));
#2888 = CARTESIAN_POINT('',(4.49980797216,-23.63535075988));
#2889 = CARTESIAN_POINT('',(6.,-23.59305550357));
#2890 = ( GEOMETRIC_REPRESENTATION_CONTEXT(2) 
PARAMETRIC_REPRESENTATION_CONTEXT() REPRESENTATION_CONTEXT('2D SPACE',''
  ) );
#2891 = ORIENTED_EDGE('',*,*,#2892,.T.);
#2892 = EDGE_CURVE('',#2864,#2806,#2893,.T.);
#2893 = SURFACE_CURVE('',#2894,(#2900,#2909),.PCURVE_S1.);
#2894 = B_SPLINE_CURVE_WITH_KNOTS('',4,(#2895,#2896,#2897,#2898,#2899),
  .UNSPECIFIED.,.F.,.F.,(5,5),(0.,1.),.PIECEWISE_BEZIER_KNOTS.);
#2895 = CARTESIAN_POINT('',(24.,-36.21297017649,-43.));
#2896 = CARTESIAN_POINT('',(12.,-36.21297017649,-43.));
#2897 = CARTESIAN_POINT('',(-2.344791028008E-13,-36.21297017649,-43.));
#2898 = CARTESIAN_POINT('',(-12.,-36.21297017649,-43.));
#2899 = CARTESIAN_POINT('',(-24.,-36.21297017649,-43.));
#2900 = PCURVE('',#1197,#2901);
#2901 = DEFINITIONAL_REPRESENTATION('',(#2902),#2908);
#2902 = B_SPLINE_CURVE_WITH_KNOTS('',4,(#2903,#2904,#2905,#2906,#2907),
  .UNSPECIFIED.,.F.,.F.,(5,5),(0.,1.),.PIECEWISE_BEZIER_KNOTS.);
#2903 = CARTESIAN_POINT('',(0.82491870704,0.34564041204));
#2904 = CARTESIAN_POINT('',(0.66245935352,0.34564041204));
#2905 = CARTESIAN_POINT('',(0.5,0.34564041204));
#2906 = CARTESIAN_POINT('',(0.33754064648,0.34564041204));
#2907 = CARTESIAN_POINT('',(0.17508129296,0.34564041204));
#2908 = ( GEOMETRIC_REPRESENTATION_CONTEXT(2) 
PARAMETRIC_REPRESENTATION_CONTEXT() REPRESENTATION_CONTEXT('2D SPACE',''
  ) );
#2909 = PCURVE('',#1521,#2910);
#2910 = DEFINITIONAL_REPRESENTATION('',(#2911),#2917);
#2911 = B_SPLINE_CURVE_WITH_KNOTS('',4,(#2912,#2913,#2914,#2915,#2916),
  .UNSPECIFIED.,.F.,.F.,(5,5),(0.,1.),.PIECEWISE_BEZIER_KNOTS.);
#2912 = CARTESIAN_POINT('',(48.,23.787029823501));
#2913 = CARTESIAN_POINT('',(36.,23.787029823501));
#2914 = CARTESIAN_POINT('',(24.,23.787029823501));
#2915 = CARTESIAN_POINT('',(12.,23.787029823501));
#2916 = CARTESIAN_POINT('',(0.,23.787029823501));
#2917 = ( GEOMETRIC_REPRESENTATION_CONTEXT(2) 
PARAMETRIC_REPRESENTATION_CONTEXT() REPRESENTATION_CONTEXT('2D SPACE',''
  ) );
#2918 = FACE_BOUND('',#2919,.F.);
#2919 = EDGE_LOOP('',(#2920,#2951,#2980,#3009));
#2920 = ORIENTED_EDGE('',*,*,#2921,.F.);
#2921 = EDGE_CURVE('',#2922,#2924,#2926,.T.);
#2922 = VERTEX_POINT('',#2923);
#2923 = CARTESIAN_POINT('',(-24.,-36.75096324026,-11.));
#2924 = VERTEX_POINT('',#2925);
#2925 = CARTESIAN_POINT('',(-24.,-36.73355233705,-17.));
#2926 = SURFACE_CURVE('',#2927,(#2933,#2942),.PCURVE_S1.);
#2927 = B_SPLINE_CURVE_WITH_KNOTS('',4,(#2928,#2929,#2930,#2931,#2932),
  .UNSPECIFIED.,.F.,.F.,(5,5),(0.,1.),.PIECEWISE_BEZIER_KNOTS.);
#2928 = CARTESIAN_POINT('',(-24.,-36.75096324026,-11.));
#2929 = CARTESIAN_POINT('',(-24.,-36.75070540924,-12.50000818895));
#2930 = CARTESIAN_POINT('',(-24.,-36.74778230194,-14.00001591966));
#2931 = CARTESIAN_POINT('',(-24.,-36.74210387454,-15.50001613578));
#2932 = CARTESIAN_POINT('',(-24.,-36.73355233705,-17.));
#2933 = PCURVE('',#1197,#2934);
#2934 = DEFINITIONAL_REPRESENTATION('',(#2935),#2941);
#2935 = B_SPLINE_CURVE_WITH_KNOTS('',4,(#2936,#2937,#2938,#2939,#2940),
  .UNSPECIFIED.,.F.,.F.,(5,5),(0.,1.),.PIECEWISE_BEZIER_KNOTS.);
#2936 = CARTESIAN_POINT('',(0.179732277884,0.461073868562));
#2937 = CARTESIAN_POINT('',(0.179730080824,0.455652808247));
#2938 = CARTESIAN_POINT('',(0.179705172627,0.450234564858));
#2939 = CARTESIAN_POINT('',(0.179656783587,0.444818785193));
#2940 = CARTESIAN_POINT('',(0.17958384566,0.43940507913));
#2941 = ( GEOMETRIC_REPRESENTATION_CONTEXT(2) 
PARAMETRIC_REPRESENTATION_CONTEXT() REPRESENTATION_CONTEXT('2D SPACE',''
  ) );
#2942 = PCURVE('',#1559,#2943);
#2943 = DEFINITIONAL_REPRESENTATION('',(#2944),#2950);
#2944 = B_SPLINE_CURVE_WITH_KNOTS('',4,(#2945,#2946,#2947,#2948,#2949),
  .UNSPECIFIED.,.F.,.F.,(5,5),(0.,1.),.PIECEWISE_BEZIER_KNOTS.);
#2945 = CARTESIAN_POINT('',(6.,-23.24903675973));
#2946 = CARTESIAN_POINT('',(4.499991811042,-23.24929459075));
#2947 = CARTESIAN_POINT('',(2.99998408034,-23.25221769805));
#2948 = CARTESIAN_POINT('',(1.499983864214,-23.25789612545));
#2949 = CARTESIAN_POINT('',(0.,-23.26644766294));
#2950 = ( GEOMETRIC_REPRESENTATION_CONTEXT(2) 
PARAMETRIC_REPRESENTATION_CONTEXT() REPRESENTATION_CONTEXT('2D SPACE',''
  ) );
#2951 = ORIENTED_EDGE('',*,*,#2952,.F.);
#2952 = EDGE_CURVE('',#2953,#2922,#2955,.T.);
#2953 = VERTEX_POINT('',#2954);
#2954 = CARTESIAN_POINT('',(24.,-36.75096324026,-11.));
#2955 = SURFACE_CURVE('',#2956,(#2962,#2971),.PCURVE_S1.);
#2956 = B_SPLINE_CURVE_WITH_KNOTS('',4,(#2957,#2958,#2959,#2960,#2961),
  .UNSPECIFIED.,.F.,.F.,(5,5),(0.,1.),.PIECEWISE_BEZIER_KNOTS.);
#2957 = CARTESIAN_POINT('',(24.,-36.75096324026,-11.));
#2958 = CARTESIAN_POINT('',(12.,-36.75096324026,-11.));
#2959 = CARTESIAN_POINT('',(-4.973799150321E-14,-36.75096324026,-11.));
#2960 = CARTESIAN_POINT('',(-12.,-36.75096324026,-11.));
#2961 = CARTESIAN_POINT('',(-24.,-36.75096324026,-11.));
#2962 = PCURVE('',#1197,#2963);
#2963 = DEFINITIONAL_REPRESENTATION('',(#2964),#2970);
#2964 = B_SPLINE_CURVE_WITH_KNOTS('',4,(#2965,#2966,#2967,#2968,#2969),
  .UNSPECIFIED.,.F.,.F.,(5,5),(0.,1.),.PIECEWISE_BEZIER_KNOTS.);
#2965 = CARTESIAN_POINT('',(0.820267721746,0.461073868516));
#2966 = CARTESIAN_POINT('',(0.660133860873,0.461073868516));
#2967 = CARTESIAN_POINT('',(0.5,0.461073868516));
#2968 = CARTESIAN_POINT('',(0.339866139127,0.461073868516));
#2969 = CARTESIAN_POINT('',(0.179732278254,0.461073868516));
#2970 = ( GEOMETRIC_REPRESENTATION_CONTEXT(2) 
PARAMETRIC_REPRESENTATION_CONTEXT() REPRESENTATION_CONTEXT('2D SPACE',''
  ) );
#2971 = PCURVE('',#1593,#2972);
#2972 = DEFINITIONAL_REPRESENTATION('',(#2973),#2979);
#2973 = B_SPLINE_CURVE_WITH_KNOTS('',4,(#2974,#2975,#2976,#2977,#2978),
  .UNSPECIFIED.,.F.,.F.,(5,5),(0.,1.),.PIECEWISE_BEZIER_KNOTS.);
#2974 = CARTESIAN_POINT('',(48.,23.249036759734));
#2975 = CARTESIAN_POINT('',(36.,23.249036759734));
#2976 = CARTESIAN_POINT('',(24.,23.249036759734));
#2977 = CARTESIAN_POINT('',(12.,23.249036759734));
#2978 = CARTESIAN_POINT('',(0.,23.249036759734));
#2979 = ( GEOMETRIC_REPRESENTATION_CONTEXT(2) 
PARAMETRIC_REPRESENTATION_CONTEXT() REPRESENTATION_CONTEXT('2D SPACE',''
  ) );
#2980 = ORIENTED_EDGE('',*,*,#2981,.F.);
#2981 = EDGE_CURVE('',#2982,#2953,#2984,.T.);
#2982 = VERTEX_POINT('',#2983);
#2983 = CARTESIAN_POINT('',(24.,-36.73355233705,-17.));
#2984 = SURFACE_CURVE('',#2985,(#2991,#3000),.PCURVE_S1.);
#2985 = B_SPLINE_CURVE_WITH_KNOTS('',4,(#2986,#2987,#2988,#2989,#2990),
  .UNSPECIFIED.,.F.,.F.,(5,5),(0.,1.),.PIECEWISE_BEZIER_KNOTS.);
#2986 = CARTESIAN_POINT('',(24.,-36.73355233705,-17.));
#2987 = CARTESIAN_POINT('',(24.,-36.74210387454,-15.50001613644));
#2988 = CARTESIAN_POINT('',(24.,-36.74778230195,-14.00001591856));
#2989 = CARTESIAN_POINT('',(24.,-36.75070540923,-12.50000819166));
#2990 = CARTESIAN_POINT('',(24.,-36.75096324026,-11.));
#2991 = PCURVE('',#1197,#2992);
#2992 = DEFINITIONAL_REPRESENTATION('',(#2993),#2999);
#2993 = B_SPLINE_CURVE_WITH_KNOTS('',4,(#2994,#2995,#2996,#2997,#2998),
  .UNSPECIFIED.,.F.,.F.,(5,5),(0.,1.),.PIECEWISE_BEZIER_KNOTS.);
#2994 = CARTESIAN_POINT('',(0.82041615434,0.43940507913));
#2995 = CARTESIAN_POINT('',(0.820343216413,0.444818785191));
#2996 = CARTESIAN_POINT('',(0.820294827847,0.450234564921));
#2997 = CARTESIAN_POINT('',(0.820269918806,0.455652808191));
#2998 = CARTESIAN_POINT('',(0.820267721746,0.461073868516));
#2999 = ( GEOMETRIC_REPRESENTATION_CONTEXT(2) 
PARAMETRIC_REPRESENTATION_CONTEXT() REPRESENTATION_CONTEXT('2D SPACE',''
  ) );
#3000 = PCURVE('',#1627,#3001);
#3001 = DEFINITIONAL_REPRESENTATION('',(#3002),#3008);
#3002 = B_SPLINE_CURVE_WITH_KNOTS('',4,(#3003,#3004,#3005,#3006,#3007),
  .UNSPECIFIED.,.F.,.F.,(5,5),(0.,1.),.PIECEWISE_BEZIER_KNOTS.);
#3003 = CARTESIAN_POINT('',(0.,-23.26644766294));
#3004 = CARTESIAN_POINT('',(1.499983863551,-23.25789612545));
#3005 = CARTESIAN_POINT('',(2.999984081433,-23.25221769804));
#3006 = CARTESIAN_POINT('',(4.499991808334,-23.24929459076));
#3007 = CARTESIAN_POINT('',(6.,-23.24903675973));
#3008 = ( GEOMETRIC_REPRESENTATION_CONTEXT(2) 
PARAMETRIC_REPRESENTATION_CONTEXT() REPRESENTATION_CONTEXT('2D SPACE',''
  ) );
#3009 = ORIENTED_EDGE('',*,*,#3010,.T.);
#3010 = EDGE_CURVE('',#2982,#2924,#3011,.T.);
#3011 = SURFACE_CURVE('',#3012,(#3018,#3027),.PCURVE_S1.);
#3012 = B_SPLINE_CURVE_WITH_KNOTS('',4,(#3013,#3014,#3015,#3016,#3017),
  .UNSPECIFIED.,.F.,.F.,(5,5),(0.,1.),.PIECEWISE_BEZIER_KNOTS.);
#3013 = CARTESIAN_POINT('',(24.,-36.73355233705,-17.));
#3014 = CARTESIAN_POINT('',(12.,-36.73355233705,-17.));
#3015 = CARTESIAN_POINT('',(5.329070518201E-14,-36.73355233705,-17.));
#3016 = CARTESIAN_POINT('',(-12.,-36.73355233705,-17.));
#3017 = CARTESIAN_POINT('',(-24.,-36.73355233705,-17.));
#3018 = PCURVE('',#1197,#3019);
#3019 = DEFINITIONAL_REPRESENTATION('',(#3020),#3026);
#3020 = B_SPLINE_CURVE_WITH_KNOTS('',4,(#3021,#3022,#3023,#3024,#3025),
  .UNSPECIFIED.,.F.,.F.,(5,5),(0.,1.),.PIECEWISE_BEZIER_KNOTS.);
#3021 = CARTESIAN_POINT('',(0.82041615434,0.43940507913));
#3022 = CARTESIAN_POINT('',(0.66020807717,0.43940507913));
#3023 = CARTESIAN_POINT('',(0.5,0.43940507913));
#3024 = CARTESIAN_POINT('',(0.33979192283,0.43940507913));
#3025 = CARTESIAN_POINT('',(0.17958384566,0.43940507913));
#3026 = ( GEOMETRIC_REPRESENTATION_CONTEXT(2) 
PARAMETRIC_REPRESENTATION_CONTEXT() REPRESENTATION_CONTEXT('2D SPACE',''
  ) );
#3027 = PCURVE('',#1659,#3028);
#3028 = DEFINITIONAL_REPRESENTATION('',(#3029),#3035);
#3029 = B_SPLINE_CURVE_WITH_KNOTS('',4,(#3030,#3031,#3032,#3033,#3034),
  .UNSPECIFIED.,.F.,.F.,(5,5),(0.,1.),.PIECEWISE_BEZIER_KNOTS.);
#3030 = CARTESIAN_POINT('',(48.,23.266447662944));
#3031 = CARTESIAN_POINT('',(36.,23.266447662944));
#3032 = CARTESIAN_POINT('',(24.,23.266447662944));
#3033 = CARTESIAN_POINT('',(12.,23.266447662944));
#3034 = CARTESIAN_POINT('',(0.,23.266447662944));
#3035 = ( GEOMETRIC_REPRESENTATION_CONTEXT(2) 
PARAMETRIC_REPRESENTATION_CONTEXT() REPRESENTATION_CONTEXT('2D SPACE',''
  ) );
#3036 = FACE_BOUND('',#3037,.F.);
#3037 = EDGE_LOOP('',(#3038,#3069,#3098,#3127));
#3038 = ORIENTED_EDGE('',*,*,#3039,.F.);
#3039 = EDGE_CURVE('',#3040,#3042,#3044,.T.);
#3040 = VERTEX_POINT('',#3041);
#3041 = CARTESIAN_POINT('',(-24.,-36.47471875419,15.));
#3042 = VERTEX_POINT('',#3043);
#3043 = CARTESIAN_POINT('',(-24.,-36.5866506347,9.));
#3044 = SURFACE_CURVE('',#3045,(#3051,#3060),.PCURVE_S1.);
#3045 = B_SPLINE_CURVE_WITH_KNOTS('',4,(#3046,#3047,#3048,#3049,#3050),
  .UNSPECIFIED.,.F.,.F.,(5,5),(0.,1.),.PIECEWISE_BEZIER_KNOTS.);
#3046 = CARTESIAN_POINT('',(-24.,-36.47471875419,15.));
#3047 = CARTESIAN_POINT('',(-24.,-36.50628396065,13.500069718452));
#3048 = CARTESIAN_POINT('',(-24.,-36.53544565553,12.000088847195));
#3049 = CARTESIAN_POINT('',(-24.,-36.56223391537,10.500063740889));
#3050 = CARTESIAN_POINT('',(-24.,-36.5866506347,9.));
#3051 = PCURVE('',#1197,#3052);
#3052 = DEFINITIONAL_REPRESENTATION('',(#3053),#3059);
#3053 = B_SPLINE_CURVE_WITH_KNOTS('',4,(#3054,#3055,#3056,#3057,#3058),
  .UNSPECIFIED.,.F.,.F.,(5,5),(0.,1.),.PIECEWISE_BEZIER_KNOTS.);
#3054 = CARTESIAN_POINT('',(0.177360881538,0.555464031728));
#3055 = CARTESIAN_POINT('',(0.177633856669,0.549988756146));
#3056 = CARTESIAN_POINT('',(0.17788543061,0.544518595605));
#3057 = CARTESIAN_POINT('',(0.178116076377,0.539053381862));
#3058 = CARTESIAN_POINT('',(0.178325970227,0.533592898894));
#3059 = ( GEOMETRIC_REPRESENTATION_CONTEXT(2) 
PARAMETRIC_REPRESENTATION_CONTEXT() REPRESENTATION_CONTEXT('2D SPACE',''
  ) );
#3060 = PCURVE('',#1697,#3061);
#3061 = DEFINITIONAL_REPRESENTATION('',(#3062),#3068);
#3062 = B_SPLINE_CURVE_WITH_KNOTS('',4,(#3063,#3064,#3065,#3066,#3067),
  .UNSPECIFIED.,.F.,.F.,(5,5),(0.,1.),.PIECEWISE_BEZIER_KNOTS.);
#3063 = CARTESIAN_POINT('',(6.,-23.5252812458));
#3064 = CARTESIAN_POINT('',(4.500069718452,-23.49371603934));
#3065 = CARTESIAN_POINT('',(3.000088847195,-23.46455434446));
#3066 = CARTESIAN_POINT('',(1.500063740889,-23.43776608462));
#3067 = CARTESIAN_POINT('',(0.,-23.41334936529));
#3068 = ( GEOMETRIC_REPRESENTATION_CONTEXT(2) 
PARAMETRIC_REPRESENTATION_CONTEXT() REPRESENTATION_CONTEXT('2D SPACE',''
  ) );
#3069 = ORIENTED_EDGE('',*,*,#3070,.F.);
#3070 = EDGE_CURVE('',#3071,#3040,#3073,.T.);
#3071 = VERTEX_POINT('',#3072);
#3072 = CARTESIAN_POINT('',(24.,-36.47471875419,15.));
#3073 = SURFACE_CURVE('',#3074,(#3080,#3089),.PCURVE_S1.);
#3074 = B_SPLINE_CURVE_WITH_KNOTS('',4,(#3075,#3076,#3077,#3078,#3079),
  .UNSPECIFIED.,.F.,.F.,(5,5),(0.,1.),.PIECEWISE_BEZIER_KNOTS.);
#3075 = CARTESIAN_POINT('',(24.,-36.47471875419,15.));
#3076 = CARTESIAN_POINT('',(12.,-36.47471875419,15.));
#3077 = CARTESIAN_POINT('',(3.01980662698E-13,-36.47471875419,15.));
#3078 = CARTESIAN_POINT('',(-12.,-36.47471875419,15.));
#3079 = CARTESIAN_POINT('',(-24.,-36.47471875419,15.));
#3080 = PCURVE('',#1197,#3081);
#3081 = DEFINITIONAL_REPRESENTATION('',(#3082),#3088);
#3082 = B_SPLINE_CURVE_WITH_KNOTS('',4,(#3083,#3084,#3085,#3086,#3087),
  .UNSPECIFIED.,.F.,.F.,(5,5),(0.,1.),.PIECEWISE_BEZIER_KNOTS.);
#3083 = CARTESIAN_POINT('',(0.822639118462,0.555464031728));
#3084 = CARTESIAN_POINT('',(0.661319559231,0.555464031728));
#3085 = CARTESIAN_POINT('',(0.5,0.555464031728));
#3086 = CARTESIAN_POINT('',(0.338680440769,0.555464031728));
#3087 = CARTESIAN_POINT('',(0.177360881538,0.555464031728));
#3088 = ( GEOMETRIC_REPRESENTATION_CONTEXT(2) 
PARAMETRIC_REPRESENTATION_CONTEXT() REPRESENTATION_CONTEXT('2D SPACE',''
  ) );
#3089 = PCURVE('',#1731,#3090);
#3090 = DEFINITIONAL_REPRESENTATION('',(#3091),#3097);
#3091 = B_SPLINE_CURVE_WITH_KNOTS('',4,(#3092,#3093,#3094,#3095,#3096),
  .UNSPECIFIED.,.F.,.F.,(5,5),(0.,1.),.PIECEWISE_BEZIER_KNOTS.);
#3092 = CARTESIAN_POINT('',(48.,23.525281245803));
#3093 = CARTESIAN_POINT('',(36.,23.525281245803));
#3094 = CARTESIAN_POINT('',(24.,23.525281245803));
#3095 = CARTESIAN_POINT('',(12.,23.525281245803));
#3096 = CARTESIAN_POINT('',(0.,23.525281245803));
#3097 = ( GEOMETRIC_REPRESENTATION_CONTEXT(2) 
PARAMETRIC_REPRESENTATION_CONTEXT() REPRESENTATION_CONTEXT('2D SPACE',''
  ) );
#3098 = ORIENTED_EDGE('',*,*,#3099,.F.);
#3099 = EDGE_CURVE('',#3100,#3071,#3102,.T.);
#3100 = VERTEX_POINT('',#3101);
#3101 = CARTESIAN_POINT('',(24.,-36.5866506347,9.));
#3102 = SURFACE_CURVE('',#3103,(#3109,#3118),.PCURVE_S1.);
#3103 = B_SPLINE_CURVE_WITH_KNOTS('',4,(#3104,#3105,#3106,#3107,#3108),
  .UNSPECIFIED.,.F.,.F.,(5,5),(0.,1.),.PIECEWISE_BEZIER_KNOTS.);
#3104 = CARTESIAN_POINT('',(24.,-36.5866506347,9.));
#3105 = CARTESIAN_POINT('',(24.,-36.56223391537,10.500063740902));
#3106 = CARTESIAN_POINT('',(24.,-36.53544565553,12.000088847209));
#3107 = CARTESIAN_POINT('',(24.,-36.50628396065,13.500069718397));
#3108 = CARTESIAN_POINT('',(24.,-36.47471875419,15.));
#3109 = PCURVE('',#1197,#3110);
#3110 = DEFINITIONAL_REPRESENTATION('',(#3111),#3117);
#3111 = B_SPLINE_CURVE_WITH_KNOTS('',4,(#3112,#3113,#3114,#3115,#3116),
  .UNSPECIFIED.,.F.,.F.,(5,5),(0.,1.),.PIECEWISE_BEZIER_KNOTS.);
#3112 = CARTESIAN_POINT('',(0.821674029773,0.533592898894));
#3113 = CARTESIAN_POINT('',(0.821883923623,0.539053381862));
#3114 = CARTESIAN_POINT('',(0.82211456939,0.544518595605));
#3115 = CARTESIAN_POINT('',(0.822366143331,0.549988756146));
#3116 = CARTESIAN_POINT('',(0.822639118462,0.555464031728));
#3117 = ( GEOMETRIC_REPRESENTATION_CONTEXT(2) 
PARAMETRIC_REPRESENTATION_CONTEXT() REPRESENTATION_CONTEXT('2D SPACE',''
  ) );
#3118 = PCURVE('',#1765,#3119);
#3119 = DEFINITIONAL_REPRESENTATION('',(#3120),#3126);
#3120 = B_SPLINE_CURVE_WITH_KNOTS('',4,(#3121,#3122,#3123,#3124,#3125),
  .UNSPECIFIED.,.F.,.F.,(5,5),(0.,1.),.PIECEWISE_BEZIER_KNOTS.);
#3121 = CARTESIAN_POINT('',(0.,-23.41334936529));
#3122 = CARTESIAN_POINT('',(1.500063740902,-23.43776608462));
#3123 = CARTESIAN_POINT('',(3.000088847209,-23.46455434446));
#3124 = CARTESIAN_POINT('',(4.500069718397,-23.49371603934));
#3125 = CARTESIAN_POINT('',(6.,-23.5252812458));
#3126 = ( GEOMETRIC_REPRESENTATION_CONTEXT(2) 
PARAMETRIC_REPRESENTATION_CONTEXT() REPRESENTATION_CONTEXT('2D SPACE',''
  ) );
#3127 = ORIENTED_EDGE('',*,*,#3128,.T.);
#3128 = EDGE_CURVE('',#3100,#3042,#3129,.T.);
#3129 = SURFACE_CURVE('',#3130,(#3136,#3145),.PCURVE_S1.);
#3130 = B_SPLINE_CURVE_WITH_KNOTS('',4,(#3131,#3132,#3133,#3134,#3135),
  .UNSPECIFIED.,.F.,.F.,(5,5),(0.,1.),.PIECEWISE_BEZIER_KNOTS.);
#3131 = CARTESIAN_POINT('',(24.,-36.5866506347,9.));
#3132 = CARTESIAN_POINT('',(12.,-36.5866506347,9.));
#3133 = CARTESIAN_POINT('',(-3.19744231092E-14,-36.5866506347,9.));
#3134 = CARTESIAN_POINT('',(-12.,-36.5866506347,9.));
#3135 = CARTESIAN_POINT('',(-24.,-36.5866506347,9.));
#3136 = PCURVE('',#1197,#3137);
#3137 = DEFINITIONAL_REPRESENTATION('',(#3138),#3144);
#3138 = B_SPLINE_CURVE_WITH_KNOTS('',4,(#3139,#3140,#3141,#3142,#3143),
  .UNSPECIFIED.,.F.,.F.,(5,5),(0.,1.),.PIECEWISE_BEZIER_KNOTS.);
#3139 = CARTESIAN_POINT('',(0.821674029773,0.533592898894));
#3140 = CARTESIAN_POINT('',(0.660837014886,0.533592898894));
#3141 = CARTESIAN_POINT('',(0.5,0.533592898894));
#3142 = CARTESIAN_POINT('',(0.339162985114,0.533592898894));
#3143 = CARTESIAN_POINT('',(0.178325970227,0.533592898894));
#3144 = ( GEOMETRIC_REPRESENTATION_CONTEXT(2) 
PARAMETRIC_REPRESENTATION_CONTEXT() REPRESENTATION_CONTEXT('2D SPACE',''
  ) );
#3145 = PCURVE('',#1797,#3146);
#3146 = DEFINITIONAL_REPRESENTATION('',(#3147),#3153);
#3147 = B_SPLINE_CURVE_WITH_KNOTS('',4,(#3148,#3149,#3150,#3151,#3152),
  .UNSPECIFIED.,.F.,.F.,(5,5),(0.,1.),.PIECEWISE_BEZIER_KNOTS.);
#3148 = CARTESIAN_POINT('',(48.,23.413349365294));
#3149 = CARTESIAN_POINT('',(36.,23.413349365294));
#3150 = CARTESIAN_POINT('',(24.,23.413349365294));
#3151 = CARTESIAN_POINT('',(12.,23.413349365294));
#3152 = CARTESIAN_POINT('',(0.,23.413349365294));
#3153 = ( GEOMETRIC_REPRESENTATION_CONTEXT(2) 
PARAMETRIC_REPRESENTATION_CONTEXT() REPRESENTATION_CONTEXT('2D SPACE',''
  ) );
#3154 = FACE_BOUND('',#3155,.F.);
#3155 = EDGE_LOOP('',(#3156,#3187,#3216,#3245));
#3156 = ORIENTED_EDGE('',*,*,#3157,.F.);
#3157 = EDGE_CURVE('',#3158,#3160,#3162,.T.);
#3158 = VERTEX_POINT('',#3159);
#3159 = CARTESIAN_POINT('',(-24.,-35.63639854855,41.));
#3160 = VERTEX_POINT('',#3161);
#3161 = CARTESIAN_POINT('',(-24.,-35.88539669778,35.));
#3162 = SURFACE_CURVE('',#3163,(#3169,#3178),.PCURVE_S1.);
#3163 = B_SPLINE_CURVE_WITH_KNOTS('',4,(#3164,#3165,#3166,#3167,#3168),
  .UNSPECIFIED.,.F.,.F.,(5,5),(0.,1.),.PIECEWISE_BEZIER_KNOTS.);
#3164 = CARTESIAN_POINT('',(-24.,-35.63639854855,41.));
#3165 = CARTESIAN_POINT('',(-24.,-35.70332132854,39.50019891973));
#3166 = CARTESIAN_POINT('',(-24.,-35.76702842723,38.000254343005));
#3167 = CARTESIAN_POINT('',(-24.,-35.82767764472,36.500183566967));
#3168 = CARTESIAN_POINT('',(-24.,-35.88539669778,35.));
#3169 = PCURVE('',#1197,#3170);
#3170 = DEFINITIONAL_REPRESENTATION('',(#3171),#3177);
#3171 = B_SPLINE_CURVE_WITH_KNOTS('',4,(#3172,#3173,#3174,#3175,#3176),
  .UNSPECIFIED.,.F.,.F.,(5,5),(0.,1.),.PIECEWISE_BEZIER_KNOTS.);
#3172 = CARTESIAN_POINT('',(0.169944460354,0.651016252433));
#3173 = CARTESIAN_POINT('',(0.170550119708,0.645465614896));
#3174 = CARTESIAN_POINT('',(0.171123714,0.639920498846));
#3175 = CARTESIAN_POINT('',(0.171667338869,0.634380996175));
#3176 = CARTESIAN_POINT('',(0.172182642841,0.628847129328));
#3177 = ( GEOMETRIC_REPRESENTATION_CONTEXT(2) 
PARAMETRIC_REPRESENTATION_CONTEXT() REPRESENTATION_CONTEXT('2D SPACE',''
  ) );
#3178 = PCURVE('',#1835,#3179);
#3179 = DEFINITIONAL_REPRESENTATION('',(#3180),#3186);
#3180 = B_SPLINE_CURVE_WITH_KNOTS('',4,(#3181,#3182,#3183,#3184,#3185),
  .UNSPECIFIED.,.F.,.F.,(5,5),(0.,1.),.PIECEWISE_BEZIER_KNOTS.);
#3181 = CARTESIAN_POINT('',(6.,-24.36360145144));
#3182 = CARTESIAN_POINT('',(4.50019891973,-24.29667867145));
#3183 = CARTESIAN_POINT('',(3.000254343005,-24.23297157276));
#3184 = CARTESIAN_POINT('',(1.500183566967,-24.17232235527));
#3185 = CARTESIAN_POINT('',(0.,-24.11460330221));
#3186 = ( GEOMETRIC_REPRESENTATION_CONTEXT(2) 
PARAMETRIC_REPRESENTATION_CONTEXT() REPRESENTATION_CONTEXT('2D SPACE',''
  ) );
#3187 = ORIENTED_EDGE('',*,*,#3188,.F.);
#3188 = EDGE_CURVE('',#3189,#3158,#3191,.T.);
#3189 = VERTEX_POINT('',#3190);
#3190 = CARTESIAN_POINT('',(24.,-35.63639854855,41.));
#3191 = SURFACE_CURVE('',#3192,(#3198,#3207),.PCURVE_S1.);
#3192 = B_SPLINE_CURVE_WITH_KNOTS('',4,(#3193,#3194,#3195,#3196,#3197),
  .UNSPECIFIED.,.F.,.F.,(5,5),(0.,1.),.PIECEWISE_BEZIER_KNOTS.);
#3193 = CARTESIAN_POINT('',(24.,-35.63639854855,41.));
#3194 = CARTESIAN_POINT('',(12.,-35.63639854855,41.));
#3195 = CARTESIAN_POINT('',(2.48689957516E-14,-35.63639854855,41.));
#3196 = CARTESIAN_POINT('',(-12.,-35.63639854855,41.));
#3197 = CARTESIAN_POINT('',(-24.,-35.63639854855,41.));
#3198 = PCURVE('',#1197,#3199);
#3199 = DEFINITIONAL_REPRESENTATION('',(#3200),#3206);
#3200 = B_SPLINE_CURVE_WITH_KNOTS('',4,(#3201,#3202,#3203,#3204,#3205),
  .UNSPECIFIED.,.F.,.F.,(5,5),(0.,1.),.PIECEWISE_BEZIER_KNOTS.);
#3201 = CARTESIAN_POINT('',(0.830055539646,0.651016252433));
#3202 = CARTESIAN_POINT('',(0.665027769823,0.651016252433));
#3203 = CARTESIAN_POINT('',(0.5,0.651016252433));
#3204 = CARTESIAN_POINT('',(0.334972230177,0.651016252433));
#3205 = CARTESIAN_POINT('',(0.169944460354,0.651016252433));
#3206 = ( GEOMETRIC_REPRESENTATION_CONTEXT(2) 
PARAMETRIC_REPRESENTATION_CONTEXT() REPRESENTATION_CONTEXT('2D SPACE',''
  ) );
#3207 = PCURVE('',#1869,#3208);
#3208 = DEFINITIONAL_REPRESENTATION('',(#3209),#3215);
#3209 = B_SPLINE_CURVE_WITH_KNOTS('',4,(#3210,#3211,#3212,#3213,#3214),
  .UNSPECIFIED.,.F.,.F.,(5,5),(0.,1.),.PIECEWISE_BEZIER_KNOTS.);
#3210 = CARTESIAN_POINT('',(48.,24.363601451444));
#3211 = CARTESIAN_POINT('',(36.,24.363601451444));
#3212 = CARTESIAN_POINT('',(24.,24.363601451444));
#3213 = CARTESIAN_POINT('',(12.,24.363601451444));
#3214 = CARTESIAN_POINT('',(0.,24.363601451444));
#3215 = ( GEOMETRIC_REPRESENTATION_CONTEXT(2) 
PARAMETRIC_REPRESENTATION_CONTEXT() REPRESENTATION_CONTEXT('2D SPACE',''
  ) );
#3216 = ORIENTED_EDGE('',*,*,#3217,.F.);
#3217 = EDGE_CURVE('',#3218,#3189,#3220,.T.);
#3218 = VERTEX_POINT('',#3219);
#3219 = CARTESIAN_POINT('',(24.,-35.88539669778,35.));
#3220 = SURFACE_CURVE('',#3221,(#3227,#3236),.PCURVE_S1.);
#3221 = B_SPLINE_CURVE_WITH_KNOTS('',4,(#3222,#3223,#3224,#3225,#3226),
  .UNSPECIFIED.,.F.,.F.,(5,5),(0.,1.),.PIECEWISE_BEZIER_KNOTS.);
#3222 = CARTESIAN_POINT('',(24.,-35.88539669778,35.));
#3223 = CARTESIAN_POINT('',(24.,-35.82767764472,36.500183566949));
#3224 = CARTESIAN_POINT('',(24.,-35.76702842723,38.000254342994));
#3225 = CARTESIAN_POINT('',(24.,-35.70332132854,39.500198919781));
#3226 = CARTESIAN_POINT('',(24.,-35.63639854855,41.));
#3227 = PCURVE('',#1197,#3228);
#3228 = DEFINITIONAL_REPRESENTATION('',(#3229),#3235);
#3229 = B_SPLINE_CURVE_WITH_KNOTS('',4,(#3230,#3231,#3232,#3233,#3234),
  .UNSPECIFIED.,.F.,.F.,(5,5),(0.,1.),.PIECEWISE_BEZIER_KNOTS.);
#3230 = CARTESIAN_POINT('',(0.827817357159,0.628847129328));
#3231 = CARTESIAN_POINT('',(0.828332661131,0.634380996175));
#3232 = CARTESIAN_POINT('',(0.828876286,0.639920498846));
#3233 = CARTESIAN_POINT('',(0.829449880292,0.645465614896));
#3234 = CARTESIAN_POINT('',(0.830055539646,0.651016252433));
#3235 = ( GEOMETRIC_REPRESENTATION_CONTEXT(2) 
PARAMETRIC_REPRESENTATION_CONTEXT() REPRESENTATION_CONTEXT('2D SPACE',''
  ) );
#3236 = PCURVE('',#1903,#3237);
#3237 = DEFINITIONAL_REPRESENTATION('',(#3238),#3244);
#3238 = B_SPLINE_CURVE_WITH_KNOTS('',4,(#3239,#3240,#3241,#3242,#3243),
  .UNSPECIFIED.,.F.,.F.,(5,5),(0.,1.),.PIECEWISE_BEZIER_KNOTS.);
#3239 = CARTESIAN_POINT('',(0.,-24.11460330221));
#3240 = CARTESIAN_POINT('',(1.500183566949,-24.17232235527));
#3241 = CARTESIAN_POINT('',(3.000254342994,-24.23297157276));
#3242 = CARTESIAN_POINT('',(4.500198919781,-24.29667867146));
#3243 = CARTESIAN_POINT('',(6.,-24.36360145144));
#3244 = ( GEOMETRIC_REPRESENTATION_CONTEXT(2) 
PARAMETRIC_REPRESENTATION_CONTEXT() REPRESENTATION_CONTEXT('2D SPACE',''
  ) );
#3245 = ORIENTED_EDGE('',*,*,#3246,.T.);
#3246 = EDGE_CURVE('',#3218,#3160,#3247,.T.);
#3247 = SURFACE_CURVE('',#3248,(#3254,#3263),.PCURVE_S1.);
#3248 = B_SPLINE_CURVE_WITH_KNOTS('',4,(#3249,#3250,#3251,#3252,#3253),
  .UNSPECIFIED.,.F.,.F.,(5,5),(0.,1.),.PIECEWISE_BEZIER_KNOTS.);
#3249 = CARTESIAN_POINT('',(24.,-35.88539669778,35.));
#3250 = CARTESIAN_POINT('',(12.,-35.88539669778,35.));
#3251 = CARTESIAN_POINT('',(4.618527782441E-14,-35.88539669778,35.));
#3252 = CARTESIAN_POINT('',(-12.,-35.88539669778,35.));
#3253 = CARTESIAN_POINT('',(-24.,-35.88539669778,35.));
#3254 = PCURVE('',#1197,#3255);
#3255 = DEFINITIONAL_REPRESENTATION('',(#3256),#3262);
#3256 = B_SPLINE_CURVE_WITH_KNOTS('',4,(#3257,#3258,#3259,#3260,#3261),
  .UNSPECIFIED.,.F.,.F.,(5,5),(0.,1.),.PIECEWISE_BEZIER_KNOTS.);
#3257 = CARTESIAN_POINT('',(0.827817357159,0.628847129328));
#3258 = CARTESIAN_POINT('',(0.663908678579,0.628847129328));
#3259 = CARTESIAN_POINT('',(0.5,0.628847129328));
#3260 = CARTESIAN_POINT('',(0.336091321421,0.628847129328));
#3261 = CARTESIAN_POINT('',(0.172182642841,0.628847129328));
#3262 = ( GEOMETRIC_REPRESENTATION_CONTEXT(2) 
PARAMETRIC_REPRESENTATION_CONTEXT() REPRESENTATION_CONTEXT('2D SPACE',''
  ) );
#3263 = PCURVE('',#1935,#3264);
#3264 = DEFINITIONAL_REPRESENTATION('',(#3265),#3271);
#3265 = B_SPLINE_CURVE_WITH_KNOTS('',4,(#3266,#3267,#3268,#3269,#3270),
  .UNSPECIFIED.,.F.,.F.,(5,5),(0.,1.),.PIECEWISE_BEZIER_KNOTS.);
#3266 = CARTESIAN_POINT('',(48.,24.114603302211));
#3267 = CARTESIAN_POINT('',(36.,24.114603302211));
#3268 = CARTESIAN_POINT('',(24.,24.114603302211));
#3269 = CARTESIAN_POINT('',(12.,24.114603302211));
#3270 = CARTESIAN_POINT('',(0.,24.114603302211));
#3271 = ( GEOMETRIC_REPRESENTATION_CONTEXT(2) 
PARAMETRIC_REPRESENTATION_CONTEXT() REPRESENTATION_CONTEXT('2D SPACE',''
  ) );
#3272 = ADVANCED_FACE('',(#3273),#1342,.F.);
#3273 = FACE_BOUND('',#3274,.F.);
#3274 = EDGE_LOOP('',(#3275,#3276,#3277,#3278));
#3275 = ORIENTED_EDGE('',*,*,#1952,.F.);
#3276 = ORIENTED_EDGE('',*,*,#1322,.F.);
#3277 = ORIENTED_EDGE('',*,*,#2239,.T.);
#3278 = ORIENTED_EDGE('',*,*,#2771,.T.);
#3279 = ADVANCED_FACE('',(#3280),#1421,.T.);
#3280 = FACE_BOUND('',#3281,.T.);
#3281 = EDGE_LOOP('',(#3282,#3303,#3304,#3325));
#3282 = ORIENTED_EDGE('',*,*,#3283,.F.);
#3283 = EDGE_CURVE('',#1400,#2804,#3284,.T.);
#3284 = SURFACE_CURVE('',#3285,(#3289,#3296),.PCURVE_S1.);
#3285 = LINE('',#3286,#3287);
#3286 = CARTESIAN_POINT('',(-24.,-60.,-37.));
#3287 = VECTOR('',#3288,1.);
#3288 = DIRECTION('',(0.,1.,0.));
#3289 = PCURVE('',#1421,#3290);
#3290 = DEFINITIONAL_REPRESENTATION('',(#3291),#3295);
#3291 = LINE('',#3292,#3293);
#3292 = CARTESIAN_POINT('',(6.,0.));
#3293 = VECTOR('',#3294,1.);
#3294 = DIRECTION('',(0.,-1.));
#3295 = ( GEOMETRIC_REPRESENTATION_CONTEXT(2) 
PARAMETRIC_REPRESENTATION_CONTEXT() REPRESENTATION_CONTEXT('2D SPACE',''
  ) );
#3296 = PCURVE('',#1455,#3297);
#3297 = DEFINITIONAL_REPRESENTATION('',(#3298),#3302);
#3298 = LINE('',#3299,#3300);
#3299 = CARTESIAN_POINT('',(0.,0.));
#3300 = VECTOR('',#3301,1.);
#3301 = DIRECTION('',(0.,1.));
#3302 = ( GEOMETRIC_REPRESENTATION_CONTEXT(2) 
PARAMETRIC_REPRESENTATION_CONTEXT() REPRESENTATION_CONTEXT('2D SPACE',''
  ) );
#3303 = ORIENTED_EDGE('',*,*,#1399,.T.);
#3304 = ORIENTED_EDGE('',*,*,#3305,.T.);
#3305 = EDGE_CURVE('',#1402,#2806,#3306,.T.);
#3306 = SURFACE_CURVE('',#3307,(#3311,#3318),.PCURVE_S1.);
#3307 = LINE('',#3308,#3309);
#3308 = CARTESIAN_POINT('',(-24.,-60.,-43.));
#3309 = VECTOR('',#3310,1.);
#3310 = DIRECTION('',(0.,1.,0.));
#3311 = PCURVE('',#1421,#3312);
#3312 = DEFINITIONAL_REPRESENTATION('',(#3313),#3317);
#3313 = LINE('',#3314,#3315);
#3314 = CARTESIAN_POINT('',(0.,0.));
#3315 = VECTOR('',#3316,1.);
#3316 = DIRECTION('',(0.,-1.));
#3317 = ( GEOMETRIC_REPRESENTATION_CONTEXT(2) 
PARAMETRIC_REPRESENTATION_CONTEXT() REPRESENTATION_CONTEXT('2D SPACE',''
  ) );
#3318 = PCURVE('',#1521,#3319);
#3319 = DEFINITIONAL_REPRESENTATION('',(#3320),#3324);
#3320 = LINE('',#3321,#3322);
#3321 = CARTESIAN_POINT('',(0.,0.));
#3322 = VECTOR('',#3323,1.);
#3323 = DIRECTION('',(0.,1.));
#3324 = ( GEOMETRIC_REPRESENTATION_CONTEXT(2) 
PARAMETRIC_REPRESENTATION_CONTEXT() REPRESENTATION_CONTEXT('2D SPACE',''
  ) );
#3325 = ORIENTED_EDGE('',*,*,#2803,.F.);
#3326 = ADVANCED_FACE('',(#3327),#1455,.F.);
#3327 = FACE_BOUND('',#3328,.F.);
#3328 = EDGE_LOOP('',(#3329,#3330,#3331,#3352));
#3329 = ORIENTED_EDGE('',*,*,#3283,.F.);
#3330 = ORIENTED_EDGE('',*,*,#1435,.F.);
#3331 = ORIENTED_EDGE('',*,*,#3332,.T.);
#3332 = EDGE_CURVE('',#1436,#2835,#3333,.T.);
#3333 = SURFACE_CURVE('',#3334,(#3338,#3345),.PCURVE_S1.);
#3334 = LINE('',#3335,#3336);
#3335 = CARTESIAN_POINT('',(24.,-60.,-37.));
#3336 = VECTOR('',#3337,1.);
#3337 = DIRECTION('',(0.,1.,0.));
#3338 = PCURVE('',#1455,#3339);
#3339 = DEFINITIONAL_REPRESENTATION('',(#3340),#3344);
#3340 = LINE('',#3341,#3342);
#3341 = CARTESIAN_POINT('',(48.,0.));
#3342 = VECTOR('',#3343,1.);
#3343 = DIRECTION('',(0.,1.));
#3344 = ( GEOMETRIC_REPRESENTATION_CONTEXT(2) 
PARAMETRIC_REPRESENTATION_CONTEXT() REPRESENTATION_CONTEXT('2D SPACE',''
  ) );
#3345 = PCURVE('',#1489,#3346);
#3346 = DEFINITIONAL_REPRESENTATION('',(#3347),#3351);
#3347 = LINE('',#3348,#3349);
#3348 = CARTESIAN_POINT('',(6.,0.));
#3349 = VECTOR('',#3350,1.);
#3350 = DIRECTION('',(0.,-1.));
#3351 = ( GEOMETRIC_REPRESENTATION_CONTEXT(2) 
PARAMETRIC_REPRESENTATION_CONTEXT() REPRESENTATION_CONTEXT('2D SPACE',''
  ) );
#3352 = ORIENTED_EDGE('',*,*,#2834,.T.);
#3353 = ADVANCED_FACE('',(#3354),#1521,.T.);
#3354 = FACE_BOUND('',#3355,.T.);
#3355 = EDGE_LOOP('',(#3356,#3357,#3358,#3379));
#3356 = ORIENTED_EDGE('',*,*,#3305,.F.);
#3357 = ORIENTED_EDGE('',*,*,#1503,.F.);
#3358 = ORIENTED_EDGE('',*,*,#3359,.T.);
#3359 = EDGE_CURVE('',#1470,#2864,#3360,.T.);
#3360 = SURFACE_CURVE('',#3361,(#3365,#3372),.PCURVE_S1.);
#3361 = LINE('',#3362,#3363);
#3362 = CARTESIAN_POINT('',(24.,-60.,-43.));
#3363 = VECTOR('',#3364,1.);
#3364 = DIRECTION('',(0.,1.,0.));
#3365 = PCURVE('',#1521,#3366);
#3366 = DEFINITIONAL_REPRESENTATION('',(#3367),#3371);
#3367 = LINE('',#3368,#3369);
#3368 = CARTESIAN_POINT('',(48.,0.));
#3369 = VECTOR('',#3370,1.);
#3370 = DIRECTION('',(0.,1.));
#3371 = ( GEOMETRIC_REPRESENTATION_CONTEXT(2) 
PARAMETRIC_REPRESENTATION_CONTEXT() REPRESENTATION_CONTEXT('2D SPACE',''
  ) );
#3372 = PCURVE('',#1489,#3373);
#3373 = DEFINITIONAL_REPRESENTATION('',(#3374),#3378);
#3374 = LINE('',#3375,#3376);
#3375 = CARTESIAN_POINT('',(0.,0.));
#3376 = VECTOR('',#3377,1.);
#3377 = DIRECTION('',(0.,-1.));
#3378 = ( GEOMETRIC_REPRESENTATION_CONTEXT(2) 
PARAMETRIC_REPRESENTATION_CONTEXT() REPRESENTATION_CONTEXT('2D SPACE',''
  ) );
#3379 = ORIENTED_EDGE('',*,*,#2892,.T.);
#3380 = ADVANCED_FACE('',(#3381),#1489,.F.);
#3381 = FACE_BOUND('',#3382,.F.);
#3382 = EDGE_LOOP('',(#3383,#3384,#3385,#3386));
#3383 = ORIENTED_EDGE('',*,*,#3332,.F.);
#3384 = ORIENTED_EDGE('',*,*,#1469,.F.);
#3385 = ORIENTED_EDGE('',*,*,#3359,.T.);
#3386 = ORIENTED_EDGE('',*,*,#2863,.T.);
#3387 = ADVANCED_FACE('',(#3388),#1559,.T.);
#3388 = FACE_BOUND('',#3389,.T.);
#3389 = EDGE_LOOP('',(#3390,#3411,#3412,#3433));
#3390 = ORIENTED_EDGE('',*,*,#3391,.F.);
#3391 = EDGE_CURVE('',#1538,#2922,#3392,.T.);
#3392 = SURFACE_CURVE('',#3393,(#3397,#3404),.PCURVE_S1.);
#3393 = LINE('',#3394,#3395);
#3394 = CARTESIAN_POINT('',(-24.,-60.,-11.));
#3395 = VECTOR('',#3396,1.);
#3396 = DIRECTION('',(0.,1.,0.));
#3397 = PCURVE('',#1559,#3398);
#3398 = DEFINITIONAL_REPRESENTATION('',(#3399),#3403);
#3399 = LINE('',#3400,#3401);
#3400 = CARTESIAN_POINT('',(6.,0.));
#3401 = VECTOR('',#3402,1.);
#3402 = DIRECTION('',(0.,-1.));
#3403 = ( GEOMETRIC_REPRESENTATION_CONTEXT(2) 
PARAMETRIC_REPRESENTATION_CONTEXT() REPRESENTATION_CONTEXT('2D SPACE',''
  ) );
#3404 = PCURVE('',#1593,#3405);
#3405 = DEFINITIONAL_REPRESENTATION('',(#3406),#3410);
#3406 = LINE('',#3407,#3408);
#3407 = CARTESIAN_POINT('',(0.,0.));
#3408 = VECTOR('',#3409,1.);
#3409 = DIRECTION('',(0.,1.));
#3410 = ( GEOMETRIC_REPRESENTATION_CONTEXT(2) 
PARAMETRIC_REPRESENTATION_CONTEXT() REPRESENTATION_CONTEXT('2D SPACE',''
  ) );
#3411 = ORIENTED_EDGE('',*,*,#1537,.T.);
#3412 = ORIENTED_EDGE('',*,*,#3413,.T.);
#3413 = EDGE_CURVE('',#1540,#2924,#3414,.T.);
#3414 = SURFACE_CURVE('',#3415,(#3419,#3426),.PCURVE_S1.);
#3415 = LINE('',#3416,#3417);
#3416 = CARTESIAN_POINT('',(-24.,-60.,-17.));
#3417 = VECTOR('',#3418,1.);
#3418 = DIRECTION('',(0.,1.,0.));
#3419 = PCURVE('',#1559,#3420);
#3420 = DEFINITIONAL_REPRESENTATION('',(#3421),#3425);
#3421 = LINE('',#3422,#3423);
#3422 = CARTESIAN_POINT('',(0.,0.));
#3423 = VECTOR('',#3424,1.);
#3424 = DIRECTION('',(0.,-1.));
#3425 = ( GEOMETRIC_REPRESENTATION_CONTEXT(2) 
PARAMETRIC_REPRESENTATION_CONTEXT() REPRESENTATION_CONTEXT('2D SPACE',''
  ) );
#3426 = PCURVE('',#1659,#3427);
#3427 = DEFINITIONAL_REPRESENTATION('',(#3428),#3432);
#3428 = LINE('',#3429,#3430);
#3429 = CARTESIAN_POINT('',(0.,0.));
#3430 = VECTOR('',#3431,1.);
#3431 = DIRECTION('',(0.,1.));
#3432 = ( GEOMETRIC_REPRESENTATION_CONTEXT(2) 
PARAMETRIC_REPRESENTATION_CONTEXT() REPRESENTATION_CONTEXT('2D SPACE',''
  ) );
#3433 = ORIENTED_EDGE('',*,*,#2921,.F.);
#3434 = ADVANCED_FACE('',(#3435),#1593,.F.);
#3435 = FACE_BOUND('',#3436,.F.);
#3436 = EDGE_LOOP('',(#3437,#3438,#3439,#3460));
#3437 = ORIENTED_EDGE('',*,*,#3391,.F.);
#3438 = ORIENTED_EDGE('',*,*,#1573,.F.);
#3439 = ORIENTED_EDGE('',*,*,#3440,.T.);
#3440 = EDGE_CURVE('',#1574,#2953,#3441,.T.);
#3441 = SURFACE_CURVE('',#3442,(#3446,#3453),.PCURVE_S1.);
#3442 = LINE('',#3443,#3444);
#3443 = CARTESIAN_POINT('',(24.,-60.,-11.));
#3444 = VECTOR('',#3445,1.);
#3445 = DIRECTION('',(0.,1.,0.));
#3446 = PCURVE('',#1593,#3447);
#3447 = DEFINITIONAL_REPRESENTATION('',(#3448),#3452);
#3448 = LINE('',#3449,#3450);
#3449 = CARTESIAN_POINT('',(48.,0.));
#3450 = VECTOR('',#3451,1.);
#3451 = DIRECTION('',(0.,1.));
#3452 = ( GEOMETRIC_REPRESENTATION_CONTEXT(2) 
PARAMETRIC_REPRESENTATION_CONTEXT() REPRESENTATION_CONTEXT('2D SPACE',''
  ) );
#3453 = PCURVE('',#1627,#3454);
#3454 = DEFINITIONAL_REPRESENTATION('',(#3455),#3459);
#3455 = LINE('',#3456,#3457);
#3456 = CARTESIAN_POINT('',(6.,0.));
#3457 = VECTOR('',#3458,1.);
#3458 = DIRECTION('',(0.,-1.));
#3459 = ( GEOMETRIC_REPRESENTATION_CONTEXT(2) 
PARAMETRIC_REPRESENTATION_CONTEXT() REPRESENTATION_CONTEXT('2D SPACE',''
  ) );
#3460 = ORIENTED_EDGE('',*,*,#2952,.T.);
#3461 = ADVANCED_FACE('',(#3462),#1659,.T.);
#3462 = FACE_BOUND('',#3463,.T.);
#3463 = EDGE_LOOP('',(#3464,#3465,#3466,#3487));
#3464 = ORIENTED_EDGE('',*,*,#3413,.F.);
#3465 = ORIENTED_EDGE('',*,*,#1641,.F.);
#3466 = ORIENTED_EDGE('',*,*,#3467,.T.);
#3467 = EDGE_CURVE('',#1608,#2982,#3468,.T.);
#3468 = SURFACE_CURVE('',#3469,(#3473,#3480),.PCURVE_S1.);
#3469 = LINE('',#3470,#3471);
#3470 = CARTESIAN_POINT('',(24.,-60.,-17.));
#3471 = VECTOR('',#3472,1.);
#3472 = DIRECTION('',(0.,1.,0.));
#3473 = PCURVE('',#1659,#3474);
#3474 = DEFINITIONAL_REPRESENTATION('',(#3475),#3479);
#3475 = LINE('',#3476,#3477);
#3476 = CARTESIAN_POINT('',(48.,0.));
#3477 = VECTOR('',#3478,1.);
#3478 = DIRECTION('',(0.,1.));
#3479 = ( GEOMETRIC_REPRESENTATION_CONTEXT(2) 
PARAMETRIC_REPRESENTATION_CONTEXT() REPRESENTATION_CONTEXT('2D SPACE',''
  ) );
#3480 = PCURVE('',#1627,#3481);
#3481 = DEFINITIONAL_REPRESENTATION('',(#3482),#3486);
#3482 = LINE('',#3483,#3484);
#3483 = CARTESIAN_POINT('',(0.,0.));
#3484 = VECTOR('',#3485,1.);
#3485 = DIRECTION('',(0.,-1.));
#3486 = ( GEOMETRIC_REPRESENTATION_CONTEXT(2) 
PARAMETRIC_REPRESENTATION_CONTEXT() REPRESENTATION_CONTEXT('2D SPACE',''
  ) );
#3487 = ORIENTED_EDGE('',*,*,#3010,.T.);
#3488 = ADVANCED_FACE('',(#3489),#1627,.F.);
#3489 = FACE_BOUND('',#3490,.F.);
#3490 = EDGE_LOOP('',(#3491,#3492,#3493,#3494));
#3491 = ORIENTED_EDGE('',*,*,#3440,.F.);
#3492 = ORIENTED_EDGE('',*,*,#1607,.F.);
#3493 = ORIENTED_EDGE('',*,*,#3467,.T.);
#3494 = ORIENTED_EDGE('',*,*,#2981,.T.);
#3495 = ADVANCED_FACE('',(#3496),#1697,.T.);
#3496 = FACE_BOUND('',#3497,.T.);
#3497 = EDGE_LOOP('',(#3498,#3519,#3520,#3541));
#3498 = ORIENTED_EDGE('',*,*,#3499,.F.);
#3499 = EDGE_CURVE('',#1676,#3040,#3500,.T.);
#3500 = SURFACE_CURVE('',#3501,(#3505,#3512),.PCURVE_S1.);
#3501 = LINE('',#3502,#3503);
#3502 = CARTESIAN_POINT('',(-24.,-60.,15.));
#3503 = VECTOR('',#3504,1.);
#3504 = DIRECTION('',(0.,1.,0.));
#3505 = PCURVE('',#1697,#3506);
#3506 = DEFINITIONAL_REPRESENTATION('',(#3507),#3511);
#3507 = LINE('',#3508,#3509);
#3508 = CARTESIAN_POINT('',(6.,0.));
#3509 = VECTOR('',#3510,1.);
#3510 = DIRECTION('',(0.,-1.));
#3511 = ( GEOMETRIC_REPRESENTATION_CONTEXT(2) 
PARAMETRIC_REPRESENTATION_CONTEXT() REPRESENTATION_CONTEXT('2D SPACE',''
  ) );
#3512 = PCURVE('',#1731,#3513);
#3513 = DEFINITIONAL_REPRESENTATION('',(#3514),#3518);
#3514 = LINE('',#3515,#3516);
#3515 = CARTESIAN_POINT('',(0.,0.));
#3516 = VECTOR('',#3517,1.);
#3517 = DIRECTION('',(0.,1.));
#3518 = ( GEOMETRIC_REPRESENTATION_CONTEXT(2) 
PARAMETRIC_REPRESENTATION_CONTEXT() REPRESENTATION_CONTEXT('2D SPACE',''
  ) );
#3519 = ORIENTED_EDGE('',*,*,#1675,.T.);
#3520 = ORIENTED_EDGE('',*,*,#3521,.T.);
#3521 = EDGE_CURVE('',#1678,#3042,#3522,.T.);
#3522 = SURFACE_CURVE('',#3523,(#3527,#3534),.PCURVE_S1.);
#3523 = LINE('',#3524,#3525);
#3524 = CARTESIAN_POINT('',(-24.,-60.,9.));
#3525 = VECTOR('',#3526,1.);
#3526 = DIRECTION('',(0.,1.,0.));
#3527 = PCURVE('',#1697,#3528);
#3528 = DEFINITIONAL_REPRESENTATION('',(#3529),#3533);
#3529 = LINE('',#3530,#3531);
#3530 = CARTESIAN_POINT('',(0.,0.));
#3531 = VECTOR('',#3532,1.);
#3532 = DIRECTION('',(0.,-1.));
#3533 = ( GEOMETRIC_REPRESENTATION_CONTEXT(2) 
PARAMETRIC_REPRESENTATION_CONTEXT() REPRESENTATION_CONTEXT('2D SPACE',''
  ) );
#3534 = PCURVE('',#1797,#3535);
#3535 = DEFINITIONAL_REPRESENTATION('',(#3536),#3540);
#3536 = LINE('',#3537,#3538);
#3537 = CARTESIAN_POINT('',(0.,0.));
#3538 = VECTOR('',#3539,1.);
#3539 = DIRECTION('',(0.,1.));
#3540 = ( GEOMETRIC_REPRESENTATION_CONTEXT(2) 
PARAMETRIC_REPRESENTATION_CONTEXT() REPRESENTATION_CONTEXT('2D SPACE',''
  ) );
#3541 = ORIENTED_EDGE('',*,*,#3039,.F.);
#3542 = ADVANCED_FACE('',(#3543),#1731,.F.);
#3543 = FACE_BOUND('',#3544,.F.);
#3544 = EDGE_LOOP('',(#3545,#3546,#3547,#3568));
#3545 = ORIENTED_EDGE('',*,*,#3499,.F.);
#3546 = ORIENTED_EDGE('',*,*,#1711,.F.);
#3547 = ORIENTED_EDGE('',*,*,#3548,.T.);
#3548 = EDGE_CURVE('',#1712,#3071,#3549,.T.);
#3549 = SURFACE_CURVE('',#3550,(#3554,#3561),.PCURVE_S1.);
#3550 = LINE('',#3551,#3552);
#3551 = CARTESIAN_POINT('',(24.,-60.,15.));
#3552 = VECTOR('',#3553,1.);
#3553 = DIRECTION('',(0.,1.,0.));
#3554 = PCURVE('',#1731,#3555);
#3555 = DEFINITIONAL_REPRESENTATION('',(#3556),#3560);
#3556 = LINE('',#3557,#3558);
#3557 = CARTESIAN_POINT('',(48.,0.));
#3558 = VECTOR('',#3559,1.);
#3559 = DIRECTION('',(0.,1.));
#3560 = ( GEOMETRIC_REPRESENTATION_CONTEXT(2) 
PARAMETRIC_REPRESENTATION_CONTEXT() REPRESENTATION_CONTEXT('2D SPACE',''
  ) );
#3561 = PCURVE('',#1765,#3562);
#3562 = DEFINITIONAL_REPRESENTATION('',(#3563),#3567);
#3563 = LINE('',#3564,#3565);
#3564 = CARTESIAN_POINT('',(6.,0.));
#3565 = VECTOR('',#3566,1.);
#3566 = DIRECTION('',(0.,-1.));
#3567 = ( GEOMETRIC_REPRESENTATION_CONTEXT(2) 
PARAMETRIC_REPRESENTATION_CONTEXT() REPRESENTATION_CONTEXT('2D SPACE',''
  ) );
#3568 = ORIENTED_EDGE('',*,*,#3070,.T.);
#3569 = ADVANCED_FACE('',(#3570),#1797,.T.);
#3570 = FACE_BOUND('',#3571,.T.);
#3571 = EDGE_LOOP('',(#3572,#3573,#3574,#3595));
#3572 = ORIENTED_EDGE('',*,*,#3521,.F.);
#3573 = ORIENTED_EDGE('',*,*,#1779,.F.);
#3574 = ORIENTED_EDGE('',*,*,#3575,.T.);
#3575 = EDGE_CURVE('',#1746,#3100,#3576,.T.);
#3576 = SURFACE_CURVE('',#3577,(#3581,#3588),.PCURVE_S1.);
#3577 = LINE('',#3578,#3579);
#3578 = CARTESIAN_POINT('',(24.,-60.,9.));
#3579 = VECTOR('',#3580,1.);
#3580 = DIRECTION('',(0.,1.,0.));
#3581 = PCURVE('',#1797,#3582);
#3582 = DEFINITIONAL_REPRESENTATION('',(#3583),#3587);
#3583 = LINE('',#3584,#3585);
#3584 = CARTESIAN_POINT('',(48.,0.));
#3585 = VECTOR('',#3586,1.);
#3586 = DIRECTION('',(0.,1.));
#3587 = ( GEOMETRIC_REPRESENTATION_CONTEXT(2) 
PARAMETRIC_REPRESENTATION_CONTEXT() REPRESENTATION_CONTEXT('2D SPACE',''
  ) );
#3588 = PCURVE('',#1765,#3589);
#3589 = DEFINITIONAL_REPRESENTATION('',(#3590),#3594);
#3590 = LINE('',#3591,#3592);
#3591 = CARTESIAN_POINT('',(0.,0.));
#3592 = VECTOR('',#3593,1.);
#3593 = DIRECTION('',(0.,-1.));
#3594 = ( GEOMETRIC_REPRESENTATION_CONTEXT(2) 
PARAMETRIC_REPRESENTATION_CONTEXT() REPRESENTATION_CONTEXT('2D SPACE',''
  ) );
#3595 = ORIENTED_EDGE('',*,*,#3128,.T.);
#3596 = ADVANCED_FACE('',(#3597),#1765,.F.);
#3597 = FACE_BOUND('',#3598,.F.);
#3598 = EDGE_LOOP('',(#3599,#3600,#3601,#3602));
#3599 = ORIENTED_EDGE('',*,*,#3548,.F.);
#3600 = ORIENTED_EDGE('',*,*,#1745,.F.);
#3601 = ORIENTED_EDGE('',*,*,#3575,.T.);
#3602 = ORIENTED_EDGE('',*,*,#3099,.T.);
#3603 = ADVANCED_FACE('',(#3604),#1835,.T.);
#3604 = FACE_BOUND('',#3605,.T.);
#3605 = EDGE_LOOP('',(#3606,#3627,#3628,#3649));
#3606 = ORIENTED_EDGE('',*,*,#3607,.F.);
#3607 = EDGE_CURVE('',#1814,#3158,#3608,.T.);
#3608 = SURFACE_CURVE('',#3609,(#3613,#3620),.PCURVE_S1.);
#3609 = LINE('',#3610,#3611);
#3610 = CARTESIAN_POINT('',(-24.,-60.,41.));
#3611 = VECTOR('',#3612,1.);
#3612 = DIRECTION('',(0.,1.,0.));
#3613 = PCURVE('',#1835,#3614);
#3614 = DEFINITIONAL_REPRESENTATION('',(#3615),#3619);
#3615 = LINE('',#3616,#3617);
#3616 = CARTESIAN_POINT('',(6.,0.));
#3617 = VECTOR('',#3618,1.);
#3618 = DIRECTION('',(0.,-1.));
#3619 = ( GEOMETRIC_REPRESENTATION_CONTEXT(2) 
PARAMETRIC_REPRESENTATION_CONTEXT() REPRESENTATION_CONTEXT('2D SPACE',''
  ) );
#3620 = PCURVE('',#1869,#3621);
#3621 = DEFINITIONAL_REPRESENTATION('',(#3622),#3626);
#3622 = LINE('',#3623,#3624);
#3623 = CARTESIAN_POINT('',(0.,0.));
#3624 = VECTOR('',#3625,1.);
#3625 = DIRECTION('',(0.,1.));
#3626 = ( GEOMETRIC_REPRESENTATION_CONTEXT(2) 
PARAMETRIC_REPRESENTATION_CONTEXT() REPRESENTATION_CONTEXT('2D SPACE',''
  ) );
#3627 = ORIENTED_EDGE('',*,*,#1813,.T.);
#3628 = ORIENTED_EDGE('',*,*,#3629,.T.);
#3629 = EDGE_CURVE('',#1816,#3160,#3630,.T.);
#3630 = SURFACE_CURVE('',#3631,(#3635,#3642),.PCURVE_S1.);
#3631 = LINE('',#3632,#3633);
#3632 = CARTESIAN_POINT('',(-24.,-60.,35.));
#3633 = VECTOR('',#3634,1.);
#3634 = DIRECTION('',(0.,1.,0.));
#3635 = PCURVE('',#1835,#3636);
#3636 = DEFINITIONAL_REPRESENTATION('',(#3637),#3641);
#3637 = LINE('',#3638,#3639);
#3638 = CARTESIAN_POINT('',(0.,0.));
#3639 = VECTOR('',#3640,1.);
#3640 = DIRECTION('',(0.,-1.));
#3641 = ( GEOMETRIC_REPRESENTATION_CONTEXT(2) 
PARAMETRIC_REPRESENTATION_CONTEXT() REPRESENTATION_CONTEXT('2D SPACE',''
  ) );
#3642 = PCURVE('',#1935,#3643);
#3643 = DEFINITIONAL_REPRESENTATION('',(#3644),#3648);
#3644 = LINE('',#3645,#3646);
#3645 = CARTESIAN_POINT('',(0.,0.));
#3646 = VECTOR('',#3647,1.);
#3647 = DIRECTION('',(0.,1.));
#3648 = ( GEOMETRIC_REPRESENTATION_CONTEXT(2) 
PARAMETRIC_REPRESENTATION_CONTEXT() REPRESENTATION_CONTEXT('2D SPACE',''
  ) );
#3649 = ORIENTED_EDGE('',*,*,#3157,.F.);
#3650 = ADVANCED_FACE('',(#3651),#1869,.F.);
#3651 = FACE_BOUND('',#3652,.F.);
#3652 = EDGE_LOOP('',(#3653,#3654,#3655,#3676));
#3653 = ORIENTED_EDGE('',*,*,#3607,.F.);
#3654 = ORIENTED_EDGE('',*,*,#1849,.F.);
#3655 = ORIENTED_EDGE('',*,*,#3656,.T.);
#3656 = EDGE_CURVE('',#1850,#3189,#3657,.T.);
#3657 = SURFACE_CURVE('',#3658,(#3662,#3669),.PCURVE_S1.);
#3658 = LINE('',#3659,#3660);
#3659 = CARTESIAN_POINT('',(24.,-60.,41.));
#3660 = VECTOR('',#3661,1.);
#3661 = DIRECTION('',(0.,1.,0.));
#3662 = PCURVE('',#1869,#3663);
#3663 = DEFINITIONAL_REPRESENTATION('',(#3664),#3668);
#3664 = LINE('',#3665,#3666);
#3665 = CARTESIAN_POINT('',(48.,0.));
#3666 = VECTOR('',#3667,1.);
#3667 = DIRECTION('',(0.,1.));
#3668 = ( GEOMETRIC_REPRESENTATION_CONTEXT(2) 
PARAMETRIC_REPRESENTATION_CONTEXT() REPRESENTATION_CONTEXT('2D SPACE',''
  ) );
#3669 = PCURVE('',#1903,#3670);
#3670 = DEFINITIONAL_REPRESENTATION('',(#3671),#3675);
#3671 = LINE('',#3672,#3673);
#3672 = CARTESIAN_POINT('',(6.,0.));
#3673 = VECTOR('',#3674,1.);
#3674 = DIRECTION('',(0.,-1.));
#3675 = ( GEOMETRIC_REPRESENTATION_CONTEXT(2) 
PARAMETRIC_REPRESENTATION_CONTEXT() REPRESENTATION_CONTEXT('2D SPACE',''
  ) );
#3676 = ORIENTED_EDGE('',*,*,#3188,.T.);
#3677 = ADVANCED_FACE('',(#3678),#1935,.T.);
#3678 = FACE_BOUND('',#3679,.T.);
#3679 = EDGE_LOOP('',(#3680,#3681,#3682,#3703));
#3680 = ORIENTED_EDGE('',*,*,#3629,.F.);
#3681 = ORIENTED_EDGE('',*,*,#1917,.F.);
#3682 = ORIENTED_EDGE('',*,*,#3683,.T.);
#3683 = EDGE_CURVE('',#1884,#3218,#3684,.T.);
#3684 = SURFACE_CURVE('',#3685,(#3689,#3696),.PCURVE_S1.);
#3685 = LINE('',#3686,#3687);
#3686 = CARTESIAN_POINT('',(24.,-60.,35.));
#3687 = VECTOR('',#3688,1.);
#3688 = DIRECTION('',(0.,1.,0.));
#3689 = PCURVE('',#1935,#3690);
#3690 = DEFINITIONAL_REPRESENTATION('',(#3691),#3695);
#3691 = LINE('',#3692,#3693);
#3692 = CARTESIAN_POINT('',(48.,0.));
#3693 = VECTOR('',#3694,1.);
#3694 = DIRECTION('',(0.,1.));
#3695 = ( GEOMETRIC_REPRESENTATION_CONTEXT(2) 
PARAMETRIC_REPRESENTATION_CONTEXT() REPRESENTATION_CONTEXT('2D SPACE',''
  ) );
#3696 = PCURVE('',#1903,#3697);
#3697 = DEFINITIONAL_REPRESENTATION('',(#3698),#3702);
#3698 = LINE('',#3699,#3700);
#3699 = CARTESIAN_POINT('',(0.,0.));
#3700 = VECTOR('',#3701,1.);
#3701 = DIRECTION('',(0.,-1.));
#3702 = ( GEOMETRIC_REPRESENTATION_CONTEXT(2) 
PARAMETRIC_REPRESENTATION_CONTEXT() REPRESENTATION_CONTEXT('2D SPACE',''
  ) );
#3703 = ORIENTED_EDGE('',*,*,#3246,.T.);
#3704 = ADVANCED_FACE('',(#3705),#1903,.F.);
#3705 = FACE_BOUND('',#3706,.F.);
#3706 = EDGE_LOOP('',(#3707,#3708,#3709,#3710));
#3707 = ORIENTED_EDGE('',*,*,#3656,.F.);
#3708 = ORIENTED_EDGE('',*,*,#1883,.F.);
#3709 = ORIENTED_EDGE('',*,*,#3683,.T.);
#3710 = ORIENTED_EDGE('',*,*,#3217,.T.);
#3711 = ( GEOMETRIC_REPRESENTATION_CONTEXT(3) 
GLOBAL_UNCERTAINTY_ASSIGNED_CONTEXT((#3715)) 
GLOBAL_UNIT_ASSIGNED_CONTEXT((#3712,#3713,#3714)) REPRESENTATION_CONTEXT
('Context #1','3D Context with UNIT and UNCERTAINTY') );
#3712 = ( LENGTH_UNIT() NAMED_UNIT(*) SI_UNIT(.MILLI.,.METRE.) );
#3713 = ( NAMED_UNIT(*) PLANE_ANGLE_UNIT() SI_UNIT($,.RADIAN.) );
#3714 = ( NAMED_UNIT(*) SI_UNIT($,.STERADIAN.) SOLID_ANGLE_UNIT() );
#3715 = UNCERTAINTY_MEASURE_WITH_UNIT(LENGTH_MEASURE(2.E-06),#3712,
  'distance_accuracy_value','confusion accuracy');
#3716 = PRODUCT_RELATED_PRODUCT_CATEGORY('part',$,(#7));
ENDSEC;
END-ISO-10303-21;
