ISO-10303-21;
HEADER;
FILE_DESCRIPTION(('Open CASCADE Model'),'2;1');
FILE_NAME('Open CASCADE Shape Model','2026-09-05T04:29:48',('Author'),(
    'Open CASCADE'),'Open CASCADE STEP processor 7.8','Open CASCADE 7.8'
  ,'Unknown');
FILE_SCHEMA(('AUTOMOTIVE_DESIGN { 1 0 10303 214 1 1 1 1 }'));
ENDSEC;
DATA;
#1 = APPLICATION_PROTOCOL_DEFINITION('international standard',
  'automotive_design',2000,#2);
#2 = APPLICATION_CONTEXT(
  'core data for automotive mechanical design processes');
#3 = SHAPE_DEFINITION_REPRESENTATION(#4,#10);
#4 = PRODUCT_DEFINITION_SHAPE('','',#5);
#5 = PRODUCT_DEFINITION('design','',#6,#9);
#6 = PRODUCT_DEFINITION_FORMATION('','',#7);
#7 = PRODUCT('Open CASCADE STEP translator 7.8 71',
  'Open CASCADE STEP translator 7.8 71','',(#8));
#8 = PRODUCT_CONTEXT('',#2,'mechanical');
#9 = PRODUCT_DEFINITION_CONTEXT('part definition',#2,'design');
#10 = ADVANCED_BREP_SHAPE_REPRESENTATION('',(#11,#15),#1985);
#11 = AXIS2_PLACEMENT_3D('',#12,#13,#14);
#12 = CARTESIAN_POINT('',(0.,0.,0.));
#13 = DIRECTION('',(0.,0.,1.));
#14 = DIRECTION('',(1.,0.,-0.));
#15 = MANIFOLD_SOLID_BREP('',#16);
#16 = CLOSED_SHELL('',(#17,#885,#1286,#1524,#1762,#1978));
#17 = ADVANCED_FACE('',(#18),#79,.T.);
#18 = FACE_BOUND('',#19,.T.);
#19 = EDGE_LOOP('',(#20,#332,#501,#670));
#20 = ORIENTED_EDGE('',*,*,#21,.F.);
#21 = EDGE_CURVE('',#22,#24,#26,.T.);
#22 = VERTEX_POINT('',#23);
#23 = CARTESIAN_POINT('',(-45.,-39.73793839171,-21.));
#24 = VERTEX_POINT('',#25);
#25 = CARTESIAN_POINT('',(-45.,-24.91860887255,45.));
#26 = SURFACE_CURVE('',#27,(#78,#273),.PCURVE_S1.);
#27 = B_SPLINE_CURVE_WITH_KNOTS('',4,(#28,#29,#30,#31,#32,#33,#34,#35,
    #36,#37,#38,#39,#40,#41,#42,#43,#44,#45,#46,#47,#48,#49,#50,#51,#52,
    #53,#54,#55,#56,#57,#58,#59,#60,#61,#62,#63,#64,#65,#66,#67,#68,#69,
    #70,#71,#72,#73,#74,#75,#76,#77),.UNSPECIFIED.,.F.,.F.,(5,3,3,3,3,3,
    3,3,3,3,3,3,3,3,3,3,5),(0.,6.557323978986E-02,0.131114902697,
    0.19648019102,0.261537996082,0.326175580281,0.39030038565,
    0.453841544078,0.516496790549,0.578754026031,0.640358005126,
    0.701337394051,0.761749354551,0.821681623616,0.881255342796,
    0.940629123931,1.),.UNSPECIFIED.);
#28 = CARTESIAN_POINT('',(-45.,-39.73793839171,-21.));
#29 = CARTESIAN_POINT('',(-45.,-39.64014114164,-19.89267227778));
#30 = CARTESIAN_POINT('',(-45.,-39.5332783956,-18.78614550264));
#31 = CARTESIAN_POINT('',(-45.,-39.41790818285,-17.68048116303));
#32 = CARTESIAN_POINT('',(-45.,-39.1711240793,-15.47148279519));
#33 = CARTESIAN_POINT('',(-45.,-39.03971855416,-14.36814841611));
#34 = CARTESIAN_POINT('',(-45.,-38.90072553239,-13.26574989131));
#35 = CARTESIAN_POINT('',(-45.,-38.60870083379,-11.06583218579));
#36 = CARTESIAN_POINT('',(-45.,-38.45570838219,-9.968308219126));
#37 = CARTESIAN_POINT('',(-45.,-38.29590790424,-8.871759008424));
#38 = CARTESIAN_POINT('',(-45.,-37.96406927831,-6.685790431148));
#39 = CARTESIAN_POINT('',(-45.,-37.79209253325,-5.596362053349));
#40 = CARTESIAN_POINT('',(-45.,-37.61396130445,-4.507926103739));
#41 = CARTESIAN_POINT('',(-45.,-37.24704493576,-2.340082472767));
#42 = CARTESIAN_POINT('',(-45.,-37.05833622902,-1.260662089842));
#43 = CARTESIAN_POINT('',(-45.,-36.86401143658,-0.182240789423));
#44 = CARTESIAN_POINT('',(-45.,-36.46606350279,1.964036683935));
#45 = CARTESIAN_POINT('',(-45.,-36.26252644796,3.031908632714));
#46 = CARTESIAN_POINT('',(-45.,-36.05380451104,4.098777776398));
#47 = CARTESIAN_POINT('',(-45.,-35.62817738123,6.220783214196));
#48 = CARTESIAN_POINT('',(-45.,-35.41136397444,7.275937763313));
#49 = CARTESIAN_POINT('',(-45.,-35.18969505687,8.33008199544));
#50 = CARTESIAN_POINT('',(-45.,-34.73994127406,10.421628886979));
#51 = CARTESIAN_POINT('',(-45.,-34.51198890061,11.459059899596));
#52 = CARTESIAN_POINT('',(-45.,-34.27944855737,12.495471702313));
#53 = CARTESIAN_POINT('',(-45.,-33.80673539158,14.559625252933));
#54 = CARTESIAN_POINT('',(-45.,-33.56662033027,15.587380092621));
#55 = CARTESIAN_POINT('',(-45.,-33.32201207553,16.6140748072));
#56 = CARTESIAN_POINT('',(-45.,-32.82636037956,18.65450444059));
#57 = CARTESIAN_POINT('',(-45.,-32.57541123973,19.668262121454));
#58 = CARTESIAN_POINT('',(-45.,-32.32000137496,20.680905620467));
#59 = CARTESIAN_POINT('',(-45.,-31.8027296699,22.69360178559));
#60 = CARTESIAN_POINT('',(-45.,-31.54095930879,23.693677795203));
#61 = CARTESIAN_POINT('',(-45.,-31.27465614805,24.692557365569));
#62 = CARTESIAN_POINT('',(-45.,-30.7352313738,26.678496461102));
#63 = CARTESIAN_POINT('',(-45.,-30.46219604491,27.665579218619));
#64 = CARTESIAN_POINT('',(-45.,-30.18444374485,28.651346756567));
#65 = CARTESIAN_POINT('',(-45.,-29.62135965469,30.612244672662));
#66 = CARTESIAN_POINT('',(-45.,-29.33610531226,31.587397028042));
#67 = CARTESIAN_POINT('',(-45.,-29.04582613337,32.56106799043));
#68 = CARTESIAN_POINT('',(-45.,-28.45647000639,34.499381882412));
#69 = CARTESIAN_POINT('',(-45.,-28.15745580206,35.464043539991));
#70 = CARTESIAN_POINT('',(-45.,-27.85296789143,36.426995242253));
#71 = CARTESIAN_POINT('',(-45.,-27.23342810298,38.34592650166));
#72 = CARTESIAN_POINT('',(-45.,-26.91841477792,39.301918022661));
#73 = CARTESIAN_POINT('',(-45.,-26.59731184712,40.255886886266));
#74 = CARTESIAN_POINT('',(-45.,-25.94212029867,42.159303073579));
#75 = CARTESIAN_POINT('',(-45.,-25.6080318812,43.10874976913));
#76 = CARTESIAN_POINT('',(-45.,-25.2670319741,44.055744237391));
#77 = CARTESIAN_POINT('',(-45.,-24.91860887255,45.));
#78 = PCURVE('',#79,#220);
#79 = ( BOUNDED_SURFACE() B_SPLINE_SURFACE(14,4,(
    (#80,#81,#82,#83,#84)
    ,(#85,#86,#87,#88,#89)
    ,(#90,#91,#92,#93,#94)
    ,(#95,#96,#97,#98,#99)
    ,(#100,#101,#102,#103,#104)
    ,(#105,#106,#107,#108,#109)
    ,(#110,#111,#112,#113,#114)
    ,(#115,#116,#117,#118,#119)
    ,(#120,#121,#122,#123,#124)
    ,(#125,#126,#127,#128,#129)
    ,(#130,#131,#132,#133,#134)
    ,(#135,#136,#137,#138,#139)
    ,(#140,#141,#142,#143,#144)
    ,(#145,#146,#147,#148,#149)
    ,(#150,#151,#152,#153,#154)
    ,(#155,#156,#157,#158,#159)
    ,(#160,#161,#162,#163,#164)
    ,(#165,#166,#167,#168,#169)
    ,(#170,#171,#172,#173,#174)
    ,(#175,#176,#177,#178,#179)
    ,(#180,#181,#182,#183,#184)
    ,(#185,#186,#187,#188,#189)
    ,(#190,#191,#192,#193,#194)
    ,(#195,#196,#197,#198,#199)
    ,(#200,#201,#202,#203,#204)
    ,(#205,#206,#207,#208,#209)
    ,(#210,#211,#212,#213,#214)
    ,(#215,#216,#217,#218,#219
)),.UNSPECIFIED.,.T.,.F.,.F.) B_SPLINE_SURFACE_WITH_KNOTS((15,13,15),(5,
5),(0.,0.5,1.),(0.,1.),.UNSPECIFIED.) GEOMETRIC_REPRESENTATION_ITEM() 
RATIONAL_B_SPLINE_SURFACE((
    (1.,1.,1.,1.,1.)
    ,(1.,1.,1.,1.,1.)
    ,(1.,1.,1.,1.,1.)
    ,(1.,1.,1.,1.,1.)
    ,(1.,1.,1.,1.,1.)
    ,(1.,1.,1.,1.,1.)
    ,(1.,1.,1.,1.,1.)
    ,(1.,1.,1.,1.,1.)
    ,(1.,1.,1.,1.,1.)
    ,(1.,1.,1.,1.,1.)
    ,(1.,1.,1.,1.,1.)
    ,(1.,1.,1.,1.,1.)
    ,(1.,1.,1.,1.,1.)
    ,(1.,1.,1.,1.,1.)
    ,(1.,1.,1.,1.,1.)
    ,(1.,1.,1.,1.,1.)
    ,(1.,1.,1.,1.,1.)
    ,(1.,1.,1.,1.,1.)
    ,(1.,1.,1.,1.,1.)
    ,(1.,1.,1.,1.,1.)
    ,(1.,1.,1.,1.,1.)
    ,(1.,1.,1.,1.,1.)
    ,(1.,1.,1.,1.,1.)
    ,(1.,1.,1.,1.,1.)
    ,(1.,1.,1.,1.,1.)
    ,(1.,1.,1.,1.,1.)
    ,(1.,1.,1.,1.,1.)
,(1.,1.,1.,1.,1.))) REPRESENTATION_ITEM('') SURFACE() );
#80 = CARTESIAN_POINT('',(50.7,-2.378284900491E-14,-79.));
#81 = CARTESIAN_POINT('',(106.36295465353,3.149833595782E-14,
    -60.38600670167));
#82 = CARTESIAN_POINT('',(67.643539526265,-3.005580529445E-15,
    11.819560429981));
#83 = CARTESIAN_POINT('',(69.590303867109,-1.109481613876E-16,
    36.202871503505));
#84 = CARTESIAN_POINT('',(43.68,1.808726833845E-14,79.));
#85 = CARTESIAN_POINT('',(50.700000000002,7.001263628004,-79.));
#86 = CARTESIAN_POINT('',(106.36295465352,14.687871514434,
    -60.38600670167));
#87 = CARTESIAN_POINT('',(67.643539526272,9.341030630273,11.819560429981
    ));
#88 = CARTESIAN_POINT('',(69.590303867097,9.609863181967,36.202871503505
    ));
#89 = CARTESIAN_POINT('',(43.680000000006,6.031857894897,79.));
#90 = CARTESIAN_POINT('',(47.950610471797,14.002528548168,-79.));
#91 = CARTESIAN_POINT('',(100.59504028909,29.37573904204,-60.38600670167
    ));
#92 = CARTESIAN_POINT('',(63.975325945353,18.682064091635,
    11.819560429981));
#93 = CARTESIAN_POINT('',(65.816518866262,19.219723279914,
    36.202871503505));
#94 = CARTESIAN_POINT('',(41.311295175696,12.063716903036,79.));
#95 = CARTESIAN_POINT('',(42.451829657971,20.560840552883,-79.));
#96 = CARTESIAN_POINT('',(89.059216640006,43.134374887423,
    -60.38600670167));
#97 = CARTESIAN_POINT('',(56.638894989723,27.432107616839,
    11.819560429981));
#98 = CARTESIAN_POINT('',(58.268952810566,28.221615528866,
    36.202871503505));
#99 = CARTESIAN_POINT('',(36.573884013024,17.713954937869,79.));
#100 = CARTESIAN_POINT('',(34.409233722803,26.233270409378,-79.));
#101 = CARTESIAN_POINT('',(72.186732315778,55.034455367865,
    -60.38600670167));
#102 = CARTESIAN_POINT('',(45.908529265261,35.000226286866,
    11.819560429981));
#103 = CARTESIAN_POINT('',(47.22975765568,36.00750182648,36.202871503505
    ));
#104 = CARTESIAN_POINT('',(29.644878284261,22.600971429618,79.));
#105 = CARTESIAN_POINT('',(24.233956814865,30.616592882181,-79.));
#106 = CARTESIAN_POINT('',(50.840151335629,64.230211501057,
    -60.38600670167));
#107 = CARTESIAN_POINT('',(32.33275238212,40.848414942876,
    11.819560429981));
#108 = CARTESIAN_POINT('',(33.263288469379,42.024030042362,
    36.202871503505));
#109 = CARTESIAN_POINT('',(20.878485871268,26.377372329263,79.));
#110 = CARTESIAN_POINT('',(12.520176838677,33.387101466991,-79.));
#111 = CARTESIAN_POINT('',(26.265932423362,70.042430423616,
    -60.38600670167));
#112 = CARTESIAN_POINT('',(16.70432178432,44.544805546269,
    11.819560429981));
#113 = CARTESIAN_POINT('',(17.185064017485,45.826802213552,
    36.202871503505));
#114 = CARTESIAN_POINT('',(10.786613891783,28.7642720331,79.));
#115 = CARTESIAN_POINT('',(-4.545143283963E-08,34.334857985044,-79.));
#116 = CARTESIAN_POINT('',(8.2339239483E-08,72.030696737145,
    -60.38600670167));
#117 = CARTESIAN_POINT('',(-9.001344207257E-08,45.809298332287,
    11.819560429981));
#118 = CARTESIAN_POINT('',(6.648832209503E-08,47.127667691462,
    36.202871503505));
#119 = CARTESIAN_POINT('',(-3.915803770127E-08,29.580800725577,79.));
#120 = CARTESIAN_POINT('',(-12.52017655897,33.387102745677,-79.));
#121 = CARTESIAN_POINT('',(-26.26593293007,70.042428107159,
    -60.38600670167));
#122 = CARTESIAN_POINT('',(-16.70432123038,44.544808078605,
    11.819560429981));
#123 = CARTESIAN_POINT('',(-17.18506442665,45.826800343012,
    36.202871503505));
#124 = CARTESIAN_POINT('',(-10.7866136508,28.764273134737,79.));
#125 = CARTESIAN_POINT('',(-24.23395769192,30.616593159931,-79.));
#126 = CARTESIAN_POINT('',(-50.84014974674,64.230210997876,
    -60.38600670167));
#127 = CARTESIAN_POINT('',(-32.33275411906,40.848415492933,
    11.819560429981));
#128 = CARTESIAN_POINT('',(-33.26328718635,42.024029636047,
    36.202871503505));
#129 = CARTESIAN_POINT('',(-20.87848662688,26.377372568556,79.));
#130 = CARTESIAN_POINT('',(-34.4092323811,26.233267352182,-79.));
#131 = CARTESIAN_POINT('',(-72.18673474639,55.034460906277,
    -60.38600670167));
#132 = CARTESIAN_POINT('',(-45.90852660814,35.000220232342,
    11.819560429981));
#133 = CARTESIAN_POINT('',(-47.2297596184,36.007506298744,
    36.202871503505));
#134 = CARTESIAN_POINT('',(-29.64487712833,22.600968795726,79.));
#135 = CARTESIAN_POINT('',(-42.45183062935,20.560844001535,-79.));
#136 = CARTESIAN_POINT('',(-89.05921488025,43.134368639861,
    -60.38600670167));
#137 = CARTESIAN_POINT('',(-56.63889691346,27.432114446613,
    11.819560429981));
#138 = CARTESIAN_POINT('',(-58.26895138957,28.221610483961,
    36.202871503505));
#139 = CARTESIAN_POINT('',(-36.5738848499,17.713957909015,79.));
#140 = CARTESIAN_POINT('',(-47.9506102053,14.002527163489,-79.));
#141 = CARTESIAN_POINT('',(-100.5950407718,29.375741550509,
    -60.38600670167));
#142 = CARTESIAN_POINT('',(-63.97532541759,18.682061349388,
    11.819560429981));
#143 = CARTESIAN_POINT('',(-65.81651925609,19.219725305504,
    36.202871503505));
#144 = CARTESIAN_POINT('',(-41.3112949461,12.063715710083,79.));
#145 = CARTESIAN_POINT('',(-50.69999999328,7.001263581745,-79.));
#146 = CARTESIAN_POINT('',(-106.3629546657,14.687871598244,
    -60.38600670167));
#147 = CARTESIAN_POINT('',(-67.64353951296,9.341030538661,
    11.819560429981));
#148 = CARTESIAN_POINT('',(-69.59030387693,9.609863249643,
    36.202871503505));
#149 = CARTESIAN_POINT('',(-43.67999999421,6.031857855042,79.));
#150 = CARTESIAN_POINT('',(-50.69999999328,-7.001263581745,-79.));
#151 = CARTESIAN_POINT('',(-106.3629546657,-14.68787159824,
    -60.38600670167));
#152 = CARTESIAN_POINT('',(-67.64353951295,-9.34103053866,
    11.819560429981));
#153 = CARTESIAN_POINT('',(-69.59030387694,-9.609863249643,
    36.202871503505));
#154 = CARTESIAN_POINT('',(-43.67999999421,-6.031857855042,79.));
#155 = CARTESIAN_POINT('',(-47.9506102053,-14.00252716348,-79.));
#156 = CARTESIAN_POINT('',(-100.5950407718,-29.37574155051,
    -60.38600670167));
#157 = CARTESIAN_POINT('',(-63.9753254176,-18.68206134939,
    11.819560429981));
#158 = CARTESIAN_POINT('',(-65.81651925607,-19.2197253055,
    36.202871503505));
#159 = CARTESIAN_POINT('',(-41.3112949461,-12.06371571008,79.));
#160 = CARTESIAN_POINT('',(-42.45183062935,-20.56084400153,-79.));
#161 = CARTESIAN_POINT('',(-89.05921488027,-43.13436863984,
    -60.38600670167));
#162 = CARTESIAN_POINT('',(-56.63889691344,-27.43211444661,
    11.819560429981));
#163 = CARTESIAN_POINT('',(-58.26895138958,-28.22161048395,
    36.202871503505));
#164 = CARTESIAN_POINT('',(-36.5738848499,-17.71395790901,79.));
#165 = CARTESIAN_POINT('',(-34.4092323811,-26.23326735218,-79.));
#166 = CARTESIAN_POINT('',(-72.18673474638,-55.03446090628,
    -60.38600670167));
#167 = CARTESIAN_POINT('',(-45.90852660815,-35.00022023234,
    11.819560429981));
#168 = CARTESIAN_POINT('',(-47.22975961839,-36.00750629875,
    36.202871503505));
#169 = CARTESIAN_POINT('',(-29.64487712833,-22.60096879572,79.));
#170 = CARTESIAN_POINT('',(-24.23395769192,-30.61659315993,-79.));
#171 = CARTESIAN_POINT('',(-50.84014974673,-64.23021099788,
    -60.38600670167));
#172 = CARTESIAN_POINT('',(-32.33275411906,-40.84841549293,
    11.819560429981));
#173 = CARTESIAN_POINT('',(-33.26328718635,-42.02402963604,
    36.202871503505));
#174 = CARTESIAN_POINT('',(-20.87848662688,-26.37737256855,79.));
#175 = CARTESIAN_POINT('',(-12.52017655897,-33.38710274567,-79.));
#176 = CARTESIAN_POINT('',(-26.26593293009,-70.04242810714,
    -60.38600670167));
#177 = CARTESIAN_POINT('',(-16.70432123037,-44.5448080786,
    11.819560429981));
#178 = CARTESIAN_POINT('',(-17.18506442666,-45.826800343,36.202871503505
    ));
#179 = CARTESIAN_POINT('',(-10.7866136508,-28.76427313473,79.));
#180 = CARTESIAN_POINT('',(-4.545145948498E-08,-34.33485798504,-79.));
#181 = CARTESIAN_POINT('',(8.233929558531E-08,-72.03069673714,
    -60.38600670167));
#182 = CARTESIAN_POINT('',(-9.001197319802E-08,-45.80929833228,
    11.819560429981));
#183 = CARTESIAN_POINT('',(6.648873279585E-08,-47.12766769146,
    36.202871503505));
#184 = CARTESIAN_POINT('',(-3.915802704313E-08,-29.58080072557,79.));
#185 = CARTESIAN_POINT('',(12.520176838677,-33.38710146699,-79.));
#186 = CARTESIAN_POINT('',(26.265932423376,-70.04243042362,
    -60.38600670167));
#187 = CARTESIAN_POINT('',(16.704321784311,-44.54480554627,
    11.819560429981));
#188 = CARTESIAN_POINT('',(17.185064017495,-45.82680221355,
    36.202871503505));
#189 = CARTESIAN_POINT('',(10.786613891783,-28.7642720331,79.));
#190 = CARTESIAN_POINT('',(24.233956814865,-30.61659288218,-79.));
#191 = CARTESIAN_POINT('',(50.840151335619,-64.23021150104,
    -60.38600670167));
#192 = CARTESIAN_POINT('',(32.332752382123,-40.84841494287,
    11.819560429981));
#193 = CARTESIAN_POINT('',(33.263288469372,-42.02403004235,
    36.202871503505));
#194 = CARTESIAN_POINT('',(20.878485871268,-26.37737232926,79.));
#195 = CARTESIAN_POINT('',(34.409233722802,-26.23327040937,-79.));
#196 = CARTESIAN_POINT('',(72.186732315767,-55.03445536785,
    -60.38600670167));
#197 = CARTESIAN_POINT('',(45.908529265269,-35.00022628686,
    11.819560429981));
#198 = CARTESIAN_POINT('',(47.229757655673,-36.00750182647,
    36.202871503505));
#199 = CARTESIAN_POINT('',(29.644878284261,-22.60097142961,79.));
#200 = CARTESIAN_POINT('',(42.451829657971,-20.56084055288,-79.));
#201 = CARTESIAN_POINT('',(89.059216640033,-43.13437488744,
    -60.38600670167));
#202 = CARTESIAN_POINT('',(56.638894989712,-27.43210761683,
    11.819560429981));
#203 = CARTESIAN_POINT('',(58.268952810585,-28.22161552888,
    36.202871503505));
#204 = CARTESIAN_POINT('',(36.573884013024,-17.71395493786,79.));
#205 = CARTESIAN_POINT('',(47.950610471797,-14.00252854817,-79.));
#206 = CARTESIAN_POINT('',(100.59504028907,-29.375739042,-60.38600670167
    ));
#207 = CARTESIAN_POINT('',(63.97532594536,-18.68206409165,
    11.819560429981));
#208 = CARTESIAN_POINT('',(65.816518866246,-19.21972327988,
    36.202871503505));
#209 = CARTESIAN_POINT('',(41.311295175696,-12.06371690304,79.));
#210 = CARTESIAN_POINT('',(50.700000000001,-7.001263627999,-79.));
#211 = CARTESIAN_POINT('',(106.36295465353,-14.68787151445,
    -60.38600670167));
#212 = CARTESIAN_POINT('',(67.643539526269,-9.34103063026,
    11.819560429981));
#213 = CARTESIAN_POINT('',(69.590303867103,-9.609863181984,
    36.202871503505));
#214 = CARTESIAN_POINT('',(43.680000000005,-6.031857894889,79.));
#215 = CARTESIAN_POINT('',(50.7,1.884971485313E-14,-79.));
#216 = CARTESIAN_POINT('',(106.36295465353,-6.627232139804E-14,
    -60.38600670167));
#217 = CARTESIAN_POINT('',(67.643539526265,5.053232185761E-14,
    11.819560429981));
#218 = CARTESIAN_POINT('',(69.590303867109,-4.5458900485E-14,
    36.202871503505));
#219 = CARTESIAN_POINT('',(43.68,-2.45452960549E-14,79.));
#220 = DEFINITIONAL_REPRESENTATION('',(#221),#272);
#221 = B_SPLINE_CURVE_WITH_KNOTS('',4,(#222,#223,#224,#225,#226,#227,
    #228,#229,#230,#231,#232,#233,#234,#235,#236,#237,#238,#239,#240,
    #241,#242,#243,#244,#245,#246,#247,#248,#249,#250,#251,#252,#253,
    #254,#255,#256,#257,#258,#259,#260,#261,#262,#263,#264,#265,#266,
    #267,#268,#269,#270,#271),.UNSPECIFIED.,.F.,.F.,(5,3,3,3,3,3,3,3,3,3
    ,3,3,3,3,3,3,5),(0.,6.557323978986E-02,0.131114902697,0.19648019102,
    0.261537996082,0.326175580281,0.39030038565,0.453841544078,
    0.516496790549,0.578754026031,0.640358005126,0.701337394051,
    0.761749354551,0.821681623616,0.881255342796,0.940629123931,1.),
  .UNSPECIFIED.);
#222 = CARTESIAN_POINT('',(0.653134415941,0.391328679178));
#223 = CARTESIAN_POINT('',(0.652950684321,0.397482470191));
#224 = CARTESIAN_POINT('',(0.652749109995,0.403632171936));
#225 = CARTESIAN_POINT('',(0.652530394434,0.409780402267));
#226 = CARTESIAN_POINT('',(0.652059729933,0.42207579363));
#227 = CARTESIAN_POINT('',(0.651807798489,0.428222952811));
#228 = CARTESIAN_POINT('',(0.651539679733,0.434373469544));
#229 = CARTESIAN_POINT('',(0.650972387081,0.446669088146));
#230 = CARTESIAN_POINT('',(0.650673299606,0.452814159216));
#231 = CARTESIAN_POINT('',(0.650358665249,0.458966975669));
#232 = CARTESIAN_POINT('',(0.64970008237,0.471263122145));
#233 = CARTESIAN_POINT('',(0.649356279185,0.47740635969));
#234 = CARTESIAN_POINT('',(0.648997300662,0.483561234573));
#235 = CARTESIAN_POINT('',(0.648251342038,0.495857969819));
#236 = CARTESIAN_POINT('',(0.647864557903,0.501999656232));
#237 = CARTESIAN_POINT('',(0.647462727938,0.508156325694));
#238 = CARTESIAN_POINT('',(0.646631939589,0.520453704177));
#239 = CARTESIAN_POINT('',(0.646203221519,0.526594150749));
#240 = CARTESIAN_POINT('',(0.645759357436,0.532752329166));
#241 = CARTESIAN_POINT('',(0.644844898069,0.545050402577));
#242 = CARTESIAN_POINT('',(0.644374582375,0.551189951789));
#243 = CARTESIAN_POINT('',(0.64388878954,0.557349330453));
#244 = CARTESIAN_POINT('',(0.642892339421,0.569623405987));
#245 = CARTESIAN_POINT('',(0.642382122477,0.575737526034));
#246 = CARTESIAN_POINT('',(0.641855982734,0.5818726869));
#247 = CARTESIAN_POINT('',(0.640774104815,0.594147046314));
#248 = CARTESIAN_POINT('',(0.640218574816,0.60028596867));
#249 = CARTESIAN_POINT('',(0.639646142322,0.606446712957));
#250 = CARTESIAN_POINT('',(0.63847209835,0.618747189829));
#251 = CARTESIAN_POINT('',(0.63787085465,0.624886461169));
#252 = CARTESIAN_POINT('',(0.637251535493,0.631047309297));
#253 = CARTESIAN_POINT('',(0.635981243434,0.643348712069));
#254 = CARTESIAN_POINT('',(0.635330653329,0.649488835406));
#255 = CARTESIAN_POINT('',(0.634660426069,0.655649348026));
#256 = CARTESIAN_POINT('',(0.633284664285,0.667951754689));
#257 = CARTESIAN_POINT('',(0.632579514095,0.674093284616));
#258 = CARTESIAN_POINT('',(0.631852682597,0.680252975162));
#259 = CARTESIAN_POINT('',(0.630358553755,0.692556481287));
#260 = CARTESIAN_POINT('',(0.629591620765,0.698700030613));
#261 = CARTESIAN_POINT('',(0.628800349652,0.704858356949));
#262 = CARTESIAN_POINT('',(0.627170224547,0.717163085784));
#263 = CARTESIAN_POINT('',(0.626331680055,0.72330933545));
#264 = CARTESIAN_POINT('',(0.625465345336,0.729465688931));
#265 = CARTESIAN_POINT('',(0.623675370973,0.741771809112));
#266 = CARTESIAN_POINT('',(0.62275192895,0.747921525119));
#267 = CARTESIAN_POINT('',(0.621796187592,0.754075214868));
#268 = CARTESIAN_POINT('',(0.619814206527,0.766382433948));
#269 = CARTESIAN_POINT('',(0.618787964473,0.772535959932));
#270 = CARTESIAN_POINT('',(0.617723476707,0.778685649872));
#271 = CARTESIAN_POINT('',(0.6166169573,0.784826664394));
#272 = ( GEOMETRIC_REPRESENTATION_CONTEXT(2) 
PARAMETRIC_REPRESENTATION_CONTEXT() REPRESENTATION_CONTEXT('2D SPACE',''
  ) );
#273 = PCURVE('',#274,#279);
#274 = PLANE('',#275);
#275 = AXIS2_PLACEMENT_3D('',#276,#277,#278);
#276 = CARTESIAN_POINT('',(-45.,-142.,-21.));
#277 = DIRECTION('',(1.,0.,0.));
#278 = DIRECTION('',(0.,0.,1.));
#279 = DEFINITIONAL_REPRESENTATION('',(#280),#331);
#280 = B_SPLINE_CURVE_WITH_KNOTS('',4,(#281,#282,#283,#284,#285,#286,
    #287,#288,#289,#290,#291,#292,#293,#294,#295,#296,#297,#298,#299,
    #300,#301,#302,#303,#304,#305,#306,#307,#308,#309,#310,#311,#312,
    #313,#314,#315,#316,#317,#318,#319,#320,#321,#322,#323,#324,#325,
    #326,#327,#328,#329,#330),.UNSPECIFIED.,.F.,.F.,(5,3,3,3,3,3,3,3,3,3
    ,3,3,3,3,3,3,5),(0.,6.557323978986E-02,0.131114902697,0.19648019102,
    0.261537996082,0.326175580281,0.39030038565,0.453841544078,
    0.516496790549,0.578754026031,0.640358005126,0.701337394051,
    0.761749354551,0.821681623616,0.881255342796,0.940629123931,1.),
  .UNSPECIFIED.);
#281 = CARTESIAN_POINT('',(0.,-102.2620616082));
#282 = CARTESIAN_POINT('',(1.107327722215,-102.3598588583));
#283 = CARTESIAN_POINT('',(2.213854497352,-102.4667216044));
#284 = CARTESIAN_POINT('',(3.319518836964,-102.5820918171));
#285 = CARTESIAN_POINT('',(5.528517204806,-102.8288759206));
#286 = CARTESIAN_POINT('',(6.631851583889,-102.9602814458));
#287 = CARTESIAN_POINT('',(7.734250108689,-103.0992744676));
#288 = CARTESIAN_POINT('',(9.934167814206,-103.3912991662));
#289 = CARTESIAN_POINT('',(11.031691780874,-103.5442916178));
#290 = CARTESIAN_POINT('',(12.128240991576,-103.7040920957));
#291 = CARTESIAN_POINT('',(14.314209568852,-104.0359307216));
#292 = CARTESIAN_POINT('',(15.403637946651,-104.2079074667));
#293 = CARTESIAN_POINT('',(16.492073896261,-104.3860386955));
#294 = CARTESIAN_POINT('',(18.659917527233,-104.7529550642));
#295 = CARTESIAN_POINT('',(19.739337910158,-104.9416637709));
#296 = CARTESIAN_POINT('',(20.817759210577,-105.1359885634));
#297 = CARTESIAN_POINT('',(22.964036683935,-105.5339364972));
#298 = CARTESIAN_POINT('',(24.031908632714,-105.737473552));
#299 = CARTESIAN_POINT('',(25.098777776398,-105.9461954889));
#300 = CARTESIAN_POINT('',(27.220783214196,-106.3718226187));
#301 = CARTESIAN_POINT('',(28.275937763313,-106.5886360255));
#302 = CARTESIAN_POINT('',(29.33008199544,-106.8103049431));
#303 = CARTESIAN_POINT('',(31.421628886979,-107.2600587259));
#304 = CARTESIAN_POINT('',(32.459059899596,-107.4880110993));
#305 = CARTESIAN_POINT('',(33.495471702313,-107.7205514426));
#306 = CARTESIAN_POINT('',(35.559625252933,-108.1932646084));
#307 = CARTESIAN_POINT('',(36.587380092621,-108.4333796697));
#308 = CARTESIAN_POINT('',(37.6140748072,-108.6779879244));
#309 = CARTESIAN_POINT('',(39.65450444059,-109.1736396204));
#310 = CARTESIAN_POINT('',(40.668262121454,-109.4245887602));
#311 = CARTESIAN_POINT('',(41.680905620467,-109.679998625));
#312 = CARTESIAN_POINT('',(43.69360178559,-110.19727033));
#313 = CARTESIAN_POINT('',(44.693677795203,-110.4590406912));
#314 = CARTESIAN_POINT('',(45.692557365569,-110.7253438519));
#315 = CARTESIAN_POINT('',(47.678496461102,-111.2647686262));
#316 = CARTESIAN_POINT('',(48.665579218619,-111.537803955));
#317 = CARTESIAN_POINT('',(49.651346756567,-111.8155562551));
#318 = CARTESIAN_POINT('',(51.612244672662,-112.3786403453));
#319 = CARTESIAN_POINT('',(52.587397028042,-112.6638946877));
#320 = CARTESIAN_POINT('',(53.56106799043,-112.9541738666));
#321 = CARTESIAN_POINT('',(55.499381882412,-113.5435299936));
#322 = CARTESIAN_POINT('',(56.464043539991,-113.8425441979));
#323 = CARTESIAN_POINT('',(57.426995242253,-114.1470321085));
#324 = CARTESIAN_POINT('',(59.34592650166,-114.766571897));
#325 = CARTESIAN_POINT('',(60.301918022661,-115.081585222));
#326 = CARTESIAN_POINT('',(61.255886886266,-115.4026881528));
#327 = CARTESIAN_POINT('',(63.159303073579,-116.0578797013));
#328 = CARTESIAN_POINT('',(64.10874976913,-116.3919681187));
#329 = CARTESIAN_POINT('',(65.055744237391,-116.7329680259));
#330 = CARTESIAN_POINT('',(66.,-117.0813911274));
#331 = ( GEOMETRIC_REPRESENTATION_CONTEXT(2) 
PARAMETRIC_REPRESENTATION_CONTEXT() REPRESENTATION_CONTEXT('2D SPACE',''
  ) );
#332 = ORIENTED_EDGE('',*,*,#333,.F.);
#333 = EDGE_CURVE('',#334,#22,#336,.T.);
#334 = VERTEX_POINT('',#335);
#335 = CARTESIAN_POINT('',(45.,-39.73793839156,-21.));
#336 = SURFACE_CURVE('',#337,(#388,#442),.PCURVE_S1.);
#337 = B_SPLINE_CURVE_WITH_KNOTS('',4,(#338,#339,#340,#341,#342,#343,
    #344,#345,#346,#347,#348,#349,#350,#351,#352,#353,#354,#355,#356,
    #357,#358,#359,#360,#361,#362,#363,#364,#365,#366,#367,#368,#369,
    #370,#371,#372,#373,#374,#375,#376,#377,#378,#379,#380,#381,#382,
    #383,#384,#385,#386,#387),.UNSPECIFIED.,.F.,.F.,(5,3,3,3,3,3,3,3,3,3
    ,3,3,3,3,3,3,5),(0.,5.89910498021E-02,0.119126820402,0.180552697347,
    0.243080936591,0.306508718956,0.370621365505,0.43519541582,
    0.50000160779,0.565075265862,0.629647861012,0.693758103795,
    0.757182564254,0.819706606558,0.881127467765,0.941257473858,1.),
  .UNSPECIFIED.);
#338 = CARTESIAN_POINT('',(45.,-39.73793839156,-21.));
#339 = CARTESIAN_POINT('',(43.749249513523,-40.27431661001,-21.));
#340 = CARTESIAN_POINT('',(42.487803629513,-40.78575099471,-21.));
#341 = CARTESIAN_POINT('',(41.216855371547,-41.27298155893,-21.));
#342 = CARTESIAN_POINT('',(38.633039087728,-42.20928547783,-21.));
#343 = CARTESIAN_POINT('',(37.319839363731,-42.65743480054,-21.));
#344 = CARTESIAN_POINT('',(35.998777742393,-43.08174626298,-21.));
#345 = CARTESIAN_POINT('',(33.314094763616,-43.89239271427,-21.));
#346 = CARTESIAN_POINT('',(31.950170967172,-44.27771780038,-21.));
#347 = CARTESIAN_POINT('',(30.579794729266,-44.63932703976,-21.));
#348 = CARTESIAN_POINT('',(27.80291197932,-45.32212398134,-21.));
#349 = CARTESIAN_POINT('',(26.39620055441,-45.64247001245,-21.));
#350 = CARTESIAN_POINT('',(24.984343516831,-45.93922208802,-21.));
#351 = CARTESIAN_POINT('',(22.131285997383,-46.49023863328,-21.));
#352 = CARTESIAN_POINT('',(20.689957342441,-46.74383068276,-21.));
#353 = CARTESIAN_POINT('',(19.244708286548,-46.97393834279,-21.));
#354 = CARTESIAN_POINT('',(16.331941720865,-47.39000135291,-21.));
#355 = CARTESIAN_POINT('',(14.864353749071,-47.57545334578,-21.));
#356 = CARTESIAN_POINT('',(13.394008672431,-47.73750963056,-21.));
#357 = CARTESIAN_POINT('',(10.438344325625,-48.01622261065,-21.));
#358 = CARTESIAN_POINT('',(8.952994733797,-48.13254433395,-21.));
#359 = CARTESIAN_POINT('',(7.466007980475,-48.22553238829,-21.));
#360 = CARTESIAN_POINT('',(4.484505408113,-48.36528973429,-21.));
#361 = CARTESIAN_POINT('',(2.989982913563,-48.41189174873,-21.));
#362 = CARTESIAN_POINT('',(1.494917546749,-48.43519195391,-21.));
#363 = CARTESIAN_POINT('',(-1.501384655277,-48.43518847827,-21.));
#364 = CARTESIAN_POINT('',(-3.002620345522,-48.41169205809,-21.));
#365 = CARTESIAN_POINT('',(-4.503306375418,-48.36470108751,-21.));
#366 = CARTESIAN_POINT('',(-7.490911479499,-48.224069759,-21.));
#367 = CARTESIAN_POINT('',(-8.977846411675,-48.13079130494,-21.));
#368 = CARTESIAN_POINT('',(-10.46313956447,-48.01417898354,-21.));
#369 = CARTESIAN_POINT('',(-13.41865990251,-47.73488773229,-21.));
#370 = CARTESIAN_POINT('',(-14.88891754233,-47.57254447704,-21.));
#371 = CARTESIAN_POINT('',(-16.35641331547,-47.38680519516,-21.));
#372 = CARTESIAN_POINT('',(-19.26896498539,-46.97017229713,-21.));
#373 = CARTESIAN_POINT('',(-20.71409154803,-46.73978274393,-21.));
#374 = CARTESIAN_POINT('',(-22.15529272834,-46.48590838169,-21.));
#375 = CARTESIAN_POINT('',(-25.00806570875,-45.93433361248,-21.));
#376 = CARTESIAN_POINT('',(-26.41976596209,-45.63730633368,-21.));
#377 = CARTESIAN_POINT('',(-27.82631532195,-45.31668460816,-21.));
#378 = CARTESIAN_POINT('',(-30.60284553608,-44.63334431792,-21.));
#379 = CARTESIAN_POINT('',(-31.97303166646,-44.27146813105,-21.));
#380 = CARTESIAN_POINT('',(-33.33675969009,-43.88587557748,-21.));
#381 = CARTESIAN_POINT('',(-36.02102417558,-43.07470377543,-21.));
#382 = CARTESIAN_POINT('',(-37.34186353058,-42.65013512836,-21.));
#383 = CARTESIAN_POINT('',(-38.6548348478,-42.2017281324,-21.));
#384 = CARTESIAN_POINT('',(-41.23291801638,-41.26682230944,-21.));
#385 = CARTESIAN_POINT('',(-42.49843212113,-40.78144130544,-21.));
#386 = CARTESIAN_POINT('',(-43.75451880529,-40.27205690024,-21.));
#387 = CARTESIAN_POINT('',(-45.,-39.73793839171,-21.));
#388 = PCURVE('',#79,#389);
#389 = DEFINITIONAL_REPRESENTATION('',(#390),#441);
#390 = B_SPLINE_CURVE_WITH_KNOTS('',4,(#391,#392,#393,#394,#395,#396,
    #397,#398,#399,#400,#401,#402,#403,#404,#405,#406,#407,#408,#409,
    #410,#411,#412,#413,#414,#415,#416,#417,#418,#419,#420,#421,#422,
    #423,#424,#425,#426,#427,#428,#429,#430,#431,#432,#433,#434,#435,
    #436,#437,#438,#439,#440),.UNSPECIFIED.,.F.,.F.,(5,3,3,3,3,3,3,3,3,3
    ,3,3,3,3,3,3,5),(0.,5.89910498021E-02,0.119126820402,0.180552697347,
    0.243080936591,0.306508718956,0.370621365505,0.43519541582,
    0.50000160779,0.565075265862,0.629647861012,0.693758103795,
    0.757182564254,0.819706606558,0.881127467765,0.941257473858,1.),
  .UNSPECIFIED.);
#391 = CARTESIAN_POINT('',(0.846865584044,0.391328679178));
#392 = CARTESIAN_POINT('',(0.843782877994,0.391328679178));
#393 = CARTESIAN_POINT('',(0.840729287591,0.391328679178));
#394 = CARTESIAN_POINT('',(0.837702332927,0.391328679178));
#395 = CARTESIAN_POINT('',(0.83163900626,0.391328679178));
#396 = CARTESIAN_POINT('',(0.828603592217,0.391328679178));
#397 = CARTESIAN_POINT('',(0.825591217484,0.391328679178));
#398 = CARTESIAN_POINT('',(0.819544180921,0.391328679178));
#399 = CARTESIAN_POINT('',(0.816510427573,0.391328679178));
#400 = CARTESIAN_POINT('',(0.81349629536,0.391328679178));
#401 = CARTESIAN_POINT('',(0.807449473583,0.391328679178));
#402 = CARTESIAN_POINT('',(0.80441742152,0.391328679178));
#403 = CARTESIAN_POINT('',(0.801401494991,0.391328679178));
#404 = CARTESIAN_POINT('',(0.795354837612,0.391328679178));
#405 = CARTESIAN_POINT('',(0.792324517524,0.391328679178));
#406 = CARTESIAN_POINT('',(0.789306777398,0.391328679178));
#407 = CARTESIAN_POINT('',(0.783260241146,0.391328679178));
#408 = CARTESIAN_POINT('',(0.780231676906,0.391328679178));
#409 = CARTESIAN_POINT('',(0.777212115923,0.391328679178));
#410 = CARTESIAN_POINT('',(0.771165662711,0.391328679178));
#411 = CARTESIAN_POINT('',(0.768138873492,0.391328679178));
#412 = CARTESIAN_POINT('',(0.765117492484,0.391328679178));
#413 = CARTESIAN_POINT('',(0.759071087741,0.391328679178));
#414 = CARTESIAN_POINT('',(0.756046089313,0.391328679178));
#415 = CARTESIAN_POINT('',(0.753022894539,0.391328679178));
#416 = CARTESIAN_POINT('',(0.746964028226,0.391328679178));
#417 = CARTESIAN_POINT('',(0.743928356031,0.391328679178));
#418 = CARTESIAN_POINT('',(0.740890857606,0.391328679178));
#419 = CARTESIAN_POINT('',(0.734831930061,0.391328679178));
#420 = CARTESIAN_POINT('',(0.731810556654,0.391328679178));
#421 = CARTESIAN_POINT('',(0.728783759977,0.391328679178));
#422 = CARTESIAN_POINT('',(0.722737306492,0.391328679178));
#423 = CARTESIAN_POINT('',(0.719717753126,0.391328679178));
#424 = CARTESIAN_POINT('',(0.716689181501,0.391328679178));
#425 = CARTESIAN_POINT('',(0.710642644825,0.391328679178));
#426 = CARTESIAN_POINT('',(0.707624912305,0.391328679178));
#427 = CARTESIAN_POINT('',(0.70459458492,0.391328679178));
#428 = CARTESIAN_POINT('',(0.698547926949,0.391328679178));
#429 = CARTESIAN_POINT('',(0.695532007973,0.391328679178));
#430 = CARTESIAN_POINT('',(0.692499948726,0.391328679178));
#431 = CARTESIAN_POINT('',(0.686453126161,0.391328679178));
#432 = CARTESIAN_POINT('',(0.683439001389,0.391328679178));
#433 = CARTESIAN_POINT('',(0.680405241004,0.391328679178));
#434 = CARTESIAN_POINT('',(0.674358203424,0.391328679178));
#435 = CARTESIAN_POINT('',(0.671345835932,0.391328679178));
#436 = CARTESIAN_POINT('',(0.668310415047,0.391328679178));
#437 = CARTESIAN_POINT('',(0.662259408885,0.391328679178));
#438 = CARTESIAN_POINT('',(0.65924498293,0.391328679178));
#439 = CARTESIAN_POINT('',(0.656204134862,0.391328679178));
#440 = CARTESIAN_POINT('',(0.653134415957,0.391328679178));
#441 = ( GEOMETRIC_REPRESENTATION_CONTEXT(2) 
PARAMETRIC_REPRESENTATION_CONTEXT() REPRESENTATION_CONTEXT('2D SPACE',''
  ) );
#442 = PCURVE('',#443,#448);
#443 = PLANE('',#444);
#444 = AXIS2_PLACEMENT_3D('',#445,#446,#447);
#445 = CARTESIAN_POINT('',(-45.,-142.,-21.));
#446 = DIRECTION('',(0.,0.,1.));
#447 = DIRECTION('',(1.,0.,0.));
#448 = DEFINITIONAL_REPRESENTATION('',(#449),#500);
#449 = B_SPLINE_CURVE_WITH_KNOTS('',4,(#450,#451,#452,#453,#454,#455,
    #456,#457,#458,#459,#460,#461,#462,#463,#464,#465,#466,#467,#468,
    #469,#470,#471,#472,#473,#474,#475,#476,#477,#478,#479,#480,#481,
    #482,#483,#484,#485,#486,#487,#488,#489,#490,#491,#492,#493,#494,
    #495,#496,#497,#498,#499),.UNSPECIFIED.,.F.,.F.,(5,3,3,3,3,3,3,3,3,3
    ,3,3,3,3,3,3,5),(0.,5.89910498021E-02,0.119126820402,0.180552697347,
    0.243080936591,0.306508718956,0.370621365505,0.43519541582,
    0.50000160779,0.565075265862,0.629647861012,0.693758103795,
    0.757182564254,0.819706606558,0.881127467765,0.941257473858,1.),
  .UNSPECIFIED.);
#450 = CARTESIAN_POINT('',(90.,102.26206160843));
#451 = CARTESIAN_POINT('',(88.749249513523,101.72568338998));
#452 = CARTESIAN_POINT('',(87.487803629513,101.21424900528));
#453 = CARTESIAN_POINT('',(86.216855371547,100.72701844106));
#454 = CARTESIAN_POINT('',(83.633039087728,99.790714522168));
#455 = CARTESIAN_POINT('',(82.319839363731,99.34256519946));
#456 = CARTESIAN_POINT('',(80.998777742393,98.918253737016));
#457 = CARTESIAN_POINT('',(78.314094763616,98.10760728573));
#458 = CARTESIAN_POINT('',(76.950170967172,97.722282199615));
#459 = CARTESIAN_POINT('',(75.579794729266,97.360672960232));
#460 = CARTESIAN_POINT('',(72.80291197932,96.677876018656));
#461 = CARTESIAN_POINT('',(71.39620055441,96.357529987544));
#462 = CARTESIAN_POINT('',(69.984343516831,96.060777911976));
#463 = CARTESIAN_POINT('',(67.131285997383,95.509761366716));
#464 = CARTESIAN_POINT('',(65.689957342441,95.256169317239));
#465 = CARTESIAN_POINT('',(64.244708286548,95.026061657209));
#466 = CARTESIAN_POINT('',(61.331941720865,94.609998647085));
#467 = CARTESIAN_POINT('',(59.864353749071,94.424546654217));
#468 = CARTESIAN_POINT('',(58.394008672431,94.262490369433));
#469 = CARTESIAN_POINT('',(55.438344325625,93.983777389345));
#470 = CARTESIAN_POINT('',(53.952994733797,93.867455666045));
#471 = CARTESIAN_POINT('',(52.466007980475,93.774467611707));
#472 = CARTESIAN_POINT('',(49.484505408113,93.634710265709));
#473 = CARTESIAN_POINT('',(47.989982913563,93.588108251265));
#474 = CARTESIAN_POINT('',(46.494917546749,93.564808046084));
#475 = CARTESIAN_POINT('',(43.498615344723,93.564811521723));
#476 = CARTESIAN_POINT('',(41.997379654478,93.588307941903));
#477 = CARTESIAN_POINT('',(40.496693624582,93.635298912483));
#478 = CARTESIAN_POINT('',(37.509088520501,93.775930240993));
#479 = CARTESIAN_POINT('',(36.022153588325,93.869208695054));
#480 = CARTESIAN_POINT('',(34.536860435527,93.985821016455));
#481 = CARTESIAN_POINT('',(31.581340097483,94.26511226771));
#482 = CARTESIAN_POINT('',(30.111082457666,94.427455522957));
#483 = CARTESIAN_POINT('',(28.643586684527,94.613194804835));
#484 = CARTESIAN_POINT('',(25.731035014607,95.029827702867));
#485 = CARTESIAN_POINT('',(24.285908451963,95.26021725607));
#486 = CARTESIAN_POINT('',(22.84470727166,95.514091618309));
#487 = CARTESIAN_POINT('',(19.991934291247,96.065666387512));
#488 = CARTESIAN_POINT('',(18.580234037908,96.362693666319));
#489 = CARTESIAN_POINT('',(17.173684678045,96.683315391834));
#490 = CARTESIAN_POINT('',(14.397154463919,97.36665568208));
#491 = CARTESIAN_POINT('',(13.026968333536,97.728531868941));
#492 = CARTESIAN_POINT('',(11.663240309901,98.114124422517));
#493 = CARTESIAN_POINT('',(8.978975824415,98.925296224564));
#494 = CARTESIAN_POINT('',(7.658136469415,99.349864871636));
#495 = CARTESIAN_POINT('',(6.345165152198,99.798271867595));
#496 = CARTESIAN_POINT('',(3.767081983611,100.73317769055));
#497 = CARTESIAN_POINT('',(2.501567878862,101.21855869455));
#498 = CARTESIAN_POINT('',(1.245481194707,101.72794309975));
#499 = CARTESIAN_POINT('',(0.,102.26206160828));
#500 = ( GEOMETRIC_REPRESENTATION_CONTEXT(2) 
PARAMETRIC_REPRESENTATION_CONTEXT() REPRESENTATION_CONTEXT('2D SPACE',''
  ) );
#501 = ORIENTED_EDGE('',*,*,#502,.T.);
#502 = EDGE_CURVE('',#334,#503,#505,.T.);
#503 = VERTEX_POINT('',#504);
#504 = CARTESIAN_POINT('',(45.,-24.91860887245,45.));
#505 = SURFACE_CURVE('',#506,(#557,#611),.PCURVE_S1.);
#506 = B_SPLINE_CURVE_WITH_KNOTS('',4,(#507,#508,#509,#510,#511,#512,
    #513,#514,#515,#516,#517,#518,#519,#520,#521,#522,#523,#524,#525,
    #526,#527,#528,#529,#530,#531,#532,#533,#534,#535,#536,#537,#538,
    #539,#540,#541,#542,#543,#544,#545,#546,#547,#548,#549,#550,#551,
    #552,#553,#554,#555,#556),.UNSPECIFIED.,.F.,.F.,(5,3,3,3,3,3,3,3,3,3
    ,3,3,3,3,3,3,5),(0.,6.557323899022E-02,0.131114901898,0.196480190224
    ,0.261537995291,0.326175579495,0.390300384871,0.453841543307,
    0.516496789786,0.578754025275,0.640358004379,0.70133739331,
    0.761749353816,0.821681622887,0.881255342069,0.940629123206,1.),
  .UNSPECIFIED.);
#507 = CARTESIAN_POINT('',(45.,-39.73793839156,-21.));
#508 = CARTESIAN_POINT('',(45.,-39.64014114272,-19.89267229128));
#509 = CARTESIAN_POINT('',(45.,-39.53327839812,-18.78614552962));
#510 = CARTESIAN_POINT('',(45.,-39.41790818702,-17.68048120346));
#511 = CARTESIAN_POINT('',(45.,-39.17112408562,-15.471482849));
#512 = CARTESIAN_POINT('',(45.,-39.03971856079,-14.36814846986));
#513 = CARTESIAN_POINT('',(45.,-38.90072553931,-13.26574994501));
#514 = CARTESIAN_POINT('',(45.,-38.60870084127,-11.06583223935));
#515 = CARTESIAN_POINT('',(45.,-38.45570838992,-9.968308272599));
#516 = CARTESIAN_POINT('',(45.,-38.29590791222,-8.871759061812));
#517 = CARTESIAN_POINT('',(45.,-37.96406928676,-6.685790484339));
#518 = CARTESIAN_POINT('',(45.,-37.79209254193,-5.596362106428));
#519 = CARTESIAN_POINT('',(45.,-37.61396131333,-4.507926156707));
#520 = CARTESIAN_POINT('',(45.,-37.24704494504,-2.340082525492));
#521 = CARTESIAN_POINT('',(45.,-37.05833623849,-1.260662142435));
#522 = CARTESIAN_POINT('',(45.,-36.86401144622,-0.182240841884));
#523 = CARTESIAN_POINT('',(45.,-36.46606351276,1.964036631755));
#524 = CARTESIAN_POINT('',(45.,-36.26252645808,3.031908580683));
#525 = CARTESIAN_POINT('',(45.,-36.05380452131,4.098777724516));
#526 = CARTESIAN_POINT('',(45.,-35.62817739178,6.220783162622));
#527 = CARTESIAN_POINT('',(45.,-35.41136398512,7.2759377119));
#528 = CARTESIAN_POINT('',(45.,-35.18969506768,8.330081944188));
#529 = CARTESIAN_POINT('',(45.,-34.73994128512,10.421628836054));
#530 = CARTESIAN_POINT('',(45.,-34.51198891178,11.459059848839));
#531 = CARTESIAN_POINT('',(45.,-34.27944856866,12.495471651722));
#532 = CARTESIAN_POINT('',(45.,-33.8067354031,14.559625202682));
#533 = CARTESIAN_POINT('',(45.,-33.56662034191,15.587380042539));
#534 = CARTESIAN_POINT('',(45.,-33.32201208729,16.614074757291));
#535 = CARTESIAN_POINT('',(45.,-32.82636039156,18.654504391021));
#536 = CARTESIAN_POINT('',(45.,-32.57541125185,19.668262072054));
#537 = CARTESIAN_POINT('',(45.,-32.32000138721,20.680905571238));
#538 = CARTESIAN_POINT('',(45.,-31.80272968242,22.693601736694));
#539 = CARTESIAN_POINT('',(45.,-31.54095932145,23.693677746469));
#540 = CARTESIAN_POINT('',(45.,-31.27465616086,24.692557317001));
#541 = CARTESIAN_POINT('',(45.,-30.73523138692,26.678496412852));
#542 = CARTESIAN_POINT('',(45.,-30.4621960582,27.665579170518));
#543 = CARTESIAN_POINT('',(45.,-30.18444375831,28.651346708624));
#544 = CARTESIAN_POINT('',(45.,-29.62135966852,30.61224462501));
#545 = CARTESIAN_POINT('',(45.,-29.33610532628,31.587396980527));
#546 = CARTESIAN_POINT('',(45.,-29.0458261476,32.561067943056));
#547 = CARTESIAN_POINT('',(45.,-28.45647002103,34.499381835297));
#548 = CARTESIAN_POINT('',(45.,-28.15745581692,35.464043492994));
#549 = CARTESIAN_POINT('',(45.,-27.85296790652,36.426995195379));
#550 = CARTESIAN_POINT('',(45.,-27.2334281185,38.345926455002));
#551 = CARTESIAN_POINT('',(45.,-26.91841479367,39.3019179761));
#552 = CARTESIAN_POINT('',(45.,-26.59731186308,40.255886839802));
#553 = CARTESIAN_POINT('',(45.,-25.94212031106,42.159303038899));
#554 = CARTESIAN_POINT('',(45.,-25.60803188963,43.108749746082));
#555 = CARTESIAN_POINT('',(45.,-25.26703197837,44.055744225908));
#556 = CARTESIAN_POINT('',(45.,-24.91860887245,45.));
#557 = PCURVE('',#79,#558);
#558 = DEFINITIONAL_REPRESENTATION('',(#559),#610);
#559 = B_SPLINE_CURVE_WITH_KNOTS('',4,(#560,#561,#562,#563,#564,#565,
    #566,#567,#568,#569,#570,#571,#572,#573,#574,#575,#576,#577,#578,
    #579,#580,#581,#582,#583,#584,#585,#586,#587,#588,#589,#590,#591,
    #592,#593,#594,#595,#596,#597,#598,#599,#600,#601,#602,#603,#604,
    #605,#606,#607,#608,#609),.UNSPECIFIED.,.F.,.F.,(5,3,3,3,3,3,3,3,3,3
    ,3,3,3,3,3,3,5),(0.,6.557323899022E-02,0.131114901898,0.196480190224
    ,0.261537995291,0.326175579495,0.390300384871,0.453841543307,
    0.516496789786,0.578754025275,0.640358004379,0.70133739331,
    0.761749353816,0.821681622887,0.881255342069,0.940629123206,1.),
  .UNSPECIFIED.);
#560 = CARTESIAN_POINT('',(0.84686558406,0.391328679178));
#561 = CARTESIAN_POINT('',(0.847049315677,0.397482470116));
#562 = CARTESIAN_POINT('',(0.84725089,0.403632171786));
#563 = CARTESIAN_POINT('',(0.847469605558,0.409780402042));
#564 = CARTESIAN_POINT('',(0.847940270055,0.42207579333));
#565 = CARTESIAN_POINT('',(0.848192201498,0.428222952511));
#566 = CARTESIAN_POINT('',(0.848460320253,0.434373469244));
#567 = CARTESIAN_POINT('',(0.849027612904,0.446669087846));
#568 = CARTESIAN_POINT('',(0.849326700378,0.452814158917));
#569 = CARTESIAN_POINT('',(0.849641334735,0.458966975369));
#570 = CARTESIAN_POINT('',(0.850299917612,0.471263121845));
#571 = CARTESIAN_POINT('',(0.850643720797,0.477406359391));
#572 = CARTESIAN_POINT('',(0.851002699319,0.483561234273));
#573 = CARTESIAN_POINT('',(0.851748657943,0.495857969519));
#574 = CARTESIAN_POINT('',(0.852135442076,0.501999655933));
#575 = CARTESIAN_POINT('',(0.852537272042,0.508156325394));
#576 = CARTESIAN_POINT('',(0.85336806039,0.520453703877));
#577 = CARTESIAN_POINT('',(0.853796778458,0.526594150449));
#578 = CARTESIAN_POINT('',(0.854240642541,0.532752328866));
#579 = CARTESIAN_POINT('',(0.855155101907,0.545050402277));
#580 = CARTESIAN_POINT('',(0.855625417601,0.551189951489));
#581 = CARTESIAN_POINT('',(0.856111210435,0.557349330153));
#582 = CARTESIAN_POINT('',(0.857107660553,0.569623405687));
#583 = CARTESIAN_POINT('',(0.857617877497,0.575737525734));
#584 = CARTESIAN_POINT('',(0.858144017239,0.5818726866));
#585 = CARTESIAN_POINT('',(0.859225895157,0.594147046014));
#586 = CARTESIAN_POINT('',(0.859781425156,0.60028596837));
#587 = CARTESIAN_POINT('',(0.860353857649,0.606446712658));
#588 = CARTESIAN_POINT('',(0.861527901621,0.618747189529));
#589 = CARTESIAN_POINT('',(0.86212914532,0.62488646087));
#590 = CARTESIAN_POINT('',(0.862748464476,0.631047308997));
#591 = CARTESIAN_POINT('',(0.864018756534,0.643348711769));
#592 = CARTESIAN_POINT('',(0.864669346639,0.649488835106));
#593 = CARTESIAN_POINT('',(0.865339573898,0.655649347726));
#594 = CARTESIAN_POINT('',(0.86671533568,0.667951754389));
#595 = CARTESIAN_POINT('',(0.86742048587,0.674093284316));
#596 = CARTESIAN_POINT('',(0.868147317368,0.680252974862));
#597 = CARTESIAN_POINT('',(0.869641446208,0.692556480987));
#598 = CARTESIAN_POINT('',(0.870408379197,0.698700030313));
#599 = CARTESIAN_POINT('',(0.871199650309,0.704858356649));
#600 = CARTESIAN_POINT('',(0.872829775413,0.717163085485));
#601 = CARTESIAN_POINT('',(0.873668319904,0.72330933515));
#602 = CARTESIAN_POINT('',(0.874534654621,0.729465688631));
#603 = CARTESIAN_POINT('',(0.876324628982,0.741771808812));
#604 = CARTESIAN_POINT('',(0.877248071005,0.747921524819));
#605 = CARTESIAN_POINT('',(0.878203812361,0.754075214568));
#606 = CARTESIAN_POINT('',(0.880185793435,0.766382433723));
#607 = CARTESIAN_POINT('',(0.881212035501,0.772535959782));
#608 = CARTESIAN_POINT('',(0.88227652328,0.778685649797));
#609 = CARTESIAN_POINT('',(0.8833830427,0.784826664394));
#610 = ( GEOMETRIC_REPRESENTATION_CONTEXT(2) 
PARAMETRIC_REPRESENTATION_CONTEXT() REPRESENTATION_CONTEXT('2D SPACE',''
  ) );
#611 = PCURVE('',#612,#617);
#612 = PLANE('',#613);
#613 = AXIS2_PLACEMENT_3D('',#614,#615,#616);
#614 = CARTESIAN_POINT('',(45.,-142.,-21.));
#615 = DIRECTION('',(1.,0.,0.));
#616 = DIRECTION('',(0.,0.,1.));
#617 = DEFINITIONAL_REPRESENTATION('',(#618),#669);
#618 = B_SPLINE_CURVE_WITH_KNOTS('',4,(#619,#620,#621,#622,#623,#624,
    #625,#626,#627,#628,#629,#630,#631,#632,#633,#634,#635,#636,#637,
    #638,#639,#640,#641,#642,#643,#644,#645,#646,#647,#648,#649,#650,
    #651,#652,#653,#654,#655,#656,#657,#658,#659,#660,#661,#662,#663,
    #664,#665,#666,#667,#668),.UNSPECIFIED.,.F.,.F.,(5,3,3,3,3,3,3,3,3,3
    ,3,3,3,3,3,3,5),(0.,6.557323899022E-02,0.131114901898,0.196480190224
    ,0.261537995291,0.326175579495,0.390300384871,0.453841543307,
    0.516496789786,0.578754025275,0.640358004379,0.70133739331,
    0.761749353816,0.821681622887,0.881255342069,0.940629123206,1.),
  .UNSPECIFIED.);
#619 = CARTESIAN_POINT('',(0.,-102.2620616084));
#620 = CARTESIAN_POINT('',(1.107327708717,-102.3598588572));
#621 = CARTESIAN_POINT('',(2.213854470376,-102.4667216018));
#622 = CARTESIAN_POINT('',(3.319518796531,-102.5820918129));
#623 = CARTESIAN_POINT('',(5.528517150994,-102.8288759143));
#624 = CARTESIAN_POINT('',(6.631851530132,-102.9602814392));
#625 = CARTESIAN_POINT('',(7.734250054988,-103.0992744606));
#626 = CARTESIAN_POINT('',(9.934167760647,-103.3912991587));
#627 = CARTESIAN_POINT('',(11.031691727401,-103.54429161));
#628 = CARTESIAN_POINT('',(12.128240938188,-103.7040920877));
#629 = CARTESIAN_POINT('',(14.314209515661,-104.0359307132));
#630 = CARTESIAN_POINT('',(15.403637893572,-104.207907458));
#631 = CARTESIAN_POINT('',(16.492073843293,-104.3860386866));
#632 = CARTESIAN_POINT('',(18.659917474508,-104.7529550549));
#633 = CARTESIAN_POINT('',(19.739337857565,-104.9416637615));
#634 = CARTESIAN_POINT('',(20.817759158116,-105.1359885537));
#635 = CARTESIAN_POINT('',(22.964036631755,-105.5339364872));
#636 = CARTESIAN_POINT('',(24.031908580683,-105.7374735419));
#637 = CARTESIAN_POINT('',(25.098777724516,-105.9461954786));
#638 = CARTESIAN_POINT('',(27.220783162622,-106.3718226082));
#639 = CARTESIAN_POINT('',(28.2759377119,-106.5886360148));
#640 = CARTESIAN_POINT('',(29.330081944188,-106.8103049323));
#641 = CARTESIAN_POINT('',(31.421628836054,-107.2600587148));
#642 = CARTESIAN_POINT('',(32.459059848839,-107.4880110882));
#643 = CARTESIAN_POINT('',(33.495471651722,-107.7205514313));
#644 = CARTESIAN_POINT('',(35.559625202682,-108.1932645968));
#645 = CARTESIAN_POINT('',(36.587380042539,-108.433379658));
#646 = CARTESIAN_POINT('',(37.614074757291,-108.6779879127));
#647 = CARTESIAN_POINT('',(39.654504391021,-109.1736396084));
#648 = CARTESIAN_POINT('',(40.668262072054,-109.4245887481));
#649 = CARTESIAN_POINT('',(41.680905571238,-109.6799986127));
#650 = CARTESIAN_POINT('',(43.693601736694,-110.1972703175));
#651 = CARTESIAN_POINT('',(44.693677746469,-110.4590406785));
#652 = CARTESIAN_POINT('',(45.692557317001,-110.7253438391));
#653 = CARTESIAN_POINT('',(47.678496412852,-111.264768613));
#654 = CARTESIAN_POINT('',(48.665579170518,-111.5378039417));
#655 = CARTESIAN_POINT('',(49.651346708624,-111.8155562416));
#656 = CARTESIAN_POINT('',(51.61224462501,-112.3786403314));
#657 = CARTESIAN_POINT('',(52.587396980527,-112.6638946737));
#658 = CARTESIAN_POINT('',(53.561067943056,-112.9541738523));
#659 = CARTESIAN_POINT('',(55.499381835297,-113.5435299789));
#660 = CARTESIAN_POINT('',(56.464043492994,-113.842544183));
#661 = CARTESIAN_POINT('',(57.426995195379,-114.1470320934));
#662 = CARTESIAN_POINT('',(59.345926455002,-114.7665718814));
#663 = CARTESIAN_POINT('',(60.3019179761,-115.0815852063));
#664 = CARTESIAN_POINT('',(61.255886839802,-115.4026881369));
#665 = CARTESIAN_POINT('',(63.159303038899,-116.0578796889));
#666 = CARTESIAN_POINT('',(64.108749746082,-116.3919681103));
#667 = CARTESIAN_POINT('',(65.055744225908,-116.7329680216));
#668 = CARTESIAN_POINT('',(66.,-117.0813911275));
#669 = ( GEOMETRIC_REPRESENTATION_CONTEXT(2) 
PARAMETRIC_REPRESENTATION_CONTEXT() REPRESENTATION_CONTEXT('2D SPACE',''
  ) );
#670 = ORIENTED_EDGE('',*,*,#671,.T.);
#671 = EDGE_CURVE('',#503,#24,#672,.T.);
#672 = SURFACE_CURVE('',#673,(#740,#810),.PCURVE_S1.);
#673 = B_SPLINE_CURVE_WITH_KNOTS('',5,(#674,#675,#676,#677,#678,#679,
    #680,#681,#682,#683,#684,#685,#686,#687,#688,#689,#690,#691,#692,
    #693,#694,#695,#696,#697,#698,#699,#700,#701,#702,#703,#704,#705,
    #706,#707,#708,#709,#710,#711,#712,#713,#714,#715,#716,#717,#718,
    #719,#720,#721,#722,#723,#724,#725,#726,#727,#728,#729,#730,#731,
    #732,#733,#734,#735,#736,#737,#738,#739),.UNSPECIFIED.,.F.,.F.,(6,4,
    4,4,4,4,4,4,4,4,4,4,4,4,4,4,6),(0.,5.581755147839E-02,0.113901762987
    ,0.174497939755,0.236959348627,0.301317316521,0.366798670133,
    0.433173815623,0.500001205851,0.567028814551,0.633401904523,
    0.69907474162,0.763233238602,0.825873563253,0.886278410168,
    0.944355187657,1.),.UNSPECIFIED.);
#674 = CARTESIAN_POINT('',(45.,-24.91860887245,45.));
#675 = CARTESIAN_POINT('',(44.127737680279,-25.51513449305,45.));
#676 = CARTESIAN_POINT('',(43.240428347225,-26.08964687209,45.));
#677 = CARTESIAN_POINT('',(42.339559616782,-26.64276532501,45.));
#678 = CARTESIAN_POINT('',(41.426405870976,-27.17507902213,45.));
#679 = CARTESIAN_POINT('',(39.54012877612,-28.2200331486,45.));
#680 = CARTESIAN_POINT('',(38.566085936271,-28.73099135975,45.));
#681 = CARTESIAN_POINT('',(37.58111566136,-29.22067387213,45.));
#682 = CARTESIAN_POINT('',(36.58625464675,-29.68966204645,45.));
#683 = CARTESIAN_POINT('',(34.535086675954,-30.60674341579,45.));
#684 = CARTESIAN_POINT('',(33.477991156357,-31.05305218484,45.));
#685 = CARTESIAN_POINT('',(32.41208812318,-31.47803636348,45.));
#686 = CARTESIAN_POINT('',(31.338239085553,-31.88223653225,45.));
#687 = CARTESIAN_POINT('',(29.142842494904,-32.66186492778,45.));
#688 = CARTESIAN_POINT('',(28.020850526759,-33.03602226632,45.));
#689 = CARTESIAN_POINT('',(26.89201063428,-33.38914868018,45.));
#690 = CARTESIAN_POINT('',(25.757030720771,-33.72170558621,45.));
#691 = CARTESIAN_POINT('',(23.441389592279,-34.3559797222,45.));
#692 = CARTESIAN_POINT('',(22.260392686732,-34.65645256889,45.));
#693 = CARTESIAN_POINT('',(21.074208243989,-34.93596254861,45.));
#694 = CARTESIAN_POINT('',(19.883438374645,-35.19488298943,45.));
#695 = CARTESIAN_POINT('',(17.472940120718,-35.67634587813,45.));
#696 = CARTESIAN_POINT('',(16.253072950949,-35.89817366051,45.));
#697 = CARTESIAN_POINT('',(15.029579583991,-36.09934884864,45.));
#698 = CARTESIAN_POINT('',(13.802977024011,-36.28014042135,45.));
#699 = CARTESIAN_POINT('',(11.327718933617,-36.60357814534,45.));
#700 = CARTESIAN_POINT('',(10.078994059038,-36.74566984636,45.));
#701 = CARTESIAN_POINT('',(8.828054934532,-36.86726002151,45.));
#702 = CARTESIAN_POINT('',(7.575367558052,-36.9685135496,45.));
#703 = CARTESIAN_POINT('',(5.058831662371,-37.13111518713,45.));
#704 = CARTESIAN_POINT('',(3.794968043046,-37.19218694443,45.));
#705 = CARTESIAN_POINT('',(2.530230106948,-37.23286425664,45.));
#706 = CARTESIAN_POINT('',(1.265058640681,-37.25320231292,45.));
#707 = CARTESIAN_POINT('',(-1.269077383653,-37.25319937339,45.));
#708 = CARTESIAN_POINT('',(-2.538039308543,-37.23273631757,45.));
#709 = CARTESIAN_POINT('',(-3.806563762411,-37.19181194664,45.));
#710 = CARTESIAN_POINT('',(-5.074205955049,-37.13037040175,45.));
#711 = CARTESIAN_POINT('',(-7.594453526814,-36.96703040429,45.));
#712 = CARTESIAN_POINT('',(-8.847082098402,-36.86553262828,45.));
#713 = CARTESIAN_POINT('',(-10.09795837264,-36.74369813626,45.));
#714 = CARTESIAN_POINT('',(-11.34661623567,-36.6013617187,45.));
#715 = CARTESIAN_POINT('',(-13.82536516594,-36.2769609884,45.));
#716 = CARTESIAN_POINT('',(-15.05551004016,-36.09533175751,45.));
#717 = CARTESIAN_POINT('',(-16.28252151764,-35.89319656112,45.));
#718 = CARTESIAN_POINT('',(-17.50587762686,-35.67028353311,45.));
#719 = CARTESIAN_POINT('',(-19.91602830441,-35.18785359801,45.));
#720 = CARTESIAN_POINT('',(-21.10301174186,-34.92930001647,45.));
#721 = CARTESIAN_POINT('',(-22.28542928788,-34.65027884448,45.));
#722 = CARTESIAN_POINT('',(-23.46268378798,-34.35041962918,45.));
#723 = CARTESIAN_POINT('',(-25.77781124307,-33.71574342685,45.));
#724 = CARTESIAN_POINT('',(-26.9159521823,-33.38192284886,45.));
#725 = CARTESIAN_POINT('',(-28.04790986416,-33.02740943356,45.));
#726 = CARTESIAN_POINT('',(-29.1729694123,-32.65173724378,45.));
#727 = CARTESIAN_POINT('',(-31.36778528088,-31.87117662211,45.));
#728 = CARTESIAN_POINT('',(-32.43807642608,-31.46781142761,45.));
#729 = CARTESIAN_POINT('',(-33.50045905163,-31.04378519703,45.));
#730 = CARTESIAN_POINT('',(-34.55407860428,-30.59856186868,45.));
#731 = CARTESIAN_POINT('',(-36.60158313615,-29.68250623962,45.));
#732 = CARTESIAN_POINT('',(-37.59619786842,-29.21332561121,45.));
#733 = CARTESIAN_POINT('',(-38.58091541535,-28.72345069425,45.));
#734 = CARTESIAN_POINT('',(-39.55469847015,-28.21230004973,45.));
#735 = CARTESIAN_POINT('',(-41.43770892586,-27.16848841392,45.));
#736 = CARTESIAN_POINT('',(-42.34792296054,-26.63762951679,45.));
#737 = CARTESIAN_POINT('',(-43.24592008773,-26.08609079242,45.));
#738 = CARTESIAN_POINT('',(-44.13043707908,-25.51328841941,45.));
#739 = CARTESIAN_POINT('',(-45.,-24.91860887255,45.));
#740 = PCURVE('',#79,#741);
#741 = DEFINITIONAL_REPRESENTATION('',(#742),#809);
#742 = B_SPLINE_CURVE_WITH_KNOTS('',5,(#743,#744,#745,#746,#747,#748,
    #749,#750,#751,#752,#753,#754,#755,#756,#757,#758,#759,#760,#761,
    #762,#763,#764,#765,#766,#767,#768,#769,#770,#771,#772,#773,#774,
    #775,#776,#777,#778,#779,#780,#781,#782,#783,#784,#785,#786,#787,
    #788,#789,#790,#791,#792,#793,#794,#795,#796,#797,#798,#799,#800,
    #801,#802,#803,#804,#805,#806,#807,#808),.UNSPECIFIED.,.F.,.F.,(6,4,
    4,4,4,4,4,4,4,4,4,4,4,4,4,4,6),(0.,5.581755147839E-02,0.113901762987
    ,0.174497939755,0.236959348627,0.301317316521,0.366798670133,
    0.433173815623,0.500001205851,0.567028814551,0.633401904523,
    0.69907474162,0.763233238602,0.825873563253,0.886278410168,
    0.944355187657,1.),.UNSPECIFIED.);
#743 = CARTESIAN_POINT('',(0.883383042605,0.784826664375));
#744 = CARTESIAN_POINT('',(0.879954653669,0.784826664375));
#745 = CARTESIAN_POINT('',(0.876569712585,0.784826664375));
#746 = CARTESIAN_POINT('',(0.873225555551,0.784826664375));
#747 = CARTESIAN_POINT('',(0.869919737955,0.784826664375));
#748 = CARTESIAN_POINT('',(0.863247156763,0.784826664375));
#749 = CARTESIAN_POINT('',(0.859883404888,0.784826664375));
#750 = CARTESIAN_POINT('',(0.856555875492,0.784826664375));
#751 = CARTESIAN_POINT('',(0.853262132326,0.784826664375));
#752 = CARTESIAN_POINT('',(0.846596422601,0.784826664375));
#753 = CARTESIAN_POINT('',(0.843227259798,0.784826664375));
#754 = CARTESIAN_POINT('',(0.839889671907,0.784826664375));
#755 = CARTESIAN_POINT('',(0.836581278305,0.784826664375));
#756 = CARTESIAN_POINT('',(0.829917313283,0.784826664375));
#757 = CARTESIAN_POINT('',(0.826563443707,0.784826664375));
#758 = CARTESIAN_POINT('',(0.823235706798,0.784826664375));
#759 = CARTESIAN_POINT('',(0.819931865647,0.784826664375));
#760 = CARTESIAN_POINT('',(0.813268038072,0.784826664375));
#761 = CARTESIAN_POINT('',(0.809909407227,0.784826664375));
#762 = CARTESIAN_POINT('',(0.806571554423,0.784826664375));
#763 = CARTESIAN_POINT('',(0.803252354287,0.784826664375));
#764 = CARTESIAN_POINT('',(0.796589517916,0.784826664375));
#765 = CARTESIAN_POINT('',(0.793246477262,0.784826664375));
#766 = CARTESIAN_POINT('',(0.789918487691,0.784826664375));
#767 = CARTESIAN_POINT('',(0.786603556326,0.784826664375));
#768 = CARTESIAN_POINT('',(0.779950827943,0.784826664375));
#769 = CARTESIAN_POINT('',(0.776613340116,0.784826664375));
#770 = CARTESIAN_POINT('',(0.773285274989,0.784826664375));
#771 = CARTESIAN_POINT('',(0.769964693691,0.784826664375));
#772 = CARTESIAN_POINT('',(0.763312159811,0.784826664375));
#773 = CARTESIAN_POINT('',(0.759980282069,0.784826664375));
#774 = CARTESIAN_POINT('',(0.756652171938,0.784826664375));
#775 = CARTESIAN_POINT('',(0.753325935554,0.784826664375));
#776 = CARTESIAN_POINT('',(0.746663498865,0.784826664375));
#777 = CARTESIAN_POINT('',(0.743327296681,0.784826664375));
#778 = CARTESIAN_POINT('',(0.739989203695,0.784826664375));
#779 = CARTESIAN_POINT('',(0.736647308884,0.784826664375));
#780 = CARTESIAN_POINT('',(0.729984740339,0.784826664375));
#781 = CARTESIAN_POINT('',(0.726664176227,0.784826664375));
#782 = CARTESIAN_POINT('',(0.723336111302,0.784826664375));
#783 = CARTESIAN_POINT('',(0.719998606493,0.784826664375));
#784 = CARTESIAN_POINT('',(0.713336045699,0.784826664375));
#785 = CARTESIAN_POINT('',(0.710011233529,0.784826664375));
#786 = CARTESIAN_POINT('',(0.706673262564,0.784826664375));
#787 = CARTESIAN_POINT('',(0.703320121649,0.784826664375));
#788 = CARTESIAN_POINT('',(0.696656877664,0.784826664375));
#789 = CARTESIAN_POINT('',(0.69334757546,0.784826664375));
#790 = CARTESIAN_POINT('',(0.69001970406,0.784826664375));
#791 = CARTESIAN_POINT('',(0.686671156334,0.784826664375));
#792 = CARTESIAN_POINT('',(0.680007863716,0.784826664375));
#793 = CARTESIAN_POINT('',(0.676694207561,0.784826664375));
#794 = CARTESIAN_POINT('',(0.673356491666,0.784826664375));
#795 = CARTESIAN_POINT('',(0.669992458574,0.784826664375));
#796 = CARTESIAN_POINT('',(0.663327823972,0.784826664375));
#797 = CARTESIAN_POINT('',(0.660029261285,0.784826664375));
#798 = CARTESIAN_POINT('',(0.656701652375,0.784826664375));
#799 = CARTESIAN_POINT('',(0.653342637144,0.784826664375));
#800 = CARTESIAN_POINT('',(0.646687294903,0.784826664375));
#801 = CARTESIAN_POINT('',(0.643393565548,0.784826664375));
#802 = CARTESIAN_POINT('',(0.640066036267,0.784826664375));
#803 = CARTESIAN_POINT('',(0.636702270702,0.784826664375));
#804 = CARTESIAN_POINT('',(0.630039337735,0.784826664375));
#805 = CARTESIAN_POINT('',(0.626743395874,0.784826664375));
#806 = CARTESIAN_POINT('',(0.623409336349,0.784826664375));
#807 = CARTESIAN_POINT('',(0.620034736462,0.784826664375));
#808 = CARTESIAN_POINT('',(0.616616957395,0.784826664375));
#809 = ( GEOMETRIC_REPRESENTATION_CONTEXT(2) 
PARAMETRIC_REPRESENTATION_CONTEXT() REPRESENTATION_CONTEXT('2D SPACE',''
  ) );
#810 = PCURVE('',#811,#816);
#811 = PLANE('',#812);
#812 = AXIS2_PLACEMENT_3D('',#813,#814,#815);
#813 = CARTESIAN_POINT('',(-45.,-142.,45.));
#814 = DIRECTION('',(0.,0.,1.));
#815 = DIRECTION('',(1.,0.,0.));
#816 = DEFINITIONAL_REPRESENTATION('',(#817),#884);
#817 = B_SPLINE_CURVE_WITH_KNOTS('',5,(#818,#819,#820,#821,#822,#823,
    #824,#825,#826,#827,#828,#829,#830,#831,#832,#833,#834,#835,#836,
    #837,#838,#839,#840,#841,#842,#843,#844,#845,#846,#847,#848,#849,
    #850,#851,#852,#853,#854,#855,#856,#857,#858,#859,#860,#861,#862,
    #863,#864,#865,#866,#867,#868,#869,#870,#871,#872,#873,#874,#875,
    #876,#877,#878,#879,#880,#881,#882,#883),.UNSPECIFIED.,.F.,.F.,(6,4,
    4,4,4,4,4,4,4,4,4,4,4,4,4,4,6),(0.,5.581755147839E-02,0.113901762987
    ,0.174497939755,0.236959348627,0.301317316521,0.366798670133,
    0.433173815623,0.500001205851,0.567028814551,0.633401904523,
    0.69907474162,0.763233238602,0.825873563253,0.886278410168,
    0.944355187657,1.),.UNSPECIFIED.);
#818 = CARTESIAN_POINT('',(90.,117.08139112754));
#819 = CARTESIAN_POINT('',(89.127737680279,116.48486550694));
#820 = CARTESIAN_POINT('',(88.240428347225,115.9103531279));
#821 = CARTESIAN_POINT('',(87.339559616782,115.35723467498));
#822 = CARTESIAN_POINT('',(86.426405870976,114.82492097786));
#823 = CARTESIAN_POINT('',(84.54012877612,113.77996685139));
#824 = CARTESIAN_POINT('',(83.566085936271,113.26900864024));
#825 = CARTESIAN_POINT('',(82.58111566136,112.77932612786));
#826 = CARTESIAN_POINT('',(81.58625464675,112.31033795354));
#827 = CARTESIAN_POINT('',(79.535086675954,111.3932565842));
#828 = CARTESIAN_POINT('',(78.477991156357,110.94694781515));
#829 = CARTESIAN_POINT('',(77.41208812318,110.52196363651));
#830 = CARTESIAN_POINT('',(76.338239085553,110.11776346774));
#831 = CARTESIAN_POINT('',(74.142842494904,109.33813507221));
#832 = CARTESIAN_POINT('',(73.020850526759,108.96397773367));
#833 = CARTESIAN_POINT('',(71.89201063428,108.61085131981));
#834 = CARTESIAN_POINT('',(70.757030720771,108.27829441378));
#835 = CARTESIAN_POINT('',(68.441389592279,107.64402027779));
#836 = CARTESIAN_POINT('',(67.260392686732,107.3435474311));
#837 = CARTESIAN_POINT('',(66.074208243989,107.06403745139));
#838 = CARTESIAN_POINT('',(64.883438374645,106.80511701056));
#839 = CARTESIAN_POINT('',(62.472940120718,106.32365412186));
#840 = CARTESIAN_POINT('',(61.253072950949,106.10182633949));
#841 = CARTESIAN_POINT('',(60.029579583991,105.90065115136));
#842 = CARTESIAN_POINT('',(58.802977024011,105.71985957864));
#843 = CARTESIAN_POINT('',(56.327718933617,105.39642185466));
#844 = CARTESIAN_POINT('',(55.078994059038,105.25433015363));
#845 = CARTESIAN_POINT('',(53.828054934532,105.13273997848));
#846 = CARTESIAN_POINT('',(52.575367558052,105.03148645039));
#847 = CARTESIAN_POINT('',(50.058831662371,104.86888481286));
#848 = CARTESIAN_POINT('',(48.794968043046,104.80781305556));
#849 = CARTESIAN_POINT('',(47.530230106948,104.76713574335));
#850 = CARTESIAN_POINT('',(46.265058640681,104.74679768708));
#851 = CARTESIAN_POINT('',(43.730922616347,104.7468006266));
#852 = CARTESIAN_POINT('',(42.461960691457,104.76726368242));
#853 = CARTESIAN_POINT('',(41.193436237589,104.80818805335));
#854 = CARTESIAN_POINT('',(39.925794044951,104.86962959825));
#855 = CARTESIAN_POINT('',(37.405546473186,105.0329695957));
#856 = CARTESIAN_POINT('',(36.152917901598,105.13446737171));
#857 = CARTESIAN_POINT('',(34.902041627352,105.25630186373));
#858 = CARTESIAN_POINT('',(33.653383764326,105.39863828129));
#859 = CARTESIAN_POINT('',(31.174634834057,105.72303901159));
#860 = CARTESIAN_POINT('',(29.944489959834,105.90466824248));
#861 = CARTESIAN_POINT('',(28.717478482357,106.10680343887));
#862 = CARTESIAN_POINT('',(27.494122373138,106.32971646688));
#863 = CARTESIAN_POINT('',(25.083971695583,106.81214640198));
#864 = CARTESIAN_POINT('',(23.896988258137,107.07069998352));
#865 = CARTESIAN_POINT('',(22.714570712114,107.34972115552));
#866 = CARTESIAN_POINT('',(21.537316212016,107.64958037081));
#867 = CARTESIAN_POINT('',(19.222188756928,108.28425657314));
#868 = CARTESIAN_POINT('',(18.084047817697,108.61807715113));
#869 = CARTESIAN_POINT('',(16.952090135833,108.97259056643));
#870 = CARTESIAN_POINT('',(15.827030587698,109.34826275621));
#871 = CARTESIAN_POINT('',(13.632214719113,110.12882337788));
#872 = CARTESIAN_POINT('',(12.561923573918,110.53218857238));
#873 = CARTESIAN_POINT('',(11.499540948364,110.95621480297));
#874 = CARTESIAN_POINT('',(10.445921395714,111.40143813131));
#875 = CARTESIAN_POINT('',(8.398416863849,112.31749376037));
#876 = CARTESIAN_POINT('',(7.403802131572,112.78667438879));
#877 = CARTESIAN_POINT('',(6.419084584646,113.27654930574));
#878 = CARTESIAN_POINT('',(5.445301529848,113.78769995026));
#879 = CARTESIAN_POINT('',(3.562291074132,114.83151158607));
#880 = CARTESIAN_POINT('',(2.652077039455,115.3623704832));
#881 = CARTESIAN_POINT('',(1.75407991227,115.91390920757));
#882 = CARTESIAN_POINT('',(0.869562920916,116.48671158058));
#883 = CARTESIAN_POINT('',(0.,117.08139112745));
#884 = ( GEOMETRIC_REPRESENTATION_CONTEXT(2) 
PARAMETRIC_REPRESENTATION_CONTEXT() REPRESENTATION_CONTEXT('2D SPACE',''
  ) );
#885 = ADVANCED_FACE('',(#886),#274,.F.);
#886 = FACE_BOUND('',#887,.F.);
#887 = EDGE_LOOP('',(#888,#911,#912,#935));
#888 = ORIENTED_EDGE('',*,*,#889,.F.);
#889 = EDGE_CURVE('',#24,#890,#892,.T.);
#890 = VERTEX_POINT('',#891);
#891 = CARTESIAN_POINT('',(-45.,-21.34442897485,45.));
#892 = SURFACE_CURVE('',#893,(#897,#904),.PCURVE_S1.);
#893 = LINE('',#894,#895);
#894 = CARTESIAN_POINT('',(-45.,-142.,45.));
#895 = VECTOR('',#896,1.);
#896 = DIRECTION('',(0.,1.,0.));
#897 = PCURVE('',#274,#898);
#898 = DEFINITIONAL_REPRESENTATION('',(#899),#903);
#899 = LINE('',#900,#901);
#900 = CARTESIAN_POINT('',(66.,0.));
#901 = VECTOR('',#902,1.);
#902 = DIRECTION('',(0.,-1.));
#903 = ( GEOMETRIC_REPRESENTATION_CONTEXT(2) 
PARAMETRIC_REPRESENTATION_CONTEXT() REPRESENTATION_CONTEXT('2D SPACE',''
  ) );
#904 = PCURVE('',#811,#905);
#905 = DEFINITIONAL_REPRESENTATION('',(#906),#910);
#906 = LINE('',#907,#908);
#907 = CARTESIAN_POINT('',(0.,0.));
#908 = VECTOR('',#909,1.);
#909 = DIRECTION('',(0.,1.));
#910 = ( GEOMETRIC_REPRESENTATION_CONTEXT(2) 
PARAMETRIC_REPRESENTATION_CONTEXT() REPRESENTATION_CONTEXT('2D SPACE',''
  ) );
#911 = ORIENTED_EDGE('',*,*,#21,.F.);
#912 = ORIENTED_EDGE('',*,*,#913,.T.);
#913 = EDGE_CURVE('',#22,#914,#916,.T.);
#914 = VERTEX_POINT('',#915);
#915 = CARTESIAN_POINT('',(-45.,-36.53775113503,-21.));
#916 = SURFACE_CURVE('',#917,(#921,#928),.PCURVE_S1.);
#917 = LINE('',#918,#919);
#918 = CARTESIAN_POINT('',(-45.,-142.,-21.));
#919 = VECTOR('',#920,1.);
#920 = DIRECTION('',(0.,1.,0.));
#921 = PCURVE('',#274,#922);
#922 = DEFINITIONAL_REPRESENTATION('',(#923),#927);
#923 = LINE('',#924,#925);
#924 = CARTESIAN_POINT('',(0.,0.));
#925 = VECTOR('',#926,1.);
#926 = DIRECTION('',(0.,-1.));
#927 = ( GEOMETRIC_REPRESENTATION_CONTEXT(2) 
PARAMETRIC_REPRESENTATION_CONTEXT() REPRESENTATION_CONTEXT('2D SPACE',''
  ) );
#928 = PCURVE('',#443,#929);
#929 = DEFINITIONAL_REPRESENTATION('',(#930),#934);
#930 = LINE('',#931,#932);
#931 = CARTESIAN_POINT('',(0.,0.));
#932 = VECTOR('',#933,1.);
#933 = DIRECTION('',(0.,1.));
#934 = ( GEOMETRIC_REPRESENTATION_CONTEXT(2) 
PARAMETRIC_REPRESENTATION_CONTEXT() REPRESENTATION_CONTEXT('2D SPACE',''
  ) );
#935 = ORIENTED_EDGE('',*,*,#936,.T.);
#936 = EDGE_CURVE('',#914,#890,#937,.T.);
#937 = SURFACE_CURVE('',#938,(#1005,#1075),.PCURVE_S1.);
#938 = B_SPLINE_CURVE_WITH_KNOTS('',5,(#939,#940,#941,#942,#943,#944,
    #945,#946,#947,#948,#949,#950,#951,#952,#953,#954,#955,#956,#957,
    #958,#959,#960,#961,#962,#963,#964,#965,#966,#967,#968,#969,#970,
    #971,#972,#973,#974,#975,#976,#977,#978,#979,#980,#981,#982,#983,
    #984,#985,#986,#987,#988,#989,#990,#991,#992,#993,#994,#995,#996,
    #997,#998,#999,#1000,#1001,#1002,#1003,#1004),.UNSPECIFIED.,.F.,.F.,
  (6,4,4,4,4,4,4,4,4,4,4,4,4,4,4,4,6),(0.,6.548259962712E-02,
    0.130938168873,0.196222423068,0.261205152782,0.325774572554,
    0.389839188851,0.453329382089,0.515944554216,0.578174211674,
    0.639765840134,0.700751549254,0.761193297184,0.821185697456,
    0.880860056017,0.940390530599,1.),.UNSPECIFIED.);
#939 = CARTESIAN_POINT('',(-45.,-36.53775113503,-21.));
#940 = CARTESIAN_POINT('',(-45.,-36.45862789319,-20.11411855463));
#941 = CARTESIAN_POINT('',(-45.,-36.37399751613,-19.22872916738));
#942 = CARTESIAN_POINT('',(-45.,-36.28408401199,-18.34385725913));
#943 = CARTESIAN_POINT('',(-45.,-36.18909054259,-17.45952326189));
#944 = CARTESIAN_POINT('',(-45.,-35.98934953801,-15.69232678912));
#945 = CARTESIAN_POINT('',(-45.,-35.8846064176,-14.80946417379));
#946 = CARTESIAN_POINT('',(-45.,-35.77515233406,-13.92717035331));
#947 = CARTESIAN_POINT('',(-45.,-35.66115232053,-13.04545787372));
#948 = CARTESIAN_POINT('',(-45.,-35.42466590251,-11.28552075475));
#949 = CARTESIAN_POINT('',(-45.,-35.30220275539,-10.4072932498));
#950 = CARTESIAN_POINT('',(-45.,-35.17551151209,-9.529663265222));
#951 = CARTESIAN_POINT('',(-45.,-35.0447244161,-8.652638685138));
#952 = CARTESIAN_POINT('',(-45.,-34.77581636069,-6.903860639625));
#953 = CARTESIAN_POINT('',(-45.,-34.63773224172,-6.032101701301));
#954 = CARTESIAN_POINT('',(-45.,-34.4958230136,-5.160955134319));
#955 = CARTESIAN_POINT('',(-45.,-34.35019227043,-4.290426517322));
#956 = CARTESIAN_POINT('',(-45.,-34.05261908103,-2.55614795315));
#957 = CARTESIAN_POINT('',(-45.,-33.90072277687,-1.69239023561));
#958 = CARTESIAN_POINT('',(-45.,-33.74533145052,-0.829252536905));
#959 = CARTESIAN_POINT('',(-45.,-33.58652314635,3.32600778862E-02));
#960 = CARTESIAN_POINT('',(-45.,-33.26347379322,1.750286460641));
#961 = CARTESIAN_POINT('',(-45.,-33.09928497069,2.604809937063));
#962 = CARTESIAN_POINT('',(-45.,-32.93186338128,3.458707665032));
#963 = CARTESIAN_POINT('',(-45.,-32.76126370261,4.311973648216));
#964 = CARTESIAN_POINT('',(-45.,-32.41535411368,6.009583479734));
#965 = CARTESIAN_POINT('',(-45.,-32.24010014783,6.85393862696));
#966 = CARTESIAN_POINT('',(-45.,-32.06181113046,7.697659792423));
#967 = CARTESIAN_POINT('',(-45.,-31.88051974033,8.540738787398));
#968 = CARTESIAN_POINT('',(-45.,-31.51451656669,10.213982706463));
#969 = CARTESIAN_POINT('',(-45.,-31.32988631002,11.044165372187));
#970 = CARTESIAN_POINT('',(-45.,-31.14237908427,11.87370461453));
#971 = CARTESIAN_POINT('',(-45.,-30.95200610355,12.702588991775));
#972 = CARTESIAN_POINT('',(-45.,-30.5667202047,14.353921595631));
#973 = CARTESIAN_POINT('',(-45.,-30.37184236666,15.176377912889));
#974 = CARTESIAN_POINT('',(-45.,-30.17413572768,15.998160553138));
#975 = CARTESIAN_POINT('',(-45.,-29.97359025014,16.819253267516));
#976 = CARTESIAN_POINT('',(-45.,-29.56886502502,18.451609228273));
#977 = CARTESIAN_POINT('',(-45.,-29.36474349456,19.262886804142));
#978 = CARTESIAN_POINT('',(-45.,-29.15779997238,20.07345103888));
#979 = CARTESIAN_POINT('',(-45.,-28.94800224204,20.883279537623));
#980 = CARTESIAN_POINT('',(-45.,-28.52470260763,22.493453250339));
#981 = CARTESIAN_POINT('',(-45.,-28.31125728675,23.293813213398));
#982 = CARTESIAN_POINT('',(-45.,-28.09492749519,24.09340055628));
#983 = CARTESIAN_POINT('',(-45.,-27.87565736049,24.892184915525));
#984 = CARTESIAN_POINT('',(-45.,-27.43308103001,26.480959743518));
#985 = CARTESIAN_POINT('',(-45.,-27.20982807901,27.270964882499));
#986 = CARTESIAN_POINT('',(-45.,-26.98355193436,28.0601120852));
#987 = CARTESIAN_POINT('',(-45.,-26.75417072187,28.848360621754));
#988 = CARTESIAN_POINT('',(-45.,-26.29073397421,30.417112917306));
#989 = CARTESIAN_POINT('',(-45.,-26.05672562274,31.197630396168));
#990 = CARTESIAN_POINT('',(-45.,-25.81946831563,31.977169783336));
#991 = CARTESIAN_POINT('',(-45.,-25.57885066564,32.755676652557));
#992 = CARTESIAN_POINT('',(-45.,-25.09193207137,34.306378269411));
#993 = CARTESIAN_POINT('',(-45.,-24.84566770812,35.078584192737));
#994 = CARTESIAN_POINT('',(-45.,-24.59582504164,35.849644241781));
#995 = CARTESIAN_POINT('',(-45.,-24.34225790217,36.619485414136));
#996 = CARTESIAN_POINT('',(-45.,-23.82796314514,38.154708255322));
#997 = CARTESIAN_POINT('',(-45.,-23.56725384692,38.920095597244));
#998 = CARTESIAN_POINT('',(-45.,-23.30250752043,39.684102018626));
#999 = CARTESIAN_POINT('',(-45.,-23.0335350251,40.44662836334));
#1000 = CARTESIAN_POINT('',(-45.,-22.48634777346,41.969500749625));
#1001 = CARTESIAN_POINT('',(-45.,-22.20812112592,42.729841817473));
#1002 = CARTESIAN_POINT('',(-45.,-21.92522677612,43.488467329926));
#1003 = CARTESIAN_POINT('',(-45.,-21.6374224203,44.245240628744));
#1004 = CARTESIAN_POINT('',(-45.,-21.34442897485,45.));
#1005 = PCURVE('',#274,#1006);
#1006 = DEFINITIONAL_REPRESENTATION('',(#1007),#1074);
#1007 = B_SPLINE_CURVE_WITH_KNOTS('',5,(#1008,#1009,#1010,#1011,#1012,
    #1013,#1014,#1015,#1016,#1017,#1018,#1019,#1020,#1021,#1022,#1023,
    #1024,#1025,#1026,#1027,#1028,#1029,#1030,#1031,#1032,#1033,#1034,
    #1035,#1036,#1037,#1038,#1039,#1040,#1041,#1042,#1043,#1044,#1045,
    #1046,#1047,#1048,#1049,#1050,#1051,#1052,#1053,#1054,#1055,#1056,
    #1057,#1058,#1059,#1060,#1061,#1062,#1063,#1064,#1065,#1066,#1067,
    #1068,#1069,#1070,#1071,#1072,#1073),.UNSPECIFIED.,.F.,.F.,(6,4,4,4,
    4,4,4,4,4,4,4,4,4,4,4,4,6),(0.,6.548259962712E-02,0.130938168873,
    0.196222423068,0.261205152782,0.325774572554,0.389839188851,
    0.453329382089,0.515944554216,0.578174211674,0.639765840134,
    0.700751549254,0.761193297184,0.821185697456,0.880860056017,
    0.940390530599,1.),.UNSPECIFIED.);
#1008 = CARTESIAN_POINT('',(0.,-105.4622488649));
#1009 = CARTESIAN_POINT('',(0.885881445365,-105.5413721068));
#1010 = CARTESIAN_POINT('',(1.771270832611,-105.6260024838));
#1011 = CARTESIAN_POINT('',(2.656142740866,-105.715915988));
#1012 = CARTESIAN_POINT('',(3.540476738108,-105.8109094574));
#1013 = CARTESIAN_POINT('',(5.307673210873,-106.0106504619));
#1014 = CARTESIAN_POINT('',(6.190535826204,-106.1153935823));
#1015 = CARTESIAN_POINT('',(7.072829646681,-106.2248476659));
#1016 = CARTESIAN_POINT('',(7.954542126273,-106.3388476794));
#1017 = CARTESIAN_POINT('',(9.714479245244,-106.5753340974));
#1018 = CARTESIAN_POINT('',(10.592706750194,-106.6977972446));
#1019 = CARTESIAN_POINT('',(11.470336734778,-106.8244884879));
#1020 = CARTESIAN_POINT('',(12.347361314862,-106.9552755838));
#1021 = CARTESIAN_POINT('',(14.096139360375,-107.2241836393));
#1022 = CARTESIAN_POINT('',(14.967898298699,-107.3622677582));
#1023 = CARTESIAN_POINT('',(15.839044865681,-107.5041769863));
#1024 = CARTESIAN_POINT('',(16.709573482678,-107.6498077295));
#1025 = CARTESIAN_POINT('',(18.44385204685,-107.9473809189));
#1026 = CARTESIAN_POINT('',(19.30760976439,-108.0992772231));
#1027 = CARTESIAN_POINT('',(20.170747463095,-108.2546685494));
#1028 = CARTESIAN_POINT('',(21.033260077886,-108.4134768536));
#1029 = CARTESIAN_POINT('',(22.750286460641,-108.7365262067));
#1030 = CARTESIAN_POINT('',(23.604809937063,-108.9007150293));
#1031 = CARTESIAN_POINT('',(24.458707665032,-109.0681366187));
#1032 = CARTESIAN_POINT('',(25.311973648216,-109.2387362973));
#1033 = CARTESIAN_POINT('',(27.009583479734,-109.5846458863));
#1034 = CARTESIAN_POINT('',(27.85393862696,-109.7598998521));
#1035 = CARTESIAN_POINT('',(28.697659792423,-109.9381888695));
#1036 = CARTESIAN_POINT('',(29.540738787398,-110.1194802596));
#1037 = CARTESIAN_POINT('',(31.213982706463,-110.4854834333));
#1038 = CARTESIAN_POINT('',(32.044165372187,-110.6701136899));
#1039 = CARTESIAN_POINT('',(32.87370461453,-110.8576209157));
#1040 = CARTESIAN_POINT('',(33.702588991775,-111.0479938964));
#1041 = CARTESIAN_POINT('',(35.353921595631,-111.4332797952));
#1042 = CARTESIAN_POINT('',(36.176377912889,-111.6281576333));
#1043 = CARTESIAN_POINT('',(36.998160553138,-111.8258642723));
#1044 = CARTESIAN_POINT('',(37.819253267516,-112.0264097498));
#1045 = CARTESIAN_POINT('',(39.451609228273,-112.4311349749));
#1046 = CARTESIAN_POINT('',(40.262886804142,-112.6352565054));
#1047 = CARTESIAN_POINT('',(41.07345103888,-112.8422000276));
#1048 = CARTESIAN_POINT('',(41.883279537623,-113.0519977579));
#1049 = CARTESIAN_POINT('',(43.493453250339,-113.4752973923));
#1050 = CARTESIAN_POINT('',(44.293813213398,-113.6887427132));
#1051 = CARTESIAN_POINT('',(45.09340055628,-113.9050725048));
#1052 = CARTESIAN_POINT('',(45.892184915525,-114.1243426395));
#1053 = CARTESIAN_POINT('',(47.480959743518,-114.5669189699));
#1054 = CARTESIAN_POINT('',(48.270964882499,-114.7901719209));
#1055 = CARTESIAN_POINT('',(49.0601120852,-115.0164480656));
#1056 = CARTESIAN_POINT('',(49.848360621754,-115.2458292781));
#1057 = CARTESIAN_POINT('',(51.417112917306,-115.7092660257));
#1058 = CARTESIAN_POINT('',(52.197630396168,-115.9432743772));
#1059 = CARTESIAN_POINT('',(52.977169783336,-116.1805316843));
#1060 = CARTESIAN_POINT('',(53.755676652557,-116.4211493343));
#1061 = CARTESIAN_POINT('',(55.306378269411,-116.9080679286));
#1062 = CARTESIAN_POINT('',(56.078584192737,-117.1543322918));
#1063 = CARTESIAN_POINT('',(56.849644241781,-117.4041749583));
#1064 = CARTESIAN_POINT('',(57.619485414136,-117.6577420978));
#1065 = CARTESIAN_POINT('',(59.154708255322,-118.1720368548));
#1066 = CARTESIAN_POINT('',(59.920095597244,-118.432746153));
#1067 = CARTESIAN_POINT('',(60.684102018626,-118.6974924795));
#1068 = CARTESIAN_POINT('',(61.44662836334,-118.9664649748));
#1069 = CARTESIAN_POINT('',(62.969500749625,-119.5136522265));
#1070 = CARTESIAN_POINT('',(63.729841817473,-119.791878874));
#1071 = CARTESIAN_POINT('',(64.488467329926,-120.0747732238));
#1072 = CARTESIAN_POINT('',(65.245240628744,-120.3625775796));
#1073 = CARTESIAN_POINT('',(66.,-120.6555710251));
#1074 = ( GEOMETRIC_REPRESENTATION_CONTEXT(2) 
PARAMETRIC_REPRESENTATION_CONTEXT() REPRESENTATION_CONTEXT('2D SPACE',''
  ) );
#1075 = PCURVE('',#1076,#1217);
#1076 = ( BOUNDED_SURFACE() B_SPLINE_SURFACE(14,4,(
    (#1077,#1078,#1079,#1080,#1081)
    ,(#1082,#1083,#1084,#1085,#1086)
    ,(#1087,#1088,#1089,#1090,#1091)
    ,(#1092,#1093,#1094,#1095,#1096)
    ,(#1097,#1098,#1099,#1100,#1101)
    ,(#1102,#1103,#1104,#1105,#1106)
    ,(#1107,#1108,#1109,#1110,#1111)
    ,(#1112,#1113,#1114,#1115,#1116)
    ,(#1117,#1118,#1119,#1120,#1121)
    ,(#1122,#1123,#1124,#1125,#1126)
    ,(#1127,#1128,#1129,#1130,#1131)
    ,(#1132,#1133,#1134,#1135,#1136)
    ,(#1137,#1138,#1139,#1140,#1141)
    ,(#1142,#1143,#1144,#1145,#1146)
    ,(#1147,#1148,#1149,#1150,#1151)
    ,(#1152,#1153,#1154,#1155,#1156)
    ,(#1157,#1158,#1159,#1160,#1161)
    ,(#1162,#1163,#1164,#1165,#1166)
    ,(#1167,#1168,#1169,#1170,#1171)
    ,(#1172,#1173,#1174,#1175,#1176)
    ,(#1177,#1178,#1179,#1180,#1181)
    ,(#1182,#1183,#1184,#1185,#1186)
    ,(#1187,#1188,#1189,#1190,#1191)
    ,(#1192,#1193,#1194,#1195,#1196)
    ,(#1197,#1198,#1199,#1200,#1201)
    ,(#1202,#1203,#1204,#1205,#1206)
    ,(#1207,#1208,#1209,#1210,#1211)
    ,(#1212,#1213,#1214,#1215,#1216
)),.UNSPECIFIED.,.T.,.F.,.F.) B_SPLINE_SURFACE_WITH_KNOTS((15,13,15),(5,
5),(0.,0.5,1.),(0.,1.),.UNSPECIFIED.) GEOMETRIC_REPRESENTATION_ITEM() 
RATIONAL_B_SPLINE_SURFACE((
    (1.,1.,1.,1.,1.)
    ,(1.,1.,1.,1.,1.)
    ,(1.,1.,1.,1.,1.)
    ,(1.,1.,1.,1.,1.)
    ,(1.,1.,1.,1.,1.)
    ,(1.,1.,1.,1.,1.)
    ,(1.,1.,1.,1.,1.)
    ,(1.,1.,1.,1.,1.)
    ,(1.,1.,1.,1.,1.)
    ,(1.,1.,1.,1.,1.)
    ,(1.,1.,1.,1.,1.)
    ,(1.,1.,1.,1.,1.)
    ,(1.,1.,1.,1.,1.)
    ,(1.,1.,1.,1.,1.)
    ,(1.,1.,1.,1.,1.)
    ,(1.,1.,1.,1.,1.)
    ,(1.,1.,1.,1.,1.)
    ,(1.,1.,1.,1.,1.)
    ,(1.,1.,1.,1.,1.)
    ,(1.,1.,1.,1.,1.)
    ,(1.,1.,1.,1.,1.)
    ,(1.,1.,1.,1.,1.)
    ,(1.,1.,1.,1.,1.)
    ,(1.,1.,1.,1.,1.)
    ,(1.,1.,1.,1.,1.)
    ,(1.,1.,1.,1.,1.)
    ,(1.,1.,1.,1.,1.)
,(1.,1.,1.,1.,1.))) REPRESENTATION_ITEM('') SURFACE() );
#1077 = CARTESIAN_POINT('',(47.7,-5.330154691523E-14,-79.));
#1078 = CARTESIAN_POINT('',(103.36295465344,9.347721516686E-14,
    -60.38600670158));
#1079 = CARTESIAN_POINT('',(64.64353952662,-8.435560484503E-14,
    11.819560429411));
#1080 = CARTESIAN_POINT('',(66.590303866466,-5.022269125404E-15,
    36.202871504994));
#1081 = CARTESIAN_POINT('',(40.68,-2.547896707174E-14,79.));
#1082 = CARTESIAN_POINT('',(47.700000000004,6.328065202234,-79.));
#1083 = CARTESIAN_POINT('',(103.36295465344,14.014673088659,
    -60.38600670158));
#1084 = CARTESIAN_POINT('',(64.643539526612,8.667832204537,
    11.819560429411));
#1085 = CARTESIAN_POINT('',(66.590303866484,8.936664756136,
    36.202871504994));
#1086 = CARTESIAN_POINT('',(40.68,5.358659469127,79.));
#1087 = CARTESIAN_POINT('',(45.113296242693,12.656131572384,-79.));
#1088 = CARTESIAN_POINT('',(97.757726280832,28.029343378999,
    -60.38600670158));
#1089 = CARTESIAN_POINT('',(61.138010971266,17.335663252414,
    11.819560429411));
#1090 = CARTESIAN_POINT('',(62.979205870402,17.873332757511,
    36.202871504994));
#1091 = CARTESIAN_POINT('',(38.473980946603,10.717319927252,79.));
#1092 = CARTESIAN_POINT('',(39.939887074661,18.583836653567,-79.));
#1093 = CARTESIAN_POINT('',(86.547273198538,41.157366907833,
    -60.38600670158));
#1094 = CARTESIAN_POINT('',(54.126955301706,25.455115725955,
    11.819560429411));
#1095 = CARTESIAN_POINT('',(55.757005434148,26.244591570903,
    36.202871504994));
#1096 = CARTESIAN_POINT('',(34.061941429709,15.736951038553,79.));
#1097 = CARTESIAN_POINT('',(32.373184390093,23.710840562323,-79.));
#1098 = CARTESIAN_POINT('',(70.150684480723,52.512030406628,
    -60.38600670158));
#1099 = CARTESIAN_POINT('',(43.872474879814,32.477782060735,
    11.819560429411));
#1100 = CARTESIAN_POINT('',(45.193716687572,33.485095997903,
    36.202871504994));
#1101 = CARTESIAN_POINT('',(27.60882895155,20.078541582563,79.));
#1102 = CARTESIAN_POINT('',(22.799994873157,27.672689720432,-79.));
#1103 = CARTESIAN_POINT('',(49.4061879467,61.286306627676,
    -60.38600670158));
#1104 = CARTESIAN_POINT('',(30.898795323048,37.904516818571,
    11.819560429411));
#1105 = CARTESIAN_POINT('',(31.829318444603,39.080118466139,
    36.202871504994));
#1106 = CARTESIAN_POINT('',(19.44452392956,23.433469167515,79.));
#1107 = CARTESIAN_POINT('',(11.779337972483,30.176803249011,-79.));
#1108 = CARTESIAN_POINT('',(25.525094335526,66.832130415135,
    -60.38600670158));
#1109 = CARTESIAN_POINT('',(15.963480292143,41.334512597865,
    11.819560429411));
#1110 = CARTESIAN_POINT('',(16.444229498502,42.616495193353,
    36.202871504994));
#1111 = CARTESIAN_POINT('',(10.04577502559,25.55397381512,79.));
#1112 = CARTESIAN_POINT('',(-4.276198151132E-08,31.033429332636,-79.));
#1113 = CARTESIAN_POINT('',(5.42016861792E-08,68.7292704751,
    -60.38600670158));
#1114 = CARTESIAN_POINT('',(1.667624629304E-08,42.507862645028,
    11.819560429411));
#1115 = CARTESIAN_POINT('',(-1.029896568046E-07,43.826250789891,
    36.202871504994));
#1116 = CARTESIAN_POINT('',(-3.646875512686E-08,26.279372073169,79.));
#1117 = CARTESIAN_POINT('',(-11.77933770932,30.176804404746,-79.));
#1118 = CARTESIAN_POINT('',(-25.52509466909,66.832128955546,
    -60.38600670158));
#1119 = CARTESIAN_POINT('',(-15.96348039477,41.334512123591,
    11.819560429411));
#1120 = CARTESIAN_POINT('',(-16.4442288647,42.616498016663,
    36.202871504994));
#1121 = CARTESIAN_POINT('',(-10.04577480116,25.553974793806,79.));
#1122 = CARTESIAN_POINT('',(-22.79999569831,27.672689971476,-79.));
#1123 = CARTESIAN_POINT('',(-49.40618690075,61.286306310627,
    -60.38600670158));
#1124 = CARTESIAN_POINT('',(-30.89879500123,37.904516715542,
    11.819560429411));
#1125 = CARTESIAN_POINT('',(-31.82932043197,39.080119079411,
    36.202871504994));
#1126 = CARTESIAN_POINT('',(-19.44452463328,23.433469380101,79.));
#1127 = CARTESIAN_POINT('',(-32.37318312778,23.710837799088,-79.));
#1128 = CARTESIAN_POINT('',(-70.15068608076,52.512033896348,
    -60.38600670158));
#1129 = CARTESIAN_POINT('',(-43.87247537211,32.477783194689,
    11.819560429411));
#1130 = CARTESIAN_POINT('',(-45.19371364736,33.485089247673,
    36.202871504994));
#1131 = CARTESIAN_POINT('',(-27.60882787501,20.078539242632,79.));
#1132 = CARTESIAN_POINT('',(-39.93988798856,18.583839770618,-79.));
#1133 = CARTESIAN_POINT('',(-86.54727204011,41.157362971277,
    -60.38600670158));
#1134 = CARTESIAN_POINT('',(-54.12695494529,25.455114446818,
    11.819560429411));
#1135 = CARTESIAN_POINT('',(-55.75700763523,26.244599185451,
    36.202871504994));
#1136 = CARTESIAN_POINT('',(-34.06194220911,15.736953678098,79.));
#1137 = CARTESIAN_POINT('',(-45.11329599197,12.656130320846,-79.));
#1138 = CARTESIAN_POINT('',(-97.75772659863,28.029344959577,
    -60.38600670158));
#1139 = CARTESIAN_POINT('',(-61.13801106903,17.335663765993,
    11.819560429411));
#1140 = CARTESIAN_POINT('',(-62.97920526656,17.87332970018,
    36.202871504994));
#1141 = CARTESIAN_POINT('',(-38.47398073277,10.71731886744,79.));
#1142 = CARTESIAN_POINT('',(-47.69999999367,6.328065160423,-79.));
#1143 = CARTESIAN_POINT('',(-103.3629546614,14.014673141465,
    -60.38600670158));
#1144 = CARTESIAN_POINT('',(-64.64353952908,8.667832221705,
    11.819560429411));
#1145 = CARTESIAN_POINT('',(-66.59030385124,8.936664653987,
    36.202871504994));
#1146 = CARTESIAN_POINT('',(-40.6799999946,5.35865943372,79.));
#1147 = CARTESIAN_POINT('',(-47.69999999367,-6.328065160423,-79.));
#1148 = CARTESIAN_POINT('',(-103.3629546614,-14.01467314146,
    -60.38600670158));
#1149 = CARTESIAN_POINT('',(-64.64353952908,-8.667832221704,
    11.819560429411));
#1150 = CARTESIAN_POINT('',(-66.59030385124,-8.936664653987,
    36.202871504994));
#1151 = CARTESIAN_POINT('',(-40.6799999946,-5.35865943372,79.));
#1152 = CARTESIAN_POINT('',(-45.11329599197,-12.65613032084,-79.));
#1153 = CARTESIAN_POINT('',(-97.75772659861,-28.02934495957,
    -60.38600670158));
#1154 = CARTESIAN_POINT('',(-61.13801106903,-17.33566376599,
    11.819560429411));
#1155 = CARTESIAN_POINT('',(-62.97920526656,-17.87332970017,
    36.202871504994));
#1156 = CARTESIAN_POINT('',(-38.47398073277,-10.71731886744,79.));
#1157 = CARTESIAN_POINT('',(-39.93988798856,-18.58383977061,-79.));
#1158 = CARTESIAN_POINT('',(-86.54727204013,-41.15736297128,
    -60.38600670158));
#1159 = CARTESIAN_POINT('',(-54.12695494529,-25.4551144468,
    11.819560429411));
#1160 = CARTESIAN_POINT('',(-55.75700763523,-26.24459918545,
    36.202871504994));
#1161 = CARTESIAN_POINT('',(-34.06194220911,-15.73695367809,79.));
#1162 = CARTESIAN_POINT('',(-32.37318312778,-23.71083779908,-79.));
#1163 = CARTESIAN_POINT('',(-70.15068608076,-52.51203389634,
    -60.38600670158));
#1164 = CARTESIAN_POINT('',(-43.8724753721,-32.47778319469,
    11.819560429411));
#1165 = CARTESIAN_POINT('',(-45.19371364736,-33.48508924767,
    36.202871504994));
#1166 = CARTESIAN_POINT('',(-27.60882787501,-20.07853924263,79.));
#1167 = CARTESIAN_POINT('',(-22.79999569831,-27.67268997147,-79.));
#1168 = CARTESIAN_POINT('',(-49.40618690075,-61.28630631062,
    -60.38600670158));
#1169 = CARTESIAN_POINT('',(-30.89879500123,-37.90451671554,
    11.819560429411));
#1170 = CARTESIAN_POINT('',(-31.82932043197,-39.0801190794,
    36.202871504994));
#1171 = CARTESIAN_POINT('',(-19.44452463328,-23.4334693801,79.));
#1172 = CARTESIAN_POINT('',(-11.77933770932,-30.17680440474,-79.));
#1173 = CARTESIAN_POINT('',(-25.5250946691,-66.83212895554,
    -60.38600670158));
#1174 = CARTESIAN_POINT('',(-15.96348039477,-41.33451212358,
    11.819560429411));
#1175 = CARTESIAN_POINT('',(-16.44422886469,-42.61649801666,
    36.202871504994));
#1176 = CARTESIAN_POINT('',(-10.04577480116,-25.5539747938,79.));
#1177 = CARTESIAN_POINT('',(-4.276200016307E-08,-31.03342933263,-79.));
#1178 = CARTESIAN_POINT('',(5.420315460754E-08,-68.7292704751,
    -60.38600670158));
#1179 = CARTESIAN_POINT('',(1.667765917764E-08,-42.50786264502,
    11.819560429411));
#1180 = CARTESIAN_POINT('',(-1.029903701567E-07,-43.82625078989,
    36.202871504994));
#1181 = CARTESIAN_POINT('',(-3.646881463482E-08,-26.27937207316,79.));
#1182 = CARTESIAN_POINT('',(11.779337972483,-30.17680324901,-79.));
#1183 = CARTESIAN_POINT('',(25.525094335535,-66.83213041513,
    -60.38600670158));
#1184 = CARTESIAN_POINT('',(15.963480292147,-41.33451259787,
    11.819560429411));
#1185 = CARTESIAN_POINT('',(16.444229498499,-42.61649519335,
    36.202871504994));
#1186 = CARTESIAN_POINT('',(10.04577502559,-25.55397381512,79.));
#1187 = CARTESIAN_POINT('',(22.799994873157,-27.67268972043,-79.));
#1188 = CARTESIAN_POINT('',(49.406187946692,-61.28630662767,
    -60.38600670158));
#1189 = CARTESIAN_POINT('',(30.898795323044,-37.90451681856,
    11.819560429411));
#1190 = CARTESIAN_POINT('',(31.829318444605,-39.08011846614,
    36.202871504994));
#1191 = CARTESIAN_POINT('',(19.44452392956,-23.43346916751,79.));
#1192 = CARTESIAN_POINT('',(32.373184390092,-23.71084056232,-79.));
#1193 = CARTESIAN_POINT('',(70.150684480717,-52.51203040662,
    -60.38600670158));
#1194 = CARTESIAN_POINT('',(43.872474879811,-32.47778206073,
    11.819560429411));
#1195 = CARTESIAN_POINT('',(45.193716687573,-33.4850959979,
    36.202871504994));
#1196 = CARTESIAN_POINT('',(27.60882895155,-20.07854158256,79.));
#1197 = CARTESIAN_POINT('',(39.939887074661,-18.58383665356,-79.));
#1198 = CARTESIAN_POINT('',(86.547273198557,-41.15736690783,
    -60.38600670158));
#1199 = CARTESIAN_POINT('',(54.126955301714,-25.45511572596,
    11.819560429411));
#1200 = CARTESIAN_POINT('',(55.757005434144,-26.24459157088,
    36.202871504994));
#1201 = CARTESIAN_POINT('',(34.061941429709,-15.73695103855,79.));
#1202 = CARTESIAN_POINT('',(45.113296242694,-12.65613157239,-79.));
#1203 = CARTESIAN_POINT('',(97.757726280814,-28.02934337899,
    -60.38600670158));
#1204 = CARTESIAN_POINT('',(61.138010971258,-17.33566325239,
    11.819560429411));
#1205 = CARTESIAN_POINT('',(62.979205870406,-17.87333275754,
    36.202871504994));
#1206 = CARTESIAN_POINT('',(38.473980946602,-10.71731992725,79.));
#1207 = CARTESIAN_POINT('',(47.700000000003,-6.328065202229,-79.));
#1208 = CARTESIAN_POINT('',(103.36295465344,-14.01467308866,
    -60.38600670158));
#1209 = CARTESIAN_POINT('',(64.643539526615,-8.66783220455,
    11.819560429411));
#1210 = CARTESIAN_POINT('',(66.590303866483,-8.936664756109,
    36.202871504994));
#1211 = CARTESIAN_POINT('',(40.680000000001,-5.358659469122,79.));
#1212 = CARTESIAN_POINT('',(47.7,1.775272640086E-14,-79.));
#1213 = CARTESIAN_POINT('',(103.36295465344,-3.273929596127E-14,
    -60.38600670158));
#1214 = CARTESIAN_POINT('',(64.64353952662,-2.850046782179E-14,
    11.819560429411));
#1215 = CARTESIAN_POINT('',(66.590303866466,1.259438734379E-13,
    36.202871504994));
#1216 = CARTESIAN_POINT('',(40.68,2.942742138567E-15,79.));
#1217 = DEFINITIONAL_REPRESENTATION('',(#1218),#1285);
#1218 = B_SPLINE_CURVE_WITH_KNOTS('',5,(#1219,#1220,#1221,#1222,#1223,
    #1224,#1225,#1226,#1227,#1228,#1229,#1230,#1231,#1232,#1233,#1234,
    #1235,#1236,#1237,#1238,#1239,#1240,#1241,#1242,#1243,#1244,#1245,
    #1246,#1247,#1248,#1249,#1250,#1251,#1252,#1253,#1254,#1255,#1256,
    #1257,#1258,#1259,#1260,#1261,#1262,#1263,#1264,#1265,#1266,#1267,
    #1268,#1269,#1270,#1271,#1272,#1273,#1274,#1275,#1276,#1277,#1278,
    #1279,#1280,#1281,#1282,#1283,#1284),.UNSPECIFIED.,.F.,.F.,(6,4,4,4,
    4,4,4,4,4,4,4,4,4,4,4,4,6),(0.,6.548259962712E-02,0.130938168873,
    0.196222423068,0.261205152782,0.325774572554,0.389839188851,
    0.453329382089,0.515944554216,0.578174211674,0.639765840134,
    0.700751549254,0.761193297184,0.821185697456,0.880860056017,
    0.940390530599,1.),.UNSPECIFIED.);
#1219 = CARTESIAN_POINT('',(0.64869571762,0.391328679178));
#1220 = CARTESIAN_POINT('',(0.648533636376,0.396251819064));
#1221 = CARTESIAN_POINT('',(0.64835970845,0.401172441546));
#1222 = CARTESIAN_POINT('',(0.648174231228,0.406091589247));
#1223 = CARTESIAN_POINT('',(0.647977449308,0.411010264678));
#1224 = CARTESIAN_POINT('',(0.647561745502,0.420846565231));
#1225 = CARTESIAN_POINT('',(0.647342833738,0.425764189337));
#1226 = CARTESIAN_POINT('',(0.647113011404,0.430683263602));
#1227 = CARTESIAN_POINT('',(0.646872427224,0.435604709684));
#1228 = CARTESIAN_POINT('',(0.646370603235,0.445441220755));
#1229 = CARTESIAN_POINT('',(0.646109419716,0.450356268197));
#1230 = CARTESIAN_POINT('',(0.645837740813,0.455275427638));
#1231 = CARTESIAN_POINT('',(0.645555633932,0.460199535061));
#1232 = CARTESIAN_POINT('',(0.644971974951,0.470036469684));
#1233 = CARTESIAN_POINT('',(0.644670518959,0.474949243337));
#1234 = CARTESIAN_POINT('',(0.644358790853,0.479868493715));
#1235 = CARTESIAN_POINT('',(0.644036786227,0.484794965383));
#1236 = CARTESIAN_POINT('',(0.643374260221,0.494632373738));
#1237 = CARTESIAN_POINT('',(0.643033869668,0.499543209165));
#1238 = CARTESIAN_POINT('',(0.642683257139,0.504462558356));
#1239 = CARTESIAN_POINT('',(0.642322351714,0.509391066559));
#1240 = CARTESIAN_POINT('',(0.641582649427,0.519228993857));
#1241 = CARTESIAN_POINT('',(0.641204014302,0.524138259946));
#1242 = CARTESIAN_POINT('',(0.640815042296,0.529057718756));
#1243 = CARTESIAN_POINT('',(0.640415597515,0.533987905345));
#1244 = CARTESIAN_POINT('',(0.639599098761,0.543826395004));
#1245 = CARTESIAN_POINT('',(0.639182234374,0.54873449664));
#1246 = CARTESIAN_POINT('',(0.638754751072,0.553654079273));
#1247 = CARTESIAN_POINT('',(0.638316445955,0.558585553447));
#1248 = CARTESIAN_POINT('',(0.637423904515,0.568404850528));
#1249 = CARTESIAN_POINT('',(0.636969970371,0.573292336764));
#1250 = CARTESIAN_POINT('',(0.636505046007,0.578192064015));
#1251 = CARTESIAN_POINT('',(0.636028859329,0.583104297365));
#1252 = CARTESIAN_POINT('',(0.63505633649,0.592923841923));
#1253 = CARTESIAN_POINT('',(0.634560141543,0.597830995324));
#1254 = CARTESIAN_POINT('',(0.634052203756,0.602750881984));
#1255 = CARTESIAN_POINT('',(0.633532165457,0.607683606404));
#1256 = CARTESIAN_POINT('',(0.632472532767,0.617524060661));
#1257 = CARTESIAN_POINT('',(0.631933192353,0.622431526013));
#1258 = CARTESIAN_POINT('',(0.631381203174,0.627351600641));
#1259 = CARTESIAN_POINT('',(0.63081611068,0.632284199541));
#1260 = CARTESIAN_POINT('',(0.629664383337,0.642125423143));
#1261 = CARTESIAN_POINT('',(0.629078013556,0.64703380382));
#1262 = CARTESIAN_POINT('',(0.628477792313,0.651954094715));
#1263 = CARTESIAN_POINT('',(0.627863147684,0.656885992454));
#1264 = CARTESIAN_POINT('',(0.626609338199,0.666728062456));
#1265 = CARTESIAN_POINT('',(0.625970438955,0.671638033402));
#1266 = CARTESIAN_POINT('',(0.625316109704,0.676558572093));
#1267 = CARTESIAN_POINT('',(0.624645632597,0.681489124429));
#1268 = CARTESIAN_POINT('',(0.623275876213,0.691332141175));
#1269 = CARTESIAN_POINT('',(0.622576845534,0.696244464622));
#1270 = CARTESIAN_POINT('',(0.621860317501,0.701165286176));
#1271 = CARTESIAN_POINT('',(0.621125388361,0.706093764707));
#1272 = CARTESIAN_POINT('',(0.619620691019,0.715937867134));
#1273 = CARTESIAN_POINT('',(0.618851124749,0.720853417521));
#1274 = CARTESIAN_POINT('',(0.618061341062,0.725774561964));
#1275 = CARTESIAN_POINT('',(0.617250193113,0.730700130403));
#1276 = CARTESIAN_POINT('',(0.615584592317,0.740545524502));
#1277 = CARTESIAN_POINT('',(0.614730243936,0.745465331798));
#1278 = CARTESIAN_POINT('',(0.613852060676,0.750386848221));
#1279 = CARTESIAN_POINT('',(0.612948567931,0.755308522736));
#1280 = CARTESIAN_POINT('',(0.611086393701,0.765155198503));
#1281 = CARTESIAN_POINT('',(0.610127638231,0.770080191157));
#1282 = CARTESIAN_POINT('',(0.609140144176,0.775001809264));
#1283 = CARTESIAN_POINT('',(0.608122004034,0.779918049112));
#1284 = CARTESIAN_POINT('',(0.607071004562,0.784826664387));
#1285 = ( GEOMETRIC_REPRESENTATION_CONTEXT(2) 
PARAMETRIC_REPRESENTATION_CONTEXT() REPRESENTATION_CONTEXT('2D SPACE',''
  ) );
#1286 = ADVANCED_FACE('',(#1287),#811,.T.);
#1287 = FACE_BOUND('',#1288,.T.);
#1288 = EDGE_LOOP('',(#1289,#1290,#1291,#1314));
#1289 = ORIENTED_EDGE('',*,*,#889,.F.);
#1290 = ORIENTED_EDGE('',*,*,#671,.F.);
#1291 = ORIENTED_EDGE('',*,*,#1292,.T.);
#1292 = EDGE_CURVE('',#503,#1293,#1295,.T.);
#1293 = VERTEX_POINT('',#1294);
#1294 = CARTESIAN_POINT('',(45.,-21.34442891905,45.));
#1295 = SURFACE_CURVE('',#1296,(#1300,#1307),.PCURVE_S1.);
#1296 = LINE('',#1297,#1298);
#1297 = CARTESIAN_POINT('',(45.,-142.,45.));
#1298 = VECTOR('',#1299,1.);
#1299 = DIRECTION('',(0.,1.,0.));
#1300 = PCURVE('',#811,#1301);
#1301 = DEFINITIONAL_REPRESENTATION('',(#1302),#1306);
#1302 = LINE('',#1303,#1304);
#1303 = CARTESIAN_POINT('',(90.,0.));
#1304 = VECTOR('',#1305,1.);
#1305 = DIRECTION('',(0.,1.));
#1306 = ( GEOMETRIC_REPRESENTATION_CONTEXT(2) 
PARAMETRIC_REPRESENTATION_CONTEXT() REPRESENTATION_CONTEXT('2D SPACE',''
  ) );
#1307 = PCURVE('',#612,#1308);
#1308 = DEFINITIONAL_REPRESENTATION('',(#1309),#1313);
#1309 = LINE('',#1310,#1311);
#1310 = CARTESIAN_POINT('',(66.,0.));
#1311 = VECTOR('',#1312,1.);
#1312 = DIRECTION('',(0.,-1.));
#1313 = ( GEOMETRIC_REPRESENTATION_CONTEXT(2) 
PARAMETRIC_REPRESENTATION_CONTEXT() REPRESENTATION_CONTEXT('2D SPACE',''
  ) );
#1314 = ORIENTED_EDGE('',*,*,#1315,.T.);
#1315 = EDGE_CURVE('',#1293,#890,#1316,.T.);
#1316 = SURFACE_CURVE('',#1317,(#1384,#1454),.PCURVE_S1.);
#1317 = B_SPLINE_CURVE_WITH_KNOTS('',5,(#1318,#1319,#1320,#1321,#1322,
    #1323,#1324,#1325,#1326,#1327,#1328,#1329,#1330,#1331,#1332,#1333,
    #1334,#1335,#1336,#1337,#1338,#1339,#1340,#1341,#1342,#1343,#1344,
    #1345,#1346,#1347,#1348,#1349,#1350,#1351,#1352,#1353,#1354,#1355,
    #1356,#1357,#1358,#1359,#1360,#1361,#1362,#1363,#1364,#1365,#1366,
    #1367,#1368,#1369,#1370,#1371,#1372,#1373,#1374,#1375,#1376,#1377,
    #1378,#1379,#1380,#1381,#1382,#1383),.UNSPECIFIED.,.F.,.F.,(6,4,4,4,
    4,4,4,4,4,4,4,4,4,4,4,4,6),(0.,5.453131942599E-02,0.111801840367,
    0.171829758167,0.234298184252,0.298993193113,0.365093555884,
    0.432273782017,0.500001140428,0.567917687238,0.635095594906,
    0.701192163417,0.765703953221,0.82834402625,0.888364532826,
    0.945626877522,1.),.UNSPECIFIED.);
#1318 = CARTESIAN_POINT('',(45.,-21.34442891905,45.));
#1319 = CARTESIAN_POINT('',(44.168703810732,-21.96558386262,45.));
#1320 = CARTESIAN_POINT('',(43.319703694825,-22.56302852259,45.));
#1321 = CARTESIAN_POINT('',(42.454943755702,-23.13753687318,45.));
#1322 = CARTESIAN_POINT('',(41.576056816634,-23.68985005104,45.));
#1323 = CARTESIAN_POINT('',(39.747905773775,-24.77820198205,45.));
#1324 = CARTESIAN_POINT('',(38.797340153239,-25.31202010795,45.));
#1325 = CARTESIAN_POINT('',(37.834231802049,-25.82298311987,45.));
#1326 = CARTESIAN_POINT('',(36.859882338049,-26.31184183841,45.));
#1327 = CARTESIAN_POINT('',(34.843438177925,-27.2692552751,45.));
#1328 = CARTESIAN_POINT('',(33.800353120144,-27.73569312884,45.));
#1329 = CARTESIAN_POINT('',(32.747342920322,-28.17940991247,45.));
#1330 = CARTESIAN_POINT('',(31.685452730415,-28.60110270649,45.));
#1331 = CARTESIAN_POINT('',(29.502152008479,-29.41797253207,45.));
#1332 = CARTESIAN_POINT('',(28.380086541424,-29.81137083637,45.));
#1333 = CARTESIAN_POINT('',(27.250338626181,-30.18230103183,45.));
#1334 = CARTESIAN_POINT('',(26.113751761579,-30.53136379237,45.));
#1335 = CARTESIAN_POINT('',(23.787598560303,-31.19849008086,45.));
#1336 = CARTESIAN_POINT('',(22.597595190459,-31.51500308592,45.));
#1337 = CARTESIAN_POINT('',(21.401826531799,-31.80920912857,45.));
#1338 = CARTESIAN_POINT('',(20.200990422763,-32.08159282797,45.));
#1339 = CARTESIAN_POINT('',(17.764212389343,-32.58898891066,45.));
#1340 = CARTESIAN_POINT('',(16.528080056929,-32.82305977591,45.));
#1341 = CARTESIAN_POINT('',(15.287943823974,-33.03521445103,45.));
#1342 = CARTESIAN_POINT('',(14.044388608292,-33.22580135054,45.));
#1343 = CARTESIAN_POINT('',(11.531126946757,-33.56716021825,45.));
#1344 = CARTESIAN_POINT('',(10.261329482573,-33.71723027416,45.));
#1345 = CARTESIAN_POINT('',(8.989099064646,-33.84559854128,45.));
#1346 = CARTESIAN_POINT('',(7.714952537048,-33.95247565277,45.));
#1347 = CARTESIAN_POINT('',(5.153403929992,-34.12422624545,45.));
#1348 = CARTESIAN_POINT('',(3.865982030856,-34.18875046834,45.));
#1349 = CARTESIAN_POINT('',(2.577601972254,-34.23171865797,45.));
#1350 = CARTESIAN_POINT('',(1.288747610837,-34.25320225125,45.));
#1351 = CARTESIAN_POINT('',(-1.292564793923,-34.25319935519,45.));
#1352 = CARTESIAN_POINT('',(-2.585019349898,-34.23159266506,45.));
#1353 = CARTESIAN_POINT('',(-3.876995587218,-34.18838118037,45.));
#1354 = CARTESIAN_POINT('',(-5.168005546432,-34.12349265565,45.));
#1355 = CARTESIAN_POINT('',(-7.733069466809,-33.95101468959,45.));
#1356 = CARTESIAN_POINT('',(-9.007151553921,-33.84389740444,45.));
#1357 = CARTESIAN_POINT('',(-10.27931338248,-33.71528884151,45.));
#1358 = CARTESIAN_POINT('',(-11.54903796628,-33.56497797252,45.));
#1359 = CARTESIAN_POINT('',(-14.06211756873,-33.22314337754,45.));
#1360 = CARTESIAN_POINT('',(-15.30556387954,-33.03232256957,45.));
#1361 = CARTESIAN_POINT('',(-16.54558680939,-32.81993367911,45.));
#1362 = CARTESIAN_POINT('',(-17.78160119449,-32.58562790722,45.));
#1363 = CARTESIAN_POINT('',(-20.21479186501,-32.07846186278,45.));
#1364 = CARTESIAN_POINT('',(-21.41218354373,-31.80666181645,45.));
#1365 = CARTESIAN_POINT('',(-22.60453245141,-31.51316007289,45.));
#1366 = CARTESIAN_POINT('',(-23.79114638826,-31.19747583776,45.));
#1367 = CARTESIAN_POINT('',(-26.11708620115,-30.53040431439,45.));
#1368 = CARTESIAN_POINT('',(-27.25677828429,-30.18032065172,45.));
#1369 = CARTESIAN_POINT('',(-28.38959175898,-29.80824768922,45.));
#1370 = CARTESIAN_POINT('',(-29.514675781,-29.41357958641,45.));
#1371 = CARTESIAN_POINT('',(-31.7007142102,-28.59510817052,45.));
#1372 = CARTESIAN_POINT('',(-32.76237386358,-28.17321689259,45.));
#1373 = CARTESIAN_POINT('',(-33.8151473234,-27.72930125086,45.));
#1374 = CARTESIAN_POINT('',(-34.8579887894,-27.26266394077,45.));
#1375 = CARTESIAN_POINT('',(-36.87392298784,-26.30486822028,45.));
#1376 = CARTESIAN_POINT('',(-37.84800715416,-25.81582757988,45.));
#1377 = CARTESIAN_POINT('',(-38.81084298508,-25.30468261647,45.));
#1378 = CARTESIAN_POINT('',(-39.76112805717,-24.77068244328,45.));
#1379 = CARTESIAN_POINT('',(-41.58625476723,-23.68343988497,45.));
#1380 = CARTESIAN_POINT('',(-42.4624693601,-23.13253639027,45.));
#1381 = CARTESIAN_POINT('',(-43.32462942289,-22.55956201103,45.));
#1382 = CARTESIAN_POINT('',(-44.17111542353,-21.96378192696,45.));
#1383 = CARTESIAN_POINT('',(-45.,-21.34442897485,45.));
#1384 = PCURVE('',#811,#1385);
#1385 = DEFINITIONAL_REPRESENTATION('',(#1386),#1453);
#1386 = B_SPLINE_CURVE_WITH_KNOTS('',5,(#1387,#1388,#1389,#1390,#1391,
    #1392,#1393,#1394,#1395,#1396,#1397,#1398,#1399,#1400,#1401,#1402,
    #1403,#1404,#1405,#1406,#1407,#1408,#1409,#1410,#1411,#1412,#1413,
    #1414,#1415,#1416,#1417,#1418,#1419,#1420,#1421,#1422,#1423,#1424,
    #1425,#1426,#1427,#1428,#1429,#1430,#1431,#1432,#1433,#1434,#1435,
    #1436,#1437,#1438,#1439,#1440,#1441,#1442,#1443,#1444,#1445,#1446,
    #1447,#1448,#1449,#1450,#1451,#1452),.UNSPECIFIED.,.F.,.F.,(6,4,4,4,
    4,4,4,4,4,4,4,4,4,4,4,4,6),(0.,5.453131942599E-02,0.111801840367,
    0.171829758167,0.234298184252,0.298993193113,0.365093555884,
    0.432273782017,0.500001140428,0.567917687238,0.635095594906,
    0.701192163417,0.765703953221,0.82834402625,0.888364532826,
    0.945626877522,1.),.UNSPECIFIED.);
#1387 = CARTESIAN_POINT('',(90.,120.65557108094));
#1388 = CARTESIAN_POINT('',(89.168703810732,120.03441613737));
#1389 = CARTESIAN_POINT('',(88.319703694825,119.4369714774));
#1390 = CARTESIAN_POINT('',(87.454943755702,118.86246312681));
#1391 = CARTESIAN_POINT('',(86.576056816634,118.31014994895));
#1392 = CARTESIAN_POINT('',(84.747905773775,117.22179801794));
#1393 = CARTESIAN_POINT('',(83.797340153239,116.68797989204));
#1394 = CARTESIAN_POINT('',(82.834231802049,116.17701688012));
#1395 = CARTESIAN_POINT('',(81.859882338049,115.68815816158));
#1396 = CARTESIAN_POINT('',(79.843438177925,114.7307447249));
#1397 = CARTESIAN_POINT('',(78.800353120144,114.26430687115));
#1398 = CARTESIAN_POINT('',(77.747342920322,113.82059008752));
#1399 = CARTESIAN_POINT('',(76.685452730415,113.3988972935));
#1400 = CARTESIAN_POINT('',(74.502152008479,112.58202746793));
#1401 = CARTESIAN_POINT('',(73.380086541424,112.18862916362));
#1402 = CARTESIAN_POINT('',(72.250338626181,111.81769896816));
#1403 = CARTESIAN_POINT('',(71.113751761579,111.46863620762));
#1404 = CARTESIAN_POINT('',(68.787598560303,110.80150991913));
#1405 = CARTESIAN_POINT('',(67.597595190459,110.48499691407));
#1406 = CARTESIAN_POINT('',(66.401826531799,110.19079087142));
#1407 = CARTESIAN_POINT('',(65.200990422763,109.91840717202));
#1408 = CARTESIAN_POINT('',(62.764212389343,109.41101108933));
#1409 = CARTESIAN_POINT('',(61.528080056929,109.17694022409));
#1410 = CARTESIAN_POINT('',(60.287943823974,108.96478554896));
#1411 = CARTESIAN_POINT('',(59.044388608292,108.77419864945));
#1412 = CARTESIAN_POINT('',(56.531126946757,108.43283978174));
#1413 = CARTESIAN_POINT('',(55.261329482573,108.28276972583));
#1414 = CARTESIAN_POINT('',(53.989099064646,108.15440145871));
#1415 = CARTESIAN_POINT('',(52.714952537048,108.04752434722));
#1416 = CARTESIAN_POINT('',(50.153403929992,107.87577375454));
#1417 = CARTESIAN_POINT('',(48.865982030856,107.81124953165));
#1418 = CARTESIAN_POINT('',(47.577601972254,107.76828134202));
#1419 = CARTESIAN_POINT('',(46.288747610837,107.74679774874));
#1420 = CARTESIAN_POINT('',(43.707435206077,107.7468006448));
#1421 = CARTESIAN_POINT('',(42.414980650102,107.76840733493));
#1422 = CARTESIAN_POINT('',(41.123004412782,107.81161881962));
#1423 = CARTESIAN_POINT('',(39.831994453568,107.87650734434));
#1424 = CARTESIAN_POINT('',(37.266930533191,108.0489853104));
#1425 = CARTESIAN_POINT('',(35.992848446079,108.15610259555));
#1426 = CARTESIAN_POINT('',(34.720686617516,108.28471115848));
#1427 = CARTESIAN_POINT('',(33.450962033719,108.43502202747));
#1428 = CARTESIAN_POINT('',(30.937882431265,108.77685662245));
#1429 = CARTESIAN_POINT('',(29.694436120457,108.96767743042));
#1430 = CARTESIAN_POINT('',(28.454413190604,109.18006632088));
#1431 = CARTESIAN_POINT('',(27.218398805508,109.41437209277));
#1432 = CARTESIAN_POINT('',(24.785208134988,109.92153813721));
#1433 = CARTESIAN_POINT('',(23.587816456267,110.19333818354));
#1434 = CARTESIAN_POINT('',(22.395467548583,110.4868399271));
#1435 = CARTESIAN_POINT('',(21.208853611738,110.80252416223));
#1436 = CARTESIAN_POINT('',(18.882913798843,111.4695956856));
#1437 = CARTESIAN_POINT('',(17.743221715702,111.81967934827));
#1438 = CARTESIAN_POINT('',(16.610408241011,112.19175231078));
#1439 = CARTESIAN_POINT('',(15.485324218996,112.58642041358));
#1440 = CARTESIAN_POINT('',(13.299285789792,113.40489182947));
#1441 = CARTESIAN_POINT('',(12.237626136414,113.8267831074));
#1442 = CARTESIAN_POINT('',(11.1848526766,114.27069874913));
#1443 = CARTESIAN_POINT('',(10.142011210593,114.73733605922));
#1444 = CARTESIAN_POINT('',(8.126077012155,115.69513177971));
#1445 = CARTESIAN_POINT('',(7.151992845839,116.18417242011));
#1446 = CARTESIAN_POINT('',(6.189157014919,116.69531738352));
#1447 = CARTESIAN_POINT('',(5.238871942829,117.22931755671));
#1448 = CARTESIAN_POINT('',(3.413745232766,118.31656011502));
#1449 = CARTESIAN_POINT('',(2.537530639896,118.86746360973));
#1450 = CARTESIAN_POINT('',(1.675370577102,119.44043798897));
#1451 = CARTESIAN_POINT('',(0.828884576462,120.03621807304));
#1452 = CARTESIAN_POINT('',(0.,120.65557102514));
#1453 = ( GEOMETRIC_REPRESENTATION_CONTEXT(2) 
PARAMETRIC_REPRESENTATION_CONTEXT() REPRESENTATION_CONTEXT('2D SPACE',''
  ) );
#1454 = PCURVE('',#1076,#1455);
#1455 = DEFINITIONAL_REPRESENTATION('',(#1456),#1523);
#1456 = B_SPLINE_CURVE_WITH_KNOTS('',5,(#1457,#1458,#1459,#1460,#1461,
    #1462,#1463,#1464,#1465,#1466,#1467,#1468,#1469,#1470,#1471,#1472,
    #1473,#1474,#1475,#1476,#1477,#1478,#1479,#1480,#1481,#1482,#1483,
    #1484,#1485,#1486,#1487,#1488,#1489,#1490,#1491,#1492,#1493,#1494,
    #1495,#1496,#1497,#1498,#1499,#1500,#1501,#1502,#1503,#1504,#1505,
    #1506,#1507,#1508,#1509,#1510,#1511,#1512,#1513,#1514,#1515,#1516,
    #1517,#1518,#1519,#1520,#1521,#1522),.UNSPECIFIED.,.F.,.F.,(6,4,4,4,
    4,4,4,4,4,4,4,4,4,4,4,4,6),(0.,5.453131942599E-02,0.111801840367,
    0.171829758167,0.234298184252,0.298993193113,0.365093555884,
    0.432273782017,0.500001140428,0.567917687238,0.635095594906,
    0.701192163417,0.765703953221,0.82834402625,0.888364532826,
    0.945626877522,1.),.UNSPECIFIED.);
#1457 = CARTESIAN_POINT('',(0.892928995381,0.784826664371));
#1458 = CARTESIAN_POINT('',(0.889238799072,0.784826664371));
#1459 = CARTESIAN_POINT('',(0.885604250141,0.784826664371));
#1460 = CARTESIAN_POINT('',(0.882021756072,0.784826664371));
#1461 = CARTESIAN_POINT('',(0.878488045165,0.784826664371));
#1462 = CARTESIAN_POINT('',(0.871336436822,0.784826664371));
#1463 = CARTESIAN_POINT('',(0.867723289537,0.784826664371));
#1464 = CARTESIAN_POINT('',(0.864156658287,0.784826664371));
#1465 = CARTESIAN_POINT('',(0.860633235237,0.784826664371));
#1466 = CARTESIAN_POINT('',(0.853498706764,0.784826664371));
#1467 = CARTESIAN_POINT('',(0.849891592531,0.784826664371));
#1468 = CARTESIAN_POINT('',(0.846324839658,0.784826664371));
#1469 = CARTESIAN_POINT('',(0.842795256105,0.784826664371));
#1470 = CARTESIAN_POINT('',(0.835662246471,0.784826664371));
#1471 = CARTESIAN_POINT('',(0.832061684309,0.784826664371));
#1472 = CARTESIAN_POINT('',(0.828494722593,0.784826664371));
#1473 = CARTESIAN_POINT('',(0.824958368972,0.784826664371));
#1474 = CARTESIAN_POINT('',(0.817816144915,0.784826664371));
#1475 = CARTESIAN_POINT('',(0.814212312191,0.784826664371));
#1476 = CARTESIAN_POINT('',(0.810635150908,0.784826664371));
#1477 = CARTESIAN_POINT('',(0.80708185972,0.784826664371));
#1478 = CARTESIAN_POINT('',(0.799940941952,0.784826664371));
#1479 = CARTESIAN_POINT('',(0.79635426261,0.784826664371));
#1480 = CARTESIAN_POINT('',(0.792786884057,0.784826664371));
#1481 = CARTESIAN_POINT('',(0.789236214196,0.784826664371));
#1482 = CARTESIAN_POINT('',(0.782105497128,0.784826664371));
#1483 = CARTESIAN_POINT('',(0.778525929977,0.784826664371));
#1484 = CARTESIAN_POINT('',(0.774958412162,0.784826664371));
#1485 = CARTESIAN_POINT('',(0.771400485744,0.784826664371));
#1486 = CARTESIAN_POINT('',(0.764270038799,0.784826664371));
#1487 = CARTESIAN_POINT('',(0.760697639058,0.784826664371));
#1488 = CARTESIAN_POINT('',(0.757130061875,0.784826664371));
#1489 = CARTESIAN_POINT('',(0.75356488015,0.784826664371));
#1490 = CARTESIAN_POINT('',(0.746424560939,0.784826664371));
#1491 = CARTESIAN_POINT('',(0.742849420035,0.784826664371));
#1492 = CARTESIAN_POINT('',(0.739271863359,0.784826664371));
#1493 = CARTESIAN_POINT('',(0.73568944329,0.784826664371));
#1494 = CARTESIAN_POINT('',(0.72854895491,0.784826664371));
#1495 = CARTESIAN_POINT('',(0.724991049066,0.784826664371));
#1496 = CARTESIAN_POINT('',(0.721423531555,0.784826664371));
#1497 = CARTESIAN_POINT('',(0.717843944145,0.784826664371));
#1498 = CARTESIAN_POINT('',(0.71071322603,0.784826664371));
#1499 = CARTESIAN_POINT('',(0.707162576714,0.784826664371));
#1500 = CARTESIAN_POINT('',(0.70359519864,0.784826664371));
#1501 = CARTESIAN_POINT('',(0.700008499252,0.784826664371));
#1502 = CARTESIAN_POINT('',(0.692877300808,0.784826664371));
#1503 = CARTESIAN_POINT('',(0.689333867388,0.784826664371));
#1504 = CARTESIAN_POINT('',(0.685766682769,0.784826664371));
#1505 = CARTESIAN_POINT('',(0.682172968386,0.784826664371));
#1506 = CARTESIAN_POINT('',(0.675031386542,0.784826664371));
#1507 = CARTESIAN_POINT('',(0.671485235442,0.784826664371));
#1508 = CARTESIAN_POINT('',(0.667908299549,0.784826664371));
#1509 = CARTESIAN_POINT('',(0.664297561396,0.784826664371));
#1510 = CARTESIAN_POINT('',(0.6571541798,0.784826664371));
#1511 = CARTESIAN_POINT('',(0.653624614752,0.784826664371));
#1512 = CARTESIAN_POINT('',(0.65005786239,0.784826664371));
#1513 = CARTESIAN_POINT('',(0.646450730188,0.784826664371));
#1514 = CARTESIAN_POINT('',(0.639316196639,0.784826664371));
#1515 = CARTESIAN_POINT('',(0.635792789778,0.784826664371));
#1516 = CARTESIAN_POINT('',(0.63222615865,0.784826664371));
#1517 = CARTESIAN_POINT('',(0.628612995307,0.784826664371));
#1518 = CARTESIAN_POINT('',(0.621470946948,0.784826664371));
#1519 = CARTESIAN_POINT('',(0.617947064198,0.784826664371));
#1520 = CARTESIAN_POINT('',(0.614374661847,0.784826664371));
#1521 = CARTESIAN_POINT('',(0.610750495599,0.784826664371));
#1522 = CARTESIAN_POINT('',(0.60707100466,0.784826664371));
#1523 = ( GEOMETRIC_REPRESENTATION_CONTEXT(2) 
PARAMETRIC_REPRESENTATION_CONTEXT() REPRESENTATION_CONTEXT('2D SPACE',''
  ) );
#1524 = ADVANCED_FACE('',(#1525),#612,.T.);
#1525 = FACE_BOUND('',#1526,.T.);
#1526 = EDGE_LOOP('',(#1527,#1528,#1529,#1552));
#1527 = ORIENTED_EDGE('',*,*,#1292,.F.);
#1528 = ORIENTED_EDGE('',*,*,#502,.F.);
#1529 = ORIENTED_EDGE('',*,*,#1530,.T.);
#1530 = EDGE_CURVE('',#334,#1531,#1533,.T.);
#1531 = VERTEX_POINT('',#1532);
#1532 = CARTESIAN_POINT('',(45.,-36.53775113478,-21.));
#1533 = SURFACE_CURVE('',#1534,(#1538,#1545),.PCURVE_S1.);
#1534 = LINE('',#1535,#1536);
#1535 = CARTESIAN_POINT('',(45.,-142.,-21.));
#1536 = VECTOR('',#1537,1.);
#1537 = DIRECTION('',(0.,1.,0.));
#1538 = PCURVE('',#612,#1539);
#1539 = DEFINITIONAL_REPRESENTATION('',(#1540),#1544);
#1540 = LINE('',#1541,#1542);
#1541 = CARTESIAN_POINT('',(0.,0.));
#1542 = VECTOR('',#1543,1.);
#1543 = DIRECTION('',(0.,-1.));
#1544 = ( GEOMETRIC_REPRESENTATION_CONTEXT(2) 
PARAMETRIC_REPRESENTATION_CONTEXT() REPRESENTATION_CONTEXT('2D SPACE',''
  ) );
#1545 = PCURVE('',#443,#1546);
#1546 = DEFINITIONAL_REPRESENTATION('',(#1547),#1551);
#1547 = LINE('',#1548,#1549);
#1548 = CARTESIAN_POINT('',(90.,0.));
#1549 = VECTOR('',#1550,1.);
#1550 = DIRECTION('',(0.,1.));
#1551 = ( GEOMETRIC_REPRESENTATION_CONTEXT(2) 
PARAMETRIC_REPRESENTATION_CONTEXT() REPRESENTATION_CONTEXT('2D SPACE',''
  ) );
#1552 = ORIENTED_EDGE('',*,*,#1553,.T.);
#1553 = EDGE_CURVE('',#1531,#1293,#1554,.T.);
#1554 = SURFACE_CURVE('',#1555,(#1622,#1692),.PCURVE_S1.);
#1555 = B_SPLINE_CURVE_WITH_KNOTS('',5,(#1556,#1557,#1558,#1559,#1560,
    #1561,#1562,#1563,#1564,#1565,#1566,#1567,#1568,#1569,#1570,#1571,
    #1572,#1573,#1574,#1575,#1576,#1577,#1578,#1579,#1580,#1581,#1582,
    #1583,#1584,#1585,#1586,#1587,#1588,#1589,#1590,#1591,#1592,#1593,
    #1594,#1595,#1596,#1597,#1598,#1599,#1600,#1601,#1602,#1603,#1604,
    #1605,#1606,#1607,#1608,#1609,#1610,#1611,#1612,#1613,#1614,#1615,
    #1616,#1617,#1618,#1619,#1620,#1621),.UNSPECIFIED.,.F.,.F.,(6,4,4,4,
    4,4,4,4,4,4,4,4,4,4,4,4,6),(0.,6.548260113063E-02,0.130938170359,
    0.196222424532,0.261205154223,0.325774573971,0.389839190243,
    0.453329383456,0.515944555562,0.578174213,0.639765841446,
    0.700751550557,0.761193298486,0.821185698766,0.880860057343,
    0.940390531951,1.),.UNSPECIFIED.);
#1556 = CARTESIAN_POINT('',(45.,-36.53775113478,-21.));
#1557 = CARTESIAN_POINT('',(45.,-36.45862789115,-20.11411853407));
#1558 = CARTESIAN_POINT('',(45.,-36.37399751204,-19.22872912629));
#1559 = CARTESIAN_POINT('',(45.,-36.28408400562,-18.34385719753));
#1560 = CARTESIAN_POINT('',(45.,-36.1890905337,-17.45952317981));
#1561 = CARTESIAN_POINT('',(45.,-35.98934952597,-15.69232668667));
#1562 = CARTESIAN_POINT('',(45.,-35.88460640516,-14.80946407142));
#1563 = CARTESIAN_POINT('',(45.,-35.77515232122,-13.92717025103));
#1564 = CARTESIAN_POINT('',(45.,-35.6611523073,-13.04545777152));
#1565 = CARTESIAN_POINT('',(45.,-35.42466588852,-11.28552065277));
#1566 = CARTESIAN_POINT('',(45.,-35.30220274101,-10.40729314794));
#1567 = CARTESIAN_POINT('',(45.,-35.17551149734,-9.529663163494));
#1568 = CARTESIAN_POINT('',(45.,-35.04472440097,-8.652638583543));
#1569 = CARTESIAN_POINT('',(45.,-34.7758163448,-6.903860538328));
#1570 = CARTESIAN_POINT('',(45.,-34.63773222546,-6.03210160017));
#1571 = CARTESIAN_POINT('',(45.,-34.49582299696,-5.160955033357));
#1572 = CARTESIAN_POINT('',(45.,-34.3501922534,-4.290426416532));
#1573 = CARTESIAN_POINT('',(45.,-34.05261906321,-2.556147852729));
#1574 = CARTESIAN_POINT('',(45.,-33.90072275865,-1.692390135385));
#1575 = CARTESIAN_POINT('',(45.,-33.74533143189,-0.829252436881));
#1576 = CARTESIAN_POINT('',(45.,-33.58652312729,3.326017770505E-02));
#1577 = CARTESIAN_POINT('',(45.,-33.26347377329,1.750286560034));
#1578 = CARTESIAN_POINT('',(45.,-33.0992849503,2.604810036236));
#1579 = CARTESIAN_POINT('',(45.,-32.93186336042,3.458707763979));
#1580 = CARTESIAN_POINT('',(45.,-32.76126368127,4.311973746932));
#1581 = CARTESIAN_POINT('',(45.,-32.41535409131,6.009583577981));
#1582 = CARTESIAN_POINT('',(45.,-32.24010012493,6.85393872497));
#1583 = CARTESIAN_POINT('',(45.,-32.061811107,7.69765989019));
#1584 = CARTESIAN_POINT('',(45.,-31.88051971628,8.540738884913));
#1585 = CARTESIAN_POINT('',(45.,-31.5145165414,10.213982803481));
#1586 = CARTESIAN_POINT('',(45.,-31.32988628409,11.04416546896));
#1587 = CARTESIAN_POINT('',(45.,-31.14237905766,11.873704711049));
#1588 = CARTESIAN_POINT('',(45.,-30.95200607623,12.702589088029));
#1589 = CARTESIAN_POINT('',(45.,-30.56672017588,14.353921691373));
#1590 = CARTESIAN_POINT('',(45.,-30.37184233704,15.176378008383));
#1591 = CARTESIAN_POINT('',(45.,-30.17413569723,15.998160648372));
#1592 = CARTESIAN_POINT('',(45.,-29.97359021881,16.819253362477));
#1593 = CARTESIAN_POINT('',(45.,-29.56886499185,18.451609322717));
#1594 = CARTESIAN_POINT('',(45.,-29.36474346041,19.262886898344));
#1595 = CARTESIAN_POINT('',(45.,-29.15779993722,20.073451132825));
#1596 = CARTESIAN_POINT('',(45.,-28.94800220582,20.883279631293));
#1597 = CARTESIAN_POINT('',(45.,-28.52470256917,22.493453343506));
#1598 = CARTESIAN_POINT('',(45.,-28.31125724711,23.293813306333));
#1599 = CARTESIAN_POINT('',(45.,-28.09492745433,24.093400648967));
#1600 = CARTESIAN_POINT('',(45.,-27.87565731835,24.892185007944));
#1601 = CARTESIAN_POINT('',(45.,-27.43308098518,26.480959835457));
#1602 = CARTESIAN_POINT('',(45.,-27.20982803278,27.270964974225));
#1603 = CARTESIAN_POINT('',(45.,-26.98355188667,28.060112176693));
#1604 = CARTESIAN_POINT('',(45.,-26.75417067266,28.848360712992));
#1605 = CARTESIAN_POINT('',(45.,-26.29073392185,30.417113008101));
#1606 = CARTESIAN_POINT('',(45.,-26.05672556873,31.197630486775));
#1607 = CARTESIAN_POINT('',(45.,-25.81946825993,31.977169873733));
#1608 = CARTESIAN_POINT('',(45.,-25.5788506082,32.755676742719));
#1609 = CARTESIAN_POINT('',(45.,-25.0919320103,34.306378359179));
#1610 = CARTESIAN_POINT('',(45.,-24.84566764518,35.078584282346));
#1611 = CARTESIAN_POINT('',(45.,-24.59582497678,35.849644331208));
#1612 = CARTESIAN_POINT('',(45.,-24.34225783535,36.619485503357));
#1613 = CARTESIAN_POINT('',(45.,-23.82796307429,38.15470834421));
#1614 = CARTESIAN_POINT('',(45.,-23.56725377401,38.920095686005));
#1615 = CARTESIAN_POINT('',(45.,-23.30250744543,39.684102107238));
#1616 = CARTESIAN_POINT('',(45.,-23.033534948,40.446628451787));
#1617 = CARTESIAN_POINT('',(45.,-22.48634769846,41.969500820092));
#1618 = CARTESIAN_POINT('',(45.,-22.20812105533,42.729841870192));
#1619 = CARTESIAN_POINT('',(45.,-21.92522671018,43.488467364985));
#1620 = CARTESIAN_POINT('',(45.,-21.63742235928,44.245240646215));
#1621 = CARTESIAN_POINT('',(45.,-21.34442891905,45.));
#1622 = PCURVE('',#612,#1623);
#1623 = DEFINITIONAL_REPRESENTATION('',(#1624),#1691);
#1624 = B_SPLINE_CURVE_WITH_KNOTS('',5,(#1625,#1626,#1627,#1628,#1629,
    #1630,#1631,#1632,#1633,#1634,#1635,#1636,#1637,#1638,#1639,#1640,
    #1641,#1642,#1643,#1644,#1645,#1646,#1647,#1648,#1649,#1650,#1651,
    #1652,#1653,#1654,#1655,#1656,#1657,#1658,#1659,#1660,#1661,#1662,
    #1663,#1664,#1665,#1666,#1667,#1668,#1669,#1670,#1671,#1672,#1673,
    #1674,#1675,#1676,#1677,#1678,#1679,#1680,#1681,#1682,#1683,#1684,
    #1685,#1686,#1687,#1688,#1689,#1690),.UNSPECIFIED.,.F.,.F.,(6,4,4,4,
    4,4,4,4,4,4,4,4,4,4,4,4,6),(0.,6.548260113063E-02,0.130938170359,
    0.196222424532,0.261205154223,0.325774573971,0.389839190243,
    0.453329383456,0.515944555562,0.578174213,0.639765841446,
    0.700751550557,0.761193298486,0.821185698766,0.880860057343,
    0.940390531951,1.),.UNSPECIFIED.);
#1625 = CARTESIAN_POINT('',(0.,-105.4622488652));
#1626 = CARTESIAN_POINT('',(0.885881465921,-105.5413721088));
#1627 = CARTESIAN_POINT('',(1.771270873701,-105.6260024879));
#1628 = CARTESIAN_POINT('',(2.656142802464,-105.7159159943));
#1629 = CARTESIAN_POINT('',(3.540476820188,-105.8109094662));
#1630 = CARTESIAN_POINT('',(5.307673313328,-106.010650474));
#1631 = CARTESIAN_POINT('',(6.190535928575,-106.1153935948));
#1632 = CARTESIAN_POINT('',(7.072829748968,-106.2248476787));
#1633 = CARTESIAN_POINT('',(7.954542228474,-106.3388476926));
#1634 = CARTESIAN_POINT('',(9.71447934723,-106.5753341114));
#1635 = CARTESIAN_POINT('',(10.592706852051,-106.6977972589));
#1636 = CARTESIAN_POINT('',(11.470336836506,-106.8244885026));
#1637 = CARTESIAN_POINT('',(12.347361416457,-106.955275599));
#1638 = CARTESIAN_POINT('',(14.096139461672,-107.2241836551));
#1639 = CARTESIAN_POINT('',(14.96789839983,-107.3622677745));
#1640 = CARTESIAN_POINT('',(15.839044966643,-107.504177003));
#1641 = CARTESIAN_POINT('',(16.709573583468,-107.6498077465));
#1642 = CARTESIAN_POINT('',(18.443852147271,-107.9473809367));
#1643 = CARTESIAN_POINT('',(19.307609864615,-108.0992772413));
#1644 = CARTESIAN_POINT('',(20.170747563119,-108.2546685681));
#1645 = CARTESIAN_POINT('',(21.033260177705,-108.4134768727));
#1646 = CARTESIAN_POINT('',(22.750286560034,-108.7365262267));
#1647 = CARTESIAN_POINT('',(23.604810036236,-108.9007150496));
#1648 = CARTESIAN_POINT('',(24.458707763979,-109.0681366395));
#1649 = CARTESIAN_POINT('',(25.311973746932,-109.2387363187));
#1650 = CARTESIAN_POINT('',(27.009583577981,-109.5846459086));
#1651 = CARTESIAN_POINT('',(27.85393872497,-109.759899875));
#1652 = CARTESIAN_POINT('',(28.69765989019,-109.9381888929));
#1653 = CARTESIAN_POINT('',(29.540738884913,-110.1194802837));
#1654 = CARTESIAN_POINT('',(31.213982803481,-110.4854834585));
#1655 = CARTESIAN_POINT('',(32.04416546896,-110.6701137159));
#1656 = CARTESIAN_POINT('',(32.873704711049,-110.8576209423));
#1657 = CARTESIAN_POINT('',(33.702589088029,-111.0479939237));
#1658 = CARTESIAN_POINT('',(35.353921691373,-111.4332798241));
#1659 = CARTESIAN_POINT('',(36.176378008383,-111.6281576629));
#1660 = CARTESIAN_POINT('',(36.998160648372,-111.8258643027));
#1661 = CARTESIAN_POINT('',(37.819253362477,-112.0264097811));
#1662 = CARTESIAN_POINT('',(39.451609322717,-112.4311350081));
#1663 = CARTESIAN_POINT('',(40.262886898344,-112.6352565395));
#1664 = CARTESIAN_POINT('',(41.073451132825,-112.8422000627));
#1665 = CARTESIAN_POINT('',(41.883279631293,-113.0519977941));
#1666 = CARTESIAN_POINT('',(43.493453343506,-113.4752974308));
#1667 = CARTESIAN_POINT('',(44.293813306333,-113.6887427528));
#1668 = CARTESIAN_POINT('',(45.093400648967,-113.9050725456));
#1669 = CARTESIAN_POINT('',(45.892185007944,-114.1243426816));
#1670 = CARTESIAN_POINT('',(47.480959835457,-114.5669190148));
#1671 = CARTESIAN_POINT('',(48.270964974225,-114.7901719672));
#1672 = CARTESIAN_POINT('',(49.060112176693,-115.0164481133));
#1673 = CARTESIAN_POINT('',(49.848360712992,-115.2458293273));
#1674 = CARTESIAN_POINT('',(51.417113008101,-115.7092660781));
#1675 = CARTESIAN_POINT('',(52.197630486775,-115.9432744312));
#1676 = CARTESIAN_POINT('',(52.977169873733,-116.18053174));
#1677 = CARTESIAN_POINT('',(53.755676742719,-116.4211493918));
#1678 = CARTESIAN_POINT('',(55.306378359179,-116.9080679896));
#1679 = CARTESIAN_POINT('',(56.078584282346,-117.1543323548));
#1680 = CARTESIAN_POINT('',(56.849644331208,-117.4041750232));
#1681 = CARTESIAN_POINT('',(57.619485503357,-117.6577421646));
#1682 = CARTESIAN_POINT('',(59.15470834421,-118.1720369257));
#1683 = CARTESIAN_POINT('',(59.920095686005,-118.4327462259));
#1684 = CARTESIAN_POINT('',(60.684102107238,-118.6974925545));
#1685 = CARTESIAN_POINT('',(61.446628451787,-118.9664650519));
#1686 = CARTESIAN_POINT('',(62.969500820092,-119.5136523015));
#1687 = CARTESIAN_POINT('',(63.729841870192,-119.7918789446));
#1688 = CARTESIAN_POINT('',(64.488467364985,-120.0747732898));
#1689 = CARTESIAN_POINT('',(65.245240646215,-120.3625776407));
#1690 = CARTESIAN_POINT('',(66.,-120.6555710809));
#1691 = ( GEOMETRIC_REPRESENTATION_CONTEXT(2) 
PARAMETRIC_REPRESENTATION_CONTEXT() REPRESENTATION_CONTEXT('2D SPACE',''
  ) );
#1692 = PCURVE('',#1076,#1693);
#1693 = DEFINITIONAL_REPRESENTATION('',(#1694),#1761);
#1694 = B_SPLINE_CURVE_WITH_KNOTS('',5,(#1695,#1696,#1697,#1698,#1699,
    #1700,#1701,#1702,#1703,#1704,#1705,#1706,#1707,#1708,#1709,#1710,
    #1711,#1712,#1713,#1714,#1715,#1716,#1717,#1718,#1719,#1720,#1721,
    #1722,#1723,#1724,#1725,#1726,#1727,#1728,#1729,#1730,#1731,#1732,
    #1733,#1734,#1735,#1736,#1737,#1738,#1739,#1740,#1741,#1742,#1743,
    #1744,#1745,#1746,#1747,#1748,#1749,#1750,#1751,#1752,#1753,#1754,
    #1755,#1756,#1757,#1758,#1759,#1760),.UNSPECIFIED.,.F.,.F.,(6,4,4,4,
    4,4,4,4,4,4,4,4,4,4,4,4,6),(0.,6.548260113063E-02,0.130938170359,
    0.196222424532,0.261205154223,0.325774573971,0.389839190243,
    0.453329383456,0.515944555562,0.578174213,0.639765841446,
    0.700751550557,0.761193298486,0.821185698766,0.880860057343,
    0.940390531951,1.),.UNSPECIFIED.);
#1695 = CARTESIAN_POINT('',(0.851304282382,0.391328679178));
#1696 = CARTESIAN_POINT('',(0.851466363629,0.396251819179));
#1697 = CARTESIAN_POINT('',(0.85164029156,0.401172441774));
#1698 = CARTESIAN_POINT('',(0.851825768786,0.406091589589));
#1699 = CARTESIAN_POINT('',(0.85202255071,0.411010265135));
#1700 = CARTESIAN_POINT('',(0.852438254523,0.420846565802));
#1701 = CARTESIAN_POINT('',(0.852657166288,0.425764189908));
#1702 = CARTESIAN_POINT('',(0.852886988623,0.430683264172));
#1703 = CARTESIAN_POINT('',(0.853127572803,0.435604710254));
#1704 = CARTESIAN_POINT('',(0.853629396793,0.445441221326));
#1705 = CARTESIAN_POINT('',(0.853890580314,0.450356268768));
#1706 = CARTESIAN_POINT('',(0.854162259216,0.455275428208));
#1707 = CARTESIAN_POINT('',(0.854444366098,0.460199535631));
#1708 = CARTESIAN_POINT('',(0.85502802508,0.470036470255));
#1709 = CARTESIAN_POINT('',(0.855329481073,0.474949243907));
#1710 = CARTESIAN_POINT('',(0.85564120918,0.479868494285));
#1711 = CARTESIAN_POINT('',(0.855963213806,0.484794965954));
#1712 = CARTESIAN_POINT('',(0.856625739813,0.494632374309));
#1713 = CARTESIAN_POINT('',(0.856966130368,0.499543209735));
#1714 = CARTESIAN_POINT('',(0.857316742897,0.504462558927));
#1715 = CARTESIAN_POINT('',(0.857677648323,0.50939106713));
#1716 = CARTESIAN_POINT('',(0.858417350611,0.519228994428));
#1717 = CARTESIAN_POINT('',(0.858795985736,0.524138260517));
#1718 = CARTESIAN_POINT('',(0.859184957742,0.529057719327));
#1719 = CARTESIAN_POINT('',(0.859584402524,0.533987905916));
#1720 = CARTESIAN_POINT('',(0.860400901279,0.543826395575));
#1721 = CARTESIAN_POINT('',(0.860817765667,0.548734497211));
#1722 = CARTESIAN_POINT('',(0.86124524897,0.553654079844));
#1723 = CARTESIAN_POINT('',(0.861683554087,0.558585554018));
#1724 = CARTESIAN_POINT('',(0.862576095529,0.568404851099));
#1725 = CARTESIAN_POINT('',(0.863030029674,0.573292337335));
#1726 = CARTESIAN_POINT('',(0.863494954039,0.578192064586));
#1727 = CARTESIAN_POINT('',(0.863971140717,0.583104297936));
#1728 = CARTESIAN_POINT('',(0.864943663558,0.592923842494));
#1729 = CARTESIAN_POINT('',(0.865439858506,0.597830995895));
#1730 = CARTESIAN_POINT('',(0.865947796294,0.602750882555));
#1731 = CARTESIAN_POINT('',(0.866467834594,0.607683606975));
#1732 = CARTESIAN_POINT('',(0.867527467286,0.617524061232));
#1733 = CARTESIAN_POINT('',(0.868066807702,0.622431526584));
#1734 = CARTESIAN_POINT('',(0.868618796882,0.627351601212));
#1735 = CARTESIAN_POINT('',(0.869183889377,0.632284200112));
#1736 = CARTESIAN_POINT('',(0.870335616723,0.642125423714));
#1737 = CARTESIAN_POINT('',(0.870921986506,0.647033804391));
#1738 = CARTESIAN_POINT('',(0.87152220775,0.651954095286));
#1739 = CARTESIAN_POINT('',(0.872136852381,0.656885993025));
#1740 = CARTESIAN_POINT('',(0.87339066187,0.666728063027));
#1741 = CARTESIAN_POINT('',(0.874029561116,0.671638033973));
#1742 = CARTESIAN_POINT('',(0.874683890369,0.676558572664));
#1743 = CARTESIAN_POINT('',(0.875354367478,0.681489125));
#1744 = CARTESIAN_POINT('',(0.876724123867,0.691332141746));
#1745 = CARTESIAN_POINT('',(0.877423154548,0.696244465193));
#1746 = CARTESIAN_POINT('',(0.878139682584,0.701165286747));
#1747 = CARTESIAN_POINT('',(0.878874611727,0.706093765278));
#1748 = CARTESIAN_POINT('',(0.880379309076,0.715937867705));
#1749 = CARTESIAN_POINT('',(0.881148875349,0.720853418092));
#1750 = CARTESIAN_POINT('',(0.88193865904,0.725774562536));
#1751 = CARTESIAN_POINT('',(0.882749806992,0.730700130975));
#1752 = CARTESIAN_POINT('',(0.884415407797,0.740545525073));
#1753 = CARTESIAN_POINT('',(0.885269756182,0.745465332369));
#1754 = CARTESIAN_POINT('',(0.886147939447,0.750386848793));
#1755 = CARTESIAN_POINT('',(0.887051432197,0.755308523307));
#1756 = CARTESIAN_POINT('',(0.888913606416,0.765155198959));
#1757 = CARTESIAN_POINT('',(0.889872361868,0.770080191499));
#1758 = CARTESIAN_POINT('',(0.890859855904,0.775001809491));
#1759 = CARTESIAN_POINT('',(0.891877996027,0.779918049225));
#1760 = CARTESIAN_POINT('',(0.892928995479,0.784826664387));
#1761 = ( GEOMETRIC_REPRESENTATION_CONTEXT(2) 
PARAMETRIC_REPRESENTATION_CONTEXT() REPRESENTATION_CONTEXT('2D SPACE',''
  ) );
#1762 = ADVANCED_FACE('',(#1763),#443,.F.);
#1763 = FACE_BOUND('',#1764,.F.);
#1764 = EDGE_LOOP('',(#1765,#1766,#1767,#1768));
#1765 = ORIENTED_EDGE('',*,*,#913,.F.);
#1766 = ORIENTED_EDGE('',*,*,#333,.F.);
#1767 = ORIENTED_EDGE('',*,*,#1530,.T.);
#1768 = ORIENTED_EDGE('',*,*,#1769,.T.);
#1769 = EDGE_CURVE('',#1531,#914,#1770,.T.);
#1770 = SURFACE_CURVE('',#1771,(#1838,#1908),.PCURVE_S1.);
#1771 = B_SPLINE_CURVE_WITH_KNOTS('',5,(#1772,#1773,#1774,#1775,#1776,
    #1777,#1778,#1779,#1780,#1781,#1782,#1783,#1784,#1785,#1786,#1787,
    #1788,#1789,#1790,#1791,#1792,#1793,#1794,#1795,#1796,#1797,#1798,
    #1799,#1800,#1801,#1802,#1803,#1804,#1805,#1806,#1807,#1808,#1809,
    #1810,#1811,#1812,#1813,#1814,#1815,#1816,#1817,#1818,#1819,#1820,
    #1821,#1822,#1823,#1824,#1825,#1826,#1827,#1828,#1829,#1830,#1831,
    #1832,#1833,#1834,#1835,#1836,#1837),.UNSPECIFIED.,.F.,.F.,(6,4,4,4,
    4,4,4,4,4,4,4,4,4,4,4,4,6),(0.,5.865832752794E-02,0.118479940854,
    0.179751799446,0.242265189647,0.305793123262,0.370094273693,
    0.434916718584,0.500001544625,0.565343268307,0.630164140298,
    0.694462693846,0.757987041722,0.820495907118,0.881762366947,
    0.941577788881,1.),.UNSPECIFIED.);
#1772 = CARTESIAN_POINT('',(45.,-36.53775113478,-21.));
#1773 = CARTESIAN_POINT('',(44.009191939149,-36.97726314885,-21.));
#1774 = CARTESIAN_POINT('',(43.011451924019,-37.40114507702,-21.));
#1775 = CARTESIAN_POINT('',(42.007327996962,-37.80975518665,-21.));
#1776 = CARTESIAN_POINT('',(40.99730698173,-38.20341859074,-21.));
#1777 = CARTESIAN_POINT('',(38.946190178468,-38.96896902511,-21.));
#1778 = CARTESIAN_POINT('',(37.904877594221,-39.34026853144,-21.));
#1779 = CARTESIAN_POINT('',(36.858336038961,-39.69665208295,-21.));
#1780 = CARTESIAN_POINT('',(35.806973951595,-40.03840513663,-21.));
#1781 = CARTESIAN_POINT('',(33.669739803107,-40.70110736262,-21.));
#1782 = CARTESIAN_POINT('',(32.583650888611,-41.0213510973,-21.));
#1783 = CARTESIAN_POINT('',(31.493279048982,-41.32679709191,-21.));
#1784 = CARTESIAN_POINT('',(30.398978887081,-41.61769489347,-21.));
#1785 = CARTESIAN_POINT('',(28.180911948544,-42.1764403989,-21.));
#1786 = CARTESIAN_POINT('',(27.056999035832,-42.44370181799,-21.));
#1787 = CARTESIAN_POINT('',(25.929668699992,-42.69628473199,-21.));
#1788 = CARTESIAN_POINT('',(24.799231917416,-42.93439664078,-21.));
#1789 = CARTESIAN_POINT('',(22.514319994903,-43.38567116891,-21.));
#1790 = CARTESIAN_POINT('',(21.35975380376,-43.59836638356,-21.));
#1791 = CARTESIAN_POINT('',(20.202571086577,-43.79649247281,-21.));
#1792 = CARTESIAN_POINT('',(19.043049219693,-43.9802124835,-21.));
#1793 = CARTESIAN_POINT('',(16.705702989746,-44.32117668214,-21.));
#1794 = CARTESIAN_POINT('',(15.527828728891,-44.47807159792,-21.));
#1795 = CARTESIAN_POINT('',(14.348089290463,-44.62049024477,-21.));
#1796 = CARTESIAN_POINT('',(13.166737635742,-44.74854981219,-21.));
#1797 = CARTESIAN_POINT('',(10.791699577208,-44.97705780793,-21.));
#1798 = CARTESIAN_POINT('',(9.597991752236,-45.07727410997,-21.));
#1799 = CARTESIAN_POINT('',(8.403134498727,-45.16308609728,-21.));
#1800 = CARTESIAN_POINT('',(7.2073648819,-45.23456433062,-21.));
#1801 = CARTESIAN_POINT('',(4.80961602018,-45.34917773469,-21.));
#1802 = CARTESIAN_POINT('',(3.607632070225,-45.39219708099,-21.));
#1803 = CARTESIAN_POINT('',(2.405191919569,-45.42086051149,-21.));
#1804 = CARTESIAN_POINT('',(1.202524800713,-45.43519158273,-21.));
#1805 = CARTESIAN_POINT('',(-1.20755728297,-45.43518885631,-21.));
#1806 = CARTESIAN_POINT('',(-2.414971434575,-45.42074169139,-21.));
#1807 = CARTESIAN_POINT('',(-3.622155893097,-45.39184879943,-21.));
#1808 = CARTESIAN_POINT('',(-4.828878688623,-45.34848624702,-21.));
#1809 = CARTESIAN_POINT('',(-7.231318132962,-45.23318731776,-21.));
#1810 = CARTESIAN_POINT('',(-8.427045002318,-45.16148139331,-21.));
#1811 = CARTESIAN_POINT('',(-9.621856746,-45.07544166019,-21.));
#1812 = CARTESIAN_POINT('',(-10.81551625149,-44.97499737018,-21.));
#1813 = CARTESIAN_POINT('',(-13.19043325732,-44.74603620899,-21.));
#1814 = CARTESIAN_POINT('',(-14.3717122688,-44.6177519308,-21.));
#1815 = CARTESIAN_POINT('',(-15.5513762188,-44.47510842642,-21.));
#1816 = CARTESIAN_POINT('',(-16.72917206572,-44.31798832105,-21.));
#1817 = CARTESIAN_POINT('',(-19.06633773512,-43.976578139,-21.));
#1818 = CARTESIAN_POINT('',(-20.22575759403,-43.79263780508,-21.));
#1819 = CARTESIAN_POINT('',(-21.38283532358,-43.59429116553,-21.));
#1820 = CARTESIAN_POINT('',(-22.53729343185,-43.38137499239,-21.));
#1821 = CARTESIAN_POINT('',(-24.82196642865,-42.92966446776,-21.));
#1822 = CARTESIAN_POINT('',(-25.95227256002,-42.69133799531,-21.));
#1823 = CARTESIAN_POINT('',(-27.07946907571,-42.4385402288,-21.));
#1824 = CARTESIAN_POINT('',(-28.2032448454,-42.17106349452,-21.));
#1825 = CARTESIAN_POINT('',(-30.42101600479,-41.61189471908,-21.));
#1826 = CARTESIAN_POINT('',(-31.51515778086,-41.32078943886,-21.));
#1827 = CARTESIAN_POINT('',(-32.60536781738,-41.01513564222,-21.));
#1828 = CARTESIAN_POINT('',(-33.69129131559,-40.69468362064,-21.));
#1829 = CARTESIAN_POINT('',(-35.82817470235,-40.03157350732,-21.));
#1830 = CARTESIAN_POINT('',(-36.87935175997,-39.68962132648,-21.));
#1831 = CARTESIAN_POINT('',(-37.92570455554,-39.33303832866,-21.));
#1832 = CARTESIAN_POINT('',(-38.96682440939,-38.96153891619,-21.));
#1833 = CARTESIAN_POINT('',(-41.0135688859,-38.19707871315,-21.));
#1834 = CARTESIAN_POINT('',(-42.01945332309,-37.80482013614,-21.));
#1835 = CARTESIAN_POINT('',(-43.01948417127,-37.39773234029,-21.));
#1836 = CARTESIAN_POINT('',(-44.01318022241,-36.97549398848,-21.));
#1837 = CARTESIAN_POINT('',(-45.,-36.53775113503,-21.));
#1838 = PCURVE('',#443,#1839);
#1839 = DEFINITIONAL_REPRESENTATION('',(#1840),#1907);
#1840 = B_SPLINE_CURVE_WITH_KNOTS('',5,(#1841,#1842,#1843,#1844,#1845,
    #1846,#1847,#1848,#1849,#1850,#1851,#1852,#1853,#1854,#1855,#1856,
    #1857,#1858,#1859,#1860,#1861,#1862,#1863,#1864,#1865,#1866,#1867,
    #1868,#1869,#1870,#1871,#1872,#1873,#1874,#1875,#1876,#1877,#1878,
    #1879,#1880,#1881,#1882,#1883,#1884,#1885,#1886,#1887,#1888,#1889,
    #1890,#1891,#1892,#1893,#1894,#1895,#1896,#1897,#1898,#1899,#1900,
    #1901,#1902,#1903,#1904,#1905,#1906),.UNSPECIFIED.,.F.,.F.,(6,4,4,4,
    4,4,4,4,4,4,4,4,4,4,4,4,6),(0.,5.865832752794E-02,0.118479940854,
    0.179751799446,0.242265189647,0.305793123262,0.370094273693,
    0.434916718584,0.500001544625,0.565343268307,0.630164140298,
    0.694462693846,0.757987041722,0.820495907118,0.881762366947,
    0.941577788881,1.),.UNSPECIFIED.);
#1841 = CARTESIAN_POINT('',(90.,105.46224886521));
#1842 = CARTESIAN_POINT('',(89.009191939149,105.02273685114));
#1843 = CARTESIAN_POINT('',(88.011451924019,104.59885492297));
#1844 = CARTESIAN_POINT('',(87.007327996962,104.19024481334));
#1845 = CARTESIAN_POINT('',(85.99730698173,103.79658140925));
#1846 = CARTESIAN_POINT('',(83.946190178468,103.03103097488));
#1847 = CARTESIAN_POINT('',(82.904877594221,102.65973146855));
#1848 = CARTESIAN_POINT('',(81.858336038961,102.30334791704));
#1849 = CARTESIAN_POINT('',(80.806973951595,101.96159486336));
#1850 = CARTESIAN_POINT('',(78.669739803107,101.29889263737));
#1851 = CARTESIAN_POINT('',(77.583650888611,100.97864890269));
#1852 = CARTESIAN_POINT('',(76.493279048982,100.67320290808));
#1853 = CARTESIAN_POINT('',(75.398978887081,100.38230510652));
#1854 = CARTESIAN_POINT('',(73.180911948544,99.823559601095));
#1855 = CARTESIAN_POINT('',(72.056999035832,99.556298182002));
#1856 = CARTESIAN_POINT('',(70.929668699992,99.303715268008));
#1857 = CARTESIAN_POINT('',(69.799231917416,99.06560335922));
#1858 = CARTESIAN_POINT('',(67.514319994903,98.614328831088));
#1859 = CARTESIAN_POINT('',(66.35975380376,98.401633616437));
#1860 = CARTESIAN_POINT('',(65.202571086577,98.203507527181));
#1861 = CARTESIAN_POINT('',(64.043049219693,98.019787516496));
#1862 = CARTESIAN_POINT('',(61.705702989746,97.678823317852));
#1863 = CARTESIAN_POINT('',(60.527828728891,97.521928402079));
#1864 = CARTESIAN_POINT('',(59.348089290463,97.37950975523));
#1865 = CARTESIAN_POINT('',(58.166737635742,97.251450187808));
#1866 = CARTESIAN_POINT('',(55.791699577208,97.022942192061));
#1867 = CARTESIAN_POINT('',(54.597991752236,96.92272589003));
#1868 = CARTESIAN_POINT('',(53.403134498727,96.836913902716));
#1869 = CARTESIAN_POINT('',(52.2073648819,96.765435669377));
#1870 = CARTESIAN_POINT('',(49.80961602018,96.650822265304));
#1871 = CARTESIAN_POINT('',(48.607632070225,96.60780291901));
#1872 = CARTESIAN_POINT('',(47.405191919569,96.57913948851));
#1873 = CARTESIAN_POINT('',(46.202524800713,96.564808417269));
#1874 = CARTESIAN_POINT('',(43.79244271703,96.564811143686));
#1875 = CARTESIAN_POINT('',(42.585028565425,96.579258308602));
#1876 = CARTESIAN_POINT('',(41.377844106903,96.608151200561));
#1877 = CARTESIAN_POINT('',(40.171121311377,96.651513752971));
#1878 = CARTESIAN_POINT('',(37.768681867038,96.766812682235));
#1879 = CARTESIAN_POINT('',(36.572954997682,96.838518606685));
#1880 = CARTESIAN_POINT('',(35.378143254,96.924558339808));
#1881 = CARTESIAN_POINT('',(34.184483748505,97.025002629813));
#1882 = CARTESIAN_POINT('',(31.809566742673,97.253963791009));
#1883 = CARTESIAN_POINT('',(30.628287731191,97.382248069191));
#1884 = CARTESIAN_POINT('',(29.448623781194,97.524891573573));
#1885 = CARTESIAN_POINT('',(28.270827934273,97.682011678945));
#1886 = CARTESIAN_POINT('',(25.933662264874,98.023421860997));
#1887 = CARTESIAN_POINT('',(24.774242405968,98.207362194918));
#1888 = CARTESIAN_POINT('',(23.617164676412,98.405708834467));
#1889 = CARTESIAN_POINT('',(22.462706568142,98.618625007605));
#1890 = CARTESIAN_POINT('',(20.178033571348,99.070335532239));
#1891 = CARTESIAN_POINT('',(19.047727439976,99.308662004685));
#1892 = CARTESIAN_POINT('',(17.920530924284,99.561459771197));
#1893 = CARTESIAN_POINT('',(16.796755154591,99.828936505473));
#1894 = CARTESIAN_POINT('',(14.578983995203,100.38810528091));
#1895 = CARTESIAN_POINT('',(13.484842219131,100.67921056113));
#1896 = CARTESIAN_POINT('',(12.394632182614,100.98486435777));
#1897 = CARTESIAN_POINT('',(11.308708684406,101.30531637935));
#1898 = CARTESIAN_POINT('',(9.171825297644,101.96842649267));
#1899 = CARTESIAN_POINT('',(8.120648240023,102.31037867351));
#1900 = CARTESIAN_POINT('',(7.074295444455,102.66696167133));
#1901 = CARTESIAN_POINT('',(6.033175590601,103.0384610838));
#1902 = CARTESIAN_POINT('',(3.986431114093,103.80292128684));
#1903 = CARTESIAN_POINT('',(2.980546676902,104.19517986385));
#1904 = CARTESIAN_POINT('',(1.980515828727,104.6022676597));
#1905 = CARTESIAN_POINT('',(0.986819777583,105.02450601151));
#1906 = CARTESIAN_POINT('',(0.,105.46224886496));
#1907 = ( GEOMETRIC_REPRESENTATION_CONTEXT(2) 
PARAMETRIC_REPRESENTATION_CONTEXT() REPRESENTATION_CONTEXT('2D SPACE',''
  ) );
#1908 = PCURVE('',#1076,#1909);
#1909 = DEFINITIONAL_REPRESENTATION('',(#1910),#1977);
#1910 = B_SPLINE_CURVE_WITH_KNOTS('',5,(#1911,#1912,#1913,#1914,#1915,
    #1916,#1917,#1918,#1919,#1920,#1921,#1922,#1923,#1924,#1925,#1926,
    #1927,#1928,#1929,#1930,#1931,#1932,#1933,#1934,#1935,#1936,#1937,
    #1938,#1939,#1940,#1941,#1942,#1943,#1944,#1945,#1946,#1947,#1948,
    #1949,#1950,#1951,#1952,#1953,#1954,#1955,#1956,#1957,#1958,#1959,
    #1960,#1961,#1962,#1963,#1964,#1965,#1966,#1967,#1968,#1969,#1970,
    #1971,#1972,#1973,#1974,#1975,#1976),.UNSPECIFIED.,.F.,.F.,(6,4,4,4,
    4,4,4,4,4,4,4,4,4,4,4,4,6),(0.,5.865832752794E-02,0.118479940854,
    0.179751799446,0.242265189647,0.305793123262,0.370094273693,
    0.434916718584,0.500001544625,0.565343268307,0.630164140298,
    0.694462693846,0.757987041722,0.820495907118,0.881762366947,
    0.941577788881,1.),.UNSPECIFIED.);
#1911 = CARTESIAN_POINT('',(0.851304282839,0.391328679177));
#1912 = CARTESIAN_POINT('',(0.84871414362,0.391328679177));
#1913 = CARTESIAN_POINT('',(0.846144827263,0.391328679177));
#1914 = CARTESIAN_POINT('',(0.843595090687,0.391328679177));
#1915 = CARTESIAN_POINT('',(0.841063781463,0.391328679177));
#1916 = CARTESIAN_POINT('',(0.835985975022,0.391328679177));
#1917 = CARTESIAN_POINT('',(0.833440176981,0.391328679177));
#1918 = CARTESIAN_POINT('',(0.830911251798,0.391328679177));
#1919 = CARTESIAN_POINT('',(0.828398130555,0.391328679177));
#1920 = CARTESIAN_POINT('',(0.823340884783,0.391328679177));
#1921 = CARTESIAN_POINT('',(0.820797487914,0.391328679177));
#1922 = CARTESIAN_POINT('',(0.818268512126,0.391328679177));
#1923 = CARTESIAN_POINT('',(0.81575293017,0.391328679177));
#1924 = CARTESIAN_POINT('',(0.810695901034,0.391328679177));
#1925 = CARTESIAN_POINT('',(0.80815496228,0.391328679177));
#1926 = CARTESIAN_POINT('',(0.805625933823,0.391328679177));
#1927 = CARTESIAN_POINT('',(0.803107841083,0.391328679177));
#1928 = CARTESIAN_POINT('',(0.798050976175,0.391328679177));
#1929 = CARTESIAN_POINT('',(0.795512531148,0.391328679177));
#1930 = CARTESIAN_POINT('',(0.792983456711,0.391328679177));
#1931 = CARTESIAN_POINT('',(0.790462824267,0.391328679177));
#1932 = CARTESIAN_POINT('',(0.785406079407,0.391328679177));
#1933 = CARTESIAN_POINT('',(0.782870151429,0.391328679177));
#1934 = CARTESIAN_POINT('',(0.780341040529,0.391328679177));
#1935 = CARTESIAN_POINT('',(0.777817854569,0.391328679177));
#1936 = CARTESIAN_POINT('',(0.77276119152,0.391328679177));
#1937 = CARTESIAN_POINT('',(0.770227796249,0.391328679177));
#1938 = CARTESIAN_POINT('',(0.767698660185,0.391328679177));
#1939 = CARTESIAN_POINT('',(0.765172916356,0.391328679177));
#1940 = CARTESIAN_POINT('',(0.760116300869,0.391328679177));
#1941 = CARTESIAN_POINT('',(0.757585449245,0.391328679177));
#1942 = CARTESIAN_POINT('',(0.75505630036,0.391328679177));
#1943 = CARTESIAN_POINT('',(0.752528000062,0.391328679177));
#1944 = CARTESIAN_POINT('',(0.747461420433,0.391328679177));
#1945 = CARTESIAN_POINT('',(0.744923140504,0.391328679177));
#1946 = CARTESIAN_POINT('',(0.742384001791,0.391328679177));
#1947 = CARTESIAN_POINT('',(0.739843139959,0.391328679177));
#1948 = CARTESIAN_POINT('',(0.734776503941,0.391328679177));
#1949 = CARTESIAN_POINT('',(0.732250770343,0.391328679177));
#1950 = CARTESIAN_POINT('',(0.729721634355,0.391328679177));
#1951 = CARTESIAN_POINT('',(0.727188228929,0.391328679177));
#1952 = CARTESIAN_POINT('',(0.722131565623,0.391328679177));
#1953 = CARTESIAN_POINT('',(0.719608389892,0.391328679177));
#1954 = CARTESIAN_POINT('',(0.717079279115,0.391328679177));
#1955 = CARTESIAN_POINT('',(0.714543341034,0.391328679177));
#1956 = CARTESIAN_POINT('',(0.709486595774,0.391328679177));
#1957 = CARTESIAN_POINT('',(0.706965973523,0.391328679177));
#1958 = CARTESIAN_POINT('',(0.704436899253,0.391328679177));
#1959 = CARTESIAN_POINT('',(0.701898444198,0.391328679177));
#1960 = CARTESIAN_POINT('',(0.696841578726,0.391328679177));
#1961 = CARTESIAN_POINT('',(0.6943234961,0.391328679177));
#1962 = CARTESIAN_POINT('',(0.691794467842,0.391328679177));
#1963 = CARTESIAN_POINT('',(0.689253519174,0.391328679177));
#1964 = CARTESIAN_POINT('',(0.684196489282,0.391328679177));
#1965 = CARTESIAN_POINT('',(0.681680917284,0.391328679177));
#1966 = CARTESIAN_POINT('',(0.679151941714,0.391328679177));
#1967 = CARTESIAN_POINT('',(0.676608535107,0.391328679177));
#1968 = CARTESIAN_POINT('',(0.67155128835,0.391328679177));
#1969 = CARTESIAN_POINT('',(0.669038176795,0.391328679177));
#1970 = CARTESIAN_POINT('',(0.666509251827,0.391328679177));
#1971 = CARTESIAN_POINT('',(0.663963444318,0.391328679177));
#1972 = CARTESIAN_POINT('',(0.658895459823,0.391328679177));
#1973 = CARTESIAN_POINT('',(0.656374118224,0.391328679177));
#1974 = CARTESIAN_POINT('',(0.653834487846,0.391328679177));
#1975 = CARTESIAN_POINT('',(0.651275430395,0.391328679177));
#1976 = CARTESIAN_POINT('',(0.648695717221,0.391328679177));
#1977 = ( GEOMETRIC_REPRESENTATION_CONTEXT(2) 
PARAMETRIC_REPRESENTATION_CONTEXT() REPRESENTATION_CONTEXT('2D SPACE',''
  ) );
#1978 = ADVANCED_FACE('',(#1979),#1076,.F.);
#1979 = FACE_BOUND('',#1980,.F.);
#1980 = EDGE_LOOP('',(#1981,#1982,#1983,#1984));
#1981 = ORIENTED_EDGE('',*,*,#936,.F.);
#1982 = ORIENTED_EDGE('',*,*,#1769,.F.);
#1983 = ORIENTED_EDGE('',*,*,#1553,.T.);
#1984 = ORIENTED_EDGE('',*,*,#1315,.T.);
#1985 = ( GEOMETRIC_REPRESENTATION_CONTEXT(3) 
GLOBAL_UNCERTAINTY_ASSIGNED_CONTEXT((#1989)) 
GLOBAL_UNIT_ASSIGNED_CONTEXT((#1986,#1987,#1988)) REPRESENTATION_CONTEXT
('Context #1','3D Context with UNIT and UNCERTAINTY') );
#1986 = ( LENGTH_UNIT() NAMED_UNIT(*) SI_UNIT(.MILLI.,.METRE.) );
#1987 = ( NAMED_UNIT(*) PLANE_ANGLE_UNIT() SI_UNIT($,.RADIAN.) );
#1988 = ( NAMED_UNIT(*) SI_UNIT($,.STERADIAN.) SOLID_ANGLE_UNIT() );
#1989 = UNCERTAINTY_MEASURE_WITH_UNIT(LENGTH_MEASURE(5.E-06),#1986,
  'distance_accuracy_value','confusion accuracy');
#1990 = PRODUCT_RELATED_PRODUCT_CATEGORY('part',$,(#7));
ENDSEC;
END-ISO-10303-21;
