ISO-10303-21;
HEADER;
FILE_DESCRIPTION(('Open CASCADE Model'),'2;1');
FILE_NAME('Open CASCADE Shape Model','2026-09-05T04:29:48',('Author'),(
    'Open CASCADE'),'Open CASCADE STEP processor 7.8','Open CASCADE 7.8'
  ,'Unknown');
FILE_SCHEMA(('AUTOMOTIVE_DESIGN { 1 0 10303 214 1 1 1 1 }'));
ENDSEC;
DATA;
#1 = APPLICATION_PROTOCOL_DEFINITION('international standard',
  'automotive_design',2000,#2);
#2 = APPLICATION_CONTEXT(
  'core data for automotive mechanical design processes');
#3 = SHAPE_DEFINITION_REPRESENTATION(#4,#10);
#4 = PRODUCT_DEFINITION_SHAPE('','',#5);
#5 = PRODUCT_DEFINITION('design','',#6,#9);
#6 = PRODUCT_DEFINITION_FORMATION('','',#7);
#7 = PRODUCT('Open CASCADE STEP translator 7.8 70',
  'Open CASCADE STEP translator 7.8 70','',(#8));
#8 = PRODUCT_CONTEXT('',#2,'mechanical');
#9 = PRODUCT_DEFINITION_CONTEXT('part definition',#2,'design');
#10 = ADVANCED_BREP_SHAPE_REPRESENTATION('',(#11,#15),#3485);
#11 = AXIS2_PLACEMENT_3D('',#12,#13,#14);
#12 = CARTESIAN_POINT('',(0.,0.,0.));
#13 = DIRECTION('',(0.,0.,1.));
#14 = DIRECTION('',(1.,0.,-0.));
#15 = MANIFOLD_SOLID_BREP('',#16);
#16 = CLOSED_SHELL('',(#17,#1631,#1889,#2368,#2419,#2496,#2756,#2994,
    #3256,#3472));
#17 = ADVANCED_FACE('',(#18,#809),#57,.T.);
#18 = FACE_BOUND('',#19,.T.);
#19 = EDGE_LOOP('',(#20,#241,#273,#351));
#20 = ORIENTED_EDGE('',*,*,#21,.T.);
#21 = EDGE_CURVE('',#22,#24,#26,.T.);
#22 = VERTEX_POINT('',#23);
#23 = CARTESIAN_POINT('',(-50.69999999328,2.6645352591E-15,-79.));
#24 = VERTEX_POINT('',#25);
#25 = CARTESIAN_POINT('',(50.7,0.,-79.));
#26 = SURFACE_CURVE('',#27,(#56,#204),.PCURVE_S1.);
#27 = B_SPLINE_CURVE_WITH_KNOTS('',14,(#28,#29,#30,#31,#32,#33,#34,#35,
    #36,#37,#38,#39,#40,#41,#42,#43,#44,#45,#46,#47,#48,#49,#50,#51,#52,
    #53,#54,#55),.UNSPECIFIED.,.T.,.F.,(15,13,15),(0.,0.5,1.),
  .UNSPECIFIED.);
#28 = CARTESIAN_POINT('',(50.7,-2.378284900491E-14,-79.));
#29 = CARTESIAN_POINT('',(50.700000000002,7.001263628004,-79.));
#30 = CARTESIAN_POINT('',(47.950610471797,14.002528548168,-79.));
#31 = CARTESIAN_POINT('',(42.451829657971,20.560840552883,-79.));
#32 = CARTESIAN_POINT('',(34.409233722803,26.233270409378,-79.));
#33 = CARTESIAN_POINT('',(24.233956814865,30.616592882181,-79.));
#34 = CARTESIAN_POINT('',(12.520176838677,33.387101466991,-79.));
#35 = CARTESIAN_POINT('',(-4.545143283963E-08,34.334857985044,-79.));
#36 = CARTESIAN_POINT('',(-12.52017655897,33.387102745677,-79.));
#37 = CARTESIAN_POINT('',(-24.23395769192,30.616593159931,-79.));
#38 = CARTESIAN_POINT('',(-34.4092323811,26.233267352182,-79.));
#39 = CARTESIAN_POINT('',(-42.45183062935,20.560844001535,-79.));
#40 = CARTESIAN_POINT('',(-47.9506102053,14.002527163489,-79.));
#41 = CARTESIAN_POINT('',(-50.69999999328,7.001263581745,-79.));
#42 = CARTESIAN_POINT('',(-50.69999999328,-7.001263581745,-79.));
#43 = CARTESIAN_POINT('',(-47.9506102053,-14.00252716348,-79.));
#44 = CARTESIAN_POINT('',(-42.45183062935,-20.56084400153,-79.));
#45 = CARTESIAN_POINT('',(-34.4092323811,-26.23326735218,-79.));
#46 = CARTESIAN_POINT('',(-24.23395769192,-30.61659315993,-79.));
#47 = CARTESIAN_POINT('',(-12.52017655897,-33.38710274567,-79.));
#48 = CARTESIAN_POINT('',(-4.545145948498E-08,-34.33485798504,-79.));
#49 = CARTESIAN_POINT('',(12.520176838677,-33.38710146699,-79.));
#50 = CARTESIAN_POINT('',(24.233956814865,-30.61659288218,-79.));
#51 = CARTESIAN_POINT('',(34.409233722802,-26.23327040937,-79.));
#52 = CARTESIAN_POINT('',(42.451829657971,-20.56084055288,-79.));
#53 = CARTESIAN_POINT('',(47.950610471797,-14.00252854817,-79.));
#54 = CARTESIAN_POINT('',(50.700000000001,-7.001263627999,-79.));
#55 = CARTESIAN_POINT('',(50.7,1.884971485313E-14,-79.));
#56 = PCURVE('',#57,#198);
#57 = ( BOUNDED_SURFACE() B_SPLINE_SURFACE(14,4,(
    (#58,#59,#60,#61,#62)
    ,(#63,#64,#65,#66,#67)
    ,(#68,#69,#70,#71,#72)
    ,(#73,#74,#75,#76,#77)
    ,(#78,#79,#80,#81,#82)
    ,(#83,#84,#85,#86,#87)
    ,(#88,#89,#90,#91,#92)
    ,(#93,#94,#95,#96,#97)
    ,(#98,#99,#100,#101,#102)
    ,(#103,#104,#105,#106,#107)
    ,(#108,#109,#110,#111,#112)
    ,(#113,#114,#115,#116,#117)
    ,(#118,#119,#120,#121,#122)
    ,(#123,#124,#125,#126,#127)
    ,(#128,#129,#130,#131,#132)
    ,(#133,#134,#135,#136,#137)
    ,(#138,#139,#140,#141,#142)
    ,(#143,#144,#145,#146,#147)
    ,(#148,#149,#150,#151,#152)
    ,(#153,#154,#155,#156,#157)
    ,(#158,#159,#160,#161,#162)
    ,(#163,#164,#165,#166,#167)
    ,(#168,#169,#170,#171,#172)
    ,(#173,#174,#175,#176,#177)
    ,(#178,#179,#180,#181,#182)
    ,(#183,#184,#185,#186,#187)
    ,(#188,#189,#190,#191,#192)
    ,(#193,#194,#195,#196,#197
)),.UNSPECIFIED.,.T.,.F.,.F.) B_SPLINE_SURFACE_WITH_KNOTS((15,13,15),(5,
5),(0.,0.5,1.),(0.,1.),.UNSPECIFIED.) GEOMETRIC_REPRESENTATION_ITEM() 
RATIONAL_B_SPLINE_SURFACE((
    (1.,1.,1.,1.,1.)
    ,(1.,1.,1.,1.,1.)
    ,(1.,1.,1.,1.,1.)
    ,(1.,1.,1.,1.,1.)
    ,(1.,1.,1.,1.,1.)
    ,(1.,1.,1.,1.,1.)
    ,(1.,1.,1.,1.,1.)
    ,(1.,1.,1.,1.,1.)
    ,(1.,1.,1.,1.,1.)
    ,(1.,1.,1.,1.,1.)
    ,(1.,1.,1.,1.,1.)
    ,(1.,1.,1.,1.,1.)
    ,(1.,1.,1.,1.,1.)
    ,(1.,1.,1.,1.,1.)
    ,(1.,1.,1.,1.,1.)
    ,(1.,1.,1.,1.,1.)
    ,(1.,1.,1.,1.,1.)
    ,(1.,1.,1.,1.,1.)
    ,(1.,1.,1.,1.,1.)
    ,(1.,1.,1.,1.,1.)
    ,(1.,1.,1.,1.,1.)
    ,(1.,1.,1.,1.,1.)
    ,(1.,1.,1.,1.,1.)
    ,(1.,1.,1.,1.,1.)
    ,(1.,1.,1.,1.,1.)
    ,(1.,1.,1.,1.,1.)
    ,(1.,1.,1.,1.,1.)
,(1.,1.,1.,1.,1.))) REPRESENTATION_ITEM('') SURFACE() );
#58 = CARTESIAN_POINT('',(50.7,-2.378284900491E-14,-79.));
#59 = CARTESIAN_POINT('',(106.36295465353,3.149833595782E-14,
    -60.38600670167));
#60 = CARTESIAN_POINT('',(67.643539526265,-3.005580529445E-15,
    11.819560429981));
#61 = CARTESIAN_POINT('',(69.590303867109,-1.109481613876E-16,
    36.202871503505));
#62 = CARTESIAN_POINT('',(43.68,1.808726833845E-14,79.));
#63 = CARTESIAN_POINT('',(50.700000000002,7.001263628004,-79.));
#64 = CARTESIAN_POINT('',(106.36295465352,14.687871514434,
    -60.38600670167));
#65 = CARTESIAN_POINT('',(67.643539526272,9.341030630273,11.819560429981
    ));
#66 = CARTESIAN_POINT('',(69.590303867097,9.609863181967,36.202871503505
    ));
#67 = CARTESIAN_POINT('',(43.680000000006,6.031857894897,79.));
#68 = CARTESIAN_POINT('',(47.950610471797,14.002528548168,-79.));
#69 = CARTESIAN_POINT('',(100.59504028909,29.37573904204,-60.38600670167
    ));
#70 = CARTESIAN_POINT('',(63.975325945353,18.682064091635,
    11.819560429981));
#71 = CARTESIAN_POINT('',(65.816518866262,19.219723279914,
    36.202871503505));
#72 = CARTESIAN_POINT('',(41.311295175696,12.063716903036,79.));
#73 = CARTESIAN_POINT('',(42.451829657971,20.560840552883,-79.));
#74 = CARTESIAN_POINT('',(89.059216640006,43.134374887423,
    -60.38600670167));
#75 = CARTESIAN_POINT('',(56.638894989723,27.432107616839,
    11.819560429981));
#76 = CARTESIAN_POINT('',(58.268952810566,28.221615528866,
    36.202871503505));
#77 = CARTESIAN_POINT('',(36.573884013024,17.713954937869,79.));
#78 = CARTESIAN_POINT('',(34.409233722803,26.233270409378,-79.));
#79 = CARTESIAN_POINT('',(72.186732315778,55.034455367865,
    -60.38600670167));
#80 = CARTESIAN_POINT('',(45.908529265261,35.000226286866,
    11.819560429981));
#81 = CARTESIAN_POINT('',(47.22975765568,36.00750182648,36.202871503505)
  );
#82 = CARTESIAN_POINT('',(29.644878284261,22.600971429618,79.));
#83 = CARTESIAN_POINT('',(24.233956814865,30.616592882181,-79.));
#84 = CARTESIAN_POINT('',(50.840151335629,64.230211501057,
    -60.38600670167));
#85 = CARTESIAN_POINT('',(32.33275238212,40.848414942876,11.819560429981
    ));
#86 = CARTESIAN_POINT('',(33.263288469379,42.024030042362,
    36.202871503505));
#87 = CARTESIAN_POINT('',(20.878485871268,26.377372329263,79.));
#88 = CARTESIAN_POINT('',(12.520176838677,33.387101466991,-79.));
#89 = CARTESIAN_POINT('',(26.265932423362,70.042430423616,
    -60.38600670167));
#90 = CARTESIAN_POINT('',(16.70432178432,44.544805546269,11.819560429981
    ));
#91 = CARTESIAN_POINT('',(17.185064017485,45.826802213552,
    36.202871503505));
#92 = CARTESIAN_POINT('',(10.786613891783,28.7642720331,79.));
#93 = CARTESIAN_POINT('',(-4.545143283963E-08,34.334857985044,-79.));
#94 = CARTESIAN_POINT('',(8.2339239483E-08,72.030696737145,
    -60.38600670167));
#95 = CARTESIAN_POINT('',(-9.001344207257E-08,45.809298332287,
    11.819560429981));
#96 = CARTESIAN_POINT('',(6.648832209503E-08,47.127667691462,
    36.202871503505));
#97 = CARTESIAN_POINT('',(-3.915803770127E-08,29.580800725577,79.));
#98 = CARTESIAN_POINT('',(-12.52017655897,33.387102745677,-79.));
#99 = CARTESIAN_POINT('',(-26.26593293007,70.042428107159,
    -60.38600670167));
#100 = CARTESIAN_POINT('',(-16.70432123038,44.544808078605,
    11.819560429981));
#101 = CARTESIAN_POINT('',(-17.18506442665,45.826800343012,
    36.202871503505));
#102 = CARTESIAN_POINT('',(-10.7866136508,28.764273134737,79.));
#103 = CARTESIAN_POINT('',(-24.23395769192,30.616593159931,-79.));
#104 = CARTESIAN_POINT('',(-50.84014974674,64.230210997876,
    -60.38600670167));
#105 = CARTESIAN_POINT('',(-32.33275411906,40.848415492933,
    11.819560429981));
#106 = CARTESIAN_POINT('',(-33.26328718635,42.024029636047,
    36.202871503505));
#107 = CARTESIAN_POINT('',(-20.87848662688,26.377372568556,79.));
#108 = CARTESIAN_POINT('',(-34.4092323811,26.233267352182,-79.));
#109 = CARTESIAN_POINT('',(-72.18673474639,55.034460906277,
    -60.38600670167));
#110 = CARTESIAN_POINT('',(-45.90852660814,35.000220232342,
    11.819560429981));
#111 = CARTESIAN_POINT('',(-47.2297596184,36.007506298744,
    36.202871503505));
#112 = CARTESIAN_POINT('',(-29.64487712833,22.600968795726,79.));
#113 = CARTESIAN_POINT('',(-42.45183062935,20.560844001535,-79.));
#114 = CARTESIAN_POINT('',(-89.05921488025,43.134368639861,
    -60.38600670167));
#115 = CARTESIAN_POINT('',(-56.63889691346,27.432114446613,
    11.819560429981));
#116 = CARTESIAN_POINT('',(-58.26895138957,28.221610483961,
    36.202871503505));
#117 = CARTESIAN_POINT('',(-36.5738848499,17.713957909015,79.));
#118 = CARTESIAN_POINT('',(-47.9506102053,14.002527163489,-79.));
#119 = CARTESIAN_POINT('',(-100.5950407718,29.375741550509,
    -60.38600670167));
#120 = CARTESIAN_POINT('',(-63.97532541759,18.682061349388,
    11.819560429981));
#121 = CARTESIAN_POINT('',(-65.81651925609,19.219725305504,
    36.202871503505));
#122 = CARTESIAN_POINT('',(-41.3112949461,12.063715710083,79.));
#123 = CARTESIAN_POINT('',(-50.69999999328,7.001263581745,-79.));
#124 = CARTESIAN_POINT('',(-106.3629546657,14.687871598244,
    -60.38600670167));
#125 = CARTESIAN_POINT('',(-67.64353951296,9.341030538661,
    11.819560429981));
#126 = CARTESIAN_POINT('',(-69.59030387693,9.609863249643,
    36.202871503505));
#127 = CARTESIAN_POINT('',(-43.67999999421,6.031857855042,79.));
#128 = CARTESIAN_POINT('',(-50.69999999328,-7.001263581745,-79.));
#129 = CARTESIAN_POINT('',(-106.3629546657,-14.68787159824,
    -60.38600670167));
#130 = CARTESIAN_POINT('',(-67.64353951295,-9.34103053866,
    11.819560429981));
#131 = CARTESIAN_POINT('',(-69.59030387694,-9.609863249643,
    36.202871503505));
#132 = CARTESIAN_POINT('',(-43.67999999421,-6.031857855042,79.));
#133 = CARTESIAN_POINT('',(-47.9506102053,-14.00252716348,-79.));
#134 = CARTESIAN_POINT('',(-100.5950407718,-29.37574155051,
    -60.38600670167));
#135 = CARTESIAN_POINT('',(-63.9753254176,-18.68206134939,
    11.819560429981));
#136 = CARTESIAN_POINT('',(-65.81651925607,-19.2197253055,
    36.202871503505));
#137 = CARTESIAN_POINT('',(-41.3112949461,-12.06371571008,79.));
#138 = CARTESIAN_POINT('',(-42.45183062935,-20.56084400153,-79.));
#139 = CARTESIAN_POINT('',(-89.05921488027,-43.13436863984,
    -60.38600670167));
#140 = CARTESIAN_POINT('',(-56.63889691344,-27.43211444661,
    11.819560429981));
#141 = CARTESIAN_POINT('',(-58.26895138958,-28.22161048395,
    36.202871503505));
#142 = CARTESIAN_POINT('',(-36.5738848499,-17.71395790901,79.));
#143 = CARTESIAN_POINT('',(-34.4092323811,-26.23326735218,-79.));
#144 = CARTESIAN_POINT('',(-72.18673474638,-55.03446090628,
    -60.38600670167));
#145 = CARTESIAN_POINT('',(-45.90852660815,-35.00022023234,
    11.819560429981));
#146 = CARTESIAN_POINT('',(-47.22975961839,-36.00750629875,
    36.202871503505));
#147 = CARTESIAN_POINT('',(-29.64487712833,-22.60096879572,79.));
#148 = CARTESIAN_POINT('',(-24.23395769192,-30.61659315993,-79.));
#149 = CARTESIAN_POINT('',(-50.84014974673,-64.23021099788,
    -60.38600670167));
#150 = CARTESIAN_POINT('',(-32.33275411906,-40.84841549293,
    11.819560429981));
#151 = CARTESIAN_POINT('',(-33.26328718635,-42.02402963604,
    36.202871503505));
#152 = CARTESIAN_POINT('',(-20.87848662688,-26.37737256855,79.));
#153 = CARTESIAN_POINT('',(-12.52017655897,-33.38710274567,-79.));
#154 = CARTESIAN_POINT('',(-26.26593293009,-70.04242810714,
    -60.38600670167));
#155 = CARTESIAN_POINT('',(-16.70432123037,-44.5448080786,
    11.819560429981));
#156 = CARTESIAN_POINT('',(-17.18506442666,-45.826800343,36.202871503505
    ));
#157 = CARTESIAN_POINT('',(-10.7866136508,-28.76427313473,79.));
#158 = CARTESIAN_POINT('',(-4.545145948498E-08,-34.33485798504,-79.));
#159 = CARTESIAN_POINT('',(8.233929558531E-08,-72.03069673714,
    -60.38600670167));
#160 = CARTESIAN_POINT('',(-9.001197319802E-08,-45.80929833228,
    11.819560429981));
#161 = CARTESIAN_POINT('',(6.648873279585E-08,-47.12766769146,
    36.202871503505));
#162 = CARTESIAN_POINT('',(-3.915802704313E-08,-29.58080072557,79.));
#163 = CARTESIAN_POINT('',(12.520176838677,-33.38710146699,-79.));
#164 = CARTESIAN_POINT('',(26.265932423376,-70.04243042362,
    -60.38600670167));
#165 = CARTESIAN_POINT('',(16.704321784311,-44.54480554627,
    11.819560429981));
#166 = CARTESIAN_POINT('',(17.185064017495,-45.82680221355,
    36.202871503505));
#167 = CARTESIAN_POINT('',(10.786613891783,-28.7642720331,79.));
#168 = CARTESIAN_POINT('',(24.233956814865,-30.61659288218,-79.));
#169 = CARTESIAN_POINT('',(50.840151335619,-64.23021150104,
    -60.38600670167));
#170 = CARTESIAN_POINT('',(32.332752382123,-40.84841494287,
    11.819560429981));
#171 = CARTESIAN_POINT('',(33.263288469372,-42.02403004235,
    36.202871503505));
#172 = CARTESIAN_POINT('',(20.878485871268,-26.37737232926,79.));
#173 = CARTESIAN_POINT('',(34.409233722802,-26.23327040937,-79.));
#174 = CARTESIAN_POINT('',(72.186732315767,-55.03445536785,
    -60.38600670167));
#175 = CARTESIAN_POINT('',(45.908529265269,-35.00022628686,
    11.819560429981));
#176 = CARTESIAN_POINT('',(47.229757655673,-36.00750182647,
    36.202871503505));
#177 = CARTESIAN_POINT('',(29.644878284261,-22.60097142961,79.));
#178 = CARTESIAN_POINT('',(42.451829657971,-20.56084055288,-79.));
#179 = CARTESIAN_POINT('',(89.059216640033,-43.13437488744,
    -60.38600670167));
#180 = CARTESIAN_POINT('',(56.638894989712,-27.43210761683,
    11.819560429981));
#181 = CARTESIAN_POINT('',(58.268952810585,-28.22161552888,
    36.202871503505));
#182 = CARTESIAN_POINT('',(36.573884013024,-17.71395493786,79.));
#183 = CARTESIAN_POINT('',(47.950610471797,-14.00252854817,-79.));
#184 = CARTESIAN_POINT('',(100.59504028907,-29.375739042,-60.38600670167
    ));
#185 = CARTESIAN_POINT('',(63.97532594536,-18.68206409165,
    11.819560429981));
#186 = CARTESIAN_POINT('',(65.816518866246,-19.21972327988,
    36.202871503505));
#187 = CARTESIAN_POINT('',(41.311295175696,-12.06371690304,79.));
#188 = CARTESIAN_POINT('',(50.700000000001,-7.001263627999,-79.));
#189 = CARTESIAN_POINT('',(106.36295465353,-14.68787151445,
    -60.38600670167));
#190 = CARTESIAN_POINT('',(67.643539526269,-9.34103063026,
    11.819560429981));
#191 = CARTESIAN_POINT('',(69.590303867103,-9.609863181984,
    36.202871503505));
#192 = CARTESIAN_POINT('',(43.680000000005,-6.031857894889,79.));
#193 = CARTESIAN_POINT('',(50.7,1.884971485313E-14,-79.));
#194 = CARTESIAN_POINT('',(106.36295465353,-6.627232139804E-14,
    -60.38600670167));
#195 = CARTESIAN_POINT('',(67.643539526265,5.053232185761E-14,
    11.819560429981));
#196 = CARTESIAN_POINT('',(69.590303867109,-4.5458900485E-14,
    36.202871503505));
#197 = CARTESIAN_POINT('',(43.68,-2.45452960549E-14,79.));
#198 = DEFINITIONAL_REPRESENTATION('',(#199),#203);
#199 = LINE('',#200,#201);
#200 = CARTESIAN_POINT('',(0.,0.));
#201 = VECTOR('',#202,1.);
#202 = DIRECTION('',(1.,0.));
#203 = ( GEOMETRIC_REPRESENTATION_CONTEXT(2) 
PARAMETRIC_REPRESENTATION_CONTEXT() REPRESENTATION_CONTEXT('2D SPACE',''
  ) );
#204 = PCURVE('',#205,#210);
#205 = PLANE('',#206);
#206 = AXIS2_PLACEMENT_3D('',#207,#208,#209);
#207 = CARTESIAN_POINT('',(50.7,-2.378284900491E-14,-79.));
#208 = DIRECTION('',(0.,0.,1.));
#209 = DIRECTION('',(-0.999358291149,3.58190718909E-02,0.));
#210 = DEFINITIONAL_REPRESENTATION('',(#211),#240);
#211 = B_SPLINE_CURVE_WITH_KNOTS('',14,(#212,#213,#214,#215,#216,#217,
    #218,#219,#220,#221,#222,#223,#224,#225,#226,#227,#228,#229,#230,
    #231,#232,#233,#234,#235,#236,#237,#238,#239),.UNSPECIFIED.,.F.,.F.,
  (15,13,15),(0.,0.5,1.),.UNSPECIFIED.);
#212 = CARTESIAN_POINT('',(0.,0.));
#213 = CARTESIAN_POINT('',(0.250778765217,-6.996770855168));
#214 = CARTESIAN_POINT('',(3.24918279733,-13.8950624205));
#215 = CARTESIAN_POINT('',(8.979347644019,-20.25220467307));
#216 = CARTESIAN_POINT('',(17.21996374702,-25.63291615913));
#217 = CARTESIAN_POINT('',(27.545717632482,-29.64895684003));
#218 = CARTESIAN_POINT('',(39.351217818557,-31.99811083788));
#219 = CARTESIAN_POINT('',(51.897308153222,-32.49679805629));
#220 = CARTESIAN_POINT('',(64.375502645607,-31.10118989722));
#221 = CARTESIAN_POINT('',(75.982529859506,-27.91288140348));
#222 = CARTESIAN_POINT('',(85.994268322633,-23.1678995191));
#223 = CARTESIAN_POINT('',(93.82852462461,-17.21103780788));
#224 = CARTESIAN_POINT('',(99.088862762734,-10.45996831885));
#225 = CARTESIAN_POINT('',(101.58570947938,-3.364716919442));
#226 = CARTESIAN_POINT('',(101.08415195226,10.628824698434));
#227 = CARTESIAN_POINT('',(98.085747708488,17.527114916901));
#228 = CARTESIAN_POINT('',(92.355583925753,23.884262044043));
#229 = CARTESIAN_POINT('',(84.114965744191,29.264966945578));
#230 = CARTESIAN_POINT('',(73.789213956607,33.281011038759));
#231 = CARTESIAN_POINT('',(61.983712578655,35.630165995467));
#232 = CARTESIAN_POINT('',(49.437622660162,36.128851949285));
#233 = CARTESIAN_POINT('',(36.959427843208,34.733242499078));
#234 = CARTESIAN_POINT('',(25.352401749479,31.544935047067));
#235 = CARTESIAN_POINT('',(15.340660949566,26.799956416014));
#236 = CARTESIAN_POINT('',(7.506407192217,20.84308828597));
#237 = CARTESIAN_POINT('',(2.246067643887,14.092023582841));
#238 = CARTESIAN_POINT('',(-0.25077876522,6.996770855162));
#239 = CARTESIAN_POINT('',(4.973799150321E-14,-4.085620730621E-14));
#240 = ( GEOMETRIC_REPRESENTATION_CONTEXT(2) 
PARAMETRIC_REPRESENTATION_CONTEXT() REPRESENTATION_CONTEXT('2D SPACE',''
  ) );
#241 = ORIENTED_EDGE('',*,*,#242,.T.);
#242 = EDGE_CURVE('',#24,#243,#245,.T.);
#243 = VERTEX_POINT('',#244);
#244 = CARTESIAN_POINT('',(43.68,0.,79.));
#245 = SURFACE_CURVE('',#246,(#252,#259),.PCURVE_S1.);
#246 = ( BOUNDED_CURVE() B_SPLINE_CURVE(4,(#247,#248,#249,#250,#251),
.UNSPECIFIED.,.F.,.F.) B_SPLINE_CURVE_WITH_KNOTS((5,5),(0.,1.),
.PIECEWISE_BEZIER_KNOTS.) CURVE() GEOMETRIC_REPRESENTATION_ITEM() 
RATIONAL_B_SPLINE_CURVE((1.,1.,1.,1.,1.)) REPRESENTATION_ITEM('') );
#247 = CARTESIAN_POINT('',(50.7,-2.378284900491E-14,-79.));
#248 = CARTESIAN_POINT('',(106.36295465353,3.149833595782E-14,
    -60.38600670167));
#249 = CARTESIAN_POINT('',(67.643539526265,-3.005580529445E-15,
    11.819560429981));
#250 = CARTESIAN_POINT('',(69.590303867109,-1.109481613876E-16,
    36.202871503505));
#251 = CARTESIAN_POINT('',(43.68,1.808726833845E-14,79.));
#252 = PCURVE('',#57,#253);
#253 = DEFINITIONAL_REPRESENTATION('',(#254),#258);
#254 = LINE('',#255,#256);
#255 = CARTESIAN_POINT('',(1.,0.));
#256 = VECTOR('',#257,1.);
#257 = DIRECTION('',(0.,1.));
#258 = ( GEOMETRIC_REPRESENTATION_CONTEXT(2) 
PARAMETRIC_REPRESENTATION_CONTEXT() REPRESENTATION_CONTEXT('2D SPACE',''
  ) );
#259 = PCURVE('',#260,#265);
#260 = PLANE('',#261);
#261 = AXIS2_PLACEMENT_3D('',#262,#263,#264);
#262 = CARTESIAN_POINT('',(-156.,0.,-94.8));
#263 = DIRECTION('',(0.,1.,0.));
#264 = DIRECTION('',(0.,0.,1.));
#265 = DEFINITIONAL_REPRESENTATION('',(#266),#272);
#266 = ( BOUNDED_CURVE() B_SPLINE_CURVE(4,(#267,#268,#269,#270,#271),
.UNSPECIFIED.,.F.,.F.) B_SPLINE_CURVE_WITH_KNOTS((5,5),(0.,1.),
.PIECEWISE_BEZIER_KNOTS.) CURVE() GEOMETRIC_REPRESENTATION_ITEM() 
RATIONAL_B_SPLINE_CURVE((1.,1.,1.,1.,1.)) REPRESENTATION_ITEM('') );
#267 = CARTESIAN_POINT('',(15.8,206.7));
#268 = CARTESIAN_POINT('',(34.413993298327,262.36295465353));
#269 = CARTESIAN_POINT('',(106.61956042998,223.64353952626));
#270 = CARTESIAN_POINT('',(131.0028715035,225.5903038671));
#271 = CARTESIAN_POINT('',(173.8,199.68));
#272 = ( GEOMETRIC_REPRESENTATION_CONTEXT(2) 
PARAMETRIC_REPRESENTATION_CONTEXT() REPRESENTATION_CONTEXT('2D SPACE',''
  ) );
#273 = ORIENTED_EDGE('',*,*,#274,.F.);
#274 = EDGE_CURVE('',#275,#243,#277,.T.);
#275 = VERTEX_POINT('',#276);
#276 = CARTESIAN_POINT('',(-43.67999999421,6.217248937901E-15,79.));
#277 = SURFACE_CURVE('',#278,(#307,#314),.PCURVE_S1.);
#278 = B_SPLINE_CURVE_WITH_KNOTS('',14,(#279,#280,#281,#282,#283,#284,
    #285,#286,#287,#288,#289,#290,#291,#292,#293,#294,#295,#296,#297,
    #298,#299,#300,#301,#302,#303,#304,#305,#306),.UNSPECIFIED.,.T.,.F.,
  (15,13,15),(0.,0.5,1.),.UNSPECIFIED.);
#279 = CARTESIAN_POINT('',(43.68,1.808726833845E-14,79.));
#280 = CARTESIAN_POINT('',(43.680000000006,6.031857894897,79.));
#281 = CARTESIAN_POINT('',(41.311295175696,12.063716903036,79.));
#282 = CARTESIAN_POINT('',(36.573884013024,17.713954937869,79.));
#283 = CARTESIAN_POINT('',(29.644878284261,22.600971429618,79.));
#284 = CARTESIAN_POINT('',(20.878485871268,26.377372329263,79.));
#285 = CARTESIAN_POINT('',(10.786613891783,28.7642720331,79.));
#286 = CARTESIAN_POINT('',(-3.915803770127E-08,29.580800725577,79.));
#287 = CARTESIAN_POINT('',(-10.7866136508,28.764273134737,79.));
#288 = CARTESIAN_POINT('',(-20.87848662688,26.377372568556,79.));
#289 = CARTESIAN_POINT('',(-29.64487712833,22.600968795726,79.));
#290 = CARTESIAN_POINT('',(-36.5738848499,17.713957909015,79.));
#291 = CARTESIAN_POINT('',(-41.3112949461,12.063715710083,79.));
#292 = CARTESIAN_POINT('',(-43.67999999421,6.031857855042,79.));
#293 = CARTESIAN_POINT('',(-43.67999999421,-6.031857855042,79.));
#294 = CARTESIAN_POINT('',(-41.3112949461,-12.06371571008,79.));
#295 = CARTESIAN_POINT('',(-36.5738848499,-17.71395790901,79.));
#296 = CARTESIAN_POINT('',(-29.64487712833,-22.60096879572,79.));
#297 = CARTESIAN_POINT('',(-20.87848662688,-26.37737256855,79.));
#298 = CARTESIAN_POINT('',(-10.7866136508,-28.76427313473,79.));
#299 = CARTESIAN_POINT('',(-3.915802704313E-08,-29.58080072557,79.));
#300 = CARTESIAN_POINT('',(10.786613891783,-28.7642720331,79.));
#301 = CARTESIAN_POINT('',(20.878485871268,-26.37737232926,79.));
#302 = CARTESIAN_POINT('',(29.644878284261,-22.60097142961,79.));
#303 = CARTESIAN_POINT('',(36.573884013024,-17.71395493786,79.));
#304 = CARTESIAN_POINT('',(41.311295175696,-12.06371690304,79.));
#305 = CARTESIAN_POINT('',(43.680000000005,-6.031857894889,79.));
#306 = CARTESIAN_POINT('',(43.68,-2.45452960549E-14,79.));
#307 = PCURVE('',#57,#308);
#308 = DEFINITIONAL_REPRESENTATION('',(#309),#313);
#309 = LINE('',#310,#311);
#310 = CARTESIAN_POINT('',(0.,1.));
#311 = VECTOR('',#312,1.);
#312 = DIRECTION('',(1.,0.));
#313 = ( GEOMETRIC_REPRESENTATION_CONTEXT(2) 
PARAMETRIC_REPRESENTATION_CONTEXT() REPRESENTATION_CONTEXT('2D SPACE',''
  ) );
#314 = PCURVE('',#315,#320);
#315 = PLANE('',#316);
#316 = AXIS2_PLACEMENT_3D('',#317,#318,#319);
#317 = CARTESIAN_POINT('',(43.68,1.808726833845E-14,79.));
#318 = DIRECTION('',(0.,0.,1.));
#319 = DIRECTION('',(-0.999358291149,3.58190718909E-02,0.));
#320 = DEFINITIONAL_REPRESENTATION('',(#321),#350);
#321 = B_SPLINE_CURVE_WITH_KNOTS('',14,(#322,#323,#324,#325,#326,#327,
    #328,#329,#330,#331,#332,#333,#334,#335,#336,#337,#338,#339,#340,
    #341,#342,#343,#344,#345,#346,#347,#348,#349),.UNSPECIFIED.,.F.,.F.,
  (15,13,15),(0.,0.5,1.),.UNSPECIFIED.);
#322 = CARTESIAN_POINT('',(0.,0.));
#323 = CARTESIAN_POINT('',(0.216055551567,-6.0279871983));
#324 = CARTESIAN_POINT('',(2.799295948475,-11.97113070073));
#325 = CARTESIAN_POINT('',(7.736053354845,-17.4480532568));
#326 = CARTESIAN_POINT('',(14.835661074355,-22.08374315248));
#327 = CARTESIAN_POINT('',(23.731695191062,-25.54371666218));
#328 = CARTESIAN_POINT('',(33.902587659065,-27.5676031834));
#329 = CARTESIAN_POINT('',(44.711527024315,-27.99724140234));
#330 = CARTESIAN_POINT('',(55.461971510061,-26.79487129607));
#331 = CARTESIAN_POINT('',(65.461871878959,-24.04802090146));
#332 = CARTESIAN_POINT('',(74.087369631807,-19.96003650876));
#333 = CARTESIAN_POINT('',(80.83688275351,-14.82797103448));
#334 = CARTESIAN_POINT('',(85.368866380202,-9.011665013165));
#335 = CARTESIAN_POINT('',(87.519995859165,-2.898833038289));
#336 = CARTESIAN_POINT('',(87.087884758874,9.157141278651));
#337 = CARTESIAN_POINT('',(84.50464417962,15.100283620715));
#338 = CARTESIAN_POINT('',(79.567887689879,20.577210376406));
#339 = CARTESIAN_POINT('',(72.468278179611,25.212894599267));
#340 = CARTESIAN_POINT('',(63.572245870307,28.672871048777));
#341 = CARTESIAN_POINT('',(53.401352375456,30.696758396094));
#342 = CARTESIAN_POINT('',(42.592413368755,31.126395525538));
#343 = CARTESIAN_POINT('',(31.841968603379,29.924024306898));
#344 = CARTESIAN_POINT('',(21.842069199552,27.177174809781));
#345 = CARTESIAN_POINT('',(13.216569433472,23.08919321995));
#346 = CARTESIAN_POINT('',(6.467058504062,17.957122215604));
#347 = CARTESIAN_POINT('',(1.935073662432,12.140820317527));
#348 = CARTESIAN_POINT('',(-0.216055551578,6.027987198292));
#349 = CARTESIAN_POINT('',(0.,4.263256414561E-14));
#350 = ( GEOMETRIC_REPRESENTATION_CONTEXT(2) 
PARAMETRIC_REPRESENTATION_CONTEXT() REPRESENTATION_CONTEXT('2D SPACE',''
  ) );
#351 = ORIENTED_EDGE('',*,*,#352,.F.);
#352 = EDGE_CURVE('',#22,#275,#353,.T.);
#353 = SURFACE_CURVE('',#354,(#502,#653),.PCURVE_S1.);
#354 = B_SPLINE_CURVE_WITH_KNOTS('',6,(#355,#356,#357,#358,#359,#360,
    #361,#362,#363,#364,#365,#366,#367,#368,#369,#370,#371,#372,#373,
    #374,#375,#376,#377,#378,#379,#380,#381,#382,#383,#384,#385,#386,
    #387,#388,#389,#390,#391,#392,#393,#394,#395,#396,#397,#398,#399,
    #400,#401,#402,#403,#404,#405,#406,#407,#408,#409,#410,#411,#412,
    #413,#414,#415,#416,#417,#418,#419,#420,#421,#422,#423,#424,#425,
    #426,#427,#428,#429,#430,#431,#432,#433,#434,#435,#436,#437,#438,
    #439,#440,#441,#442,#443,#444,#445,#446,#447,#448,#449,#450,#451,
    #452,#453,#454,#455,#456,#457,#458,#459,#460,#461,#462,#463,#464,
    #465,#466,#467,#468,#469,#470,#471,#472,#473,#474,#475,#476,#477,
    #478,#479,#480,#481,#482,#483,#484,#485,#486,#487,#488,#489,#490,
    #491,#492,#493,#494,#495,#496,#497,#498,#499,#500,#501),
  .UNSPECIFIED.,.F.,.F.,(7,5,5,5,5,5,5,5,5,5,5,5,5,5,5,5,5,5,5,5,5,5,5,5
    ,5,5,5,5,5,7),(0.,4.85730600715E-02,7.433972310061E-02,
    0.100710338977,0.125850293337,0.154515635469,0.182547989441,
    0.211706915871,0.240966089335,0.270497116626,0.294038341144,
    0.317746658264,0.341796944295,0.365950972761,0.390363625379,
    0.414779463719,0.439348759517,0.463813839693,0.50441716474,
    0.544677297192,0.587910100543,0.665520420955,0.73057839751,
    0.794715473472,0.827055909963,0.859493013479,0.892705452932,
    0.926850892573,0.962533437857,1.),.UNSPECIFIED.);
#355 = CARTESIAN_POINT('',(-50.69999999328,0.,-79.));
#356 = CARTESIAN_POINT('',(-52.06220898183,0.,-78.54446994176));
#357 = CARTESIAN_POINT('',(-53.4105951332,0.,-78.047663779));
#358 = CARTESIAN_POINT('',(-54.74267552602,0.,-77.50717946757));
#359 = CARTESIAN_POINT('',(-56.0553769071,0.,-76.92066268748));
#360 = CARTESIAN_POINT('',(-57.34510226102,0.,-76.28596078919));
#361 = CARTESIAN_POINT('',(-59.27775481902,0.,-75.2383713177));
#362 = CARTESIAN_POINT('',(-59.94003549971,0.,-74.8612641394));
#363 = CARTESIAN_POINT('',(-60.59412397801,0.,-74.46991943454));
#364 = CARTESIAN_POINT('',(-61.23938684333,0.,-74.06415080209));
#365 = CARTESIAN_POINT('',(-61.87517025998,0.,-73.64383508738));
#366 = CARTESIAN_POINT('',(-63.14111599467,0.,-72.7638308606));
#367 = CARTESIAN_POINT('',(-63.77080218163,0.,-72.30344703551));
#368 = CARTESIAN_POINT('',(-64.38915238133,0.,-71.82773727914));
#369 = CARTESIAN_POINT('',(-64.9954561312,0.,-71.33673948524));
#370 = CARTESIAN_POINT('',(-65.58902350221,0.,-70.83058822092));
#371 = CARTESIAN_POINT('',(-66.72229907716,0.,-69.81279306309));
#372 = CARTESIAN_POINT('',(-67.26323546359,0.,-69.30250126985));
#373 = CARTESIAN_POINT('',(-67.79143700812,0.,-68.77887446228));
#374 = CARTESIAN_POINT('',(-68.30638697712,0.,-68.24220308468));
#375 = CARTESIAN_POINT('',(-68.80762859245,0.,-67.69285594008));
#376 = CARTESIAN_POINT('',(-69.85022452601,0.,-66.49096598086));
#377 = CARTESIAN_POINT('',(-70.38735922862,0.,-65.83474079515));
#378 = CARTESIAN_POINT('',(-70.90558890485,0.,-65.16328356538));
#379 = CARTESIAN_POINT('',(-71.40448784124,0.,-64.47735437522));
#380 = CARTESIAN_POINT('',(-71.88377772882,0.,-63.77779053954));
#381 = CARTESIAN_POINT('',(-72.79270494387,0.,-62.36893287407));
#382 = CARTESIAN_POINT('',(-73.22321361532,0.,-61.66018141938));
#383 = CARTESIAN_POINT('',(-73.63471102617,0.,-60.94008029008));
#384 = CARTESIAN_POINT('',(-74.02721728,0.,-60.20948102402));
#385 = CARTESIAN_POINT('',(-74.40087496959,0.,-59.46923387011));
#386 = CARTESIAN_POINT('',(-75.12523671464,0.,-57.94100730485));
#387 = CARTESIAN_POINT('',(-75.47441774081,0.,-57.15229874094));
#388 = CARTESIAN_POINT('',(-75.80373719118,0.,-56.35497480896));
#389 = CARTESIAN_POINT('',(-76.1135862652,0.,-55.5499201551));
#390 = CARTESIAN_POINT('',(-76.40444084185,0.,-54.73796216029));
#391 = CARTESIAN_POINT('',(-76.9501507851,0.,-53.09893961242));
#392 = CARTESIAN_POINT('',(-77.20487864598,0.,-52.27183371298));
#393 = CARTESIAN_POINT('',(-77.44154731792,0.,-51.43929731857));
#394 = CARTESIAN_POINT('',(-77.66074164971,0.,-50.60202191749));
#395 = CARTESIAN_POINT('',(-77.86307284846,0.,-49.76062639693));
#396 = CARTESIAN_POINT('',(-78.23696836993,0.,-48.06282429822));
#397 = CARTESIAN_POINT('',(-78.40822828524,0.,-47.20635610395));
#398 = CARTESIAN_POINT('',(-78.56357048288,0.,-46.3467995325));
#399 = CARTESIAN_POINT('',(-78.70363000496,0.,-45.48464562546));
#400 = CARTESIAN_POINT('',(-78.82903156013,0.,-44.62032120778));
#401 = CARTESIAN_POINT('',(-79.02914129241,0.,-43.06373144802));
#402 = CARTESIAN_POINT('',(-79.10897203912,0.,-42.3721286156));
#403 = CARTESIAN_POINT('',(-79.18017767868,0.,-41.67956259937));
#404 = CARTESIAN_POINT('',(-79.24305471318,0.,-40.98619813028));
#405 = CARTESIAN_POINT('',(-79.29788945567,0.,-40.29218053778));
#406 = CARTESIAN_POINT('',(-79.39236069151,0.,-38.89816117175));
#407 = CARTESIAN_POINT('',(-79.43188619117,0.,-38.19815347918));
#408 = CARTESIAN_POINT('',(-79.46381601831,0.,-37.49774146884));
#409 = CARTESIAN_POINT('',(-79.48841962566,0.,-36.79703942014));
#410 = CARTESIAN_POINT('',(-79.50595442955,0.,-36.09614709517));
#411 = CARTESIAN_POINT('',(-79.5275316913,0.,-34.68404119208));
#412 = CARTESIAN_POINT('',(-79.53137594494,0.,-33.97282590556));
#413 = CARTESIAN_POINT('',(-79.52845443566,0.,-33.261593151));
#414 = CARTESIAN_POINT('',(-79.51901064898,0.,-32.55042141743));
#415 = CARTESIAN_POINT('',(-79.50327569111,0.,-31.83937841106));
#416 = CARTESIAN_POINT('',(-79.45956681927,0.,-30.41459737125));
#417 = CARTESIAN_POINT('',(-79.43154066507,0.,-29.7008619788));
#418 = CARTESIAN_POINT('',(-79.39761129382,0.,-28.98737284819));
#419 = CARTESIAN_POINT('',(-79.35798886216,0.,-28.2741804341));
#420 = CARTESIAN_POINT('',(-79.31287221604,0.,-27.56132767565));
#421 = CARTESIAN_POINT('',(-79.21148566816,0.,-26.12874361314));
#422 = CARTESIAN_POINT('',(-79.15510185361,0.,-25.409021157));
#423 = CARTESIAN_POINT('',(-79.09349106114,0.,-24.68971944701));
#424 = CARTESIAN_POINT('',(-79.02683671973,0.,-23.97087001827));
#425 = CARTESIAN_POINT('',(-78.95531207323,0.,-23.25249912208));
#426 = CARTESIAN_POINT('',(-78.80283833965,0.,-21.81666265123));
#427 = CARTESIAN_POINT('',(-78.72188835592,0.,-21.09919776078));
#428 = CARTESIAN_POINT('',(-78.63639339801,0.,-20.38225422458));
#429 = CARTESIAN_POINT('',(-78.5465080071,0.,-19.66584970543));
#430 = CARTESIAN_POINT('',(-78.45237809676,0.,-18.94999835884));
#431 = CARTESIAN_POINT('',(-78.25528637287,0.,-17.51492761053));
#432 = CARTESIAN_POINT('',(-78.15227306531,0.,-16.79571571391));
#433 = CARTESIAN_POINT('',(-78.04524097822,0.,-16.07708612801));
#434 = CARTESIAN_POINT('',(-77.93432261306,0.,-15.35904749878));
#435 = CARTESIAN_POINT('',(-77.81964302477,0.,-14.64160613329));
#436 = CARTESIAN_POINT('',(-77.58349851047,0.,-13.21096648826));
#437 = CARTESIAN_POINT('',(-77.46206467464,0.,-12.49776339658));
#438 = CARTESIAN_POINT('',(-77.33713449713,0.,-11.78516073932));
#439 = CARTESIAN_POINT('',(-77.20881797547,0.,-11.07316108637));
#440 = CARTESIAN_POINT('',(-77.07721892192,0.,-10.36176556295));
#441 = CARTESIAN_POINT('',(-76.71874156703,0.,-8.471312602944));
#442 = CARTESIAN_POINT('',(-76.48627615636,0.,-7.293315918028));
#443 = CARTESIAN_POINT('',(-76.24548576899,0.,-6.116980937227));
#444 = CARTESIAN_POINT('',(-75.99677538359,0.,-4.942300325278));
#445 = CARTESIAN_POINT('',(-75.74051170707,0.,-3.769261492837));
#446 = CARTESIAN_POINT('',(-75.21576927553,0.,-1.436331336067));
#447 = CARTESIAN_POINT('',(-74.94741245492,0.,-0.276414423737));
#448 = CARTESIAN_POINT('',(-74.67228026652,0.,0.881922335977));
#449 = CARTESIAN_POINT('',(-74.39066432957,0.,2.03869658361));
#450 = CARTESIAN_POINT('',(-74.10282615958,0.,3.193926665781));
#451 = CARTESIAN_POINT('',(-73.49347708479,0.,5.586523250605));
#452 = CARTESIAN_POINT('',(-73.171049728,0.,6.823654986338));
#453 = CARTESIAN_POINT('',(-72.84200535213,0.,8.059050965473));
#454 = CARTESIAN_POINT('',(-72.50659724778,0.,9.292731730151));
#455 = CARTESIAN_POINT('',(-72.16504378579,0.,10.524714726171));
#456 = CARTESIAN_POINT('',(-71.19367853916,0.,13.9636137219));
#457 = CARTESIAN_POINT('',(-70.55061957241,0.,16.166777414832));
#458 = CARTESIAN_POINT('',(-69.88941202302,0.,18.364599935169));
#459 = CARTESIAN_POINT('',(-69.21078073212,0.,20.557095649758));
#460 = CARTESIAN_POINT('',(-68.5151132472,0.,22.74419817132));
#461 = CARTESIAN_POINT('',(-67.20506475997,0.,26.754485454461));
#462 = CARTESIAN_POINT('',(-66.59573678276,0.,28.579308599736));
#463 = CARTESIAN_POINT('',(-65.97450588845,0.,30.400139487711));
#464 = CARTESIAN_POINT('',(-65.34123899853,0.,32.216822588451));
#465 = CARTESIAN_POINT('',(-64.69565158629,0.,34.029141305308));
#466 = CARTESIAN_POINT('',(-63.38830900186,0.,37.618916225778));
#467 = CARTESIAN_POINT('',(-62.72691443167,0.,39.39649758833));
#468 = CARTESIAN_POINT('',(-62.05273514216,0.,41.16930452403));
#469 = CARTESIAN_POINT('',(-61.36525219774,0.,42.937004611484));
#470 = CARTESIAN_POINT('',(-60.6638601666,0.,44.699207067867));
#471 = CARTESIAN_POINT('',(-59.58694465833,0.,47.341078136854));
#472 = CARTESIAN_POINT('',(-59.22225584377,0.,48.225159850518));
#473 = CARTESIAN_POINT('',(-58.85379430365,0.,49.107681294695));
#474 = CARTESIAN_POINT('',(-58.48148019726,0.,49.988585296434));
#475 = CARTESIAN_POINT('',(-58.10523539879,0.,50.867813187119));
#476 = CARTESIAN_POINT('',(-57.34359992936,0.,52.625421349188));
#477 = CARTESIAN_POINT('',(-56.95818527146,0.,53.503791280825));
#478 = CARTESIAN_POINT('',(-56.56866741422,0.,54.380355804587));
#479 = CARTESIAN_POINT('',(-56.17497605885,0.,55.255054818708));
#480 = CARTESIAN_POINT('',(-55.77704753239,0.,56.127828997684));
#481 = CARTESIAN_POINT('',(-54.96299258457,0.,57.890227009879));
#482 = CARTESIAN_POINT('',(-54.5466584465,0.,58.779755163534));
#483 = CARTESIAN_POINT('',(-54.12576598447,0.,59.667143351727));
#484 = CARTESIAN_POINT('',(-53.70026609575,0.,60.552332429671));
#485 = CARTESIAN_POINT('',(-53.27012106595,0.,61.435266889151));
#486 = CARTESIAN_POINT('',(-52.3882767936,0.,63.221263010432));
#487 = CARTESIAN_POINT('',(-51.93631140109,0.,64.124193748074));
#488 = CARTESIAN_POINT('',(-51.47938302075,0.,65.024632064424));
#489 = CARTESIAN_POINT('',(-51.0174790128,0.,65.922528730237));
#490 = CARTESIAN_POINT('',(-50.55060121317,0.,66.81784112177));
#491 = CARTESIAN_POINT('',(-49.58569031615,0.,68.643411127211));
#492 = CARTESIAN_POINT('',(-49.08720065929,0.,69.573428072021));
#493 = CARTESIAN_POINT('',(-48.58331564873,0.,70.500542943157));
#494 = CARTESIAN_POINT('',(-48.07407070942,0.,71.424724589269));
#495 = CARTESIAN_POINT('',(-47.5595167324,0.,72.345951115938));
#496 = CARTESIAN_POINT('',(-46.49393258314,0.,74.228377309994));
#497 = CARTESIAN_POINT('',(-45.94236463221,0.,75.189273243548));
#498 = CARTESIAN_POINT('',(-45.38509004045,0.,76.146881591948));
#499 = CARTESIAN_POINT('',(-44.82219989727,0.,77.101199160403));
#500 = CARTESIAN_POINT('',(-44.25379840505,0.,78.052233257039));
#501 = CARTESIAN_POINT('',(-43.67999999421,0.,79.));
#502 = PCURVE('',#57,#503);
#503 = DEFINITIONAL_REPRESENTATION('',(#504),#652);
#504 = B_SPLINE_CURVE_WITH_KNOTS('',6,(#505,#506,#507,#508,#509,#510,
    #511,#512,#513,#514,#515,#516,#517,#518,#519,#520,#521,#522,#523,
    #524,#525,#526,#527,#528,#529,#530,#531,#532,#533,#534,#535,#536,
    #537,#538,#539,#540,#541,#542,#543,#544,#545,#546,#547,#548,#549,
    #550,#551,#552,#553,#554,#555,#556,#557,#558,#559,#560,#561,#562,
    #563,#564,#565,#566,#567,#568,#569,#570,#571,#572,#573,#574,#575,
    #576,#577,#578,#579,#580,#581,#582,#583,#584,#585,#586,#587,#588,
    #589,#590,#591,#592,#593,#594,#595,#596,#597,#598,#599,#600,#601,
    #602,#603,#604,#605,#606,#607,#608,#609,#610,#611,#612,#613,#614,
    #615,#616,#617,#618,#619,#620,#621,#622,#623,#624,#625,#626,#627,
    #628,#629,#630,#631,#632,#633,#634,#635,#636,#637,#638,#639,#640,
    #641,#642,#643,#644,#645,#646,#647,#648,#649,#650,#651),
  .UNSPECIFIED.,.F.,.F.,(7,5,5,5,5,5,5,5,5,5,5,5,5,5,5,5,5,5,5,5,5,5,5,5
    ,5,5,5,5,5,7),(0.,4.85730600715E-02,7.433972310061E-02,
    0.100710338977,0.125850293337,0.154515635469,0.182547989441,
    0.211706915871,0.240966089335,0.270497116626,0.294038341144,
    0.317746658264,0.341796944295,0.365950972761,0.390363625379,
    0.414779463719,0.439348759517,0.463813839693,0.50441716474,
    0.544677297192,0.587910100543,0.665520420955,0.73057839751,
    0.794715473472,0.827055909963,0.859493013479,0.892705452932,
    0.926850892573,0.962533437857,1.),.UNSPECIFIED.);
#505 = CARTESIAN_POINT('',(0.5,0.));
#506 = CARTESIAN_POINT('',(0.5,6.118113009651E-03));
#507 = CARTESIAN_POINT('',(0.5,1.240262971428E-02));
#508 = CARTESIAN_POINT('',(0.5,1.885970836566E-02));
#509 = CARTESIAN_POINT('',(0.5,2.549389674627E-02));
#510 = CARTESIAN_POINT('',(0.5,3.230764525677E-02));
#511 = CARTESIAN_POINT('',(0.5,4.300925052248E-02));
#512 = CARTESIAN_POINT('',(0.5,4.676871622454E-02));
#513 = CARTESIAN_POINT('',(0.5,5.057819204491E-02));
#514 = CARTESIAN_POINT('',(0.5,5.443718836962E-02));
#515 = CARTESIAN_POINT('',(0.5,5.834487081323E-02));
#516 = CARTESIAN_POINT('',(0.5,6.634783469276E-02));
#517 = CARTESIAN_POINT('',(0.5,7.044539729738E-02));
#518 = CARTESIAN_POINT('',(0.5,7.459132016006E-02));
#519 = CARTESIAN_POINT('',(0.5,7.878388771011E-02));
#520 = CARTESIAN_POINT('',(0.5,8.302097729244E-02));
#521 = CARTESIAN_POINT('',(0.5,9.137932966282E-02));
#522 = CARTESIAN_POINT('',(0.5,9.549682411091E-02));
#523 = CARTESIAN_POINT('',(0.5,9.965022056348E-02));
#524 = CARTESIAN_POINT('',(0.5,0.103837052545));
#525 = CARTESIAN_POINT('',(0.5,0.108054626766));
#526 = CARTESIAN_POINT('',(0.5,0.117140703945));
#527 = CARTESIAN_POINT('',(0.5,0.122017655007));
#528 = CARTESIAN_POINT('',(0.5,0.126926461152));
#529 = CARTESIAN_POINT('',(0.5,0.131862726833));
#530 = CARTESIAN_POINT('',(0.5,0.136822046817));
#531 = CARTESIAN_POINT('',(0.5,0.146668030008));
#532 = CARTESIAN_POINT('',(0.5,0.151553973914));
#533 = CARTESIAN_POINT('',(0.5,0.156453757257));
#534 = CARTESIAN_POINT('',(0.5,0.161363614084));
#535 = CARTESIAN_POINT('',(0.5,0.166280082465));
#536 = CARTESIAN_POINT('',(0.5,0.176317640623));
#537 = CARTESIAN_POINT('',(0.5,0.181439055175));
#538 = CARTESIAN_POINT('',(0.5,0.186560753355));
#539 = CARTESIAN_POINT('',(0.5,0.19167974285));
#540 = CARTESIAN_POINT('',(0.5,0.196793509924));
#541 = CARTESIAN_POINT('',(0.5,0.207024045952));
#542 = CARTESIAN_POINT('',(0.5,0.212140758714));
#543 = CARTESIAN_POINT('',(0.5,0.21724810861));
#544 = CARTESIAN_POINT('',(0.5,0.222344494974));
#545 = CARTESIAN_POINT('',(0.5,0.227428726237));
#546 = CARTESIAN_POINT('',(0.5,0.237618392154));
#547 = CARTESIAN_POINT('',(0.5,0.242723553824));
#548 = CARTESIAN_POINT('',(0.5,0.247814676336));
#549 = CARTESIAN_POINT('',(0.5,0.252891240023));
#550 = CARTESIAN_POINT('',(0.5,0.257953004676));
#551 = CARTESIAN_POINT('',(0.5,0.267023309074));
#552 = CARTESIAN_POINT('',(0.5,0.271037216341));
#553 = CARTESIAN_POINT('',(0.5,0.275041730052));
#554 = CARTESIAN_POINT('',(0.5,0.279036925633));
#555 = CARTESIAN_POINT('',(0.5,0.283022945688));
#556 = CARTESIAN_POINT('',(0.5,0.291005282935));
#557 = CARTESIAN_POINT('',(0.5,0.295001463583));
#558 = CARTESIAN_POINT('',(0.5,0.298988754059));
#559 = CARTESIAN_POINT('',(0.5,0.302967406103));
#560 = CARTESIAN_POINT('',(0.5,0.306937711085));
#561 = CARTESIAN_POINT('',(0.5,0.314919440995));
#562 = CARTESIAN_POINT('',(0.5,0.31893062643));
#563 = CARTESIAN_POINT('',(0.5,0.322933899725));
#564 = CARTESIAN_POINT('',(0.5,0.32692962557));
#565 = CARTESIAN_POINT('',(0.5,0.330918189921));
#566 = CARTESIAN_POINT('',(0.5,0.33889898587));
#567 = CARTESIAN_POINT('',(0.5,0.342891154505));
#568 = CARTESIAN_POINT('',(0.5,0.34687691666));
#569 = CARTESIAN_POINT('',(0.5,0.350856691635));
#570 = CARTESIAN_POINT('',(0.5,0.354830907281));
#571 = CARTESIAN_POINT('',(0.5,0.36281159094));
#572 = CARTESIAN_POINT('',(0.5,0.366817945565));
#573 = CARTESIAN_POINT('',(0.5,0.370819513216));
#574 = CARTESIAN_POINT('',(0.5,0.37481674405));
#575 = CARTESIAN_POINT('',(0.5,0.378810089046));
#576 = CARTESIAN_POINT('',(0.5,0.386790431617));
#577 = CARTESIAN_POINT('',(0.5,0.390777426257));
#578 = CARTESIAN_POINT('',(0.5,0.394761435067));
#579 = CARTESIAN_POINT('',(0.5,0.398742905326));
#580 = CARTESIAN_POINT('',(0.5,0.402722280452));
#581 = CARTESIAN_POINT('',(0.5,0.410702720153));
#582 = CARTESIAN_POINT('',(0.5,0.414703762482));
#583 = CARTESIAN_POINT('',(0.5,0.41870357439));
#584 = CARTESIAN_POINT('',(0.5,0.422702596505));
#585 = CARTESIAN_POINT('',(0.5,0.426701262681));
#586 = CARTESIAN_POINT('',(0.5,0.434681775868));
#587 = CARTESIAN_POINT('',(0.5,0.438663621325));
#588 = CARTESIAN_POINT('',(0.5,0.442645957768));
#589 = CARTESIAN_POINT('',(0.5,0.446629198128));
#590 = CARTESIAN_POINT('',(0.5,0.450613746873));
#591 = CARTESIAN_POINT('',(0.5,0.461215761333));
#592 = CARTESIAN_POINT('',(0.5,0.467836210094));
#593 = CARTESIAN_POINT('',(0.5,0.474463166721));
#594 = CARTESIAN_POINT('',(0.5,0.48109836157));
#595 = CARTESIAN_POINT('',(0.5,0.487743445422));
#596 = CARTESIAN_POINT('',(0.5,0.5010002912));
#597 = CARTESIAN_POINT('',(0.5,0.507611850178));
#598 = CARTESIAN_POINT('',(0.5,0.514236213264));
#599 = CARTESIAN_POINT('',(0.5,0.520874818135));
#600 = CARTESIAN_POINT('',(0.5,0.527529002035));
#601 = CARTESIAN_POINT('',(0.5,0.541363561707));
#602 = CARTESIAN_POINT('',(0.5,0.548546500218));
#603 = CARTESIAN_POINT('',(0.5,0.555750352853));
#604 = CARTESIAN_POINT('',(0.5,0.562976472353));
#605 = CARTESIAN_POINT('',(0.5,0.570226026876));
#606 = CARTESIAN_POINT('',(0.5,0.590558033276));
#607 = CARTESIAN_POINT('',(0.5,0.603694686181));
#608 = CARTESIAN_POINT('',(0.5,0.616915605479));
#609 = CARTESIAN_POINT('',(0.5,0.630224059314));
#610 = CARTESIAN_POINT('',(0.5,0.643620145532));
#611 = CARTESIAN_POINT('',(0.5,0.668399683486));
#612 = CARTESIAN_POINT('',(0.5,0.679758167518));
#613 = CARTESIAN_POINT('',(0.5,0.691173163494));
#614 = CARTESIAN_POINT('',(0.5,0.702640197158));
#615 = CARTESIAN_POINT('',(0.5,0.714152349891));
#616 = CARTESIAN_POINT('',(0.5,0.737084192246));
#617 = CARTESIAN_POINT('',(0.5,0.748502855785));
#618 = CARTESIAN_POINT('',(0.5,0.759946786905));
#619 = CARTESIAN_POINT('',(0.5,0.771404203062));
#620 = CARTESIAN_POINT('',(0.5,0.782860686744));
#621 = CARTESIAN_POINT('',(0.5,0.800068151702));
#622 = CARTESIAN_POINT('',(0.5,0.805831932721));
#623 = CARTESIAN_POINT('',(0.5,0.811589258014));
#624 = CARTESIAN_POINT('',(0.5,0.817337918924));
#625 = CARTESIAN_POINT('',(0.5,0.823075617365));
#626 = CARTESIAN_POINT('',(0.5,0.834541493072));
#627 = CARTESIAN_POINT('',(0.5,0.840269591037));
#628 = CARTESIAN_POINT('',(0.5,0.845981919494));
#629 = CARTESIAN_POINT('',(0.5,0.851676050596));
#630 = CARTESIAN_POINT('',(0.5,0.857349546029));
#631 = CARTESIAN_POINT('',(0.5,0.868785515353));
#632 = CARTESIAN_POINT('',(0.5,0.87454687615));
#633 = CARTESIAN_POINT('',(0.5,0.880281498187));
#634 = CARTESIAN_POINT('',(0.5,0.885986840094));
#635 = CARTESIAN_POINT('',(0.5,0.891660447967));
#636 = CARTESIAN_POINT('',(0.5,0.903097977707));
#637 = CARTESIAN_POINT('',(0.5,0.908859968347));
#638 = CARTESIAN_POINT('',(0.5,0.914583426236));
#639 = CARTESIAN_POINT('',(0.5,0.920265995917));
#640 = CARTESIAN_POINT('',(0.5,0.925905512169));
#641 = CARTESIAN_POINT('',(0.5,0.937346331676));
#642 = CARTESIAN_POINT('',(0.5,0.943143499867));
#643 = CARTESIAN_POINT('',(0.5,0.948889267902));
#644 = CARTESIAN_POINT('',(0.5,0.954581676146));
#645 = CARTESIAN_POINT('',(0.5,0.960219048685));
#646 = CARTESIAN_POINT('',(0.5,0.971659981612));
#647 = CARTESIAN_POINT('',(0.5,0.977457762242));
#648 = CARTESIAN_POINT('',(0.5,0.983191734245));
#649 = CARTESIAN_POINT('',(0.5,0.988860652541));
#650 = CARTESIAN_POINT('',(0.5,0.994463607862));
#651 = CARTESIAN_POINT('',(0.5,1.));
#652 = ( GEOMETRIC_REPRESENTATION_CONTEXT(2) 
PARAMETRIC_REPRESENTATION_CONTEXT() REPRESENTATION_CONTEXT('2D SPACE',''
  ) );
#653 = PCURVE('',#654,#659);
#654 = PLANE('',#655);
#655 = AXIS2_PLACEMENT_3D('',#656,#657,#658);
#656 = CARTESIAN_POINT('',(-156.,0.,-94.8));
#657 = DIRECTION('',(0.,1.,0.));
#658 = DIRECTION('',(0.,0.,1.));
#659 = DEFINITIONAL_REPRESENTATION('',(#660),#808);
#660 = B_SPLINE_CURVE_WITH_KNOTS('',6,(#661,#662,#663,#664,#665,#666,
    #667,#668,#669,#670,#671,#672,#673,#674,#675,#676,#677,#678,#679,
    #680,#681,#682,#683,#684,#685,#686,#687,#688,#689,#690,#691,#692,
    #693,#694,#695,#696,#697,#698,#699,#700,#701,#702,#703,#704,#705,
    #706,#707,#708,#709,#710,#711,#712,#713,#714,#715,#716,#717,#718,
    #719,#720,#721,#722,#723,#724,#725,#726,#727,#728,#729,#730,#731,
    #732,#733,#734,#735,#736,#737,#738,#739,#740,#741,#742,#743,#744,
    #745,#746,#747,#748,#749,#750,#751,#752,#753,#754,#755,#756,#757,
    #758,#759,#760,#761,#762,#763,#764,#765,#766,#767,#768,#769,#770,
    #771,#772,#773,#774,#775,#776,#777,#778,#779,#780,#781,#782,#783,
    #784,#785,#786,#787,#788,#789,#790,#791,#792,#793,#794,#795,#796,
    #797,#798,#799,#800,#801,#802,#803,#804,#805,#806,#807),
  .UNSPECIFIED.,.F.,.F.,(7,5,5,5,5,5,5,5,5,5,5,5,5,5,5,5,5,5,5,5,5,5,5,5
    ,5,5,5,5,5,7),(0.,4.85730600715E-02,7.433972310061E-02,
    0.100710338977,0.125850293337,0.154515635469,0.182547989441,
    0.211706915871,0.240966089335,0.270497116626,0.294038341144,
    0.317746658264,0.341796944295,0.365950972761,0.390363625379,
    0.414779463719,0.439348759517,0.463813839693,0.50441716474,
    0.544677297192,0.587910100543,0.665520420955,0.73057839751,
    0.794715473472,0.827055909963,0.859493013479,0.892705452932,
    0.926850892573,0.962533437857,1.),.UNSPECIFIED.);
#661 = CARTESIAN_POINT('',(15.8,105.30000000671));
#662 = CARTESIAN_POINT('',(16.25553005824,103.93779101817));
#663 = CARTESIAN_POINT('',(16.752336220993,102.58940486679));
#664 = CARTESIAN_POINT('',(17.292820532427,101.25732447397));
#665 = CARTESIAN_POINT('',(17.879337312514,99.944623092898));
#666 = CARTESIAN_POINT('',(18.514039210802,98.654897738977));
#667 = CARTESIAN_POINT('',(19.561628682291,96.722245180975));
#668 = CARTESIAN_POINT('',(19.938735860594,96.05996450029));
#669 = CARTESIAN_POINT('',(20.330080565459,95.405876021989));
#670 = CARTESIAN_POINT('',(20.735849197907,94.76061315667));
#671 = CARTESIAN_POINT('',(21.156164912617,94.124829740011));
#672 = CARTESIAN_POINT('',(22.036169139391,92.858884005325));
#673 = CARTESIAN_POINT('',(22.496552964488,92.229197818368));
#674 = CARTESIAN_POINT('',(22.972262720851,91.610847618666));
#675 = CARTESIAN_POINT('',(23.463260514755,91.004543868798));
#676 = CARTESIAN_POINT('',(23.96941177908,90.41097649779));
#677 = CARTESIAN_POINT('',(24.98720693691,89.277700922831));
#678 = CARTESIAN_POINT('',(25.497498730146,88.736764536409));
#679 = CARTESIAN_POINT('',(26.021125537718,88.208562991871));
#680 = CARTESIAN_POINT('',(26.557796915311,87.693613022871));
#681 = CARTESIAN_POINT('',(27.10714405992,87.192371407542));
#682 = CARTESIAN_POINT('',(28.309034019131,86.14977547399));
#683 = CARTESIAN_POINT('',(28.96525920485,85.612640771374));
#684 = CARTESIAN_POINT('',(29.636716434611,85.094411095144));
#685 = CARTESIAN_POINT('',(30.322645624777,84.595512158758));
#686 = CARTESIAN_POINT('',(31.02220946046,84.11622227118));
#687 = CARTESIAN_POINT('',(32.431067125927,83.207295056124));
#688 = CARTESIAN_POINT('',(33.139818580611,82.776786384677));
#689 = CARTESIAN_POINT('',(33.859919709913,82.365288973828));
#690 = CARTESIAN_POINT('',(34.590518975971,81.972782719996));
#691 = CARTESIAN_POINT('',(35.330766129886,81.599125030408));
#692 = CARTESIAN_POINT('',(36.858992695141,80.874763285351));
#693 = CARTESIAN_POINT('',(37.647701259051,80.525582259186));
#694 = CARTESIAN_POINT('',(38.445025191033,80.196262808819));
#695 = CARTESIAN_POINT('',(39.250079844892,79.886413734799));
#696 = CARTESIAN_POINT('',(40.062037839702,79.595559158148));
#697 = CARTESIAN_POINT('',(41.701060387576,79.049849214898));
#698 = CARTESIAN_POINT('',(42.528166287015,78.795121354019));
#699 = CARTESIAN_POINT('',(43.360702681429,78.558452682077));
#700 = CARTESIAN_POINT('',(44.19797808251,78.339258350288));
#701 = CARTESIAN_POINT('',(45.039373603064,78.136927151531));
#702 = CARTESIAN_POINT('',(46.737175701776,77.763031630064));
#703 = CARTESIAN_POINT('',(47.593643896042,77.591771714759));
#704 = CARTESIAN_POINT('',(48.453200467491,77.436429517115));
#705 = CARTESIAN_POINT('',(49.315354374532,77.296369995033));
#706 = CARTESIAN_POINT('',(50.179678792212,77.170968439867));
#707 = CARTESIAN_POINT('',(51.736268551974,76.970858707581));
#708 = CARTESIAN_POINT('',(52.427871384399,76.891027960873));
#709 = CARTESIAN_POINT('',(53.12043740063,76.819822321311));
#710 = CARTESIAN_POINT('',(53.813801869717,76.756945286819));
#711 = CARTESIAN_POINT('',(54.507819462215,76.702110544327));
#712 = CARTESIAN_POINT('',(55.901838828248,76.607639308485));
#713 = CARTESIAN_POINT('',(56.601846520815,76.568113808828));
#714 = CARTESIAN_POINT('',(57.302258531155,76.536183981684));
#715 = CARTESIAN_POINT('',(58.002960579859,76.511580374333));
#716 = CARTESIAN_POINT('',(58.70385290483,76.494045570444));
#717 = CARTESIAN_POINT('',(60.11595880792,76.472468308695));
#718 = CARTESIAN_POINT('',(60.827174094436,76.468624055051));
#719 = CARTESIAN_POINT('',(61.538406848993,76.471545564333));
#720 = CARTESIAN_POINT('',(62.249578582563,76.48098935102));
#721 = CARTESIAN_POINT('',(62.960621588934,76.496724308886));
#722 = CARTESIAN_POINT('',(64.385402628749,76.54043318073));
#723 = CARTESIAN_POINT('',(65.099138021195,76.568459334921));
#724 = CARTESIAN_POINT('',(65.812627151806,76.602388706178));
#725 = CARTESIAN_POINT('',(66.525819565899,76.642011137835));
#726 = CARTESIAN_POINT('',(67.238672324342,76.68712778396));
#727 = CARTESIAN_POINT('',(68.671256386856,76.788514331838));
#728 = CARTESIAN_POINT('',(69.390978842992,76.844898146383));
#729 = CARTESIAN_POINT('',(70.11028055299,76.906508938857));
#730 = CARTESIAN_POINT('',(70.829129981724,76.973163280269));
#731 = CARTESIAN_POINT('',(71.547500877912,77.044687926763));
#732 = CARTESIAN_POINT('',(72.983337348763,77.197161660342));
#733 = CARTESIAN_POINT('',(73.700802239219,77.278111644072));
#734 = CARTESIAN_POINT('',(74.417745775418,77.363606601987));
#735 = CARTESIAN_POINT('',(75.134150294568,77.453491992895));
#736 = CARTESIAN_POINT('',(75.850001641153,77.547621903236));
#737 = CARTESIAN_POINT('',(77.285072389469,77.744713627128));
#738 = CARTESIAN_POINT('',(78.004284286086,77.847726934689));
#739 = CARTESIAN_POINT('',(78.722913871983,77.954759021779));
#740 = CARTESIAN_POINT('',(79.440952501218,78.065677386937));
#741 = CARTESIAN_POINT('',(80.158393866702,78.180356975228));
#742 = CARTESIAN_POINT('',(81.589033511735,78.41650148953));
#743 = CARTESIAN_POINT('',(82.302236603414,78.537935325351));
#744 = CARTESIAN_POINT('',(83.014839260673,78.662865502864));
#745 = CARTESIAN_POINT('',(83.726838913622,78.791182024522));
#746 = CARTESIAN_POINT('',(84.438234437049,78.922781078075));
#747 = CARTESIAN_POINT('',(86.328687397056,79.281258432968));
#748 = CARTESIAN_POINT('',(87.506684081972,79.513723843637));
#749 = CARTESIAN_POINT('',(88.683019062773,79.754514231006));
#750 = CARTESIAN_POINT('',(89.857699674722,80.003224616401));
#751 = CARTESIAN_POINT('',(91.030738507163,80.259488292927));
#752 = CARTESIAN_POINT('',(93.363668663933,80.784230724465));
#753 = CARTESIAN_POINT('',(94.523585576263,81.052587545077));
#754 = CARTESIAN_POINT('',(95.681922335977,81.327719733477));
#755 = CARTESIAN_POINT('',(96.83869658361,81.60933567043));
#756 = CARTESIAN_POINT('',(97.993926665781,81.897173840417));
#757 = CARTESIAN_POINT('',(100.3865232506,82.50652291521));
#758 = CARTESIAN_POINT('',(101.62365498633,82.828950271994));
#759 = CARTESIAN_POINT('',(102.85905096547,83.157994647861));
#760 = CARTESIAN_POINT('',(104.09273173015,83.493402752212));
#761 = CARTESIAN_POINT('',(105.32471472617,83.834956214203));
#762 = CARTESIAN_POINT('',(108.7636137219,84.806321460833));
#763 = CARTESIAN_POINT('',(110.96677741483,85.449380427586));
#764 = CARTESIAN_POINT('',(113.16459993516,86.110587976979));
#765 = CARTESIAN_POINT('',(115.35709564975,86.78921926788));
#766 = CARTESIAN_POINT('',(117.54419817132,87.484886752791));
#767 = CARTESIAN_POINT('',(121.55448545446,88.794935240029));
#768 = CARTESIAN_POINT('',(123.37930859973,89.404263217233));
#769 = CARTESIAN_POINT('',(125.20013948771,90.025494111542));
#770 = CARTESIAN_POINT('',(127.01682258845,90.65876100147));
#771 = CARTESIAN_POINT('',(128.8291413053,91.304348413701));
#772 = CARTESIAN_POINT('',(132.41891622577,92.611690998138));
#773 = CARTESIAN_POINT('',(134.19649758833,93.273085568328));
#774 = CARTESIAN_POINT('',(135.96930452403,93.947264857835));
#775 = CARTESIAN_POINT('',(137.73700461148,94.634747802259));
#776 = CARTESIAN_POINT('',(139.49920706786,95.336139833394));
#777 = CARTESIAN_POINT('',(142.14107813685,96.413055341668));
#778 = CARTESIAN_POINT('',(143.02515985051,96.77774415623));
#779 = CARTESIAN_POINT('',(143.90768129469,97.146205696348));
#780 = CARTESIAN_POINT('',(144.78858529643,97.518519802737));
#781 = CARTESIAN_POINT('',(145.66781318711,97.894764601206));
#782 = CARTESIAN_POINT('',(147.42542134918,98.656400070632));
#783 = CARTESIAN_POINT('',(148.30379128082,99.041814728539));
#784 = CARTESIAN_POINT('',(149.18035580458,99.431332585773));
#785 = CARTESIAN_POINT('',(150.0550548187,99.825023941145));
#786 = CARTESIAN_POINT('',(150.92782899768,100.2229524676));
#787 = CARTESIAN_POINT('',(152.69022700987,101.03700741542));
#788 = CARTESIAN_POINT('',(153.57975516353,101.45334155349));
#789 = CARTESIAN_POINT('',(154.46714335172,101.87423401552));
#790 = CARTESIAN_POINT('',(155.35233242967,102.29973390424));
#791 = CARTESIAN_POINT('',(156.23526688915,102.72987893404));
#792 = CARTESIAN_POINT('',(158.02126301043,103.6117232064));
#793 = CARTESIAN_POINT('',(158.92419374807,104.0636885989));
#794 = CARTESIAN_POINT('',(159.82463206442,104.52061697924));
#795 = CARTESIAN_POINT('',(160.72252873023,104.98252098719));
#796 = CARTESIAN_POINT('',(161.61784112177,105.44939878683));
#797 = CARTESIAN_POINT('',(163.44341112721,106.41430968384));
#798 = CARTESIAN_POINT('',(164.37342807202,106.9127993407));
#799 = CARTESIAN_POINT('',(165.30054294315,107.41668435126));
#800 = CARTESIAN_POINT('',(166.22472458926,107.92592929057));
#801 = CARTESIAN_POINT('',(167.14595111593,108.44048326759));
#802 = CARTESIAN_POINT('',(169.02837730999,109.50606741685));
#803 = CARTESIAN_POINT('',(169.98927324354,110.05763536778));
#804 = CARTESIAN_POINT('',(170.94688159194,110.61490995954));
#805 = CARTESIAN_POINT('',(171.9011991604,111.17780010273));
#806 = CARTESIAN_POINT('',(172.85223325703,111.74620159494));
#807 = CARTESIAN_POINT('',(173.8,112.32000000578));
#808 = ( GEOMETRIC_REPRESENTATION_CONTEXT(2) 
PARAMETRIC_REPRESENTATION_CONTEXT() REPRESENTATION_CONTEXT('2D SPACE',''
  ) );
#809 = FACE_BOUND('',#810,.T.);
#810 = EDGE_LOOP('',(#811,#982,#1199,#1416));
#811 = ORIENTED_EDGE('',*,*,#812,.T.);
#812 = EDGE_CURVE('',#813,#815,#817,.T.);
#813 = VERTEX_POINT('',#814);
#814 = CARTESIAN_POINT('',(46.,-39.38838246014,-22.));
#815 = VERTEX_POINT('',#816);
#816 = CARTESIAN_POINT('',(-46.,-39.38838246028,-22.));
#817 = SURFACE_CURVE('',#818,(#869,#923),.PCURVE_S1.);
#818 = B_SPLINE_CURVE_WITH_KNOTS('',4,(#819,#820,#821,#822,#823,#824,
    #825,#826,#827,#828,#829,#830,#831,#832,#833,#834,#835,#836,#837,
    #838,#839,#840,#841,#842,#843,#844,#845,#846,#847,#848,#849,#850,
    #851,#852,#853,#854,#855,#856,#857,#858,#859,#860,#861,#862,#863,
    #864,#865,#866,#867,#868),.UNSPECIFIED.,.F.,.F.,(5,3,3,3,3,3,3,3,3,3
    ,3,3,3,3,3,3,5),(0.,5.86814095878E-02,0.118758208503,0.180186959896,
    0.242772353341,0.306302381156,0.370551913675,0.435286114708,
    0.500001573086,0.564978703034,0.629711413258,0.693958481454,
    0.757485104271,0.820066198554,0.881489817368,0.941560726016,1.),
  .UNSPECIFIED.);
#819 = CARTESIAN_POINT('',(46.,-39.38838246014,-22.));
#820 = CARTESIAN_POINT('',(44.732758711347,-39.94883942575,-22.));
#821 = CARTESIAN_POINT('',(43.45397082874,-40.48318422647,-22.));
#822 = CARTESIAN_POINT('',(42.164946809593,-40.99221842742,-22.));
#823 = CARTESIAN_POINT('',(39.537642935476,-41.97254345894,-22.));
#824 = CARTESIAN_POINT('',(38.198924382626,-42.4426487581,-22.));
#825 = CARTESIAN_POINT('',(36.851696163579,-42.88766615453,-22.));
#826 = CARTESIAN_POINT('',(34.111546717451,-43.73819181927,-22.));
#827 = CARTESIAN_POINT('',(32.718282515473,-44.14258570582,-22.));
#828 = CARTESIAN_POINT('',(31.318045146008,-44.5220217784,-22.));
#829 = CARTESIAN_POINT('',(28.478747373539,-45.23869375392,-22.));
#830 = CARTESIAN_POINT('',(27.039454877418,-45.57500077056,-22.));
#831 = CARTESIAN_POINT('',(25.594609251975,-45.88648205614,-22.));
#832 = CARTESIAN_POINT('',(22.673369368516,-46.46496836633,-22.));
#833 = CARTESIAN_POINT('',(21.196830123522,-46.73123138854,-22.));
#834 = CARTESIAN_POINT('',(19.716065279122,-46.97278838899,-22.));
#835 = CARTESIAN_POINT('',(16.730587394946,-47.4095912107,-22.));
#836 = CARTESIAN_POINT('',(15.225794764476,-47.60428179179,-22.));
#837 = CARTESIAN_POINT('',(13.718033978803,-47.7743636645,-22.));
#838 = CARTESIAN_POINT('',(10.686412634795,-48.06684123958,-22.));
#839 = CARTESIAN_POINT('',(9.162517895663,-48.18886771614,-22.));
#840 = CARTESIAN_POINT('',(7.636863439377,-48.2863536944,-22.));
#841 = CARTESIAN_POINT('',(4.583657216346,-48.43244098337,-22.));
#842 = CARTESIAN_POINT('',(3.056107440061,-48.48105653046,-22.));
#843 = CARTESIAN_POINT('',(1.527979733092,-48.5053634913,-22.));
#844 = CARTESIAN_POINT('',(-1.534455741515,-48.50535993895,-22.));
#845 = CARTESIAN_POINT('',(-3.068762238584,-48.48085244724,-22.));
#846 = CARTESIAN_POINT('',(-4.602483726449,-48.43183938902,-22.));
#847 = CARTESIAN_POINT('',(-7.661797779728,-48.28485767268,-22.));
#848 = CARTESIAN_POINT('',(-9.187397899341,-48.18707376938,-22.));
#849 = CARTESIAN_POINT('',(-10.71123344279,-48.06474915489,-22.));
#850 = CARTESIAN_POINT('',(-13.74270367671,-47.77167844681,-22.));
#851 = CARTESIAN_POINT('',(-15.25037269455,-47.60130233636,-22.));
#852 = CARTESIAN_POINT('',(-16.75506853954,-47.40631717597,-22.));
#853 = CARTESIAN_POINT('',(-19.7403208308,-46.96893023766,-22.));
#854 = CARTESIAN_POINT('',(-21.220957093,-46.7270844607,-22.));
#855 = CARTESIAN_POINT('',(-22.69736249579,-46.46053221342,-22.));
#856 = CARTESIAN_POINT('',(-25.61830367478,-45.88147433358,-22.));
#857 = CARTESIAN_POINT('',(-27.06298474799,-45.56971146647,-22.));
#858 = CARTESIAN_POINT('',(-28.50210710094,-45.23312234632,-22.));
#859 = CARTESIAN_POINT('',(-31.34103487266,-44.51589480014,-22.));
#860 = CARTESIAN_POINT('',(-32.74107278722,-44.13618602156,-22.));
#861 = CARTESIAN_POINT('',(-34.13413151785,-43.7315188826,-22.));
#862 = CARTESIAN_POINT('',(-36.87384191471,-42.88045699786,-22.));
#863 = CARTESIAN_POINT('',(-38.22083706005,-42.43517738467,-22.));
#864 = CARTESIAN_POINT('',(-39.55931599634,-41.9648093672,-22.));
#865 = CARTESIAN_POINT('',(-42.18090288743,-40.98591589757,-22.));
#866 = CARTESIAN_POINT('',(-43.46452386855,-40.47877407778,-22.));
#867 = CARTESIAN_POINT('',(-44.73798769609,-39.94652682696,-22.));
#868 = CARTESIAN_POINT('',(-46.,-39.38838246028,-22.));
#869 = PCURVE('',#57,#870);
#870 = DEFINITIONAL_REPRESENTATION('',(#871),#922);
#871 = B_SPLINE_CURVE_WITH_KNOTS('',4,(#872,#873,#874,#875,#876,#877,
    #878,#879,#880,#881,#882,#883,#884,#885,#886,#887,#888,#889,#890,
    #891,#892,#893,#894,#895,#896,#897,#898,#899,#900,#901,#902,#903,
    #904,#905,#906,#907,#908,#909,#910,#911,#912,#913,#914,#915,#916,
    #917,#918,#919,#920,#921),.UNSPECIFIED.,.F.,.F.,(5,3,3,3,3,3,3,3,3,3
    ,3,3,3,3,3,3,5),(0.,5.86814095878E-02,0.118758208503,0.180186959896,
    0.242772353341,0.306302381156,0.370551913675,0.435286114708,
    0.500001573086,0.564978703034,0.629711413258,0.693958481454,
    0.757485104271,0.820066198554,0.881489817368,0.941560726016,1.),
  .UNSPECIFIED.);
#872 = CARTESIAN_POINT('',(0.849178039872,0.385771317061));
#873 = CARTESIAN_POINT('',(0.846026970717,0.385771317061));
#874 = CARTESIAN_POINT('',(0.842906968252,0.385771317061));
#875 = CARTESIAN_POINT('',(0.839815369586,0.385771317061));
#876 = CARTESIAN_POINT('',(0.833611342319,0.385771317061));
#877 = CARTESIAN_POINT('',(0.830500167698,0.385771317061));
#878 = CARTESIAN_POINT('',(0.82741373854,0.385771317061));
#879 = CARTESIAN_POINT('',(0.821216889591,0.385771317061));
#880 = CARTESIAN_POINT('',(0.818107493258,0.385771317061));
#881 = CARTESIAN_POINT('',(0.815019179399,0.385771317061));
#882 = CARTESIAN_POINT('',(0.808822575449,0.385771317061));
#883 = CARTESIAN_POINT('',(0.805715003932,0.385771317061));
#884 = CARTESIAN_POINT('',(0.802624761666,0.385771317061));
#885 = CARTESIAN_POINT('',(0.796428344623,0.385771317061));
#886 = CARTESIAN_POINT('',(0.793322632888,0.385771317061));
#887 = CARTESIAN_POINT('',(0.79023043935,0.385771317061));
#888 = CARTESIAN_POINT('',(0.784034159626,0.385771317061));
#889 = CARTESIAN_POINT('',(0.780930334739,0.385771317061));
#890 = CARTESIAN_POINT('',(0.777836181232,0.385771317061));
#891 = CARTESIAN_POINT('',(0.771639995417,0.385771317061));
#892 = CARTESIAN_POINT('',(0.768538079049,0.385771317061));
#893 = CARTESIAN_POINT('',(0.76544196633,0.385771317061));
#894 = CARTESIAN_POINT('',(0.759258358617,0.385771317061));
#895 = CARTESIAN_POINT('',(0.756170860672,0.385771317061));
#896 = CARTESIAN_POINT('',(0.753085280203,0.385771317061));
#897 = CARTESIAN_POINT('',(0.74690164351,0.385771317061));
#898 = CARTESIAN_POINT('',(0.74380358656,0.385771317061));
#899 = CARTESIAN_POINT('',(0.740703588623,0.385771317061));
#900 = CARTESIAN_POINT('',(0.734507457344,0.385771317061));
#901 = CARTESIAN_POINT('',(0.731411352609,0.385771317061));
#902 = CARTESIAN_POINT('',(0.728309428415,0.385771317061));
#903 = CARTESIAN_POINT('',(0.722113242299,0.385771317061));
#904 = CARTESIAN_POINT('',(0.719019096793,0.385771317061));
#905 = CARTESIAN_POINT('',(0.71591526416,0.385771317061));
#906 = CARTESIAN_POINT('',(0.709718983967,0.385771317061));
#907 = CARTESIAN_POINT('',(0.706626798417,0.385771317061));
#908 = CARTESIAN_POINT('',(0.703521079033,0.385771317061));
#909 = CARTESIAN_POINT('',(0.697324661334,0.385771317061));
#910 = CARTESIAN_POINT('',(0.694234426994,0.385771317061));
#911 = CARTESIAN_POINT('',(0.691126847954,0.385771317061));
#912 = CARTESIAN_POINT('',(0.684930243129,0.385771317061));
#913 = CARTESIAN_POINT('',(0.681841937066,0.385771317061));
#914 = CARTESIAN_POINT('',(0.678732533373,0.385771317061));
#915 = CARTESIAN_POINT('',(0.672535683291,0.385771317061));
#916 = CARTESIAN_POINT('',(0.669449261696,0.385771317061));
#917 = CARTESIAN_POINT('',(0.666338079935,0.385771317061));
#918 = CARTESIAN_POINT('',(0.660146358656,0.385771317061));
#919 = CARTESIAN_POINT('',(0.657067283256,0.385771317061));
#920 = CARTESIAN_POINT('',(0.653960027109,0.385771317061));
#921 = CARTESIAN_POINT('',(0.650821960129,0.385771317061));
#922 = ( GEOMETRIC_REPRESENTATION_CONTEXT(2) 
PARAMETRIC_REPRESENTATION_CONTEXT() REPRESENTATION_CONTEXT('2D SPACE',''
  ) );
#923 = PCURVE('',#924,#929);
#924 = PLANE('',#925);
#925 = AXIS2_PLACEMENT_3D('',#926,#927,#928);
#926 = CARTESIAN_POINT('',(-46.,-142.,-22.));
#927 = DIRECTION('',(0.,0.,1.));
#928 = DIRECTION('',(1.,0.,0.));
#929 = DEFINITIONAL_REPRESENTATION('',(#930),#981);
#930 = B_SPLINE_CURVE_WITH_KNOTS('',4,(#931,#932,#933,#934,#935,#936,
    #937,#938,#939,#940,#941,#942,#943,#944,#945,#946,#947,#948,#949,
    #950,#951,#952,#953,#954,#955,#956,#957,#958,#959,#960,#961,#962,
    #963,#964,#965,#966,#967,#968,#969,#970,#971,#972,#973,#974,#975,
    #976,#977,#978,#979,#980),.UNSPECIFIED.,.F.,.F.,(5,3,3,3,3,3,3,3,3,3
    ,3,3,3,3,3,3,5),(0.,5.86814095878E-02,0.118758208503,0.180186959896,
    0.242772353341,0.306302381156,0.370551913675,0.435286114708,
    0.500001573086,0.564978703034,0.629711413258,0.693958481454,
    0.757485104271,0.820066198554,0.881489817368,0.941560726016,1.),
  .UNSPECIFIED.);
#931 = CARTESIAN_POINT('',(92.,102.61161753985));
#932 = CARTESIAN_POINT('',(90.732758711347,102.05116057424));
#933 = CARTESIAN_POINT('',(89.45397082874,101.51681577352));
#934 = CARTESIAN_POINT('',(88.164946809593,101.00778157257));
#935 = CARTESIAN_POINT('',(85.537642935476,100.02745654105));
#936 = CARTESIAN_POINT('',(84.198924382626,99.557351241891));
#937 = CARTESIAN_POINT('',(82.851696163579,99.112333845467));
#938 = CARTESIAN_POINT('',(80.111546717451,98.261808180724));
#939 = CARTESIAN_POINT('',(78.718282515473,97.857414294176));
#940 = CARTESIAN_POINT('',(77.318045146008,97.477978221592));
#941 = CARTESIAN_POINT('',(74.478747373539,96.761306246078));
#942 = CARTESIAN_POINT('',(73.039454877418,96.424999229435));
#943 = CARTESIAN_POINT('',(71.594609251975,96.113517943856));
#944 = CARTESIAN_POINT('',(68.673369368516,95.535031633667));
#945 = CARTESIAN_POINT('',(67.196830123522,95.268768611455));
#946 = CARTESIAN_POINT('',(65.716065279122,95.027211611005));
#947 = CARTESIAN_POINT('',(62.730587394946,94.590408789293));
#948 = CARTESIAN_POINT('',(61.225794764476,94.395718208206));
#949 = CARTESIAN_POINT('',(59.718033978803,94.225636335491));
#950 = CARTESIAN_POINT('',(56.686412634795,93.933158760418));
#951 = CARTESIAN_POINT('',(55.162517895663,93.811132283852));
#952 = CARTESIAN_POINT('',(53.636863439377,93.713646305598));
#953 = CARTESIAN_POINT('',(50.583657216346,93.567559016627));
#954 = CARTESIAN_POINT('',(49.056107440061,93.518943469533));
#955 = CARTESIAN_POINT('',(47.527979733092,93.494636508693));
#956 = CARTESIAN_POINT('',(44.465544258485,93.494640061046));
#957 = CARTESIAN_POINT('',(42.931237761416,93.519147552754));
#958 = CARTESIAN_POINT('',(41.397516273551,93.56816061098));
#959 = CARTESIAN_POINT('',(38.338202220272,93.715142327317));
#960 = CARTESIAN_POINT('',(36.812602100659,93.812926230619));
#961 = CARTESIAN_POINT('',(35.288766557209,93.93525084511));
#962 = CARTESIAN_POINT('',(32.257296323288,94.228321553183));
#963 = CARTESIAN_POINT('',(30.749627305442,94.398697663637));
#964 = CARTESIAN_POINT('',(29.24493146046,94.593682824025));
#965 = CARTESIAN_POINT('',(26.259679169192,95.031069762334));
#966 = CARTESIAN_POINT('',(24.779042906995,95.2729155393));
#967 = CARTESIAN_POINT('',(23.302637504208,95.53946778658));
#968 = CARTESIAN_POINT('',(20.381696325218,96.118525666412));
#969 = CARTESIAN_POINT('',(18.937015252007,96.430288533523));
#970 = CARTESIAN_POINT('',(17.497892899056,96.766877653672));
#971 = CARTESIAN_POINT('',(14.658965127336,97.484105199851));
#972 = CARTESIAN_POINT('',(13.25892721278,97.863813978431));
#973 = CARTESIAN_POINT('',(11.86586848215,98.268481117393));
#974 = CARTESIAN_POINT('',(9.126158085286,99.119543002135));
#975 = CARTESIAN_POINT('',(7.779162939945,99.564822615328));
#976 = CARTESIAN_POINT('',(6.440684003659,100.03519063279));
#977 = CARTESIAN_POINT('',(3.819097112567,101.01408410242));
#978 = CARTESIAN_POINT('',(2.535476131445,101.52122592221));
#979 = CARTESIAN_POINT('',(1.262012303909,102.05347317303));
#980 = CARTESIAN_POINT('',(0.,102.61161753971));
#981 = ( GEOMETRIC_REPRESENTATION_CONTEXT(2) 
PARAMETRIC_REPRESENTATION_CONTEXT() REPRESENTATION_CONTEXT('2D SPACE',''
  ) );
#982 = ORIENTED_EDGE('',*,*,#983,.T.);
#983 = EDGE_CURVE('',#815,#984,#986,.T.);
#984 = VERTEX_POINT('',#985);
#985 = CARTESIAN_POINT('',(-46.,-23.83370021801,46.));
#986 = SURFACE_CURVE('',#987,(#1054,#1124),.PCURVE_S1.);
#987 = B_SPLINE_CURVE_WITH_KNOTS('',5,(#988,#989,#990,#991,#992,#993,
    #994,#995,#996,#997,#998,#999,#1000,#1001,#1002,#1003,#1004,#1005,
    #1006,#1007,#1008,#1009,#1010,#1011,#1012,#1013,#1014,#1015,#1016,
    #1017,#1018,#1019,#1020,#1021,#1022,#1023,#1024,#1025,#1026,#1027,
    #1028,#1029,#1030,#1031,#1032,#1033,#1034,#1035,#1036,#1037,#1038,
    #1039,#1040,#1041,#1042,#1043,#1044,#1045,#1046,#1047,#1048,#1049,
    #1050,#1051,#1052,#1053),.UNSPECIFIED.,.F.,.F.,(6,4,4,4,4,4,4,4,4,4,
    4,4,4,4,4,4,6),(0.,6.578135266724E-02,0.131148766341,0.196620497474,
    0.261540128505,0.326299053395,0.390288051275,0.453687542534,
    0.516447154055,0.578787145339,0.640220877841,0.701268260854,
    0.76151462998,0.821537478905,0.881003447479,0.940332672858,1.),
  .UNSPECIFIED.);
#988 = CARTESIAN_POINT('',(-46.,-39.38838246028,-22.));
#989 = CARTESIAN_POINT('',(-46.,-39.31173800566,-21.08286148251));
#990 = CARTESIAN_POINT('',(-46.,-39.22903352302,-20.16622962732));
#991 = CARTESIAN_POINT('',(-46.,-39.14052971335,-19.25013566668));
#992 = CARTESIAN_POINT('',(-46.,-39.04646244837,-18.33460448774));
#993 = CARTESIAN_POINT('',(-46.,-38.84824870584,-16.51046223604));
#994 = CARTESIAN_POINT('',(-46.,-38.74416983894,-15.60184426633));
#995 = CARTESIAN_POINT('',(-46.,-38.63501348914,-14.69381912939));
#996 = CARTESIAN_POINT('',(-46.,-38.52096716397,-13.78640146076));
#997 = CARTESIAN_POINT('',(-46.,-38.28324041597,-11.97135566246));
#998 = CARTESIAN_POINT('',(-46.,-38.1595452389,-11.0637297818));
#999 = CARTESIAN_POINT('',(-46.,-38.03128170192,-10.15673552453));
#1000 = CARTESIAN_POINT('',(-46.,-37.89860169713,-9.250381805371));
#1001 = CARTESIAN_POINT('',(-46.,-37.6258339193,-7.446606523889));
#1002 = CARTESIAN_POINT('',(-46.,-37.4858182703,-6.549174286017));
#1003 = CARTESIAN_POINT('',(-46.,-37.34172525246,-5.652385392709));
#1004 = CARTESIAN_POINT('',(-46.,-37.19367258421,-4.756245656835));
#1005 = CARTESIAN_POINT('',(-46.,-36.89023113544,-2.967491105848));
#1006 = CARTESIAN_POINT('',(-46.,-36.73486155944,-2.074873206581));
#1007 = CARTESIAN_POINT('',(-46.,-36.57575802729,-1.18291124563));
#1008 = CARTESIAN_POINT('',(-46.,-36.413010714,-0.291610205215));
#1009 = CARTESIAN_POINT('',(-46.,-36.08236071372,1.479071098701));
#1010 = CARTESIAN_POINT('',(-46.,-35.91454239007,2.358466979829));
#1011 = CARTESIAN_POINT('',(-46.,-35.74331687927,3.237207656896));
#1012 = CARTESIAN_POINT('',(-46.,-35.5687473949,4.115287438008));
#1013 = CARTESIAN_POINT('',(-46.,-35.21466231098,5.862028909021));
#1014 = CARTESIAN_POINT('',(-46.,-35.03520710143,6.730702727772));
#1015 = CARTESIAN_POINT('',(-46.,-34.85257023216,7.598714933503));
#1016 = CARTESIAN_POINT('',(-46.,-34.66679082753,8.466057663441));
#1017 = CARTESIAN_POINT('',(-46.,-34.29090932831,10.190638300539));
#1018 = CARTESIAN_POINT('',(-46.,-34.10086974424,11.047889729965));
#1019 = CARTESIAN_POINT('',(-46.,-33.90780527472,11.904466718481));
#1020 = CARTESIAN_POINT('',(-46.,-33.71173188799,12.760357925207));
#1021 = CARTESIAN_POINT('',(-46.,-33.31490784441,14.465023656915));
#1022 = CARTESIAN_POINT('',(-46.,-33.11419714056,15.313807379208));
#1023 = CARTESIAN_POINT('',(-46.,-32.91052694373,16.161887645411));
#1024 = CARTESIAN_POINT('',(-46.,-32.70389012766,17.009248090028));
#1025 = CARTESIAN_POINT('',(-46.,-32.28769266719,18.690182805623));
#1026 = CARTESIAN_POINT('',(-46.,-32.07821807646,19.523778272729));
#1027 = CARTESIAN_POINT('',(-46.,-31.86582584283,20.356637099324));
#1028 = CARTESIAN_POINT('',(-46.,-31.65048541056,21.188736767592));
#1029 = CARTESIAN_POINT('',(-46.,-31.21519519644,22.846136815279));
#1030 = CARTESIAN_POINT('',(-46.,-30.99528276608,23.671446871942));
#1031 = CARTESIAN_POINT('',(-46.,-30.77237433346,24.495955072723));
#1032 = CARTESIAN_POINT('',(-46.,-30.54641397934,25.31963036058));
#1033 = CARTESIAN_POINT('',(-46.,-30.09125587352,26.954446505207));
#1034 = CARTESIAN_POINT('',(-46.,-29.86213932382,27.765609805135));
#1035 = CARTESIAN_POINT('',(-46.,-29.62991542581,28.575891708912));
#1036 = CARTESIAN_POINT('',(-46.,-29.39450226833,29.385251004961));
#1037 = CARTESIAN_POINT('',(-46.,-28.91798926533,30.999029767209));
#1038 = CARTESIAN_POINT('',(-46.,-28.67691354973,31.803456138122));
#1039 = CARTESIAN_POINT('',(-46.,-28.43248006951,32.606872050142));
#1040 = CARTESIAN_POINT('',(-46.,-28.18457604479,33.409221939819));
#1041 = CARTESIAN_POINT('',(-46.,-27.6839006978,35.004227962149));
#1042 = CARTESIAN_POINT('',(-46.,-27.43119562845,35.796904590211));
#1043 = CARTESIAN_POINT('',(-46.,-27.174830305,36.588409479849));
#1044 = CARTESIAN_POINT('',(-46.,-26.91465947279,37.378669492188));
#1045 = CARTESIAN_POINT('',(-46.,-26.38698547669,38.954717316534));
#1046 = CARTESIAN_POINT('',(-46.,-26.11950024373,39.740510700135));
#1047 = CARTESIAN_POINT('',(-46.,-25.84789999394,40.524897357964));
#1048 = CARTESIAN_POINT('',(-46.,-25.57199925296,41.307779138579));
#1049 = CARTESIAN_POINT('',(-46.,-25.00958307995,42.874759115562));
#1050 = CARTESIAN_POINT('',(-46.,-24.72301607226,43.65883816158));
#1051 = CARTESIAN_POINT('',(-46.,-24.43167640293,44.441165085688));
#1052 = CARTESIAN_POINT('',(-46.,-24.13532734229,45.221604955417));
#1053 = CARTESIAN_POINT('',(-46.,-23.83370021801,46.));
#1054 = PCURVE('',#57,#1055);
#1055 = DEFINITIONAL_REPRESENTATION('',(#1056),#1123);
#1056 = B_SPLINE_CURVE_WITH_KNOTS('',5,(#1057,#1058,#1059,#1060,#1061,
    #1062,#1063,#1064,#1065,#1066,#1067,#1068,#1069,#1070,#1071,#1072,
    #1073,#1074,#1075,#1076,#1077,#1078,#1079,#1080,#1081,#1082,#1083,
    #1084,#1085,#1086,#1087,#1088,#1089,#1090,#1091,#1092,#1093,#1094,
    #1095,#1096,#1097,#1098,#1099,#1100,#1101,#1102,#1103,#1104,#1105,
    #1106,#1107,#1108,#1109,#1110,#1111,#1112,#1113,#1114,#1115,#1116,
    #1117,#1118,#1119,#1120,#1121,#1122),.UNSPECIFIED.,.F.,.F.,(6,4,4,4,
    4,4,4,4,4,4,4,4,4,4,4,4,6),(0.,6.578135266724E-02,0.131148766341,
    0.196620497474,0.261540128505,0.326299053395,0.390288051275,
    0.453687542534,0.516447154055,0.578787145339,0.640220877841,
    0.701268260854,0.76151462998,0.821537478905,0.881003447479,
    0.940332672858,1.),.UNSPECIFIED.);
#1057 = CARTESIAN_POINT('',(0.650821959688,0.385771317038));
#1058 = CARTESIAN_POINT('',(0.650675193558,0.390868339771));
#1059 = CARTESIAN_POINT('',(0.650516353106,0.395961906476));
#1060 = CARTESIAN_POINT('',(0.650345784293,0.40105319342));
#1061 = CARTESIAN_POINT('',(0.650163775614,0.406143330963));
#1062 = CARTESIAN_POINT('',(0.649778556427,0.416291446116));
#1063 = CARTESIAN_POINT('',(0.64957548736,0.421349423771));
#1064 = CARTESIAN_POINT('',(0.649361577553,0.426408400317));
#1065 = CARTESIAN_POINT('',(0.649137007708,0.431469395642));
#1066 = CARTESIAN_POINT('',(0.648666442267,0.441605457248));
#1067 = CARTESIAN_POINT('',(0.648420413762,0.446680532477));
#1068 = CARTESIAN_POINT('',(0.64816396302,0.451759592135));
#1069 = CARTESIAN_POINT('',(0.647897186571,0.456843572535));
#1070 = CARTESIAN_POINT('',(0.647345432691,0.466980238195));
#1071 = CARTESIAN_POINT('',(0.647060628088,0.472032825162));
#1072 = CARTESIAN_POINT('',(0.646765783831,0.477091996281));
#1073 = CARTESIAN_POINT('',(0.64646092138,0.482158576008));
#1074 = CARTESIAN_POINT('',(0.645831913192,0.492295548522));
#1075 = CARTESIAN_POINT('',(0.645507817161,0.49736589996));
#1076 = CARTESIAN_POINT('',(0.645173726714,0.502445171556));
#1077 = CARTESIAN_POINT('',(0.644829595621,0.507534086855));
#1078 = CARTESIAN_POINT('',(0.644125304419,0.517671926059));
#1079 = CARTESIAN_POINT('',(0.643765383391,0.522720604983));
#1080 = CARTESIAN_POINT('',(0.643395504487,0.527780006022));
#1081 = CARTESIAN_POINT('',(0.643015557685,0.532850722833));
#1082 = CARTESIAN_POINT('',(0.642238835742,0.542969038641));
#1083 = CARTESIAN_POINT('',(0.641842247528,0.54801641882));
#1084 = CARTESIAN_POINT('',(0.641435495689,0.553075956287));
#1085 = CARTESIAN_POINT('',(0.64101840514,0.558148107715));
#1086 = CARTESIAN_POINT('',(0.640167440759,0.5682670954));
#1087 = CARTESIAN_POINT('',(0.639733778229,0.573313668705));
#1088 = CARTESIAN_POINT('',(0.63928957302,0.578373362432));
#1089 = CARTESIAN_POINT('',(0.638834580514,0.583446476289));
#1090 = CARTESIAN_POINT('',(0.637905567203,0.593585973949));
#1091 = CARTESIAN_POINT('',(0.63743169314,0.598652173798));
#1092 = CARTESIAN_POINT('',(0.63694661474,0.603732046599));
#1093 = CARTESIAN_POINT('',(0.636450005549,0.608825712029));
#1094 = CARTESIAN_POINT('',(0.635440369904,0.618966424521));
#1095 = CARTESIAN_POINT('',(0.634927685981,0.624013070358));
#1096 = CARTESIAN_POINT('',(0.634403082194,0.629073152804));
#1097 = CARTESIAN_POINT('',(0.633866145234,0.634146580668));
#1098 = CARTESIAN_POINT('',(0.632770124053,0.644287728875));
#1099 = CARTESIAN_POINT('',(0.632211198948,0.649355281704));
#1100 = CARTESIAN_POINT('',(0.631639171002,0.654435607234));
#1101 = CARTESIAN_POINT('',(0.631053511968,0.659528369421));
#1102 = CARTESIAN_POINT('',(0.629861609365,0.669670843749));
#1103 = CARTESIAN_POINT('',(0.629255734966,0.674720241062));
#1104 = CARTESIAN_POINT('',(0.628635428895,0.679780835435));
#1105 = CARTESIAN_POINT('',(0.628000035513,0.684852019604));
#1106 = CARTESIAN_POINT('',(0.626700013581,0.694995193646));
#1107 = CARTESIAN_POINT('',(0.626035500008,0.700067107747));
#1108 = CARTESIAN_POINT('',(0.625354546557,0.705148021572));
#1109 = CARTESIAN_POINT('',(0.624656319791,0.710237004898));
#1110 = CARTESIAN_POINT('',(0.623230091296,0.720381616259));
#1111 = CARTESIAN_POINT('',(0.622502423081,0.725437112793));
#1112 = CARTESIAN_POINT('',(0.621755966737,0.730498362595));
#1113 = CARTESIAN_POINT('',(0.620989682372,0.735564094534));
#1114 = CARTESIAN_POINT('',(0.619416929745,0.745689936838));
#1115 = CARTESIAN_POINT('',(0.618610554231,0.750750030443));
#1116 = CARTESIAN_POINT('',(0.617782114957,0.755811669319));
#1117 = CARTESIAN_POINT('',(0.61693028639,0.76087318586));
#1118 = CARTESIAN_POINT('',(0.615171871149,0.771021046747));
#1119 = CARTESIAN_POINT('',(0.614264998267,0.776107364535));
#1120 = CARTESIAN_POINT('',(0.613331430253,0.781189743198));
#1121 = CARTESIAN_POINT('',(0.612369448643,0.786266030995));
#1122 = CARTESIAN_POINT('',(0.611377077886,0.791333843616));
#1123 = ( GEOMETRIC_REPRESENTATION_CONTEXT(2) 
PARAMETRIC_REPRESENTATION_CONTEXT() REPRESENTATION_CONTEXT('2D SPACE',''
  ) );
#1124 = PCURVE('',#1125,#1130);
#1125 = PLANE('',#1126);
#1126 = AXIS2_PLACEMENT_3D('',#1127,#1128,#1129);
#1127 = CARTESIAN_POINT('',(-46.,-142.,-22.));
#1128 = DIRECTION('',(1.,0.,0.));
#1129 = DIRECTION('',(0.,0.,1.));
#1130 = DEFINITIONAL_REPRESENTATION('',(#1131),#1198);
#1131 = B_SPLINE_CURVE_WITH_KNOTS('',5,(#1132,#1133,#1134,#1135,#1136,
    #1137,#1138,#1139,#1140,#1141,#1142,#1143,#1144,#1145,#1146,#1147,
    #1148,#1149,#1150,#1151,#1152,#1153,#1154,#1155,#1156,#1157,#1158,
    #1159,#1160,#1161,#1162,#1163,#1164,#1165,#1166,#1167,#1168,#1169,
    #1170,#1171,#1172,#1173,#1174,#1175,#1176,#1177,#1178,#1179,#1180,
    #1181,#1182,#1183,#1184,#1185,#1186,#1187,#1188,#1189,#1190,#1191,
    #1192,#1193,#1194,#1195,#1196,#1197),.UNSPECIFIED.,.F.,.F.,(6,4,4,4,
    4,4,4,4,4,4,4,4,4,4,4,4,6),(0.,6.578135266724E-02,0.131148766341,
    0.196620497474,0.261540128505,0.326299053395,0.390288051275,
    0.453687542534,0.516447154055,0.578787145339,0.640220877841,
    0.701268260854,0.76151462998,0.821537478905,0.881003447479,
    0.940332672858,1.),.UNSPECIFIED.);
#1132 = CARTESIAN_POINT('',(0.,-102.6116175397));
#1133 = CARTESIAN_POINT('',(0.917138517483,-102.6882619943));
#1134 = CARTESIAN_POINT('',(1.833770372674,-102.7709664769));
#1135 = CARTESIAN_POINT('',(2.749864333314,-102.8594702866));
#1136 = CARTESIAN_POINT('',(3.665395512256,-102.9535375516));
#1137 = CARTESIAN_POINT('',(5.489537763953,-103.1517512941));
#1138 = CARTESIAN_POINT('',(6.398155733668,-103.255830161));
#1139 = CARTESIAN_POINT('',(7.306180870606,-103.3649865108));
#1140 = CARTESIAN_POINT('',(8.213598539234,-103.479032836));
#1141 = CARTESIAN_POINT('',(10.02864433754,-103.716759584));
#1142 = CARTESIAN_POINT('',(10.936270218198,-103.840454761));
#1143 = CARTESIAN_POINT('',(11.843264475467,-103.968718298));
#1144 = CARTESIAN_POINT('',(12.749618194629,-104.1013983028));
#1145 = CARTESIAN_POINT('',(14.553393476111,-104.3741660806));
#1146 = CARTESIAN_POINT('',(15.450825713983,-104.5141817296));
#1147 = CARTESIAN_POINT('',(16.347614607291,-104.6582747475));
#1148 = CARTESIAN_POINT('',(17.243754343165,-104.8063274157));
#1149 = CARTESIAN_POINT('',(19.032508894152,-105.1097688645));
#1150 = CARTESIAN_POINT('',(19.925126793419,-105.2651384405));
#1151 = CARTESIAN_POINT('',(20.81708875437,-105.4242419727));
#1152 = CARTESIAN_POINT('',(21.708389794785,-105.5869892859));
#1153 = CARTESIAN_POINT('',(23.479071098701,-105.9176392862));
#1154 = CARTESIAN_POINT('',(24.358466979829,-106.0854576099));
#1155 = CARTESIAN_POINT('',(25.237207656896,-106.2566831207));
#1156 = CARTESIAN_POINT('',(26.115287438008,-106.431252605));
#1157 = CARTESIAN_POINT('',(27.862028909021,-106.785337689));
#1158 = CARTESIAN_POINT('',(28.730702727772,-106.9647928985));
#1159 = CARTESIAN_POINT('',(29.598714933503,-107.1474297678));
#1160 = CARTESIAN_POINT('',(30.466057663441,-107.3332091724));
#1161 = CARTESIAN_POINT('',(32.190638300539,-107.7090906716));
#1162 = CARTESIAN_POINT('',(33.047889729965,-107.8991302557));
#1163 = CARTESIAN_POINT('',(33.904466718481,-108.0921947252));
#1164 = CARTESIAN_POINT('',(34.760357925207,-108.288268112));
#1165 = CARTESIAN_POINT('',(36.465023656915,-108.6850921555));
#1166 = CARTESIAN_POINT('',(37.313807379208,-108.8858028594));
#1167 = CARTESIAN_POINT('',(38.161887645411,-109.0894730562));
#1168 = CARTESIAN_POINT('',(39.009248090028,-109.2961098723));
#1169 = CARTESIAN_POINT('',(40.690182805623,-109.7123073328));
#1170 = CARTESIAN_POINT('',(41.523778272729,-109.9217819235));
#1171 = CARTESIAN_POINT('',(42.356637099324,-110.1341741571));
#1172 = CARTESIAN_POINT('',(43.188736767592,-110.3495145894));
#1173 = CARTESIAN_POINT('',(44.846136815279,-110.7848048035));
#1174 = CARTESIAN_POINT('',(45.671446871942,-111.0047172339));
#1175 = CARTESIAN_POINT('',(46.495955072723,-111.2276256665));
#1176 = CARTESIAN_POINT('',(47.31963036058,-111.4535860206));
#1177 = CARTESIAN_POINT('',(48.954446505207,-111.9087441264));
#1178 = CARTESIAN_POINT('',(49.765609805135,-112.1378606761));
#1179 = CARTESIAN_POINT('',(50.575891708912,-112.3700845741));
#1180 = CARTESIAN_POINT('',(51.385251004961,-112.6054977316));
#1181 = CARTESIAN_POINT('',(52.999029767209,-113.0820107346));
#1182 = CARTESIAN_POINT('',(53.803456138122,-113.3230864502));
#1183 = CARTESIAN_POINT('',(54.606872050142,-113.5675199304));
#1184 = CARTESIAN_POINT('',(55.409221939819,-113.8154239552));
#1185 = CARTESIAN_POINT('',(57.004227962149,-114.3160993021));
#1186 = CARTESIAN_POINT('',(57.796904590211,-114.5688043715));
#1187 = CARTESIAN_POINT('',(58.588409479849,-114.8251696949));
#1188 = CARTESIAN_POINT('',(59.378669492188,-115.0853405272));
#1189 = CARTESIAN_POINT('',(60.954717316534,-115.6130145233));
#1190 = CARTESIAN_POINT('',(61.740510700135,-115.8804997562));
#1191 = CARTESIAN_POINT('',(62.524897357964,-116.152100006));
#1192 = CARTESIAN_POINT('',(63.307779138579,-116.428000747));
#1193 = CARTESIAN_POINT('',(64.874759115562,-116.99041692));
#1194 = CARTESIAN_POINT('',(65.65883816158,-117.2769839277));
#1195 = CARTESIAN_POINT('',(66.441165085688,-117.568323597));
#1196 = CARTESIAN_POINT('',(67.221604955417,-117.8646726577));
#1197 = CARTESIAN_POINT('',(68.,-118.1662997819));
#1198 = ( GEOMETRIC_REPRESENTATION_CONTEXT(2) 
PARAMETRIC_REPRESENTATION_CONTEXT() REPRESENTATION_CONTEXT('2D SPACE',''
  ) );
#1199 = ORIENTED_EDGE('',*,*,#1200,.F.);
#1200 = EDGE_CURVE('',#1201,#984,#1203,.T.);
#1201 = VERTEX_POINT('',#1202);
#1202 = CARTESIAN_POINT('',(46.,-23.83370021772,46.));
#1203 = SURFACE_CURVE('',#1204,(#1271,#1341),.PCURVE_S1.);
#1204 = B_SPLINE_CURVE_WITH_KNOTS('',5,(#1205,#1206,#1207,#1208,#1209,
    #1210,#1211,#1212,#1213,#1214,#1215,#1216,#1217,#1218,#1219,#1220,
    #1221,#1222,#1223,#1224,#1225,#1226,#1227,#1228,#1229,#1230,#1231,
    #1232,#1233,#1234,#1235,#1236,#1237,#1238,#1239,#1240,#1241,#1242,
    #1243,#1244,#1245,#1246,#1247,#1248,#1249,#1250,#1251,#1252,#1253,
    #1254,#1255,#1256,#1257,#1258,#1259,#1260,#1261,#1262,#1263,#1264,
    #1265,#1266,#1267,#1268,#1269,#1270),.UNSPECIFIED.,.F.,.F.,(6,4,4,4,
    4,4,4,4,4,4,4,4,4,4,4,4,6),(0.,5.526899102955E-02,0.113005667398,
    0.173409065675,0.235839060582,0.300293998068,0.365987833813,
    0.432845018439,0.50000116618,0.567350922094,0.634014464493,
    0.699896274087,0.764163139056,0.826770471621,0.886996379849,
    0.944896005894,1.),.UNSPECIFIED.);
#1205 = CARTESIAN_POINT('',(46.,-23.83370021772,46.));
#1206 = CARTESIAN_POINT('',(45.132457765318,-24.467789269,46.));
#1207 = CARTESIAN_POINT('',(44.247754639641,-25.07838587607,46.));
#1208 = CARTESIAN_POINT('',(43.347643948719,-25.66614975383,46.));
#1209 = CARTESIAN_POINT('',(42.43362153195,-26.23172138955,46.));
#1210 = CARTESIAN_POINT('',(40.538867570352,-27.34403023526,46.));
#1211 = CARTESIAN_POINT('',(39.556992217226,-27.88879168461,46.));
#1212 = CARTESIAN_POINT('',(38.562730378063,-28.41073080223,46.));
#1213 = CARTESIAN_POINT('',(37.55729581839,-28.91050048043,46.));
#1214 = CARTESIAN_POINT('',(35.479203886303,-29.88901270265,46.));
#1215 = CARTESIAN_POINT('',(34.405596827054,-30.36571303829,46.));
#1216 = CARTESIAN_POINT('',(33.322049194411,-30.81951197871,46.));
#1217 = CARTESIAN_POINT('',(32.229561508817,-31.25102553709,46.));
#1218 = CARTESIAN_POINT('',(29.991471285402,-32.08434913305,46.));
#1219 = CARTESIAN_POINT('',(28.845324502303,-32.48467382969,46.));
#1220 = CARTESIAN_POINT('',(27.691475675512,-32.86240234648,46.));
#1221 = CARTESIAN_POINT('',(26.530739522207,-33.21806477732,46.));
#1222 = CARTESIAN_POINT('',(24.159043917411,-33.89702876305,46.));
#1223 = CARTESIAN_POINT('',(22.947682833072,-34.21890470144,46.));
#1224 = CARTESIAN_POINT('',(21.730506539414,-34.51827031261,46.));
#1225 = CARTESIAN_POINT('',(20.5082008558,-34.79555614125,46.));
#1226 = CARTESIAN_POINT('',(18.030956088003,-35.31161358523,46.));
#1227 = CARTESIAN_POINT('',(16.77584614424,-35.54954145009,46.));
#1228 = CARTESIAN_POINT('',(15.51667960078,-35.76529932063,46.));
#1229 = CARTESIAN_POINT('',(14.254039947335,-35.95919824448,46.));
#1230 = CARTESIAN_POINT('',(11.700460706285,-36.30682589099,46.));
#1231 = CARTESIAN_POINT('',(10.409419799724,-36.45978191012,46.));
#1232 = CARTESIAN_POINT('',(9.115892125457,-36.59061578207,46.));
#1233 = CARTESIAN_POINT('',(7.820403812635,-36.69951775568,46.));
#1234 = CARTESIAN_POINT('',(5.220695508435,-36.87410212362,46.));
#1235 = CARTESIAN_POINT('',(3.916465674756,-36.93958898042,46.));
#1236 = CARTESIAN_POINT('',(2.611261665686,-36.98320389594,46.));
#1237 = CARTESIAN_POINT('',(1.30557493362,-37.00501076363,46.));
#1238 = CARTESIAN_POINT('',(-1.30956587124,-37.00500773015,46.));
#1239 = CARTESIAN_POINT('',(-2.619016770371,-36.98307190154,46.));
#1240 = CARTESIAN_POINT('',(-3.927980725907,-36.93920209905,46.));
#1241 = CARTESIAN_POINT('',(-5.235961988113,-36.87333368316,46.));
#1242 = CARTESIAN_POINT('',(-7.835635170632,-36.69823697553,46.));
#1243 = CARTESIAN_POINT('',(-9.127354027008,-36.58945739987,46.));
#1244 = CARTESIAN_POINT('',(-10.41712051167,-36.45887167068,46.));
#1245 = CARTESIAN_POINT('',(-11.70441296314,-36.30629098146,46.));
#1246 = CARTESIAN_POINT('',(-14.25788217298,-35.95867210006,46.));
#1247 = CARTESIAN_POINT('',(-15.52412575922,-35.76415329335,46.));
#1248 = CARTESIAN_POINT('',(-16.78687476624,-35.54764951909,46.));
#1249 = CARTESIAN_POINT('',(-18.0455405163,-35.30884686996,46.));
#1250 = CARTESIAN_POINT('',(-20.52267548712,-34.79227205348,46.));
#1251 = CARTESIAN_POINT('',(-21.74136913729,-34.51559960056,46.));
#1252 = CARTESIAN_POINT('',(-22.95495925412,-34.21697348379,46.));
#1253 = CARTESIAN_POINT('',(-24.16276575375,-33.89596667325,46.));
#1254 = CARTESIAN_POINT('',(-26.53425893519,-33.21705394445,46.));
#1255 = CARTESIAN_POINT('',(-27.6982736529,-32.86031660716,46.));
#1256 = CARTESIAN_POINT('',(-28.85535980436,-32.48138624393,46.));
#1257 = CARTESIAN_POINT('',(-30.00469536843,-32.0797280532,46.));
#1258 = CARTESIAN_POINT('',(-32.2425871231,-31.24588011223,46.));
#1259 = CARTESIAN_POINT('',(-33.33178482607,-30.81543564578,46.));
#1260 = CARTESIAN_POINT('',(-34.41208901691,-30.36283290002,46.));
#1261 = CARTESIAN_POINT('',(-35.48250748796,-29.8874610303,46.));
#1262 = CARTESIAN_POINT('',(-37.56034070868,-28.90906298493,46.));
#1263 = CARTESIAN_POINT('',(-38.56858254516,-28.40781869271,46.));
#1264 = CARTESIAN_POINT('',(-39.56558554781,-27.88427781925,46.));
#1265 = CARTESIAN_POINT('',(-40.55012505366,-27.33778181509,46.));
#1266 = CARTESIAN_POINT('',(-42.44453544533,-26.22496651681,46.));
#1267 = CARTESIAN_POINT('',(-43.35570489732,-25.66088514976,46.));
#1268 = CARTESIAN_POINT('',(-44.25303671837,-25.07474002314,46.));
#1269 = CARTESIAN_POINT('',(-45.13504767731,-24.46589629533,46.));
#1270 = CARTESIAN_POINT('',(-46.,-23.83370021801,46.));
#1271 = PCURVE('',#57,#1272);
#1272 = DEFINITIONAL_REPRESENTATION('',(#1273),#1340);
#1273 = B_SPLINE_CURVE_WITH_KNOTS('',5,(#1274,#1275,#1276,#1277,#1278,
    #1279,#1280,#1281,#1282,#1283,#1284,#1285,#1286,#1287,#1288,#1289,
    #1290,#1291,#1292,#1293,#1294,#1295,#1296,#1297,#1298,#1299,#1300,
    #1301,#1302,#1303,#1304,#1305,#1306,#1307,#1308,#1309,#1310,#1311,
    #1312,#1313,#1314,#1315,#1316,#1317,#1318,#1319,#1320,#1321,#1322,
    #1323,#1324,#1325,#1326,#1327,#1328,#1329,#1330,#1331,#1332,#1333,
    #1334,#1335,#1336,#1337,#1338,#1339),.UNSPECIFIED.,.F.,.F.,(6,4,4,4,
    4,4,4,4,4,4,4,4,4,4,4,4,6),(0.,5.526899102955E-02,0.113005667398,
    0.173409065675,0.235839060582,0.300293998068,0.365987833813,
    0.432845018439,0.50000116618,0.567350922094,0.634014464493,
    0.699896274087,0.764163139056,0.826770471621,0.886996379849,
    0.944896005894,1.),.UNSPECIFIED.);
#1274 = CARTESIAN_POINT('',(0.888622922046,0.791333843606));
#1275 = CARTESIAN_POINT('',(0.885057869622,0.791333843606));
#1276 = CARTESIAN_POINT('',(0.881540855054,0.791333843606));
#1277 = CARTESIAN_POINT('',(0.878068971389,0.791333843606));
#1278 = CARTESIAN_POINT('',(0.874639532228,0.791333843606));
#1279 = CARTESIAN_POINT('',(0.867708813866,0.791333843606));
#1280 = CARTESIAN_POINT('',(0.864211209599,0.791333843606));
#1281 = CARTESIAN_POINT('',(0.860753986454,0.791333843606));
#1282 = CARTESIAN_POINT('',(0.857334410293,0.791333843606));
#1283 = CARTESIAN_POINT('',(0.850408913104,0.791333843606));
#1284 = CARTESIAN_POINT('',(0.846906333348,0.791333843606));
#1285 = CARTESIAN_POINT('',(0.843439063203,0.791333843606));
#1286 = CARTESIAN_POINT('',(0.840004412727,0.791333843606));
#1287 = CARTESIAN_POINT('',(0.833080966959,0.791333843606));
#1288 = CARTESIAN_POINT('',(0.829594246316,0.791333843606));
#1289 = CARTESIAN_POINT('',(0.82613681116,0.791333843606));
#1290 = CARTESIAN_POINT('',(0.822706130098,0.791333843606));
#1291 = CARTESIAN_POINT('',(0.815782949957,0.791333843606));
#1292 = CARTESIAN_POINT('',(0.812292073327,0.791333843606));
#1293 = CARTESIAN_POINT('',(0.808824501026,0.791333843606));
#1294 = CARTESIAN_POINT('',(0.805377833211,0.791333843606));
#1295 = CARTESIAN_POINT('',(0.798455799992,0.791333843606));
#1296 = CARTESIAN_POINT('',(0.794981169899,0.791333843606));
#1297 = CARTESIAN_POINT('',(0.791523436378,0.791333843606));
#1298 = CARTESIAN_POINT('',(0.788080355301,0.791333843606));
#1299 = CARTESIAN_POINT('',(0.781158376336,0.791333843606));
#1300 = CARTESIAN_POINT('',(0.777679934496,0.791333843606));
#1301 = CARTESIAN_POINT('',(0.774212117246,0.791333843606));
#1302 = CARTESIAN_POINT('',(0.770752760974,0.791333843606));
#1303 = CARTESIAN_POINT('',(0.763831239698,0.791333843606));
#1304 = CARTESIAN_POINT('',(0.760369134833,0.791333843606));
#1305 = CARTESIAN_POINT('',(0.756911255742,0.791333843606));
#1306 = CARTESIAN_POINT('',(0.753455477365,0.791333843606));
#1307 = CARTESIAN_POINT('',(0.746533959784,0.791333843606));
#1308 = CARTESIAN_POINT('',(0.743068218318,0.791333843606));
#1309 = CARTESIAN_POINT('',(0.739600357744,0.791333843606));
#1310 = CARTESIAN_POINT('',(0.736128234472,0.791333843606));
#1311 = CARTESIAN_POINT('',(0.729206566209,0.791333843606));
#1312 = CARTESIAN_POINT('',(0.725757155043,0.791333843606));
#1313 = CARTESIAN_POINT('',(0.722299319127,0.791333843606));
#1314 = CARTESIAN_POINT('',(0.718830913198,0.791333843606));
#1315 = CARTESIAN_POINT('',(0.711909226721,0.791333843606));
#1316 = CARTESIAN_POINT('',(0.708456256041,0.791333843606));
#1317 = CARTESIAN_POINT('',(0.704988542369,0.791333843606));
#1318 = CARTESIAN_POINT('',(0.701503822108,0.791333843606));
#1319 = CARTESIAN_POINT('',(0.694581350307,0.791333843606));
#1320 = CARTESIAN_POINT('',(0.691144554252,0.791333843606));
#1321 = CARTESIAN_POINT('',(0.687686961308,0.791333843606));
#1322 = CARTESIAN_POINT('',(0.684206191837,0.791333843606));
#1323 = CARTESIAN_POINT('',(0.677283590446,0.791333843606));
#1324 = CARTESIAN_POINT('',(0.673843091327,0.791333843606));
#1325 = CARTESIAN_POINT('',(0.670375678631,0.791333843606));
#1326 = CARTESIAN_POINT('',(0.666878799047,0.791333843606));
#1327 = CARTESIAN_POINT('',(0.659954634936,0.791333843606));
#1328 = CARTESIAN_POINT('',(0.656529785856,0.791333843606));
#1329 = CARTESIAN_POINT('',(0.653072492448,0.791333843606));
#1330 = CARTESIAN_POINT('',(0.649580087419,0.791333843606));
#1331 = CARTESIAN_POINT('',(0.642655432444,0.791333843606));
#1332 = CARTESIAN_POINT('',(0.639226101127,0.791333843606));
#1333 = CARTESIAN_POINT('',(0.63575890203,0.791333843606));
#1334 = CARTESIAN_POINT('',(0.632251077636,0.791333843606));
#1335 = CARTESIAN_POINT('',(0.625319513382,0.791333843606));
#1336 = CARTESIAN_POINT('',(0.621899933336,0.791333843606));
#1337 = CARTESIAN_POINT('',(0.618438145737,0.791333843606));
#1338 = CARTESIAN_POINT('',(0.614931487471,0.791333843606));
#1339 = CARTESIAN_POINT('',(0.611377077955,0.791333843606));
#1340 = ( GEOMETRIC_REPRESENTATION_CONTEXT(2) 
PARAMETRIC_REPRESENTATION_CONTEXT() REPRESENTATION_CONTEXT('2D SPACE',''
  ) );
#1341 = PCURVE('',#1342,#1347);
#1342 = PLANE('',#1343);
#1343 = AXIS2_PLACEMENT_3D('',#1344,#1345,#1346);
#1344 = CARTESIAN_POINT('',(-46.,-142.,46.));
#1345 = DIRECTION('',(0.,0.,1.));
#1346 = DIRECTION('',(1.,0.,0.));
#1347 = DEFINITIONAL_REPRESENTATION('',(#1348),#1415);
#1348 = B_SPLINE_CURVE_WITH_KNOTS('',5,(#1349,#1350,#1351,#1352,#1353,
    #1354,#1355,#1356,#1357,#1358,#1359,#1360,#1361,#1362,#1363,#1364,
    #1365,#1366,#1367,#1368,#1369,#1370,#1371,#1372,#1373,#1374,#1375,
    #1376,#1377,#1378,#1379,#1380,#1381,#1382,#1383,#1384,#1385,#1386,
    #1387,#1388,#1389,#1390,#1391,#1392,#1393,#1394,#1395,#1396,#1397,
    #1398,#1399,#1400,#1401,#1402,#1403,#1404,#1405,#1406,#1407,#1408,
    #1409,#1410,#1411,#1412,#1413,#1414),.UNSPECIFIED.,.F.,.F.,(6,4,4,4,
    4,4,4,4,4,4,4,4,4,4,4,4,6),(0.,5.526899102955E-02,0.113005667398,
    0.173409065675,0.235839060582,0.300293998068,0.365987833813,
    0.432845018439,0.50000116618,0.567350922094,0.634014464493,
    0.699896274087,0.764163139056,0.826770471621,0.886996379849,
    0.944896005894,1.),.UNSPECIFIED.);
#1349 = CARTESIAN_POINT('',(92.,118.16629978227));
#1350 = CARTESIAN_POINT('',(91.132457765318,117.53221073099));
#1351 = CARTESIAN_POINT('',(90.247754639641,116.92161412392));
#1352 = CARTESIAN_POINT('',(89.347643948719,116.33385024617));
#1353 = CARTESIAN_POINT('',(88.43362153195,115.76827861044));
#1354 = CARTESIAN_POINT('',(86.538867570352,114.65596976473));
#1355 = CARTESIAN_POINT('',(85.556992217226,114.11120831538));
#1356 = CARTESIAN_POINT('',(84.562730378063,113.58926919777));
#1357 = CARTESIAN_POINT('',(83.55729581839,113.08949951956));
#1358 = CARTESIAN_POINT('',(81.479203886303,112.11098729734));
#1359 = CARTESIAN_POINT('',(80.405596827054,111.6342869617));
#1360 = CARTESIAN_POINT('',(79.322049194411,111.18048802128));
#1361 = CARTESIAN_POINT('',(78.229561508817,110.7489744629));
#1362 = CARTESIAN_POINT('',(75.991471285402,109.91565086694));
#1363 = CARTESIAN_POINT('',(74.845324502303,109.5153261703));
#1364 = CARTESIAN_POINT('',(73.691475675512,109.13759765351));
#1365 = CARTESIAN_POINT('',(72.530739522207,108.78193522267));
#1366 = CARTESIAN_POINT('',(70.159043917411,108.10297123695));
#1367 = CARTESIAN_POINT('',(68.947682833072,107.78109529855));
#1368 = CARTESIAN_POINT('',(67.730506539414,107.48172968738));
#1369 = CARTESIAN_POINT('',(66.5082008558,107.20444385874));
#1370 = CARTESIAN_POINT('',(64.030956088003,106.68838641476));
#1371 = CARTESIAN_POINT('',(62.77584614424,106.4504585499));
#1372 = CARTESIAN_POINT('',(61.51667960078,106.23470067936));
#1373 = CARTESIAN_POINT('',(60.254039947335,106.04080175551));
#1374 = CARTESIAN_POINT('',(57.700460706285,105.693174109));
#1375 = CARTESIAN_POINT('',(56.409419799724,105.54021808987));
#1376 = CARTESIAN_POINT('',(55.115892125457,105.40938421792));
#1377 = CARTESIAN_POINT('',(53.820403812635,105.30048224431));
#1378 = CARTESIAN_POINT('',(51.220695508435,105.12589787637));
#1379 = CARTESIAN_POINT('',(49.916465674756,105.06041101957));
#1380 = CARTESIAN_POINT('',(48.611261665686,105.01679610405));
#1381 = CARTESIAN_POINT('',(47.30557493362,104.99498923636));
#1382 = CARTESIAN_POINT('',(44.69043412876,104.99499226984));
#1383 = CARTESIAN_POINT('',(43.380983229629,105.01692809845));
#1384 = CARTESIAN_POINT('',(42.072019274093,105.06079790094));
#1385 = CARTESIAN_POINT('',(40.764038011887,105.12666631683));
#1386 = CARTESIAN_POINT('',(38.164364829368,105.30176302446));
#1387 = CARTESIAN_POINT('',(36.872645972992,105.41054260012));
#1388 = CARTESIAN_POINT('',(35.582879488323,105.54112832931));
#1389 = CARTESIAN_POINT('',(34.295587036851,105.69370901853));
#1390 = CARTESIAN_POINT('',(31.74211782702,106.04132789993));
#1391 = CARTESIAN_POINT('',(30.475874240771,106.23584670664));
#1392 = CARTESIAN_POINT('',(29.213125233753,106.4523504809));
#1393 = CARTESIAN_POINT('',(27.954459483699,106.69115313003));
#1394 = CARTESIAN_POINT('',(25.477324512875,107.20772794651));
#1395 = CARTESIAN_POINT('',(24.258630862701,107.48440039943));
#1396 = CARTESIAN_POINT('',(23.045040745878,107.7830265162));
#1397 = CARTESIAN_POINT('',(21.837234246247,108.10403332674));
#1398 = CARTESIAN_POINT('',(19.465741064806,108.78294605554));
#1399 = CARTESIAN_POINT('',(18.301726347098,109.13968339283));
#1400 = CARTESIAN_POINT('',(17.144640195639,109.51861375606));
#1401 = CARTESIAN_POINT('',(15.995304631564,109.92027194679));
#1402 = CARTESIAN_POINT('',(13.757412876899,110.75411988776));
#1403 = CARTESIAN_POINT('',(12.668215173925,111.18456435421));
#1404 = CARTESIAN_POINT('',(11.587910983087,111.63716709997));
#1405 = CARTESIAN_POINT('',(10.517492512033,112.1125389697));
#1406 = CARTESIAN_POINT('',(8.43965929132,113.09093701506));
#1407 = CARTESIAN_POINT('',(7.431417454834,113.59218130728));
#1408 = CARTESIAN_POINT('',(6.434414452181,114.11572218074));
#1409 = CARTESIAN_POINT('',(5.449874946336,114.6622181849));
#1410 = CARTESIAN_POINT('',(3.555464554668,115.77503348318));
#1411 = CARTESIAN_POINT('',(2.644295102677,116.33911485023));
#1412 = CARTESIAN_POINT('',(1.746963281628,116.92525997685));
#1413 = CARTESIAN_POINT('',(0.864952322684,117.53410370466));
#1414 = CARTESIAN_POINT('',(0.,118.16629978198));
#1415 = ( GEOMETRIC_REPRESENTATION_CONTEXT(2) 
PARAMETRIC_REPRESENTATION_CONTEXT() REPRESENTATION_CONTEXT('2D SPACE',''
  ) );
#1416 = ORIENTED_EDGE('',*,*,#1417,.F.);
#1417 = EDGE_CURVE('',#813,#1201,#1418,.T.);
#1418 = SURFACE_CURVE('',#1419,(#1486,#1556),.PCURVE_S1.);
#1419 = B_SPLINE_CURVE_WITH_KNOTS('',5,(#1420,#1421,#1422,#1423,#1424,
    #1425,#1426,#1427,#1428,#1429,#1430,#1431,#1432,#1433,#1434,#1435,
    #1436,#1437,#1438,#1439,#1440,#1441,#1442,#1443,#1444,#1445,#1446,
    #1447,#1448,#1449,#1450,#1451,#1452,#1453,#1454,#1455,#1456,#1457,
    #1458,#1459,#1460,#1461,#1462,#1463,#1464,#1465,#1466,#1467,#1468,
    #1469,#1470,#1471,#1472,#1473,#1474,#1475,#1476,#1477,#1478,#1479,
    #1480,#1481,#1482,#1483,#1484,#1485),.UNSPECIFIED.,.F.,.F.,(6,4,4,4,
    4,4,4,4,4,4,4,4,4,4,4,4,6),(0.,6.578135041602E-02,0.131148764092,
    0.196620495233,0.261540126276,0.326299051182,0.390288049081,
    0.453687540362,0.516447151905,0.578787143213,0.640220875737,
    0.70126825877,0.761514627913,0.821537476852,0.881003445433,
    0.940332670814,1.),.UNSPECIFIED.);
#1420 = CARTESIAN_POINT('',(46.,-39.38838246014,-22.));
#1421 = CARTESIAN_POINT('',(46.,-39.31173800817,-21.0828615139));
#1422 = CARTESIAN_POINT('',(46.,-39.22903352859,-20.16622969005));
#1423 = CARTESIAN_POINT('',(46.,-39.14052972237,-19.25013576072));
#1424 = CARTESIAN_POINT('',(46.,-39.04646246119,-18.33460461305));
#1425 = CARTESIAN_POINT('',(46.,-38.84824872356,-16.51046239247));
#1426 = CARTESIAN_POINT('',(46.,-38.74416985738,-15.60184442264));
#1427 = CARTESIAN_POINT('',(46.,-38.63501350827,-14.69381928558));
#1428 = CARTESIAN_POINT('',(46.,-38.52096718379,-13.78640161683));
#1429 = CARTESIAN_POINT('',(46.,-38.28324043709,-11.97135581821));
#1430 = CARTESIAN_POINT('',(46.,-38.15954526064,-11.06372993735));
#1431 = CARTESIAN_POINT('',(46.,-38.03128172427,-10.15673567989));
#1432 = CARTESIAN_POINT('',(46.,-37.89860172007,-9.250381960536));
#1433 = CARTESIAN_POINT('',(46.,-37.62583394337,-7.446606678599));
#1434 = CARTESIAN_POINT('',(46.,-37.4858182949,-6.549174440468));
#1435 = CARTESIAN_POINT('',(46.,-37.34172527759,-5.652385546901));
#1436 = CARTESIAN_POINT('',(46.,-37.19367260984,-4.756245810768));
#1437 = CARTESIAN_POINT('',(46.,-36.89023116205,-2.967491259208));
#1438 = CARTESIAN_POINT('',(46.,-36.73486158651,-2.074873359628));
#1439 = CARTESIAN_POINT('',(46.,-36.57575805482,-1.182911398364));
#1440 = CARTESIAN_POINT('',(46.,-36.41301074197,-0.291610357637));
#1441 = CARTESIAN_POINT('',(46.,-36.08236074253,1.479070946946));
#1442 = CARTESIAN_POINT('',(46.,-35.9145424193,2.358466828428));
#1443 = CARTESIAN_POINT('',(46.,-35.74331690889,3.237207505848));
#1444 = CARTESIAN_POINT('',(46.,-35.56874742491,4.115287287313));
#1445 = CARTESIAN_POINT('',(46.,-35.21466234173,5.862028759063));
#1446 = CARTESIAN_POINT('',(46.,-35.03520713255,6.730702578197));
#1447 = CARTESIAN_POINT('',(46.,-34.85257026363,7.598714784311));
#1448 = CARTESIAN_POINT('',(46.,-34.66679085934,8.466057514633));
#1449 = CARTESIAN_POINT('',(46.,-34.2909093608,10.190638152516));
#1450 = CARTESIAN_POINT('',(46.,-34.10086977706,11.047889582342));
#1451 = CARTESIAN_POINT('',(46.,-33.90780530787,11.90446657126));
#1452 = CARTESIAN_POINT('',(46.,-33.71173192147,12.760357778389));
#1453 = CARTESIAN_POINT('',(46.,-33.31490787853,14.465023510909));
#1454 = CARTESIAN_POINT('',(46.,-33.114197175,15.313807233612));
#1455 = CARTESIAN_POINT('',(46.,-32.9105269785,16.161887500225));
#1456 = CARTESIAN_POINT('',(46.,-32.70389016274,17.009247945255));
#1457 = CARTESIAN_POINT('',(46.,-32.28769270292,18.690182661665));
#1458 = CARTESIAN_POINT('',(46.,-32.07821811252,19.523778129174));
#1459 = CARTESIAN_POINT('',(46.,-31.86582587922,20.356636956175));
#1460 = CARTESIAN_POINT('',(46.,-31.65048544728,21.18873662485));
#1461 = CARTESIAN_POINT('',(46.,-31.21519523384,22.846136673332));
#1462 = CARTESIAN_POINT('',(46.,-30.99528280383,23.671446730384));
#1463 = CARTESIAN_POINT('',(46.,-30.77237437157,24.495954931556));
#1464 = CARTESIAN_POINT('',(46.,-30.54641401781,25.319630219807));
#1465 = CARTESIAN_POINT('',(46.,-30.09125591275,26.954446365189));
#1466 = CARTESIAN_POINT('',(46.,-29.86213936344,27.765609665474));
#1467 = CARTESIAN_POINT('',(46.,-29.62991546582,28.575891569614));
#1468 = CARTESIAN_POINT('',(46.,-29.39450230875,29.385250866033));
#1469 = CARTESIAN_POINT('',(46.,-28.91798930661,30.999029628968));
#1470 = CARTESIAN_POINT('',(46.,-28.67691359144,31.803456000202));
#1471 = CARTESIAN_POINT('',(46.,-28.43248011167,32.606871912548));
#1472 = CARTESIAN_POINT('',(46.,-28.18457608742,33.409221802556));
#1473 = CARTESIAN_POINT('',(46.,-27.68390074139,35.004227825488));
#1474 = CARTESIAN_POINT('',(46.,-27.43119567254,35.796904453819));
#1475 = CARTESIAN_POINT('',(46.,-27.1748303496,36.588409343733));
#1476 = CARTESIAN_POINT('',(46.,-26.91465951791,37.378669356353));
#1477 = CARTESIAN_POINT('',(46.,-26.38698552288,38.954717181188));
#1478 = CARTESIAN_POINT('',(46.,-26.11950029048,39.740510565));
#1479 = CARTESIAN_POINT('',(46.,-25.84790004126,40.524897223044));
#1480 = CARTESIAN_POINT('',(46.,-25.57199930085,41.307779003878));
#1481 = CARTESIAN_POINT('',(46.,-25.00958311934,42.874759008221));
#1482 = CARTESIAN_POINT('',(46.,-24.72301610225,43.658838081278));
#1483 = CARTESIAN_POINT('',(46.,-24.4316764232,44.441165032284));
#1484 = CARTESIAN_POINT('',(46.,-24.13532735247,45.221604928797));
#1485 = CARTESIAN_POINT('',(46.,-23.83370021772,46.));
#1486 = PCURVE('',#57,#1487);
#1487 = DEFINITIONAL_REPRESENTATION('',(#1488),#1555);
#1488 = B_SPLINE_CURVE_WITH_KNOTS('',5,(#1489,#1490,#1491,#1492,#1493,
    #1494,#1495,#1496,#1497,#1498,#1499,#1500,#1501,#1502,#1503,#1504,
    #1505,#1506,#1507,#1508,#1509,#1510,#1511,#1512,#1513,#1514,#1515,
    #1516,#1517,#1518,#1519,#1520,#1521,#1522,#1523,#1524,#1525,#1526,
    #1527,#1528,#1529,#1530,#1531,#1532,#1533,#1534,#1535,#1536,#1537,
    #1538,#1539,#1540,#1541,#1542,#1543,#1544,#1545,#1546,#1547,#1548,
    #1549,#1550,#1551,#1552,#1553,#1554),.UNSPECIFIED.,.F.,.F.,(6,4,4,4,
    4,4,4,4,4,4,4,4,4,4,4,4,6),(0.,6.578135041602E-02,0.131148764092,
    0.196620495233,0.261540126276,0.326299051182,0.390288049081,
    0.453687540362,0.516447151905,0.578787143213,0.640220875737,
    0.70126825877,0.761514627913,0.821537476852,0.881003445433,
    0.940332670814,1.),.UNSPECIFIED.);
#1489 = CARTESIAN_POINT('',(0.849178040312,0.385771317038));
#1490 = CARTESIAN_POINT('',(0.849324806437,0.390868339597));
#1491 = CARTESIAN_POINT('',(0.849483646884,0.395961906128));
#1492 = CARTESIAN_POINT('',(0.849654215689,0.401053192897));
#1493 = CARTESIAN_POINT('',(0.849836224361,0.406143330266));
#1494 = CARTESIAN_POINT('',(0.850221443539,0.416291445246));
#1495 = CARTESIAN_POINT('',(0.850424512604,0.421349422901));
#1496 = CARTESIAN_POINT('',(0.85063842241,0.426408399447));
#1497 = CARTESIAN_POINT('',(0.850862992253,0.431469394771));
#1498 = CARTESIAN_POINT('',(0.851333557691,0.441605456377));
#1499 = CARTESIAN_POINT('',(0.851579586194,0.446680531607));
#1500 = CARTESIAN_POINT('',(0.851836036935,0.451759591265));
#1501 = CARTESIAN_POINT('',(0.852102813383,0.456843571665));
#1502 = CARTESIAN_POINT('',(0.85265456726,0.466980237324));
#1503 = CARTESIAN_POINT('',(0.852939371861,0.472032824292));
#1504 = CARTESIAN_POINT('',(0.853234216117,0.47709199541));
#1505 = CARTESIAN_POINT('',(0.853539078567,0.482158575137));
#1506 = CARTESIAN_POINT('',(0.854168086752,0.492295547651));
#1507 = CARTESIAN_POINT('',(0.854492182781,0.497365899089));
#1508 = CARTESIAN_POINT('',(0.854826273227,0.502445170685));
#1509 = CARTESIAN_POINT('',(0.855170404319,0.507534085984));
#1510 = CARTESIAN_POINT('',(0.855874695518,0.517671925188));
#1511 = CARTESIAN_POINT('',(0.856234616545,0.522720604112));
#1512 = CARTESIAN_POINT('',(0.856604495448,0.527780005151));
#1513 = CARTESIAN_POINT('',(0.856984442249,0.532850721962));
#1514 = CARTESIAN_POINT('',(0.857761164189,0.542969037771));
#1515 = CARTESIAN_POINT('',(0.858157752402,0.54801641795));
#1516 = CARTESIAN_POINT('',(0.85856450424,0.553075955417));
#1517 = CARTESIAN_POINT('',(0.858981594787,0.558148106844));
#1518 = CARTESIAN_POINT('',(0.859832559165,0.568267094529));
#1519 = CARTESIAN_POINT('',(0.860266221694,0.573313667834));
#1520 = CARTESIAN_POINT('',(0.860710426902,0.578373361561));
#1521 = CARTESIAN_POINT('',(0.861165419407,0.583446475419));
#1522 = CARTESIAN_POINT('',(0.862094432715,0.593585973078));
#1523 = CARTESIAN_POINT('',(0.862568306777,0.598652172927));
#1524 = CARTESIAN_POINT('',(0.863053385176,0.603732045728));
#1525 = CARTESIAN_POINT('',(0.863549994365,0.608825711158));
#1526 = CARTESIAN_POINT('',(0.864559630008,0.61896642365));
#1527 = CARTESIAN_POINT('',(0.865072313929,0.624013069487));
#1528 = CARTESIAN_POINT('',(0.865596917714,0.629073151933));
#1529 = CARTESIAN_POINT('',(0.866133854673,0.634146579797));
#1530 = CARTESIAN_POINT('',(0.867229875851,0.644287728004));
#1531 = CARTESIAN_POINT('',(0.867788800955,0.649355280833));
#1532 = CARTESIAN_POINT('',(0.868360828899,0.654435606363));
#1533 = CARTESIAN_POINT('',(0.868946487931,0.65952836855));
#1534 = CARTESIAN_POINT('',(0.870138390531,0.669670842878));
#1535 = CARTESIAN_POINT('',(0.870744264928,0.674720240191));
#1536 = CARTESIAN_POINT('',(0.871364570998,0.679780834564));
#1537 = CARTESIAN_POINT('',(0.871999964378,0.684852018733));
#1538 = CARTESIAN_POINT('',(0.873299986305,0.694995192775));
#1539 = CARTESIAN_POINT('',(0.873964499876,0.700067106876));
#1540 = CARTESIAN_POINT('',(0.874645453325,0.705148020701));
#1541 = CARTESIAN_POINT('',(0.875343680089,0.710237004027));
#1542 = CARTESIAN_POINT('',(0.876769908579,0.720381615388));
#1543 = CARTESIAN_POINT('',(0.877497576792,0.725437111922));
#1544 = CARTESIAN_POINT('',(0.878244033133,0.730498361723));
#1545 = CARTESIAN_POINT('',(0.879010317496,0.735564093663));
#1546 = CARTESIAN_POINT('',(0.880583070117,0.745689935967));
#1547 = CARTESIAN_POINT('',(0.881389445628,0.750750029572));
#1548 = CARTESIAN_POINT('',(0.882217884899,0.755811668448));
#1549 = CARTESIAN_POINT('',(0.883069713463,0.760873184989));
#1550 = CARTESIAN_POINT('',(0.884828128727,0.77102104605));
#1551 = CARTESIAN_POINT('',(0.885735001637,0.776107364013));
#1552 = CARTESIAN_POINT('',(0.886668569681,0.781189742851));
#1553 = CARTESIAN_POINT('',(0.887630551323,0.786266030822));
#1554 = CARTESIAN_POINT('',(0.888622922114,0.791333843616));
#1555 = ( GEOMETRIC_REPRESENTATION_CONTEXT(2) 
PARAMETRIC_REPRESENTATION_CONTEXT() REPRESENTATION_CONTEXT('2D SPACE',''
  ) );
#1556 = PCURVE('',#1557,#1562);
#1557 = PLANE('',#1558);
#1558 = AXIS2_PLACEMENT_3D('',#1559,#1560,#1561);
#1559 = CARTESIAN_POINT('',(46.,-142.,-22.));
#1560 = DIRECTION('',(1.,0.,0.));
#1561 = DIRECTION('',(0.,0.,1.));
#1562 = DEFINITIONAL_REPRESENTATION('',(#1563),#1630);
#1563 = B_SPLINE_CURVE_WITH_KNOTS('',5,(#1564,#1565,#1566,#1567,#1568,
    #1569,#1570,#1571,#1572,#1573,#1574,#1575,#1576,#1577,#1578,#1579,
    #1580,#1581,#1582,#1583,#1584,#1585,#1586,#1587,#1588,#1589,#1590,
    #1591,#1592,#1593,#1594,#1595,#1596,#1597,#1598,#1599,#1600,#1601,
    #1602,#1603,#1604,#1605,#1606,#1607,#1608,#1609,#1610,#1611,#1612,
    #1613,#1614,#1615,#1616,#1617,#1618,#1619,#1620,#1621,#1622,#1623,
    #1624,#1625,#1626,#1627,#1628,#1629),.UNSPECIFIED.,.F.,.F.,(6,4,4,4,
    4,4,4,4,4,4,4,4,4,4,4,4,6),(0.,6.578135041602E-02,0.131148764092,
    0.196620495233,0.261540126276,0.326299051182,0.390288049081,
    0.453687540362,0.516447151905,0.578787143213,0.640220875737,
    0.70126825877,0.761514627913,0.821537476852,0.881003445433,
    0.940332670814,1.),.UNSPECIFIED.);
#1564 = CARTESIAN_POINT('',(0.,-102.6116175398));
#1565 = CARTESIAN_POINT('',(0.9171384861,-102.6882619918));
#1566 = CARTESIAN_POINT('',(1.833770309942,-102.7709664714));
#1567 = CARTESIAN_POINT('',(2.749864239271,-102.8594702776));
#1568 = CARTESIAN_POINT('',(3.665395386943,-102.9535375388));
#1569 = CARTESIAN_POINT('',(5.489537607526,-103.1517512764));
#1570 = CARTESIAN_POINT('',(6.39815557736,-103.2558301426));
#1571 = CARTESIAN_POINT('',(7.306180714418,-103.3649864917));
#1572 = CARTESIAN_POINT('',(8.213598383166,-103.4790328162));
#1573 = CARTESIAN_POINT('',(10.028644181788,-103.7167595629));
#1574 = CARTESIAN_POINT('',(10.936270062641,-103.8404547393));
#1575 = CARTESIAN_POINT('',(11.843264320105,-103.9687182757));
#1576 = CARTESIAN_POINT('',(12.749618039464,-104.1013982799));
#1577 = CARTESIAN_POINT('',(14.553393321401,-104.3741660566));
#1578 = CARTESIAN_POINT('',(15.450825559532,-104.514181705));
#1579 = CARTESIAN_POINT('',(16.347614453099,-104.6582747224));
#1580 = CARTESIAN_POINT('',(17.243754189232,-104.8063273901));
#1581 = CARTESIAN_POINT('',(19.032508740792,-105.1097688379));
#1582 = CARTESIAN_POINT('',(19.925126640372,-105.2651384134));
#1583 = CARTESIAN_POINT('',(20.817088601636,-105.4242419451));
#1584 = CARTESIAN_POINT('',(21.708389642363,-105.586989258));
#1585 = CARTESIAN_POINT('',(23.479070946946,-105.9176392574));
#1586 = CARTESIAN_POINT('',(24.358466828428,-106.0854575806));
#1587 = CARTESIAN_POINT('',(25.237207505848,-106.2566830911));
#1588 = CARTESIAN_POINT('',(26.115287287313,-106.431252575));
#1589 = CARTESIAN_POINT('',(27.862028759063,-106.7853376582));
#1590 = CARTESIAN_POINT('',(28.730702578197,-106.9647928674));
#1591 = CARTESIAN_POINT('',(29.598714784311,-107.1474297363));
#1592 = CARTESIAN_POINT('',(30.466057514633,-107.3332091406));
#1593 = CARTESIAN_POINT('',(32.190638152516,-107.7090906391));
#1594 = CARTESIAN_POINT('',(33.047889582342,-107.8991302229));
#1595 = CARTESIAN_POINT('',(33.90446657126,-108.0921946921));
#1596 = CARTESIAN_POINT('',(34.760357778389,-108.2882680785));
#1597 = CARTESIAN_POINT('',(36.465023510909,-108.6850921214));
#1598 = CARTESIAN_POINT('',(37.313807233612,-108.8858028249));
#1599 = CARTESIAN_POINT('',(38.161887500225,-109.0894730215));
#1600 = CARTESIAN_POINT('',(39.009247945255,-109.2961098372));
#1601 = CARTESIAN_POINT('',(40.690182661665,-109.712307297));
#1602 = CARTESIAN_POINT('',(41.523778129174,-109.9217818874));
#1603 = CARTESIAN_POINT('',(42.356636956175,-110.1341741207));
#1604 = CARTESIAN_POINT('',(43.18873662485,-110.3495145527));
#1605 = CARTESIAN_POINT('',(44.846136673332,-110.7848047661));
#1606 = CARTESIAN_POINT('',(45.671446730384,-111.0047171961));
#1607 = CARTESIAN_POINT('',(46.495954931556,-111.2276256284));
#1608 = CARTESIAN_POINT('',(47.319630219807,-111.4535859821));
#1609 = CARTESIAN_POINT('',(48.954446365189,-111.9087440872));
#1610 = CARTESIAN_POINT('',(49.765609665474,-112.1378606365));
#1611 = CARTESIAN_POINT('',(50.575891569614,-112.3700845341));
#1612 = CARTESIAN_POINT('',(51.385250866033,-112.6054976912));
#1613 = CARTESIAN_POINT('',(52.999029628968,-113.0820106933));
#1614 = CARTESIAN_POINT('',(53.803456000202,-113.3230864085));
#1615 = CARTESIAN_POINT('',(54.606871912548,-113.5675198883));
#1616 = CARTESIAN_POINT('',(55.409221802556,-113.8154239125));
#1617 = CARTESIAN_POINT('',(57.004227825488,-114.3160992586));
#1618 = CARTESIAN_POINT('',(57.796904453819,-114.5688043274));
#1619 = CARTESIAN_POINT('',(58.588409343733,-114.8251696503));
#1620 = CARTESIAN_POINT('',(59.378669356353,-115.085340482));
#1621 = CARTESIAN_POINT('',(60.954717181188,-115.6130144771));
#1622 = CARTESIAN_POINT('',(61.740510565,-115.8804997095));
#1623 = CARTESIAN_POINT('',(62.524897223044,-116.1520999587));
#1624 = CARTESIAN_POINT('',(63.307779003878,-116.4280006991));
#1625 = CARTESIAN_POINT('',(64.874759008221,-116.9904168806));
#1626 = CARTESIAN_POINT('',(65.658838081278,-117.2769838977));
#1627 = CARTESIAN_POINT('',(66.441165032284,-117.5683235767));
#1628 = CARTESIAN_POINT('',(67.221604928797,-117.8646726475));
#1629 = CARTESIAN_POINT('',(68.,-118.1662997822));
#1630 = ( GEOMETRIC_REPRESENTATION_CONTEXT(2) 
PARAMETRIC_REPRESENTATION_CONTEXT() REPRESENTATION_CONTEXT('2D SPACE',''
  ) );
#1631 = ADVANCED_FACE('',(#1632),#205,.F.);
#1632 = FACE_BOUND('',#1633,.F.);
#1633 = EDGE_LOOP('',(#1634,#1635,#1656,#1870));
#1634 = ORIENTED_EDGE('',*,*,#21,.T.);
#1635 = ORIENTED_EDGE('',*,*,#1636,.T.);
#1636 = EDGE_CURVE('',#24,#1637,#1639,.T.);
#1637 = VERTEX_POINT('',#1638);
#1638 = CARTESIAN_POINT('',(47.7,0.,-79.));
#1639 = SURFACE_CURVE('',#1640,(#1644,#1650),.PCURVE_S1.);
#1640 = LINE('',#1641,#1642);
#1641 = CARTESIAN_POINT('',(-52.65,0.,-79.));
#1642 = VECTOR('',#1643,1.);
#1643 = DIRECTION('',(-1.,0.,0.));
#1644 = PCURVE('',#205,#1645);
#1645 = DEFINITIONAL_REPRESENTATION('',(#1646),#1649);
#1646 = B_SPLINE_CURVE_WITH_KNOTS('',1,(#1647,#1648),.UNSPECIFIED.,.F.,
  .F.,(2,2),(-103.6009397955,-1.69906021287),.PIECEWISE_BEZIER_KNOTS.);
#1647 = CARTESIAN_POINT('',(-0.25077876522,-8.988430575591E-03));
#1648 = CARTESIAN_POINT('',(101.58570947938,3.641042320012));
#1649 = ( GEOMETRIC_REPRESENTATION_CONTEXT(2) 
PARAMETRIC_REPRESENTATION_CONTEXT() REPRESENTATION_CONTEXT('2D SPACE',''
  ) );
#1650 = PCURVE('',#260,#1651);
#1651 = DEFINITIONAL_REPRESENTATION('',(#1652),#1655);
#1652 = B_SPLINE_CURVE_WITH_KNOTS('',1,(#1653,#1654),.UNSPECIFIED.,.F.,
  .F.,(2,2),(-103.6009397955,-1.69906021287),.PIECEWISE_BEZIER_KNOTS.);
#1653 = CARTESIAN_POINT('',(15.8,206.9509397955));
#1654 = CARTESIAN_POINT('',(15.8,105.04906021287));
#1655 = ( GEOMETRIC_REPRESENTATION_CONTEXT(2) 
PARAMETRIC_REPRESENTATION_CONTEXT() REPRESENTATION_CONTEXT('2D SPACE',''
  ) );
#1656 = ORIENTED_EDGE('',*,*,#1657,.F.);
#1657 = EDGE_CURVE('',#1658,#1637,#1660,.T.);
#1658 = VERTEX_POINT('',#1659);
#1659 = CARTESIAN_POINT('',(-47.69999999367,2.6645352591E-15,-79.));
#1660 = SURFACE_CURVE('',#1661,(#1690,#1722),.PCURVE_S1.);
#1661 = B_SPLINE_CURVE_WITH_KNOTS('',14,(#1662,#1663,#1664,#1665,#1666,
    #1667,#1668,#1669,#1670,#1671,#1672,#1673,#1674,#1675,#1676,#1677,
    #1678,#1679,#1680,#1681,#1682,#1683,#1684,#1685,#1686,#1687,#1688,
    #1689),.UNSPECIFIED.,.T.,.F.,(15,13,15),(0.,0.5,1.),.UNSPECIFIED.);
#1662 = CARTESIAN_POINT('',(47.7,-5.330154691523E-14,-79.));
#1663 = CARTESIAN_POINT('',(47.700000000004,6.328065202234,-79.));
#1664 = CARTESIAN_POINT('',(45.113296242693,12.656131572384,-79.));
#1665 = CARTESIAN_POINT('',(39.939887074661,18.583836653567,-79.));
#1666 = CARTESIAN_POINT('',(32.373184390093,23.710840562323,-79.));
#1667 = CARTESIAN_POINT('',(22.799994873157,27.672689720432,-79.));
#1668 = CARTESIAN_POINT('',(11.779337972483,30.176803249011,-79.));
#1669 = CARTESIAN_POINT('',(-4.276198151132E-08,31.033429332636,-79.));
#1670 = CARTESIAN_POINT('',(-11.77933770932,30.176804404746,-79.));
#1671 = CARTESIAN_POINT('',(-22.79999569831,27.672689971476,-79.));
#1672 = CARTESIAN_POINT('',(-32.37318312778,23.710837799088,-79.));
#1673 = CARTESIAN_POINT('',(-39.93988798856,18.583839770618,-79.));
#1674 = CARTESIAN_POINT('',(-45.11329599197,12.656130320846,-79.));
#1675 = CARTESIAN_POINT('',(-47.69999999367,6.328065160423,-79.));
#1676 = CARTESIAN_POINT('',(-47.69999999367,-6.328065160423,-79.));
#1677 = CARTESIAN_POINT('',(-45.11329599197,-12.65613032084,-79.));
#1678 = CARTESIAN_POINT('',(-39.93988798856,-18.58383977061,-79.));
#1679 = CARTESIAN_POINT('',(-32.37318312778,-23.71083779908,-79.));
#1680 = CARTESIAN_POINT('',(-22.79999569831,-27.67268997147,-79.));
#1681 = CARTESIAN_POINT('',(-11.77933770932,-30.17680440474,-79.));
#1682 = CARTESIAN_POINT('',(-4.276200016307E-08,-31.03342933263,-79.));
#1683 = CARTESIAN_POINT('',(11.779337972483,-30.17680324901,-79.));
#1684 = CARTESIAN_POINT('',(22.799994873157,-27.67268972043,-79.));
#1685 = CARTESIAN_POINT('',(32.373184390092,-23.71084056232,-79.));
#1686 = CARTESIAN_POINT('',(39.939887074661,-18.58383665356,-79.));
#1687 = CARTESIAN_POINT('',(45.113296242694,-12.65613157239,-79.));
#1688 = CARTESIAN_POINT('',(47.700000000003,-6.328065202229,-79.));
#1689 = CARTESIAN_POINT('',(47.7,1.775272640086E-14,-79.));
#1690 = PCURVE('',#205,#1691);
#1691 = DEFINITIONAL_REPRESENTATION('',(#1692),#1721);
#1692 = B_SPLINE_CURVE_WITH_KNOTS('',14,(#1693,#1694,#1695,#1696,#1697,
    #1698,#1699,#1700,#1701,#1702,#1703,#1704,#1705,#1706,#1707,#1708,
    #1709,#1710,#1711,#1712,#1713,#1714,#1715,#1716,#1717,#1718,#1719,
    #1720),.UNSPECIFIED.,.F.,.F.,(15,13,15),(0.,0.5,1.),.UNSPECIFIED.);
#1693 = CARTESIAN_POINT('',(2.998074873448,0.107457215673));
#1694 = CARTESIAN_POINT('',(3.224740295853,-6.216547211114));
#1695 = CARTESIAN_POINT('',(6.036449606711,-12.44789947722));
#1696 = CARTESIAN_POINT('',(11.418863846744,-18.18649398268));
#1697 = CARTESIAN_POINT('',(19.164355432821,-23.03917558021));
#1698 = CARTESIAN_POINT('',(28.87331150913,-26.65557962112));
#1699 = CARTESIAN_POINT('',(39.976591379233,-28.76333653607));
#1700 = CARTESIAN_POINT('',(51.779054040291,-29.19748795996));
#1701 = CARTESIAN_POINT('',(63.520149291745,-27.91948779316));
#1702 = CARTESIAN_POINT('',(74.444040172057,-25.0222305315));
#1703 = CARTESIAN_POINT('',(83.869174534638,-20.72001802595));
#1704 = CARTESIAN_POINT('',(91.247379462969,-15.32527769211));
#1705 = CARTESIAN_POINT('',(96.205142593745,-9.216065432764));
#1706 = CARTESIAN_POINT('',(98.563521263687,-2.799407711164));
#1707 = CARTESIAN_POINT('',(98.110190421864,9.84860105884));
#1708 = CARTESIAN_POINT('',(95.298480910099,16.079952107244));
#1709 = CARTESIAN_POINT('',(89.916067677463,21.818551020203));
#1710 = CARTESIAN_POINT('',(82.1705741272,26.671226663275));
#1711 = CARTESIAN_POINT('',(72.461620029052,30.287633791298));
#1712 = CARTESIAN_POINT('',(61.358339038923,32.39539157138));
#1713 = CARTESIAN_POINT('',(49.555876767718,32.829541852767));
#1714 = CARTESIAN_POINT('',(37.814781209205,31.551540518486));
#1715 = CARTESIAN_POINT('',(26.890891384108,28.654284199912));
#1716 = CARTESIAN_POINT('',(17.46575482743,24.352074631938));
#1717 = CARTESIAN_POINT('',(10.087552284538,18.957328499532));
#1718 = CARTESIAN_POINT('',(5.129787833407,12.84812056426));
#1719 = CARTESIAN_POINT('',(2.771409451036,6.431461642454));
#1720 = CARTESIAN_POINT('',(2.998074873448,0.107457215673));
#1721 = ( GEOMETRIC_REPRESENTATION_CONTEXT(2) 
PARAMETRIC_REPRESENTATION_CONTEXT() REPRESENTATION_CONTEXT('2D SPACE',''
  ) );
#1722 = PCURVE('',#1723,#1864);
#1723 = ( BOUNDED_SURFACE() B_SPLINE_SURFACE(14,4,(
    (#1724,#1725,#1726,#1727,#1728)
    ,(#1729,#1730,#1731,#1732,#1733)
    ,(#1734,#1735,#1736,#1737,#1738)
    ,(#1739,#1740,#1741,#1742,#1743)
    ,(#1744,#1745,#1746,#1747,#1748)
    ,(#1749,#1750,#1751,#1752,#1753)
    ,(#1754,#1755,#1756,#1757,#1758)
    ,(#1759,#1760,#1761,#1762,#1763)
    ,(#1764,#1765,#1766,#1767,#1768)
    ,(#1769,#1770,#1771,#1772,#1773)
    ,(#1774,#1775,#1776,#1777,#1778)
    ,(#1779,#1780,#1781,#1782,#1783)
    ,(#1784,#1785,#1786,#1787,#1788)
    ,(#1789,#1790,#1791,#1792,#1793)
    ,(#1794,#1795,#1796,#1797,#1798)
    ,(#1799,#1800,#1801,#1802,#1803)
    ,(#1804,#1805,#1806,#1807,#1808)
    ,(#1809,#1810,#1811,#1812,#1813)
    ,(#1814,#1815,#1816,#1817,#1818)
    ,(#1819,#1820,#1821,#1822,#1823)
    ,(#1824,#1825,#1826,#1827,#1828)
    ,(#1829,#1830,#1831,#1832,#1833)
    ,(#1834,#1835,#1836,#1837,#1838)
    ,(#1839,#1840,#1841,#1842,#1843)
    ,(#1844,#1845,#1846,#1847,#1848)
    ,(#1849,#1850,#1851,#1852,#1853)
    ,(#1854,#1855,#1856,#1857,#1858)
    ,(#1859,#1860,#1861,#1862,#1863
)),.UNSPECIFIED.,.T.,.F.,.F.) B_SPLINE_SURFACE_WITH_KNOTS((15,13,15),(5,
5),(0.,0.5,1.),(0.,1.),.UNSPECIFIED.) GEOMETRIC_REPRESENTATION_ITEM() 
RATIONAL_B_SPLINE_SURFACE((
    (1.,1.,1.,1.,1.)
    ,(1.,1.,1.,1.,1.)
    ,(1.,1.,1.,1.,1.)
    ,(1.,1.,1.,1.,1.)
    ,(1.,1.,1.,1.,1.)
    ,(1.,1.,1.,1.,1.)
    ,(1.,1.,1.,1.,1.)
    ,(1.,1.,1.,1.,1.)
    ,(1.,1.,1.,1.,1.)
    ,(1.,1.,1.,1.,1.)
    ,(1.,1.,1.,1.,1.)
    ,(1.,1.,1.,1.,1.)
    ,(1.,1.,1.,1.,1.)
    ,(1.,1.,1.,1.,1.)
    ,(1.,1.,1.,1.,1.)
    ,(1.,1.,1.,1.,1.)
    ,(1.,1.,1.,1.,1.)
    ,(1.,1.,1.,1.,1.)
    ,(1.,1.,1.,1.,1.)
    ,(1.,1.,1.,1.,1.)
    ,(1.,1.,1.,1.,1.)
    ,(1.,1.,1.,1.,1.)
    ,(1.,1.,1.,1.,1.)
    ,(1.,1.,1.,1.,1.)
    ,(1.,1.,1.,1.,1.)
    ,(1.,1.,1.,1.,1.)
    ,(1.,1.,1.,1.,1.)
,(1.,1.,1.,1.,1.))) REPRESENTATION_ITEM('') SURFACE() );
#1724 = CARTESIAN_POINT('',(47.7,-5.330154691523E-14,-79.));
#1725 = CARTESIAN_POINT('',(103.36295465344,9.347721516686E-14,
    -60.38600670158));
#1726 = CARTESIAN_POINT('',(64.64353952662,-8.435560484503E-14,
    11.819560429411));
#1727 = CARTESIAN_POINT('',(66.590303866466,-5.022269125404E-15,
    36.202871504994));
#1728 = CARTESIAN_POINT('',(40.68,-2.547896707174E-14,79.));
#1729 = CARTESIAN_POINT('',(47.700000000004,6.328065202234,-79.));
#1730 = CARTESIAN_POINT('',(103.36295465344,14.014673088659,
    -60.38600670158));
#1731 = CARTESIAN_POINT('',(64.643539526612,8.667832204537,
    11.819560429411));
#1732 = CARTESIAN_POINT('',(66.590303866484,8.936664756136,
    36.202871504994));
#1733 = CARTESIAN_POINT('',(40.68,5.358659469127,79.));
#1734 = CARTESIAN_POINT('',(45.113296242693,12.656131572384,-79.));
#1735 = CARTESIAN_POINT('',(97.757726280832,28.029343378999,
    -60.38600670158));
#1736 = CARTESIAN_POINT('',(61.138010971266,17.335663252414,
    11.819560429411));
#1737 = CARTESIAN_POINT('',(62.979205870402,17.873332757511,
    36.202871504994));
#1738 = CARTESIAN_POINT('',(38.473980946603,10.717319927252,79.));
#1739 = CARTESIAN_POINT('',(39.939887074661,18.583836653567,-79.));
#1740 = CARTESIAN_POINT('',(86.547273198538,41.157366907833,
    -60.38600670158));
#1741 = CARTESIAN_POINT('',(54.126955301706,25.455115725955,
    11.819560429411));
#1742 = CARTESIAN_POINT('',(55.757005434148,26.244591570903,
    36.202871504994));
#1743 = CARTESIAN_POINT('',(34.061941429709,15.736951038553,79.));
#1744 = CARTESIAN_POINT('',(32.373184390093,23.710840562323,-79.));
#1745 = CARTESIAN_POINT('',(70.150684480723,52.512030406628,
    -60.38600670158));
#1746 = CARTESIAN_POINT('',(43.872474879814,32.477782060735,
    11.819560429411));
#1747 = CARTESIAN_POINT('',(45.193716687572,33.485095997903,
    36.202871504994));
#1748 = CARTESIAN_POINT('',(27.60882895155,20.078541582563,79.));
#1749 = CARTESIAN_POINT('',(22.799994873157,27.672689720432,-79.));
#1750 = CARTESIAN_POINT('',(49.4061879467,61.286306627676,
    -60.38600670158));
#1751 = CARTESIAN_POINT('',(30.898795323048,37.904516818571,
    11.819560429411));
#1752 = CARTESIAN_POINT('',(31.829318444603,39.080118466139,
    36.202871504994));
#1753 = CARTESIAN_POINT('',(19.44452392956,23.433469167515,79.));
#1754 = CARTESIAN_POINT('',(11.779337972483,30.176803249011,-79.));
#1755 = CARTESIAN_POINT('',(25.525094335526,66.832130415135,
    -60.38600670158));
#1756 = CARTESIAN_POINT('',(15.963480292143,41.334512597865,
    11.819560429411));
#1757 = CARTESIAN_POINT('',(16.444229498502,42.616495193353,
    36.202871504994));
#1758 = CARTESIAN_POINT('',(10.04577502559,25.55397381512,79.));
#1759 = CARTESIAN_POINT('',(-4.276198151132E-08,31.033429332636,-79.));
#1760 = CARTESIAN_POINT('',(5.42016861792E-08,68.7292704751,
    -60.38600670158));
#1761 = CARTESIAN_POINT('',(1.667624629304E-08,42.507862645028,
    11.819560429411));
#1762 = CARTESIAN_POINT('',(-1.029896568046E-07,43.826250789891,
    36.202871504994));
#1763 = CARTESIAN_POINT('',(-3.646875512686E-08,26.279372073169,79.));
#1764 = CARTESIAN_POINT('',(-11.77933770932,30.176804404746,-79.));
#1765 = CARTESIAN_POINT('',(-25.52509466909,66.832128955546,
    -60.38600670158));
#1766 = CARTESIAN_POINT('',(-15.96348039477,41.334512123591,
    11.819560429411));
#1767 = CARTESIAN_POINT('',(-16.4442288647,42.616498016663,
    36.202871504994));
#1768 = CARTESIAN_POINT('',(-10.04577480116,25.553974793806,79.));
#1769 = CARTESIAN_POINT('',(-22.79999569831,27.672689971476,-79.));
#1770 = CARTESIAN_POINT('',(-49.40618690075,61.286306310627,
    -60.38600670158));
#1771 = CARTESIAN_POINT('',(-30.89879500123,37.904516715542,
    11.819560429411));
#1772 = CARTESIAN_POINT('',(-31.82932043197,39.080119079411,
    36.202871504994));
#1773 = CARTESIAN_POINT('',(-19.44452463328,23.433469380101,79.));
#1774 = CARTESIAN_POINT('',(-32.37318312778,23.710837799088,-79.));
#1775 = CARTESIAN_POINT('',(-70.15068608076,52.512033896348,
    -60.38600670158));
#1776 = CARTESIAN_POINT('',(-43.87247537211,32.477783194689,
    11.819560429411));
#1777 = CARTESIAN_POINT('',(-45.19371364736,33.485089247673,
    36.202871504994));
#1778 = CARTESIAN_POINT('',(-27.60882787501,20.078539242632,79.));
#1779 = CARTESIAN_POINT('',(-39.93988798856,18.583839770618,-79.));
#1780 = CARTESIAN_POINT('',(-86.54727204011,41.157362971277,
    -60.38600670158));
#1781 = CARTESIAN_POINT('',(-54.12695494529,25.455114446818,
    11.819560429411));
#1782 = CARTESIAN_POINT('',(-55.75700763523,26.244599185451,
    36.202871504994));
#1783 = CARTESIAN_POINT('',(-34.06194220911,15.736953678098,79.));
#1784 = CARTESIAN_POINT('',(-45.11329599197,12.656130320846,-79.));
#1785 = CARTESIAN_POINT('',(-97.75772659863,28.029344959577,
    -60.38600670158));
#1786 = CARTESIAN_POINT('',(-61.13801106903,17.335663765993,
    11.819560429411));
#1787 = CARTESIAN_POINT('',(-62.97920526656,17.87332970018,
    36.202871504994));
#1788 = CARTESIAN_POINT('',(-38.47398073277,10.71731886744,79.));
#1789 = CARTESIAN_POINT('',(-47.69999999367,6.328065160423,-79.));
#1790 = CARTESIAN_POINT('',(-103.3629546614,14.014673141465,
    -60.38600670158));
#1791 = CARTESIAN_POINT('',(-64.64353952908,8.667832221705,
    11.819560429411));
#1792 = CARTESIAN_POINT('',(-66.59030385124,8.936664653987,
    36.202871504994));
#1793 = CARTESIAN_POINT('',(-40.6799999946,5.35865943372,79.));
#1794 = CARTESIAN_POINT('',(-47.69999999367,-6.328065160423,-79.));
#1795 = CARTESIAN_POINT('',(-103.3629546614,-14.01467314146,
    -60.38600670158));
#1796 = CARTESIAN_POINT('',(-64.64353952908,-8.667832221704,
    11.819560429411));
#1797 = CARTESIAN_POINT('',(-66.59030385124,-8.936664653987,
    36.202871504994));
#1798 = CARTESIAN_POINT('',(-40.6799999946,-5.35865943372,79.));
#1799 = CARTESIAN_POINT('',(-45.11329599197,-12.65613032084,-79.));
#1800 = CARTESIAN_POINT('',(-97.75772659861,-28.02934495957,
    -60.38600670158));
#1801 = CARTESIAN_POINT('',(-61.13801106903,-17.33566376599,
    11.819560429411));
#1802 = CARTESIAN_POINT('',(-62.97920526656,-17.87332970017,
    36.202871504994));
#1803 = CARTESIAN_POINT('',(-38.47398073277,-10.71731886744,79.));
#1804 = CARTESIAN_POINT('',(-39.93988798856,-18.58383977061,-79.));
#1805 = CARTESIAN_POINT('',(-86.54727204013,-41.15736297128,
    -60.38600670158));
#1806 = CARTESIAN_POINT('',(-54.12695494529,-25.4551144468,
    11.819560429411));
#1807 = CARTESIAN_POINT('',(-55.75700763523,-26.24459918545,
    36.202871504994));
#1808 = CARTESIAN_POINT('',(-34.06194220911,-15.73695367809,79.));
#1809 = CARTESIAN_POINT('',(-32.37318312778,-23.71083779908,-79.));
#1810 = CARTESIAN_POINT('',(-70.15068608076,-52.51203389634,
    -60.38600670158));
#1811 = CARTESIAN_POINT('',(-43.8724753721,-32.47778319469,
    11.819560429411));
#1812 = CARTESIAN_POINT('',(-45.19371364736,-33.48508924767,
    36.202871504994));
#1813 = CARTESIAN_POINT('',(-27.60882787501,-20.07853924263,79.));
#1814 = CARTESIAN_POINT('',(-22.79999569831,-27.67268997147,-79.));
#1815 = CARTESIAN_POINT('',(-49.40618690075,-61.28630631062,
    -60.38600670158));
#1816 = CARTESIAN_POINT('',(-30.89879500123,-37.90451671554,
    11.819560429411));
#1817 = CARTESIAN_POINT('',(-31.82932043197,-39.0801190794,
    36.202871504994));
#1818 = CARTESIAN_POINT('',(-19.44452463328,-23.4334693801,79.));
#1819 = CARTESIAN_POINT('',(-11.77933770932,-30.17680440474,-79.));
#1820 = CARTESIAN_POINT('',(-25.5250946691,-66.83212895554,
    -60.38600670158));
#1821 = CARTESIAN_POINT('',(-15.96348039477,-41.33451212358,
    11.819560429411));
#1822 = CARTESIAN_POINT('',(-16.44422886469,-42.61649801666,
    36.202871504994));
#1823 = CARTESIAN_POINT('',(-10.04577480116,-25.5539747938,79.));
#1824 = CARTESIAN_POINT('',(-4.276200016307E-08,-31.03342933263,-79.));
#1825 = CARTESIAN_POINT('',(5.420315460754E-08,-68.7292704751,
    -60.38600670158));
#1826 = CARTESIAN_POINT('',(1.667765917764E-08,-42.50786264502,
    11.819560429411));
#1827 = CARTESIAN_POINT('',(-1.029903701567E-07,-43.82625078989,
    36.202871504994));
#1828 = CARTESIAN_POINT('',(-3.646881463482E-08,-26.27937207316,79.));
#1829 = CARTESIAN_POINT('',(11.779337972483,-30.17680324901,-79.));
#1830 = CARTESIAN_POINT('',(25.525094335535,-66.83213041513,
    -60.38600670158));
#1831 = CARTESIAN_POINT('',(15.963480292147,-41.33451259787,
    11.819560429411));
#1832 = CARTESIAN_POINT('',(16.444229498499,-42.61649519335,
    36.202871504994));
#1833 = CARTESIAN_POINT('',(10.04577502559,-25.55397381512,79.));
#1834 = CARTESIAN_POINT('',(22.799994873157,-27.67268972043,-79.));
#1835 = CARTESIAN_POINT('',(49.406187946692,-61.28630662767,
    -60.38600670158));
#1836 = CARTESIAN_POINT('',(30.898795323044,-37.90451681856,
    11.819560429411));
#1837 = CARTESIAN_POINT('',(31.829318444605,-39.08011846614,
    36.202871504994));
#1838 = CARTESIAN_POINT('',(19.44452392956,-23.43346916751,79.));
#1839 = CARTESIAN_POINT('',(32.373184390092,-23.71084056232,-79.));
#1840 = CARTESIAN_POINT('',(70.150684480717,-52.51203040662,
    -60.38600670158));
#1841 = CARTESIAN_POINT('',(43.872474879811,-32.47778206073,
    11.819560429411));
#1842 = CARTESIAN_POINT('',(45.193716687573,-33.4850959979,
    36.202871504994));
#1843 = CARTESIAN_POINT('',(27.60882895155,-20.07854158256,79.));
#1844 = CARTESIAN_POINT('',(39.939887074661,-18.58383665356,-79.));
#1845 = CARTESIAN_POINT('',(86.547273198557,-41.15736690783,
    -60.38600670158));
#1846 = CARTESIAN_POINT('',(54.126955301714,-25.45511572596,
    11.819560429411));
#1847 = CARTESIAN_POINT('',(55.757005434144,-26.24459157088,
    36.202871504994));
#1848 = CARTESIAN_POINT('',(34.061941429709,-15.73695103855,79.));
#1849 = CARTESIAN_POINT('',(45.113296242694,-12.65613157239,-79.));
#1850 = CARTESIAN_POINT('',(97.757726280814,-28.02934337899,
    -60.38600670158));
#1851 = CARTESIAN_POINT('',(61.138010971258,-17.33566325239,
    11.819560429411));
#1852 = CARTESIAN_POINT('',(62.979205870406,-17.87333275754,
    36.202871504994));
#1853 = CARTESIAN_POINT('',(38.473980946602,-10.71731992725,79.));
#1854 = CARTESIAN_POINT('',(47.700000000003,-6.328065202229,-79.));
#1855 = CARTESIAN_POINT('',(103.36295465344,-14.01467308866,
    -60.38600670158));
#1856 = CARTESIAN_POINT('',(64.643539526615,-8.66783220455,
    11.819560429411));
#1857 = CARTESIAN_POINT('',(66.590303866483,-8.936664756109,
    36.202871504994));
#1858 = CARTESIAN_POINT('',(40.680000000001,-5.358659469122,79.));
#1859 = CARTESIAN_POINT('',(47.7,1.775272640086E-14,-79.));
#1860 = CARTESIAN_POINT('',(103.36295465344,-3.273929596127E-14,
    -60.38600670158));
#1861 = CARTESIAN_POINT('',(64.64353952662,-2.850046782179E-14,
    11.819560429411));
#1862 = CARTESIAN_POINT('',(66.590303866466,1.259438734379E-13,
    36.202871504994));
#1863 = CARTESIAN_POINT('',(40.68,2.942742138567E-15,79.));
#1864 = DEFINITIONAL_REPRESENTATION('',(#1865),#1869);
#1865 = LINE('',#1866,#1867);
#1866 = CARTESIAN_POINT('',(0.,0.));
#1867 = VECTOR('',#1868,1.);
#1868 = DIRECTION('',(1.,0.));
#1869 = ( GEOMETRIC_REPRESENTATION_CONTEXT(2) 
PARAMETRIC_REPRESENTATION_CONTEXT() REPRESENTATION_CONTEXT('2D SPACE',''
  ) );
#1870 = ORIENTED_EDGE('',*,*,#1871,.T.);
#1871 = EDGE_CURVE('',#1658,#22,#1872,.T.);
#1872 = SURFACE_CURVE('',#1873,(#1877,#1883),.PCURVE_S1.);
#1873 = LINE('',#1874,#1875);
#1874 = CARTESIAN_POINT('',(-52.65,0.,-79.));
#1875 = VECTOR('',#1876,1.);
#1876 = DIRECTION('',(-1.,0.,0.));
#1877 = PCURVE('',#205,#1878);
#1878 = DEFINITIONAL_REPRESENTATION('',(#1879),#1882);
#1879 = B_SPLINE_CURVE_WITH_KNOTS('',1,(#1880,#1881),.UNSPECIFIED.,.F.,
  .F.,(2,2),(-103.6009397955,-1.69906021287),.PIECEWISE_BEZIER_KNOTS.);
#1880 = CARTESIAN_POINT('',(-0.25077876522,-8.988430575591E-03));
#1881 = CARTESIAN_POINT('',(101.58570947938,3.641042320012));
#1882 = ( GEOMETRIC_REPRESENTATION_CONTEXT(2) 
PARAMETRIC_REPRESENTATION_CONTEXT() REPRESENTATION_CONTEXT('2D SPACE',''
  ) );
#1883 = PCURVE('',#654,#1884);
#1884 = DEFINITIONAL_REPRESENTATION('',(#1885),#1888);
#1885 = B_SPLINE_CURVE_WITH_KNOTS('',1,(#1886,#1887),.UNSPECIFIED.,.F.,
  .F.,(2,2),(-103.6009397955,-1.69906021287),.PIECEWISE_BEZIER_KNOTS.);
#1886 = CARTESIAN_POINT('',(15.8,206.9509397955));
#1887 = CARTESIAN_POINT('',(15.8,105.04906021287));
#1888 = ( GEOMETRIC_REPRESENTATION_CONTEXT(2) 
PARAMETRIC_REPRESENTATION_CONTEXT() REPRESENTATION_CONTEXT('2D SPACE',''
  ) );
#1889 = ADVANCED_FACE('',(#1890),#654,.T.);
#1890 = FACE_BOUND('',#1891,.T.);
#1891 = EDGE_LOOP('',(#1892,#1893,#1894,#1915));
#1892 = ORIENTED_EDGE('',*,*,#1871,.T.);
#1893 = ORIENTED_EDGE('',*,*,#352,.T.);
#1894 = ORIENTED_EDGE('',*,*,#1895,.F.);
#1895 = EDGE_CURVE('',#1896,#275,#1898,.T.);
#1896 = VERTEX_POINT('',#1897);
#1897 = CARTESIAN_POINT('',(-40.6799999946,3.10862446895E-15,79.));
#1898 = SURFACE_CURVE('',#1899,(#1903,#1909),.PCURVE_S1.);
#1899 = LINE('',#1900,#1901);
#1900 = CARTESIAN_POINT('',(-56.16,0.,79.));
#1901 = VECTOR('',#1902,1.);
#1902 = DIRECTION('',(-1.,0.,0.));
#1903 = PCURVE('',#654,#1904);
#1904 = DEFINITIONAL_REPRESENTATION('',(#1905),#1908);
#1905 = B_SPLINE_CURVE_WITH_KNOTS('',1,(#1906,#1907),.UNSPECIFIED.,.F.,
  .F.,(2,2),(-100.0561942853,-12.26380572185),.PIECEWISE_BEZIER_KNOTS.);
#1906 = CARTESIAN_POINT('',(173.8,199.89619428536));
#1907 = CARTESIAN_POINT('',(173.8,112.10380572185));
#1908 = ( GEOMETRIC_REPRESENTATION_CONTEXT(2) 
PARAMETRIC_REPRESENTATION_CONTEXT() REPRESENTATION_CONTEXT('2D SPACE',''
  ) );
#1909 = PCURVE('',#315,#1910);
#1910 = DEFINITIONAL_REPRESENTATION('',(#1911),#1914);
#1911 = B_SPLINE_CURVE_WITH_KNOTS('',1,(#1912,#1913),.UNSPECIFIED.,.F.,
  .F.,(2,2),(-100.0561942853,-12.26380572185),.PIECEWISE_BEZIER_KNOTS.);
#1912 = CARTESIAN_POINT('',(-0.216055551578,-7.743878649853E-03));
#1913 = CARTESIAN_POINT('',(87.519995859165,3.13689799878));
#1914 = ( GEOMETRIC_REPRESENTATION_CONTEXT(2) 
PARAMETRIC_REPRESENTATION_CONTEXT() REPRESENTATION_CONTEXT('2D SPACE',''
  ) );
#1915 = ORIENTED_EDGE('',*,*,#1916,.F.);
#1916 = EDGE_CURVE('',#1658,#1896,#1917,.T.);
#1917 = SURFACE_CURVE('',#1918,(#2066,#2217),.PCURVE_S1.);
#1918 = B_SPLINE_CURVE_WITH_KNOTS('',6,(#1919,#1920,#1921,#1922,#1923,
    #1924,#1925,#1926,#1927,#1928,#1929,#1930,#1931,#1932,#1933,#1934,
    #1935,#1936,#1937,#1938,#1939,#1940,#1941,#1942,#1943,#1944,#1945,
    #1946,#1947,#1948,#1949,#1950,#1951,#1952,#1953,#1954,#1955,#1956,
    #1957,#1958,#1959,#1960,#1961,#1962,#1963,#1964,#1965,#1966,#1967,
    #1968,#1969,#1970,#1971,#1972,#1973,#1974,#1975,#1976,#1977,#1978,
    #1979,#1980,#1981,#1982,#1983,#1984,#1985,#1986,#1987,#1988,#1989,
    #1990,#1991,#1992,#1993,#1994,#1995,#1996,#1997,#1998,#1999,#2000,
    #2001,#2002,#2003,#2004,#2005,#2006,#2007,#2008,#2009,#2010,#2011,
    #2012,#2013,#2014,#2015,#2016,#2017,#2018,#2019,#2020,#2021,#2022,
    #2023,#2024,#2025,#2026,#2027,#2028,#2029,#2030,#2031,#2032,#2033,
    #2034,#2035,#2036,#2037,#2038,#2039,#2040,#2041,#2042,#2043,#2044,
    #2045,#2046,#2047,#2048,#2049,#2050,#2051,#2052,#2053,#2054,#2055,
    #2056,#2057,#2058,#2059,#2060,#2061,#2062,#2063,#2064,#2065),
  .UNSPECIFIED.,.F.,.F.,(7,5,5,5,5,5,5,5,5,5,5,5,5,5,5,5,5,5,5,5,5,5,5,5
    ,5,5,5,5,5,7),(0.,4.857306006939E-02,7.433972309819E-02,
    0.100710338975,0.125850293335,0.154515635468,0.182547989441,
    0.211706915872,0.240966089336,0.270497116628,0.294038341146,
    0.317746658266,0.341796944298,0.365950972764,0.390363625382,
    0.414779463723,0.439348759522,0.463813839699,0.504417164748,
    0.544677297201,0.587910100555,0.665520420972,0.730578397531,
    0.794715473495,0.827055909987,0.859493013502,0.892705452952,
    0.926850892589,0.962533437866,1.),.UNSPECIFIED.);
#1919 = CARTESIAN_POINT('',(-47.69999999367,0.,-79.));
#1920 = CARTESIAN_POINT('',(-49.06220898214,0.,-78.54446994174));
#1921 = CARTESIAN_POINT('',(-50.41059513341,0.,-78.04766377898));
#1922 = CARTESIAN_POINT('',(-51.74267552617,0.,-77.50717946754));
#1923 = CARTESIAN_POINT('',(-53.05537690714,0.,-76.92066268746));
#1924 = CARTESIAN_POINT('',(-54.34510226098,0.,-76.28596078917));
#1925 = CARTESIAN_POINT('',(-56.27775481888,0.,-75.23837131769));
#1926 = CARTESIAN_POINT('',(-56.94003549954,0.,-74.86126413939));
#1927 = CARTESIAN_POINT('',(-57.59412397781,0.,-74.46991943452));
#1928 = CARTESIAN_POINT('',(-58.23938684311,0.,-74.06415080207));
#1929 = CARTESIAN_POINT('',(-58.87517025975,0.,-73.64383508737));
#1930 = CARTESIAN_POINT('',(-60.1411159944,0.,-72.76383086059));
#1931 = CARTESIAN_POINT('',(-60.77080218135,0.,-72.30344703549));
#1932 = CARTESIAN_POINT('',(-61.38915238105,0.,-71.82773727913));
#1933 = CARTESIAN_POINT('',(-61.99545613091,0.,-71.33673948523));
#1934 = CARTESIAN_POINT('',(-62.58902350191,0.,-70.8305882209));
#1935 = CARTESIAN_POINT('',(-63.72229907687,0.,-69.81279306308));
#1936 = CARTESIAN_POINT('',(-64.2632354633,0.,-69.30250126984));
#1937 = CARTESIAN_POINT('',(-64.79143700784,0.,-68.77887446227));
#1938 = CARTESIAN_POINT('',(-65.30638697685,0.,-68.24220308467));
#1939 = CARTESIAN_POINT('',(-65.80762859219,0.,-67.69285594007));
#1940 = CARTESIAN_POINT('',(-66.85022452577,0.,-66.49096598086));
#1941 = CARTESIAN_POINT('',(-67.3873592284,0.,-65.83474079514));
#1942 = CARTESIAN_POINT('',(-67.90558890465,0.,-65.16328356538));
#1943 = CARTESIAN_POINT('',(-68.40448784106,0.,-64.47735437522));
#1944 = CARTESIAN_POINT('',(-68.88377772866,0.,-63.77779053954));
#1945 = CARTESIAN_POINT('',(-69.79270494377,0.,-62.36893287407));
#1946 = CARTESIAN_POINT('',(-70.22321361525,0.,-61.66018141939));
#1947 = CARTESIAN_POINT('',(-70.63471102613,0.,-60.94008029009));
#1948 = CARTESIAN_POINT('',(-71.02721727999,0.,-60.20948102403));
#1949 = CARTESIAN_POINT('',(-71.40087496961,0.,-59.46923387012));
#1950 = CARTESIAN_POINT('',(-72.12523671473,0.,-57.94100730486));
#1951 = CARTESIAN_POINT('',(-72.47441774093,0.,-57.15229874096));
#1952 = CARTESIAN_POINT('',(-72.80373719133,0.,-56.35497480898));
#1953 = CARTESIAN_POINT('',(-73.11358626538,0.,-55.54992015512));
#1954 = CARTESIAN_POINT('',(-73.40444084207,0.,-54.73796216031));
#1955 = CARTESIAN_POINT('',(-73.95015078539,0.,-53.09893961243));
#1956 = CARTESIAN_POINT('',(-74.2048786463,0.,-52.27183371299));
#1957 = CARTESIAN_POINT('',(-74.44154731827,0.,-51.43929731858));
#1958 = CARTESIAN_POINT('',(-74.66074165009,0.,-50.6020219175));
#1959 = CARTESIAN_POINT('',(-74.86307284888,0.,-49.76062639694));
#1960 = CARTESIAN_POINT('',(-75.2369683704,0.,-48.06282429823));
#1961 = CARTESIAN_POINT('',(-75.40822828574,0.,-47.20635610397));
#1962 = CARTESIAN_POINT('',(-75.5635704834,0.,-46.34679953252));
#1963 = CARTESIAN_POINT('',(-75.70363000551,0.,-45.48464562548));
#1964 = CARTESIAN_POINT('',(-75.8290315607,0.,-44.62032120779));
#1965 = CARTESIAN_POINT('',(-76.02914129302,0.,-43.06373144803));
#1966 = CARTESIAN_POINT('',(-76.10897203974,0.,-42.3721286156));
#1967 = CARTESIAN_POINT('',(-76.18017767931,0.,-41.67956259937));
#1968 = CARTESIAN_POINT('',(-76.24305471382,0.,-40.98619813028));
#1969 = CARTESIAN_POINT('',(-76.29788945632,0.,-40.29218053779));
#1970 = CARTESIAN_POINT('',(-76.39236069218,0.,-38.89816117175));
#1971 = CARTESIAN_POINT('',(-76.43188619184,0.,-38.19815347918));
#1972 = CARTESIAN_POINT('',(-76.46381601899,0.,-37.49774146884));
#1973 = CARTESIAN_POINT('',(-76.48841962634,0.,-36.79703942014));
#1974 = CARTESIAN_POINT('',(-76.50595443023,0.,-36.09614709516));
#1975 = CARTESIAN_POINT('',(-76.52753169198,0.,-34.68404119207));
#1976 = CARTESIAN_POINT('',(-76.53137594562,0.,-33.97282590555));
#1977 = CARTESIAN_POINT('',(-76.52845443633,0.,-33.26159315099));
#1978 = CARTESIAN_POINT('',(-76.51901064964,0.,-32.55042141742));
#1979 = CARTESIAN_POINT('',(-76.50327569176,0.,-31.83937841105));
#1980 = CARTESIAN_POINT('',(-76.4595668199,0.,-30.41459737123));
#1981 = CARTESIAN_POINT('',(-76.43154066569,0.,-29.70086197878));
#1982 = CARTESIAN_POINT('',(-76.39761129442,0.,-28.98737284817));
#1983 = CARTESIAN_POINT('',(-76.35798886275,0.,-28.27418043407));
#1984 = CARTESIAN_POINT('',(-76.3128722166,0.,-27.56132767562));
#1985 = CARTESIAN_POINT('',(-76.21148566868,0.,-26.12874361311));
#1986 = CARTESIAN_POINT('',(-76.15510185411,0.,-25.40902115697));
#1987 = CARTESIAN_POINT('',(-76.09349106161,0.,-24.68971944696));
#1988 = CARTESIAN_POINT('',(-76.02683672017,0.,-23.97087001823));
#1989 = CARTESIAN_POINT('',(-75.95531207365,0.,-23.25249912204));
#1990 = CARTESIAN_POINT('',(-75.80283834,0.,-21.81666265118));
#1991 = CARTESIAN_POINT('',(-75.72188835624,0.,-21.09919776072));
#1992 = CARTESIAN_POINT('',(-75.63639339828,0.,-20.38225422452));
#1993 = CARTESIAN_POINT('',(-75.54650800734,0.,-19.66584970536));
#1994 = CARTESIAN_POINT('',(-75.45237809695,0.,-18.94999835877));
#1995 = CARTESIAN_POINT('',(-75.25528637297,0.,-17.51492761045));
#1996 = CARTESIAN_POINT('',(-75.15227306536,0.,-16.79571571383));
#1997 = CARTESIAN_POINT('',(-75.04524097823,0.,-16.07708612793));
#1998 = CARTESIAN_POINT('',(-74.93432261302,0.,-15.35904749869));
#1999 = CARTESIAN_POINT('',(-74.81964302467,0.,-14.6416061332));
#2000 = CARTESIAN_POINT('',(-74.58349851026,0.,-13.21096648816));
#2001 = CARTESIAN_POINT('',(-74.46206467438,0.,-12.49776339647));
#2002 = CARTESIAN_POINT('',(-74.33713449681,0.,-11.78516073921));
#2003 = CARTESIAN_POINT('',(-74.20881797508,0.,-11.07316108626));
#2004 = CARTESIAN_POINT('',(-74.07721892147,0.,-10.36176556283));
#2005 = CARTESIAN_POINT('',(-73.7187415664,0.,-8.471312602809));
#2006 = CARTESIAN_POINT('',(-73.48627615561,0.,-7.293315917879));
#2007 = CARTESIAN_POINT('',(-73.24548576812,0.,-6.116980937071));
#2008 = CARTESIAN_POINT('',(-72.9967753826,0.,-4.942300325115));
#2009 = CARTESIAN_POINT('',(-72.74051170594,0.,-3.769261492665));
#2010 = CARTESIAN_POINT('',(-72.21576927412,0.,-1.436331335886));
#2011 = CARTESIAN_POINT('',(-71.94741245336,0.,-0.276414423527));
#2012 = CARTESIAN_POINT('',(-71.67228026482,0.,0.88192233619));
#2013 = CARTESIAN_POINT('',(-71.39066432771,0.,2.038696583821));
#2014 = CARTESIAN_POINT('',(-71.10282615757,0.,3.193926666011));
#2015 = CARTESIAN_POINT('',(-70.49347708244,0.,5.586523250852));
#2016 = CARTESIAN_POINT('',(-70.17104972547,0.,6.823654986599));
#2017 = CARTESIAN_POINT('',(-69.84200534942,0.,8.059050965746));
#2018 = CARTESIAN_POINT('',(-69.50659724488,0.,9.292731730434));
#2019 = CARTESIAN_POINT('',(-69.1650437827,0.,10.524714726461));
#2020 = CARTESIAN_POINT('',(-68.19367853552,0.,13.963613722225));
#2021 = CARTESIAN_POINT('',(-67.55061956841,0.,16.166777415186));
#2022 = CARTESIAN_POINT('',(-66.88941201865,0.,18.364599935541));
#2023 = CARTESIAN_POINT('',(-66.21078072738,0.,20.557095650143));
#2024 = CARTESIAN_POINT('',(-65.5151132421,0.,22.744198171723));
#2025 = CARTESIAN_POINT('',(-64.20506475421,0.,26.754485454887));
#2026 = CARTESIAN_POINT('',(-63.59573677672,0.,28.579308600166));
#2027 = CARTESIAN_POINT('',(-62.97450588212,0.,30.400139488153));
#2028 = CARTESIAN_POINT('',(-62.34123899193,0.,32.216822588908));
#2029 = CARTESIAN_POINT('',(-61.69565157944,0.,34.029141305779));
#2030 = CARTESIAN_POINT('',(-60.38830899456,0.,37.618916226253));
#2031 = CARTESIAN_POINT('',(-59.72691442418,0.,39.396497588797));
#2032 = CARTESIAN_POINT('',(-59.0527351345,0.,41.169304524501));
#2033 = CARTESIAN_POINT('',(-58.36525218994,0.,42.937004611947));
#2034 = CARTESIAN_POINT('',(-57.6638601587,0.,44.699207068361));
#2035 = CARTESIAN_POINT('',(-56.58694465034,0.,47.341078137363));
#2036 = CARTESIAN_POINT('',(-56.22225583576,0.,48.225159851028));
#2037 = CARTESIAN_POINT('',(-55.85379429564,0.,49.107681295193));
#2038 = CARTESIAN_POINT('',(-55.48148018926,0.,49.988585296927));
#2039 = CARTESIAN_POINT('',(-55.10523539081,0.,50.867813187627));
#2040 = CARTESIAN_POINT('',(-54.34359992145,0.,52.62542134968));
#2041 = CARTESIAN_POINT('',(-53.9581852636,0.,53.503791281305));
#2042 = CARTESIAN_POINT('',(-53.56866740643,0.,54.380355805058));
#2043 = CARTESIAN_POINT('',(-53.17497605114,0.,55.255054819173));
#2044 = CARTESIAN_POINT('',(-52.77704752477,0.,56.127828998152));
#2045 = CARTESIAN_POINT('',(-51.96299257718,0.,57.89022701033));
#2046 = CARTESIAN_POINT('',(-51.54665843925,0.,58.779755163955));
#2047 = CARTESIAN_POINT('',(-51.12576597737,0.,59.66714335214));
#2048 = CARTESIAN_POINT('',(-50.70026608882,0.,60.552332430082));
#2049 = CARTESIAN_POINT('',(-50.2701210592,0.,61.435266889551));
#2050 = CARTESIAN_POINT('',(-49.38827678725,0.,63.221263010807));
#2051 = CARTESIAN_POINT('',(-48.93631139498,0.,64.124193748418));
#2052 = CARTESIAN_POINT('',(-48.4793830149,0.,65.024632064747));
#2053 = CARTESIAN_POINT('',(-48.01747900722,0.,65.922528730549));
#2054 = CARTESIAN_POINT('',(-47.55060120787,0.,66.81784112208));
#2055 = CARTESIAN_POINT('',(-46.58569031149,0.,68.643411127477));
#2056 = CARTESIAN_POINT('',(-46.08720065498,0.,69.573428072251));
#2057 = CARTESIAN_POINT('',(-45.5833156448,0.,70.500542943355));
#2058 = CARTESIAN_POINT('',(-45.07407070588,0.,71.424724589449));
#2059 = CARTESIAN_POINT('',(-44.55951672926,0.,72.345951116116));
#2060 = CARTESIAN_POINT('',(-43.4939325809,0.,74.228377310111));
#2061 = CARTESIAN_POINT('',(-42.94236463047,0.,75.189273243621));
#2062 = CARTESIAN_POINT('',(-42.38509003922,0.,76.146881591983));
#2063 = CARTESIAN_POINT('',(-41.82219989656,0.,77.101199160412));
#2064 = CARTESIAN_POINT('',(-41.25379840489,0.,78.052233257039));
#2065 = CARTESIAN_POINT('',(-40.6799999946,0.,79.));
#2066 = PCURVE('',#654,#2067);
#2067 = DEFINITIONAL_REPRESENTATION('',(#2068),#2216);
#2068 = B_SPLINE_CURVE_WITH_KNOTS('',6,(#2069,#2070,#2071,#2072,#2073,
    #2074,#2075,#2076,#2077,#2078,#2079,#2080,#2081,#2082,#2083,#2084,
    #2085,#2086,#2087,#2088,#2089,#2090,#2091,#2092,#2093,#2094,#2095,
    #2096,#2097,#2098,#2099,#2100,#2101,#2102,#2103,#2104,#2105,#2106,
    #2107,#2108,#2109,#2110,#2111,#2112,#2113,#2114,#2115,#2116,#2117,
    #2118,#2119,#2120,#2121,#2122,#2123,#2124,#2125,#2126,#2127,#2128,
    #2129,#2130,#2131,#2132,#2133,#2134,#2135,#2136,#2137,#2138,#2139,
    #2140,#2141,#2142,#2143,#2144,#2145,#2146,#2147,#2148,#2149,#2150,
    #2151,#2152,#2153,#2154,#2155,#2156,#2157,#2158,#2159,#2160,#2161,
    #2162,#2163,#2164,#2165,#2166,#2167,#2168,#2169,#2170,#2171,#2172,
    #2173,#2174,#2175,#2176,#2177,#2178,#2179,#2180,#2181,#2182,#2183,
    #2184,#2185,#2186,#2187,#2188,#2189,#2190,#2191,#2192,#2193,#2194,
    #2195,#2196,#2197,#2198,#2199,#2200,#2201,#2202,#2203,#2204,#2205,
    #2206,#2207,#2208,#2209,#2210,#2211,#2212,#2213,#2214,#2215),
  .UNSPECIFIED.,.F.,.F.,(7,5,5,5,5,5,5,5,5,5,5,5,5,5,5,5,5,5,5,5,5,5,5,5
    ,5,5,5,5,5,7),(0.,4.857306006939E-02,7.433972309819E-02,
    0.100710338975,0.125850293335,0.154515635468,0.182547989441,
    0.211706915872,0.240966089336,0.270497116628,0.294038341146,
    0.317746658266,0.341796944298,0.365950972764,0.390363625382,
    0.414779463723,0.439348759522,0.463813839699,0.504417164748,
    0.544677297201,0.587910100555,0.665520420972,0.730578397531,
    0.794715473495,0.827055909987,0.859493013502,0.892705452952,
    0.926850892589,0.962533437866,1.),.UNSPECIFIED.);
#2069 = CARTESIAN_POINT('',(15.8,108.30000000632));
#2070 = CARTESIAN_POINT('',(16.255530058252,106.93779101785));
#2071 = CARTESIAN_POINT('',(16.752336221011,105.58940486658));
#2072 = CARTESIAN_POINT('',(17.292820532456,104.25732447382));
#2073 = CARTESIAN_POINT('',(17.879337312538,102.94462309285));
#2074 = CARTESIAN_POINT('',(18.514039210824,101.65489773901));
#2075 = CARTESIAN_POINT('',(19.561628682303,99.72224518112));
#2076 = CARTESIAN_POINT('',(19.938735860609,99.05996450046));
#2077 = CARTESIAN_POINT('',(20.330080565475,98.405876022182));
#2078 = CARTESIAN_POINT('',(20.735849197922,97.760613156885));
#2079 = CARTESIAN_POINT('',(21.15616491263,97.124829740249));
#2080 = CARTESIAN_POINT('',(22.036169139404,95.858884005592));
#2081 = CARTESIAN_POINT('',(22.496552964502,95.229197818645));
#2082 = CARTESIAN_POINT('',(22.972262720866,94.61084761895));
#2083 = CARTESIAN_POINT('',(23.46326051477,94.004543869088));
#2084 = CARTESIAN_POINT('',(23.969411779091,93.410976498086));
#2085 = CARTESIAN_POINT('',(24.987206936919,92.277700923126));
#2086 = CARTESIAN_POINT('',(25.497498730155,91.736764536699));
#2087 = CARTESIAN_POINT('',(26.021125537728,91.208562992154));
#2088 = CARTESIAN_POINT('',(26.557796915321,90.693613023146));
#2089 = CARTESIAN_POINT('',(27.107144059926,90.192371407809));
#2090 = CARTESIAN_POINT('',(28.309034019135,89.149775474228));
#2091 = CARTESIAN_POINT('',(28.965259204855,88.612640771592));
#2092 = CARTESIAN_POINT('',(29.636716434614,88.094411095342));
#2093 = CARTESIAN_POINT('',(30.322645624779,87.595512158934));
#2094 = CARTESIAN_POINT('',(31.02220946046,87.116222271331));
#2095 = CARTESIAN_POINT('',(32.431067125924,86.207295056222));
#2096 = CARTESIAN_POINT('',(33.139818580606,85.776786384748));
#2097 = CARTESIAN_POINT('',(33.859919709907,85.365288973869));
#2098 = CARTESIAN_POINT('',(34.590518975966,84.972782720006));
#2099 = CARTESIAN_POINT('',(35.330766129878,84.599125030388));
#2100 = CARTESIAN_POINT('',(36.858992695131,83.874763285265));
#2101 = CARTESIAN_POINT('',(37.64770125904,83.525582259066));
#2102 = CARTESIAN_POINT('',(38.44502519102,83.196262808666));
#2103 = CARTESIAN_POINT('',(39.250079844879,82.886413734612));
#2104 = CARTESIAN_POINT('',(40.062037839689,82.595559157926));
#2105 = CARTESIAN_POINT('',(41.701060387561,82.049849214609));
#2106 = CARTESIAN_POINT('',(42.528166287002,81.795121353697));
#2107 = CARTESIAN_POINT('',(43.360702681413,81.558452681723));
#2108 = CARTESIAN_POINT('',(44.197978082493,81.339258349904));
#2109 = CARTESIAN_POINT('',(45.039373603051,81.136927151116));
#2110 = CARTESIAN_POINT('',(46.737175701762,80.763031629593));
#2111 = CARTESIAN_POINT('',(47.593643896029,80.59177171426));
#2112 = CARTESIAN_POINT('',(48.453200467477,80.436429516591));
#2113 = CARTESIAN_POINT('',(49.315354374517,80.296369994486));
#2114 = CARTESIAN_POINT('',(50.179678792202,80.170968439298));
#2115 = CARTESIAN_POINT('',(51.736268551965,79.970858706977));
#2116 = CARTESIAN_POINT('',(52.427871384391,79.891027960255));
#2117 = CARTESIAN_POINT('',(53.120437400622,79.819822320681));
#2118 = CARTESIAN_POINT('',(53.813801869711,79.756945286178));
#2119 = CARTESIAN_POINT('',(54.50781946221,79.702110543677));
#2120 = CARTESIAN_POINT('',(55.901838828245,79.60763930782));
#2121 = CARTESIAN_POINT('',(56.601846520813,79.568113808156));
#2122 = CARTESIAN_POINT('',(57.302258531155,79.536183981008));
#2123 = CARTESIAN_POINT('',(58.00296057986,79.511580373654));
#2124 = CARTESIAN_POINT('',(58.703852904832,79.494045569764));
#2125 = CARTESIAN_POINT('',(60.115958807927,79.472468308018));
#2126 = CARTESIAN_POINT('',(60.827174094444,79.468624054377));
#2127 = CARTESIAN_POINT('',(61.538406849003,79.471545563663));
#2128 = CARTESIAN_POINT('',(62.249578582576,79.480989350357));
#2129 = CARTESIAN_POINT('',(62.960621588948,79.496724308233));
#2130 = CARTESIAN_POINT('',(64.385402628768,79.540433180098));
#2131 = CARTESIAN_POINT('',(65.099138021217,79.568459334303));
#2132 = CARTESIAN_POINT('',(65.81262715183,79.602388705575));
#2133 = CARTESIAN_POINT('',(66.525819565926,79.642011137249));
#2134 = CARTESIAN_POINT('',(67.238672324371,79.687127783394));
#2135 = CARTESIAN_POINT('',(68.67125638689,79.788514331316));
#2136 = CARTESIAN_POINT('',(69.39097884303,79.844898145885));
#2137 = CARTESIAN_POINT('',(70.110280553032,79.906508938385));
#2138 = CARTESIAN_POINT('',(70.829129981769,79.973163279825));
#2139 = CARTESIAN_POINT('',(71.547500877959,80.04468792635));
#2140 = CARTESIAN_POINT('',(72.983337348816,80.197161659994));
#2141 = CARTESIAN_POINT('',(73.700802239277,80.27811164376));
#2142 = CARTESIAN_POINT('',(74.41774577548,80.363606601713));
#2143 = CARTESIAN_POINT('',(75.134150294633,80.45349199266));
#2144 = CARTESIAN_POINT('',(75.850001641221,80.547621903043));
#2145 = CARTESIAN_POINT('',(77.285072389545,80.744713627024));
#2146 = CARTESIAN_POINT('',(78.004284286166,80.847726934631));
#2147 = CARTESIAN_POINT('',(78.722913872068,80.95475902177));
#2148 = CARTESIAN_POINT('',(79.440952501307,81.06567738698));
#2149 = CARTESIAN_POINT('',(80.158393866795,81.180356975325));
#2150 = CARTESIAN_POINT('',(81.589033511836,81.416501489738));
#2151 = CARTESIAN_POINT('',(82.302236603521,81.537935325617));
#2152 = CARTESIAN_POINT('',(83.014839260785,81.66286550319));
#2153 = CARTESIAN_POINT('',(83.726838913738,81.791182024911));
#2154 = CARTESIAN_POINT('',(84.438234437169,81.922781078527));
#2155 = CARTESIAN_POINT('',(86.328687397191,82.281258433598));
#2156 = CARTESIAN_POINT('',(87.506684082121,82.513723844385));
#2157 = CARTESIAN_POINT('',(88.683019062929,82.754514231877));
#2158 = CARTESIAN_POINT('',(89.857699674885,83.003224617399));
#2159 = CARTESIAN_POINT('',(91.030738507335,83.259488294059));
#2160 = CARTESIAN_POINT('',(93.363668664114,83.784230725873));
#2161 = CARTESIAN_POINT('',(94.523585576473,84.052587546632));
#2162 = CARTESIAN_POINT('',(95.68192233619,84.327719735179));
#2163 = CARTESIAN_POINT('',(96.838696583821,84.609335672283));
#2164 = CARTESIAN_POINT('',(97.993926666011,84.89717384243));
#2165 = CARTESIAN_POINT('',(100.38652325085,85.506522917559));
#2166 = CARTESIAN_POINT('',(101.62365498659,85.828950274523));
#2167 = CARTESIAN_POINT('',(102.85905096574,86.157994650575));
#2168 = CARTESIAN_POINT('',(104.09273173043,86.493402755114));
#2169 = CARTESIAN_POINT('',(105.32471472646,86.834956217295));
#2170 = CARTESIAN_POINT('',(108.76361372222,87.806321464471));
#2171 = CARTESIAN_POINT('',(110.96677741518,88.449380431587));
#2172 = CARTESIAN_POINT('',(113.16459993554,89.110587981346));
#2173 = CARTESIAN_POINT('',(115.35709565014,89.789219272615));
#2174 = CARTESIAN_POINT('',(117.54419817172,90.484886757893));
#2175 = CARTESIAN_POINT('',(121.55448545488,91.794935245784));
#2176 = CARTESIAN_POINT('',(123.37930860016,92.404263223279));
#2177 = CARTESIAN_POINT('',(125.20013948815,93.025494117871));
#2178 = CARTESIAN_POINT('',(127.0168225889,93.65876100807));
#2179 = CARTESIAN_POINT('',(128.82914130577,94.304348420551));
#2180 = CARTESIAN_POINT('',(132.41891622625,95.611691005434));
#2181 = CARTESIAN_POINT('',(134.19649758879,96.273085575819));
#2182 = CARTESIAN_POINT('',(135.9693045245,96.947264865493));
#2183 = CARTESIAN_POINT('',(137.73700461194,97.634747810052));
#2184 = CARTESIAN_POINT('',(139.49920706836,98.336139841297));
#2185 = CARTESIAN_POINT('',(142.14107813736,99.413055349659));
#2186 = CARTESIAN_POINT('',(143.02515985102,99.777744164238));
#2187 = CARTESIAN_POINT('',(143.90768129519,100.14620570435));
#2188 = CARTESIAN_POINT('',(144.78858529692,100.51851981073));
#2189 = CARTESIAN_POINT('',(145.66781318762,100.89476460919));
#2190 = CARTESIAN_POINT('',(147.42542134968,101.65640007854));
#2191 = CARTESIAN_POINT('',(148.3037912813,102.04181473639));
#2192 = CARTESIAN_POINT('',(149.18035580505,102.43133259356));
#2193 = CARTESIAN_POINT('',(150.05505481917,102.82502394885));
#2194 = CARTESIAN_POINT('',(150.92782899815,103.22295247522));
#2195 = CARTESIAN_POINT('',(152.69022701033,104.03700742281));
#2196 = CARTESIAN_POINT('',(153.57975516395,104.45334156074));
#2197 = CARTESIAN_POINT('',(154.46714335214,104.87423402262));
#2198 = CARTESIAN_POINT('',(155.35233243008,105.29973391117));
#2199 = CARTESIAN_POINT('',(156.23526688955,105.72987894079));
#2200 = CARTESIAN_POINT('',(158.0212630108,106.61172321274));
#2201 = CARTESIAN_POINT('',(158.92419374841,107.06368860501));
#2202 = CARTESIAN_POINT('',(159.82463206474,107.52061698509));
#2203 = CARTESIAN_POINT('',(160.72252873054,107.98252099277));
#2204 = CARTESIAN_POINT('',(161.61784112208,108.44939879213));
#2205 = CARTESIAN_POINT('',(163.44341112747,109.4143096885));
#2206 = CARTESIAN_POINT('',(164.37342807225,109.91279934501));
#2207 = CARTESIAN_POINT('',(165.30054294335,110.41668435519));
#2208 = CARTESIAN_POINT('',(166.22472458944,110.92592929411));
#2209 = CARTESIAN_POINT('',(167.14595111611,111.44048327073));
#2210 = CARTESIAN_POINT('',(169.02837731011,112.50606741909));
#2211 = CARTESIAN_POINT('',(169.98927324362,113.05763536953));
#2212 = CARTESIAN_POINT('',(170.94688159198,113.61490996077));
#2213 = CARTESIAN_POINT('',(171.90119916041,114.17780010343));
#2214 = CARTESIAN_POINT('',(172.85223325703,114.7462015951));
#2215 = CARTESIAN_POINT('',(173.8,115.32000000539));
#2216 = ( GEOMETRIC_REPRESENTATION_CONTEXT(2) 
PARAMETRIC_REPRESENTATION_CONTEXT() REPRESENTATION_CONTEXT('2D SPACE',''
  ) );
#2217 = PCURVE('',#1723,#2218);
#2218 = DEFINITIONAL_REPRESENTATION('',(#2219),#2367);
#2219 = B_SPLINE_CURVE_WITH_KNOTS('',6,(#2220,#2221,#2222,#2223,#2224,
    #2225,#2226,#2227,#2228,#2229,#2230,#2231,#2232,#2233,#2234,#2235,
    #2236,#2237,#2238,#2239,#2240,#2241,#2242,#2243,#2244,#2245,#2246,
    #2247,#2248,#2249,#2250,#2251,#2252,#2253,#2254,#2255,#2256,#2257,
    #2258,#2259,#2260,#2261,#2262,#2263,#2264,#2265,#2266,#2267,#2268,
    #2269,#2270,#2271,#2272,#2273,#2274,#2275,#2276,#2277,#2278,#2279,
    #2280,#2281,#2282,#2283,#2284,#2285,#2286,#2287,#2288,#2289,#2290,
    #2291,#2292,#2293,#2294,#2295,#2296,#2297,#2298,#2299,#2300,#2301,
    #2302,#2303,#2304,#2305,#2306,#2307,#2308,#2309,#2310,#2311,#2312,
    #2313,#2314,#2315,#2316,#2317,#2318,#2319,#2320,#2321,#2322,#2323,
    #2324,#2325,#2326,#2327,#2328,#2329,#2330,#2331,#2332,#2333,#2334,
    #2335,#2336,#2337,#2338,#2339,#2340,#2341,#2342,#2343,#2344,#2345,
    #2346,#2347,#2348,#2349,#2350,#2351,#2352,#2353,#2354,#2355,#2356,
    #2357,#2358,#2359,#2360,#2361,#2362,#2363,#2364,#2365,#2366),
  .UNSPECIFIED.,.F.,.F.,(7,5,5,5,5,5,5,5,5,5,5,5,5,5,5,5,5,5,5,5,5,5,5,5
    ,5,5,5,5,5,7),(0.,4.857306006939E-02,7.433972309819E-02,
    0.100710338975,0.125850293335,0.154515635468,0.182547989441,
    0.211706915872,0.240966089336,0.270497116628,0.294038341146,
    0.317746658266,0.341796944298,0.365950972764,0.390363625382,
    0.414779463723,0.439348759522,0.463813839699,0.504417164748,
    0.544677297201,0.587910100555,0.665520420972,0.730578397531,
    0.794715473495,0.827055909987,0.859493013502,0.892705452952,
    0.926850892589,0.962533437866,1.),.UNSPECIFIED.);
#2220 = CARTESIAN_POINT('',(0.5,0.));
#2221 = CARTESIAN_POINT('',(0.5,6.118113009782E-03));
#2222 = CARTESIAN_POINT('',(0.5,1.240262971445E-02));
#2223 = CARTESIAN_POINT('',(0.5,1.885970836593E-02));
#2224 = CARTESIAN_POINT('',(0.5,2.549389674645E-02));
#2225 = CARTESIAN_POINT('',(0.5,3.230764525692E-02));
#2226 = CARTESIAN_POINT('',(0.5,4.300925052252E-02));
#2227 = CARTESIAN_POINT('',(0.5,4.67687162246E-02));
#2228 = CARTESIAN_POINT('',(0.5,5.057819204498E-02));
#2229 = CARTESIAN_POINT('',(0.5,5.443718836968E-02));
#2230 = CARTESIAN_POINT('',(0.5,5.834487081326E-02));
#2231 = CARTESIAN_POINT('',(0.5,6.63478346928E-02));
#2232 = CARTESIAN_POINT('',(0.5,7.044539729743E-02));
#2233 = CARTESIAN_POINT('',(0.5,7.459132016012E-02));
#2234 = CARTESIAN_POINT('',(0.5,7.878388771017E-02));
#2235 = CARTESIAN_POINT('',(0.5,8.302097729247E-02));
#2236 = CARTESIAN_POINT('',(0.5,9.137932966285E-02));
#2237 = CARTESIAN_POINT('',(0.5,9.549682411094E-02));
#2238 = CARTESIAN_POINT('',(0.5,9.965022056352E-02));
#2239 = CARTESIAN_POINT('',(0.5,0.103837052545));
#2240 = CARTESIAN_POINT('',(0.5,0.108054626766));
#2241 = CARTESIAN_POINT('',(0.5,0.117140703945));
#2242 = CARTESIAN_POINT('',(0.5,0.122017655007));
#2243 = CARTESIAN_POINT('',(0.5,0.126926461152));
#2244 = CARTESIAN_POINT('',(0.5,0.131862726833));
#2245 = CARTESIAN_POINT('',(0.5,0.136822046817));
#2246 = CARTESIAN_POINT('',(0.5,0.146668030008));
#2247 = CARTESIAN_POINT('',(0.5,0.151553973914));
#2248 = CARTESIAN_POINT('',(0.5,0.156453757257));
#2249 = CARTESIAN_POINT('',(0.5,0.161363614084));
#2250 = CARTESIAN_POINT('',(0.5,0.166280082465));
#2251 = CARTESIAN_POINT('',(0.5,0.176317640623));
#2252 = CARTESIAN_POINT('',(0.5,0.181439055175));
#2253 = CARTESIAN_POINT('',(0.5,0.186560753355));
#2254 = CARTESIAN_POINT('',(0.5,0.19167974285));
#2255 = CARTESIAN_POINT('',(0.5,0.196793509924));
#2256 = CARTESIAN_POINT('',(0.5,0.207024045952));
#2257 = CARTESIAN_POINT('',(0.5,0.212140758714));
#2258 = CARTESIAN_POINT('',(0.5,0.21724810861));
#2259 = CARTESIAN_POINT('',(0.5,0.222344494974));
#2260 = CARTESIAN_POINT('',(0.5,0.227428726237));
#2261 = CARTESIAN_POINT('',(0.5,0.237618392154));
#2262 = CARTESIAN_POINT('',(0.5,0.242723553824));
#2263 = CARTESIAN_POINT('',(0.5,0.247814676336));
#2264 = CARTESIAN_POINT('',(0.5,0.252891240023));
#2265 = CARTESIAN_POINT('',(0.5,0.257953004676));
#2266 = CARTESIAN_POINT('',(0.5,0.267023309074));
#2267 = CARTESIAN_POINT('',(0.5,0.271037216341));
#2268 = CARTESIAN_POINT('',(0.5,0.275041730052));
#2269 = CARTESIAN_POINT('',(0.5,0.279036925633));
#2270 = CARTESIAN_POINT('',(0.5,0.283022945688));
#2271 = CARTESIAN_POINT('',(0.5,0.291005282935));
#2272 = CARTESIAN_POINT('',(0.5,0.295001463583));
#2273 = CARTESIAN_POINT('',(0.5,0.298988754059));
#2274 = CARTESIAN_POINT('',(0.5,0.302967406103));
#2275 = CARTESIAN_POINT('',(0.5,0.306937711085));
#2276 = CARTESIAN_POINT('',(0.5,0.314919440995));
#2277 = CARTESIAN_POINT('',(0.5,0.31893062643));
#2278 = CARTESIAN_POINT('',(0.5,0.322933899725));
#2279 = CARTESIAN_POINT('',(0.5,0.32692962557));
#2280 = CARTESIAN_POINT('',(0.5,0.330918189921));
#2281 = CARTESIAN_POINT('',(0.5,0.33889898587));
#2282 = CARTESIAN_POINT('',(0.5,0.342891154505));
#2283 = CARTESIAN_POINT('',(0.5,0.34687691666));
#2284 = CARTESIAN_POINT('',(0.5,0.350856691635));
#2285 = CARTESIAN_POINT('',(0.5,0.354830907281));
#2286 = CARTESIAN_POINT('',(0.5,0.36281159094));
#2287 = CARTESIAN_POINT('',(0.5,0.366817945565));
#2288 = CARTESIAN_POINT('',(0.5,0.370819513216));
#2289 = CARTESIAN_POINT('',(0.5,0.37481674405));
#2290 = CARTESIAN_POINT('',(0.5,0.378810089046));
#2291 = CARTESIAN_POINT('',(0.5,0.386790431617));
#2292 = CARTESIAN_POINT('',(0.5,0.390777426257));
#2293 = CARTESIAN_POINT('',(0.5,0.394761435067));
#2294 = CARTESIAN_POINT('',(0.5,0.398742905326));
#2295 = CARTESIAN_POINT('',(0.5,0.402722280452));
#2296 = CARTESIAN_POINT('',(0.5,0.410702720153));
#2297 = CARTESIAN_POINT('',(0.5,0.414703762482));
#2298 = CARTESIAN_POINT('',(0.5,0.41870357439));
#2299 = CARTESIAN_POINT('',(0.5,0.422702596505));
#2300 = CARTESIAN_POINT('',(0.5,0.426701262681));
#2301 = CARTESIAN_POINT('',(0.5,0.434681775868));
#2302 = CARTESIAN_POINT('',(0.5,0.438663621325));
#2303 = CARTESIAN_POINT('',(0.5,0.442645957768));
#2304 = CARTESIAN_POINT('',(0.5,0.446629198128));
#2305 = CARTESIAN_POINT('',(0.5,0.450613746873));
#2306 = CARTESIAN_POINT('',(0.5,0.461215761333));
#2307 = CARTESIAN_POINT('',(0.5,0.467836210094));
#2308 = CARTESIAN_POINT('',(0.5,0.474463166721));
#2309 = CARTESIAN_POINT('',(0.5,0.48109836157));
#2310 = CARTESIAN_POINT('',(0.5,0.487743445422));
#2311 = CARTESIAN_POINT('',(0.5,0.5010002912));
#2312 = CARTESIAN_POINT('',(0.5,0.507611850178));
#2313 = CARTESIAN_POINT('',(0.5,0.514236213264));
#2314 = CARTESIAN_POINT('',(0.5,0.520874818135));
#2315 = CARTESIAN_POINT('',(0.5,0.527529002035));
#2316 = CARTESIAN_POINT('',(0.5,0.541363561707));
#2317 = CARTESIAN_POINT('',(0.5,0.548546500218));
#2318 = CARTESIAN_POINT('',(0.5,0.555750352853));
#2319 = CARTESIAN_POINT('',(0.5,0.562976472353));
#2320 = CARTESIAN_POINT('',(0.5,0.570226026876));
#2321 = CARTESIAN_POINT('',(0.5,0.590558033276));
#2322 = CARTESIAN_POINT('',(0.5,0.603694686181));
#2323 = CARTESIAN_POINT('',(0.5,0.616915605479));
#2324 = CARTESIAN_POINT('',(0.5,0.630224059314));
#2325 = CARTESIAN_POINT('',(0.5,0.643620145532));
#2326 = CARTESIAN_POINT('',(0.5,0.668399683486));
#2327 = CARTESIAN_POINT('',(0.5,0.679758167518));
#2328 = CARTESIAN_POINT('',(0.5,0.691173163494));
#2329 = CARTESIAN_POINT('',(0.5,0.702640197158));
#2330 = CARTESIAN_POINT('',(0.5,0.714152349891));
#2331 = CARTESIAN_POINT('',(0.5,0.737084192246));
#2332 = CARTESIAN_POINT('',(0.5,0.748502855785));
#2333 = CARTESIAN_POINT('',(0.5,0.759946786905));
#2334 = CARTESIAN_POINT('',(0.5,0.771404203062));
#2335 = CARTESIAN_POINT('',(0.5,0.782860686744));
#2336 = CARTESIAN_POINT('',(0.5,0.800068151702));
#2337 = CARTESIAN_POINT('',(0.5,0.805831932721));
#2338 = CARTESIAN_POINT('',(0.5,0.811589258013));
#2339 = CARTESIAN_POINT('',(0.5,0.817337918924));
#2340 = CARTESIAN_POINT('',(0.5,0.823075617365));
#2341 = CARTESIAN_POINT('',(0.5,0.834541493072));
#2342 = CARTESIAN_POINT('',(0.5,0.840269591037));
#2343 = CARTESIAN_POINT('',(0.5,0.845981919494));
#2344 = CARTESIAN_POINT('',(0.5,0.851676050595));
#2345 = CARTESIAN_POINT('',(0.5,0.857349546029));
#2346 = CARTESIAN_POINT('',(0.5,0.868785515353));
#2347 = CARTESIAN_POINT('',(0.5,0.87454687615));
#2348 = CARTESIAN_POINT('',(0.5,0.880281498187));
#2349 = CARTESIAN_POINT('',(0.5,0.885986840094));
#2350 = CARTESIAN_POINT('',(0.5,0.891660447967));
#2351 = CARTESIAN_POINT('',(0.5,0.903097977707));
#2352 = CARTESIAN_POINT('',(0.5,0.908859968347));
#2353 = CARTESIAN_POINT('',(0.5,0.914583426235));
#2354 = CARTESIAN_POINT('',(0.5,0.920265995917));
#2355 = CARTESIAN_POINT('',(0.5,0.925905512169));
#2356 = CARTESIAN_POINT('',(0.5,0.937346331675));
#2357 = CARTESIAN_POINT('',(0.5,0.943143499867));
#2358 = CARTESIAN_POINT('',(0.5,0.948889267901));
#2359 = CARTESIAN_POINT('',(0.5,0.954581676146));
#2360 = CARTESIAN_POINT('',(0.5,0.960219048685));
#2361 = CARTESIAN_POINT('',(0.5,0.971659981612));
#2362 = CARTESIAN_POINT('',(0.5,0.977457762241));
#2363 = CARTESIAN_POINT('',(0.5,0.983191734244));
#2364 = CARTESIAN_POINT('',(0.5,0.988860652541));
#2365 = CARTESIAN_POINT('',(0.5,0.994463607862));
#2366 = CARTESIAN_POINT('',(0.5,1.));
#2367 = ( GEOMETRIC_REPRESENTATION_CONTEXT(2) 
PARAMETRIC_REPRESENTATION_CONTEXT() REPRESENTATION_CONTEXT('2D SPACE',''
  ) );
#2368 = ADVANCED_FACE('',(#2369),#260,.T.);
#2369 = FACE_BOUND('',#2370,.T.);
#2370 = EDGE_LOOP('',(#2371,#2372,#2373,#2400));
#2371 = ORIENTED_EDGE('',*,*,#242,.F.);
#2372 = ORIENTED_EDGE('',*,*,#1636,.T.);
#2373 = ORIENTED_EDGE('',*,*,#2374,.T.);
#2374 = EDGE_CURVE('',#1637,#2375,#2377,.T.);
#2375 = VERTEX_POINT('',#2376);
#2376 = CARTESIAN_POINT('',(40.68,0.,79.));
#2377 = SURFACE_CURVE('',#2378,(#2384,#2393),.PCURVE_S1.);
#2378 = ( BOUNDED_CURVE() B_SPLINE_CURVE(4,(#2379,#2380,#2381,#2382,
#2383),.UNSPECIFIED.,.F.,.F.) B_SPLINE_CURVE_WITH_KNOTS((5,5),(0.,1.),
.PIECEWISE_BEZIER_KNOTS.) CURVE() GEOMETRIC_REPRESENTATION_ITEM() 
RATIONAL_B_SPLINE_CURVE((1.,1.,1.,1.,1.)) REPRESENTATION_ITEM('') );
#2379 = CARTESIAN_POINT('',(47.7,-5.330154691523E-14,-79.));
#2380 = CARTESIAN_POINT('',(103.36295465344,9.347721516686E-14,
    -60.38600670158));
#2381 = CARTESIAN_POINT('',(64.64353952662,-8.435560484503E-14,
    11.819560429411));
#2382 = CARTESIAN_POINT('',(66.590303866466,-5.022269125404E-15,
    36.202871504994));
#2383 = CARTESIAN_POINT('',(40.68,-2.547896707174E-14,79.));
#2384 = PCURVE('',#260,#2385);
#2385 = DEFINITIONAL_REPRESENTATION('',(#2386),#2392);
#2386 = ( BOUNDED_CURVE() B_SPLINE_CURVE(4,(#2387,#2388,#2389,#2390,
#2391),.UNSPECIFIED.,.F.,.F.) B_SPLINE_CURVE_WITH_KNOTS((5,5),(0.,1.),
.PIECEWISE_BEZIER_KNOTS.) CURVE() GEOMETRIC_REPRESENTATION_ITEM() 
RATIONAL_B_SPLINE_CURVE((1.,1.,1.,1.,1.)) REPRESENTATION_ITEM('') );
#2387 = CARTESIAN_POINT('',(15.8,203.7));
#2388 = CARTESIAN_POINT('',(34.41399329842,259.36295465344));
#2389 = CARTESIAN_POINT('',(106.61956042941,220.64353952662));
#2390 = CARTESIAN_POINT('',(131.00287150499,222.59030386646));
#2391 = CARTESIAN_POINT('',(173.8,196.68));
#2392 = ( GEOMETRIC_REPRESENTATION_CONTEXT(2) 
PARAMETRIC_REPRESENTATION_CONTEXT() REPRESENTATION_CONTEXT('2D SPACE',''
  ) );
#2393 = PCURVE('',#1723,#2394);
#2394 = DEFINITIONAL_REPRESENTATION('',(#2395),#2399);
#2395 = LINE('',#2396,#2397);
#2396 = CARTESIAN_POINT('',(1.,0.));
#2397 = VECTOR('',#2398,1.);
#2398 = DIRECTION('',(0.,1.));
#2399 = ( GEOMETRIC_REPRESENTATION_CONTEXT(2) 
PARAMETRIC_REPRESENTATION_CONTEXT() REPRESENTATION_CONTEXT('2D SPACE',''
  ) );
#2400 = ORIENTED_EDGE('',*,*,#2401,.F.);
#2401 = EDGE_CURVE('',#243,#2375,#2402,.T.);
#2402 = SURFACE_CURVE('',#2403,(#2407,#2413),.PCURVE_S1.);
#2403 = LINE('',#2404,#2405);
#2404 = CARTESIAN_POINT('',(-56.16,0.,79.));
#2405 = VECTOR('',#2406,1.);
#2406 = DIRECTION('',(-1.,0.,0.));
#2407 = PCURVE('',#260,#2408);
#2408 = DEFINITIONAL_REPRESENTATION('',(#2409),#2412);
#2409 = B_SPLINE_CURVE_WITH_KNOTS('',1,(#2410,#2411),.UNSPECIFIED.,.F.,
  .F.,(2,2),(-100.0561942853,-12.26380572185),.PIECEWISE_BEZIER_KNOTS.);
#2410 = CARTESIAN_POINT('',(173.8,199.89619428536));
#2411 = CARTESIAN_POINT('',(173.8,112.10380572185));
#2412 = ( GEOMETRIC_REPRESENTATION_CONTEXT(2) 
PARAMETRIC_REPRESENTATION_CONTEXT() REPRESENTATION_CONTEXT('2D SPACE',''
  ) );
#2413 = PCURVE('',#315,#2414);
#2414 = DEFINITIONAL_REPRESENTATION('',(#2415),#2418);
#2415 = B_SPLINE_CURVE_WITH_KNOTS('',1,(#2416,#2417),.UNSPECIFIED.,.F.,
  .F.,(2,2),(-100.0561942853,-12.26380572185),.PIECEWISE_BEZIER_KNOTS.);
#2416 = CARTESIAN_POINT('',(-0.216055551578,-7.743878649853E-03));
#2417 = CARTESIAN_POINT('',(87.519995859165,3.13689799878));
#2418 = ( GEOMETRIC_REPRESENTATION_CONTEXT(2) 
PARAMETRIC_REPRESENTATION_CONTEXT() REPRESENTATION_CONTEXT('2D SPACE',''
  ) );
#2419 = ADVANCED_FACE('',(#2420),#315,.T.);
#2420 = FACE_BOUND('',#2421,.T.);
#2421 = EDGE_LOOP('',(#2422,#2423,#2424,#2495));
#2422 = ORIENTED_EDGE('',*,*,#274,.T.);
#2423 = ORIENTED_EDGE('',*,*,#2401,.T.);
#2424 = ORIENTED_EDGE('',*,*,#2425,.F.);
#2425 = EDGE_CURVE('',#1896,#2375,#2426,.T.);
#2426 = SURFACE_CURVE('',#2427,(#2456,#2488),.PCURVE_S1.);
#2427 = B_SPLINE_CURVE_WITH_KNOTS('',14,(#2428,#2429,#2430,#2431,#2432,
    #2433,#2434,#2435,#2436,#2437,#2438,#2439,#2440,#2441,#2442,#2443,
    #2444,#2445,#2446,#2447,#2448,#2449,#2450,#2451,#2452,#2453,#2454,
    #2455),.UNSPECIFIED.,.T.,.F.,(15,13,15),(0.,0.5,1.),.UNSPECIFIED.);
#2428 = CARTESIAN_POINT('',(40.68,-2.547896707174E-14,79.));
#2429 = CARTESIAN_POINT('',(40.68,5.358659469127,79.));
#2430 = CARTESIAN_POINT('',(38.473980946603,10.717319927252,79.));
#2431 = CARTESIAN_POINT('',(34.061941429709,15.736951038553,79.));
#2432 = CARTESIAN_POINT('',(27.60882895155,20.078541582563,79.));
#2433 = CARTESIAN_POINT('',(19.44452392956,23.433469167515,79.));
#2434 = CARTESIAN_POINT('',(10.04577502559,25.55397381512,79.));
#2435 = CARTESIAN_POINT('',(-3.646875512686E-08,26.279372073169,79.));
#2436 = CARTESIAN_POINT('',(-10.04577480116,25.553974793806,79.));
#2437 = CARTESIAN_POINT('',(-19.44452463328,23.433469380101,79.));
#2438 = CARTESIAN_POINT('',(-27.60882787501,20.078539242632,79.));
#2439 = CARTESIAN_POINT('',(-34.06194220911,15.736953678098,79.));
#2440 = CARTESIAN_POINT('',(-38.47398073277,10.71731886744,79.));
#2441 = CARTESIAN_POINT('',(-40.6799999946,5.35865943372,79.));
#2442 = CARTESIAN_POINT('',(-40.6799999946,-5.35865943372,79.));
#2443 = CARTESIAN_POINT('',(-38.47398073277,-10.71731886744,79.));
#2444 = CARTESIAN_POINT('',(-34.06194220911,-15.73695367809,79.));
#2445 = CARTESIAN_POINT('',(-27.60882787501,-20.07853924263,79.));
#2446 = CARTESIAN_POINT('',(-19.44452463328,-23.4334693801,79.));
#2447 = CARTESIAN_POINT('',(-10.04577480116,-25.5539747938,79.));
#2448 = CARTESIAN_POINT('',(-3.646881463482E-08,-26.27937207316,79.));
#2449 = CARTESIAN_POINT('',(10.04577502559,-25.55397381512,79.));
#2450 = CARTESIAN_POINT('',(19.44452392956,-23.43346916751,79.));
#2451 = CARTESIAN_POINT('',(27.60882895155,-20.07854158256,79.));
#2452 = CARTESIAN_POINT('',(34.061941429709,-15.73695103855,79.));
#2453 = CARTESIAN_POINT('',(38.473980946602,-10.71731992725,79.));
#2454 = CARTESIAN_POINT('',(40.680000000001,-5.358659469122,79.));
#2455 = CARTESIAN_POINT('',(40.68,2.942742138567E-15,79.));
#2456 = PCURVE('',#315,#2457);
#2457 = DEFINITIONAL_REPRESENTATION('',(#2458),#2487);
#2458 = B_SPLINE_CURVE_WITH_KNOTS('',14,(#2459,#2460,#2461,#2462,#2463,
    #2464,#2465,#2466,#2467,#2468,#2469,#2470,#2471,#2472,#2473,#2474,
    #2475,#2476,#2477,#2478,#2479,#2480,#2481,#2482,#2483,#2484,#2485,
    #2486),.UNSPECIFIED.,.F.,.F.,(15,13,15),(0.,0.5,1.),.UNSPECIFIED.);
#2459 = CARTESIAN_POINT('',(2.998074873448,0.107457215673));
#2460 = CARTESIAN_POINT('',(3.190017082211,-5.247763554245));
#2461 = CARTESIAN_POINT('',(5.586562757846,-10.52396775746));
#2462 = CARTESIAN_POINT('',(10.175569557573,-15.3823425664));
#2463 = CARTESIAN_POINT('',(16.780052760157,-19.49000257356));
#2464 = CARTESIAN_POINT('',(25.059289067709,-22.55033944327));
#2465 = CARTESIAN_POINT('',(34.52796121974,-24.3328288816));
#2466 = CARTESIAN_POINT('',(44.593272911384,-24.69793130601));
#2467 = CARTESIAN_POINT('',(54.6066181562,-23.61316919201));
#2468 = CARTESIAN_POINT('',(63.92338219151,-21.15737002947));
#2469 = CARTESIAN_POINT('',(71.962275843811,-17.51215501561));
#2470 = CARTESIAN_POINT('',(78.255737591869,-12.94221091871));
#2471 = CARTESIAN_POINT('',(82.485146211213,-7.767762127076));
#2472 = CARTESIAN_POINT('',(84.497807643464,-2.333523830011));
#2473 = CARTESIAN_POINT('',(84.113923228474,8.376917639056));
#2474 = CARTESIAN_POINT('',(81.717377381232,13.653120811058));
#2475 = CARTESIAN_POINT('',(77.12837144159,18.511499352566));
#2476 = CARTESIAN_POINT('',(70.523886562619,22.619154316964));
#2477 = CARTESIAN_POINT('',(62.244651942752,25.679493801316));
#2478 = CARTESIAN_POINT('',(52.775978835725,27.461983972008));
#2479 = CARTESIAN_POINT('',(42.710667476311,27.827085429019));
#2480 = CARTESIAN_POINT('',(32.697321969377,26.742322326306));
#2481 = CARTESIAN_POINT('',(23.38055883418,24.286523962626));
#2482 = CARTESIAN_POINT('',(15.341663311337,20.641311435875));
#2483 = CARTESIAN_POINT('',(9.048203596386,16.071362429167));
#2484 = CARTESIAN_POINT('',(4.818793851943,10.896917298944));
#2485 = CARTESIAN_POINT('',(2.806132664684,5.462677985585));
#2486 = CARTESIAN_POINT('',(2.998074873448,0.107457215673));
#2487 = ( GEOMETRIC_REPRESENTATION_CONTEXT(2) 
PARAMETRIC_REPRESENTATION_CONTEXT() REPRESENTATION_CONTEXT('2D SPACE',''
  ) );
#2488 = PCURVE('',#1723,#2489);
#2489 = DEFINITIONAL_REPRESENTATION('',(#2490),#2494);
#2490 = LINE('',#2491,#2492);
#2491 = CARTESIAN_POINT('',(0.,1.));
#2492 = VECTOR('',#2493,1.);
#2493 = DIRECTION('',(1.,0.));
#2494 = ( GEOMETRIC_REPRESENTATION_CONTEXT(2) 
PARAMETRIC_REPRESENTATION_CONTEXT() REPRESENTATION_CONTEXT('2D SPACE',''
  ) );
#2495 = ORIENTED_EDGE('',*,*,#1895,.T.);
#2496 = ADVANCED_FACE('',(#2497),#924,.T.);
#2497 = FACE_BOUND('',#2498,.T.);
#2498 = EDGE_LOOP('',(#2499,#2522,#2523,#2546));
#2499 = ORIENTED_EDGE('',*,*,#2500,.F.);
#2500 = EDGE_CURVE('',#815,#2501,#2503,.T.);
#2501 = VERTEX_POINT('',#2502);
#2502 = CARTESIAN_POINT('',(-46.,-36.17395170157,-22.));
#2503 = SURFACE_CURVE('',#2504,(#2508,#2515),.PCURVE_S1.);
#2504 = LINE('',#2505,#2506);
#2505 = CARTESIAN_POINT('',(-46.,-142.,-22.));
#2506 = VECTOR('',#2507,1.);
#2507 = DIRECTION('',(0.,1.,0.));
#2508 = PCURVE('',#924,#2509);
#2509 = DEFINITIONAL_REPRESENTATION('',(#2510),#2514);
#2510 = LINE('',#2511,#2512);
#2511 = CARTESIAN_POINT('',(0.,0.));
#2512 = VECTOR('',#2513,1.);
#2513 = DIRECTION('',(0.,1.));
#2514 = ( GEOMETRIC_REPRESENTATION_CONTEXT(2) 
PARAMETRIC_REPRESENTATION_CONTEXT() REPRESENTATION_CONTEXT('2D SPACE',''
  ) );
#2515 = PCURVE('',#1125,#2516);
#2516 = DEFINITIONAL_REPRESENTATION('',(#2517),#2521);
#2517 = LINE('',#2518,#2519);
#2518 = CARTESIAN_POINT('',(0.,0.));
#2519 = VECTOR('',#2520,1.);
#2520 = DIRECTION('',(0.,-1.));
#2521 = ( GEOMETRIC_REPRESENTATION_CONTEXT(2) 
PARAMETRIC_REPRESENTATION_CONTEXT() REPRESENTATION_CONTEXT('2D SPACE',''
  ) );
#2522 = ORIENTED_EDGE('',*,*,#812,.F.);
#2523 = ORIENTED_EDGE('',*,*,#2524,.T.);
#2524 = EDGE_CURVE('',#813,#2525,#2527,.T.);
#2525 = VERTEX_POINT('',#2526);
#2526 = CARTESIAN_POINT('',(46.,-36.17395170144,-22.));
#2527 = SURFACE_CURVE('',#2528,(#2532,#2539),.PCURVE_S1.);
#2528 = LINE('',#2529,#2530);
#2529 = CARTESIAN_POINT('',(46.,-142.,-22.));
#2530 = VECTOR('',#2531,1.);
#2531 = DIRECTION('',(0.,1.,0.));
#2532 = PCURVE('',#924,#2533);
#2533 = DEFINITIONAL_REPRESENTATION('',(#2534),#2538);
#2534 = LINE('',#2535,#2536);
#2535 = CARTESIAN_POINT('',(92.,0.));
#2536 = VECTOR('',#2537,1.);
#2537 = DIRECTION('',(0.,1.));
#2538 = ( GEOMETRIC_REPRESENTATION_CONTEXT(2) 
PARAMETRIC_REPRESENTATION_CONTEXT() REPRESENTATION_CONTEXT('2D SPACE',''
  ) );
#2539 = PCURVE('',#1557,#2540);
#2540 = DEFINITIONAL_REPRESENTATION('',(#2541),#2545);
#2541 = LINE('',#2542,#2543);
#2542 = CARTESIAN_POINT('',(0.,0.));
#2543 = VECTOR('',#2544,1.);
#2544 = DIRECTION('',(0.,-1.));
#2545 = ( GEOMETRIC_REPRESENTATION_CONTEXT(2) 
PARAMETRIC_REPRESENTATION_CONTEXT() REPRESENTATION_CONTEXT('2D SPACE',''
  ) );
#2546 = ORIENTED_EDGE('',*,*,#2547,.T.);
#2547 = EDGE_CURVE('',#2525,#2501,#2548,.T.);
#2548 = SURFACE_CURVE('',#2549,(#2616,#2686),.PCURVE_S1.);
#2549 = B_SPLINE_CURVE_WITH_KNOTS('',5,(#2550,#2551,#2552,#2553,#2554,
    #2555,#2556,#2557,#2558,#2559,#2560,#2561,#2562,#2563,#2564,#2565,
    #2566,#2567,#2568,#2569,#2570,#2571,#2572,#2573,#2574,#2575,#2576,
    #2577,#2578,#2579,#2580,#2581,#2582,#2583,#2584,#2585,#2586,#2587,
    #2588,#2589,#2590,#2591,#2592,#2593,#2594,#2595,#2596,#2597,#2598,
    #2599,#2600,#2601,#2602,#2603,#2604,#2605,#2606,#2607,#2608,#2609,
    #2610,#2611,#2612,#2613,#2614,#2615),.UNSPECIFIED.,.F.,.F.,(6,4,4,4,
    4,4,4,4,4,4,4,4,4,4,4,4,6),(0.,5.840920152698E-02,0.118077646842,
    0.179262378126,0.241747265045,0.305543103294,0.369906197003,
    0.43481617825,0.500001511216,0.565438161479,0.630346530532,
    0.694706963609,0.758255656646,0.820979369451,0.882158582095,
    0.941820709838,1.),.UNSPECIFIED.);
#2550 = CARTESIAN_POINT('',(46.,-36.17395170144,-22.));
#2551 = CARTESIAN_POINT('',(44.995527174088,-36.63404272514,-22.));
#2552 = CARTESIAN_POINT('',(43.983531546267,-37.07770636259,-22.));
#2553 = CARTESIAN_POINT('',(42.964620123437,-37.50533282501,-22.));
#2554 = CARTESIAN_POINT('',(41.939330055042,-37.91727621663,-22.));
#2555 = CARTESIAN_POINT('',(39.854703652661,-38.71900158787,-22.));
#2556 = CARTESIAN_POINT('',(38.795112460857,-39.10811331548,-22.));
#2557 = CARTESIAN_POINT('',(37.729862409156,-39.48154746926,-22.));
#2558 = CARTESIAN_POINT('',(36.659402715297,-39.83961651821,-22.));
#2559 = CARTESIAN_POINT('',(34.481535585162,-40.53431019812,-22.));
#2560 = CARTESIAN_POINT('',(33.373882595239,-40.87015798646,-22.));
#2561 = CARTESIAN_POINT('',(32.261602373707,-41.19045549806,-22.));
#2562 = CARTESIAN_POINT('',(31.145082486687,-41.49547445578,-22.));
#2563 = CARTESIAN_POINT('',(28.880449789913,-42.08160524356,-22.));
#2564 = CARTESIAN_POINT('',(27.73217155423,-42.36207118252,-22.));
#2565 = CARTESIAN_POINT('',(26.580205922053,-42.62711496005,-22.));
#2566 = CARTESIAN_POINT('',(25.424891690291,-42.8769646669,-22.));
#2567 = CARTESIAN_POINT('',(23.08387798711,-43.35159893724,-22.));
#2568 = CARTESIAN_POINT('',(21.898051111059,-43.57574789973,-22.));
#2569 = CARTESIAN_POINT('',(20.709383165625,-43.78447570473,-22.));
#2570 = CARTESIAN_POINT('',(19.51817837524,-43.97796374657,-22.));
#2571 = CARTESIAN_POINT('',(17.120644799277,-44.33635084385,-22.));
#2572 = CARTESIAN_POINT('',(15.914276974652,-44.50098061344,-22.));
#2573 = CARTESIAN_POINT('',(14.705902883185,-44.6504098226,-22.));
#2574 = CARTESIAN_POINT('',(13.495795639285,-44.78476733172,-22.));
#2575 = CARTESIAN_POINT('',(11.062334983927,-45.0245560878,-22.));
#2576 = CARTESIAN_POINT('',(9.838957446936,-45.12973200686,-22.));
#2577 = CARTESIAN_POINT('',(8.614344362694,-45.21978637568,-22.));
#2578 = CARTESIAN_POINT('',(7.388750927944,-45.29479679753,-22.));
#2579 = CARTESIAN_POINT('',(4.930893384349,-45.41508651855,-22.));
#2580 = CARTESIAN_POINT('',(3.698623979348,-45.46023842808,-22.));
#2581 = CARTESIAN_POINT('',(2.465864375364,-45.49032199076,-22.));
#2582 = CARTESIAN_POINT('',(1.232860946315,-45.50536311639,-22.));
#2583 = CARTESIAN_POINT('',(-1.237900541452,-45.50536032122,-22.));
#2584 = CARTESIAN_POINT('',(-2.475657683906,-45.49020018581,-22.));
#2585 = CARTESIAN_POINT('',(-3.713168142609,-45.45988139825,-22.));
#2586 = CARTESIAN_POINT('',(-4.95018266953,-45.4143776439,-22.));
#2587 = CARTESIAN_POINT('',(-7.412734687699,-45.29338515299,-22.));
#2588 = CARTESIAN_POINT('',(-8.638283267238,-45.21814137503,-22.));
#2589 = CARTESIAN_POINT('',(-9.862848595576,-45.12785359154,-22.));
#2590 = CARTESIAN_POINT('',(-11.08617542392,-45.02244399787,-22.));
#2591 = CARTESIAN_POINT('',(-13.51950906464,-44.78219091047,-22.));
#2592 = CARTESIAN_POINT('',(-14.72954010159,-44.64760324622,-22.));
#2593 = CARTESIAN_POINT('',(-15.9378349943,-44.49794372492,-22.));
#2594 = CARTESIAN_POINT('',(-17.14412053989,-44.33308328733,-22.));
#2595 = CARTESIAN_POINT('',(-19.53690992058,-43.97492042871,-22.));
#2596 = CARTESIAN_POINT('',(-20.72347014322,-43.78200274359,-22.));
#2597 = CARTESIAN_POINT('',(-21.90751076342,-43.57396172774,-22.));
#2598 = CARTESIAN_POINT('',(-23.08873098969,-43.35061797348,-22.));
#2599 = CARTESIAN_POINT('',(-25.4295893193,-42.87600930406,-22.));
#2600 = CARTESIAN_POINT('',(-26.58930702837,-42.62514425552,-22.));
#2601 = CARTESIAN_POINT('',(-27.74564927145,-42.35896797794,-22.));
#2602 = CARTESIAN_POINT('',(-28.89827322434,-42.07724963366,-22.));
#2603 = CARTESIAN_POINT('',(-31.16705362405,-41.48953185305,-22.));
#2604 = CARTESIAN_POINT('',(-32.28340747801,-41.18430126127,-22.));
#2605 = CARTESIAN_POINT('',(-33.39551804228,-40.86379177567,-22.));
#2606 = CARTESIAN_POINT('',(-34.5029975348,-40.52773150364,-22.));
#2607 = CARTESIAN_POINT('',(-36.68049701285,-39.83262215105,-22.));
#2608 = CARTESIAN_POINT('',(-37.75076290211,-39.47435042068,-22.));
#2609 = CARTESIAN_POINT('',(-38.81581517976,-39.100713258,-22.));
#2610 = CARTESIAN_POINT('',(-39.87520436125,-38.71139804718,-22.));
#2611 = CARTESIAN_POINT('',(-41.95547251656,-37.91078876558,-22.));
#2612 = CARTESIAN_POINT('',(-42.97665175901,-37.50028239382,-22.));
#2613 = CARTESIAN_POINT('',(-43.99149828581,-37.07421340174,-22.));
#2614 = CARTESIAN_POINT('',(-44.99948099819,-36.63223170644,-22.));
#2615 = CARTESIAN_POINT('',(-46.,-36.17395170157,-22.));
#2616 = PCURVE('',#924,#2617);
#2617 = DEFINITIONAL_REPRESENTATION('',(#2618),#2685);
#2618 = B_SPLINE_CURVE_WITH_KNOTS('',5,(#2619,#2620,#2621,#2622,#2623,
    #2624,#2625,#2626,#2627,#2628,#2629,#2630,#2631,#2632,#2633,#2634,
    #2635,#2636,#2637,#2638,#2639,#2640,#2641,#2642,#2643,#2644,#2645,
    #2646,#2647,#2648,#2649,#2650,#2651,#2652,#2653,#2654,#2655,#2656,
    #2657,#2658,#2659,#2660,#2661,#2662,#2663,#2664,#2665,#2666,#2667,
    #2668,#2669,#2670,#2671,#2672,#2673,#2674,#2675,#2676,#2677,#2678,
    #2679,#2680,#2681,#2682,#2683,#2684),.UNSPECIFIED.,.F.,.F.,(6,4,4,4,
    4,4,4,4,4,4,4,4,4,4,4,4,6),(0.,5.840920152698E-02,0.118077646842,
    0.179262378126,0.241747265045,0.305543103294,0.369906197003,
    0.43481617825,0.500001511216,0.565438161479,0.630346530532,
    0.694706963609,0.758255656646,0.820979369451,0.882158582095,
    0.941820709838,1.),.UNSPECIFIED.);
#2619 = CARTESIAN_POINT('',(92.,105.82604829855));
#2620 = CARTESIAN_POINT('',(90.995527174088,105.36595727486));
#2621 = CARTESIAN_POINT('',(89.983531546267,104.9222936374));
#2622 = CARTESIAN_POINT('',(88.964620123437,104.49466717498));
#2623 = CARTESIAN_POINT('',(87.939330055042,104.08272378336));
#2624 = CARTESIAN_POINT('',(85.854703652661,103.28099841212));
#2625 = CARTESIAN_POINT('',(84.795112460857,102.89188668451));
#2626 = CARTESIAN_POINT('',(83.729862409156,102.51845253073));
#2627 = CARTESIAN_POINT('',(82.659402715297,102.16038348178));
#2628 = CARTESIAN_POINT('',(80.481535585162,101.46568980188));
#2629 = CARTESIAN_POINT('',(79.373882595239,101.12984201353));
#2630 = CARTESIAN_POINT('',(78.261602373707,100.80954450194));
#2631 = CARTESIAN_POINT('',(77.145082486687,100.50452554421));
#2632 = CARTESIAN_POINT('',(74.880449789913,99.918394756438));
#2633 = CARTESIAN_POINT('',(73.73217155423,99.63792881748));
#2634 = CARTESIAN_POINT('',(72.580205922053,99.372885039945));
#2635 = CARTESIAN_POINT('',(71.424891690291,99.123035333098));
#2636 = CARTESIAN_POINT('',(69.08387798711,98.648401062755));
#2637 = CARTESIAN_POINT('',(67.898051111059,98.42425210027));
#2638 = CARTESIAN_POINT('',(66.709383165625,98.215524295261));
#2639 = CARTESIAN_POINT('',(65.51817837524,98.022036253423));
#2640 = CARTESIAN_POINT('',(63.120644799277,97.663649156141));
#2641 = CARTESIAN_POINT('',(61.914276974652,97.49901938656));
#2642 = CARTESIAN_POINT('',(60.705902883185,97.349590177392));
#2643 = CARTESIAN_POINT('',(59.495795639285,97.215232668271));
#2644 = CARTESIAN_POINT('',(57.062334983927,96.975443912195));
#2645 = CARTESIAN_POINT('',(55.838957446936,96.870267993132));
#2646 = CARTESIAN_POINT('',(54.614344362694,96.780213624318));
#2647 = CARTESIAN_POINT('',(53.388750927944,96.705203202467));
#2648 = CARTESIAN_POINT('',(50.930893384349,96.584913481449));
#2649 = CARTESIAN_POINT('',(49.698623979348,96.539761571919));
#2650 = CARTESIAN_POINT('',(48.465864375364,96.509678009233));
#2651 = CARTESIAN_POINT('',(47.232860946315,96.494636883606));
#2652 = CARTESIAN_POINT('',(44.762099458548,96.494639678778));
#2653 = CARTESIAN_POINT('',(43.524342316094,96.509799814189));
#2654 = CARTESIAN_POINT('',(42.286831857391,96.540118601746));
#2655 = CARTESIAN_POINT('',(41.04981733047,96.585622356095));
#2656 = CARTESIAN_POINT('',(38.587265312301,96.706614847008));
#2657 = CARTESIAN_POINT('',(37.361716732762,96.781858624965));
#2658 = CARTESIAN_POINT('',(36.137151404424,96.872146408456));
#2659 = CARTESIAN_POINT('',(34.913824576074,96.977556002128));
#2660 = CARTESIAN_POINT('',(32.480490935359,97.217809089526));
#2661 = CARTESIAN_POINT('',(31.270459898408,97.352396753775));
#2662 = CARTESIAN_POINT('',(30.062165005697,97.502056275071));
#2663 = CARTESIAN_POINT('',(28.855879460102,97.666916712666));
#2664 = CARTESIAN_POINT('',(26.463090079411,98.02507957129));
#2665 = CARTESIAN_POINT('',(25.276529856779,98.217997256406));
#2666 = CARTESIAN_POINT('',(24.09248923658,98.426038272259));
#2667 = CARTESIAN_POINT('',(22.91126901031,98.649382026511));
#2668 = CARTESIAN_POINT('',(20.570410680698,99.123990695934));
#2669 = CARTESIAN_POINT('',(19.410692971624,99.374855744475));
#2670 = CARTESIAN_POINT('',(18.254350728547,99.641032022052));
#2671 = CARTESIAN_POINT('',(17.101726775655,99.922750366336));
#2672 = CARTESIAN_POINT('',(14.832946375946,100.51046814694));
#2673 = CARTESIAN_POINT('',(13.716592521989,100.81569873872));
#2674 = CARTESIAN_POINT('',(12.60448195772,101.13620822432));
#2675 = CARTESIAN_POINT('',(11.497002465199,101.47226849635));
#2676 = CARTESIAN_POINT('',(9.319502987141,102.16737784894));
#2677 = CARTESIAN_POINT('',(8.249237097888,102.52564957931));
#2678 = CARTESIAN_POINT('',(7.184184820238,102.899286742));
#2679 = CARTESIAN_POINT('',(6.124795638741,103.28860195281));
#2680 = CARTESIAN_POINT('',(4.044527483433,104.08921123441));
#2681 = CARTESIAN_POINT('',(3.023348240982,104.49971760617));
#2682 = CARTESIAN_POINT('',(2.008501714186,104.92578659825));
#2683 = CARTESIAN_POINT('',(1.000519001805,105.36776829355));
#2684 = CARTESIAN_POINT('',(0.,105.82604829843));
#2685 = ( GEOMETRIC_REPRESENTATION_CONTEXT(2) 
PARAMETRIC_REPRESENTATION_CONTEXT() REPRESENTATION_CONTEXT('2D SPACE',''
  ) );
#2686 = PCURVE('',#1723,#2687);
#2687 = DEFINITIONAL_REPRESENTATION('',(#2688),#2755);
#2688 = B_SPLINE_CURVE_WITH_KNOTS('',5,(#2689,#2690,#2691,#2692,#2693,
    #2694,#2695,#2696,#2697,#2698,#2699,#2700,#2701,#2702,#2703,#2704,
    #2705,#2706,#2707,#2708,#2709,#2710,#2711,#2712,#2713,#2714,#2715,
    #2716,#2717,#2718,#2719,#2720,#2721,#2722,#2723,#2724,#2725,#2726,
    #2727,#2728,#2729,#2730,#2731,#2732,#2733,#2734,#2735,#2736,#2737,
    #2738,#2739,#2740,#2741,#2742,#2743,#2744,#2745,#2746,#2747,#2748,
    #2749,#2750,#2751,#2752,#2753,#2754),.UNSPECIFIED.,.F.,.F.,(6,4,4,4,
    4,4,4,4,4,4,4,4,4,4,4,4,6),(0.,5.840920152698E-02,0.118077646842,
    0.179262378126,0.241747265045,0.305543103294,0.369906197003,
    0.43481617825,0.500001511216,0.565438161479,0.630346530532,
    0.694706963609,0.758255656646,0.820979369451,0.882158582095,
    0.941820709838,1.),.UNSPECIFIED.);
#2689 = CARTESIAN_POINT('',(0.853751606592,0.385771317061));
#2690 = CARTESIAN_POINT('',(0.85109923594,0.385771317061));
#2691 = CARTESIAN_POINT('',(0.848469168901,0.385771317061));
#2692 = CARTESIAN_POINT('',(0.84586005831,0.385771317061));
#2693 = CARTESIAN_POINT('',(0.843270665349,0.385771317061));
#2694 = CARTESIAN_POINT('',(0.838073527244,0.385771317061));
#2695 = CARTESIAN_POINT('',(0.835466596166,0.385771317061));
#2696 = CARTESIAN_POINT('',(0.832877758191,0.385771317061));
#2697 = CARTESIAN_POINT('',(0.830305858431,0.385771317061));
#2698 = CARTESIAN_POINT('',(0.825128773809,0.385771317061));
#2699 = CARTESIAN_POINT('',(0.822524408944,0.385771317061));
#2700 = CARTESIAN_POINT('',(0.819935511301,0.385771317061));
#2701 = CARTESIAN_POINT('',(0.817360984352,0.385771317061));
#2702 = CARTESIAN_POINT('',(0.812184146361,0.385771317061));
#2703 = CARTESIAN_POINT('',(0.809582409368,0.385771317061));
#2704 = CARTESIAN_POINT('',(0.806993457757,0.385771317061));
#2705 = CARTESIAN_POINT('',(0.804416240031,0.385771317061));
#2706 = CARTESIAN_POINT('',(0.799229438948,0.385771317061));
#2707 = CARTESIAN_POINT('',(0.796620310436,0.385771317061));
#2708 = CARTESIAN_POINT('',(0.794021318987,0.385771317061));
#2709 = CARTESIAN_POINT('',(0.791431452929,0.385771317061));
#2710 = CARTESIAN_POINT('',(0.786245084471,0.385771317061));
#2711 = CARTESIAN_POINT('',(0.783648727199,0.385771317061));
#2712 = CARTESIAN_POINT('',(0.781059683183,0.385771317061));
#2713 = CARTESIAN_POINT('',(0.778476993331,0.385771317061));
#2714 = CARTESIAN_POINT('',(0.773300570059,0.385771317061));
#2715 = CARTESIAN_POINT('',(0.770706928609,0.385771317061));
#2716 = CARTESIAN_POINT('',(0.768117856342,0.385771317061));
#2717 = CARTESIAN_POINT('',(0.765532422417,0.385771317061));
#2718 = CARTESIAN_POINT('',(0.760356052678,0.385771317061));
#2719 = CARTESIAN_POINT('',(0.757765139385,0.385771317061));
#2720 = CARTESIAN_POINT('',(0.755176052711,0.385771317061));
#2721 = CARTESIAN_POINT('',(0.752587876221,0.385771317061));
#2722 = CARTESIAN_POINT('',(0.747401545254,0.385771317061));
#2723 = CARTESIAN_POINT('',(0.744803390106,0.385771317061));
#2724 = CARTESIAN_POINT('',(0.742204314094,0.385771317061));
#2725 = CARTESIAN_POINT('',(0.739603390109,0.385771317061));
#2726 = CARTESIAN_POINT('',(0.73441699885,0.385771317061));
#2727 = CARTESIAN_POINT('',(0.731831575648,0.385771317061));
#2728 = CARTESIAN_POINT('',(0.729242503465,0.385771317061));
#2729 = CARTESIAN_POINT('',(0.726648851377,0.385771317061));
#2730 = CARTESIAN_POINT('',(0.721472427822,0.385771317061));
#2731 = CARTESIAN_POINT('',(0.718889748687,0.385771317061));
#2732 = CARTESIAN_POINT('',(0.716300704807,0.385771317061));
#2733 = CARTESIAN_POINT('',(0.713704336954,0.385771317061));
#2734 = CARTESIAN_POINT('',(0.708527821019,0.385771317061));
#2735 = CARTESIAN_POINT('',(0.705947880772,0.385771317061));
#2736 = CARTESIAN_POINT('',(0.703358877795,0.385771317061));
#2737 = CARTESIAN_POINT('',(0.700759811957,0.385771317061));
#2738 = CARTESIAN_POINT('',(0.695573348518,0.385771317061));
#2739 = CARTESIAN_POINT('',(0.692986236945,0.385771317061));
#2740 = CARTESIAN_POINT('',(0.690387297663,0.385771317061));
#2741 = CARTESIAN_POINT('',(0.687775466834,0.385771317061));
#2742 = CARTESIAN_POINT('',(0.682588435967,0.385771317061));
#2743 = CARTESIAN_POINT('',(0.680013919425,0.385771317061));
#2744 = CARTESIAN_POINT('',(0.677425022015,0.385771317061));
#2745 = CARTESIAN_POINT('',(0.674820646982,0.385771317061));
#2746 = CARTESIAN_POINT('',(0.669643561262,0.385771317061));
#2747 = CARTESIAN_POINT('',(0.667071671597,0.385771317061));
#2748 = CARTESIAN_POINT('',(0.664482833849,0.385771317061));
#2749 = CARTESIAN_POINT('',(0.66187589291,0.385771317061));
#2750 = CARTESIAN_POINT('',(0.656688563178,0.385771317061));
#2751 = CARTESIAN_POINT('',(0.654109130764,0.385771317061));
#2752 = CARTESIAN_POINT('',(0.651510125592,0.385771317061));
#2753 = CARTESIAN_POINT('',(0.648890323819,0.385771317061));
#2754 = CARTESIAN_POINT('',(0.646248393477,0.385771317061));
#2755 = ( GEOMETRIC_REPRESENTATION_CONTEXT(2) 
PARAMETRIC_REPRESENTATION_CONTEXT() REPRESENTATION_CONTEXT('2D SPACE',''
  ) );
#2756 = ADVANCED_FACE('',(#2757),#1557,.F.);
#2757 = FACE_BOUND('',#2758,.F.);
#2758 = EDGE_LOOP('',(#2759,#2782,#2783,#2784));
#2759 = ORIENTED_EDGE('',*,*,#2760,.F.);
#2760 = EDGE_CURVE('',#1201,#2761,#2763,.T.);
#2761 = VERTEX_POINT('',#2762);
#2762 = CARTESIAN_POINT('',(46.,-20.16799658099,46.));
#2763 = SURFACE_CURVE('',#2764,(#2768,#2775),.PCURVE_S1.);
#2764 = LINE('',#2765,#2766);
#2765 = CARTESIAN_POINT('',(46.,-142.,46.));
#2766 = VECTOR('',#2767,1.);
#2767 = DIRECTION('',(0.,1.,0.));
#2768 = PCURVE('',#1557,#2769);
#2769 = DEFINITIONAL_REPRESENTATION('',(#2770),#2774);
#2770 = LINE('',#2771,#2772);
#2771 = CARTESIAN_POINT('',(68.,0.));
#2772 = VECTOR('',#2773,1.);
#2773 = DIRECTION('',(0.,-1.));
#2774 = ( GEOMETRIC_REPRESENTATION_CONTEXT(2) 
PARAMETRIC_REPRESENTATION_CONTEXT() REPRESENTATION_CONTEXT('2D SPACE',''
  ) );
#2775 = PCURVE('',#1342,#2776);
#2776 = DEFINITIONAL_REPRESENTATION('',(#2777),#2781);
#2777 = LINE('',#2778,#2779);
#2778 = CARTESIAN_POINT('',(92.,0.));
#2779 = VECTOR('',#2780,1.);
#2780 = DIRECTION('',(0.,1.));
#2781 = ( GEOMETRIC_REPRESENTATION_CONTEXT(2) 
PARAMETRIC_REPRESENTATION_CONTEXT() REPRESENTATION_CONTEXT('2D SPACE',''
  ) );
#2782 = ORIENTED_EDGE('',*,*,#1417,.F.);
#2783 = ORIENTED_EDGE('',*,*,#2524,.T.);
#2784 = ORIENTED_EDGE('',*,*,#2785,.T.);
#2785 = EDGE_CURVE('',#2525,#2761,#2786,.T.);
#2786 = SURFACE_CURVE('',#2787,(#2854,#2924),.PCURVE_S1.);
#2787 = B_SPLINE_CURVE_WITH_KNOTS('',5,(#2788,#2789,#2790,#2791,#2792,
    #2793,#2794,#2795,#2796,#2797,#2798,#2799,#2800,#2801,#2802,#2803,
    #2804,#2805,#2806,#2807,#2808,#2809,#2810,#2811,#2812,#2813,#2814,
    #2815,#2816,#2817,#2818,#2819,#2820,#2821,#2822,#2823,#2824,#2825,
    #2826,#2827,#2828,#2829,#2830,#2831,#2832,#2833,#2834,#2835,#2836,
    #2837,#2838,#2839,#2840,#2841,#2842,#2843,#2844,#2845,#2846,#2847,
    #2848,#2849,#2850,#2851,#2852,#2853),.UNSPECIFIED.,.F.,.F.,(6,4,4,4,
    4,4,4,4,4,4,4,4,4,4,4,4,6),(0.,6.575986436458E-02,0.131020584664,
    0.196390697575,0.261215720577,0.325887509834,0.389798880106,
    0.45313147712,0.515836878548,0.578137722752,0.639551011363,
    0.700601096026,0.760879794171,0.820974451223,0.880565661596,
    0.940096688532,1.),.UNSPECIFIED.);
#2788 = CARTESIAN_POINT('',(46.,-36.17395170144,-22.));
#2789 = CARTESIAN_POINT('',(46.,-36.09626168168,-21.08157111305));
#2790 = CARTESIAN_POINT('',(46.,-36.01241389463,-20.16366335191));
#2791 = CARTESIAN_POINT('',(46.,-35.92267128865,-19.24630914688));
#2792 = CARTESIAN_POINT('',(46.,-35.82727128765,-18.32953449331));
#2793 = CARTESIAN_POINT('',(46.,-35.62634575275,-16.50413755409));
#2794 = CARTESIAN_POINT('',(46.,-35.52090304043,-15.59550661617));
#2795 = CARTESIAN_POINT('',(46.,-35.41030501184,-14.68748547458));
#2796 = CARTESIAN_POINT('',(46.,-35.29473872317,-13.7800897099));
#2797 = CARTESIAN_POINT('',(46.,-35.05380136954,-11.96505263826));
#2798 = CARTESIAN_POINT('',(46.,-34.92841452574,-11.05741375186));
#2799 = CARTESIAN_POINT('',(46.,-34.79837817295,-10.15042649649));
#2800 = CARTESIAN_POINT('',(46.,-34.66384281526,-9.244100823198));
#2801 = CARTESIAN_POINT('',(46.,-34.38719878551,-7.440340257671));
#2802 = CARTESIAN_POINT('',(46.,-34.24516283762,-6.542894450859));
#2803 = CARTESIAN_POINT('',(46.,-34.09896391975,-5.64611497646));
#2804 = CARTESIAN_POINT('',(46.,-33.94871745352,-4.750008843246));
#2805 = CARTESIAN_POINT('',(46.,-33.64069543783,-2.961272364374));
#2806 = CARTESIAN_POINT('',(46.,-33.48293865537,-2.068638968516));
#2807 = CARTESIAN_POINT('',(46.,-33.32135402928,-1.176688345134));
#2808 = CARTESIAN_POINT('',(46.,-33.1560284049,-0.285426955818));
#2809 = CARTESIAN_POINT('',(46.,-32.82002923825,1.485232600153));
#2810 = CARTESIAN_POINT('',(46.,-32.64944148887,2.364646902275));
#2811 = CARTESIAN_POINT('',(46.,-32.47534311084,3.243374953552));
#2812 = CARTESIAN_POINT('',(46.,-32.2977928957,4.121409223404));
#2813 = CARTESIAN_POINT('',(46.,-31.93752055066,5.868128001778));
#2814 = CARTESIAN_POINT('',(46.,-31.75485980785,6.736825048771));
#2815 = CARTESIAN_POINT('',(46.,-31.56890050177,7.604823903187));
#2816 = CARTESIAN_POINT('',(46.,-31.37967598371,8.472114344327));
#2817 = CARTESIAN_POINT('',(46.,-30.99664525798,10.196672405962));
#2818 = CARTESIAN_POINT('',(46.,-30.80290291526,11.053954095736));
#2819 = CARTESIAN_POINT('',(46.,-30.60600136184,11.910517650738));
#2820 = CARTESIAN_POINT('',(46.,-30.4059491102,12.766348654947));
#2821 = CARTESIAN_POINT('',(46.,-30.00084669991,14.47099456462));
#2822 = CARTESIAN_POINT('',(46.,-29.79583699326,15.319818961788));
#2823 = CARTESIAN_POINT('',(46.,-29.5877096549,16.167886421837));
#2824 = CARTESIAN_POINT('',(46.,-29.3764478149,17.015176450235));
#2825 = CARTESIAN_POINT('',(46.,-28.95064966172,18.696093848833));
#2826 = CARTESIAN_POINT('',(46.,-28.73620270533,19.529743717273));
#2827 = CARTESIAN_POINT('',(46.,-28.51865170218,20.362591261917));
#2828 = CARTESIAN_POINT('',(46.,-28.29795358044,21.194608451115));
#2829 = CARTESIAN_POINT('',(46.,-27.85147254663,22.852000770214));
#2830 = CARTESIAN_POINT('',(46.,-27.6257272029,23.677385848122));
#2831 = CARTESIAN_POINT('',(46.,-27.39675868092,24.501885378706));
#2832 = CARTESIAN_POINT('',(46.,-27.16449440188,25.325460607453));
#2833 = CARTESIAN_POINT('',(46.,-26.69617403267,26.960278022514));
#2834 = CARTESIAN_POINT('',(46.,-26.46020265492,27.771544249307));
#2835 = CARTESIAN_POINT('',(46.,-26.22084587038,28.581821489959));
#2836 = CARTESIAN_POINT('',(46.,-25.97799974926,29.391057783085));
#2837 = CARTESIAN_POINT('',(46.,-25.48583652313,31.00486014098));
#2838 = CARTESIAN_POINT('',(46.,-25.23654107938,31.809432489422));
#2839 = CARTESIAN_POINT('',(46.,-24.98353444846,32.612850002421));
#2840 = CARTESIAN_POINT('',(46.,-24.72667340137,33.41504129887));
#2841 = CARTESIAN_POINT('',(46.,-24.2070973392,35.010095878749));
#2842 = CARTESIAN_POINT('',(46.,-23.94444927585,35.802980516162));
#2843 = CARTESIAN_POINT('',(46.,-23.67768598487,36.594496075699));
#2844 = CARTESIAN_POINT('',(46.,-23.40662212393,37.384546626221));
#2845 = CARTESIAN_POINT('',(46.,-22.85574062389,38.960695078769));
#2846 = CARTESIAN_POINT('',(46.,-22.57593233799,39.746795520223));
#2847 = CARTESIAN_POINT('',(46.,-22.29140220123,40.531207797254));
#2848 = CARTESIAN_POINT('',(46.,-22.00190671068,41.313798060722));
#2849 = CARTESIAN_POINT('',(46.,-21.41057597292,42.879897789255));
#2850 = CARTESIAN_POINT('',(46.,-21.10867531347,43.663381305952));
#2851 = CARTESIAN_POINT('',(46.,-20.80117205305,44.444695999051));
#2852 = CARTESIAN_POINT('',(46.,-20.4877399667,45.223647256531));
#2853 = CARTESIAN_POINT('',(46.,-20.16799658099,46.));
#2854 = PCURVE('',#1557,#2855);
#2855 = DEFINITIONAL_REPRESENTATION('',(#2856),#2923);
#2856 = B_SPLINE_CURVE_WITH_KNOTS('',5,(#2857,#2858,#2859,#2860,#2861,
    #2862,#2863,#2864,#2865,#2866,#2867,#2868,#2869,#2870,#2871,#2872,
    #2873,#2874,#2875,#2876,#2877,#2878,#2879,#2880,#2881,#2882,#2883,
    #2884,#2885,#2886,#2887,#2888,#2889,#2890,#2891,#2892,#2893,#2894,
    #2895,#2896,#2897,#2898,#2899,#2900,#2901,#2902,#2903,#2904,#2905,
    #2906,#2907,#2908,#2909,#2910,#2911,#2912,#2913,#2914,#2915,#2916,
    #2917,#2918,#2919,#2920,#2921,#2922),.UNSPECIFIED.,.F.,.F.,(6,4,4,4,
    4,4,4,4,4,4,4,4,4,4,4,4,6),(0.,6.575986436458E-02,0.131020584664,
    0.196390697575,0.261215720577,0.325887509834,0.389798880106,
    0.45313147712,0.515836878548,0.578137722752,0.639551011363,
    0.700601096026,0.760879794171,0.820974451223,0.880565661596,
    0.940096688532,1.),.UNSPECIFIED.);
#2857 = CARTESIAN_POINT('',(0.,-105.8260482985));
#2858 = CARTESIAN_POINT('',(0.918428886946,-105.9037383183));
#2859 = CARTESIAN_POINT('',(1.836336648084,-105.9875861053));
#2860 = CARTESIAN_POINT('',(2.753690853111,-106.0773287113));
#2861 = CARTESIAN_POINT('',(3.670465506686,-106.1727287123));
#2862 = CARTESIAN_POINT('',(5.495862445908,-106.3736542472));
#2863 = CARTESIAN_POINT('',(6.404493383828,-106.4790969595));
#2864 = CARTESIAN_POINT('',(7.312514525412,-106.5896949881));
#2865 = CARTESIAN_POINT('',(8.219910290099,-106.7052612768));
#2866 = CARTESIAN_POINT('',(10.034947361738,-106.9461986304));
#2867 = CARTESIAN_POINT('',(10.942586248132,-107.0715854742));
#2868 = CARTESIAN_POINT('',(11.849573503505,-107.201621827));
#2869 = CARTESIAN_POINT('',(12.755899176802,-107.3361571847));
#2870 = CARTESIAN_POINT('',(14.559659742329,-107.6128012144));
#2871 = CARTESIAN_POINT('',(15.457105549141,-107.7548371623));
#2872 = CARTESIAN_POINT('',(16.35388502354,-107.9010360802));
#2873 = CARTESIAN_POINT('',(17.249991156754,-108.0512825464));
#2874 = CARTESIAN_POINT('',(19.038727635626,-108.3593045621));
#2875 = CARTESIAN_POINT('',(19.931361031484,-108.5170613446));
#2876 = CARTESIAN_POINT('',(20.823311654866,-108.6786459707));
#2877 = CARTESIAN_POINT('',(21.714573044182,-108.843971595));
#2878 = CARTESIAN_POINT('',(23.485232600153,-109.1799707617));
#2879 = CARTESIAN_POINT('',(24.364646902275,-109.3505585111));
#2880 = CARTESIAN_POINT('',(25.243374953552,-109.5246568891));
#2881 = CARTESIAN_POINT('',(26.121409223404,-109.7022071042));
#2882 = CARTESIAN_POINT('',(27.868128001778,-110.0624794493));
#2883 = CARTESIAN_POINT('',(28.736825048771,-110.2451401921));
#2884 = CARTESIAN_POINT('',(29.604823903187,-110.4310994982));
#2885 = CARTESIAN_POINT('',(30.472114344327,-110.6203240162));
#2886 = CARTESIAN_POINT('',(32.196672405962,-111.003354742));
#2887 = CARTESIAN_POINT('',(33.053954095736,-111.1970970847));
#2888 = CARTESIAN_POINT('',(33.910517650738,-111.3939986381));
#2889 = CARTESIAN_POINT('',(34.766348654947,-111.5940508897));
#2890 = CARTESIAN_POINT('',(36.47099456462,-111.9991533));
#2891 = CARTESIAN_POINT('',(37.319818961788,-112.2041630067));
#2892 = CARTESIAN_POINT('',(38.167886421837,-112.412290345));
#2893 = CARTESIAN_POINT('',(39.015176450235,-112.623552185));
#2894 = CARTESIAN_POINT('',(40.696093848833,-113.0493503382));
#2895 = CARTESIAN_POINT('',(41.529743717273,-113.2637972946));
#2896 = CARTESIAN_POINT('',(42.362591261917,-113.4813482978));
#2897 = CARTESIAN_POINT('',(43.194608451115,-113.7020464195));
#2898 = CARTESIAN_POINT('',(44.852000770214,-114.1485274533));
#2899 = CARTESIAN_POINT('',(45.677385848122,-114.374272797));
#2900 = CARTESIAN_POINT('',(46.501885378706,-114.603241319));
#2901 = CARTESIAN_POINT('',(47.325460607453,-114.8355055981));
#2902 = CARTESIAN_POINT('',(48.960278022514,-115.3038259673));
#2903 = CARTESIAN_POINT('',(49.771544249307,-115.539797345));
#2904 = CARTESIAN_POINT('',(50.581821489959,-115.7791541296));
#2905 = CARTESIAN_POINT('',(51.391057783085,-116.0220002507));
#2906 = CARTESIAN_POINT('',(53.00486014098,-116.5141634768));
#2907 = CARTESIAN_POINT('',(53.809432489422,-116.7634589206));
#2908 = CARTESIAN_POINT('',(54.612850002421,-117.0164655515));
#2909 = CARTESIAN_POINT('',(55.41504129887,-117.2733265986));
#2910 = CARTESIAN_POINT('',(57.010095878749,-117.7929026607));
#2911 = CARTESIAN_POINT('',(57.802980516162,-118.0555507241));
#2912 = CARTESIAN_POINT('',(58.594496075699,-118.3223140151));
#2913 = CARTESIAN_POINT('',(59.384546626221,-118.593377876));
#2914 = CARTESIAN_POINT('',(60.960695078769,-119.1442593761));
#2915 = CARTESIAN_POINT('',(61.746795520223,-119.424067662));
#2916 = CARTESIAN_POINT('',(62.531207797254,-119.7085977987));
#2917 = CARTESIAN_POINT('',(63.313798060722,-119.9980932893));
#2918 = CARTESIAN_POINT('',(64.879897789255,-120.589424027));
#2919 = CARTESIAN_POINT('',(65.663381305952,-120.8913246865));
#2920 = CARTESIAN_POINT('',(66.444695999051,-121.1988279469));
#2921 = CARTESIAN_POINT('',(67.223647256531,-121.5122600332));
#2922 = CARTESIAN_POINT('',(68.,-121.832003419));
#2923 = ( GEOMETRIC_REPRESENTATION_CONTEXT(2) 
PARAMETRIC_REPRESENTATION_CONTEXT() REPRESENTATION_CONTEXT('2D SPACE',''
  ) );
#2924 = PCURVE('',#1723,#2925);
#2925 = DEFINITIONAL_REPRESENTATION('',(#2926),#2993);
#2926 = B_SPLINE_CURVE_WITH_KNOTS('',5,(#2927,#2928,#2929,#2930,#2931,
    #2932,#2933,#2934,#2935,#2936,#2937,#2938,#2939,#2940,#2941,#2942,
    #2943,#2944,#2945,#2946,#2947,#2948,#2949,#2950,#2951,#2952,#2953,
    #2954,#2955,#2956,#2957,#2958,#2959,#2960,#2961,#2962,#2963,#2964,
    #2965,#2966,#2967,#2968,#2969,#2970,#2971,#2972,#2973,#2974,#2975,
    #2976,#2977,#2978,#2979,#2980,#2981,#2982,#2983,#2984,#2985,#2986,
    #2987,#2988,#2989,#2990,#2991,#2992),.UNSPECIFIED.,.F.,.F.,(6,4,4,4,
    4,4,4,4,4,4,4,4,4,4,4,4,6),(0.,6.575986436458E-02,0.131020584664,
    0.196390697575,0.261215720577,0.325887509834,0.389798880106,
    0.45313147712,0.515836878548,0.578137722752,0.639551011363,
    0.700601096026,0.760879794171,0.820974451223,0.880565661596,
    0.940096688532,1.),.UNSPECIFIED.);
#2927 = CARTESIAN_POINT('',(0.853751606444,0.385771317058));
#2928 = CARTESIAN_POINT('',(0.853913857013,0.390875511055));
#2929 = CARTESIAN_POINT('',(0.854089516667,0.395976166814));
#2930 = CARTESIAN_POINT('',(0.85427821455,0.401074459731));
#2931 = CARTESIAN_POINT('',(0.854479646116,0.406171519059));
#2932 = CARTESIAN_POINT('',(0.854905876344,0.416326649163));
#2933 = CARTESIAN_POINT('',(0.855130484817,0.421384721392));
#2934 = CARTESIAN_POINT('',(0.855367164888,0.426443702928));
#2935 = CARTESIAN_POINT('',(0.855615735275,0.431504607837));
#2936 = CARTESIAN_POINT('',(0.856136835252,0.441640692141));
#2937 = CARTESIAN_POINT('',(0.856409403546,0.446715880572));
#2938 = CARTESIAN_POINT('',(0.856693641752,0.451794945952));
#2939 = CARTESIAN_POINT('',(0.85698946515,0.456878817892));
#2940 = CARTESIAN_POINT('',(0.857601640831,0.467015504461));
#2941 = CARTESIAN_POINT('',(0.857917800998,0.472068223851));
#2942 = CARTESIAN_POINT('',(0.858245276197,0.477127401873));
#2943 = CARTESIAN_POINT('',(0.858584068267,0.482193854955));
#2944 = CARTESIAN_POINT('',(0.859283543408,0.492330856201));
#2945 = CARTESIAN_POINT('',(0.859644172795,0.497401365457));
#2946 = CARTESIAN_POINT('',(0.86001614956,0.502480645954));
#2947 = CARTESIAN_POINT('',(0.860399555461,0.507569411033));
#2948 = CARTESIAN_POINT('',(0.861184825179,0.51770728));
#2949 = CARTESIAN_POINT('',(0.861586419201,0.522756145502));
#2950 = CARTESIAN_POINT('',(0.861999411486,0.527815557953));
#2951 = CARTESIAN_POINT('',(0.862423959956,0.532886098095));
#2952 = CARTESIAN_POINT('',(0.86329261559,0.543004454834));
#2953 = CARTESIAN_POINT('',(0.863736511339,0.548052059863));
#2954 = CARTESIAN_POINT('',(0.864192143493,0.553111612334));
#2955 = CARTESIAN_POINT('',(0.864659749666,0.558183552155));
#2956 = CARTESIAN_POINT('',(0.865614722474,0.568302593439));
#2957 = CARTESIAN_POINT('',(0.866101848375,0.573349441558));
#2958 = CARTESIAN_POINT('',(0.866601263361,0.578409155217));
#2959 = CARTESIAN_POINT('',(0.867113292147,0.583482012095));
#2960 = CARTESIAN_POINT('',(0.868159941911,0.593621587024));
#2961 = CARTESIAN_POINT('',(0.868694396983,0.59868813119));
#2962 = CARTESIAN_POINT('',(0.869242043969,0.603768031122));
#2963 = CARTESIAN_POINT('',(0.869803312644,0.608861376808));
#2964 = CARTESIAN_POINT('',(0.870945879244,0.619002183536));
#2965 = CARTESIAN_POINT('',(0.871526779463,0.624049261817));
#2966 = CARTESIAN_POINT('',(0.872121865195,0.629109380758));
#2967 = CARTESIAN_POINT('',(0.872731680297,0.634182409502));
#2968 = CARTESIAN_POINT('',(0.873978307282,0.644323707085));
#2969 = CARTESIAN_POINT('',(0.874614940235,0.649391823507));
#2970 = CARTESIAN_POINT('',(0.875267347091,0.654472200198));
#2971 = CARTESIAN_POINT('',(0.875936226539,0.659564445885));
#2972 = CARTESIAN_POINT('',(0.877299844107,0.66970711685));
#2973 = CARTESIAN_POINT('',(0.877994151386,0.674757254087));
#2974 = CARTESIAN_POINT('',(0.878706052762,0.679817919815));
#2975 = CARTESIAN_POINT('',(0.879436424244,0.684888430086));
#2976 = CARTESIAN_POINT('',(0.880933800529,0.695031927136));
#2977 = CARTESIAN_POINT('',(0.881700690262,0.700104855186));
#2978 = CARTESIAN_POINT('',(0.882487906716,0.705185873576));
#2979 = CARTESIAN_POINT('',(0.88329658067,0.710273940243));
#2980 = CARTESIAN_POINT('',(0.884952440586,0.720419014597));
#2981 = CARTESIAN_POINT('',(0.885799248913,0.725475921797));
#2982 = CARTESIAN_POINT('',(0.886669677361,0.730537324185));
#2983 = CARTESIAN_POINT('',(0.887565148747,0.7356017909));
#2984 = CARTESIAN_POINT('',(0.889408542788,0.745728406554));
#2985 = CARTESIAN_POINT('',(0.890356410742,0.750790548495));
#2986 = CARTESIAN_POINT('',(0.891332560611,0.755852425101));
#2987 = CARTESIAN_POINT('',(0.892338856195,0.760912118431));
#2988 = CARTESIAN_POINT('',(0.894422581066,0.771054372072));
#2989 = CARTESIAN_POINT('',(0.895500414261,0.776136870422));
#2990 = CARTESIAN_POINT('',(0.896613188927,0.781212706185));
#2991 = CARTESIAN_POINT('',(0.897763428968,0.786279327571));
#2992 = CARTESIAN_POINT('',(0.898954110613,0.791333843603));
#2993 = ( GEOMETRIC_REPRESENTATION_CONTEXT(2) 
PARAMETRIC_REPRESENTATION_CONTEXT() REPRESENTATION_CONTEXT('2D SPACE',''
  ) );
#2994 = ADVANCED_FACE('',(#2995),#1342,.F.);
#2995 = FACE_BOUND('',#2996,.F.);
#2996 = EDGE_LOOP('',(#2997,#3020,#3021,#3022));
#2997 = ORIENTED_EDGE('',*,*,#2998,.F.);
#2998 = EDGE_CURVE('',#984,#2999,#3001,.T.);
#2999 = VERTEX_POINT('',#3000);
#3000 = CARTESIAN_POINT('',(-46.,-20.16799664258,46.));
#3001 = SURFACE_CURVE('',#3002,(#3006,#3013),.PCURVE_S1.);
#3002 = LINE('',#3003,#3004);
#3003 = CARTESIAN_POINT('',(-46.,-142.,46.));
#3004 = VECTOR('',#3005,1.);
#3005 = DIRECTION('',(0.,1.,0.));
#3006 = PCURVE('',#1342,#3007);
#3007 = DEFINITIONAL_REPRESENTATION('',(#3008),#3012);
#3008 = LINE('',#3009,#3010);
#3009 = CARTESIAN_POINT('',(0.,0.));
#3010 = VECTOR('',#3011,1.);
#3011 = DIRECTION('',(0.,1.));
#3012 = ( GEOMETRIC_REPRESENTATION_CONTEXT(2) 
PARAMETRIC_REPRESENTATION_CONTEXT() REPRESENTATION_CONTEXT('2D SPACE',''
  ) );
#3013 = PCURVE('',#1125,#3014);
#3014 = DEFINITIONAL_REPRESENTATION('',(#3015),#3019);
#3015 = LINE('',#3016,#3017);
#3016 = CARTESIAN_POINT('',(68.,0.));
#3017 = VECTOR('',#3018,1.);
#3018 = DIRECTION('',(0.,-1.));
#3019 = ( GEOMETRIC_REPRESENTATION_CONTEXT(2) 
PARAMETRIC_REPRESENTATION_CONTEXT() REPRESENTATION_CONTEXT('2D SPACE',''
  ) );
#3020 = ORIENTED_EDGE('',*,*,#1200,.F.);
#3021 = ORIENTED_EDGE('',*,*,#2760,.T.);
#3022 = ORIENTED_EDGE('',*,*,#3023,.T.);
#3023 = EDGE_CURVE('',#2761,#2999,#3024,.T.);
#3024 = SURFACE_CURVE('',#3025,(#3100,#3178),.PCURVE_S1.);
#3025 = B_SPLINE_CURVE_WITH_KNOTS('',5,(#3026,#3027,#3028,#3029,#3030,
    #3031,#3032,#3033,#3034,#3035,#3036,#3037,#3038,#3039,#3040,#3041,
    #3042,#3043,#3044,#3045,#3046,#3047,#3048,#3049,#3050,#3051,#3052,
    #3053,#3054,#3055,#3056,#3057,#3058,#3059,#3060,#3061,#3062,#3063,
    #3064,#3065,#3066,#3067,#3068,#3069,#3070,#3071,#3072,#3073,#3074,
    #3075,#3076,#3077,#3078,#3079,#3080,#3081,#3082,#3083,#3084,#3085,
    #3086,#3087,#3088,#3089,#3090,#3091,#3092,#3093,#3094,#3095,#3096,
    #3097,#3098,#3099),.UNSPECIFIED.,.F.,.F.,(6,4,4,4,4,4,4,4,4,4,4,4,4,
    4,4,4,4,4,6),(0.,5.070785924657E-02,0.104242104758,0.150369068439,
    0.198173516305,0.236990573573,0.276638897644,0.33143244753,
    0.387054177693,0.443355888975,0.500000961321,0.577658084306,
    0.654252572862,0.729297925472,0.801660900288,0.849470786021,
    0.895603740039,0.949145790188,1.),.UNSPECIFIED.);
#3026 = CARTESIAN_POINT('',(46.,-20.16799658099,46.));
#3027 = CARTESIAN_POINT('',(45.228416883693,-20.79142616126,46.));
#3028 = CARTESIAN_POINT('',(44.438675772247,-21.39236675417,46.));
#3029 = CARTESIAN_POINT('',(43.632723754936,-21.97148938748,46.));
#3030 = CARTESIAN_POINT('',(42.812206821344,-22.52946158572,46.));
#3031 = CARTESIAN_POINT('',(41.098272696151,-23.63440529542,46.));
#3032 = CARTESIAN_POINT('',(40.203356983875,-24.17902007571,46.));
#3033 = CARTESIAN_POINT('',(39.295323476598,-24.70158284505,46.));
#3034 = CARTESIAN_POINT('',(38.375512484818,-25.20281228758,46.));
#3035 = CARTESIAN_POINT('',(36.643285496752,-26.09746860633,46.));
#3036 = CARTESIAN_POINT('',(35.833626627729,-26.49621184219,46.));
#3037 = CARTESIAN_POINT('',(35.016759223654,-26.88004889407,46.));
#3038 = CARTESIAN_POINT('',(34.193299956972,-27.24936996157,46.));
#3039 = CARTESIAN_POINT('',(32.50408873223,-27.97261977031,46.));
#3040 = CARTESIAN_POINT('',(31.637891718881,-28.325498611,46.));
#3041 = CARTESIAN_POINT('',(30.765777062701,-28.66357489766,46.));
#3042 = CARTESIAN_POINT('',(29.888260966308,-28.98720582996,46.));
#3043 = CARTESIAN_POINT('',(28.289227221633,-29.54803809737,46.));
#3044 = CARTESIAN_POINT('',(27.569398935537,-29.7900492854,46.));
#3045 = CARTESIAN_POINT('',(26.846545966295,-30.02292279993,46.));
#3046 = CARTESIAN_POINT('',(26.120886633391,-30.24681641491,46.));
#3047 = CARTESIAN_POINT('',(24.648751866524,-30.68153482796,46.));
#3048 = CARTESIAN_POINT('',(23.902164342084,-30.89197716436,46.));
#3049 = CARTESIAN_POINT('',(23.15306409667,-31.0933520464,46.));
#3050 = CARTESIAN_POINT('',(22.401642986412,-31.28579698081,46.));
#3051 = CARTESIAN_POINT('',(20.606652872587,-31.72322037341,46.));
#3052 = CARTESIAN_POINT('',(19.561132739794,-31.96018515451,46.));
#3053 = CARTESIAN_POINT('',(18.511973935623,-32.18065511402,46.));
#3054 = CARTESIAN_POINT('',(17.459590323097,-32.38490411621,46.));
#3055 = CARTESIAN_POINT('',(15.333165917878,-32.76427036582,46.));
#3056 = CARTESIAN_POINT('',(14.259040596394,-32.93890020429,46.));
#3057 = CARTESIAN_POINT('',(13.182365646771,-33.09729662517,46.));
#3058 = CARTESIAN_POINT('',(12.103500235391,-33.23965520046,46.));
#3059 = CARTESIAN_POINT('',(9.928837922393,-33.49415444872,46.));
#3060 = CARTESIAN_POINT('',(8.832997231027,-33.60590441059,46.));
#3061 = CARTESIAN_POINT('',(7.735596370144,-33.70154204804,46.));
#3062 = CARTESIAN_POINT('',(6.636962066838,-33.78118659291,46.));
#3063 = CARTESIAN_POINT('',(4.431140972904,-33.90903422101,46.));
#3064 = CARTESIAN_POINT('',(3.323944645206,-33.95704277697,46.));
#3065 = CARTESIAN_POINT('',(2.216131528217,-33.98902157913,46.));
#3066 = CARTESIAN_POINT('',(1.108012320281,-34.00501045169,46.));
#3067 = CARTESIAN_POINT('',(-1.519276249077,-34.00500750476,46.));
#3068 = CARTESIAN_POINT('',(-3.038440768636,-33.97495289742,46.));
#3069 = CARTESIAN_POINT('',(-4.556819963034,-33.91484473142,46.));
#3070 = CARTESIAN_POINT('',(-6.073606530296,-33.82454466756,46.));
#3071 = CARTESIAN_POINT('',(-9.081604141722,-33.58464258131,46.));
#3072 = CARTESIAN_POINT('',(-10.57287262088,-33.43586964119,46.));
#3073 = CARTESIAN_POINT('',(-12.06097325879,-33.25717305833,46.));
#3074 = CARTESIAN_POINT('',(-13.54502743817,-33.04814293956,46.));
#3075 = CARTESIAN_POINT('',(-16.47320359402,-32.57312285228,46.));
#3076 = CARTESIAN_POINT('',(-17.91751554447,-32.30837218962,46.));
#3077 = CARTESIAN_POINT('',(-19.35610700505,-32.01341338555,46.));
#3078 = CARTESIAN_POINT('',(-20.7879316716,-31.68756686662,46.));
#3079 = CARTESIAN_POINT('',(-23.58474962162,-30.9851460229,46.));
#3080 = CARTESIAN_POINT('',(-24.95028828816,-30.61080481098,46.));
#3081 = CARTESIAN_POINT('',(-26.30733208533,-30.20616047593,46.));
#3082 = CARTESIAN_POINT('',(-27.65458622359,-29.77029263493,46.));
#3083 = CARTESIAN_POINT('',(-29.87315013694,-28.99272340855,46.));
#3084 = CARTESIAN_POINT('',(-30.75083855539,-28.66925308146,46.));
#3085 = CARTESIAN_POINT('',(-31.62312935297,-28.33133769449,46.));
#3086 = CARTESIAN_POINT('',(-32.48950663639,-27.97862018481,46.));
#3087 = CARTESIAN_POINT('',(-34.17909428819,-27.25568276625,46.));
#3088 = CARTESIAN_POINT('',(-35.00274920898,-26.88651226071,46.));
#3089 = CARTESIAN_POINT('',(-35.81981657359,-26.50282594117,46.));
#3090 = CARTESIAN_POINT('',(-36.62968008494,-26.10423369215,46.));
#3091 = CARTESIAN_POINT('',(-38.36237511451,-25.20989663157,46.));
#3092 = CARTESIAN_POINT('',(-39.28245095071,-24.70883490677,46.));
#3093 = CARTESIAN_POINT('',(-40.190756513,-24.1864396901,46.));
#3094 = CARTESIAN_POINT('',(-41.08595228893,-23.64199228398,46.));
#3095 = CARTESIAN_POINT('',(-42.80273434023,-22.5359016047,46.));
#3096 = CARTESIAN_POINT('',(-43.62574568128,-21.9765027479,46.));
#3097 = CARTESIAN_POINT('',(-44.43411742772,-21.39583510571,46.));
#3098 = CARTESIAN_POINT('',(-45.22619015644,-20.79322538775,46.));
#3099 = CARTESIAN_POINT('',(-46.,-20.16799664258,46.));
#3100 = PCURVE('',#1342,#3101);
#3101 = DEFINITIONAL_REPRESENTATION('',(#3102),#3177);
#3102 = B_SPLINE_CURVE_WITH_KNOTS('',5,(#3103,#3104,#3105,#3106,#3107,
    #3108,#3109,#3110,#3111,#3112,#3113,#3114,#3115,#3116,#3117,#3118,
    #3119,#3120,#3121,#3122,#3123,#3124,#3125,#3126,#3127,#3128,#3129,
    #3130,#3131,#3132,#3133,#3134,#3135,#3136,#3137,#3138,#3139,#3140,
    #3141,#3142,#3143,#3144,#3145,#3146,#3147,#3148,#3149,#3150,#3151,
    #3152,#3153,#3154,#3155,#3156,#3157,#3158,#3159,#3160,#3161,#3162,
    #3163,#3164,#3165,#3166,#3167,#3168,#3169,#3170,#3171,#3172,#3173,
    #3174,#3175,#3176),.UNSPECIFIED.,.F.,.F.,(6,4,4,4,4,4,4,4,4,4,4,4,4,
    4,4,4,4,4,6),(0.,5.070785924657E-02,0.104242104758,0.150369068439,
    0.198173516305,0.236990573573,0.276638897644,0.33143244753,
    0.387054177693,0.443355888975,0.500000961321,0.577658084306,
    0.654252572862,0.729297925472,0.801660900288,0.849470786021,
    0.895603740039,0.949145790188,1.),.UNSPECIFIED.);
#3103 = CARTESIAN_POINT('',(92.,121.83200341901));
#3104 = CARTESIAN_POINT('',(91.228416883693,121.20857383873));
#3105 = CARTESIAN_POINT('',(90.438675772247,120.60763324582));
#3106 = CARTESIAN_POINT('',(89.632723754936,120.02851061251));
#3107 = CARTESIAN_POINT('',(88.812206821344,119.47053841427));
#3108 = CARTESIAN_POINT('',(87.098272696151,118.36559470457));
#3109 = CARTESIAN_POINT('',(86.203356983875,117.82097992428));
#3110 = CARTESIAN_POINT('',(85.295323476598,117.29841715494));
#3111 = CARTESIAN_POINT('',(84.375512484818,116.79718771241));
#3112 = CARTESIAN_POINT('',(82.643285496752,115.90253139366));
#3113 = CARTESIAN_POINT('',(81.833626627729,115.5037881578));
#3114 = CARTESIAN_POINT('',(81.016759223654,115.11995110592));
#3115 = CARTESIAN_POINT('',(80.193299956972,114.75063003842));
#3116 = CARTESIAN_POINT('',(78.50408873223,114.02738022968));
#3117 = CARTESIAN_POINT('',(77.637891718881,113.67450138899));
#3118 = CARTESIAN_POINT('',(76.765777062701,113.33642510233));
#3119 = CARTESIAN_POINT('',(75.888260966308,113.01279417003));
#3120 = CARTESIAN_POINT('',(74.289227221633,112.45196190262));
#3121 = CARTESIAN_POINT('',(73.569398935537,112.20995071459));
#3122 = CARTESIAN_POINT('',(72.846545966295,111.97707720006));
#3123 = CARTESIAN_POINT('',(72.120886633391,111.75318358508));
#3124 = CARTESIAN_POINT('',(70.648751866524,111.31846517203));
#3125 = CARTESIAN_POINT('',(69.902164342084,111.10802283563));
#3126 = CARTESIAN_POINT('',(69.15306409667,110.90664795359));
#3127 = CARTESIAN_POINT('',(68.401642986412,110.71420301919));
#3128 = CARTESIAN_POINT('',(66.606652872587,110.27677962658));
#3129 = CARTESIAN_POINT('',(65.561132739794,110.03981484548));
#3130 = CARTESIAN_POINT('',(64.511973935623,109.81934488598));
#3131 = CARTESIAN_POINT('',(63.459590323097,109.61509588378));
#3132 = CARTESIAN_POINT('',(61.333165917878,109.23572963417));
#3133 = CARTESIAN_POINT('',(60.259040596394,109.0610997957));
#3134 = CARTESIAN_POINT('',(59.182365646771,108.90270337483));
#3135 = CARTESIAN_POINT('',(58.103500235391,108.76034479953));
#3136 = CARTESIAN_POINT('',(55.928837922393,108.50584555127));
#3137 = CARTESIAN_POINT('',(54.832997231027,108.3940955894));
#3138 = CARTESIAN_POINT('',(53.735596370144,108.29845795195));
#3139 = CARTESIAN_POINT('',(52.636962066838,108.21881340709));
#3140 = CARTESIAN_POINT('',(50.431140972904,108.09096577898));
#3141 = CARTESIAN_POINT('',(49.323944645206,108.04295722302));
#3142 = CARTESIAN_POINT('',(48.216131528217,108.01097842087));
#3143 = CARTESIAN_POINT('',(47.108012320281,107.9949895483));
#3144 = CARTESIAN_POINT('',(44.480723750923,107.99499249523));
#3145 = CARTESIAN_POINT('',(42.961559231364,108.02504710257));
#3146 = CARTESIAN_POINT('',(41.443180036966,108.08515526857));
#3147 = CARTESIAN_POINT('',(39.926393469704,108.17545533243));
#3148 = CARTESIAN_POINT('',(36.918395858278,108.41535741868));
#3149 = CARTESIAN_POINT('',(35.427127379119,108.5641303588));
#3150 = CARTESIAN_POINT('',(33.93902674121,108.74282694166));
#3151 = CARTESIAN_POINT('',(32.454972561824,108.95185706043));
#3152 = CARTESIAN_POINT('',(29.526796405976,109.42687714771));
#3153 = CARTESIAN_POINT('',(28.082484455529,109.69162781037));
#3154 = CARTESIAN_POINT('',(26.643892994941,109.98658661444));
#3155 = CARTESIAN_POINT('',(25.212068328398,110.31243313337));
#3156 = CARTESIAN_POINT('',(22.415250378374,111.01485397709));
#3157 = CARTESIAN_POINT('',(21.049711711833,111.38919518901));
#3158 = CARTESIAN_POINT('',(19.692667914667,111.79383952406));
#3159 = CARTESIAN_POINT('',(18.345413776407,112.22970736506));
#3160 = CARTESIAN_POINT('',(16.126849863056,113.00727659144));
#3161 = CARTESIAN_POINT('',(15.249161444605,113.33074691853));
#3162 = CARTESIAN_POINT('',(14.37687064703,113.6686623055));
#3163 = CARTESIAN_POINT('',(13.510493363602,114.02137981518));
#3164 = CARTESIAN_POINT('',(11.820905711801,114.74431723374));
#3165 = CARTESIAN_POINT('',(10.997250791015,115.11348773928));
#3166 = CARTESIAN_POINT('',(10.180183426402,115.49717405882));
#3167 = CARTESIAN_POINT('',(9.370319915053,115.89576630784));
#3168 = CARTESIAN_POINT('',(7.637624885482,116.79010336842));
#3169 = CARTESIAN_POINT('',(6.717549049287,117.29116509322));
#3170 = CARTESIAN_POINT('',(5.809243486993,117.81356030989));
#3171 = CARTESIAN_POINT('',(4.914047711064,118.35800771601));
#3172 = CARTESIAN_POINT('',(3.197265659762,119.46409839529));
#3173 = CARTESIAN_POINT('',(2.374254318716,120.02349725209));
#3174 = CARTESIAN_POINT('',(1.565882572274,120.60416489428));
#3175 = CARTESIAN_POINT('',(0.77380984356,121.20677461224));
#3176 = CARTESIAN_POINT('',(0.,121.83200335741));
#3177 = ( GEOMETRIC_REPRESENTATION_CONTEXT(2) 
PARAMETRIC_REPRESENTATION_CONTEXT() REPRESENTATION_CONTEXT('2D SPACE',''
  ) );
#3178 = PCURVE('',#1723,#3179);
#3179 = DEFINITIONAL_REPRESENTATION('',(#3180),#3255);
#3180 = B_SPLINE_CURVE_WITH_KNOTS('',5,(#3181,#3182,#3183,#3184,#3185,
    #3186,#3187,#3188,#3189,#3190,#3191,#3192,#3193,#3194,#3195,#3196,
    #3197,#3198,#3199,#3200,#3201,#3202,#3203,#3204,#3205,#3206,#3207,
    #3208,#3209,#3210,#3211,#3212,#3213,#3214,#3215,#3216,#3217,#3218,
    #3219,#3220,#3221,#3222,#3223,#3224,#3225,#3226,#3227,#3228,#3229,
    #3230,#3231,#3232,#3233,#3234,#3235,#3236,#3237,#3238,#3239,#3240,
    #3241,#3242,#3243,#3244,#3245,#3246,#3247,#3248,#3249,#3250,#3251,
    #3252,#3253,#3254),.UNSPECIFIED.,.F.,.F.,(6,4,4,4,4,4,4,4,4,4,4,4,4,
    4,4,4,4,4,6),(0.,5.070785924657E-02,0.104242104758,0.150369068439,
    0.198173516305,0.236990573573,0.276638897644,0.33143244753,
    0.387054177693,0.443355888975,0.500000961321,0.577658084306,
    0.654252572862,0.729297925472,0.801660900288,0.849470786021,
    0.895603740039,0.949145790188,1.),.UNSPECIFIED.);
#3181 = CARTESIAN_POINT('',(0.898954111439,0.791333843603));
#3182 = CARTESIAN_POINT('',(0.895330055479,0.791333843603));
#3183 = CARTESIAN_POINT('',(0.891760741984,0.791333843603));
#3184 = CARTESIAN_POINT('',(0.888242955279,0.791333843603));
#3185 = CARTESIAN_POINT('',(0.884773677574,0.791333843603));
#3186 = CARTESIAN_POINT('',(0.877735198656,0.791333843603));
#3187 = CARTESIAN_POINT('',(0.874171268987,0.791333843603));
#3188 = CARTESIAN_POINT('',(0.870654502897,0.791333843603));
#3189 = CARTESIAN_POINT('',(0.867181723338,0.791333843603));
#3190 = CARTESIAN_POINT('',(0.860792803707,0.791333843603));
#3191 = CARTESIAN_POINT('',(0.857866156946,0.791333843603));
#3192 = CARTESIAN_POINT('',(0.854967942152,0.791333843603));
#3193 = CARTESIAN_POINT('',(0.852096392919,0.791333843603));
#3194 = CARTESIAN_POINT('',(0.846299724863,0.791333843603));
#3195 = CARTESIAN_POINT('',(0.843376469168,0.791333843603));
#3196 = CARTESIAN_POINT('',(0.840478178116,0.791333843603));
#3197 = CARTESIAN_POINT('',(0.837603159261,0.791333843603));
#3198 = CARTESIAN_POINT('',(0.832432884576,0.791333843603));
#3199 = CARTESIAN_POINT('',(0.830130253262,0.791333843603));
#3200 = CARTESIAN_POINT('',(0.827841055654,0.791333843603));
#3201 = CARTESIAN_POINT('',(0.825564486613,0.791333843603));
#3202 = CARTESIAN_POINT('',(0.820986590813,0.791333843603));
#3203 = CARTESIAN_POINT('',(0.818685777809,0.791333843603));
#3204 = CARTESIAN_POINT('',(0.816396541252,0.791333843603));
#3205 = CARTESIAN_POINT('',(0.814118114952,0.791333843603));
#3206 = CARTESIAN_POINT('',(0.808714952157,0.791333843603));
#3207 = CARTESIAN_POINT('',(0.805599396121,0.791333843603));
#3208 = CARTESIAN_POINT('',(0.802501178492,0.791333843603));
#3209 = CARTESIAN_POINT('',(0.799418531628,0.791333843603));
#3210 = CARTESIAN_POINT('',(0.793234596419,0.791333843603));
#3211 = CARTESIAN_POINT('',(0.790133737553,0.791333843603));
#3212 = CARTESIAN_POINT('',(0.787045404431,0.791333843603));
#3213 = CARTESIAN_POINT('',(0.783967941856,0.791333843603));
#3214 = CARTESIAN_POINT('',(0.777794023199,0.791333843603));
#3215 = CARTESIAN_POINT('',(0.774697797017,0.791333843603));
#3216 = CARTESIAN_POINT('',(0.771609401661,0.791333843603));
#3217 = CARTESIAN_POINT('',(0.768527228778,0.791333843603));
#3218 = CARTESIAN_POINT('',(0.762353439829,0.791333843603));
#3219 = CARTESIAN_POINT('',(0.759261879123,0.791333843603));
#3220 = CARTESIAN_POINT('',(0.756173447835,0.791333843603));
#3221 = CARTESIAN_POINT('',(0.753086573544,0.791333843603));
#3222 = CARTESIAN_POINT('',(0.745767774635,0.791333843603));
#3223 = CARTESIAN_POINT('',(0.741535860364,0.791333843603));
#3224 = CARTESIAN_POINT('',(0.737299899378,0.791333843603));
#3225 = CARTESIAN_POINT('',(0.733055909199,0.791333843603));
#3226 = CARTESIAN_POINT('',(0.724601680831,0.791333843603));
#3227 = CARTESIAN_POINT('',(0.720391799686,0.791333843603));
#3228 = CARTESIAN_POINT('',(0.716165977728,0.791333843603));
#3229 = CARTESIAN_POINT('',(0.711920101183,0.791333843603));
#3230 = CARTESIAN_POINT('',(0.70346556776,0.791333843603));
#3231 = CARTESIAN_POINT('',(0.699257925896,0.791333843603));
#3232 = CARTESIAN_POINT('',(0.695022451818,0.791333843603));
#3233 = CARTESIAN_POINT('',(0.690754701512,0.791333843603));
#3234 = CARTESIAN_POINT('',(0.682298424184,0.791333843603));
#3235 = CARTESIAN_POINT('',(0.678112561058,0.791333843603));
#3236 = CARTESIAN_POINT('',(0.67388747332,0.791333843603));
#3237 = CARTESIAN_POINT('',(0.669618353076,0.791333843603));
#3238 = CARTESIAN_POINT('',(0.662446216917,0.791333843603));
#3239 = CARTESIAN_POINT('',(0.659571185822,0.791333843603));
#3240 = CARTESIAN_POINT('',(0.656672894463,0.791333843603));
#3241 = CARTESIAN_POINT('',(0.653749650693,0.791333843603));
#3242 = CARTESIAN_POINT('',(0.647952984921,0.791333843603));
#3243 = CARTESIAN_POINT('',(0.645081424362,0.791333843603));
#3244 = CARTESIAN_POINT('',(0.64218320937,0.791333843603));
#3245 = CARTESIAN_POINT('',(0.639256573731,0.791333843603));
#3246 = CARTESIAN_POINT('',(0.632867648344,0.791333843603));
#3247 = CARTESIAN_POINT('',(0.629394854564,0.791333843603));
#3248 = CARTESIAN_POINT('',(0.625878088572,0.791333843603));
#3249 = CARTESIAN_POINT('',(0.622314173225,0.791333843603));
#3250 = CARTESIAN_POINT('',(0.615266368107,0.791333843603));
#3251 = CARTESIAN_POINT('',(0.611787499491,0.791333843603));
#3252 = CARTESIAN_POINT('',(0.608259858517,0.791333843603));
#3253 = CARTESIAN_POINT('',(0.60468040341,0.791333843603));
#3254 = CARTESIAN_POINT('',(0.601045888727,0.791333843603));
#3255 = ( GEOMETRIC_REPRESENTATION_CONTEXT(2) 
PARAMETRIC_REPRESENTATION_CONTEXT() REPRESENTATION_CONTEXT('2D SPACE',''
  ) );
#3256 = ADVANCED_FACE('',(#3257),#1125,.T.);
#3257 = FACE_BOUND('',#3258,.T.);
#3258 = EDGE_LOOP('',(#3259,#3260,#3261,#3262));
#3259 = ORIENTED_EDGE('',*,*,#2998,.F.);
#3260 = ORIENTED_EDGE('',*,*,#983,.F.);
#3261 = ORIENTED_EDGE('',*,*,#2500,.T.);
#3262 = ORIENTED_EDGE('',*,*,#3263,.T.);
#3263 = EDGE_CURVE('',#2501,#2999,#3264,.T.);
#3264 = SURFACE_CURVE('',#3265,(#3332,#3402),.PCURVE_S1.);
#3265 = B_SPLINE_CURVE_WITH_KNOTS('',5,(#3266,#3267,#3268,#3269,#3270,
    #3271,#3272,#3273,#3274,#3275,#3276,#3277,#3278,#3279,#3280,#3281,
    #3282,#3283,#3284,#3285,#3286,#3287,#3288,#3289,#3290,#3291,#3292,
    #3293,#3294,#3295,#3296,#3297,#3298,#3299,#3300,#3301,#3302,#3303,
    #3304,#3305,#3306,#3307,#3308,#3309,#3310,#3311,#3312,#3313,#3314,
    #3315,#3316,#3317,#3318,#3319,#3320,#3321,#3322,#3323,#3324,#3325,
    #3326,#3327,#3328,#3329,#3330,#3331),.UNSPECIFIED.,.F.,.F.,(6,4,4,4,
    4,4,4,4,4,4,4,4,4,4,4,4,6),(0.,6.575988190206E-02,0.131020602198,
    0.196390715067,0.26121573799,0.325887527137,0.389798897275,
    0.453131494136,0.515836895398,0.57813773943,0.63955102787,
    0.700601112373,0.760879810375,0.820974467314,0.880565677617,
    0.940096704544,1.),.UNSPECIFIED.);
#3266 = CARTESIAN_POINT('',(-46.,-36.17395170157,-22.));
#3267 = CARTESIAN_POINT('',(-46.,-36.09626166108,-21.08157086835));
#3268 = CARTESIAN_POINT('',(-46.,-36.01241385002,-20.16366286279));
#3269 = CARTESIAN_POINT('',(-46.,-35.92267121697,-19.24630841365));
#3270 = CARTESIAN_POINT('',(-46.,-35.82727118601,-18.32953351628));
#3271 = CARTESIAN_POINT('',(-46.,-35.62634561269,-16.5041363345));
#3272 = CARTESIAN_POINT('',(-46.,-35.52090289479,-15.5955053975));
#3273 = CARTESIAN_POINT('',(-46.,-35.4103048608,-14.68748425685));
#3274 = CARTESIAN_POINT('',(-46.,-35.29473856689,-13.7800884931));
#3275 = CARTESIAN_POINT('',(-46.,-35.05380120313,-11.96505142392));
#3276 = CARTESIAN_POINT('',(-46.,-34.92841435445,-11.05741253905));
#3277 = CARTESIAN_POINT('',(-46.,-34.79837799692,-10.15042528521));
#3278 = CARTESIAN_POINT('',(-46.,-34.66384263463,-9.244099613444));
#3279 = CARTESIAN_POINT('',(-46.,-34.38719859606,-7.440339051469));
#3280 = CARTESIAN_POINT('',(-46.,-34.24516264395,-6.542893246677));
#3281 = CARTESIAN_POINT('',(-46.,-34.09896372199,-5.646113774299));
#3282 = CARTESIAN_POINT('',(-46.,-33.94871725178,-4.750007643106));
#3283 = CARTESIAN_POINT('',(-46.,-33.64069522843,-2.961271168701));
#3284 = CARTESIAN_POINT('',(-46.,-33.48293844231,-2.068637775288));
#3285 = CARTESIAN_POINT('',(-46.,-33.32135381266,-1.176687154348));
#3286 = CARTESIAN_POINT('',(-46.,-33.15602818482,-0.285425767472));
#3287 = CARTESIAN_POINT('',(-46.,-32.82002901158,1.4852337833));
#3288 = CARTESIAN_POINT('',(-46.,-32.64944125905,2.364648082661));
#3289 = CARTESIAN_POINT('',(-46.,-32.47534287797,3.243376131182));
#3290 = CARTESIAN_POINT('',(-46.,-32.29779265986,4.121410398283));
#3291 = CARTESIAN_POINT('',(-46.,-31.93752030916,5.86812917091));
#3292 = CARTESIAN_POINT('',(-46.,-31.75485956363,6.736826214908));
#3293 = CARTESIAN_POINT('',(-46.,-31.56890025493,7.604825066334));
#3294 = CARTESIAN_POINT('',(-46.,-31.37967573433,8.47211550449));
#3295 = CARTESIAN_POINT('',(-46.,-30.99664500371,10.19667356));
#3296 = CARTESIAN_POINT('',(-46.,-30.80290265865,11.053955246634));
#3297 = CARTESIAN_POINT('',(-46.,-30.60600110296,11.910518798501));
#3298 = CARTESIAN_POINT('',(-46.,-30.40594884913,12.766349799579));
#3299 = CARTESIAN_POINT('',(-46.,-30.00084643458,14.470995702913));
#3300 = CARTESIAN_POINT('',(-46.,-29.79583672589,15.319820096873));
#3301 = CARTESIAN_POINT('',(-46.,-29.58770938554,16.167887553717));
#3302 = CARTESIAN_POINT('',(-46.,-29.3764475436,17.015177578914));
#3303 = CARTESIAN_POINT('',(-46.,-28.95064938665,18.69609497115));
#3304 = CARTESIAN_POINT('',(-46.,-28.73620242843,19.52974483643));
#3305 = CARTESIAN_POINT('',(-46.,-28.5186514235,20.362592377915));
#3306 = CARTESIAN_POINT('',(-46.,-28.29795329999,21.194609563951));
#3307 = CARTESIAN_POINT('',(-46.,-27.8514722627,22.852001876844));
#3308 = CARTESIAN_POINT('',(-46.,-27.62572691724,23.677386951708));
#3309 = CARTESIAN_POINT('',(-46.,-27.39675839355,24.501886479242));
#3310 = CARTESIAN_POINT('',(-46.,-27.16449411279,25.32546170493));
#3311 = CARTESIAN_POINT('',(-46.,-26.69617374013,26.960279114121));
#3312 = CARTESIAN_POINT('',(-46.,-26.46020236062,27.771545338102));
#3313 = CARTESIAN_POINT('',(-46.,-26.22084557431,28.581822575926));
#3314 = CARTESIAN_POINT('',(-46.,-25.97799945139,29.391058866206));
#3315 = CARTESIAN_POINT('',(-46.,-25.48583622147,31.00486121875));
#3316 = CARTESIAN_POINT('',(-46.,-25.23654077574,31.809433564686));
#3317 = CARTESIAN_POINT('',(-46.,-24.98353414277,32.612851075149));
#3318 = CARTESIAN_POINT('',(-46.,-24.72667309356,33.415042369024));
#3319 = CARTESIAN_POINT('',(-46.,-24.2070970268,35.010096944248));
#3320 = CARTESIAN_POINT('',(-46.,-23.94444896096,35.802981579593));
#3321 = CARTESIAN_POINT('',(-46.,-23.67768566739,36.594497136979));
#3322 = CARTESIAN_POINT('',(-46.,-23.40662180371,37.38454768531));
#3323 = CARTESIAN_POINT('',(-46.,-22.85574029757,38.960696134104));
#3324 = CARTESIAN_POINT('',(-46.,-22.5759320083,39.746796574003));
#3325 = CARTESIAN_POINT('',(-46.,-22.29140186794,40.531208849383));
#3326 = CARTESIAN_POINT('',(-46.,-22.00190637356,41.313799111079));
#3327 = CARTESIAN_POINT('',(-46.,-21.41057570675,42.87989862592));
#3328 = CARTESIAN_POINT('',(-46.,-21.10867512492,43.663381931756));
#3329 = CARTESIAN_POINT('',(-46.,-20.80117194485,44.444696415046));
#3330 = CARTESIAN_POINT('',(-46.,-20.48773994179,45.223647463858));
#3331 = CARTESIAN_POINT('',(-46.,-20.16799664258,46.));
#3332 = PCURVE('',#1125,#3333);
#3333 = DEFINITIONAL_REPRESENTATION('',(#3334),#3401);
#3334 = B_SPLINE_CURVE_WITH_KNOTS('',5,(#3335,#3336,#3337,#3338,#3339,
    #3340,#3341,#3342,#3343,#3344,#3345,#3346,#3347,#3348,#3349,#3350,
    #3351,#3352,#3353,#3354,#3355,#3356,#3357,#3358,#3359,#3360,#3361,
    #3362,#3363,#3364,#3365,#3366,#3367,#3368,#3369,#3370,#3371,#3372,
    #3373,#3374,#3375,#3376,#3377,#3378,#3379,#3380,#3381,#3382,#3383,
    #3384,#3385,#3386,#3387,#3388,#3389,#3390,#3391,#3392,#3393,#3394,
    #3395,#3396,#3397,#3398,#3399,#3400),.UNSPECIFIED.,.F.,.F.,(6,4,4,4,
    4,4,4,4,4,4,4,4,4,4,4,4,6),(0.,6.575988190206E-02,0.131020602198,
    0.196390715067,0.26121573799,0.325887527137,0.389798897275,
    0.453131494136,0.515836895398,0.57813773943,0.63955102787,
    0.700601112373,0.760879810375,0.820974467314,0.880565677617,
    0.940096704544,1.),.UNSPECIFIED.);
#3335 = CARTESIAN_POINT('',(0.,-105.8260482984));
#3336 = CARTESIAN_POINT('',(0.918429131645,-105.9037383389));
#3337 = CARTESIAN_POINT('',(1.836337137204,-105.9875861499));
#3338 = CARTESIAN_POINT('',(2.753691586348,-106.077328783));
#3339 = CARTESIAN_POINT('',(3.670466483719,-106.1727288139));
#3340 = CARTESIAN_POINT('',(5.495863665496,-106.3736543873));
#3341 = CARTESIAN_POINT('',(6.404494602497,-106.4790971052));
#3342 = CARTESIAN_POINT('',(7.31251574315,-106.5896951391));
#3343 = CARTESIAN_POINT('',(8.219911506895,-106.7052614331));
#3344 = CARTESIAN_POINT('',(10.034948576071,-106.9461987968));
#3345 = CARTESIAN_POINT('',(10.942587460944,-107.0715856455));
#3346 = CARTESIAN_POINT('',(11.849574714789,-107.201622003));
#3347 = CARTESIAN_POINT('',(12.755900386556,-107.3361573653));
#3348 = CARTESIAN_POINT('',(14.559660948531,-107.6128014039));
#3349 = CARTESIAN_POINT('',(15.457106753323,-107.754837356));
#3350 = CARTESIAN_POINT('',(16.353886225701,-107.901036278));
#3351 = CARTESIAN_POINT('',(17.249992356894,-108.0512827482));
#3352 = CARTESIAN_POINT('',(19.038728831299,-108.3593047715));
#3353 = CARTESIAN_POINT('',(19.931362224712,-108.5170615576));
#3354 = CARTESIAN_POINT('',(20.823312845652,-108.6786461873));
#3355 = CARTESIAN_POINT('',(21.714574232528,-108.8439718151));
#3356 = CARTESIAN_POINT('',(23.4852337833,-109.1799709884));
#3357 = CARTESIAN_POINT('',(24.364648082661,-109.3505587409));
#3358 = CARTESIAN_POINT('',(25.243376131182,-109.524657122));
#3359 = CARTESIAN_POINT('',(26.121410398283,-109.7022073401));
#3360 = CARTESIAN_POINT('',(27.86812917091,-110.0624796908));
#3361 = CARTESIAN_POINT('',(28.736826214908,-110.2451404363));
#3362 = CARTESIAN_POINT('',(29.604825066334,-110.431099745));
#3363 = CARTESIAN_POINT('',(30.47211550449,-110.6203242656));
#3364 = CARTESIAN_POINT('',(32.19667356,-111.0033549962));
#3365 = CARTESIAN_POINT('',(33.053955246634,-111.1970973413));
#3366 = CARTESIAN_POINT('',(33.910518798501,-111.393998897));
#3367 = CARTESIAN_POINT('',(34.766349799579,-111.5940511508));
#3368 = CARTESIAN_POINT('',(36.470995702913,-111.9991535654));
#3369 = CARTESIAN_POINT('',(37.319820096873,-112.2041632741));
#3370 = CARTESIAN_POINT('',(38.167887553717,-112.4122906144));
#3371 = CARTESIAN_POINT('',(39.015177578914,-112.6235524563));
#3372 = CARTESIAN_POINT('',(40.69609497115,-113.0493506133));
#3373 = CARTESIAN_POINT('',(41.52974483643,-113.2637975715));
#3374 = CARTESIAN_POINT('',(42.362592377915,-113.4813485764));
#3375 = CARTESIAN_POINT('',(43.194609563951,-113.7020467));
#3376 = CARTESIAN_POINT('',(44.852001876844,-114.1485277372));
#3377 = CARTESIAN_POINT('',(45.677386951708,-114.3742730827));
#3378 = CARTESIAN_POINT('',(46.501886479242,-114.6032416064));
#3379 = CARTESIAN_POINT('',(47.32546170493,-114.8355058872));
#3380 = CARTESIAN_POINT('',(48.960279114121,-115.3038262598));
#3381 = CARTESIAN_POINT('',(49.771545338102,-115.5397976393));
#3382 = CARTESIAN_POINT('',(50.581822575926,-115.7791544256));
#3383 = CARTESIAN_POINT('',(51.391058866206,-116.0220005486));
#3384 = CARTESIAN_POINT('',(53.00486121875,-116.5141637785));
#3385 = CARTESIAN_POINT('',(53.809433564686,-116.7634592242));
#3386 = CARTESIAN_POINT('',(54.612851075149,-117.0164658572));
#3387 = CARTESIAN_POINT('',(55.415042369024,-117.2733269064));
#3388 = CARTESIAN_POINT('',(57.010096944248,-117.7929029732));
#3389 = CARTESIAN_POINT('',(57.802981579593,-118.055551039));
#3390 = CARTESIAN_POINT('',(58.594497136979,-118.3223143326));
#3391 = CARTESIAN_POINT('',(59.38454768531,-118.5933781962));
#3392 = CARTESIAN_POINT('',(60.960696134104,-119.1442597024));
#3393 = CARTESIAN_POINT('',(61.746796574003,-119.4240679916));
#3394 = CARTESIAN_POINT('',(62.531208849383,-119.708598132));
#3395 = CARTESIAN_POINT('',(63.313799111079,-119.9980936264));
#3396 = CARTESIAN_POINT('',(64.87989862592,-120.5894242932));
#3397 = CARTESIAN_POINT('',(65.663381931756,-120.891324875));
#3398 = CARTESIAN_POINT('',(66.444696415046,-121.1988280551));
#3399 = CARTESIAN_POINT('',(67.223647463858,-121.5122600582));
#3400 = CARTESIAN_POINT('',(68.,-121.8320033574));
#3401 = ( GEOMETRIC_REPRESENTATION_CONTEXT(2) 
PARAMETRIC_REPRESENTATION_CONTEXT() REPRESENTATION_CONTEXT('2D SPACE',''
  ) );
#3402 = PCURVE('',#1723,#3403);
#3403 = DEFINITIONAL_REPRESENTATION('',(#3404),#3471);
#3404 = B_SPLINE_CURVE_WITH_KNOTS('',5,(#3405,#3406,#3407,#3408,#3409,
    #3410,#3411,#3412,#3413,#3414,#3415,#3416,#3417,#3418,#3419,#3420,
    #3421,#3422,#3423,#3424,#3425,#3426,#3427,#3428,#3429,#3430,#3431,
    #3432,#3433,#3434,#3435,#3436,#3437,#3438,#3439,#3440,#3441,#3442,
    #3443,#3444,#3445,#3446,#3447,#3448,#3449,#3450,#3451,#3452,#3453,
    #3454,#3455,#3456,#3457,#3458,#3459,#3460,#3461,#3462,#3463,#3464,
    #3465,#3466,#3467,#3468,#3469,#3470),.UNSPECIFIED.,.F.,.F.,(6,4,4,4,
    4,4,4,4,4,4,4,4,4,4,4,4,6),(0.,6.575988190206E-02,0.131020602198,
    0.196390715067,0.26121573799,0.325887527137,0.389798897275,
    0.453131494136,0.515836895398,0.57813773943,0.63955102787,
    0.700601112373,0.760879810375,0.820974467314,0.880565677617,
    0.940096704544,1.),.UNSPECIFIED.);
#3405 = CARTESIAN_POINT('',(0.646248393558,0.385771317058));
#3406 = CARTESIAN_POINT('',(0.646086142945,0.390875512415));
#3407 = CARTESIAN_POINT('',(0.64591048324,0.395976169532));
#3408 = CARTESIAN_POINT('',(0.6457217853,0.401074463806));
#3409 = CARTESIAN_POINT('',(0.64552035367,0.406171524491));
#3410 = CARTESIAN_POINT('',(0.645094123358,0.416326655952));
#3411 = CARTESIAN_POINT('',(0.644869514872,0.421384728179));
#3412 = CARTESIAN_POINT('',(0.644632834788,0.426443709716));
#3413 = CARTESIAN_POINT('',(0.644384264388,0.431504614625));
#3414 = CARTESIAN_POINT('',(0.643863164385,0.441640698929));
#3415 = CARTESIAN_POINT('',(0.643590596079,0.44671588736));
#3416 = CARTESIAN_POINT('',(0.64330635786,0.451794952739));
#3417 = CARTESIAN_POINT('',(0.64301053445,0.456878824681));
#3418 = CARTESIAN_POINT('',(0.642398358745,0.46701551125));
#3419 = CARTESIAN_POINT('',(0.642082198566,0.472068230639));
#3420 = CARTESIAN_POINT('',(0.641754723355,0.477127408661));
#3421 = CARTESIAN_POINT('',(0.641415931273,0.482193861744));
#3422 = CARTESIAN_POINT('',(0.640716456108,0.49233086299));
#3423 = CARTESIAN_POINT('',(0.640355826709,0.497401372245));
#3424 = CARTESIAN_POINT('',(0.639983849932,0.502480652742));
#3425 = CARTESIAN_POINT('',(0.639600444019,0.507569417821));
#3426 = CARTESIAN_POINT('',(0.638815174278,0.517707286789));
#3427 = CARTESIAN_POINT('',(0.638413580245,0.52275615229));
#3428 = CARTESIAN_POINT('',(0.638000587948,0.527815564742));
#3429 = CARTESIAN_POINT('',(0.637576039467,0.532886104884));
#3430 = CARTESIAN_POINT('',(0.636707383809,0.543004461624));
#3431 = CARTESIAN_POINT('',(0.636263488049,0.548052066652));
#3432 = CARTESIAN_POINT('',(0.635807855882,0.553111619123));
#3433 = CARTESIAN_POINT('',(0.635340249698,0.558183558944));
#3434 = CARTESIAN_POINT('',(0.634385276866,0.568302600228));
#3435 = CARTESIAN_POINT('',(0.633898150953,0.573349448347));
#3436 = CARTESIAN_POINT('',(0.633398735955,0.578409162006));
#3437 = CARTESIAN_POINT('',(0.632886707157,0.583482018885));
#3438 = CARTESIAN_POINT('',(0.631840057368,0.593621593814));
#3439 = CARTESIAN_POINT('',(0.631305602284,0.59868813798));
#3440 = CARTESIAN_POINT('',(0.630757955285,0.603768037912));
#3441 = CARTESIAN_POINT('',(0.630196686597,0.608861383598));
#3442 = CARTESIAN_POINT('',(0.629054119971,0.619002190326));
#3443 = CARTESIAN_POINT('',(0.628473219739,0.624049268607));
#3444 = CARTESIAN_POINT('',(0.627878133994,0.629109387548));
#3445 = CARTESIAN_POINT('',(0.627268318878,0.634182416292));
#3446 = CARTESIAN_POINT('',(0.626021691864,0.644323713875));
#3447 = CARTESIAN_POINT('',(0.625385058897,0.649391830298));
#3448 = CARTESIAN_POINT('',(0.624732652026,0.654472206989));
#3449 = CARTESIAN_POINT('',(0.624063772563,0.659564452676));
#3450 = CARTESIAN_POINT('',(0.622700154964,0.66970712364));
#3451 = CARTESIAN_POINT('',(0.622005847668,0.674757260878));
#3452 = CARTESIAN_POINT('',(0.621293946276,0.679817926606));
#3453 = CARTESIAN_POINT('',(0.620563574777,0.684888436876));
#3454 = CARTESIAN_POINT('',(0.619066198456,0.695031933927));
#3455 = CARTESIAN_POINT('',(0.618299308704,0.700104861978));
#3456 = CARTESIAN_POINT('',(0.61751209223,0.705185880368));
#3457 = CARTESIAN_POINT('',(0.616703418256,0.710273947034));
#3458 = CARTESIAN_POINT('',(0.615047558298,0.720419021389));
#3459 = CARTESIAN_POINT('',(0.614200749948,0.72547592859));
#3460 = CARTESIAN_POINT('',(0.613330321477,0.730537330978));
#3461 = CARTESIAN_POINT('',(0.612434850067,0.735601797692));
#3462 = CARTESIAN_POINT('',(0.610591455974,0.745728413346));
#3463 = CARTESIAN_POINT('',(0.609643587993,0.750790555289));
#3464 = CARTESIAN_POINT('',(0.608667438095,0.755852431896));
#3465 = CARTESIAN_POINT('',(0.607661142481,0.760912125224));
#3466 = CARTESIAN_POINT('',(0.605577417827,0.771054377499));
#3467 = CARTESIAN_POINT('',(0.604499584894,0.776136874488));
#3468 = CARTESIAN_POINT('',(0.60338681051,0.781212708891));
#3469 = CARTESIAN_POINT('',(0.602236570768,0.786279328921));
#3470 = CARTESIAN_POINT('',(0.601045889445,0.791333843603));
#3471 = ( GEOMETRIC_REPRESENTATION_CONTEXT(2) 
PARAMETRIC_REPRESENTATION_CONTEXT() REPRESENTATION_CONTEXT('2D SPACE',''
  ) );
#3472 = ADVANCED_FACE('',(#3473,#3479),#1723,.F.);
#3473 = FACE_BOUND('',#3474,.F.);
#3474 = EDGE_LOOP('',(#3475,#3476,#3477,#3478));
#3475 = ORIENTED_EDGE('',*,*,#1657,.T.);
#3476 = ORIENTED_EDGE('',*,*,#2374,.T.);
#3477 = ORIENTED_EDGE('',*,*,#2425,.F.);
#3478 = ORIENTED_EDGE('',*,*,#1916,.F.);
#3479 = FACE_BOUND('',#3480,.F.);
#3480 = EDGE_LOOP('',(#3481,#3482,#3483,#3484));
#3481 = ORIENTED_EDGE('',*,*,#2547,.T.);
#3482 = ORIENTED_EDGE('',*,*,#3263,.T.);
#3483 = ORIENTED_EDGE('',*,*,#3023,.F.);
#3484 = ORIENTED_EDGE('',*,*,#2785,.F.);
#3485 = ( GEOMETRIC_REPRESENTATION_CONTEXT(3) 
GLOBAL_UNCERTAINTY_ASSIGNED_CONTEXT((#3489)) 
GLOBAL_UNIT_ASSIGNED_CONTEXT((#3486,#3487,#3488)) REPRESENTATION_CONTEXT
('Context #1','3D Context with UNIT and UNCERTAINTY') );
#3486 = ( LENGTH_UNIT() NAMED_UNIT(*) SI_UNIT(.MILLI.,.METRE.) );
#3487 = ( NAMED_UNIT(*) PLANE_ANGLE_UNIT() SI_UNIT($,.RADIAN.) );
#3488 = ( NAMED_UNIT(*) SI_UNIT($,.STERADIAN.) SOLID_ANGLE_UNIT() );
#3489 = UNCERTAINTY_MEASURE_WITH_UNIT(LENGTH_MEASURE(2.E-06),#3486,
  'distance_accuracy_value','confusion accuracy');
#3490 = PRODUCT_RELATED_PRODUCT_CATEGORY('part',$,(#7));
ENDSEC;
END-ISO-10303-21;
