ISO-10303-21;
HEADER;
FILE_DESCRIPTION(('Open CASCADE Model'),'2;1');
FILE_NAME('Open CASCADE Shape Model','2026-09-05T04:29:44',('Author'),(
    'Open CASCADE'),'Open CASCADE STEP processor 7.8','Open CASCADE 7.8'
  ,'Unknown');
FILE_SCHEMA(('AUTOMOTIVE_DESIGN { 1 0 10303 214 1 1 1 1 }'));
ENDSEC;
DATA;
#1 = APPLICATION_PROTOCOL_DEFINITION('international standard',
  'automotive_design',2000,#2);
#2 = APPLICATION_CONTEXT(
  'core data for automotive mechanical design processes');
#3 = SHAPE_DEFINITION_REPRESENTATION(#4,#10);
#4 = PRODUCT_DEFINITION_SHAPE('','',#5);
#5 = PRODUCT_DEFINITION('design','',#6,#9);
#6 = PRODUCT_DEFINITION_FORMATION('','',#7);
#7 = PRODUCT('Open CASCADE STEP translator 7.8 7',
  'Open CASCADE STEP translator 7.8 7','',(#8));
#8 = PRODUCT_CONTEXT('',#2,'mechanical');
#9 = PRODUCT_DEFINITION_CONTEXT('part definition',#2,'design');
#10 = ADVANCED_BREP_SHAPE_REPRESENTATION('',(#11,#15),#1777);
#11 = AXIS2_PLACEMENT_3D('',#12,#13,#14);
#12 = CARTESIAN_POINT('',(0.,0.,0.));
#13 = DIRECTION('',(0.,0.,1.));
#14 = DIRECTION('',(1.,0.,-0.));
#15 = MANIFOLD_SOLID_BREP('',#16);
#16 = CLOSED_SHELL('',(#17,#857,#1024,#1668,#1739,#1770));
#17 = ADVANCED_FACE('',(#18),#44,.T.);
#18 = FACE_BOUND('',#19,.T.);
#19 = EDGE_LOOP('',(#20,#150,#182,#234));
#20 = ORIENTED_EDGE('',*,*,#21,.T.);
#21 = EDGE_CURVE('',#22,#24,#26,.T.);
#22 = VERTEX_POINT('',#23);
#23 = CARTESIAN_POINT('',(-87.74999998837,-9.28662607356E-15,-100.));
#24 = VERTEX_POINT('',#25);
#25 = CARTESIAN_POINT('',(87.75,0.,-100.));
#26 = SURFACE_CURVE('',#27,(#43,#126),.PCURVE_S1.);
#27 = B_SPLINE_CURVE_WITH_KNOTS('',14,(#28,#29,#30,#31,#32,#33,#34,#35,
    #36,#37,#38,#39,#40,#41,#42),.UNSPECIFIED.,.T.,.F.,(15,15),(0.,1.),
  .PIECEWISE_BEZIER_KNOTS.);
#28 = CARTESIAN_POINT('',(87.75,1.653337674943E-14,-100.));
#29 = CARTESIAN_POINT('',(87.750000000002,7.292982945838,-100.));
#30 = CARTESIAN_POINT('',(68.71576480475,14.585968583674,-100.));
#31 = CARTESIAN_POINT('',(30.647270080728,20.033314381813,-100.));
#32 = CARTESIAN_POINT('',(-20.76258144305,21.789585932173,-100.));
#33 = CARTESIAN_POINT('',(-74.12906420085,18.67087399142,-100.));
#34 = CARTESIAN_POINT('',(-114.8684093198,10.820635235531,-100.));
#35 = CARTESIAN_POINT('',(-130.2059598304,2.388693530052E-10,-100.));
#36 = CARTESIAN_POINT('',(-114.8684093198,-10.82063523596,-100.));
#37 = CARTESIAN_POINT('',(-74.12906420084,-18.67087399108,-100.));
#38 = CARTESIAN_POINT('',(-20.76258144306,-21.78958593238,-100.));
#39 = CARTESIAN_POINT('',(30.647270080741,-20.03331438171,-100.));
#40 = CARTESIAN_POINT('',(68.715764804743,-14.58596858371,-100.));
#41 = CARTESIAN_POINT('',(87.750000000004,-7.29298294583,-100.));
#42 = CARTESIAN_POINT('',(87.75,-1.188833283075E-14,-100.));
#43 = PCURVE('',#44,#120);
#44 = ( BOUNDED_SURFACE() B_SPLINE_SURFACE(14,4,(
    (#45,#46,#47,#48,#49)
    ,(#50,#51,#52,#53,#54)
    ,(#55,#56,#57,#58,#59)
    ,(#60,#61,#62,#63,#64)
    ,(#65,#66,#67,#68,#69)
    ,(#70,#71,#72,#73,#74)
    ,(#75,#76,#77,#78,#79)
    ,(#80,#81,#82,#83,#84)
    ,(#85,#86,#87,#88,#89)
    ,(#90,#91,#92,#93,#94)
    ,(#95,#96,#97,#98,#99)
    ,(#100,#101,#102,#103,#104)
    ,(#105,#106,#107,#108,#109)
    ,(#110,#111,#112,#113,#114)
    ,(#115,#116,#117,#118,#119
)),.UNSPECIFIED.,.T.,.F.,.F.) B_SPLINE_SURFACE_WITH_KNOTS((15,15),(5,5),
  (0.,1.),(0.,1.),.PIECEWISE_BEZIER_KNOTS.) 
GEOMETRIC_REPRESENTATION_ITEM() RATIONAL_B_SPLINE_SURFACE((
    (1.,1.,1.,1.,1.)
    ,(1.,1.,1.,1.,1.)
    ,(1.,1.,1.,1.,1.)
    ,(1.,1.,1.,1.,1.)
    ,(1.,1.,1.,1.,1.)
    ,(1.,1.,1.,1.,1.)
    ,(1.,1.,1.,1.,1.)
    ,(1.,1.,1.,1.,1.)
    ,(1.,1.,1.,1.,1.)
    ,(1.,1.,1.,1.,1.)
    ,(1.,1.,1.,1.,1.)
    ,(1.,1.,1.,1.,1.)
    ,(1.,1.,1.,1.,1.)
    ,(1.,1.,1.,1.,1.)
,(1.,1.,1.,1.,1.))) REPRESENTATION_ITEM('') SURFACE() );
#45 = CARTESIAN_POINT('',(87.75,1.653337674943E-14,-100.));
#46 = CARTESIAN_POINT('',(169.72306388754,3.361250589528E-14,
    -92.87569037072));
#47 = CARTESIAN_POINT('',(134.82613073743,-1.309162899208E-13,
    22.340375051454));
#48 = CARTESIAN_POINT('',(113.48120601389,5.159547076135E-14,
    44.980999885307));
#49 = CARTESIAN_POINT('',(75.6,9.041311483094E-15,100.));
#50 = CARTESIAN_POINT('',(87.750000000002,7.292982945838,-100.));
#51 = CARTESIAN_POINT('',(169.72306388758,14.105839435294,
    -92.87569037072));
#52 = CARTESIAN_POINT('',(134.82613073743,11.205523329024,
    22.340375051454));
#53 = CARTESIAN_POINT('',(113.48120601392,9.431527067036,44.980999885307
    ));
#54 = CARTESIAN_POINT('',(75.600000000009,6.283185307184,100.));
#55 = CARTESIAN_POINT('',(68.71576480475,14.585968583674,-100.));
#56 = CARTESIAN_POINT('',(132.90769390341,28.211684077378,
    -92.87569037072));
#57 = CARTESIAN_POINT('',(105.58040671554,22.411050794216,
    22.340375051454));
#58 = CARTESIAN_POINT('',(88.865502703123,18.863057615457,
    44.980999885307));
#59 = CARTESIAN_POINT('',(59.201274293293,12.566372933627,100.));
#60 = CARTESIAN_POINT('',(30.647270080728,20.033314381813,-100.));
#61 = CARTESIAN_POINT('',(59.276906871019,38.747754948139,
    -92.87569037072));
#62 = CARTESIAN_POINT('',(47.088921283676,30.780789332796,
    22.340375051454));
#63 = CARTESIAN_POINT('',(39.634064613413,25.907745601165,
    44.980999885307));
#64 = CARTESIAN_POINT('',(26.40380191579,17.259470852022,100.));
#65 = CARTESIAN_POINT('',(-20.76258144305,21.789585932173,-100.));
#66 = CARTESIAN_POINT('',(-40.15827848234,42.144675615513,
    -92.87569037072));
#67 = CARTESIAN_POINT('',(-31.90129367588,33.479265659153,
    22.340375051454));
#68 = CARTESIAN_POINT('',(-26.85085791672,28.179014132536,
    44.980999885307));
#69 = CARTESIAN_POINT('',(-17.88776247419,18.772566341571,100.));
#70 = CARTESIAN_POINT('',(-74.12906420085,18.67087399142,-100.));
#71 = CARTESIAN_POINT('',(-143.3779133801,36.112569108357,
    -92.87569037072));
#72 = CARTESIAN_POINT('',(-113.8978336348,28.687426755287,
    22.340375051454));
#73 = CARTESIAN_POINT('',(-95.86616075286,24.145792568344,
    44.980999885307));
#74 = CARTESIAN_POINT('',(-63.86503992659,16.08567605413,100.));
#75 = CARTESIAN_POINT('',(-114.8684093198,10.820635235531,-100.));
#76 = CARTESIAN_POINT('',(-222.1745683637,20.928904449249,
    -92.87569037072));
#77 = CARTESIAN_POINT('',(-176.4930276061,16.625690950298,
    22.340375051454));
#78 = CARTESIAN_POINT('',(-148.5516310279,13.993603833356,
    44.980999885307));
#79 = CARTESIAN_POINT('',(-98.96355264522,9.322393433719,100.));
#80 = CARTESIAN_POINT('',(-130.2059598304,2.388693530052E-10,-100.));
#81 = CARTESIAN_POINT('',(-251.8399366216,-8.490008171266E-11,
    -92.87569037072));
#82 = CARTESIAN_POINT('',(-200.0588690947,8.952888487822E-10,
    22.340375051454));
#83 = CARTESIAN_POINT('',(-168.3866592768,1.217778913097E-10,
    44.980999885307));
#84 = CARTESIAN_POINT('',(-112.177442315,1.626456296571E-10,100.));
#85 = CARTESIAN_POINT('',(-114.8684093198,-10.82063523596,-100.));
#86 = CARTESIAN_POINT('',(-222.174568364,-20.9289044491,-92.87569037072)
  );
#87 = CARTESIAN_POINT('',(-176.4930276056,-16.62569095193,
    22.340375051454));
#88 = CARTESIAN_POINT('',(-148.5516310281,-13.99360383358,
    44.980999885307));
#89 = CARTESIAN_POINT('',(-98.96355264523,-9.322393434017,100.));
#90 = CARTESIAN_POINT('',(-74.12906420084,-18.67087399108,-100.));
#91 = CARTESIAN_POINT('',(-143.3779133797,-36.11256910845,
    -92.87569037072));
#92 = CARTESIAN_POINT('',(-113.8978336356,-28.68742675404,
    22.340375051454));
#93 = CARTESIAN_POINT('',(-95.86616075261,-24.14579256817,
    44.980999885307));
#94 = CARTESIAN_POINT('',(-63.86503992657,-16.0856760539,100.));
#95 = CARTESIAN_POINT('',(-20.76258144306,-21.78958593238,-100.));
#96 = CARTESIAN_POINT('',(-40.15827848276,-42.14467561546,
    -92.87569037072));
#97 = CARTESIAN_POINT('',(-31.90129367522,-33.47926565992,
    22.340375051454));
#98 = CARTESIAN_POINT('',(-26.85085791693,-28.17901413264,
    44.980999885307));
#99 = CARTESIAN_POINT('',(-17.8877624742,-18.77256634171,100.));
#100 = CARTESIAN_POINT('',(30.647270080741,-20.03331438171,-100.));
#101 = CARTESIAN_POINT('',(59.276906871271,-38.74775494816,
    -92.87569037072));
#102 = CARTESIAN_POINT('',(47.088921283279,-30.78078933241,
    22.340375051454));
#103 = CARTESIAN_POINT('',(39.634064613533,-25.90774560111,
    44.980999885307));
#104 = CARTESIAN_POINT('',(26.4038019158,-17.25947085195,100.));
#105 = CARTESIAN_POINT('',(68.715764804743,-14.58596858371,-100.));
#106 = CARTESIAN_POINT('',(132.90769390331,-28.21168407737,
    -92.87569037072));
#107 = CARTESIAN_POINT('',(105.5804067157,-22.41105079435,
    22.340375051454));
#108 = CARTESIAN_POINT('',(88.865502703079,-18.86305761547,
    44.980999885307));
#109 = CARTESIAN_POINT('',(59.201274293288,-12.56637293365,100.));
#110 = CARTESIAN_POINT('',(87.750000000004,-7.29298294583,-100.));
#111 = CARTESIAN_POINT('',(169.7230638876,-14.10583943529,
    -92.87569037072));
#112 = CARTESIAN_POINT('',(134.8261307374,-11.20552332899,
    22.340375051454));
#113 = CARTESIAN_POINT('',(113.48120601393,-9.431527067032,
    44.980999885307));
#114 = CARTESIAN_POINT('',(75.60000000001,-6.283185307178,100.));
#115 = CARTESIAN_POINT('',(87.75,-1.188833283075E-14,-100.));
#116 = CARTESIAN_POINT('',(169.72306388754,2.467571575782E-14,
    -92.87569037072));
#117 = CARTESIAN_POINT('',(134.82613073743,-1.52801680445E-14,
    22.340375051454));
#118 = CARTESIAN_POINT('',(113.48120601389,1.703631400439E-14,
    44.980999885307));
#119 = CARTESIAN_POINT('',(75.6,-2.648582543395E-14,100.));
#120 = DEFINITIONAL_REPRESENTATION('',(#121),#125);
#121 = LINE('',#122,#123);
#122 = CARTESIAN_POINT('',(0.,0.));
#123 = VECTOR('',#124,1.);
#124 = DIRECTION('',(1.,0.));
#125 = ( GEOMETRIC_REPRESENTATION_CONTEXT(2) 
PARAMETRIC_REPRESENTATION_CONTEXT() REPRESENTATION_CONTEXT('2D SPACE',''
  ) );
#126 = PCURVE('',#127,#132);
#127 = PLANE('',#128);
#128 = AXIS2_PLACEMENT_3D('',#129,#130,#131);
#129 = CARTESIAN_POINT('',(87.75,1.653337674943E-14,-100.));
#130 = DIRECTION('',(0.,0.,1.));
#131 = DIRECTION('',(-1.,-8.155516069017E-17,0.));
#132 = DEFINITIONAL_REPRESENTATION('',(#133),#149);
#133 = B_SPLINE_CURVE_WITH_KNOTS('',14,(#134,#135,#136,#137,#138,#139,
    #140,#141,#142,#143,#144,#145,#146,#147,#148),.UNSPECIFIED.,.F.,.F.,
  (15,15),(0.,1.),.PIECEWISE_BEZIER_KNOTS.);
#134 = CARTESIAN_POINT('',(0.,0.));
#135 = CARTESIAN_POINT('',(-2.45847786573E-12,-7.292982945838));
#136 = CARTESIAN_POINT('',(19.03423519525,-14.58596858367));
#137 = CARTESIAN_POINT('',(57.102729919272,-20.03331438181));
#138 = CARTESIAN_POINT('',(108.51258144305,-21.78958593217));
#139 = CARTESIAN_POINT('',(161.87906420085,-18.67087399142));
#140 = CARTESIAN_POINT('',(202.61840931989,-10.82063523553));
#141 = CARTESIAN_POINT('',(217.95595983048,-2.388705950618E-10));
#142 = CARTESIAN_POINT('',(202.61840931989,10.820635235969));
#143 = CARTESIAN_POINT('',(161.87906420084,18.670873991087));
#144 = CARTESIAN_POINT('',(108.51258144306,21.789585932381));
#145 = CARTESIAN_POINT('',(57.102729919259,20.03331438171));
#146 = CARTESIAN_POINT('',(19.034235195257,14.585968583711));
#147 = CARTESIAN_POINT('',(-4.447997525858E-12,7.29298294583));
#148 = CARTESIAN_POINT('',(2.84217094304E-14,2.842170958018E-14));
#149 = ( GEOMETRIC_REPRESENTATION_CONTEXT(2) 
PARAMETRIC_REPRESENTATION_CONTEXT() REPRESENTATION_CONTEXT('2D SPACE',''
  ) );
#150 = ORIENTED_EDGE('',*,*,#151,.T.);
#151 = EDGE_CURVE('',#24,#152,#154,.T.);
#152 = VERTEX_POINT('',#153);
#153 = CARTESIAN_POINT('',(75.6,0.,100.));
#154 = SURFACE_CURVE('',#155,(#161,#168),.PCURVE_S1.);
#155 = ( BOUNDED_CURVE() B_SPLINE_CURVE(4,(#156,#157,#158,#159,#160),
.UNSPECIFIED.,.F.,.F.) B_SPLINE_CURVE_WITH_KNOTS((5,5),(0.,1.),
.PIECEWISE_BEZIER_KNOTS.) CURVE() GEOMETRIC_REPRESENTATION_ITEM() 
RATIONAL_B_SPLINE_CURVE((1.,1.,1.,1.,1.)) REPRESENTATION_ITEM('') );
#156 = CARTESIAN_POINT('',(87.75,1.653337674943E-14,-100.));
#157 = CARTESIAN_POINT('',(169.72306388754,3.361250589528E-14,
    -92.87569037072));
#158 = CARTESIAN_POINT('',(134.82613073743,-1.309162899208E-13,
    22.340375051454));
#159 = CARTESIAN_POINT('',(113.48120601389,5.159547076135E-14,
    44.980999885307));
#160 = CARTESIAN_POINT('',(75.6,9.041311483094E-15,100.));
#161 = PCURVE('',#44,#162);
#162 = DEFINITIONAL_REPRESENTATION('',(#163),#167);
#163 = LINE('',#164,#165);
#164 = CARTESIAN_POINT('',(1.,0.));
#165 = VECTOR('',#166,1.);
#166 = DIRECTION('',(0.,1.));
#167 = ( GEOMETRIC_REPRESENTATION_CONTEXT(2) 
PARAMETRIC_REPRESENTATION_CONTEXT() REPRESENTATION_CONTEXT('2D SPACE',''
  ) );
#168 = PCURVE('',#169,#174);
#169 = PLANE('',#170);
#170 = AXIS2_PLACEMENT_3D('',#171,#172,#173);
#171 = CARTESIAN_POINT('',(-270.,0.,-120.));
#172 = DIRECTION('',(0.,1.,0.));
#173 = DIRECTION('',(0.,0.,1.));
#174 = DEFINITIONAL_REPRESENTATION('',(#175),#181);
#175 = ( BOUNDED_CURVE() B_SPLINE_CURVE(4,(#176,#177,#178,#179,#180),
.UNSPECIFIED.,.F.,.F.) B_SPLINE_CURVE_WITH_KNOTS((5,5),(0.,1.),
.PIECEWISE_BEZIER_KNOTS.) CURVE() GEOMETRIC_REPRESENTATION_ITEM() 
RATIONAL_B_SPLINE_CURVE((1.,1.,1.,1.,1.)) REPRESENTATION_ITEM('') );
#176 = CARTESIAN_POINT('',(20.,357.75));
#177 = CARTESIAN_POINT('',(27.124309629271,439.72306388754));
#178 = CARTESIAN_POINT('',(142.34037505145,404.82613073743));
#179 = CARTESIAN_POINT('',(164.9809998853,383.48120601389));
#180 = CARTESIAN_POINT('',(220.,345.6));
#181 = ( GEOMETRIC_REPRESENTATION_CONTEXT(2) 
PARAMETRIC_REPRESENTATION_CONTEXT() REPRESENTATION_CONTEXT('2D SPACE',''
  ) );
#182 = ORIENTED_EDGE('',*,*,#183,.F.);
#183 = EDGE_CURVE('',#184,#152,#186,.T.);
#184 = VERTEX_POINT('',#185);
#185 = CARTESIAN_POINT('',(-75.59999998998,-1.712887445945E-14,100.));
#186 = SURFACE_CURVE('',#187,(#203,#210),.PCURVE_S1.);
#187 = B_SPLINE_CURVE_WITH_KNOTS('',14,(#188,#189,#190,#191,#192,#193,
    #194,#195,#196,#197,#198,#199,#200,#201,#202),.UNSPECIFIED.,.T.,.F.,
  (15,15),(0.,1.),.PIECEWISE_BEZIER_KNOTS.);
#188 = CARTESIAN_POINT('',(75.6,9.041311483094E-15,100.));
#189 = CARTESIAN_POINT('',(75.600000000009,6.283185307184,100.));
#190 = CARTESIAN_POINT('',(59.201274293293,12.566372933627,100.));
#191 = CARTESIAN_POINT('',(26.40380191579,17.259470852022,100.));
#192 = CARTESIAN_POINT('',(-17.88776247419,18.772566341571,100.));
#193 = CARTESIAN_POINT('',(-63.86503992659,16.08567605413,100.));
#194 = CARTESIAN_POINT('',(-98.96355264522,9.322393433719,100.));
#195 = CARTESIAN_POINT('',(-112.177442315,1.626456296571E-10,100.));
#196 = CARTESIAN_POINT('',(-98.96355264523,-9.322393434017,100.));
#197 = CARTESIAN_POINT('',(-63.86503992657,-16.0856760539,100.));
#198 = CARTESIAN_POINT('',(-17.8877624742,-18.77256634171,100.));
#199 = CARTESIAN_POINT('',(26.4038019158,-17.25947085195,100.));
#200 = CARTESIAN_POINT('',(59.201274293288,-12.56637293365,100.));
#201 = CARTESIAN_POINT('',(75.60000000001,-6.283185307178,100.));
#202 = CARTESIAN_POINT('',(75.6,-2.648582543395E-14,100.));
#203 = PCURVE('',#44,#204);
#204 = DEFINITIONAL_REPRESENTATION('',(#205),#209);
#205 = LINE('',#206,#207);
#206 = CARTESIAN_POINT('',(0.,1.));
#207 = VECTOR('',#208,1.);
#208 = DIRECTION('',(1.,0.));
#209 = ( GEOMETRIC_REPRESENTATION_CONTEXT(2) 
PARAMETRIC_REPRESENTATION_CONTEXT() REPRESENTATION_CONTEXT('2D SPACE',''
  ) );
#210 = PCURVE('',#211,#216);
#211 = PLANE('',#212);
#212 = AXIS2_PLACEMENT_3D('',#213,#214,#215);
#213 = CARTESIAN_POINT('',(75.6,9.041311483094E-15,100.));
#214 = DIRECTION('',(0.,0.,1.));
#215 = DIRECTION('',(-1.,-4.364299490315E-17,0.));
#216 = DEFINITIONAL_REPRESENTATION('',(#217),#233);
#217 = B_SPLINE_CURVE_WITH_KNOTS('',14,(#218,#219,#220,#221,#222,#223,
    #224,#225,#226,#227,#228,#229,#230,#231,#232),.UNSPECIFIED.,.F.,.F.,
  (15,15),(0.,1.),.PIECEWISE_BEZIER_KNOTS.);
#218 = CARTESIAN_POINT('',(0.,0.));
#219 = CARTESIAN_POINT('',(-8.697043085704E-12,-6.283185307184));
#220 = CARTESIAN_POINT('',(16.398725706707,-12.56637293362));
#221 = CARTESIAN_POINT('',(49.19619808421,-17.25947085202));
#222 = CARTESIAN_POINT('',(93.487762474192,-18.77256634157));
#223 = CARTESIAN_POINT('',(139.46503992659,-16.08567605413));
#224 = CARTESIAN_POINT('',(174.56355264522,-9.322393433719));
#225 = CARTESIAN_POINT('',(187.77744231505,-1.626447835156E-10));
#226 = CARTESIAN_POINT('',(174.56355264523,9.322393434017));
#227 = CARTESIAN_POINT('',(139.46503992657,16.085676053902));
#228 = CARTESIAN_POINT('',(93.487762474209,18.772566341715));
#229 = CARTESIAN_POINT('',(49.1961980842,17.25947085195));
#230 = CARTESIAN_POINT('',(16.398725706712,12.566372933653));
#231 = CARTESIAN_POINT('',(-9.904965736496E-12,6.283185307178));
#232 = CARTESIAN_POINT('',(-1.42108547152E-14,3.552713691704E-14));
#233 = ( GEOMETRIC_REPRESENTATION_CONTEXT(2) 
PARAMETRIC_REPRESENTATION_CONTEXT() REPRESENTATION_CONTEXT('2D SPACE',''
  ) );
#234 = ORIENTED_EDGE('',*,*,#235,.F.);
#235 = EDGE_CURVE('',#22,#184,#236,.T.);
#236 = SURFACE_CURVE('',#237,(#440,#646),.PCURVE_S1.);
#237 = B_SPLINE_CURVE_WITH_KNOTS('',6,(#238,#239,#240,#241,#242,#243,
    #244,#245,#246,#247,#248,#249,#250,#251,#252,#253,#254,#255,#256,
    #257,#258,#259,#260,#261,#262,#263,#264,#265,#266,#267,#268,#269,
    #270,#271,#272,#273,#274,#275,#276,#277,#278,#279,#280,#281,#282,
    #283,#284,#285,#286,#287,#288,#289,#290,#291,#292,#293,#294,#295,
    #296,#297,#298,#299,#300,#301,#302,#303,#304,#305,#306,#307,#308,
    #309,#310,#311,#312,#313,#314,#315,#316,#317,#318,#319,#320,#321,
    #322,#323,#324,#325,#326,#327,#328,#329,#330,#331,#332,#333,#334,
    #335,#336,#337,#338,#339,#340,#341,#342,#343,#344,#345,#346,#347,
    #348,#349,#350,#351,#352,#353,#354,#355,#356,#357,#358,#359,#360,
    #361,#362,#363,#364,#365,#366,#367,#368,#369,#370,#371,#372,#373,
    #374,#375,#376,#377,#378,#379,#380,#381,#382,#383,#384,#385,#386,
    #387,#388,#389,#390,#391,#392,#393,#394,#395,#396,#397,#398,#399,
    #400,#401,#402,#403,#404,#405,#406,#407,#408,#409,#410,#411,#412,
    #413,#414,#415,#416,#417,#418,#419,#420,#421,#422,#423,#424,#425,
    #426,#427,#428,#429,#430,#431,#432,#433,#434,#435,#436,#437,#438,
    #439),.UNSPECIFIED.,.F.,.F.,(7,5,5,5,5,5,5,5,5,5,5,5,5,5,5,5,5,5,5,5
    ,5,5,5,5,5,5,5,5,5,5,5,5,5,5,5,5,5,5,5,5,7),(0.,4.417071254896E-02,
    8.347873413638E-02,0.119375268915,0.153173793889,0.185954703836,
    0.218507884825,0.251333965298,0.284690299918,0.287513594027,
    0.290536390795,0.296890546114,0.310353366027,0.342349216505,
    0.369408021789,0.396593752144,0.424033129693,0.451443733241,
    0.476296615436,0.501093938521,0.525788186877,0.550237819757,
    0.574611781602,0.598783852015,0.622738107988,0.646370790379,
    0.669880268521,0.693181321954,0.71629682146,0.739165439487,
    0.762018994778,0.784721973197,0.80752496257,0.830313008346,
    0.85889253106,0.902488246612,0.928091731167,0.946328790994,
    0.955956417946,0.989689199321,1.),.UNSPECIFIED.);
#238 = CARTESIAN_POINT('',(-87.74999998837,0.,-100.));
#239 = CARTESIAN_POINT('',(-89.52322126262,0.,-99.84588867609));
#240 = CARTESIAN_POINT('',(-91.2921154009,0.,-99.64235420466));
#241 = CARTESIAN_POINT('',(-93.05475412465,0.,-99.38628424752));
#242 = CARTESIAN_POINT('',(-94.80860778806,0.,-99.07441680893));
#243 = CARTESIAN_POINT('',(-96.55056545654,0.,-98.70346175949));
#244 = CARTESIAN_POINT('',(-99.81333355679,0.,-97.88493410509));
#245 = CARTESIAN_POINT('',(-101.3373541295,0.,-97.4502981715));
#246 = CARTESIAN_POINT('',(-102.8464023379,0.,-96.96431289907));
#247 = CARTESIAN_POINT('',(-104.3374204026,0.,-96.42502511258));
#248 = CARTESIAN_POINT('',(-105.8069921095,0.,-95.83084251641));
#249 = CARTESIAN_POINT('',(-108.5705399692,0.,-94.587236301));
#250 = CARTESIAN_POINT('',(-109.8687228869,0.,-93.94706563713));
#251 = CARTESIAN_POINT('',(-111.1431288343,0.,-93.25964033262));
#252 = CARTESIAN_POINT('',(-112.3908418792,0.,-92.52469386894));
#253 = CARTESIAN_POINT('',(-113.6089802054,0.,-91.74251866806));
#254 = CARTESIAN_POINT('',(-115.9112727847,0.,-90.13412081161));
#255 = CARTESIAN_POINT('',(-116.9991598807,0.,-89.31310109027));
#256 = CARTESIAN_POINT('',(-118.0561040735,0.,-88.45189270238));
#257 = CARTESIAN_POINT('',(-119.0800951737,0.,-87.55174387339));
#258 = CARTESIAN_POINT('',(-120.0694523684,0.,-86.61431452589));
#259 = CARTESIAN_POINT('',(-121.9474980823,0.,-84.69833068237));
#260 = CARTESIAN_POINT('',(-122.8383682128,0.,-83.72181511721));
#261 = CARTESIAN_POINT('',(-123.6942230671,0.,-82.71400011965));
#262 = CARTESIAN_POINT('',(-124.5143033733,0.,-81.67693759647));
#263 = CARTESIAN_POINT('',(-125.2982292336,0.,-80.61280197494));
#264 = CARTESIAN_POINT('',(-126.7884244993,0.,-78.4424175141));
#265 = CARTESIAN_POINT('',(-127.4952146191,0.,-77.33648531566));
#266 = CARTESIAN_POINT('',(-128.1662420952,0.,-76.20818045682));
#267 = CARTESIAN_POINT('',(-128.8018065671,0.,-75.05961754684));
#268 = CARTESIAN_POINT('',(-129.4024491272,0.,-73.89281198374));
#269 = CARTESIAN_POINT('',(-130.5400583168,0.,-71.51654498484));
#270 = CARTESIAN_POINT('',(-131.0764489597,0.,-70.30680661542));
#271 = CARTESIAN_POINT('',(-131.5787931504,0.,-69.08232052003));
#272 = CARTESIAN_POINT('',(-132.0479921015,0.,-67.84483755138));
#273 = CARTESIAN_POINT('',(-132.4850443681,0.,-66.59593645439));
#274 = CARTESIAN_POINT('',(-133.3034803945,0.,-64.05772469503));
#275 = CARTESIAN_POINT('',(-133.6838466714,0.,-62.76810108001));
#276 = CARTESIAN_POINT('',(-134.0331744822,0.,-61.46957108962));
#277 = CARTESIAN_POINT('',(-134.3525777768,0.,-60.16342235395));
#278 = CARTESIAN_POINT('',(-134.6431639894,0.,-58.85077928392));
#279 = CARTESIAN_POINT('',(-134.9282525171,0.,-57.42102386632));
#280 = CARTESIAN_POINT('',(-134.9503007595,0.,-57.30941260386));
#281 = CARTESIAN_POINT('',(-134.9721508778,0.,-57.1977622957));
#282 = CARTESIAN_POINT('',(-134.9938035193,0.,-57.08607352435));
#283 = CARTESIAN_POINT('',(-135.0152593291,0.,-56.97434686525));
#284 = CARTESIAN_POINT('',(-135.0592808425,0.,-56.74292132117));
#285 = CARTESIAN_POINT('',(-135.0818178398,0.,-56.62321697572));
#286 = CARTESIAN_POINT('',(-135.1041307322,0.,-56.50347054794));
#287 = CARTESIAN_POINT('',(-135.1262203064,0.,-56.38368272635));
#288 = CARTESIAN_POINT('',(-135.1480873467,0.,-56.26385419046));
#289 = CARTESIAN_POINT('',(-135.2152327224,0.,-55.89201247749));
#290 = CARTESIAN_POINT('',(-135.2597529437,0.,-55.63986240351));
#291 = CARTESIAN_POINT('',(-135.3033005577,0.,-55.3875416136));
#292 = CARTESIAN_POINT('',(-135.3458827644,0.,-55.1350561658));
#293 = CARTESIAN_POINT('',(-135.3875067043,0.,-54.88241195135));
#294 = CARTESIAN_POINT('',(-135.5143545576,0.,-54.09400236405));
#295 = CARTESIAN_POINT('',(-135.5962596879,0.,-53.55770310296));
#296 = CARTESIAN_POINT('',(-135.6739622457,0.,-53.02077122895));
#297 = CARTESIAN_POINT('',(-135.7475282437,0.,-52.48325807901));
#298 = CARTESIAN_POINT('',(-135.8170223107,0.,-51.94521200958));
#299 = CARTESIAN_POINT('',(-136.0381407962,0.,-50.12679490501));
#300 = CARTESIAN_POINT('',(-136.1711311776,0.,-48.84416281618));
#301 = CARTESIAN_POINT('',(-136.2823283201,0.,-47.55938288751));
#302 = CARTESIAN_POINT('',(-136.3725323507,0.,-46.2729852427));
#303 = CARTESIAN_POINT('',(-136.4424940387,0.,-44.98542937174));
#304 = CARTESIAN_POINT('',(-136.5355554959,0.,-42.60757091608));
#305 = CARTESIAN_POINT('',(-136.5642203211,0.,-41.51749210882));
#306 = CARTESIAN_POINT('',(-136.579333658,0.,-40.42710560608));
#307 = CARTESIAN_POINT('',(-136.5812946474,0.,-39.33662553841));
#308 = CARTESIAN_POINT('',(-136.5704785171,0.,-38.24624228822));
#309 = CARTESIAN_POINT('',(-136.5238883001,0.,-36.06088928961));
#310 = CARTESIAN_POINT('',(-136.4879974325,0.,-34.965924426));
#311 = CARTESIAN_POINT('',(-136.439922933,0.,-33.87139762324));
#312 = CARTESIAN_POINT('',(-136.3799996509,0.,-32.77746243953));
#313 = CARTESIAN_POINT('',(-136.3085412469,0.,-31.68425621407));
#314 = CARTESIAN_POINT('',(-136.142370701,0.,-29.48935192041));
#315 = CARTESIAN_POINT('',(-136.0474479506,0.,-28.38767154661));
#316 = CARTESIAN_POINT('',(-135.9413758653,0.,-27.28698385451));
#317 = CARTESIAN_POINT('',(-135.8244369056,0.,-26.18740280036));
#318 = CARTESIAN_POINT('',(-135.6968951978,0.,-25.08903116531));
#319 = CARTESIAN_POINT('',(-135.4212455701,0.,-22.89604007394));
#320 = CARTESIAN_POINT('',(-135.2731595118,0.,-21.80141914086));
#321 = CARTESIAN_POINT('',(-135.114986463,0.,-20.70818916404));
#322 = CARTESIAN_POINT('',(-134.9469567826,0.,-19.61643454655));
#323 = CARTESIAN_POINT('',(-134.7692859676,0.,-18.52623233979));
#324 = CARTESIAN_POINT('',(-134.4125254997,0.,-16.45064868995));
#325 = CARTESIAN_POINT('',(-134.2351154696,0.,-15.46497929694));
#326 = CARTESIAN_POINT('',(-134.0500960448,0.,-14.4806960728));
#327 = CARTESIAN_POINT('',(-133.8576092432,0.,-13.49784786669));
#328 = CARTESIAN_POINT('',(-133.6577889537,0.,-12.51648017311));
#329 = CARTESIAN_POINT('',(-133.2441957335,0.,-10.55898055367));
#330 = CARTESIAN_POINT('',(-133.0304553347,0.,-9.582842164994));
#331 = CARTESIAN_POINT('',(-132.809664722,0.,-8.608261962298));
#332 = CARTESIAN_POINT('',(-132.5819423861,0.,-7.635279634477));
#333 = CARTESIAN_POINT('',(-132.3474003266,0.,-6.663932562902));
#334 = CARTESIAN_POINT('',(-131.8658906027,0.,-4.7286097234));
#335 = CARTESIAN_POINT('',(-131.6189789347,0.,-3.764620323345));
#336 = CARTESIAN_POINT('',(-131.3655132966,0.,-2.802322364742));
#337 = CARTESIAN_POINT('',(-131.1055929012,0.,-1.841748966436));
#338 = CARTESIAN_POINT('',(-130.8393119245,0.,-0.882931622629));
#339 = CARTESIAN_POINT('',(-130.2969069279,0.,1.021651086414));
#340 = CARTESIAN_POINT('',(-130.0209067915,0.,1.967451519612));
#341 = CARTESIAN_POINT('',(-129.7388456547,0.,2.911472023403));
#342 = CARTESIAN_POINT('',(-129.4508063895,0.,3.853684727695));
#343 = CARTESIAN_POINT('',(-129.1568681812,0.,4.794062965611));
#344 = CARTESIAN_POINT('',(-128.5582726328,0.,6.668194889436));
#345 = CARTESIAN_POINT('',(-128.2536515078,0.,7.601959996711));
#346 = CARTESIAN_POINT('',(-127.943317981,0.,8.533851299258));
#347 = CARTESIAN_POINT('',(-127.6273442843,0.,9.463844544348));
#348 = CARTESIAN_POINT('',(-127.3058000546,0.,10.391916522584));
#349 = CARTESIAN_POINT('',(-126.654413575,0.,12.236502418033));
#350 = CARTESIAN_POINT('',(-126.324662322,0.,13.153048375856));
#351 = CARTESIAN_POINT('',(-125.9895639862,0.,14.067661261743));
#352 = CARTESIAN_POINT('',(-125.6491824256,0.,14.980320439041));
#353 = CARTESIAN_POINT('',(-125.3035799451,0.,15.891006314066));
#354 = CARTESIAN_POINT('',(-124.6052153682,0.,17.700206119529));
#355 = CARTESIAN_POINT('',(-124.2525460342,0.,18.59875580809));
#356 = CARTESIAN_POINT('',(-123.8948684358,0.,19.49533129493));
#357 = CARTESIAN_POINT('',(-123.5322411054,0.,20.389915663606));
#358 = CARTESIAN_POINT('',(-123.1647219666,0.,21.282493188098));
#359 = CARTESIAN_POINT('',(-122.4250133578,0.,23.051650218756));
#360 = CARTESIAN_POINT('',(-122.0529529843,0.,23.928283690416));
#361 = CARTESIAN_POINT('',(-121.6762422698,0.,24.802935744699));
#362 = CARTESIAN_POINT('',(-121.294936509,0.,25.675593810848));
#363 = CARTESIAN_POINT('',(-120.909091235,0.,26.546246750426));
#364 = CARTESIAN_POINT('',(-120.1304681063,0.,28.2789944937));
#365 = CARTESIAN_POINT('',(-119.7377370309,0.,29.141110337106));
#366 = CARTESIAN_POINT('',(-119.340623916,0.,30.001222793189));
#367 = CARTESIAN_POINT('',(-118.9391846823,0.,30.859324077775));
#368 = CARTESIAN_POINT('',(-118.5334762485,0.,31.71540821687));
#369 = CARTESIAN_POINT('',(-117.717270983,0.,33.415962130456));
#370 = CARTESIAN_POINT('',(-117.3068486225,0.,34.26046769166));
#371 = CARTESIAN_POINT('',(-116.8923458674,0.,35.102983649242));
#372 = CARTESIAN_POINT('',(-116.4738207786,0.,35.943508139196));
#373 = CARTESIAN_POINT('',(-116.0513330606,0.,36.782041514542));
#374 = CARTESIAN_POINT('',(-115.2019505381,0.,38.44846949537));
#375 = CARTESIAN_POINT('',(-114.7751177253,0.,39.276395757432));
#376 = CARTESIAN_POINT('',(-114.3445055536,0.,40.102367629413));
#377 = CARTESIAN_POINT('',(-113.9101761055,0.,40.926390240224));
#378 = CARTESIAN_POINT('',(-113.4721936161,0.,41.748471349787));
#379 = CARTESIAN_POINT('',(-112.5937714401,0.,43.380011864442));
#380 = CARTESIAN_POINT('',(-112.1534080277,0.,44.189512400648));
#381 = CARTESIAN_POINT('',(-111.7095985646,0.,44.997133028818));
#382 = CARTESIAN_POINT('',(-111.2624098321,0.,45.802886767998));
#383 = CARTESIAN_POINT('',(-110.811911063,0.,46.606789585112));
#384 = CARTESIAN_POINT('',(-109.9047356823,0.,48.210402909594));
#385 = CARTESIAN_POINT('',(-109.448063364,0.,49.010115905847));
#386 = CARTESIAN_POINT('',(-108.9882285852,0.,49.808018291701));
#387 = CARTESIAN_POINT('',(-108.5253055762,0.,50.604132228873));
#388 = CARTESIAN_POINT('',(-108.0593711996,0.,51.398483132814));
#389 = CARTESIAN_POINT('',(-107.1247279544,0.,52.978493842709));
#390 = CARTESIAN_POINT('',(-106.6560575745,0.,53.764176460177));
#391 = CARTESIAN_POINT('',(-106.184571805,0.,54.548175685106));
#392 = CARTESIAN_POINT('',(-105.7103511394,0.,55.330522959658));
#393 = CARTESIAN_POINT('',(-105.2334785706,0.,56.111253008154));
#394 = CARTESIAN_POINT('',(-104.2724885905,0.,57.672986974174));
#395 = CARTESIAN_POINT('',(-103.788348447,0.,58.453976919201));
#396 = CARTESIAN_POINT('',(-103.3017058505,0.,59.233412256583));
#397 = CARTESIAN_POINT('',(-102.8126496864,0.,60.011334756596));
#398 = CARTESIAN_POINT('',(-102.3212710349,0.,60.787789375376));
#399 = CARTESIAN_POINT('',(-101.3343787867,0.,62.33735122696));
#400 = CARTESIAN_POINT('',(-100.8388679886,0.,63.110460221191));
#401 = CARTESIAN_POINT('',(-100.3412239244,0.,63.882199366105));
#402 = CARTESIAN_POINT('',(-99.84154130057,0.,64.652619500849));
#403 = CARTESIAN_POINT('',(-99.33991638201,0.,65.421774175232));
#404 = CARTESIAN_POINT('',(-98.20502317578,0.,67.152834931584));
#405 = CARTESIAN_POINT('',(-97.57069816636,0.,68.114048102488));
#406 = CARTESIAN_POINT('',(-96.93366432013,0.,69.073469911897));
#407 = CARTESIAN_POINT('',(-96.29411710079,0.,70.031216772642));
#408 = CARTESIAN_POINT('',(-95.65225336647,0.,70.987409618834));
#409 = CARTESIAN_POINT('',(-94.02592537644,0.,73.398585556384));
#410 = CARTESIAN_POINT('',(-93.03864896671,0.,74.851670290504));
#411 = CARTESIAN_POINT('',(-92.04713696072,0.,76.301869630852));
#412 = CARTESIAN_POINT('',(-91.05208716369,0.,77.749639230349));
#413 = CARTESIAN_POINT('',(-90.05418294719,0.,79.195436964639));
#414 = CARTESIAN_POINT('',(-88.46672204548,0.,81.48792574355));
#415 = CARTESIAN_POINT('',(-87.87860742823,0.,82.335613662804));
#416 = CARTESIAN_POINT('',(-87.28986678948,0.,83.182867045527));
#417 = CARTESIAN_POINT('',(-86.70062917434,0.,84.029774753291));
#418 = CARTESIAN_POINT('',(-86.11101957585,0.,84.876423388093));
#419 = CARTESIAN_POINT('',(-85.10100816312,0.,86.325830662649));
#420 = CARTESIAN_POINT('',(-84.68072993847,0.,86.928675262956));
#421 = CARTESIAN_POINT('',(-84.26036786927,0.,87.531461460967));
#422 = CARTESIAN_POINT('',(-83.83996423474,0.,88.134218720449));
#423 = CARTESIAN_POINT('',(-83.41955998511,0.,88.736975601249));
#424 = CARTESIAN_POINT('',(-82.77727740471,0.,89.657978872525));
#425 = CARTESIAN_POINT('',(-82.55537093289,0.,89.976205579414));
#426 = CARTESIAN_POINT('',(-82.33348114869,0.,90.294443940862));
#427 = CARTESIAN_POINT('',(-82.11161376118,0.,90.612697935665));
#428 = CARTESIAN_POINT('',(-81.88977436591,0.,90.930971460514));
#429 = CARTESIAN_POINT('',(-80.89081633066,0.,92.364500439061));
#430 = CARTESIAN_POINT('',(-80.114075023,0.,93.480018910642));
#431 = CARTESIAN_POINT('',(-79.33798070668,0.,94.595988338964));
#432 = CARTESIAN_POINT('',(-78.56275114099,0.,95.712559345731));
#433 = CARTESIAN_POINT('',(-77.78858565974,0.,96.82986858013));
#434 = CARTESIAN_POINT('',(-76.77941340748,0.,98.289819887019));
#435 = CARTESIAN_POINT('',(-76.54327795465,0.,98.631681474867));
#436 = CARTESIAN_POINT('',(-76.30726397181,0.,98.973626975496));
#437 = CARTESIAN_POINT('',(-76.07137645507,0.,99.315659756342));
#438 = CARTESIAN_POINT('',(-75.83562023769,0.,99.657783059156));
#439 = CARTESIAN_POINT('',(-75.59999998998,0.,100.));
#440 = PCURVE('',#44,#441);
#441 = DEFINITIONAL_REPRESENTATION('',(#442),#645);
#442 = B_SPLINE_CURVE_WITH_KNOTS('',6,(#443,#444,#445,#446,#447,#448,
    #449,#450,#451,#452,#453,#454,#455,#456,#457,#458,#459,#460,#461,
    #462,#463,#464,#465,#466,#467,#468,#469,#470,#471,#472,#473,#474,
    #475,#476,#477,#478,#479,#480,#481,#482,#483,#484,#485,#486,#487,
    #488,#489,#490,#491,#492,#493,#494,#495,#496,#497,#498,#499,#500,
    #501,#502,#503,#504,#505,#506,#507,#508,#509,#510,#511,#512,#513,
    #514,#515,#516,#517,#518,#519,#520,#521,#522,#523,#524,#525,#526,
    #527,#528,#529,#530,#531,#532,#533,#534,#535,#536,#537,#538,#539,
    #540,#541,#542,#543,#544,#545,#546,#547,#548,#549,#550,#551,#552,
    #553,#554,#555,#556,#557,#558,#559,#560,#561,#562,#563,#564,#565,
    #566,#567,#568,#569,#570,#571,#572,#573,#574,#575,#576,#577,#578,
    #579,#580,#581,#582,#583,#584,#585,#586,#587,#588,#589,#590,#591,
    #592,#593,#594,#595,#596,#597,#598,#599,#600,#601,#602,#603,#604,
    #605,#606,#607,#608,#609,#610,#611,#612,#613,#614,#615,#616,#617,
    #618,#619,#620,#621,#622,#623,#624,#625,#626,#627,#628,#629,#630,
    #631,#632,#633,#634,#635,#636,#637,#638,#639,#640,#641,#642,#643,
    #644),.UNSPECIFIED.,.F.,.F.,(7,5,5,5,5,5,5,5,5,5,5,5,5,5,5,5,5,5,5,5
    ,5,5,5,5,5,5,5,5,5,5,5,5,5,5,5,5,5,5,5,5,7),(0.,4.417071254896E-02,
    8.347873413638E-02,0.119375268915,0.153173793889,0.185954703836,
    0.218507884825,0.251333965298,0.284690299918,0.287513594027,
    0.290536390795,0.296890546114,0.310353366027,0.342349216505,
    0.369408021789,0.396593752144,0.424033129693,0.451443733241,
    0.476296615436,0.501093938521,0.525788186877,0.550237819757,
    0.574611781602,0.598783852015,0.622738107988,0.646370790379,
    0.669880268521,0.693181321954,0.71629682146,0.739165439487,
    0.762018994778,0.784721973197,0.80752496257,0.830313008346,
    0.85889253106,0.902488246612,0.928091731167,0.946328790994,
    0.955956417946,0.989689199321,1.),.UNSPECIFIED.);
#443 = CARTESIAN_POINT('',(0.5,0.));
#444 = CARTESIAN_POINT('',(0.5,5.407938871594E-03));
#445 = CARTESIAN_POINT('',(0.5,1.095278647489E-02));
#446 = CARTESIAN_POINT('',(0.5,1.664019747165E-02));
#447 = CARTESIAN_POINT('',(0.5,2.247497610381E-02));
#448 = CARTESIAN_POINT('',(0.5,2.846087500404E-02));
#449 = CARTESIAN_POINT('',(0.5,4.006327745113E-02));
#450 = CARTESIAN_POINT('',(0.5,4.564781513956E-02));
#451 = CARTESIAN_POINT('',(0.5,5.135484989103E-02));
#452 = CARTESIAN_POINT('',(0.5,5.71842234578E-02));
#453 = CARTESIAN_POINT('',(0.5,6.313405181601E-02));
#454 = CARTESIAN_POINT('',(0.5,7.473949324227E-02));
#455 = CARTESIAN_POINT('',(0.5,8.037598094918E-02));
#456 = CARTESIAN_POINT('',(0.5,8.610585983335E-02));
#457 = CARTESIAN_POINT('',(0.5,9.192433896822E-02));
#458 = CARTESIAN_POINT('',(0.5,9.782510710675E-02));
#459 = CARTESIAN_POINT('',(0.5,0.109425684148));
#460 = CARTESIAN_POINT('',(0.5,0.115117396016));
#461 = CARTESIAN_POINT('',(0.5,0.120868204758));
#462 = CARTESIAN_POINT('',(0.5,0.126670830655));
#463 = CARTESIAN_POINT('',(0.5,0.132517533336));
#464 = CARTESIAN_POINT('',(0.5,0.144105355784));
#465 = CARTESIAN_POINT('',(0.5,0.149844648556));
#466 = CARTESIAN_POINT('',(0.5,0.155610430863));
#467 = CARTESIAN_POINT('',(0.5,0.161395793912));
#468 = CARTESIAN_POINT('',(0.5,0.167194314175));
#469 = CARTESIAN_POINT('',(0.5,0.178765353729));
#470 = CARTESIAN_POINT('',(0.5,0.18453792061));
#471 = CARTESIAN_POINT('',(0.5,0.190312030317));
#472 = CARTESIAN_POINT('',(0.5,0.196082921312));
#473 = CARTESIAN_POINT('',(0.5,0.201846638565));
#474 = CARTESIAN_POINT('',(0.5,0.213401592954));
#475 = CARTESIAN_POINT('',(0.5,0.219192660146));
#476 = CARTESIAN_POINT('',(0.5,0.224970064172));
#477 = CARTESIAN_POINT('',(0.5,0.230731426016));
#478 = CARTESIAN_POINT('',(0.5,0.236475075211));
#479 = CARTESIAN_POINT('',(0.5,0.248017402022));
#480 = CARTESIAN_POINT('',(0.5,0.253815407529));
#481 = CARTESIAN_POINT('',(0.5,0.259592999531));
#482 = CARTESIAN_POINT('',(0.5,0.265349624635));
#483 = CARTESIAN_POINT('',(0.5,0.271085179952));
#484 = CARTESIAN_POINT('',(0.5,0.277283704758));
#485 = CARTESIAN_POINT('',(0.5,0.277767260722));
#486 = CARTESIAN_POINT('',(0.5,0.278250668047));
#487 = CARTESIAN_POINT('',(0.5,0.278733926907));
#488 = CARTESIAN_POINT('',(0.5,0.27921703749));
#489 = CARTESIAN_POINT('',(0.5,0.280217090129));
#490 = CARTESIAN_POINT('',(0.5,0.280734010519));
#491 = CARTESIAN_POINT('',(0.5,0.281250761421));
#492 = CARTESIAN_POINT('',(0.5,0.281767343105));
#493 = CARTESIAN_POINT('',(0.5,0.282283755862));
#494 = CARTESIAN_POINT('',(0.5,0.283885185571));
#495 = CARTESIAN_POINT('',(0.5,0.284969626053));
#496 = CARTESIAN_POINT('',(0.5,0.286053324336));
#497 = CARTESIAN_POINT('',(0.5,0.287136283649));
#498 = CARTESIAN_POINT('',(0.5,0.288218507565));
#499 = CARTESIAN_POINT('',(0.5,0.291591404153));
#500 = CARTESIAN_POINT('',(0.5,0.293879524288));
#501 = CARTESIAN_POINT('',(0.5,0.296164398124));
#502 = CARTESIAN_POINT('',(0.5,0.298446068779));
#503 = CARTESIAN_POINT('',(0.5,0.300724584767));
#504 = CARTESIAN_POINT('',(0.5,0.308407770887));
#505 = CARTESIAN_POINT('',(0.5,0.313798009989));
#506 = CARTESIAN_POINT('',(0.5,0.319171466358));
#507 = CARTESIAN_POINT('',(0.5,0.324528980409));
#508 = CARTESIAN_POINT('',(0.5,0.329871483912));
#509 = CARTESIAN_POINT('',(0.5,0.339706311823));
#510 = CARTESIAN_POINT('',(0.5,0.344202603261));
#511 = CARTESIAN_POINT('',(0.5,0.348689488986));
#512 = CARTESIAN_POINT('',(0.5,0.353167589569));
#513 = CARTESIAN_POINT('',(0.5,0.357637540298));
#514 = CARTESIAN_POINT('',(0.5,0.366583391817));
#515 = CARTESIAN_POINT('',(0.5,0.371059212318));
#516 = CARTESIAN_POINT('',(0.5,0.375528126582));
#517 = CARTESIAN_POINT('',(0.5,0.379990790916));
#518 = CARTESIAN_POINT('',(0.5,0.384447860993));
#519 = CARTESIAN_POINT('',(0.5,0.393393678173));
#520 = CARTESIAN_POINT('',(0.5,0.397882325662));
#521 = CARTESIAN_POINT('',(0.5,0.402366622044));
#522 = CARTESIAN_POINT('',(0.5,0.406847230727));
#523 = CARTESIAN_POINT('',(0.5,0.411324805988));
#524 = CARTESIAN_POINT('',(0.5,0.420270501149));
#525 = CARTESIAN_POINT('',(0.5,0.424738620938));
#526 = CARTESIAN_POINT('',(0.5,0.429205007636));
#527 = CARTESIAN_POINT('',(0.5,0.433670290574));
#528 = CARTESIAN_POINT('',(0.5,0.438135085511));
#529 = CARTESIAN_POINT('',(0.5,0.446648287138));
#530 = CARTESIAN_POINT('',(0.5,0.450696670393));
#531 = CARTESIAN_POINT('',(0.5,0.454745599753));
#532 = CARTESIAN_POINT('',(0.5,0.458795514249));
#533 = CARTESIAN_POINT('',(0.5,0.462846841958));
#534 = CARTESIAN_POINT('',(0.5,0.470944097127));
#535 = CARTESIAN_POINT('',(0.5,0.474990015559));
#536 = CARTESIAN_POINT('',(0.5,0.479038169459));
#537 = CARTESIAN_POINT('',(0.5,0.483088960617));
#538 = CARTESIAN_POINT('',(0.5,0.48714277845));
#539 = CARTESIAN_POINT('',(0.5,0.495240356946));
#540 = CARTESIAN_POINT('',(0.5,0.499284088623));
#541 = CARTESIAN_POINT('',(0.5,0.503331567335));
#542 = CARTESIAN_POINT('',(0.5,0.507383151471));
#543 = CARTESIAN_POINT('',(0.5,0.511439185506));
#544 = CARTESIAN_POINT('',(0.5,0.519520589011));
#545 = CARTESIAN_POINT('',(0.5,0.523545863522));
#546 = CARTESIAN_POINT('',(0.5,0.527576144372));
#547 = CARTESIAN_POINT('',(0.5,0.531611736845));
#548 = CARTESIAN_POINT('',(0.5,0.535652930665));
#549 = CARTESIAN_POINT('',(0.5,0.543734543751));
#550 = CARTESIAN_POINT('',(0.5,0.547774925947));
#551 = CARTESIAN_POINT('',(0.5,0.551821418273));
#552 = CARTESIAN_POINT('',(0.5,0.555874274221));
#553 = CARTESIAN_POINT('',(0.5,0.559933729093));
#554 = CARTESIAN_POINT('',(0.5,0.568032589666));
#555 = CARTESIAN_POINT('',(0.5,0.572071882101));
#556 = CARTESIAN_POINT('',(0.5,0.576118089117));
#557 = CARTESIAN_POINT('',(0.5,0.580171401477));
#558 = CARTESIAN_POINT('',(0.5,0.584231988886));
#559 = CARTESIAN_POINT('',(0.5,0.59233135428));
#560 = CARTESIAN_POINT('',(0.5,0.596369998209));
#561 = CARTESIAN_POINT('',(0.5,0.600416076492));
#562 = CARTESIAN_POINT('',(0.5,0.604469709534));
#563 = CARTESIAN_POINT('',(0.5,0.608530993436));
#564 = CARTESIAN_POINT('',(0.5,0.616614382241));
#565 = CARTESIAN_POINT('',(0.5,0.620636280311));
#566 = CARTESIAN_POINT('',(0.5,0.624665763132));
#567 = CARTESIAN_POINT('',(0.5,0.628702872339));
#568 = CARTESIAN_POINT('',(0.5,0.632747622275));
#569 = CARTESIAN_POINT('',(0.5,0.640831251466));
#570 = CARTESIAN_POINT('',(0.5,0.644870050544));
#571 = CARTESIAN_POINT('',(0.5,0.64891638441));
#572 = CARTESIAN_POINT('',(0.5,0.652970209141));
#573 = CARTESIAN_POINT('',(0.5,0.657031449712));
#574 = CARTESIAN_POINT('',(0.5,0.665132480307));
#575 = CARTESIAN_POINT('',(0.5,0.669172140545));
#576 = CARTESIAN_POINT('',(0.5,0.673218877189));
#577 = CARTESIAN_POINT('',(0.5,0.677272552695));
#578 = CARTESIAN_POINT('',(0.5,0.681332995495));
#579 = CARTESIAN_POINT('',(0.5,0.689434617615));
#580 = CARTESIAN_POINT('',(0.5,0.693475692295));
#581 = CARTESIAN_POINT('',(0.5,0.697523023007));
#582 = CARTESIAN_POINT('',(0.5,0.70157637265));
#583 = CARTESIAN_POINT('',(0.5,0.705635468058));
#584 = CARTESIAN_POINT('',(0.5,0.713721121344));
#585 = CARTESIAN_POINT('',(0.5,0.717747563469));
#586 = CARTESIAN_POINT('',(0.5,0.721779026509));
#587 = CARTESIAN_POINT('',(0.5,0.725815174432));
#588 = CARTESIAN_POINT('',(0.5,0.729855635047));
#589 = CARTESIAN_POINT('',(0.5,0.737941701075));
#590 = CARTESIAN_POINT('',(0.5,0.741987301506));
#591 = CARTESIAN_POINT('',(0.5,0.746036393195));
#592 = CARTESIAN_POINT('',(0.5,0.750088532387));
#593 = CARTESIAN_POINT('',(0.5,0.754143239676));
#594 = CARTESIAN_POINT('',(0.5,0.762230031254));
#595 = CARTESIAN_POINT('',(0.5,0.766262089219));
#596 = CARTESIAN_POINT('',(0.5,0.770295668337));
#597 = CARTESIAN_POINT('',(0.5,0.774330231248));
#598 = CARTESIAN_POINT('',(0.5,0.77836520879));
#599 = CARTESIAN_POINT('',(0.5,0.786452565235));
#600 = CARTESIAN_POINT('',(0.5,0.790504943676));
#601 = CARTESIAN_POINT('',(0.5,0.794556525726));
#602 = CARTESIAN_POINT('',(0.5,0.798606675285));
#603 = CARTESIAN_POINT('',(0.5,0.802654729747));
#604 = CARTESIAN_POINT('',(0.5,0.810742619246));
#605 = CARTESIAN_POINT('',(0.5,0.814782459631));
#606 = CARTESIAN_POINT('',(0.5,0.818818832855));
#607 = CARTESIAN_POINT('',(0.5,0.822851032845));
#608 = CARTESIAN_POINT('',(0.5,0.826878335763));
#609 = CARTESIAN_POINT('',(0.5,0.83594375169));
#610 = CARTESIAN_POINT('',(0.5,0.840978635504));
#611 = CARTESIAN_POINT('',(0.5,0.846003195718));
#612 = CARTESIAN_POINT('',(0.5,0.851015943496));
#613 = CARTESIAN_POINT('',(0.5,0.856015376749));
#614 = CARTESIAN_POINT('',(0.5,0.868603633536));
#615 = CARTESIAN_POINT('',(0.5,0.8761727995));
#616 = CARTESIAN_POINT('',(0.5,0.883702196503));
#617 = CARTESIAN_POINT('',(0.5,0.891186539246));
#618 = CARTESIAN_POINT('',(0.5,0.898620724984));
#619 = CARTESIAN_POINT('',(0.5,0.91033380096));
#620 = CARTESIAN_POINT('',(0.5,0.914648661986));
#621 = CARTESIAN_POINT('',(0.5,0.918943612779));
#622 = CARTESIAN_POINT('',(0.5,0.923217729655));
#623 = CARTESIAN_POINT('',(0.5,0.927470135546));
#624 = CARTESIAN_POINT('',(0.5,0.934712882521));
#625 = CARTESIAN_POINT('',(0.5,0.937714329403));
#626 = CARTESIAN_POINT('',(0.5,0.940704041562));
#627 = CARTESIAN_POINT('',(0.5,0.943681734657));
#628 = CARTESIAN_POINT('',(0.5,0.946647139088));
#629 = CARTESIAN_POINT('',(0.5,0.951158861109));
#630 = CARTESIAN_POINT('',(0.5,0.952714226455));
#631 = CARTESIAN_POINT('',(0.5,0.954266058605));
#632 = CARTESIAN_POINT('',(0.5,0.955814321355));
#633 = CARTESIAN_POINT('',(0.5,0.957358979733));
#634 = CARTESIAN_POINT('',(0.5,0.964299347109));
#635 = CARTESIAN_POINT('',(0.5,0.969654032169));
#636 = CARTESIAN_POINT('',(0.5,0.974962602853));
#637 = CARTESIAN_POINT('',(0.5,0.980223799808));
#638 = CARTESIAN_POINT('',(0.5,0.985436556658));
#639 = CARTESIAN_POINT('',(0.5,0.992178264019));
#640 = CARTESIAN_POINT('',(0.5,0.993751920719));
#641 = CARTESIAN_POINT('',(0.5,0.995320945152));
#642 = CARTESIAN_POINT('',(0.5,0.996885314011));
#643 = CARTESIAN_POINT('',(0.5,0.998445005634));
#644 = CARTESIAN_POINT('',(0.5,1.));
#645 = ( GEOMETRIC_REPRESENTATION_CONTEXT(2) 
PARAMETRIC_REPRESENTATION_CONTEXT() REPRESENTATION_CONTEXT('2D SPACE',''
  ) );
#646 = PCURVE('',#647,#652);
#647 = PLANE('',#648);
#648 = AXIS2_PLACEMENT_3D('',#649,#650,#651);
#649 = CARTESIAN_POINT('',(-270.,0.,-120.));
#650 = DIRECTION('',(0.,1.,0.));
#651 = DIRECTION('',(0.,0.,1.));
#652 = DEFINITIONAL_REPRESENTATION('',(#653),#856);
#653 = B_SPLINE_CURVE_WITH_KNOTS('',6,(#654,#655,#656,#657,#658,#659,
    #660,#661,#662,#663,#664,#665,#666,#667,#668,#669,#670,#671,#672,
    #673,#674,#675,#676,#677,#678,#679,#680,#681,#682,#683,#684,#685,
    #686,#687,#688,#689,#690,#691,#692,#693,#694,#695,#696,#697,#698,
    #699,#700,#701,#702,#703,#704,#705,#706,#707,#708,#709,#710,#711,
    #712,#713,#714,#715,#716,#717,#718,#719,#720,#721,#722,#723,#724,
    #725,#726,#727,#728,#729,#730,#731,#732,#733,#734,#735,#736,#737,
    #738,#739,#740,#741,#742,#743,#744,#745,#746,#747,#748,#749,#750,
    #751,#752,#753,#754,#755,#756,#757,#758,#759,#760,#761,#762,#763,
    #764,#765,#766,#767,#768,#769,#770,#771,#772,#773,#774,#775,#776,
    #777,#778,#779,#780,#781,#782,#783,#784,#785,#786,#787,#788,#789,
    #790,#791,#792,#793,#794,#795,#796,#797,#798,#799,#800,#801,#802,
    #803,#804,#805,#806,#807,#808,#809,#810,#811,#812,#813,#814,#815,
    #816,#817,#818,#819,#820,#821,#822,#823,#824,#825,#826,#827,#828,
    #829,#830,#831,#832,#833,#834,#835,#836,#837,#838,#839,#840,#841,
    #842,#843,#844,#845,#846,#847,#848,#849,#850,#851,#852,#853,#854,
    #855),.UNSPECIFIED.,.F.,.F.,(7,5,5,5,5,5,5,5,5,5,5,5,5,5,5,5,5,5,5,5
    ,5,5,5,5,5,5,5,5,5,5,5,5,5,5,5,5,5,5,5,5,7),(0.,4.417071254896E-02,
    8.347873413638E-02,0.119375268915,0.153173793889,0.185954703836,
    0.218507884825,0.251333965298,0.284690299918,0.287513594027,
    0.290536390795,0.296890546114,0.310353366027,0.342349216505,
    0.369408021789,0.396593752144,0.424033129693,0.451443733241,
    0.476296615436,0.501093938521,0.525788186877,0.550237819757,
    0.574611781602,0.598783852015,0.622738107988,0.646370790379,
    0.669880268521,0.693181321954,0.71629682146,0.739165439487,
    0.762018994778,0.784721973197,0.80752496257,0.830313008346,
    0.85889253106,0.902488246612,0.928091731167,0.946328790994,
    0.955956417946,0.989689199321,1.),.UNSPECIFIED.);
#654 = CARTESIAN_POINT('',(20.,182.25000001162));
#655 = CARTESIAN_POINT('',(20.15411132391,180.47677873737));
#656 = CARTESIAN_POINT('',(20.357645795336,178.7078845991));
#657 = CARTESIAN_POINT('',(20.613715752474,176.94524587534));
#658 = CARTESIAN_POINT('',(20.925583191068,175.19139221193));
#659 = CARTESIAN_POINT('',(21.296538240504,173.44943454345));
#660 = CARTESIAN_POINT('',(22.115065894906,170.1866664432));
#661 = CARTESIAN_POINT('',(22.549701828493,168.66264587045));
#662 = CARTESIAN_POINT('',(23.035687100927,167.15359766204));
#663 = CARTESIAN_POINT('',(23.574974887418,165.66257959738));
#664 = CARTESIAN_POINT('',(24.169157483586,164.19300789046));
#665 = CARTESIAN_POINT('',(25.412763698994,161.42946003071));
#666 = CARTESIAN_POINT('',(26.052934362865,160.13127711302));
#667 = CARTESIAN_POINT('',(26.740359667372,158.85687116568));
#668 = CARTESIAN_POINT('',(27.475306131057,157.60915812073));
#669 = CARTESIAN_POINT('',(28.257481331931,156.39101979457));
#670 = CARTESIAN_POINT('',(29.865879188384,154.08872721527));
#671 = CARTESIAN_POINT('',(30.686898909723,153.00084011924));
#672 = CARTESIAN_POINT('',(31.54810729762,151.94389592644));
#673 = CARTESIAN_POINT('',(32.448256126604,150.91990482629));
#674 = CARTESIAN_POINT('',(33.385685474109,149.93054763154));
#675 = CARTESIAN_POINT('',(35.301669317629,148.05250191765));
#676 = CARTESIAN_POINT('',(36.278184882781,147.16163178718));
#677 = CARTESIAN_POINT('',(37.285999880345,146.30577693287));
#678 = CARTESIAN_POINT('',(38.323062403525,145.48569662661));
#679 = CARTESIAN_POINT('',(39.387198025055,144.70177076633));
#680 = CARTESIAN_POINT('',(41.5575824859,143.21157550062));
#681 = CARTESIAN_POINT('',(42.663514684334,142.50478538089));
#682 = CARTESIAN_POINT('',(43.791819543174,141.83375790473));
#683 = CARTESIAN_POINT('',(44.940382453153,141.19819343282));
#684 = CARTESIAN_POINT('',(46.107188016254,140.59755087272));
#685 = CARTESIAN_POINT('',(48.483455015158,139.45994168317));
#686 = CARTESIAN_POINT('',(49.693193384574,138.92355104023));
#687 = CARTESIAN_POINT('',(50.917679479966,138.42120684955));
#688 = CARTESIAN_POINT('',(52.155162448614,137.9520078984));
#689 = CARTESIAN_POINT('',(53.404063545607,137.51495563186));
#690 = CARTESIAN_POINT('',(55.942275304965,136.69651960543));
#691 = CARTESIAN_POINT('',(57.231898919985,136.31615332853));
#692 = CARTESIAN_POINT('',(58.530428910376,135.96682551774));
#693 = CARTESIAN_POINT('',(59.836577646046,135.64742222313));
#694 = CARTESIAN_POINT('',(61.149220716076,135.35683601055));
#695 = CARTESIAN_POINT('',(62.578976133678,135.07174748286));
#696 = CARTESIAN_POINT('',(62.690587396133,135.04969924048));
#697 = CARTESIAN_POINT('',(62.802237704294,135.02784912213));
#698 = CARTESIAN_POINT('',(62.913926475643,135.00619648067));
#699 = CARTESIAN_POINT('',(63.025653134744,134.98474067086));
#700 = CARTESIAN_POINT('',(63.257078678827,134.94071915749));
#701 = CARTESIAN_POINT('',(63.376783024277,134.91818216016));
#702 = CARTESIAN_POINT('',(63.496529452059,134.89586926777));
#703 = CARTESIAN_POINT('',(63.616317273648,134.87377969351));
#704 = CARTESIAN_POINT('',(63.736145809532,134.85191265326));
#705 = CARTESIAN_POINT('',(64.107987522502,134.78476727757));
#706 = CARTESIAN_POINT('',(64.360137596489,134.74024705623));
#707 = CARTESIAN_POINT('',(64.612458386393,134.69669944221));
#708 = CARTESIAN_POINT('',(64.864943834195,134.65411723552));
#709 = CARTESIAN_POINT('',(65.117588048641,134.61249329563));
#710 = CARTESIAN_POINT('',(65.905997635946,134.48564544237));
#711 = CARTESIAN_POINT('',(66.442296897037,134.40374031208));
#712 = CARTESIAN_POINT('',(66.979228771041,134.32603775423));
#713 = CARTESIAN_POINT('',(67.516741920986,134.25247175623));
#714 = CARTESIAN_POINT('',(68.054787990413,134.18297768925));
#715 = CARTESIAN_POINT('',(69.873205094984,133.96185920373));
#716 = CARTESIAN_POINT('',(71.155837183815,133.82886882236));
#717 = CARTESIAN_POINT('',(72.440617112482,133.71767167982));
#718 = CARTESIAN_POINT('',(73.727014757297,133.62746764923));
#719 = CARTESIAN_POINT('',(75.014570628256,133.55750596121));
#720 = CARTESIAN_POINT('',(77.392429083917,133.46444450402));
#721 = CARTESIAN_POINT('',(78.482507891178,133.43577967889));
#722 = CARTESIAN_POINT('',(79.572894393913,133.42066634193));
#723 = CARTESIAN_POINT('',(80.663374461584,133.41870535257));
#724 = CARTESIAN_POINT('',(81.753757711779,133.4295214828));
#725 = CARTESIAN_POINT('',(83.939110710386,133.47611169982));
#726 = CARTESIAN_POINT('',(85.034075573993,133.5120025674));
#727 = CARTESIAN_POINT('',(86.128602376752,133.56007706699));
#728 = CARTESIAN_POINT('',(87.22253756047,133.62000034907));
#729 = CARTESIAN_POINT('',(88.315743785927,133.69145875307));
#730 = CARTESIAN_POINT('',(90.510648079581,133.85762929891));
#731 = CARTESIAN_POINT('',(91.612328453386,133.95255204934));
#732 = CARTESIAN_POINT('',(92.713016145483,134.05862413467));
#733 = CARTESIAN_POINT('',(93.812597199633,134.17556309434));
#734 = CARTESIAN_POINT('',(94.910968834681,134.30310480217));
#735 = CARTESIAN_POINT('',(97.103959926056,134.57875442988));
#736 = CARTESIAN_POINT('',(98.198580859139,134.7268404881));
#737 = CARTESIAN_POINT('',(99.291810835955,134.88501353693));
#738 = CARTESIAN_POINT('',(100.38356545344,135.05304321737));
#739 = CARTESIAN_POINT('',(101.4737676602,135.23071403238));
#740 = CARTESIAN_POINT('',(103.54935131004,135.58747450021));
#741 = CARTESIAN_POINT('',(104.53502070306,135.76488453031));
#742 = CARTESIAN_POINT('',(105.51930392719,135.94990395514));
#743 = CARTESIAN_POINT('',(106.5021521333,136.14239075674));
#744 = CARTESIAN_POINT('',(107.48351982688,136.34221104627));
#745 = CARTESIAN_POINT('',(109.44101944632,136.7558042664));
#746 = CARTESIAN_POINT('',(110.417157835,136.96954466522));
#747 = CARTESIAN_POINT('',(111.3917380377,137.19033527799));
#748 = CARTESIAN_POINT('',(112.36472036552,137.41805761384));
#749 = CARTESIAN_POINT('',(113.33606743709,137.6525996734));
#750 = CARTESIAN_POINT('',(115.2713902766,138.13410939722));
#751 = CARTESIAN_POINT('',(116.23537967665,138.38102106526));
#752 = CARTESIAN_POINT('',(117.19767763525,138.63448670336));
#753 = CARTESIAN_POINT('',(118.15825103356,138.89440709874));
#754 = CARTESIAN_POINT('',(119.11706837737,139.1606880754));
#755 = CARTESIAN_POINT('',(121.02165108641,139.70309307209));
#756 = CARTESIAN_POINT('',(121.96745151961,139.97909320848));
#757 = CARTESIAN_POINT('',(122.9114720234,140.26115434522));
#758 = CARTESIAN_POINT('',(123.85368472769,140.54919361049));
#759 = CARTESIAN_POINT('',(124.79406296561,140.84313181871));
#760 = CARTESIAN_POINT('',(126.66819488943,141.44172736715));
#761 = CARTESIAN_POINT('',(127.60195999671,141.74634849219));
#762 = CARTESIAN_POINT('',(128.53385129925,142.05668201894));
#763 = CARTESIAN_POINT('',(129.46384454434,142.37265571561));
#764 = CARTESIAN_POINT('',(130.39191652258,142.69419994532));
#765 = CARTESIAN_POINT('',(132.23650241803,143.34558642497));
#766 = CARTESIAN_POINT('',(133.15304837585,143.67533767796));
#767 = CARTESIAN_POINT('',(134.06766126174,144.01043601377));
#768 = CARTESIAN_POINT('',(134.98032043904,144.35081757434));
#769 = CARTESIAN_POINT('',(135.89100631406,144.69642005487));
#770 = CARTESIAN_POINT('',(137.70020611952,145.39478463177));
#771 = CARTESIAN_POINT('',(138.59875580809,145.74745396571));
#772 = CARTESIAN_POINT('',(139.49533129493,146.10513156416));
#773 = CARTESIAN_POINT('',(140.3899156636,146.46775889458));
#774 = CARTESIAN_POINT('',(141.28249318809,146.83527803338));
#775 = CARTESIAN_POINT('',(143.05165021875,147.57498664219));
#776 = CARTESIAN_POINT('',(143.92828369041,147.94704701563));
#777 = CARTESIAN_POINT('',(144.80293574469,148.32375773011));
#778 = CARTESIAN_POINT('',(145.67559381084,148.70506349094));
#779 = CARTESIAN_POINT('',(146.54624675042,149.09090876493));
#780 = CARTESIAN_POINT('',(148.2789944937,149.8695318937));
#781 = CARTESIAN_POINT('',(149.1411103371,150.26226296907));
#782 = CARTESIAN_POINT('',(150.00122279318,150.65937608394));
#783 = CARTESIAN_POINT('',(150.85932407777,151.06081531766));
#784 = CARTESIAN_POINT('',(151.71540821687,151.46652375144));
#785 = CARTESIAN_POINT('',(153.41596213045,152.28272901697));
#786 = CARTESIAN_POINT('',(154.26046769166,152.69315137744));
#787 = CARTESIAN_POINT('',(155.10298364924,153.10765413251));
#788 = CARTESIAN_POINT('',(155.94350813919,153.52617922131));
#789 = CARTESIAN_POINT('',(156.78204151454,153.94866693931));
#790 = CARTESIAN_POINT('',(158.44846949537,154.79804946189));
#791 = CARTESIAN_POINT('',(159.27639575743,155.22488227465));
#792 = CARTESIAN_POINT('',(160.10236762941,155.65549444637));
#793 = CARTESIAN_POINT('',(160.92639024022,156.08982389445));
#794 = CARTESIAN_POINT('',(161.74847134978,156.5278063838));
#795 = CARTESIAN_POINT('',(163.38001186444,157.4062285598));
#796 = CARTESIAN_POINT('',(164.18951240064,157.84659197228));
#797 = CARTESIAN_POINT('',(164.99713302881,158.29040143531));
#798 = CARTESIAN_POINT('',(165.80288676799,158.73759016788));
#799 = CARTESIAN_POINT('',(166.60678958511,159.18808893694));
#800 = CARTESIAN_POINT('',(168.21040290959,160.09526431764));
#801 = CARTESIAN_POINT('',(169.01011590584,160.55193663599));
#802 = CARTESIAN_POINT('',(169.8080182917,161.01177141476));
#803 = CARTESIAN_POINT('',(170.60413222887,161.47469442377));
#804 = CARTESIAN_POINT('',(171.39848313281,161.94062880036));
#805 = CARTESIAN_POINT('',(172.9784938427,162.87527204554));
#806 = CARTESIAN_POINT('',(173.76417646017,163.34394242547));
#807 = CARTESIAN_POINT('',(174.5481756851,163.81542819499));
#808 = CARTESIAN_POINT('',(175.33052295965,164.28964886058));
#809 = CARTESIAN_POINT('',(176.11125300815,164.7665214294));
#810 = CARTESIAN_POINT('',(177.67298697417,165.72751140945));
#811 = CARTESIAN_POINT('',(178.4539769192,166.21165155295));
#812 = CARTESIAN_POINT('',(179.23341225658,166.69829414944));
#813 = CARTESIAN_POINT('',(180.01133475659,167.18735031359));
#814 = CARTESIAN_POINT('',(180.78778937537,167.67872896502));
#815 = CARTESIAN_POINT('',(182.33735122696,168.66562121322));
#816 = CARTESIAN_POINT('',(183.11046022119,169.16113201138));
#817 = CARTESIAN_POINT('',(183.8821993661,169.65877607552));
#818 = CARTESIAN_POINT('',(184.65261950084,170.15845869942));
#819 = CARTESIAN_POINT('',(185.42177417523,170.66008361799));
#820 = CARTESIAN_POINT('',(187.15283493158,171.79497682421));
#821 = CARTESIAN_POINT('',(188.11404810248,172.42930183363));
#822 = CARTESIAN_POINT('',(189.07346991189,173.06633567986));
#823 = CARTESIAN_POINT('',(190.03121677264,173.7058828992));
#824 = CARTESIAN_POINT('',(190.98740961883,174.34774663352));
#825 = CARTESIAN_POINT('',(193.39858555638,175.97407462355));
#826 = CARTESIAN_POINT('',(194.8516702905,176.96135103329));
#827 = CARTESIAN_POINT('',(196.30186963085,177.95286303927));
#828 = CARTESIAN_POINT('',(197.74963923034,178.9479128363));
#829 = CARTESIAN_POINT('',(199.19543696463,179.9458170528));
#830 = CARTESIAN_POINT('',(201.48792574355,181.53327795451));
#831 = CARTESIAN_POINT('',(202.3356136628,182.12139257176));
#832 = CARTESIAN_POINT('',(203.18286704552,182.71013321051));
#833 = CARTESIAN_POINT('',(204.02977475329,183.29937082565));
#834 = CARTESIAN_POINT('',(204.87642338809,183.88898042414));
#835 = CARTESIAN_POINT('',(206.32583066264,184.89899183687));
#836 = CARTESIAN_POINT('',(206.92867526295,185.31927006152));
#837 = CARTESIAN_POINT('',(207.53146146096,185.73963213072));
#838 = CARTESIAN_POINT('',(208.13421872044,186.16003576525));
#839 = CARTESIAN_POINT('',(208.73697560124,186.58044001488));
#840 = CARTESIAN_POINT('',(209.65797887252,187.22272259528));
#841 = CARTESIAN_POINT('',(209.97620557941,187.4446290671));
#842 = CARTESIAN_POINT('',(210.29444394086,187.6665188513));
#843 = CARTESIAN_POINT('',(210.61269793566,187.88838623881));
#844 = CARTESIAN_POINT('',(210.93097146051,188.11022563408));
#845 = CARTESIAN_POINT('',(212.36450043906,189.10918366933));
#846 = CARTESIAN_POINT('',(213.48001891064,189.88592497699));
#847 = CARTESIAN_POINT('',(214.59598833896,190.66201929331));
#848 = CARTESIAN_POINT('',(215.71255934573,191.437248859));
#849 = CARTESIAN_POINT('',(216.82986858013,192.21141434025));
#850 = CARTESIAN_POINT('',(218.28981988701,193.22058659251));
#851 = CARTESIAN_POINT('',(218.63168147486,193.45672204534));
#852 = CARTESIAN_POINT('',(218.97362697549,193.69273602818));
#853 = CARTESIAN_POINT('',(219.31565975634,193.92862354492));
#854 = CARTESIAN_POINT('',(219.65778305915,194.1643797623));
#855 = CARTESIAN_POINT('',(220.,194.40000001001));
#856 = ( GEOMETRIC_REPRESENTATION_CONTEXT(2) 
PARAMETRIC_REPRESENTATION_CONTEXT() REPRESENTATION_CONTEXT('2D SPACE',''
  ) );
#857 = ADVANCED_FACE('',(#858),#127,.F.);
#858 = FACE_BOUND('',#859,.F.);
#859 = EDGE_LOOP('',(#860,#861,#882,#1005));
#860 = ORIENTED_EDGE('',*,*,#21,.T.);
#861 = ORIENTED_EDGE('',*,*,#862,.T.);
#862 = EDGE_CURVE('',#24,#863,#865,.T.);
#863 = VERTEX_POINT('',#864);
#864 = CARTESIAN_POINT('',(80.75,0.,-100.));
#865 = SURFACE_CURVE('',#866,(#870,#876),.PCURVE_S1.);
#866 = LINE('',#867,#868);
#867 = CARTESIAN_POINT('',(-91.125,0.,-100.));
#868 = VECTOR('',#869,1.);
#869 = DIRECTION('',(-1.,0.,0.));
#870 = PCURVE('',#127,#871);
#871 = DEFINITIONAL_REPRESENTATION('',(#872),#875);
#872 = B_SPLINE_CURVE_WITH_KNOTS('',1,(#873,#874),.UNSPECIFIED.,.F.,.F.,
  (2,2),(-178.875,39.080959830484),.PIECEWISE_BEZIER_KNOTS.);
#873 = CARTESIAN_POINT('',(-4.433786671143E-12,1.653337674943E-14));
#874 = CARTESIAN_POINT('',(217.95595983048,-1.242056577929E-15));
#875 = ( GEOMETRIC_REPRESENTATION_CONTEXT(2) 
PARAMETRIC_REPRESENTATION_CONTEXT() REPRESENTATION_CONTEXT('2D SPACE',''
  ) );
#876 = PCURVE('',#169,#877);
#877 = DEFINITIONAL_REPRESENTATION('',(#878),#881);
#878 = B_SPLINE_CURVE_WITH_KNOTS('',1,(#879,#880),.UNSPECIFIED.,.F.,.F.,
  (2,2),(-178.875,39.080959830484),.PIECEWISE_BEZIER_KNOTS.);
#879 = CARTESIAN_POINT('',(20.,357.75));
#880 = CARTESIAN_POINT('',(20.,139.79404016951));
#881 = ( GEOMETRIC_REPRESENTATION_CONTEXT(2) 
PARAMETRIC_REPRESENTATION_CONTEXT() REPRESENTATION_CONTEXT('2D SPACE',''
  ) );
#882 = ORIENTED_EDGE('',*,*,#883,.F.);
#883 = EDGE_CURVE('',#884,#863,#886,.T.);
#884 = VERTEX_POINT('',#885);
#885 = CARTESIAN_POINT('',(-80.74999998929,1.7763568394E-15,-100.));
#886 = SURFACE_CURVE('',#887,(#903,#922),.PCURVE_S1.);
#887 = B_SPLINE_CURVE_WITH_KNOTS('',14,(#888,#889,#890,#891,#892,#893,
    #894,#895,#896,#897,#898,#899,#900,#901,#902),.UNSPECIFIED.,.T.,.F.,
  (15,15),(0.,1.),.PIECEWISE_BEZIER_KNOTS.);
#888 = CARTESIAN_POINT('',(80.75,-5.770904441528E-15,-100.));
#889 = CARTESIAN_POINT('',(80.749999999996,4.151390292246,-100.));
#890 = CARTESIAN_POINT('',(63.234165333175,8.302782116861,-100.));
#891 = CARTESIAN_POINT('',(28.202473606965,11.403578955799,-100.));
#892 = CARTESIAN_POINT('',(-19.1063071397,12.403302761397,-100.));
#893 = CARTESIAN_POINT('',(-68.21563457833,10.628035964334,-100.));
#894 = CARTESIAN_POINT('',(-105.7051174078,6.159438518708,-100.));
#895 = CARTESIAN_POINT('',(-119.8191596166,1.082227267511E-10,-100.));
#896 = CARTESIAN_POINT('',(-105.7051174078,-6.159438518907,-100.));
#897 = CARTESIAN_POINT('',(-68.21563457833,-10.62803596418,-100.));
#898 = CARTESIAN_POINT('',(-19.1063071397,-12.40330276149,-100.));
#899 = CARTESIAN_POINT('',(28.202473606961,-11.40357895575,-100.));
#900 = CARTESIAN_POINT('',(63.234165333177,-8.302782116879,-100.));
#901 = CARTESIAN_POINT('',(80.749999999996,-4.151390292242,-100.));
#902 = CARTESIAN_POINT('',(80.75,4.887236509617E-15,-100.));
#903 = PCURVE('',#127,#904);
#904 = DEFINITIONAL_REPRESENTATION('',(#905),#921);
#905 = B_SPLINE_CURVE_WITH_KNOTS('',14,(#906,#907,#908,#909,#910,#911,
    #912,#913,#914,#915,#916,#917,#918,#919,#920),.UNSPECIFIED.,.F.,.F.,
  (15,15),(0.,1.),.PIECEWISE_BEZIER_KNOTS.);
#906 = CARTESIAN_POINT('',(7.,2.173339506612E-14));
#907 = CARTESIAN_POINT('',(7.000000000004,-4.151390292246));
#908 = CARTESIAN_POINT('',(24.515834666825,-8.302782116861));
#909 = CARTESIAN_POINT('',(59.547526393035,-11.40357895579));
#910 = CARTESIAN_POINT('',(106.8563071397,-12.40330276139));
#911 = CARTESIAN_POINT('',(155.96563457833,-10.62803596433));
#912 = CARTESIAN_POINT('',(193.45511740786,-6.159438518708));
#913 = CARTESIAN_POINT('',(207.56915961661,-1.082231217105E-10));
#914 = CARTESIAN_POINT('',(193.45511740786,6.159438518907));
#915 = CARTESIAN_POINT('',(155.96563457833,10.628035964181));
#916 = CARTESIAN_POINT('',(106.8563071397,12.403302761493));
#917 = CARTESIAN_POINT('',(59.54752639304,11.403578955751));
#918 = CARTESIAN_POINT('',(24.515834666823,8.302782116879));
#919 = CARTESIAN_POINT('',(7.000000000005,4.151390292242));
#920 = CARTESIAN_POINT('',(7.,1.107525411498E-14));
#921 = ( GEOMETRIC_REPRESENTATION_CONTEXT(2) 
PARAMETRIC_REPRESENTATION_CONTEXT() REPRESENTATION_CONTEXT('2D SPACE',''
  ) );
#922 = PCURVE('',#923,#999);
#923 = ( BOUNDED_SURFACE() B_SPLINE_SURFACE(14,4,(
    (#924,#925,#926,#927,#928)
    ,(#929,#930,#931,#932,#933)
    ,(#934,#935,#936,#937,#938)
    ,(#939,#940,#941,#942,#943)
    ,(#944,#945,#946,#947,#948)
    ,(#949,#950,#951,#952,#953)
    ,(#954,#955,#956,#957,#958)
    ,(#959,#960,#961,#962,#963)
    ,(#964,#965,#966,#967,#968)
    ,(#969,#970,#971,#972,#973)
    ,(#974,#975,#976,#977,#978)
    ,(#979,#980,#981,#982,#983)
    ,(#984,#985,#986,#987,#988)
    ,(#989,#990,#991,#992,#993)
    ,(#994,#995,#996,#997,#998
)),.UNSPECIFIED.,.T.,.F.,.F.) B_SPLINE_SURFACE_WITH_KNOTS((15,15),(5,5),
  (0.,1.),(0.,1.),.PIECEWISE_BEZIER_KNOTS.) 
GEOMETRIC_REPRESENTATION_ITEM() RATIONAL_B_SPLINE_SURFACE((
    (1.,1.,1.,1.,1.)
    ,(1.,1.,1.,1.,1.)
    ,(1.,1.,1.,1.,1.)
    ,(1.,1.,1.,1.,1.)
    ,(1.,1.,1.,1.,1.)
    ,(1.,1.,1.,1.,1.)
    ,(1.,1.,1.,1.,1.)
    ,(1.,1.,1.,1.,1.)
    ,(1.,1.,1.,1.,1.)
    ,(1.,1.,1.,1.,1.)
    ,(1.,1.,1.,1.,1.)
    ,(1.,1.,1.,1.,1.)
    ,(1.,1.,1.,1.,1.)
    ,(1.,1.,1.,1.,1.)
,(1.,1.,1.,1.,1.))) REPRESENTATION_ITEM('') SURFACE() );
#924 = CARTESIAN_POINT('',(80.75,-5.770904441528E-15,-100.));
#925 = CARTESIAN_POINT('',(162.72306388754,7.405504090216E-14,
    -92.87569037072));
#926 = CARTESIAN_POINT('',(127.82613073743,-7.510484917354E-14,
    22.340375051454));
#927 = CARTESIAN_POINT('',(106.48120601389,1.395359692882E-15,
    44.980999885306));
#928 = CARTESIAN_POINT('',(68.6,-6.069136652871E-15,100.));
#929 = CARTESIAN_POINT('',(80.749999999996,4.151390292246,-100.));
#930 = CARTESIAN_POINT('',(162.72306388755,10.964246781707,
    -92.87569037072));
#931 = CARTESIAN_POINT('',(127.82613073755,8.063930675423,
    22.340375051454));
#932 = CARTESIAN_POINT('',(106.48120601388,6.289934413447,
    44.980999885306));
#933 = CARTESIAN_POINT('',(68.600000000008,3.141592653592,100.));
#934 = CARTESIAN_POINT('',(63.234165333175,8.302782116861,-100.));
#935 = CARTESIAN_POINT('',(127.42609443193,21.928497610538,
    -92.87569037072));
#936 = CARTESIAN_POINT('',(100.09880724336,16.127864327446,
    22.340375051454));
#937 = CARTESIAN_POINT('',(83.383903231685,12.579871148629,
    44.980999885306));
#938 = CARTESIAN_POINT('',(53.719674821688,6.283186466813,100.));
#939 = CARTESIAN_POINT('',(28.202473606965,11.403578955799,-100.));
#940 = CARTESIAN_POINT('',(56.832110396951,30.118019522214,
    -92.87569037072));
#941 = CARTESIAN_POINT('',(44.644124811645,22.151053906649,
    22.340375051454));
#942 = CARTESIAN_POINT('',(37.189268139256,17.278010175201,
    44.980999885306));
#943 = CARTESIAN_POINT('',(23.959005442115,8.629735426012,100.));
#944 = CARTESIAN_POINT('',(-19.1063071397,12.403302761397,-100.));
#945 = CARTESIAN_POINT('',(-38.5020041783,32.75839244452,-92.87569037072
    ));
#946 = CARTESIAN_POINT('',(-30.24501937626,24.092982488681,
    22.340375051454));
#947 = CARTESIAN_POINT('',(-25.19458361253,18.792730961645,
    44.980999885306));
#948 = CARTESIAN_POINT('',(-16.23148817105,9.386283170783,100.));
#949 = CARTESIAN_POINT('',(-68.21563457833,10.628035964334,-100.));
#950 = CARTESIAN_POINT('',(-137.4644837588,28.069731081681,
    -92.87569037072));
#951 = CARTESIAN_POINT('',(-107.984404006,20.644588727661,
    22.340375051454));
#952 = CARTESIAN_POINT('',(-89.95273113177,16.102954541464,
    44.980999885306));
#953 = CARTESIAN_POINT('',(-57.95161030371,8.042838027072,100.));
#954 = CARTESIAN_POINT('',(-105.7051174078,6.159438518708,-100.));
#955 = CARTESIAN_POINT('',(-213.01127645,16.267707731806,-92.87569037072
    ));
#956 = CARTESIAN_POINT('',(-167.3297357026,11.964494234249,
    22.340375051454));
#957 = CARTESIAN_POINT('',(-139.388339114,9.332407116234,44.980999885306
    ));
#958 = CARTESIAN_POINT('',(-89.8002607337,4.661196716847,100.));
#959 = CARTESIAN_POINT('',(-119.8191596166,1.082227267511E-10,-100.));
#960 = CARTESIAN_POINT('',(-241.4531364096,5.427849231371E-10,
    -92.87569037072));
#961 = CARTESIAN_POINT('',(-189.6720688713,-1.415532705379E-10,
    22.340375051454));
#962 = CARTESIAN_POINT('',(-157.9998590651,3.46602158671E-10,
    44.980999885306));
#963 = CARTESIAN_POINT('',(-101.7906421006,9.927402579434E-11,100.));
#964 = CARTESIAN_POINT('',(-105.7051174078,-6.159438518907,-100.));
#965 = CARTESIAN_POINT('',(-213.0112764503,-16.26770773279,
    -92.87569037072));
#966 = CARTESIAN_POINT('',(-167.3297357023,-11.964494234,22.340375051454
    ));
#967 = CARTESIAN_POINT('',(-139.3883391141,-9.332407116865,
    44.980999885306));
#968 = CARTESIAN_POINT('',(-89.80026073373,-4.66119671703,100.));
#969 = CARTESIAN_POINT('',(-68.21563457833,-10.62803596418,-100.));
#970 = CARTESIAN_POINT('',(-137.4644837584,-28.06973108094,
    -92.87569037072));
#971 = CARTESIAN_POINT('',(-107.9844040065,-20.64458872783,
    22.340375051454));
#972 = CARTESIAN_POINT('',(-89.95273113159,-16.10295454098,
    44.980999885306));
#973 = CARTESIAN_POINT('',(-57.95161030367,-8.042838026932,100.));
#974 = CARTESIAN_POINT('',(-19.1063071397,-12.40330276149,-100.));
#975 = CARTESIAN_POINT('',(-38.50200417864,-32.75839244497,
    -92.87569037072));
#976 = CARTESIAN_POINT('',(-30.24501937587,-24.09298248859,
    22.340375051454));
#977 = CARTESIAN_POINT('',(-25.19458361267,-18.79273096193,
    44.980999885306));
#978 = CARTESIAN_POINT('',(-16.23148817109,-9.386283170871,100.));
#979 = CARTESIAN_POINT('',(28.202473606961,-11.40357895575,-100.));
#980 = CARTESIAN_POINT('',(56.832110397138,-30.11801952199,
    -92.87569037072));
#981 = CARTESIAN_POINT('',(44.644124811432,-22.15105390668,
    22.340375051454));
#982 = CARTESIAN_POINT('',(37.189268139329,-17.27801017506,
    44.980999885306));
#983 = CARTESIAN_POINT('',(23.959005442139,-8.629735425967,100.));
#984 = CARTESIAN_POINT('',(63.234165333177,-8.302782116879,-100.));
#985 = CARTESIAN_POINT('',(127.42609443186,-21.92849761061,
    -92.87569037072));
#986 = CARTESIAN_POINT('',(100.09880724344,-16.12786432743,
    22.340375051454));
#987 = CARTESIAN_POINT('',(83.38390323166,-12.57987114867,
    44.980999885306));
#988 = CARTESIAN_POINT('',(53.719674821679,-6.28318646683,100.));
#989 = CARTESIAN_POINT('',(80.749999999996,-4.151390292242,-100.));
#990 = CARTESIAN_POINT('',(162.72306388757,-10.96424678169,
    -92.87569037072));
#991 = CARTESIAN_POINT('',(127.82613073754,-8.063930675424,
    22.340375051454));
#992 = CARTESIAN_POINT('',(106.48120601389,-6.289934413436,
    44.980999885306));
#993 = CARTESIAN_POINT('',(68.600000000011,-3.141592653588,100.));
#994 = CARTESIAN_POINT('',(80.75,4.887236509617E-15,-100.));
#995 = CARTESIAN_POINT('',(162.72306388754,-8.376882899481E-14,
    -92.87569037072));
#996 = CARTESIAN_POINT('',(127.82613073743,9.561357750809E-14,
    22.340375051454));
#997 = CARTESIAN_POINT('',(106.48120601389,-3.118272709898E-14,
    44.980999885306));
#998 = CARTESIAN_POINT('',(68.6,1.036290640213E-15,100.));
#999 = DEFINITIONAL_REPRESENTATION('',(#1000),#1004);
#1000 = LINE('',#1001,#1002);
#1001 = CARTESIAN_POINT('',(0.,0.));
#1002 = VECTOR('',#1003,1.);
#1003 = DIRECTION('',(1.,0.));
#1004 = ( GEOMETRIC_REPRESENTATION_CONTEXT(2) 
PARAMETRIC_REPRESENTATION_CONTEXT() REPRESENTATION_CONTEXT('2D SPACE',''
  ) );
#1005 = ORIENTED_EDGE('',*,*,#1006,.T.);
#1006 = EDGE_CURVE('',#884,#22,#1007,.T.);
#1007 = SURFACE_CURVE('',#1008,(#1012,#1018),.PCURVE_S1.);
#1008 = LINE('',#1009,#1010);
#1009 = CARTESIAN_POINT('',(-91.125,0.,-100.));
#1010 = VECTOR('',#1011,1.);
#1011 = DIRECTION('',(-1.,0.,0.));
#1012 = PCURVE('',#127,#1013);
#1013 = DEFINITIONAL_REPRESENTATION('',(#1014),#1017);
#1014 = B_SPLINE_CURVE_WITH_KNOTS('',1,(#1015,#1016),.UNSPECIFIED.,.F.,
  .F.,(2,2),(-178.875,39.080959830484),.PIECEWISE_BEZIER_KNOTS.);
#1015 = CARTESIAN_POINT('',(-4.433786671143E-12,1.653337674943E-14));
#1016 = CARTESIAN_POINT('',(217.95595983048,-1.242056577929E-15));
#1017 = ( GEOMETRIC_REPRESENTATION_CONTEXT(2) 
PARAMETRIC_REPRESENTATION_CONTEXT() REPRESENTATION_CONTEXT('2D SPACE',''
  ) );
#1018 = PCURVE('',#647,#1019);
#1019 = DEFINITIONAL_REPRESENTATION('',(#1020),#1023);
#1020 = B_SPLINE_CURVE_WITH_KNOTS('',1,(#1021,#1022),.UNSPECIFIED.,.F.,
  .F.,(2,2),(-178.875,39.080959830484),.PIECEWISE_BEZIER_KNOTS.);
#1021 = CARTESIAN_POINT('',(20.,357.75));
#1022 = CARTESIAN_POINT('',(20.,139.79404016951));
#1023 = ( GEOMETRIC_REPRESENTATION_CONTEXT(2) 
PARAMETRIC_REPRESENTATION_CONTEXT() REPRESENTATION_CONTEXT('2D SPACE',''
  ) );
#1024 = ADVANCED_FACE('',(#1025),#647,.T.);
#1025 = FACE_BOUND('',#1026,.T.);
#1026 = EDGE_LOOP('',(#1027,#1028,#1029,#1050));
#1027 = ORIENTED_EDGE('',*,*,#1006,.T.);
#1028 = ORIENTED_EDGE('',*,*,#235,.T.);
#1029 = ORIENTED_EDGE('',*,*,#1030,.F.);
#1030 = EDGE_CURVE('',#1031,#184,#1033,.T.);
#1031 = VERTEX_POINT('',#1032);
#1032 = CARTESIAN_POINT('',(-68.5999999909,1.7763568394E-15,100.));
#1033 = SURFACE_CURVE('',#1034,(#1038,#1044),.PCURVE_S1.);
#1034 = LINE('',#1035,#1036);
#1035 = CARTESIAN_POINT('',(-97.2,0.,100.));
#1036 = VECTOR('',#1037,1.);
#1037 = DIRECTION('',(-1.,0.,0.));
#1038 = PCURVE('',#647,#1039);
#1039 = DEFINITIONAL_REPRESENTATION('',(#1040),#1043);
#1040 = B_SPLINE_CURVE_WITH_KNOTS('',1,(#1041,#1042),.UNSPECIFIED.,.F.,
  .F.,(2,2),(-172.8,14.977442315055),.PIECEWISE_BEZIER_KNOTS.);
#1041 = CARTESIAN_POINT('',(220.,345.60000000001));
#1042 = CARTESIAN_POINT('',(220.,157.82255768494));
#1043 = ( GEOMETRIC_REPRESENTATION_CONTEXT(2) 
PARAMETRIC_REPRESENTATION_CONTEXT() REPRESENTATION_CONTEXT('2D SPACE',''
  ) );
#1044 = PCURVE('',#211,#1045);
#1045 = DEFINITIONAL_REPRESENTATION('',(#1046),#1049);
#1046 = B_SPLINE_CURVE_WITH_KNOTS('',1,(#1047,#1048),.UNSPECIFIED.,.F.,
  .F.,(2,2),(-172.8,14.977442315055),.PIECEWISE_BEZIER_KNOTS.);
#1047 = CARTESIAN_POINT('',(-9.890754881781E-12,9.041311483094E-15));
#1048 = CARTESIAN_POINT('',(187.77744231505,8.46141525212E-16));
#1049 = ( GEOMETRIC_REPRESENTATION_CONTEXT(2) 
PARAMETRIC_REPRESENTATION_CONTEXT() REPRESENTATION_CONTEXT('2D SPACE',''
  ) );
#1050 = ORIENTED_EDGE('',*,*,#1051,.F.);
#1051 = EDGE_CURVE('',#884,#1031,#1052,.T.);
#1052 = SURFACE_CURVE('',#1053,(#1256,#1462),.PCURVE_S1.);
#1053 = B_SPLINE_CURVE_WITH_KNOTS('',6,(#1054,#1055,#1056,#1057,#1058,
    #1059,#1060,#1061,#1062,#1063,#1064,#1065,#1066,#1067,#1068,#1069,
    #1070,#1071,#1072,#1073,#1074,#1075,#1076,#1077,#1078,#1079,#1080,
    #1081,#1082,#1083,#1084,#1085,#1086,#1087,#1088,#1089,#1090,#1091,
    #1092,#1093,#1094,#1095,#1096,#1097,#1098,#1099,#1100,#1101,#1102,
    #1103,#1104,#1105,#1106,#1107,#1108,#1109,#1110,#1111,#1112,#1113,
    #1114,#1115,#1116,#1117,#1118,#1119,#1120,#1121,#1122,#1123,#1124,
    #1125,#1126,#1127,#1128,#1129,#1130,#1131,#1132,#1133,#1134,#1135,
    #1136,#1137,#1138,#1139,#1140,#1141,#1142,#1143,#1144,#1145,#1146,
    #1147,#1148,#1149,#1150,#1151,#1152,#1153,#1154,#1155,#1156,#1157,
    #1158,#1159,#1160,#1161,#1162,#1163,#1164,#1165,#1166,#1167,#1168,
    #1169,#1170,#1171,#1172,#1173,#1174,#1175,#1176,#1177,#1178,#1179,
    #1180,#1181,#1182,#1183,#1184,#1185,#1186,#1187,#1188,#1189,#1190,
    #1191,#1192,#1193,#1194,#1195,#1196,#1197,#1198,#1199,#1200,#1201,
    #1202,#1203,#1204,#1205,#1206,#1207,#1208,#1209,#1210,#1211,#1212,
    #1213,#1214,#1215,#1216,#1217,#1218,#1219,#1220,#1221,#1222,#1223,
    #1224,#1225,#1226,#1227,#1228,#1229,#1230,#1231,#1232,#1233,#1234,
    #1235,#1236,#1237,#1238,#1239,#1240,#1241,#1242,#1243,#1244,#1245,
    #1246,#1247,#1248,#1249,#1250,#1251,#1252,#1253,#1254,#1255),
  .UNSPECIFIED.,.F.,.F.,(7,5,5,5,5,5,5,5,5,5,5,5,5,5,5,5,5,5,5,5,5,5,5,5
    ,5,5,5,5,5,5,5,5,5,5,5,5,5,5,5,5,7),(0.,4.417071254883E-02,
    8.347873413621E-02,0.119375268915,0.153173793888,0.185954703835,
    0.218507884825,0.251333965298,0.284690299918,0.287513594027,
    0.290536390795,0.296890546114,0.310353366027,0.342349216505,
    0.36940802179,0.396593752144,0.424033129693,0.451443733241,
    0.476296615436,0.501093938521,0.525788186877,0.550237819757,
    0.574611781603,0.598783852016,0.622738107988,0.646370790379,
    0.669880268522,0.693181321955,0.71629682146,0.739165439488,
    0.762018994778,0.784721973197,0.80752496257,0.830313008346,
    0.85889253106,0.902488246612,0.928091731167,0.946328790994,
    0.955956417946,0.989689199321,1.),.UNSPECIFIED.);
#1054 = CARTESIAN_POINT('',(-80.74999998929,0.,-100.));
#1055 = CARTESIAN_POINT('',(-82.52322126355,0.,-99.84588867609));
#1056 = CARTESIAN_POINT('',(-84.29211540181,0.,-99.64235420466));
#1057 = CARTESIAN_POINT('',(-86.05475412559,0.,-99.38628424752));
#1058 = CARTESIAN_POINT('',(-87.80860778898,0.,-99.07441680893));
#1059 = CARTESIAN_POINT('',(-89.55056545747,0.,-98.70346175949));
#1060 = CARTESIAN_POINT('',(-92.81333355772,0.,-97.88493410509));
#1061 = CARTESIAN_POINT('',(-94.33735413047,0.,-97.4502981715));
#1062 = CARTESIAN_POINT('',(-95.84640233889,0.,-96.96431289907));
#1063 = CARTESIAN_POINT('',(-97.33742040354,0.,-96.42502511258));
#1064 = CARTESIAN_POINT('',(-98.80699211046,0.,-95.83084251641));
#1065 = CARTESIAN_POINT('',(-101.5705399702,0.,-94.587236301));
#1066 = CARTESIAN_POINT('',(-102.8687228879,0.,-93.94706563713));
#1067 = CARTESIAN_POINT('',(-104.1431288352,0.,-93.25964033262));
#1068 = CARTESIAN_POINT('',(-105.3908418801,0.,-92.52469386894));
#1069 = CARTESIAN_POINT('',(-106.6089802063,0.,-91.74251866806));
#1070 = CARTESIAN_POINT('',(-108.9112727856,0.,-90.13412081161));
#1071 = CARTESIAN_POINT('',(-109.9991598816,0.,-89.31310109027));
#1072 = CARTESIAN_POINT('',(-111.0561040744,0.,-88.45189270238));
#1073 = CARTESIAN_POINT('',(-112.0800951746,0.,-87.55174387339));
#1074 = CARTESIAN_POINT('',(-113.0694523693,0.,-86.61431452589));
#1075 = CARTESIAN_POINT('',(-114.9474980832,0.,-84.69833068237));
#1076 = CARTESIAN_POINT('',(-115.8383682137,0.,-83.72181511721));
#1077 = CARTESIAN_POINT('',(-116.694223068,0.,-82.71400011965));
#1078 = CARTESIAN_POINT('',(-117.5143033743,0.,-81.67693759647));
#1079 = CARTESIAN_POINT('',(-118.2982292345,0.,-80.61280197494));
#1080 = CARTESIAN_POINT('',(-119.7884245003,0.,-78.44241751409));
#1081 = CARTESIAN_POINT('',(-120.49521462,0.,-77.33648531566));
#1082 = CARTESIAN_POINT('',(-121.1662420961,0.,-76.20818045682));
#1083 = CARTESIAN_POINT('',(-121.8018065681,0.,-75.05961754685));
#1084 = CARTESIAN_POINT('',(-122.4024491282,0.,-73.89281198374));
#1085 = CARTESIAN_POINT('',(-123.5400583177,0.,-71.51654498484));
#1086 = CARTESIAN_POINT('',(-124.0764489606,0.,-70.30680661542));
#1087 = CARTESIAN_POINT('',(-124.5787931513,0.,-69.08232052003));
#1088 = CARTESIAN_POINT('',(-125.0479921025,0.,-67.84483755138));
#1089 = CARTESIAN_POINT('',(-125.485044369,0.,-66.59593645439));
#1090 = CARTESIAN_POINT('',(-126.3034803954,0.,-64.05772469503));
#1091 = CARTESIAN_POINT('',(-126.6838466723,0.,-62.76810108001));
#1092 = CARTESIAN_POINT('',(-127.0331744831,0.,-61.46957108962));
#1093 = CARTESIAN_POINT('',(-127.3525777777,0.,-60.16342235395));
#1094 = CARTESIAN_POINT('',(-127.6431639903,0.,-58.85077928392));
#1095 = CARTESIAN_POINT('',(-127.928252518,0.,-57.42102386632));
#1096 = CARTESIAN_POINT('',(-127.9503007604,0.,-57.30941260386));
#1097 = CARTESIAN_POINT('',(-127.9721508787,0.,-57.1977622957));
#1098 = CARTESIAN_POINT('',(-127.9938035202,0.,-57.08607352435));
#1099 = CARTESIAN_POINT('',(-128.01525933,0.,-56.97434686525));
#1100 = CARTESIAN_POINT('',(-128.0592808434,0.,-56.74292132117));
#1101 = CARTESIAN_POINT('',(-128.0818178407,0.,-56.62321697572));
#1102 = CARTESIAN_POINT('',(-128.1041307331,0.,-56.50347054794));
#1103 = CARTESIAN_POINT('',(-128.1262203074,0.,-56.38368272635));
#1104 = CARTESIAN_POINT('',(-128.1480873476,0.,-56.26385419046));
#1105 = CARTESIAN_POINT('',(-128.2152327233,0.,-55.89201247749));
#1106 = CARTESIAN_POINT('',(-128.2597529446,0.,-55.63986240351));
#1107 = CARTESIAN_POINT('',(-128.3033005587,0.,-55.3875416136));
#1108 = CARTESIAN_POINT('',(-128.3458827654,0.,-55.1350561658));
#1109 = CARTESIAN_POINT('',(-128.3875067052,0.,-54.88241195135));
#1110 = CARTESIAN_POINT('',(-128.5143545585,0.,-54.09400236405));
#1111 = CARTESIAN_POINT('',(-128.5962596888,0.,-53.55770310296));
#1112 = CARTESIAN_POINT('',(-128.6739622466,0.,-53.02077122895));
#1113 = CARTESIAN_POINT('',(-128.7475282446,0.,-52.48325807901));
#1114 = CARTESIAN_POINT('',(-128.8170223116,0.,-51.94521200958));
#1115 = CARTESIAN_POINT('',(-129.0381407971,0.,-50.12679490501));
#1116 = CARTESIAN_POINT('',(-129.1711311785,0.,-48.84416281618));
#1117 = CARTESIAN_POINT('',(-129.2823283211,0.,-47.55938288751));
#1118 = CARTESIAN_POINT('',(-129.3725323516,0.,-46.2729852427));
#1119 = CARTESIAN_POINT('',(-129.4424940397,0.,-44.98542937174));
#1120 = CARTESIAN_POINT('',(-129.5355554969,0.,-42.60757091608));
#1121 = CARTESIAN_POINT('',(-129.564220322,0.,-41.51749210882));
#1122 = CARTESIAN_POINT('',(-129.5793336589,0.,-40.42710560608));
#1123 = CARTESIAN_POINT('',(-129.5812946483,0.,-39.33662553841));
#1124 = CARTESIAN_POINT('',(-129.5704785181,0.,-38.24624228822));
#1125 = CARTESIAN_POINT('',(-129.5238883011,0.,-36.06088928961));
#1126 = CARTESIAN_POINT('',(-129.4879974335,0.,-34.965924426));
#1127 = CARTESIAN_POINT('',(-129.4399229339,0.,-33.87139762324));
#1128 = CARTESIAN_POINT('',(-129.3799996518,0.,-32.77746243952));
#1129 = CARTESIAN_POINT('',(-129.3085412478,0.,-31.68425621407));
#1130 = CARTESIAN_POINT('',(-129.142370702,0.,-29.48935192041));
#1131 = CARTESIAN_POINT('',(-129.0474479515,0.,-28.38767154661));
#1132 = CARTESIAN_POINT('',(-128.9413758662,0.,-27.28698385451));
#1133 = CARTESIAN_POINT('',(-128.8244369065,0.,-26.18740280036));
#1134 = CARTESIAN_POINT('',(-128.6968951987,0.,-25.08903116531));
#1135 = CARTESIAN_POINT('',(-128.421245571,0.,-22.89604007394));
#1136 = CARTESIAN_POINT('',(-128.2731595128,0.,-21.80141914085));
#1137 = CARTESIAN_POINT('',(-128.1149864639,0.,-20.70818916404));
#1138 = CARTESIAN_POINT('',(-127.9469567835,0.,-19.61643454655));
#1139 = CARTESIAN_POINT('',(-127.7692859685,0.,-18.52623233979));
#1140 = CARTESIAN_POINT('',(-127.4125255007,0.,-16.45064868995));
#1141 = CARTESIAN_POINT('',(-127.2351154706,0.,-15.46497929694));
#1142 = CARTESIAN_POINT('',(-127.0500960457,0.,-14.4806960728));
#1143 = CARTESIAN_POINT('',(-126.8576092441,0.,-13.49784786669));
#1144 = CARTESIAN_POINT('',(-126.6577889546,0.,-12.51648017311));
#1145 = CARTESIAN_POINT('',(-126.2441957345,0.,-10.55898055367));
#1146 = CARTESIAN_POINT('',(-126.0304553357,0.,-9.582842164993));
#1147 = CARTESIAN_POINT('',(-125.8096647229,0.,-8.608261962297));
#1148 = CARTESIAN_POINT('',(-125.581942387,0.,-7.635279634477));
#1149 = CARTESIAN_POINT('',(-125.3474003275,0.,-6.663932562903));
#1150 = CARTESIAN_POINT('',(-124.8658906036,0.,-4.728609723399));
#1151 = CARTESIAN_POINT('',(-124.6189789356,0.,-3.764620323345));
#1152 = CARTESIAN_POINT('',(-124.3655132975,0.,-2.802322364742));
#1153 = CARTESIAN_POINT('',(-124.1055929021,0.,-1.841748966436));
#1154 = CARTESIAN_POINT('',(-123.8393119255,0.,-0.882931622629));
#1155 = CARTESIAN_POINT('',(-123.2969069288,0.,1.021651086415));
#1156 = CARTESIAN_POINT('',(-123.0209067924,0.,1.967451519611));
#1157 = CARTESIAN_POINT('',(-122.7388456557,0.,2.911472023401));
#1158 = CARTESIAN_POINT('',(-122.4508063904,0.,3.853684727694));
#1159 = CARTESIAN_POINT('',(-122.1568681822,0.,4.794062965612));
#1160 = CARTESIAN_POINT('',(-121.5582726337,0.,6.668194889436));
#1161 = CARTESIAN_POINT('',(-121.2536515087,0.,7.601959996711));
#1162 = CARTESIAN_POINT('',(-120.9433179819,0.,8.533851299257));
#1163 = CARTESIAN_POINT('',(-120.6273442853,0.,9.463844544348));
#1164 = CARTESIAN_POINT('',(-120.3058000556,0.,10.391916522585));
#1165 = CARTESIAN_POINT('',(-119.6544135759,0.,12.236502418033));
#1166 = CARTESIAN_POINT('',(-119.3246623229,0.,13.153048375856));
#1167 = CARTESIAN_POINT('',(-118.9895639871,0.,14.067661261743));
#1168 = CARTESIAN_POINT('',(-118.6491824265,0.,14.980320439041));
#1169 = CARTESIAN_POINT('',(-118.303579946,0.,15.891006314066));
#1170 = CARTESIAN_POINT('',(-117.6052153691,0.,17.70020611953));
#1171 = CARTESIAN_POINT('',(-117.2525460352,0.,18.59875580809));
#1172 = CARTESIAN_POINT('',(-116.8948684367,0.,19.495331294929));
#1173 = CARTESIAN_POINT('',(-116.5322411063,0.,20.389915663606));
#1174 = CARTESIAN_POINT('',(-116.1647219675,0.,21.282493188098));
#1175 = CARTESIAN_POINT('',(-115.4250133587,0.,23.051650218755));
#1176 = CARTESIAN_POINT('',(-115.0529529852,0.,23.928283690416));
#1177 = CARTESIAN_POINT('',(-114.6762422708,0.,24.802935744701));
#1178 = CARTESIAN_POINT('',(-114.2949365099,0.,25.675593810848));
#1179 = CARTESIAN_POINT('',(-113.9090912359,0.,26.546246750425));
#1180 = CARTESIAN_POINT('',(-113.1304681072,0.,28.2789944937));
#1181 = CARTESIAN_POINT('',(-112.7377370318,0.,29.141110337106));
#1182 = CARTESIAN_POINT('',(-112.3406239169,0.,30.001222793189));
#1183 = CARTESIAN_POINT('',(-111.9391846832,0.,30.859324077775));
#1184 = CARTESIAN_POINT('',(-111.5334762494,0.,31.715408216871));
#1185 = CARTESIAN_POINT('',(-110.7172709839,0.,33.415962130456));
#1186 = CARTESIAN_POINT('',(-110.3068486234,0.,34.26046769166));
#1187 = CARTESIAN_POINT('',(-109.8923458684,0.,35.102983649243));
#1188 = CARTESIAN_POINT('',(-109.4738207796,0.,35.943508139197));
#1189 = CARTESIAN_POINT('',(-109.0513330616,0.,36.782041514542));
#1190 = CARTESIAN_POINT('',(-108.201950539,0.,38.448469495368));
#1191 = CARTESIAN_POINT('',(-107.7751177262,0.,39.276395757432));
#1192 = CARTESIAN_POINT('',(-107.3445055545,0.,40.102367629414));
#1193 = CARTESIAN_POINT('',(-106.9101761064,0.,40.926390240225));
#1194 = CARTESIAN_POINT('',(-106.4721936171,0.,41.748471349785));
#1195 = CARTESIAN_POINT('',(-105.5937714411,0.,43.380011864442));
#1196 = CARTESIAN_POINT('',(-105.1534080286,0.,44.189512400648));
#1197 = CARTESIAN_POINT('',(-104.7095985656,0.,44.997133028818));
#1198 = CARTESIAN_POINT('',(-104.262409833,0.,45.802886767998));
#1199 = CARTESIAN_POINT('',(-103.8119110639,0.,46.606789585112));
#1200 = CARTESIAN_POINT('',(-102.9047356832,0.,48.210402909593));
#1201 = CARTESIAN_POINT('',(-102.4480633649,0.,49.010115905847));
#1202 = CARTESIAN_POINT('',(-101.9882285861,0.,49.808018291701));
#1203 = CARTESIAN_POINT('',(-101.5253055771,0.,50.604132228873));
#1204 = CARTESIAN_POINT('',(-101.0593712005,0.,51.398483132814));
#1205 = CARTESIAN_POINT('',(-100.1247279553,0.,52.978493842709));
#1206 = CARTESIAN_POINT('',(-99.65605757545,0.,53.764176460177));
#1207 = CARTESIAN_POINT('',(-99.18457180593,0.,54.548175685106));
#1208 = CARTESIAN_POINT('',(-98.71035114034,0.,55.330522959658));
#1209 = CARTESIAN_POINT('',(-98.23347857152,0.,56.111253008154));
#1210 = CARTESIAN_POINT('',(-97.27248859147,0.,57.672986974173));
#1211 = CARTESIAN_POINT('',(-96.78834844797,0.,58.453976919201));
#1212 = CARTESIAN_POINT('',(-96.30170585148,0.,59.233412256583));
#1213 = CARTESIAN_POINT('',(-95.81264968733,0.,60.011334756596));
#1214 = CARTESIAN_POINT('',(-95.3212710359,0.,60.787789375376));
#1215 = CARTESIAN_POINT('',(-94.3343787877,0.,62.33735122696));
#1216 = CARTESIAN_POINT('',(-93.83886798954,0.,63.110460221191));
#1217 = CARTESIAN_POINT('',(-93.3412239254,0.,63.882199366104));
#1218 = CARTESIAN_POINT('',(-92.8415413015,0.,64.65261950085));
#1219 = CARTESIAN_POINT('',(-92.33991638293,0.,65.421774175232));
#1220 = CARTESIAN_POINT('',(-91.20502317671,0.,67.152834931583));
#1221 = CARTESIAN_POINT('',(-90.57069816729,0.,68.11404810249));
#1222 = CARTESIAN_POINT('',(-89.93366432106,0.,69.073469911896));
#1223 = CARTESIAN_POINT('',(-89.29411710172,0.,70.03121677264));
#1224 = CARTESIAN_POINT('',(-88.6522533674,0.,70.987409618837));
#1225 = CARTESIAN_POINT('',(-87.02592537737,0.,73.398585556383));
#1226 = CARTESIAN_POINT('',(-86.03864896763,0.,74.851670290505));
#1227 = CARTESIAN_POINT('',(-85.04713696165,0.,76.301869630853));
#1228 = CARTESIAN_POINT('',(-84.05208716462,0.,77.749639230348));
#1229 = CARTESIAN_POINT('',(-83.05418294812,0.,79.195436964639));
#1230 = CARTESIAN_POINT('',(-81.46672204641,0.,81.48792574355));
#1231 = CARTESIAN_POINT('',(-80.87860742916,0.,82.335613662804));
#1232 = CARTESIAN_POINT('',(-80.2898667904,0.,83.182867045526));
#1233 = CARTESIAN_POINT('',(-79.70062917527,0.,84.029774753291));
#1234 = CARTESIAN_POINT('',(-79.11101957677,0.,84.876423388094));
#1235 = CARTESIAN_POINT('',(-78.10100816405,0.,86.325830662649));
#1236 = CARTESIAN_POINT('',(-77.6807299394,0.,86.928675262956));
#1237 = CARTESIAN_POINT('',(-77.2603678702,0.,87.531461460967));
#1238 = CARTESIAN_POINT('',(-76.83996423567,0.,88.134218720449));
#1239 = CARTESIAN_POINT('',(-76.41955998604,0.,88.736975601249));
#1240 = CARTESIAN_POINT('',(-75.77727740563,0.,89.657978872525));
#1241 = CARTESIAN_POINT('',(-75.55537093382,0.,89.976205579414));
#1242 = CARTESIAN_POINT('',(-75.33348114962,0.,90.294443940862));
#1243 = CARTESIAN_POINT('',(-75.11161376211,0.,90.612697935665));
#1244 = CARTESIAN_POINT('',(-74.88977436684,0.,90.930971460514));
#1245 = CARTESIAN_POINT('',(-73.89081633159,0.,92.364500439062));
#1246 = CARTESIAN_POINT('',(-73.11407502392,0.,93.480018910642));
#1247 = CARTESIAN_POINT('',(-72.33798070761,0.,94.595988338962));
#1248 = CARTESIAN_POINT('',(-71.56275114192,0.,95.71255934573));
#1249 = CARTESIAN_POINT('',(-70.78858566067,0.,96.829868580131));
#1250 = CARTESIAN_POINT('',(-69.77941340841,0.,98.289819887019));
#1251 = CARTESIAN_POINT('',(-69.54327795558,0.,98.631681474868));
#1252 = CARTESIAN_POINT('',(-69.30726397273,0.,98.973626975497));
#1253 = CARTESIAN_POINT('',(-69.071376456,0.,99.315659756343));
#1254 = CARTESIAN_POINT('',(-68.83562023862,0.,99.657783059155));
#1255 = CARTESIAN_POINT('',(-68.5999999909,0.,100.));
#1256 = PCURVE('',#647,#1257);
#1257 = DEFINITIONAL_REPRESENTATION('',(#1258),#1461);
#1258 = B_SPLINE_CURVE_WITH_KNOTS('',6,(#1259,#1260,#1261,#1262,#1263,
    #1264,#1265,#1266,#1267,#1268,#1269,#1270,#1271,#1272,#1273,#1274,
    #1275,#1276,#1277,#1278,#1279,#1280,#1281,#1282,#1283,#1284,#1285,
    #1286,#1287,#1288,#1289,#1290,#1291,#1292,#1293,#1294,#1295,#1296,
    #1297,#1298,#1299,#1300,#1301,#1302,#1303,#1304,#1305,#1306,#1307,
    #1308,#1309,#1310,#1311,#1312,#1313,#1314,#1315,#1316,#1317,#1318,
    #1319,#1320,#1321,#1322,#1323,#1324,#1325,#1326,#1327,#1328,#1329,
    #1330,#1331,#1332,#1333,#1334,#1335,#1336,#1337,#1338,#1339,#1340,
    #1341,#1342,#1343,#1344,#1345,#1346,#1347,#1348,#1349,#1350,#1351,
    #1352,#1353,#1354,#1355,#1356,#1357,#1358,#1359,#1360,#1361,#1362,
    #1363,#1364,#1365,#1366,#1367,#1368,#1369,#1370,#1371,#1372,#1373,
    #1374,#1375,#1376,#1377,#1378,#1379,#1380,#1381,#1382,#1383,#1384,
    #1385,#1386,#1387,#1388,#1389,#1390,#1391,#1392,#1393,#1394,#1395,
    #1396,#1397,#1398,#1399,#1400,#1401,#1402,#1403,#1404,#1405,#1406,
    #1407,#1408,#1409,#1410,#1411,#1412,#1413,#1414,#1415,#1416,#1417,
    #1418,#1419,#1420,#1421,#1422,#1423,#1424,#1425,#1426,#1427,#1428,
    #1429,#1430,#1431,#1432,#1433,#1434,#1435,#1436,#1437,#1438,#1439,
    #1440,#1441,#1442,#1443,#1444,#1445,#1446,#1447,#1448,#1449,#1450,
    #1451,#1452,#1453,#1454,#1455,#1456,#1457,#1458,#1459,#1460),
  .UNSPECIFIED.,.F.,.F.,(7,5,5,5,5,5,5,5,5,5,5,5,5,5,5,5,5,5,5,5,5,5,5,5
    ,5,5,5,5,5,5,5,5,5,5,5,5,5,5,5,5,7),(0.,4.417071254883E-02,
    8.347873413621E-02,0.119375268915,0.153173793888,0.185954703835,
    0.218507884825,0.251333965298,0.284690299918,0.287513594027,
    0.290536390795,0.296890546114,0.310353366027,0.342349216505,
    0.36940802179,0.396593752144,0.424033129693,0.451443733241,
    0.476296615436,0.501093938521,0.525788186877,0.550237819757,
    0.574611781603,0.598783852016,0.622738107988,0.646370790379,
    0.669880268522,0.693181321955,0.71629682146,0.739165439488,
    0.762018994778,0.784721973197,0.80752496257,0.830313008346,
    0.85889253106,0.902488246612,0.928091731167,0.946328790994,
    0.955956417946,0.989689199321,1.),.UNSPECIFIED.);
#1259 = CARTESIAN_POINT('',(20.,189.2500000107));
#1260 = CARTESIAN_POINT('',(20.15411132391,187.47677873644));
#1261 = CARTESIAN_POINT('',(20.357645795334,185.70788459818));
#1262 = CARTESIAN_POINT('',(20.613715752476,183.94524587441));
#1263 = CARTESIAN_POINT('',(20.925583191067,182.19139221101));
#1264 = CARTESIAN_POINT('',(21.296538240505,180.44943454252));
#1265 = CARTESIAN_POINT('',(22.115065894906,177.18666644227));
#1266 = CARTESIAN_POINT('',(22.549701828492,175.66264586953));
#1267 = CARTESIAN_POINT('',(23.03568710093,174.1535976611));
#1268 = CARTESIAN_POINT('',(23.574974887416,172.66257959645));
#1269 = CARTESIAN_POINT('',(24.169157483586,171.19300788953));
#1270 = CARTESIAN_POINT('',(25.412763698994,168.42946002979));
#1271 = CARTESIAN_POINT('',(26.052934362865,167.13127711209));
#1272 = CARTESIAN_POINT('',(26.740359667372,165.85687116476));
#1273 = CARTESIAN_POINT('',(27.475306131057,164.60915811981));
#1274 = CARTESIAN_POINT('',(28.257481331931,163.39101979365));
#1275 = CARTESIAN_POINT('',(29.865879188384,161.08872721434));
#1276 = CARTESIAN_POINT('',(30.686898909723,160.00084011831));
#1277 = CARTESIAN_POINT('',(31.54810729762,158.94389592551));
#1278 = CARTESIAN_POINT('',(32.448256126603,157.91990482537));
#1279 = CARTESIAN_POINT('',(33.385685474109,156.93054763061));
#1280 = CARTESIAN_POINT('',(35.301669317629,155.05250191673));
#1281 = CARTESIAN_POINT('',(36.278184882781,154.16163178626));
#1282 = CARTESIAN_POINT('',(37.285999880345,153.30577693194));
#1283 = CARTESIAN_POINT('',(38.323062403525,152.48569662568));
#1284 = CARTESIAN_POINT('',(39.387198025055,151.70177076541));
#1285 = CARTESIAN_POINT('',(41.557582485901,150.21157549969));
#1286 = CARTESIAN_POINT('',(42.663514684332,149.50478537996));
#1287 = CARTESIAN_POINT('',(43.791819543179,148.8337579038));
#1288 = CARTESIAN_POINT('',(44.940382453149,148.1981934319));
#1289 = CARTESIAN_POINT('',(46.107188016255,147.59755087179));
#1290 = CARTESIAN_POINT('',(48.483455015159,146.45994168224));
#1291 = CARTESIAN_POINT('',(49.693193384572,145.9235510393));
#1292 = CARTESIAN_POINT('',(50.917679479966,145.42120684863));
#1293 = CARTESIAN_POINT('',(52.155162448616,144.95200789748));
#1294 = CARTESIAN_POINT('',(53.404063545605,144.51495563093));
#1295 = CARTESIAN_POINT('',(55.942275304966,143.6965196045));
#1296 = CARTESIAN_POINT('',(57.231898919983,143.3161533276));
#1297 = CARTESIAN_POINT('',(58.530428910375,142.96682551681));
#1298 = CARTESIAN_POINT('',(59.836577646048,142.64742222221));
#1299 = CARTESIAN_POINT('',(61.149220716075,142.35683600962));
#1300 = CARTESIAN_POINT('',(62.578976133678,142.07174748193));
#1301 = CARTESIAN_POINT('',(62.690587396133,142.04969923955));
#1302 = CARTESIAN_POINT('',(62.802237704294,142.02784912121));
#1303 = CARTESIAN_POINT('',(62.913926475642,142.00619647975));
#1304 = CARTESIAN_POINT('',(63.025653134744,141.98474066993));
#1305 = CARTESIAN_POINT('',(63.257078678827,141.94071915656));
#1306 = CARTESIAN_POINT('',(63.376783024277,141.91818215923));
#1307 = CARTESIAN_POINT('',(63.496529452059,141.89586926685));
#1308 = CARTESIAN_POINT('',(63.616317273648,141.87377969258));
#1309 = CARTESIAN_POINT('',(63.736145809532,141.85191265233));
#1310 = CARTESIAN_POINT('',(64.107987522502,141.78476727664));
#1311 = CARTESIAN_POINT('',(64.360137596489,141.7402470553));
#1312 = CARTESIAN_POINT('',(64.612458386392,141.69669944128));
#1313 = CARTESIAN_POINT('',(64.864943834195,141.65411723459));
#1314 = CARTESIAN_POINT('',(65.117588048641,141.61249329471));
#1315 = CARTESIAN_POINT('',(65.905997635946,141.48564544144));
#1316 = CARTESIAN_POINT('',(66.442296897037,141.40374031115));
#1317 = CARTESIAN_POINT('',(66.979228771041,141.3260377533));
#1318 = CARTESIAN_POINT('',(67.516741920986,141.2524717553));
#1319 = CARTESIAN_POINT('',(68.054787990413,141.18297768833));
#1320 = CARTESIAN_POINT('',(69.873205094984,140.9618592028));
#1321 = CARTESIAN_POINT('',(71.155837183815,140.82886882144));
#1322 = CARTESIAN_POINT('',(72.440617112482,140.71767167889));
#1323 = CARTESIAN_POINT('',(73.727014757297,140.6274676483));
#1324 = CARTESIAN_POINT('',(75.014570628255,140.55750596028));
#1325 = CARTESIAN_POINT('',(77.392429083918,140.46444450309));
#1326 = CARTESIAN_POINT('',(78.482507891177,140.43577967797));
#1327 = CARTESIAN_POINT('',(79.572894393913,140.420666341));
#1328 = CARTESIAN_POINT('',(80.663374461585,140.41870535164));
#1329 = CARTESIAN_POINT('',(81.753757711778,140.42952148187));
#1330 = CARTESIAN_POINT('',(83.939110710388,140.47611169889));
#1331 = CARTESIAN_POINT('',(85.034075573991,140.51200256647));
#1332 = CARTESIAN_POINT('',(86.128602376751,140.56007706607));
#1333 = CARTESIAN_POINT('',(87.222537560473,140.62000034815));
#1334 = CARTESIAN_POINT('',(88.315743785927,140.69145875214));
#1335 = CARTESIAN_POINT('',(90.510648079581,140.85762929799));
#1336 = CARTESIAN_POINT('',(91.612328453388,140.95255204841));
#1337 = CARTESIAN_POINT('',(92.713016145483,141.05862413374));
#1338 = CARTESIAN_POINT('',(93.812597199632,141.17556309342));
#1339 = CARTESIAN_POINT('',(94.910968834682,141.30310480124));
#1340 = CARTESIAN_POINT('',(97.103959926053,141.57875442895));
#1341 = CARTESIAN_POINT('',(98.198580859142,141.72684048717));
#1342 = CARTESIAN_POINT('',(99.291810835955,141.885013536));
#1343 = CARTESIAN_POINT('',(100.38356545344,142.05304321644));
#1344 = CARTESIAN_POINT('',(101.4737676602,142.23071403145));
#1345 = CARTESIAN_POINT('',(103.54935131004,142.58747449928));
#1346 = CARTESIAN_POINT('',(104.53502070306,142.76488452938));
#1347 = CARTESIAN_POINT('',(105.51930392719,142.94990395421));
#1348 = CARTESIAN_POINT('',(106.5021521333,143.14239075581));
#1349 = CARTESIAN_POINT('',(107.48351982688,143.34221104534));
#1350 = CARTESIAN_POINT('',(109.44101944632,143.75580426547));
#1351 = CARTESIAN_POINT('',(110.417157835,143.96954466429));
#1352 = CARTESIAN_POINT('',(111.3917380377,144.19033527706));
#1353 = CARTESIAN_POINT('',(112.36472036552,144.41805761291));
#1354 = CARTESIAN_POINT('',(113.33606743709,144.65259967247));
#1355 = CARTESIAN_POINT('',(115.2713902766,145.1341093963));
#1356 = CARTESIAN_POINT('',(116.23537967665,145.38102106433));
#1357 = CARTESIAN_POINT('',(117.19767763525,145.63448670243));
#1358 = CARTESIAN_POINT('',(118.15825103356,145.89440709781));
#1359 = CARTESIAN_POINT('',(119.11706837737,146.16068807447));
#1360 = CARTESIAN_POINT('',(121.02165108641,146.70309307116));
#1361 = CARTESIAN_POINT('',(121.96745151961,146.97909320755));
#1362 = CARTESIAN_POINT('',(122.9114720234,147.2611543443));
#1363 = CARTESIAN_POINT('',(123.85368472769,147.54919360956));
#1364 = CARTESIAN_POINT('',(124.79406296561,147.84313181778));
#1365 = CARTESIAN_POINT('',(126.66819488943,148.44172736623));
#1366 = CARTESIAN_POINT('',(127.60195999671,148.74634849126));
#1367 = CARTESIAN_POINT('',(128.53385129925,149.05668201801));
#1368 = CARTESIAN_POINT('',(129.46384454434,149.37265571468));
#1369 = CARTESIAN_POINT('',(130.39191652258,149.69419994439));
#1370 = CARTESIAN_POINT('',(132.23650241803,150.34558642404));
#1371 = CARTESIAN_POINT('',(133.15304837585,150.67533767703));
#1372 = CARTESIAN_POINT('',(134.06766126174,151.01043601284));
#1373 = CARTESIAN_POINT('',(134.98032043904,151.35081757341));
#1374 = CARTESIAN_POINT('',(135.89100631406,151.69642005395));
#1375 = CARTESIAN_POINT('',(137.70020611953,152.39478463084));
#1376 = CARTESIAN_POINT('',(138.59875580809,152.74745396478));
#1377 = CARTESIAN_POINT('',(139.49533129492,153.10513156323));
#1378 = CARTESIAN_POINT('',(140.3899156636,153.46775889365));
#1379 = CARTESIAN_POINT('',(141.28249318809,153.83527803245));
#1380 = CARTESIAN_POINT('',(143.05165021875,154.57498664126));
#1381 = CARTESIAN_POINT('',(143.92828369041,154.94704701471));
#1382 = CARTESIAN_POINT('',(144.8029357447,155.32375772918));
#1383 = CARTESIAN_POINT('',(145.67559381084,155.70506349001));
#1384 = CARTESIAN_POINT('',(146.54624675042,156.090908764));
#1385 = CARTESIAN_POINT('',(148.2789944937,156.86953189277));
#1386 = CARTESIAN_POINT('',(149.1411103371,157.26226296814));
#1387 = CARTESIAN_POINT('',(150.00122279318,157.65937608301));
#1388 = CARTESIAN_POINT('',(150.85932407777,158.06081531674));
#1389 = CARTESIAN_POINT('',(151.71540821687,158.46652375051));
#1390 = CARTESIAN_POINT('',(153.41596213045,159.28272901604));
#1391 = CARTESIAN_POINT('',(154.26046769166,159.69315137651));
#1392 = CARTESIAN_POINT('',(155.10298364924,160.10765413159));
#1393 = CARTESIAN_POINT('',(155.94350813919,160.52617922039));
#1394 = CARTESIAN_POINT('',(156.78204151454,160.94866693838));
#1395 = CARTESIAN_POINT('',(158.44846949536,161.79804946097));
#1396 = CARTESIAN_POINT('',(159.27639575743,162.22488227372));
#1397 = CARTESIAN_POINT('',(160.10236762941,162.65549444545));
#1398 = CARTESIAN_POINT('',(160.92639024022,163.08982389352));
#1399 = CARTESIAN_POINT('',(161.74847134978,163.52780638287));
#1400 = CARTESIAN_POINT('',(163.38001186444,164.40622855888));
#1401 = CARTESIAN_POINT('',(164.18951240064,164.84659197135));
#1402 = CARTESIAN_POINT('',(164.99713302881,165.29040143439));
#1403 = CARTESIAN_POINT('',(165.80288676799,165.73759016695));
#1404 = CARTESIAN_POINT('',(166.60678958511,166.18808893601));
#1405 = CARTESIAN_POINT('',(168.21040290959,167.09526431671));
#1406 = CARTESIAN_POINT('',(169.01011590584,167.55193663506));
#1407 = CARTESIAN_POINT('',(169.8080182917,168.01177141383));
#1408 = CARTESIAN_POINT('',(170.60413222887,168.47469442284));
#1409 = CARTESIAN_POINT('',(171.39848313281,168.94062879944));
#1410 = CARTESIAN_POINT('',(172.9784938427,169.87527204461));
#1411 = CARTESIAN_POINT('',(173.76417646017,170.34394242454));
#1412 = CARTESIAN_POINT('',(174.5481756851,170.81542819406));
#1413 = CARTESIAN_POINT('',(175.33052295965,171.28964885965));
#1414 = CARTESIAN_POINT('',(176.11125300815,171.76652142847));
#1415 = CARTESIAN_POINT('',(177.67298697417,172.72751140852));
#1416 = CARTESIAN_POINT('',(178.4539769192,173.21165155202));
#1417 = CARTESIAN_POINT('',(179.23341225658,173.69829414851));
#1418 = CARTESIAN_POINT('',(180.01133475659,174.18735031266));
#1419 = CARTESIAN_POINT('',(180.78778937537,174.67872896409));
#1420 = CARTESIAN_POINT('',(182.33735122696,175.6656212123));
#1421 = CARTESIAN_POINT('',(183.11046022119,176.16113201045));
#1422 = CARTESIAN_POINT('',(183.8821993661,176.65877607459));
#1423 = CARTESIAN_POINT('',(184.65261950085,177.15845869849));
#1424 = CARTESIAN_POINT('',(185.42177417523,177.66008361706));
#1425 = CARTESIAN_POINT('',(187.15283493158,178.79497682329));
#1426 = CARTESIAN_POINT('',(188.11404810249,179.4293018327));
#1427 = CARTESIAN_POINT('',(189.07346991189,180.06633567893));
#1428 = CARTESIAN_POINT('',(190.03121677264,180.70588289828));
#1429 = CARTESIAN_POINT('',(190.98740961883,181.34774663259));
#1430 = CARTESIAN_POINT('',(193.39858555638,182.97407462262));
#1431 = CARTESIAN_POINT('',(194.8516702905,183.96135103236));
#1432 = CARTESIAN_POINT('',(196.30186963085,184.95286303835));
#1433 = CARTESIAN_POINT('',(197.74963923034,185.94791283537));
#1434 = CARTESIAN_POINT('',(199.19543696463,186.94581705187));
#1435 = CARTESIAN_POINT('',(201.48792574355,188.53327795358));
#1436 = CARTESIAN_POINT('',(202.3356136628,189.12139257083));
#1437 = CARTESIAN_POINT('',(203.18286704552,189.71013320959));
#1438 = CARTESIAN_POINT('',(204.02977475329,190.29937082473));
#1439 = CARTESIAN_POINT('',(204.87642338809,190.88898042322));
#1440 = CARTESIAN_POINT('',(206.32583066264,191.89899183594));
#1441 = CARTESIAN_POINT('',(206.92867526295,192.31927006059));
#1442 = CARTESIAN_POINT('',(207.53146146096,192.7396321298));
#1443 = CARTESIAN_POINT('',(208.13421872044,193.16003576432));
#1444 = CARTESIAN_POINT('',(208.73697560124,193.58044001395));
#1445 = CARTESIAN_POINT('',(209.65797887252,194.22272259436));
#1446 = CARTESIAN_POINT('',(209.97620557941,194.44462906617));
#1447 = CARTESIAN_POINT('',(210.29444394086,194.66651885037));
#1448 = CARTESIAN_POINT('',(210.61269793566,194.88838623788));
#1449 = CARTESIAN_POINT('',(210.93097146051,195.11022563315));
#1450 = CARTESIAN_POINT('',(212.36450043906,196.1091836684));
#1451 = CARTESIAN_POINT('',(213.48001891064,196.88592497607));
#1452 = CARTESIAN_POINT('',(214.59598833896,197.66201929238));
#1453 = CARTESIAN_POINT('',(215.71255934573,198.43724885807));
#1454 = CARTESIAN_POINT('',(216.82986858013,199.21141433932));
#1455 = CARTESIAN_POINT('',(218.28981988701,200.22058659158));
#1456 = CARTESIAN_POINT('',(218.63168147486,200.45672204441));
#1457 = CARTESIAN_POINT('',(218.97362697549,200.69273602726));
#1458 = CARTESIAN_POINT('',(219.31565975634,200.92862354399));
#1459 = CARTESIAN_POINT('',(219.65778305915,201.16437976137));
#1460 = CARTESIAN_POINT('',(220.,201.40000000909));
#1461 = ( GEOMETRIC_REPRESENTATION_CONTEXT(2) 
PARAMETRIC_REPRESENTATION_CONTEXT() REPRESENTATION_CONTEXT('2D SPACE',''
  ) );
#1462 = PCURVE('',#923,#1463);
#1463 = DEFINITIONAL_REPRESENTATION('',(#1464),#1667);
#1464 = B_SPLINE_CURVE_WITH_KNOTS('',6,(#1465,#1466,#1467,#1468,#1469,
    #1470,#1471,#1472,#1473,#1474,#1475,#1476,#1477,#1478,#1479,#1480,
    #1481,#1482,#1483,#1484,#1485,#1486,#1487,#1488,#1489,#1490,#1491,
    #1492,#1493,#1494,#1495,#1496,#1497,#1498,#1499,#1500,#1501,#1502,
    #1503,#1504,#1505,#1506,#1507,#1508,#1509,#1510,#1511,#1512,#1513,
    #1514,#1515,#1516,#1517,#1518,#1519,#1520,#1521,#1522,#1523,#1524,
    #1525,#1526,#1527,#1528,#1529,#1530,#1531,#1532,#1533,#1534,#1535,
    #1536,#1537,#1538,#1539,#1540,#1541,#1542,#1543,#1544,#1545,#1546,
    #1547,#1548,#1549,#1550,#1551,#1552,#1553,#1554,#1555,#1556,#1557,
    #1558,#1559,#1560,#1561,#1562,#1563,#1564,#1565,#1566,#1567,#1568,
    #1569,#1570,#1571,#1572,#1573,#1574,#1575,#1576,#1577,#1578,#1579,
    #1580,#1581,#1582,#1583,#1584,#1585,#1586,#1587,#1588,#1589,#1590,
    #1591,#1592,#1593,#1594,#1595,#1596,#1597,#1598,#1599,#1600,#1601,
    #1602,#1603,#1604,#1605,#1606,#1607,#1608,#1609,#1610,#1611,#1612,
    #1613,#1614,#1615,#1616,#1617,#1618,#1619,#1620,#1621,#1622,#1623,
    #1624,#1625,#1626,#1627,#1628,#1629,#1630,#1631,#1632,#1633,#1634,
    #1635,#1636,#1637,#1638,#1639,#1640,#1641,#1642,#1643,#1644,#1645,
    #1646,#1647,#1648,#1649,#1650,#1651,#1652,#1653,#1654,#1655,#1656,
    #1657,#1658,#1659,#1660,#1661,#1662,#1663,#1664,#1665,#1666),
  .UNSPECIFIED.,.F.,.F.,(7,5,5,5,5,5,5,5,5,5,5,5,5,5,5,5,5,5,5,5,5,5,5,5
    ,5,5,5,5,5,5,5,5,5,5,5,5,5,5,5,5,7),(0.,4.417071254883E-02,
    8.347873413621E-02,0.119375268915,0.153173793888,0.185954703835,
    0.218507884825,0.251333965298,0.284690299918,0.287513594027,
    0.290536390795,0.296890546114,0.310353366027,0.342349216505,
    0.36940802179,0.396593752144,0.424033129693,0.451443733241,
    0.476296615436,0.501093938521,0.525788186877,0.550237819757,
    0.574611781603,0.598783852016,0.622738107988,0.646370790379,
    0.669880268522,0.693181321955,0.71629682146,0.739165439488,
    0.762018994778,0.784721973197,0.80752496257,0.830313008346,
    0.85889253106,0.902488246612,0.928091731167,0.946328790994,
    0.955956417946,0.989689199321,1.),.UNSPECIFIED.);
#1465 = CARTESIAN_POINT('',(0.5,0.));
#1466 = CARTESIAN_POINT('',(0.5,5.407938871606E-03));
#1467 = CARTESIAN_POINT('',(0.5,1.095278647485E-02));
#1468 = CARTESIAN_POINT('',(0.5,1.664019747169E-02));
#1469 = CARTESIAN_POINT('',(0.5,2.247497610379E-02));
#1470 = CARTESIAN_POINT('',(0.5,2.846087500405E-02));
#1471 = CARTESIAN_POINT('',(0.5,4.006327745113E-02));
#1472 = CARTESIAN_POINT('',(0.5,4.564781513954E-02));
#1473 = CARTESIAN_POINT('',(0.5,5.135484989106E-02));
#1474 = CARTESIAN_POINT('',(0.5,5.718422345778E-02));
#1475 = CARTESIAN_POINT('',(0.5,6.313405181601E-02));
#1476 = CARTESIAN_POINT('',(0.5,7.473949324227E-02));
#1477 = CARTESIAN_POINT('',(0.5,8.037598094918E-02));
#1478 = CARTESIAN_POINT('',(0.5,8.610585983335E-02));
#1479 = CARTESIAN_POINT('',(0.5,9.192433896822E-02));
#1480 = CARTESIAN_POINT('',(0.5,9.782510710675E-02));
#1481 = CARTESIAN_POINT('',(0.5,0.109425684148));
#1482 = CARTESIAN_POINT('',(0.5,0.115117396016));
#1483 = CARTESIAN_POINT('',(0.5,0.120868204758));
#1484 = CARTESIAN_POINT('',(0.5,0.126670830655));
#1485 = CARTESIAN_POINT('',(0.5,0.132517533336));
#1486 = CARTESIAN_POINT('',(0.5,0.144105355784));
#1487 = CARTESIAN_POINT('',(0.5,0.149844648556));
#1488 = CARTESIAN_POINT('',(0.5,0.155610430863));
#1489 = CARTESIAN_POINT('',(0.5,0.161395793912));
#1490 = CARTESIAN_POINT('',(0.5,0.167194314175));
#1491 = CARTESIAN_POINT('',(0.5,0.178765353729));
#1492 = CARTESIAN_POINT('',(0.5,0.18453792061));
#1493 = CARTESIAN_POINT('',(0.5,0.190312030317));
#1494 = CARTESIAN_POINT('',(0.5,0.196082921312));
#1495 = CARTESIAN_POINT('',(0.5,0.201846638565));
#1496 = CARTESIAN_POINT('',(0.5,0.213401592954));
#1497 = CARTESIAN_POINT('',(0.5,0.219192660146));
#1498 = CARTESIAN_POINT('',(0.5,0.224970064172));
#1499 = CARTESIAN_POINT('',(0.5,0.230731426016));
#1500 = CARTESIAN_POINT('',(0.5,0.236475075211));
#1501 = CARTESIAN_POINT('',(0.5,0.248017402022));
#1502 = CARTESIAN_POINT('',(0.5,0.253815407529));
#1503 = CARTESIAN_POINT('',(0.5,0.259592999531));
#1504 = CARTESIAN_POINT('',(0.5,0.265349624635));
#1505 = CARTESIAN_POINT('',(0.5,0.271085179952));
#1506 = CARTESIAN_POINT('',(0.5,0.277283704758));
#1507 = CARTESIAN_POINT('',(0.5,0.277767260722));
#1508 = CARTESIAN_POINT('',(0.5,0.278250668047));
#1509 = CARTESIAN_POINT('',(0.5,0.278733926907));
#1510 = CARTESIAN_POINT('',(0.5,0.27921703749));
#1511 = CARTESIAN_POINT('',(0.5,0.280217090129));
#1512 = CARTESIAN_POINT('',(0.5,0.280734010519));
#1513 = CARTESIAN_POINT('',(0.5,0.281250761421));
#1514 = CARTESIAN_POINT('',(0.5,0.281767343105));
#1515 = CARTESIAN_POINT('',(0.5,0.282283755862));
#1516 = CARTESIAN_POINT('',(0.5,0.283885185571));
#1517 = CARTESIAN_POINT('',(0.5,0.284969626053));
#1518 = CARTESIAN_POINT('',(0.5,0.286053324336));
#1519 = CARTESIAN_POINT('',(0.5,0.287136283649));
#1520 = CARTESIAN_POINT('',(0.5,0.288218507565));
#1521 = CARTESIAN_POINT('',(0.5,0.291591404153));
#1522 = CARTESIAN_POINT('',(0.5,0.293879524288));
#1523 = CARTESIAN_POINT('',(0.5,0.296164398124));
#1524 = CARTESIAN_POINT('',(0.5,0.298446068779));
#1525 = CARTESIAN_POINT('',(0.5,0.300724584767));
#1526 = CARTESIAN_POINT('',(0.5,0.308407770887));
#1527 = CARTESIAN_POINT('',(0.5,0.313798009989));
#1528 = CARTESIAN_POINT('',(0.5,0.319171466358));
#1529 = CARTESIAN_POINT('',(0.5,0.324528980409));
#1530 = CARTESIAN_POINT('',(0.5,0.329871483912));
#1531 = CARTESIAN_POINT('',(0.5,0.339706311823));
#1532 = CARTESIAN_POINT('',(0.5,0.344202603261));
#1533 = CARTESIAN_POINT('',(0.5,0.348689488986));
#1534 = CARTESIAN_POINT('',(0.5,0.353167589569));
#1535 = CARTESIAN_POINT('',(0.5,0.357637540298));
#1536 = CARTESIAN_POINT('',(0.5,0.366583391817));
#1537 = CARTESIAN_POINT('',(0.5,0.371059212318));
#1538 = CARTESIAN_POINT('',(0.5,0.375528126582));
#1539 = CARTESIAN_POINT('',(0.5,0.379990790916));
#1540 = CARTESIAN_POINT('',(0.5,0.384447860993));
#1541 = CARTESIAN_POINT('',(0.5,0.393393678173));
#1542 = CARTESIAN_POINT('',(0.5,0.397882325662));
#1543 = CARTESIAN_POINT('',(0.5,0.402366622044));
#1544 = CARTESIAN_POINT('',(0.5,0.406847230727));
#1545 = CARTESIAN_POINT('',(0.5,0.411324805988));
#1546 = CARTESIAN_POINT('',(0.5,0.420270501149));
#1547 = CARTESIAN_POINT('',(0.5,0.424738620938));
#1548 = CARTESIAN_POINT('',(0.5,0.429205007636));
#1549 = CARTESIAN_POINT('',(0.5,0.433670290574));
#1550 = CARTESIAN_POINT('',(0.5,0.438135085511));
#1551 = CARTESIAN_POINT('',(0.5,0.446648287138));
#1552 = CARTESIAN_POINT('',(0.5,0.450696670393));
#1553 = CARTESIAN_POINT('',(0.5,0.454745599753));
#1554 = CARTESIAN_POINT('',(0.5,0.458795514249));
#1555 = CARTESIAN_POINT('',(0.5,0.462846841958));
#1556 = CARTESIAN_POINT('',(0.5,0.470944097127));
#1557 = CARTESIAN_POINT('',(0.5,0.474990015559));
#1558 = CARTESIAN_POINT('',(0.5,0.479038169459));
#1559 = CARTESIAN_POINT('',(0.5,0.483088960617));
#1560 = CARTESIAN_POINT('',(0.5,0.48714277845));
#1561 = CARTESIAN_POINT('',(0.5,0.495240356946));
#1562 = CARTESIAN_POINT('',(0.5,0.499284088623));
#1563 = CARTESIAN_POINT('',(0.5,0.503331567335));
#1564 = CARTESIAN_POINT('',(0.5,0.507383151471));
#1565 = CARTESIAN_POINT('',(0.5,0.511439185506));
#1566 = CARTESIAN_POINT('',(0.5,0.519520589011));
#1567 = CARTESIAN_POINT('',(0.5,0.523545863522));
#1568 = CARTESIAN_POINT('',(0.5,0.527576144372));
#1569 = CARTESIAN_POINT('',(0.5,0.531611736845));
#1570 = CARTESIAN_POINT('',(0.5,0.535652930665));
#1571 = CARTESIAN_POINT('',(0.5,0.543734543751));
#1572 = CARTESIAN_POINT('',(0.5,0.547774925947));
#1573 = CARTESIAN_POINT('',(0.5,0.551821418273));
#1574 = CARTESIAN_POINT('',(0.5,0.555874274221));
#1575 = CARTESIAN_POINT('',(0.5,0.559933729093));
#1576 = CARTESIAN_POINT('',(0.5,0.568032589666));
#1577 = CARTESIAN_POINT('',(0.5,0.572071882101));
#1578 = CARTESIAN_POINT('',(0.5,0.576118089117));
#1579 = CARTESIAN_POINT('',(0.5,0.580171401477));
#1580 = CARTESIAN_POINT('',(0.5,0.584231988886));
#1581 = CARTESIAN_POINT('',(0.5,0.59233135428));
#1582 = CARTESIAN_POINT('',(0.5,0.596369998209));
#1583 = CARTESIAN_POINT('',(0.5,0.600416076492));
#1584 = CARTESIAN_POINT('',(0.5,0.604469709534));
#1585 = CARTESIAN_POINT('',(0.5,0.608530993436));
#1586 = CARTESIAN_POINT('',(0.5,0.616614382241));
#1587 = CARTESIAN_POINT('',(0.5,0.620636280311));
#1588 = CARTESIAN_POINT('',(0.5,0.624665763132));
#1589 = CARTESIAN_POINT('',(0.5,0.628702872339));
#1590 = CARTESIAN_POINT('',(0.5,0.632747622275));
#1591 = CARTESIAN_POINT('',(0.5,0.640831251466));
#1592 = CARTESIAN_POINT('',(0.5,0.644870050544));
#1593 = CARTESIAN_POINT('',(0.5,0.64891638441));
#1594 = CARTESIAN_POINT('',(0.5,0.652970209141));
#1595 = CARTESIAN_POINT('',(0.5,0.657031449712));
#1596 = CARTESIAN_POINT('',(0.5,0.665132480307));
#1597 = CARTESIAN_POINT('',(0.5,0.669172140545));
#1598 = CARTESIAN_POINT('',(0.5,0.673218877189));
#1599 = CARTESIAN_POINT('',(0.5,0.677272552695));
#1600 = CARTESIAN_POINT('',(0.5,0.681332995495));
#1601 = CARTESIAN_POINT('',(0.5,0.689434617615));
#1602 = CARTESIAN_POINT('',(0.5,0.693475692295));
#1603 = CARTESIAN_POINT('',(0.5,0.697523023007));
#1604 = CARTESIAN_POINT('',(0.5,0.70157637265));
#1605 = CARTESIAN_POINT('',(0.5,0.705635468058));
#1606 = CARTESIAN_POINT('',(0.5,0.713721121344));
#1607 = CARTESIAN_POINT('',(0.5,0.717747563469));
#1608 = CARTESIAN_POINT('',(0.5,0.721779026509));
#1609 = CARTESIAN_POINT('',(0.5,0.725815174432));
#1610 = CARTESIAN_POINT('',(0.5,0.729855635047));
#1611 = CARTESIAN_POINT('',(0.5,0.737941701075));
#1612 = CARTESIAN_POINT('',(0.5,0.741987301506));
#1613 = CARTESIAN_POINT('',(0.5,0.746036393195));
#1614 = CARTESIAN_POINT('',(0.5,0.750088532387));
#1615 = CARTESIAN_POINT('',(0.5,0.754143239676));
#1616 = CARTESIAN_POINT('',(0.5,0.762230031254));
#1617 = CARTESIAN_POINT('',(0.5,0.766262089219));
#1618 = CARTESIAN_POINT('',(0.5,0.770295668337));
#1619 = CARTESIAN_POINT('',(0.5,0.774330231248));
#1620 = CARTESIAN_POINT('',(0.5,0.77836520879));
#1621 = CARTESIAN_POINT('',(0.5,0.786452565235));
#1622 = CARTESIAN_POINT('',(0.5,0.790504943676));
#1623 = CARTESIAN_POINT('',(0.5,0.794556525726));
#1624 = CARTESIAN_POINT('',(0.5,0.798606675285));
#1625 = CARTESIAN_POINT('',(0.5,0.802654729747));
#1626 = CARTESIAN_POINT('',(0.5,0.810742619246));
#1627 = CARTESIAN_POINT('',(0.5,0.814782459631));
#1628 = CARTESIAN_POINT('',(0.5,0.818818832855));
#1629 = CARTESIAN_POINT('',(0.5,0.822851032845));
#1630 = CARTESIAN_POINT('',(0.5,0.826878335763));
#1631 = CARTESIAN_POINT('',(0.5,0.83594375169));
#1632 = CARTESIAN_POINT('',(0.5,0.840978635504));
#1633 = CARTESIAN_POINT('',(0.5,0.846003195718));
#1634 = CARTESIAN_POINT('',(0.5,0.851015943496));
#1635 = CARTESIAN_POINT('',(0.5,0.856015376749));
#1636 = CARTESIAN_POINT('',(0.5,0.868603633536));
#1637 = CARTESIAN_POINT('',(0.5,0.8761727995));
#1638 = CARTESIAN_POINT('',(0.5,0.883702196503));
#1639 = CARTESIAN_POINT('',(0.5,0.891186539246));
#1640 = CARTESIAN_POINT('',(0.5,0.898620724984));
#1641 = CARTESIAN_POINT('',(0.5,0.91033380096));
#1642 = CARTESIAN_POINT('',(0.5,0.914648661986));
#1643 = CARTESIAN_POINT('',(0.5,0.918943612779));
#1644 = CARTESIAN_POINT('',(0.5,0.923217729655));
#1645 = CARTESIAN_POINT('',(0.5,0.927470135546));
#1646 = CARTESIAN_POINT('',(0.5,0.934712882521));
#1647 = CARTESIAN_POINT('',(0.5,0.937714329403));
#1648 = CARTESIAN_POINT('',(0.5,0.940704041562));
#1649 = CARTESIAN_POINT('',(0.5,0.943681734657));
#1650 = CARTESIAN_POINT('',(0.5,0.946647139088));
#1651 = CARTESIAN_POINT('',(0.5,0.951158861109));
#1652 = CARTESIAN_POINT('',(0.5,0.952714226455));
#1653 = CARTESIAN_POINT('',(0.5,0.954266058605));
#1654 = CARTESIAN_POINT('',(0.5,0.955814321355));
#1655 = CARTESIAN_POINT('',(0.5,0.957358979733));
#1656 = CARTESIAN_POINT('',(0.5,0.964299347109));
#1657 = CARTESIAN_POINT('',(0.5,0.969654032169));
#1658 = CARTESIAN_POINT('',(0.5,0.974962602853));
#1659 = CARTESIAN_POINT('',(0.5,0.980223799808));
#1660 = CARTESIAN_POINT('',(0.5,0.985436556658));
#1661 = CARTESIAN_POINT('',(0.5,0.992178264019));
#1662 = CARTESIAN_POINT('',(0.5,0.993751920719));
#1663 = CARTESIAN_POINT('',(0.5,0.995320945152));
#1664 = CARTESIAN_POINT('',(0.5,0.996885314011));
#1665 = CARTESIAN_POINT('',(0.5,0.998445005634));
#1666 = CARTESIAN_POINT('',(0.5,1.));
#1667 = ( GEOMETRIC_REPRESENTATION_CONTEXT(2) 
PARAMETRIC_REPRESENTATION_CONTEXT() REPRESENTATION_CONTEXT('2D SPACE',''
  ) );
#1668 = ADVANCED_FACE('',(#1669),#211,.T.);
#1669 = FACE_BOUND('',#1670,.T.);
#1670 = EDGE_LOOP('',(#1671,#1672,#1693,#1738));
#1671 = ORIENTED_EDGE('',*,*,#183,.T.);
#1672 = ORIENTED_EDGE('',*,*,#1673,.T.);
#1673 = EDGE_CURVE('',#152,#1674,#1676,.T.);
#1674 = VERTEX_POINT('',#1675);
#1675 = CARTESIAN_POINT('',(68.6,0.,100.));
#1676 = SURFACE_CURVE('',#1677,(#1681,#1687),.PCURVE_S1.);
#1677 = LINE('',#1678,#1679);
#1678 = CARTESIAN_POINT('',(-97.2,0.,100.));
#1679 = VECTOR('',#1680,1.);
#1680 = DIRECTION('',(-1.,0.,0.));
#1681 = PCURVE('',#211,#1682);
#1682 = DEFINITIONAL_REPRESENTATION('',(#1683),#1686);
#1683 = B_SPLINE_CURVE_WITH_KNOTS('',1,(#1684,#1685),.UNSPECIFIED.,.F.,
  .F.,(2,2),(-172.8,14.977442315055),.PIECEWISE_BEZIER_KNOTS.);
#1684 = CARTESIAN_POINT('',(-9.890754881781E-12,9.041311483094E-15));
#1685 = CARTESIAN_POINT('',(187.77744231505,8.46141525212E-16));
#1686 = ( GEOMETRIC_REPRESENTATION_CONTEXT(2) 
PARAMETRIC_REPRESENTATION_CONTEXT() REPRESENTATION_CONTEXT('2D SPACE',''
  ) );
#1687 = PCURVE('',#169,#1688);
#1688 = DEFINITIONAL_REPRESENTATION('',(#1689),#1692);
#1689 = B_SPLINE_CURVE_WITH_KNOTS('',1,(#1690,#1691),.UNSPECIFIED.,.F.,
  .F.,(2,2),(-172.8,14.977442315055),.PIECEWISE_BEZIER_KNOTS.);
#1690 = CARTESIAN_POINT('',(220.,345.60000000001));
#1691 = CARTESIAN_POINT('',(220.,157.82255768494));
#1692 = ( GEOMETRIC_REPRESENTATION_CONTEXT(2) 
PARAMETRIC_REPRESENTATION_CONTEXT() REPRESENTATION_CONTEXT('2D SPACE',''
  ) );
#1693 = ORIENTED_EDGE('',*,*,#1694,.F.);
#1694 = EDGE_CURVE('',#1031,#1674,#1695,.T.);
#1695 = SURFACE_CURVE('',#1696,(#1712,#1731),.PCURVE_S1.);
#1696 = B_SPLINE_CURVE_WITH_KNOTS('',14,(#1697,#1698,#1699,#1700,#1701,
    #1702,#1703,#1704,#1705,#1706,#1707,#1708,#1709,#1710,#1711),
  .UNSPECIFIED.,.T.,.F.,(15,15),(0.,1.),.PIECEWISE_BEZIER_KNOTS.);
#1697 = CARTESIAN_POINT('',(68.6,-6.069136652871E-15,100.));
#1698 = CARTESIAN_POINT('',(68.600000000008,3.141592653592,100.));
#1699 = CARTESIAN_POINT('',(53.719674821688,6.283186466813,100.));
#1700 = CARTESIAN_POINT('',(23.959005442115,8.629735426012,100.));
#1701 = CARTESIAN_POINT('',(-16.23148817105,9.386283170783,100.));
#1702 = CARTESIAN_POINT('',(-57.95161030371,8.042838027072,100.));
#1703 = CARTESIAN_POINT('',(-89.8002607337,4.661196716847,100.));
#1704 = CARTESIAN_POINT('',(-101.7906421006,9.927402579434E-11,100.));
#1705 = CARTESIAN_POINT('',(-89.80026073373,-4.66119671703,100.));
#1706 = CARTESIAN_POINT('',(-57.95161030367,-8.042838026932,100.));
#1707 = CARTESIAN_POINT('',(-16.23148817109,-9.386283170871,100.));
#1708 = CARTESIAN_POINT('',(23.959005442139,-8.629735425967,100.));
#1709 = CARTESIAN_POINT('',(53.719674821679,-6.28318646683,100.));
#1710 = CARTESIAN_POINT('',(68.600000000011,-3.141592653588,100.));
#1711 = CARTESIAN_POINT('',(68.6,1.036290640213E-15,100.));
#1712 = PCURVE('',#211,#1713);
#1713 = DEFINITIONAL_REPRESENTATION('',(#1714),#1730);
#1714 = B_SPLINE_CURVE_WITH_KNOTS('',14,(#1715,#1716,#1717,#1718,#1719,
    #1720,#1721,#1722,#1723,#1724,#1725,#1726,#1727,#1728,#1729),
  .UNSPECIFIED.,.F.,.F.,(15,15),(0.,1.),.PIECEWISE_BEZIER_KNOTS.);
#1715 = CARTESIAN_POINT('',(7.,1.480494717164E-14));
#1716 = CARTESIAN_POINT('',(6.999999999992,-3.141592653592));
#1717 = CARTESIAN_POINT('',(21.880325178312,-6.283186466813));
#1718 = CARTESIAN_POINT('',(51.640994557885,-8.629735426012));
#1719 = CARTESIAN_POINT('',(91.83148817105,-9.386283170783));
#1720 = CARTESIAN_POINT('',(133.55161030371,-8.042838027072));
#1721 = CARTESIAN_POINT('',(165.4002607337,-4.661196716847));
#1722 = CARTESIAN_POINT('',(177.3906421006,-9.927272634174E-11));
#1723 = CARTESIAN_POINT('',(165.40026073373,4.66119671703));
#1724 = CARTESIAN_POINT('',(133.55161030367,8.042838026932));
#1725 = CARTESIAN_POINT('',(91.83148817109,9.386283170871));
#1726 = CARTESIAN_POINT('',(51.640994557861,8.629735425967));
#1727 = CARTESIAN_POINT('',(21.880325178321,6.28318646683));
#1728 = CARTESIAN_POINT('',(6.999999999989,3.141592653588));
#1729 = CARTESIAN_POINT('',(7.,7.699519878559E-15));
#1730 = ( GEOMETRIC_REPRESENTATION_CONTEXT(2) 
PARAMETRIC_REPRESENTATION_CONTEXT() REPRESENTATION_CONTEXT('2D SPACE',''
  ) );
#1731 = PCURVE('',#923,#1732);
#1732 = DEFINITIONAL_REPRESENTATION('',(#1733),#1737);
#1733 = LINE('',#1734,#1735);
#1734 = CARTESIAN_POINT('',(0.,1.));
#1735 = VECTOR('',#1736,1.);
#1736 = DIRECTION('',(1.,0.));
#1737 = ( GEOMETRIC_REPRESENTATION_CONTEXT(2) 
PARAMETRIC_REPRESENTATION_CONTEXT() REPRESENTATION_CONTEXT('2D SPACE',''
  ) );
#1738 = ORIENTED_EDGE('',*,*,#1030,.T.);
#1739 = ADVANCED_FACE('',(#1740),#169,.T.);
#1740 = FACE_BOUND('',#1741,.T.);
#1741 = EDGE_LOOP('',(#1742,#1743,#1744,#1769));
#1742 = ORIENTED_EDGE('',*,*,#151,.F.);
#1743 = ORIENTED_EDGE('',*,*,#862,.T.);
#1744 = ORIENTED_EDGE('',*,*,#1745,.T.);
#1745 = EDGE_CURVE('',#863,#1674,#1746,.T.);
#1746 = SURFACE_CURVE('',#1747,(#1753,#1762),.PCURVE_S1.);
#1747 = ( BOUNDED_CURVE() B_SPLINE_CURVE(4,(#1748,#1749,#1750,#1751,
#1752),.UNSPECIFIED.,.F.,.F.) B_SPLINE_CURVE_WITH_KNOTS((5,5),(0.,1.),
.PIECEWISE_BEZIER_KNOTS.) CURVE() GEOMETRIC_REPRESENTATION_ITEM() 
RATIONAL_B_SPLINE_CURVE((1.,1.,1.,1.,1.)) REPRESENTATION_ITEM('') );
#1748 = CARTESIAN_POINT('',(80.75,-5.770904441528E-15,-100.));
#1749 = CARTESIAN_POINT('',(162.72306388754,7.405504090216E-14,
    -92.87569037072));
#1750 = CARTESIAN_POINT('',(127.82613073743,-7.510484917354E-14,
    22.340375051454));
#1751 = CARTESIAN_POINT('',(106.48120601389,1.395359692882E-15,
    44.980999885306));
#1752 = CARTESIAN_POINT('',(68.6,-6.069136652871E-15,100.));
#1753 = PCURVE('',#169,#1754);
#1754 = DEFINITIONAL_REPRESENTATION('',(#1755),#1761);
#1755 = ( BOUNDED_CURVE() B_SPLINE_CURVE(4,(#1756,#1757,#1758,#1759,
#1760),.UNSPECIFIED.,.F.,.F.) B_SPLINE_CURVE_WITH_KNOTS((5,5),(0.,1.),
.PIECEWISE_BEZIER_KNOTS.) CURVE() GEOMETRIC_REPRESENTATION_ITEM() 
RATIONAL_B_SPLINE_CURVE((1.,1.,1.,1.,1.)) REPRESENTATION_ITEM('') );
#1756 = CARTESIAN_POINT('',(20.,350.75));
#1757 = CARTESIAN_POINT('',(27.124309629271,432.72306388754));
#1758 = CARTESIAN_POINT('',(142.34037505145,397.82613073743));
#1759 = CARTESIAN_POINT('',(164.9809998853,376.48120601389));
#1760 = CARTESIAN_POINT('',(220.,338.6));
#1761 = ( GEOMETRIC_REPRESENTATION_CONTEXT(2) 
PARAMETRIC_REPRESENTATION_CONTEXT() REPRESENTATION_CONTEXT('2D SPACE',''
  ) );
#1762 = PCURVE('',#923,#1763);
#1763 = DEFINITIONAL_REPRESENTATION('',(#1764),#1768);
#1764 = LINE('',#1765,#1766);
#1765 = CARTESIAN_POINT('',(1.,0.));
#1766 = VECTOR('',#1767,1.);
#1767 = DIRECTION('',(0.,1.));
#1768 = ( GEOMETRIC_REPRESENTATION_CONTEXT(2) 
PARAMETRIC_REPRESENTATION_CONTEXT() REPRESENTATION_CONTEXT('2D SPACE',''
  ) );
#1769 = ORIENTED_EDGE('',*,*,#1673,.F.);
#1770 = ADVANCED_FACE('',(#1771),#923,.F.);
#1771 = FACE_BOUND('',#1772,.F.);
#1772 = EDGE_LOOP('',(#1773,#1774,#1775,#1776));
#1773 = ORIENTED_EDGE('',*,*,#883,.T.);
#1774 = ORIENTED_EDGE('',*,*,#1745,.T.);
#1775 = ORIENTED_EDGE('',*,*,#1694,.F.);
#1776 = ORIENTED_EDGE('',*,*,#1051,.F.);
#1777 = ( GEOMETRIC_REPRESENTATION_CONTEXT(3) 
GLOBAL_UNCERTAINTY_ASSIGNED_CONTEXT((#1781)) 
GLOBAL_UNIT_ASSIGNED_CONTEXT((#1778,#1779,#1780)) REPRESENTATION_CONTEXT
('Context #1','3D Context with UNIT and UNCERTAINTY') );
#1778 = ( LENGTH_UNIT() NAMED_UNIT(*) SI_UNIT(.MILLI.,.METRE.) );
#1779 = ( NAMED_UNIT(*) PLANE_ANGLE_UNIT() SI_UNIT($,.RADIAN.) );
#1780 = ( NAMED_UNIT(*) SI_UNIT($,.STERADIAN.) SOLID_ANGLE_UNIT() );
#1781 = UNCERTAINTY_MEASURE_WITH_UNIT(LENGTH_MEASURE(2.E-06),#1778,
  'distance_accuracy_value','confusion accuracy');
#1782 = PRODUCT_RELATED_PRODUCT_CATEGORY('part',$,(#7));
ENDSEC;
END-ISO-10303-21;
