ISO-10303-21;
HEADER;
FILE_DESCRIPTION(('Open CASCADE Model'),'2;1');
FILE_NAME('Open CASCADE Shape Model','2026-09-05T04:29:47',('Author'),(
    'Open CASCADE'),'Open CASCADE STEP processor 7.8','Open CASCADE 7.8'
  ,'Unknown');
FILE_SCHEMA(('AUTOMOTIVE_DESIGN { 1 0 10303 214 1 1 1 1 }'));
ENDSEC;
DATA;
#1 = APPLICATION_PROTOCOL_DEFINITION('international standard',
  'automotive_design',2000,#2);
#2 = APPLICATION_CONTEXT(
  'core data for automotive mechanical design processes');
#3 = SHAPE_DEFINITION_REPRESENTATION(#4,#10);
#4 = PRODUCT_DEFINITION_SHAPE('','',#5);
#5 = PRODUCT_DEFINITION('design','',#6,#9);
#6 = PRODUCT_DEFINITION_FORMATION('','',#7);
#7 = PRODUCT('Open CASCADE STEP translator 7.8 58',
  'Open CASCADE STEP translator 7.8 58','',(#8));
#8 = PRODUCT_CONTEXT('',#2,'mechanical');
#9 = PRODUCT_DEFINITION_CONTEXT('part definition',#2,'design');
#10 = ADVANCED_BREP_SHAPE_REPRESENTATION('',(#11,#15),#1591);
#11 = AXIS2_PLACEMENT_3D('',#12,#13,#14);
#12 = CARTESIAN_POINT('',(0.,0.,0.));
#13 = DIRECTION('',(0.,0.,1.));
#14 = DIRECTION('',(1.,0.,-0.));
#15 = MANIFOLD_SOLID_BREP('',#16);
#16 = CLOSED_SHELL('',(#17,#718,#1060,#1232,#1476,#1584));
#17 = ADVANCED_FACE('',(#18),#97,.T.);
#18 = FACE_BOUND('',#19,.T.);
#19 = EDGE_LOOP('',(#20,#321,#388,#611));
#20 = ORIENTED_EDGE('',*,*,#21,.F.);
#21 = EDGE_CURVE('',#22,#24,#26,.T.);
#22 = VERTEX_POINT('',#23);
#23 = CARTESIAN_POINT('',(-22.,-21.51490952604,-66.));
#24 = VERTEX_POINT('',#25);
#25 = CARTESIAN_POINT('',(-22.,-14.82001737489,66.));
#26 = SURFACE_CURVE('',#27,(#96,#244),.PCURVE_S1.);
#27 = B_SPLINE_CURVE_WITH_KNOTS('',7,(#28,#29,#30,#31,#32,#33,#34,#35,
    #36,#37,#38,#39,#40,#41,#42,#43,#44,#45,#46,#47,#48,#49,#50,#51,#52,
    #53,#54,#55,#56,#57,#58,#59,#60,#61,#62,#63,#64,#65,#66,#67,#68,#69,
    #70,#71,#72,#73,#74,#75,#76,#77,#78,#79,#80,#81,#82,#83,#84,#85,#86,
    #87,#88,#89,#90,#91,#92,#93,#94,#95),.UNSPECIFIED.,.F.,.F.,(8,6,6,6,
    6,6,6,6,6,6,6,8),(0.,0.298000319642,0.473071859127,0.565720940549,
    0.627266695111,0.668921142434,0.725775613295,0.795519585109,
    0.83247121301,0.867189616431,0.93863089601,1.),.UNSPECIFIED.);
#28 = CARTESIAN_POINT('',(-22.,-21.51490952604,-66.));
#29 = CARTESIAN_POINT('',(-22.,-21.5086094998,-60.3726221731));
#30 = CARTESIAN_POINT('',(-22.,-21.42988510512,-54.74550621743));
#31 = CARTESIAN_POINT('',(-22.,-21.29211055708,-49.11940340306));
#32 = CARTESIAN_POINT('',(-22.,-21.10627916282,-43.49478130739));
#33 = CARTESIAN_POINT('',(-22.,-20.88177340447,-37.87180210856));
#34 = CARTESIAN_POINT('',(-22.,-20.62659175882,-32.25031545492));
#35 = CARTESIAN_POINT('',(-22.,-20.1835634484,-23.32790240384));
#36 = CARTESIAN_POINT('',(-22.,-20.01136646231,-20.02636335837));
#37 = CARTESIAN_POINT('',(-22.,-19.83230324795,-16.72518703726));
#38 = CARTESIAN_POINT('',(-22.,-19.64760805646,-13.42432319796));
#39 = CARTESIAN_POINT('',(-22.,-19.45838139376,-10.12372109701));
#40 = CARTESIAN_POINT('',(-22.,-19.26559357778,-6.823329297428));
#41 = CARTESIAN_POINT('',(-22.,-18.96661636362,-1.776589197217));
#42 = CARTESIAN_POINT('',(-22.,-18.86238766619,-3.012784360538E-02));
#43 = CARTESIAN_POINT('',(-22.,-18.75752060407,1.716295321872));
#44 = CARTESIAN_POINT('',(-22.,-18.65212900507,3.462686861463));
#45 = CARTESIAN_POINT('',(-22.,-18.54631612666,5.20905282989));
#46 = CARTESIAN_POINT('',(-22.,-18.44017465603,6.955398774344));
#47 = CARTESIAN_POINT('',(-22.,-18.2631143805,9.86179797271));
#48 = CARTESIAN_POINT('',(-22.,-18.19233322057,11.021859570876));
#49 = CARTESIAN_POINT('',(-22.,-18.1214672797,12.181915986726));
#50 = CARTESIAN_POINT('',(-22.,-18.0505384194,13.341968548546));
#51 = CARTESIAN_POINT('',(-22.,-17.97956631325,14.502018455169));
#52 = CARTESIAN_POINT('',(-22.,-17.90856844684,15.662066775974));
#53 = CARTESIAN_POINT('',(-22.,-17.78950135699,17.607240006824));
#54 = CARTESIAN_POINT('',(-22.,-17.74143778899,18.392365264879));
#55 = CARTESIAN_POINT('',(-22.,-17.69337414854,19.177490514993));
#56 = CARTESIAN_POINT('',(-22.,-17.64531468419,19.962616017236));
#57 = CARTESIAN_POINT('',(-22.,-17.59726315841,20.747742001815));
#58 = CARTESIAN_POINT('',(-22.,-17.54922284747,21.532868669061));
#59 = CARTESIAN_POINT('',(-22.,-17.43564507265,23.389622692692));
#60 = CARTESIAN_POINT('',(-22.,-17.3701196645,24.461250783628));
#61 = CARTESIAN_POINT('',(-22.,-17.3046274402,25.532880896718));
#62 = CARTESIAN_POINT('',(-22.,-17.23917372571,26.604513356129));
#63 = CARTESIAN_POINT('',(-22.,-17.17376204994,27.676148375722));
#64 = CARTESIAN_POINT('',(-22.,-17.10839414469,28.747786059052));
#65 = CARTESIAN_POINT('',(-22.,-16.96293606786,31.134018771057));
#66 = CARTESIAN_POINT('',(-22.,-16.88286785135,32.448615135895));
#67 = CARTESIAN_POINT('',(-22.,-16.80286524644,33.763215485247));
#68 = CARTESIAN_POINT('',(-22.,-16.72292375933,35.077819541749));
#69 = CARTESIAN_POINT('',(-22.,-16.64303445117,36.392426759307));
#70 = CARTESIAN_POINT('',(-22.,-16.56318393803,37.707036323102));
#71 = CARTESIAN_POINT('',(-22.,-16.44105924135,39.7181519346));
#72 = CARTESIAN_POINT('',(-22.,-16.39876995258,40.414657072604));
#73 = CARTESIAN_POINT('',(-22.,-16.35648385427,41.111162401541));
#74 = CARTESIAN_POINT('',(-22.,-16.3141978975,41.807667736323));
#75 = CARTESIAN_POINT('',(-22.,-16.27190865475,42.504172868831));
#76 = CARTESIAN_POINT('',(-22.,-16.22961231991,43.200677567915));
#77 = CARTESIAN_POINT('',(-22.,-16.14755401772,44.551591374824));
#78 = CARTESIAN_POINT('',(-22.,-16.10779336644,45.206000562609));
#79 = CARTESIAN_POINT('',(-22.,-16.06801928314,45.860408932039));
#80 = CARTESIAN_POINT('',(-22.,-16.02822798514,46.514816252917));
#81 = CARTESIAN_POINT('',(-22.,-15.98841537849,47.16922227556));
#82 = CARTESIAN_POINT('',(-22.,-15.94857705792,47.823626730801));
#83 = CARTESIAN_POINT('',(-22.,-15.82666897588,49.824616570129));
#84 = CARTESIAN_POINT('',(-22.,-15.74450066967,51.171195925314));
#85 = CARTESIAN_POINT('',(-22.,-15.66216250392,52.517764918611));
#86 = CARTESIAN_POINT('',(-22.,-15.57960753364,53.864320656425));
#87 = CARTESIAN_POINT('',(-22.,-15.4967827531,55.210859828483));
#88 = CARTESIAN_POINT('',(-22.,-15.41362909591,56.557378707842));
#89 = CARTESIAN_POINT('',(-22.,-15.25831277233,59.060531570003));
#90 = CARTESIAN_POINT('',(-22.,-15.18625322001,60.217171914551));
#91 = CARTESIAN_POINT('',(-22.,-15.1138614748,61.373791565238));
#92 = CARTESIAN_POINT('',(-22.,-15.04109254419,62.530387592958));
#93 = CARTESIAN_POINT('',(-22.,-14.96789774633,63.686956758787));
#94 = CARTESIAN_POINT('',(-22.,-14.89422471006,64.843495513986));
#95 = CARTESIAN_POINT('',(-22.,-14.82001737489,66.));
#96 = PCURVE('',#97,#173);
#97 = ( BOUNDED_SURFACE() B_SPLINE_SURFACE(14,4,(
    (#98,#99,#100,#101,#102)
    ,(#103,#104,#105,#106,#107)
    ,(#108,#109,#110,#111,#112)
    ,(#113,#114,#115,#116,#117)
    ,(#118,#119,#120,#121,#122)
    ,(#123,#124,#125,#126,#127)
    ,(#128,#129,#130,#131,#132)
    ,(#133,#134,#135,#136,#137)
    ,(#138,#139,#140,#141,#142)
    ,(#143,#144,#145,#146,#147)
    ,(#148,#149,#150,#151,#152)
    ,(#153,#154,#155,#156,#157)
    ,(#158,#159,#160,#161,#162)
    ,(#163,#164,#165,#166,#167)
    ,(#168,#169,#170,#171,#172
)),.UNSPECIFIED.,.T.,.F.,.F.) B_SPLINE_SURFACE_WITH_KNOTS((15,15),(5,5),
  (0.,1.),(0.,1.),.PIECEWISE_BEZIER_KNOTS.) 
GEOMETRIC_REPRESENTATION_ITEM() RATIONAL_B_SPLINE_SURFACE((
    (1.,1.,1.,1.,1.)
    ,(1.,1.,1.,1.,1.)
    ,(1.,1.,1.,1.,1.)
    ,(1.,1.,1.,1.,1.)
    ,(1.,1.,1.,1.,1.)
    ,(1.,1.,1.,1.,1.)
    ,(1.,1.,1.,1.,1.)
    ,(1.,1.,1.,1.,1.)
    ,(1.,1.,1.,1.,1.)
    ,(1.,1.,1.,1.,1.)
    ,(1.,1.,1.,1.,1.)
    ,(1.,1.,1.,1.,1.)
    ,(1.,1.,1.,1.,1.)
    ,(1.,1.,1.,1.,1.)
,(1.,1.,1.,1.,1.))) REPRESENTATION_ITEM('') SURFACE() );
#98 = CARTESIAN_POINT('',(27.3,-1.189142450245E-14,-143.));
#99 = CARTESIAN_POINT('',(64.281642179681,-5.376286428287E-14,
    -78.39388069735));
#100 = CARTESIAN_POINT('',(27.361717075776,-2.619381835087E-15,
    4.558646112895));
#101 = CARTESIAN_POINT('',(40.770728156069,-2.984077983421E-14,
    69.970569624269));
#102 = CARTESIAN_POINT('',(23.52,9.043634169226E-15,143.));
#103 = CARTESIAN_POINT('',(27.300000000004,7.001263628004,-143.));
#104 = CARTESIAN_POINT('',(64.281642179706,16.485447741434,
    -78.39388069735));
#105 = CARTESIAN_POINT('',(27.361717075759,7.017091375907,4.558646112895
    ));
#106 = CARTESIAN_POINT('',(40.770728156076,10.455920004629,
    69.970569624269));
#107 = CARTESIAN_POINT('',(23.520000000004,6.031857894897,143.));
#108 = CARTESIAN_POINT('',(21.378237939243,14.002529840328,-143.));
#109 = CARTESIAN_POINT('',(50.338030829315,32.970901567969,
    -78.39388069735));
#110 = CARTESIAN_POINT('',(21.426567695052,14.034185342005,
    4.558646112895));
#111 = CARTESIAN_POINT('',(31.926971702434,20.911843868759,
    69.970569624269));
#112 = CARTESIAN_POINT('',(18.418174224573,12.063718016277,143.));
#113 = CARTESIAN_POINT('',(9.534706247371,19.231981806535,-143.));
#114 = CARTESIAN_POINT('',(22.450790303598,45.284372633546,
    -78.39388069735));
#115 = CARTESIAN_POINT('',(9.556261345555,19.275459523638,4.558646112895
    ));
#116 = CARTESIAN_POINT('',(14.239447489382,28.721681396964,
    69.970569624269));
#117 = CARTESIAN_POINT('',(8.214516151598,16.569092017954,143.));
#118 = CARTESIAN_POINT('',(-6.459469782348,20.918002494901,-143.));
#119 = CARTESIAN_POINT('',(-15.209718873,49.254342545302,-78.39388069735
    ));
#120 = CARTESIAN_POINT('',(-6.47407269702,20.965291797035,4.558646112895
    ));
#121 = CARTESIAN_POINT('',(-9.646787052369,31.239640779732,
    69.970569624269));
#122 = CARTESIAN_POINT('',(-5.565081658674,18.021663687879,143.));
#123 = CARTESIAN_POINT('',(-23.06237552905,17.924039031732,-143.));
#124 = CARTESIAN_POINT('',(-54.30356672341,42.20463968715,
    -78.39388069735));
#125 = CARTESIAN_POINT('',(-23.11451261341,17.964559884109,
    4.558646112895));
#126 = CARTESIAN_POINT('',(-34.44211880316,26.768356147365,
    69.970569624269));
#127 = CARTESIAN_POINT('',(-19.86912353266,15.442249012016,143.));
#128 = CARTESIAN_POINT('',(-35.7368384552,10.387809826163,-143.));
#129 = CARTESIAN_POINT('',(-84.14735026525,24.45954118194,
    -78.39388069735));
#130 = CARTESIAN_POINT('',(-35.81762867991,10.411293535077,
    4.558646112895));
#131 = CARTESIAN_POINT('',(-53.37058336323,15.513500753009,
    69.970569624269));
#132 = CARTESIAN_POINT('',(-30.78866082303,8.949497696298,143.));
#133 = CARTESIAN_POINT('',(-40.50852083601,1.591151370568E-10,-143.));
#134 = CARTESIAN_POINT('',(-95.38293925182,7.363841873478E-10,
    -78.39388069735));
#135 = CARTESIAN_POINT('',(-40.60009839956,-1.387537028848E-10,
    4.558646112895));
#136 = CARTESIAN_POINT('',(-60.49677256441,3.414367830701E-10,
    69.970569624269));
#137 = CARTESIAN_POINT('',(-34.89964872015,2.402590829076E-10,143.));
#138 = CARTESIAN_POINT('',(-35.73683845519,-10.38780982645,-143.));
#139 = CARTESIAN_POINT('',(-84.14735026524,-24.45954118328,
    -78.39388069735));
#140 = CARTESIAN_POINT('',(-35.81762867994,-10.41129353482,
    4.558646112895));
#141 = CARTESIAN_POINT('',(-53.37058336317,-15.51350075363,
    69.970569624269));
#142 = CARTESIAN_POINT('',(-30.78866082304,-8.949497696738,143.));
#143 = CARTESIAN_POINT('',(-23.06237552907,-17.9240390315,-143.));
#144 = CARTESIAN_POINT('',(-54.30356672342,-42.20463968613,
    -78.39388069735));
#145 = CARTESIAN_POINT('',(-23.11451261335,-17.96455988429,
    4.558646112895));
#146 = CARTESIAN_POINT('',(-34.44211880326,-26.76835614688,
    69.970569624269));
#147 = CARTESIAN_POINT('',(-19.86912353264,-15.44224901168,143.));
#148 = CARTESIAN_POINT('',(-6.459469782332,-20.91800249504,-143.));
#149 = CARTESIAN_POINT('',(-15.20971887298,-49.25434254593,
    -78.39388069735));
#150 = CARTESIAN_POINT('',(-6.474072697072,-20.96529179692,
    4.558646112895));
#151 = CARTESIAN_POINT('',(-9.646787052278,-31.23964078003,
    69.970569624269));
#152 = CARTESIAN_POINT('',(-5.565081658685,-18.02166368808,143.));
#153 = CARTESIAN_POINT('',(9.534706247361,-19.23198180646,-143.));
#154 = CARTESIAN_POINT('',(22.45079030359,-45.28437263323,
    -78.39388069735));
#155 = CARTESIAN_POINT('',(9.556261345589,-19.27545952369,4.558646112895
    ));
#156 = CARTESIAN_POINT('',(14.239447489326,-28.72168139681,
    69.970569624269));
#157 = CARTESIAN_POINT('',(8.214516151604,-16.56909201785,143.));
#158 = CARTESIAN_POINT('',(21.378237939248,-14.00252984035,-143.));
#159 = CARTESIAN_POINT('',(50.338030829319,-32.97090156808,
    -78.39388069735));
#160 = CARTESIAN_POINT('',(21.426567695036,-14.03418534198,
    4.558646112895));
#161 = CARTESIAN_POINT('',(31.926971702457,-20.91184386881,
    69.970569624269));
#162 = CARTESIAN_POINT('',(18.418174224571,-12.06371801631,143.));
#163 = CARTESIAN_POINT('',(27.300000000002,-7.001263627999,-143.));
#164 = CARTESIAN_POINT('',(64.281642179705,-16.4854477414,
    -78.39388069735));
#165 = CARTESIAN_POINT('',(27.361717075762,-7.017091375911,
    4.558646112895));
#166 = CARTESIAN_POINT('',(40.770728156071,-10.45592000461,
    69.970569624269));
#167 = CARTESIAN_POINT('',(23.520000000005,-6.031857894889,143.));
#168 = CARTESIAN_POINT('',(27.3,9.424857426564E-15,-143.));
#169 = CARTESIAN_POINT('',(64.281642179681,-7.818511780088E-15,
    -78.39388069735));
#170 = CARTESIAN_POINT('',(27.361717075776,-2.007595783004E-15,
    4.558646112895));
#171 = CARTESIAN_POINT('',(40.770728156069,3.610598256886E-14,
    69.970569624269));
#172 = CARTESIAN_POINT('',(23.52,-1.227264802745E-14,143.));
#173 = DEFINITIONAL_REPRESENTATION('',(#174),#243);
#174 = B_SPLINE_CURVE_WITH_KNOTS('',7,(#175,#176,#177,#178,#179,#180,
    #181,#182,#183,#184,#185,#186,#187,#188,#189,#190,#191,#192,#193,
    #194,#195,#196,#197,#198,#199,#200,#201,#202,#203,#204,#205,#206,
    #207,#208,#209,#210,#211,#212,#213,#214,#215,#216,#217,#218,#219,
    #220,#221,#222,#223,#224,#225,#226,#227,#228,#229,#230,#231,#232,
    #233,#234,#235,#236,#237,#238,#239,#240,#241,#242),.UNSPECIFIED.,.F.
  ,.F.,(8,6,6,6,6,6,6,6,6,6,6,8),(0.,0.298000319642,0.473071859127,
    0.565720940549,0.627266695111,0.668921142434,0.725775613295,
    0.795519585109,0.83247121301,0.867189616431,0.93863089601,1.),
  .UNSPECIFIED.);
#175 = CARTESIAN_POINT('',(0.665838127861,0.275839849123));
#176 = CARTESIAN_POINT('',(0.665817827536,0.295144039251));
#177 = CARTESIAN_POINT('',(0.665564151306,0.314390185583));
#178 = CARTESIAN_POINT('',(0.665119730779,0.333594755382));
#179 = CARTESIAN_POINT('',(0.664512455074,0.352772403471));
#180 = CARTESIAN_POINT('',(0.663764681607,0.371936612135));
#181 = CARTESIAN_POINT('',(0.662894779868,0.391099967939));
#182 = CARTESIAN_POINT('',(0.66134527497,0.421539009593));
#183 = CARTESIAN_POINT('',(0.660735208128,0.432807296253));
#184 = CARTESIAN_POINT('',(0.66009174433,0.444081424908));
#185 = CARTESIAN_POINT('',(0.659417828426,0.455363427271));
#186 = CARTESIAN_POINT('',(0.658716183872,0.466655126194));
#187 = CARTESIAN_POINT('',(0.657989326783,0.47795813767));
#188 = CARTESIAN_POINT('',(0.65684271963,0.495262228108));
#189 = CARTESIAN_POINT('',(0.656439489613,0.501254148579));
#190 = CARTESIAN_POINT('',(0.656030170612,0.507249833405));
#191 = CARTESIAN_POINT('',(0.65561507851,0.513249469954));
#192 = CARTESIAN_POINT('',(0.655194506119,0.519253226737));
#193 = CARTESIAN_POINT('',(0.654768723177,0.525261253407));
#194 = CARTESIAN_POINT('',(0.654051836027,0.535267669392));
#195 = CARTESIAN_POINT('',(0.65376350427,0.539263599772));
#196 = CARTESIAN_POINT('',(0.653473053001,0.543261510129));
#197 = CARTESIAN_POINT('',(0.653180547796,0.547261434747));
#198 = CARTESIAN_POINT('',(0.652886047897,0.551263403968));
#199 = CARTESIAN_POINT('',(0.652589606205,0.555267444187));
#200 = CARTESIAN_POINT('',(0.652089353495,0.561984947389));
#201 = CARTESIAN_POINT('',(0.65188656937,0.564697275834));
#202 = CARTESIAN_POINT('',(0.651682931236,0.567410570135));
#203 = CARTESIAN_POINT('',(0.65147845172,0.570124836371));
#204 = CARTESIAN_POINT('',(0.651273141754,0.572840079752));
#205 = CARTESIAN_POINT('',(0.651067010566,0.575556304624));
#206 = CARTESIAN_POINT('',(0.650577605057,0.581982254766));
#207 = CARTESIAN_POINT('',(0.650293628126,0.585692830002));
#208 = CARTESIAN_POINT('',(0.650008154443,0.589405249041));
#209 = CARTESIAN_POINT('',(0.649721196144,0.593119517613));
#210 = CARTESIAN_POINT('',(0.649432757955,0.596835638305));
#211 = CARTESIAN_POINT('',(0.649142837186,0.600553610566));
#212 = CARTESIAN_POINT('',(0.648493943824,0.608836572822));
#213 = CARTESIAN_POINT('',(0.648134216139,0.613402495549));
#214 = CARTESIAN_POINT('',(0.647772223143,0.617971192124));
#215 = CARTESIAN_POINT('',(0.647407925138,0.622542648284));
#216 = CARTESIAN_POINT('',(0.647041260261,0.627116842261));
#217 = CARTESIAN_POINT('',(0.646672144489,0.63169374478));
#218 = CARTESIAN_POINT('',(0.646103552581,0.638699661014));
#219 = CARTESIAN_POINT('',(0.645905915369,0.641126752926));
#220 = CARTESIAN_POINT('',(0.645707543935,0.643554589309));
#221 = CARTESIAN_POINT('',(0.645508420039,0.645983164055));
#222 = CARTESIAN_POINT('',(0.645308523263,0.648412470438));
#223 = CARTESIAN_POINT('',(0.645107831015,0.650842501114));
#224 = CARTESIAN_POINT('',(0.644716984733,0.655557089454));
#225 = CARTESIAN_POINT('',(0.644526926754,0.657841563145));
#226 = CARTESIAN_POINT('',(0.644336124043,0.660126662585));
#227 = CARTESIAN_POINT('',(0.644144554095,0.662412380674));
#228 = CARTESIAN_POINT('',(0.643952192447,0.664698709812));
#229 = CARTESIAN_POINT('',(0.643759012678,0.666985641902));
#230 = CARTESIAN_POINT('',(0.643165731732,0.673980291965));
#231 = CARTESIAN_POINT('',(0.642762890535,0.678689932119));
#232 = CARTESIAN_POINT('',(0.642356219369,0.683402014139));
#233 = CARTESIAN_POINT('',(0.641945431385,0.688116453997));
#234 = CARTESIAN_POINT('',(0.64153019633,0.692833158312));
#235 = CARTESIAN_POINT('',(0.641110140547,0.697552024346));
#236 = CARTESIAN_POINT('',(0.640319513588,0.706328275609));
#237 = CARTESIAN_POINT('',(0.639950312331,0.710385123461));
#238 = CARTESIAN_POINT('',(0.639576978685,0.714443412501));
#239 = CARTESIAN_POINT('',(0.639199217109,0.718503066206));
#240 = CARTESIAN_POINT('',(0.638816701048,0.722564002594));
#241 = CARTESIAN_POINT('',(0.63842907293,0.726626134222));
#242 = CARTESIAN_POINT('',(0.638035944167,0.730689368189));
#243 = ( GEOMETRIC_REPRESENTATION_CONTEXT(2) 
PARAMETRIC_REPRESENTATION_CONTEXT() REPRESENTATION_CONTEXT('2D SPACE',''
  ) );
#244 = PCURVE('',#245,#250);
#245 = PLANE('',#246);
#246 = AXIS2_PLACEMENT_3D('',#247,#248,#249);
#247 = CARTESIAN_POINT('',(-22.,-142.,-66.));
#248 = DIRECTION('',(1.,0.,0.));
#249 = DIRECTION('',(0.,0.,1.));
#250 = DEFINITIONAL_REPRESENTATION('',(#251),#320);
#251 = B_SPLINE_CURVE_WITH_KNOTS('',7,(#252,#253,#254,#255,#256,#257,
    #258,#259,#260,#261,#262,#263,#264,#265,#266,#267,#268,#269,#270,
    #271,#272,#273,#274,#275,#276,#277,#278,#279,#280,#281,#282,#283,
    #284,#285,#286,#287,#288,#289,#290,#291,#292,#293,#294,#295,#296,
    #297,#298,#299,#300,#301,#302,#303,#304,#305,#306,#307,#308,#309,
    #310,#311,#312,#313,#314,#315,#316,#317,#318,#319),.UNSPECIFIED.,.F.
  ,.F.,(8,6,6,6,6,6,6,6,6,6,6,8),(0.,0.298000319642,0.473071859127,
    0.565720940549,0.627266695111,0.668921142434,0.725775613295,
    0.795519585109,0.83247121301,0.867189616431,0.93863089601,1.),
  .UNSPECIFIED.);
#252 = CARTESIAN_POINT('',(0.,-120.4850904739));
#253 = CARTESIAN_POINT('',(5.6273778269,-120.4913905002));
#254 = CARTESIAN_POINT('',(11.254493782564,-120.5701148948));
#255 = CARTESIAN_POINT('',(16.880596596936,-120.7078894429));
#256 = CARTESIAN_POINT('',(22.505218692605,-120.8937208371));
#257 = CARTESIAN_POINT('',(28.12819789143,-121.1182265955));
#258 = CARTESIAN_POINT('',(33.749684545072,-121.3734082411));
#259 = CARTESIAN_POINT('',(42.67209759616,-121.8164365515));
#260 = CARTESIAN_POINT('',(45.973636641627,-121.9886335376));
#261 = CARTESIAN_POINT('',(49.274812962731,-122.167696752));
#262 = CARTESIAN_POINT('',(52.575676802033,-122.3523919435));
#263 = CARTESIAN_POINT('',(55.876278902989,-122.5416186062));
#264 = CARTESIAN_POINT('',(59.176670702572,-122.7344064222));
#265 = CARTESIAN_POINT('',(64.223410802783,-123.0333836363));
#266 = CARTESIAN_POINT('',(65.969872156395,-123.1376123338));
#267 = CARTESIAN_POINT('',(67.716295321872,-123.2424793959));
#268 = CARTESIAN_POINT('',(69.462686861463,-123.3478709949));
#269 = CARTESIAN_POINT('',(71.20905282989,-123.4536838733));
#270 = CARTESIAN_POINT('',(72.955398774344,-123.5598253439));
#271 = CARTESIAN_POINT('',(75.86179797271,-123.7368856194));
#272 = CARTESIAN_POINT('',(77.021859570876,-123.8076667794));
#273 = CARTESIAN_POINT('',(78.181915986726,-123.8785327202));
#274 = CARTESIAN_POINT('',(79.341968548546,-123.9494615805));
#275 = CARTESIAN_POINT('',(80.502018455169,-124.0204336867));
#276 = CARTESIAN_POINT('',(81.662066775974,-124.0914315531));
#277 = CARTESIAN_POINT('',(83.607240006824,-124.210498643));
#278 = CARTESIAN_POINT('',(84.392365264879,-124.258562211));
#279 = CARTESIAN_POINT('',(85.177490514993,-124.3066258514));
#280 = CARTESIAN_POINT('',(85.962616017236,-124.3546853158));
#281 = CARTESIAN_POINT('',(86.747742001815,-124.4027368415));
#282 = CARTESIAN_POINT('',(87.532868669061,-124.4507771525));
#283 = CARTESIAN_POINT('',(89.389622692692,-124.5643549273));
#284 = CARTESIAN_POINT('',(90.461250783628,-124.6298803354));
#285 = CARTESIAN_POINT('',(91.532880896718,-124.6953725598));
#286 = CARTESIAN_POINT('',(92.604513356129,-124.7608262742));
#287 = CARTESIAN_POINT('',(93.676148375722,-124.82623795));
#288 = CARTESIAN_POINT('',(94.747786059052,-124.8916058553));
#289 = CARTESIAN_POINT('',(97.134018771057,-125.0370639321));
#290 = CARTESIAN_POINT('',(98.448615135895,-125.1171321486));
#291 = CARTESIAN_POINT('',(99.763215485247,-125.1971347535));
#292 = CARTESIAN_POINT('',(101.07781954174,-125.2770762406));
#293 = CARTESIAN_POINT('',(102.3924267593,-125.3569655488));
#294 = CARTESIAN_POINT('',(103.7070363231,-125.4368160619));
#295 = CARTESIAN_POINT('',(105.7181519346,-125.5589407586));
#296 = CARTESIAN_POINT('',(106.4146570726,-125.6012300474));
#297 = CARTESIAN_POINT('',(107.11116240154,-125.6435161457));
#298 = CARTESIAN_POINT('',(107.80766773632,-125.6858021024));
#299 = CARTESIAN_POINT('',(108.50417286883,-125.7280913452));
#300 = CARTESIAN_POINT('',(109.20067756791,-125.77038768));
#301 = CARTESIAN_POINT('',(110.55159137482,-125.8524459822));
#302 = CARTESIAN_POINT('',(111.2060005626,-125.8922066335));
#303 = CARTESIAN_POINT('',(111.86040893203,-125.9319807168));
#304 = CARTESIAN_POINT('',(112.51481625291,-125.9717720148));
#305 = CARTESIAN_POINT('',(113.16922227556,-126.0115846215));
#306 = CARTESIAN_POINT('',(113.8236267308,-126.051422942));
#307 = CARTESIAN_POINT('',(115.82461657012,-126.1733310241));
#308 = CARTESIAN_POINT('',(117.17119592531,-126.2554993303));
#309 = CARTESIAN_POINT('',(118.51776491861,-126.337837496));
#310 = CARTESIAN_POINT('',(119.86432065642,-126.4203924663));
#311 = CARTESIAN_POINT('',(121.21085982848,-126.5032172468));
#312 = CARTESIAN_POINT('',(122.55737870784,-126.586370904));
#313 = CARTESIAN_POINT('',(125.06053157,-126.7416872276));
#314 = CARTESIAN_POINT('',(126.21717191455,-126.8137467799));
#315 = CARTESIAN_POINT('',(127.37379156523,-126.8861385251));
#316 = CARTESIAN_POINT('',(128.53038759295,-126.9589074558));
#317 = CARTESIAN_POINT('',(129.68695675878,-127.0321022536));
#318 = CARTESIAN_POINT('',(130.84349551398,-127.1057752899));
#319 = CARTESIAN_POINT('',(132.,-127.1799826251));
#320 = ( GEOMETRIC_REPRESENTATION_CONTEXT(2) 
PARAMETRIC_REPRESENTATION_CONTEXT() REPRESENTATION_CONTEXT('2D SPACE',''
  ) );
#321 = ORIENTED_EDGE('',*,*,#322,.F.);
#322 = EDGE_CURVE('',#323,#22,#325,.T.);
#323 = VERTEX_POINT('',#324);
#324 = CARTESIAN_POINT('',(22.,-21.51490953535,-66.));
#325 = SURFACE_CURVE('',#326,(#343,#363),.PCURVE_S1.);
#326 = B_SPLINE_CURVE_WITH_KNOTS('',8,(#327,#328,#329,#330,#331,#332,
    #333,#334,#335,#336,#337,#338,#339,#340,#341,#342),.UNSPECIFIED.,.F.
  ,.F.,(9,7,9),(0.,0.500001839853,1.),.UNSPECIFIED.);
#327 = CARTESIAN_POINT('',(22.,-21.51490953535,-66.));
#328 = CARTESIAN_POINT('',(19.348902014849,-22.40009207307,-66.));
#329 = CARTESIAN_POINT('',(16.649985241558,-23.137714238,-66.));
#330 = CARTESIAN_POINT('',(13.915394133468,-23.74029565373,-66.));
#331 = CARTESIAN_POINT('',(11.155037793442,-24.21514240876,-66.));
#332 = CARTESIAN_POINT('',(8.377264371627,-24.56771232817,-66.));
#333 = CARTESIAN_POINT('',(5.588848490211,-24.80150504344,-66.));
#334 = CARTESIAN_POINT('',(2.795129526353,-24.91851309826,-66.));
#335 = CARTESIAN_POINT('',(-2.795273357414,-24.918507078,-66.));
#336 = CARTESIAN_POINT('',(-5.588971545803,-24.80149472843,-66.));
#337 = CARTESIAN_POINT('',(-8.377366512592,-24.56769936594,-66.));
#338 = CARTESIAN_POINT('',(-11.15511897895,-24.21512844301,-66.));
#339 = CARTESIAN_POINT('',(-13.91545444882,-23.740282361,-66.));
#340 = CARTESIAN_POINT('',(-16.65002493274,-23.13770338422,-66.));
#341 = CARTESIAN_POINT('',(-19.34892151912,-22.40008555037,-66.));
#342 = CARTESIAN_POINT('',(-22.,-21.51490952604,-66.));
#343 = PCURVE('',#97,#344);
#344 = DEFINITIONAL_REPRESENTATION('',(#345),#362);
#345 = B_SPLINE_CURVE_WITH_KNOTS('',8,(#346,#347,#348,#349,#350,#351,
    #352,#353,#354,#355,#356,#357,#358,#359,#360,#361),.UNSPECIFIED.,.F.
  ,.F.,(9,7,9),(0.,0.500001839853,1.),.UNSPECIFIED.);
#346 = CARTESIAN_POINT('',(0.834161872106,0.275839849123));
#347 = CARTESIAN_POINT('',(0.822955414858,0.275839849123));
#348 = CARTESIAN_POINT('',(0.812073741812,0.275839849123));
#349 = CARTESIAN_POINT('',(0.801430173463,0.275839849123));
#350 = CARTESIAN_POINT('',(0.790968103118,0.275839849123));
#351 = CARTESIAN_POINT('',(0.780638530014,0.275839849123));
#352 = CARTESIAN_POINT('',(0.770397761015,0.275839849123));
#353 = CARTESIAN_POINT('',(0.760201451033,0.275839849123));
#354 = CARTESIAN_POINT('',(0.739798024045,0.275839849123));
#355 = CARTESIAN_POINT('',(0.729601787068,0.275839849123));
#356 = CARTESIAN_POINT('',(0.719361090174,0.275839849123));
#357 = CARTESIAN_POINT('',(0.709031589179,0.275839849123));
#358 = CARTESIAN_POINT('',(0.698569591773,0.275839849123));
#359 = CARTESIAN_POINT('',(0.687926098144,0.275839849123));
#360 = CARTESIAN_POINT('',(0.677044502667,0.275839849123));
#361 = CARTESIAN_POINT('',(0.665838127861,0.275839849123));
#362 = ( GEOMETRIC_REPRESENTATION_CONTEXT(2) 
PARAMETRIC_REPRESENTATION_CONTEXT() REPRESENTATION_CONTEXT('2D SPACE',''
  ) );
#363 = PCURVE('',#364,#369);
#364 = PLANE('',#365);
#365 = AXIS2_PLACEMENT_3D('',#366,#367,#368);
#366 = CARTESIAN_POINT('',(-22.,-142.,-66.));
#367 = DIRECTION('',(0.,0.,1.));
#368 = DIRECTION('',(1.,0.,0.));
#369 = DEFINITIONAL_REPRESENTATION('',(#370),#387);
#370 = B_SPLINE_CURVE_WITH_KNOTS('',8,(#371,#372,#373,#374,#375,#376,
    #377,#378,#379,#380,#381,#382,#383,#384,#385,#386),.UNSPECIFIED.,.F.
  ,.F.,(9,7,9),(0.,0.500001839853,1.),.UNSPECIFIED.);
#371 = CARTESIAN_POINT('',(44.,120.48509046464));
#372 = CARTESIAN_POINT('',(41.348902014849,119.59990792693));
#373 = CARTESIAN_POINT('',(38.649985241558,118.86228576199));
#374 = CARTESIAN_POINT('',(35.915394133468,118.25970434626));
#375 = CARTESIAN_POINT('',(33.155037793442,117.78485759123));
#376 = CARTESIAN_POINT('',(30.377264371627,117.43228767182));
#377 = CARTESIAN_POINT('',(27.588848490211,117.19849495655));
#378 = CARTESIAN_POINT('',(24.795129526353,117.08148690174));
#379 = CARTESIAN_POINT('',(19.204726642586,117.08149292199));
#380 = CARTESIAN_POINT('',(16.411028454197,117.19850527156));
#381 = CARTESIAN_POINT('',(13.622633487408,117.43230063405));
#382 = CARTESIAN_POINT('',(10.844881021042,117.78487155698));
#383 = CARTESIAN_POINT('',(8.084545551175,118.259717639));
#384 = CARTESIAN_POINT('',(5.349975067258,118.86229661577));
#385 = CARTESIAN_POINT('',(2.651078480879,119.59991444962));
#386 = CARTESIAN_POINT('',(0.,120.48509047396));
#387 = ( GEOMETRIC_REPRESENTATION_CONTEXT(2) 
PARAMETRIC_REPRESENTATION_CONTEXT() REPRESENTATION_CONTEXT('2D SPACE',''
  ) );
#388 = ORIENTED_EDGE('',*,*,#389,.T.);
#389 = EDGE_CURVE('',#323,#390,#392,.T.);
#390 = VERTEX_POINT('',#391);
#391 = CARTESIAN_POINT('',(22.,-14.82001737032,66.));
#392 = SURFACE_CURVE('',#393,(#462,#534),.PCURVE_S1.);
#393 = B_SPLINE_CURVE_WITH_KNOTS('',7,(#394,#395,#396,#397,#398,#399,
    #400,#401,#402,#403,#404,#405,#406,#407,#408,#409,#410,#411,#412,
    #413,#414,#415,#416,#417,#418,#419,#420,#421,#422,#423,#424,#425,
    #426,#427,#428,#429,#430,#431,#432,#433,#434,#435,#436,#437,#438,
    #439,#440,#441,#442,#443,#444,#445,#446,#447,#448,#449,#450,#451,
    #452,#453,#454,#455,#456,#457,#458,#459,#460,#461),.UNSPECIFIED.,.F.
  ,.F.,(8,6,6,6,6,6,6,6,6,6,6,8),(0.,0.298000318188,0.47307185768,
    0.565720939107,0.627266693674,0.668921141,0.725775611866,
    0.795519583685,0.832471211588,0.867189615012,0.938630894596,1.),
  .UNSPECIFIED.);
#394 = CARTESIAN_POINT('',(22.,-21.51490953535,-66.));
#395 = CARTESIAN_POINT('',(22.,-21.50860950914,-60.37262220051));
#396 = CARTESIAN_POINT('',(22.,-21.42988511515,-54.74550627223));
#397 = CARTESIAN_POINT('',(22.,-21.29211056827,-49.11940348529));
#398 = CARTESIAN_POINT('',(22.,-21.10627917549,-43.49478141696));
#399 = CARTESIAN_POINT('',(22.,-20.88177341882,-37.87180224553));
#400 = CARTESIAN_POINT('',(22.,-20.62659177494,-32.25031561923));
#401 = CARTESIAN_POINT('',(22.,-20.18356346653,-23.32790259535));
#402 = CARTESIAN_POINT('',(22.,-20.0113664806,-20.02636354974));
#403 = CARTESIAN_POINT('',(22.,-19.83230326633,-16.72518722849));
#404 = CARTESIAN_POINT('',(22.,-19.64760807486,-13.42432338905));
#405 = CARTESIAN_POINT('',(22.,-19.45838141212,-10.12372128796));
#406 = CARTESIAN_POINT('',(22.,-19.26559359602,-6.823329488252));
#407 = CARTESIAN_POINT('',(22.,-18.9666163816,-1.776589387802));
#408 = CARTESIAN_POINT('',(22.,-18.86238768406,-3.01280340761E-02));
#409 = CARTESIAN_POINT('',(22.,-18.75752062182,1.716295131513));
#410 = CARTESIAN_POINT('',(22.,-18.65212902267,3.462686671217));
#411 = CARTESIAN_POINT('',(22.,-18.54631614411,5.209052639755));
#412 = CARTESIAN_POINT('',(22.,-18.44017467331,6.955398584318));
#413 = CARTESIAN_POINT('',(22.,-18.26311439748,9.861797782877));
#414 = CARTESIAN_POINT('',(22.,-18.19233323741,11.021859381127));
#415 = CARTESIAN_POINT('',(22.,-18.12146729641,12.181915797059));
#416 = CARTESIAN_POINT('',(22.,-18.05053843597,13.341968358962));
#417 = CARTESIAN_POINT('',(22.,-17.97956632967,14.502018265667));
#418 = CARTESIAN_POINT('',(22.,-17.90856846312,15.662066586554));
#419 = CARTESIAN_POINT('',(22.,-17.78950137301,17.607239817544));
#420 = CARTESIAN_POINT('',(22.,-17.7414378049,18.392365075658));
#421 = CARTESIAN_POINT('',(22.,-17.69337416433,19.17749032583));
#422 = CARTESIAN_POINT('',(22.,-17.64531469988,19.962615828132));
#423 = CARTESIAN_POINT('',(22.,-17.59726317398,20.747741812768));
#424 = CARTESIAN_POINT('',(22.,-17.54922286293,21.532868480072));
#425 = CARTESIAN_POINT('',(22.,-17.43564508783,23.389622503841));
#426 = CARTESIAN_POINT('',(22.,-17.37011967952,24.461250594857));
#427 = CARTESIAN_POINT('',(22.,-17.30462745504,25.532880708028));
#428 = CARTESIAN_POINT('',(22.,-17.23917374038,26.604513167519));
#429 = CARTESIAN_POINT('',(22.,-17.17376206444,27.676148187191));
#430 = CARTESIAN_POINT('',(22.,-17.10839415901,28.747785870601));
#431 = CARTESIAN_POINT('',(22.,-16.96293608178,31.134018582782));
#432 = CARTESIAN_POINT('',(22.,-16.88286786505,32.448614947717));
#433 = CARTESIAN_POINT('',(22.,-16.80286525991,33.763215297166));
#434 = CARTESIAN_POINT('',(22.,-16.72292377257,35.077819353763));
#435 = CARTESIAN_POINT('',(22.,-16.64303446417,36.392426571417));
#436 = CARTESIAN_POINT('',(22.,-16.5631839508,37.707036135308));
#437 = CARTESIAN_POINT('',(22.,-16.44105925374,39.718151746951));
#438 = CARTESIAN_POINT('',(22.,-16.39876996485,40.414656885003));
#439 = CARTESIAN_POINT('',(22.,-16.35648386641,41.111162213989));
#440 = CARTESIAN_POINT('',(22.,-16.31419790951,41.807667548819));
#441 = CARTESIAN_POINT('',(22.,-16.27190866663,42.504172681376));
#442 = CARTESIAN_POINT('',(22.,-16.22961233166,43.200677380508));
#443 = CARTESIAN_POINT('',(22.,-16.14755402921,44.55159118751));
#444 = CARTESIAN_POINT('',(22.,-16.10779337781,45.206000375338));
#445 = CARTESIAN_POINT('',(22.,-16.06801929438,45.860408744812));
#446 = CARTESIAN_POINT('',(22.,-16.02822799626,46.514816065733));
#447 = CARTESIAN_POINT('',(22.,-15.98841538949,47.16922208842));
#448 = CARTESIAN_POINT('',(22.,-15.9485770688,47.823626543704));
#449 = CARTESIAN_POINT('',(22.,-15.82666898637,49.824616383156));
#450 = CARTESIAN_POINT('',(22.,-15.7445006799,51.17119573842));
#451 = CARTESIAN_POINT('',(22.,-15.66216251389,52.517764731798));
#452 = CARTESIAN_POINT('',(22.,-15.57960754335,53.864320469691));
#453 = CARTESIAN_POINT('',(22.,-15.49678276255,55.210859641829));
#454 = CARTESIAN_POINT('',(22.,-15.4136291051,56.557378521269));
#455 = CARTESIAN_POINT('',(22.,-15.25831277939,59.060531410154));
#456 = CARTESIAN_POINT('',(22.,-15.18625322518,60.217171781347));
#457 = CARTESIAN_POINT('',(22.,-15.11386147807,61.373791458679));
#458 = CARTESIAN_POINT('',(22.,-15.04109254553,62.530387513042));
#459 = CARTESIAN_POINT('',(22.,-14.96789774573,63.686956705511));
#460 = CARTESIAN_POINT('',(22.,-14.89422470749,64.843495487348));
#461 = CARTESIAN_POINT('',(22.,-14.82001737032,66.));
#462 = PCURVE('',#97,#463);
#463 = DEFINITIONAL_REPRESENTATION('',(#464),#533);
#464 = B_SPLINE_CURVE_WITH_KNOTS('',7,(#465,#466,#467,#468,#469,#470,
    #471,#472,#473,#474,#475,#476,#477,#478,#479,#480,#481,#482,#483,
    #484,#485,#486,#487,#488,#489,#490,#491,#492,#493,#494,#495,#496,
    #497,#498,#499,#500,#501,#502,#503,#504,#505,#506,#507,#508,#509,
    #510,#511,#512,#513,#514,#515,#516,#517,#518,#519,#520,#521,#522,
    #523,#524,#525,#526,#527,#528,#529,#530,#531,#532),.UNSPECIFIED.,.F.
  ,.F.,(8,6,6,6,6,6,6,6,6,6,6,8),(0.,0.298000318188,0.47307185768,
    0.565720939107,0.627266693674,0.668921141,0.725775611866,
    0.795519583685,0.832471211588,0.867189615012,0.938630894596,1.),
  .UNSPECIFIED.);
#465 = CARTESIAN_POINT('',(0.834161872106,0.275839849123));
#466 = CARTESIAN_POINT('',(0.83418217243,0.295144039156));
#467 = CARTESIAN_POINT('',(0.834435848657,0.314390185395));
#468 = CARTESIAN_POINT('',(0.83488026918,0.333594755101));
#469 = CARTESIAN_POINT('',(0.83548754488,0.352772403097));
#470 = CARTESIAN_POINT('',(0.836235318341,0.371936611668));
#471 = CARTESIAN_POINT('',(0.837105220071,0.391099967379));
#472 = CARTESIAN_POINT('',(0.83865472496,0.421539008939));
#473 = CARTESIAN_POINT('',(0.8392647918,0.4328072956));
#474 = CARTESIAN_POINT('',(0.839908255597,0.444081424255));
#475 = CARTESIAN_POINT('',(0.840582171498,0.455363426618));
#476 = CARTESIAN_POINT('',(0.841283816051,0.46665512554));
#477 = CARTESIAN_POINT('',(0.842010673139,0.477958137016));
#478 = CARTESIAN_POINT('',(0.84315728029,0.495262227455));
#479 = CARTESIAN_POINT('',(0.843560510307,0.501254147925));
#480 = CARTESIAN_POINT('',(0.843969829307,0.507249832751));
#481 = CARTESIAN_POINT('',(0.844384921408,0.5132494693));
#482 = CARTESIAN_POINT('',(0.844805493799,0.519253226083));
#483 = CARTESIAN_POINT('',(0.845231276741,0.525261252753));
#484 = CARTESIAN_POINT('',(0.845948163891,0.535267668738));
#485 = CARTESIAN_POINT('',(0.846236495647,0.539263599118));
#486 = CARTESIAN_POINT('',(0.846526946916,0.543261509475));
#487 = CARTESIAN_POINT('',(0.846819452121,0.547261434093));
#488 = CARTESIAN_POINT('',(0.84711395202,0.551263403314));
#489 = CARTESIAN_POINT('',(0.847410393712,0.555267443533));
#490 = CARTESIAN_POINT('',(0.84791064642,0.561984946736));
#491 = CARTESIAN_POINT('',(0.848113430546,0.56469727518));
#492 = CARTESIAN_POINT('',(0.84831706868,0.567410569481));
#493 = CARTESIAN_POINT('',(0.848521548195,0.570124835717));
#494 = CARTESIAN_POINT('',(0.848726858162,0.572840079098));
#495 = CARTESIAN_POINT('',(0.848932989349,0.57555630397));
#496 = CARTESIAN_POINT('',(0.849422394858,0.581982254113));
#497 = CARTESIAN_POINT('',(0.849706371789,0.585692829348));
#498 = CARTESIAN_POINT('',(0.849991845472,0.589405248387));
#499 = CARTESIAN_POINT('',(0.850278803771,0.593119516959));
#500 = CARTESIAN_POINT('',(0.85056724196,0.596835637651));
#501 = CARTESIAN_POINT('',(0.850857162729,0.600553609912));
#502 = CARTESIAN_POINT('',(0.85150605609,0.608836572168));
#503 = CARTESIAN_POINT('',(0.851865783776,0.613402494895));
#504 = CARTESIAN_POINT('',(0.852227776771,0.61797119147));
#505 = CARTESIAN_POINT('',(0.852592074776,0.62254264763));
#506 = CARTESIAN_POINT('',(0.852958739653,0.627116841607));
#507 = CARTESIAN_POINT('',(0.853327855425,0.631693744126));
#508 = CARTESIAN_POINT('',(0.853896447333,0.63869966036));
#509 = CARTESIAN_POINT('',(0.854094084545,0.641126752272));
#510 = CARTESIAN_POINT('',(0.854292455979,0.643554588655));
#511 = CARTESIAN_POINT('',(0.854491579875,0.645983163401));
#512 = CARTESIAN_POINT('',(0.854691476651,0.648412469784));
#513 = CARTESIAN_POINT('',(0.854892168899,0.65084250046));
#514 = CARTESIAN_POINT('',(0.855283015181,0.655557088801));
#515 = CARTESIAN_POINT('',(0.85547307316,0.657841562491));
#516 = CARTESIAN_POINT('',(0.85566387587,0.660126661932));
#517 = CARTESIAN_POINT('',(0.855855445818,0.662412380021));
#518 = CARTESIAN_POINT('',(0.856047807467,0.664698709158));
#519 = CARTESIAN_POINT('',(0.856240987236,0.666985641249));
#520 = CARTESIAN_POINT('',(0.856834268182,0.673980291311));
#521 = CARTESIAN_POINT('',(0.857237109379,0.678689931465));
#522 = CARTESIAN_POINT('',(0.857643780544,0.683402013485));
#523 = CARTESIAN_POINT('',(0.858054568528,0.688116453343));
#524 = CARTESIAN_POINT('',(0.858469803583,0.692833157658));
#525 = CARTESIAN_POINT('',(0.858889859365,0.697552023692));
#526 = CARTESIAN_POINT('',(0.859680486333,0.706328275049));
#527 = CARTESIAN_POINT('',(0.860049687598,0.710385122993));
#528 = CARTESIAN_POINT('',(0.860423021253,0.714443412127));
#529 = CARTESIAN_POINT('',(0.860800782837,0.718503065925));
#530 = CARTESIAN_POINT('',(0.861183298907,0.722564002407));
#531 = CARTESIAN_POINT('',(0.861570927035,0.726626134129));
#532 = CARTESIAN_POINT('',(0.861964055808,0.730689368189));
#533 = ( GEOMETRIC_REPRESENTATION_CONTEXT(2) 
PARAMETRIC_REPRESENTATION_CONTEXT() REPRESENTATION_CONTEXT('2D SPACE',''
  ) );
#534 = PCURVE('',#535,#540);
#535 = PLANE('',#536);
#536 = AXIS2_PLACEMENT_3D('',#537,#538,#539);
#537 = CARTESIAN_POINT('',(22.,-142.,-66.));
#538 = DIRECTION('',(1.,0.,0.));
#539 = DIRECTION('',(0.,0.,1.));
#540 = DEFINITIONAL_REPRESENTATION('',(#541),#610);
#541 = B_SPLINE_CURVE_WITH_KNOTS('',7,(#542,#543,#544,#545,#546,#547,
    #548,#549,#550,#551,#552,#553,#554,#555,#556,#557,#558,#559,#560,
    #561,#562,#563,#564,#565,#566,#567,#568,#569,#570,#571,#572,#573,
    #574,#575,#576,#577,#578,#579,#580,#581,#582,#583,#584,#585,#586,
    #587,#588,#589,#590,#591,#592,#593,#594,#595,#596,#597,#598,#599,
    #600,#601,#602,#603,#604,#605,#606,#607,#608,#609),.UNSPECIFIED.,.F.
  ,.F.,(8,6,6,6,6,6,6,6,6,6,6,8),(0.,0.298000318188,0.47307185768,
    0.565720939107,0.627266693674,0.668921141,0.725775611866,
    0.795519583685,0.832471211588,0.867189615012,0.938630894596,1.),
  .UNSPECIFIED.);
#542 = CARTESIAN_POINT('',(0.,-120.4850904646));
#543 = CARTESIAN_POINT('',(5.627377799486,-120.4913904908));
#544 = CARTESIAN_POINT('',(11.254493727762,-120.5701148848));
#545 = CARTESIAN_POINT('',(16.880596514702,-120.7078894317));
#546 = CARTESIAN_POINT('',(22.50521858304,-120.8937208245));
#547 = CARTESIAN_POINT('',(28.128197754467,-121.1182265811));
#548 = CARTESIAN_POINT('',(33.749684380767,-121.373408225));
#549 = CARTESIAN_POINT('',(42.672097404646,-121.8164365334));
#550 = CARTESIAN_POINT('',(45.973636450258,-121.9886335193));
#551 = CARTESIAN_POINT('',(49.274812771504,-122.1676967336));
#552 = CARTESIAN_POINT('',(52.575676610944,-122.3523919251));
#553 = CARTESIAN_POINT('',(55.876278712033,-122.5416185878));
#554 = CARTESIAN_POINT('',(59.176670511748,-122.7344064039));
#555 = CARTESIAN_POINT('',(64.223410612198,-123.0333836183));
#556 = CARTESIAN_POINT('',(65.969871965924,-123.1376123159));
#557 = CARTESIAN_POINT('',(67.716295131513,-123.2424793781));
#558 = CARTESIAN_POINT('',(69.462686671217,-123.3478709773));
#559 = CARTESIAN_POINT('',(71.209052639755,-123.4536838558));
#560 = CARTESIAN_POINT('',(72.955398584318,-123.5598253266));
#561 = CARTESIAN_POINT('',(75.861797782877,-123.7368856025));
#562 = CARTESIAN_POINT('',(77.021859381127,-123.8076667625));
#563 = CARTESIAN_POINT('',(78.181915797059,-123.8785327035));
#564 = CARTESIAN_POINT('',(79.341968358962,-123.949461564));
#565 = CARTESIAN_POINT('',(80.502018265667,-124.0204336703));
#566 = CARTESIAN_POINT('',(81.662066586554,-124.0914315368));
#567 = CARTESIAN_POINT('',(83.607239817544,-124.2104986269));
#568 = CARTESIAN_POINT('',(84.392365075658,-124.258562195));
#569 = CARTESIAN_POINT('',(85.17749032583,-124.3066258356));
#570 = CARTESIAN_POINT('',(85.962615828132,-124.3546853001));
#571 = CARTESIAN_POINT('',(86.747741812768,-124.402736826));
#572 = CARTESIAN_POINT('',(87.532868480072,-124.450777137));
#573 = CARTESIAN_POINT('',(89.389622503841,-124.5643549121));
#574 = CARTESIAN_POINT('',(90.461250594857,-124.6298803204));
#575 = CARTESIAN_POINT('',(91.532880708028,-124.6953725449));
#576 = CARTESIAN_POINT('',(92.604513167519,-124.7608262596));
#577 = CARTESIAN_POINT('',(93.676148187191,-124.8262379355));
#578 = CARTESIAN_POINT('',(94.747785870601,-124.8916058409));
#579 = CARTESIAN_POINT('',(97.134018582782,-125.0370639182));
#580 = CARTESIAN_POINT('',(98.448614947717,-125.1171321349));
#581 = CARTESIAN_POINT('',(99.763215297166,-125.19713474));
#582 = CARTESIAN_POINT('',(101.07781935376,-125.2770762274));
#583 = CARTESIAN_POINT('',(102.39242657141,-125.3569655358));
#584 = CARTESIAN_POINT('',(103.7070361353,-125.4368160491));
#585 = CARTESIAN_POINT('',(105.71815174695,-125.5589407462));
#586 = CARTESIAN_POINT('',(106.414656885,-125.6012300351));
#587 = CARTESIAN_POINT('',(107.11116221398,-125.6435161335));
#588 = CARTESIAN_POINT('',(107.80766754881,-125.6858020904));
#589 = CARTESIAN_POINT('',(108.50417268137,-125.7280913333));
#590 = CARTESIAN_POINT('',(109.2006773805,-125.7703876683));
#591 = CARTESIAN_POINT('',(110.55159118751,-125.8524459707));
#592 = CARTESIAN_POINT('',(111.20600037533,-125.8922066221));
#593 = CARTESIAN_POINT('',(111.86040874481,-125.9319807056));
#594 = CARTESIAN_POINT('',(112.51481606573,-125.9717720037));
#595 = CARTESIAN_POINT('',(113.16922208842,-126.0115846105));
#596 = CARTESIAN_POINT('',(113.8236265437,-126.0514229312));
#597 = CARTESIAN_POINT('',(115.82461638315,-126.1733310136));
#598 = CARTESIAN_POINT('',(117.17119573842,-126.25549932));
#599 = CARTESIAN_POINT('',(118.51776473179,-126.3378374861));
#600 = CARTESIAN_POINT('',(119.86432046969,-126.4203924566));
#601 = CARTESIAN_POINT('',(121.21085964182,-126.5032172374));
#602 = CARTESIAN_POINT('',(122.55737852126,-126.5863708948));
#603 = CARTESIAN_POINT('',(125.06053141015,-126.7416872206));
#604 = CARTESIAN_POINT('',(126.21717178134,-126.8137467748));
#605 = CARTESIAN_POINT('',(127.37379145867,-126.8861385219));
#606 = CARTESIAN_POINT('',(128.53038751304,-126.9589074544));
#607 = CARTESIAN_POINT('',(129.68695670551,-127.0321022542));
#608 = CARTESIAN_POINT('',(130.84349548734,-127.1057752925));
#609 = CARTESIAN_POINT('',(132.,-127.1799826296));
#610 = ( GEOMETRIC_REPRESENTATION_CONTEXT(2) 
PARAMETRIC_REPRESENTATION_CONTEXT() REPRESENTATION_CONTEXT('2D SPACE',''
  ) );
#611 = ORIENTED_EDGE('',*,*,#612,.T.);
#612 = EDGE_CURVE('',#390,#24,#613,.T.);
#613 = SURFACE_CURVE('',#614,(#645,#679),.PCURVE_S1.);
#614 = B_SPLINE_CURVE_WITH_KNOTS('',8,(#615,#616,#617,#618,#619,#620,
    #621,#622,#623,#624,#625,#626,#627,#628,#629,#630,#631,#632,#633,
    #634,#635,#636,#637,#638,#639,#640,#641,#642,#643,#644),
  .UNSPECIFIED.,.F.,.F.,(9,7,7,7,9),(0.,0.118158530835,0.500001413789,
    0.881844047383,1.),.UNSPECIFIED.);
#615 = CARTESIAN_POINT('',(22.,-14.82001737032,66.));
#616 = CARTESIAN_POINT('',(21.397521283176,-15.11205551936,66.));
#617 = CARTESIAN_POINT('',(20.788884929162,-15.39136149821,66.));
#618 = CARTESIAN_POINT('',(20.174651831972,-15.65833975809,66.));
#619 = CARTESIAN_POINT('',(19.555326503244,-15.91335360776,66.));
#620 = CARTESIAN_POINT('',(18.931360817111,-16.15673418896,66.));
#621 = CARTESIAN_POINT('',(18.303156614639,-16.38878673234,66.));
#622 = CARTESIAN_POINT('',(17.671067167857,-16.60979409365,66.));
#623 = CARTESIAN_POINT('',(14.981157868042,-17.49937891603,66.));
#624 = CARTESIAN_POINT('',(12.890633978384,-18.06575672883,66.));
#625 = CARTESIAN_POINT('',(10.772990170214,-18.528576231,66.));
#626 = CARTESIAN_POINT('',(8.635728581053,-18.89337279256,66.));
#627 = CARTESIAN_POINT('',(6.485181088664,-19.16427179996,66.));
#628 = CARTESIAN_POINT('',(4.326503648164,-19.34392345332,66.));
#629 = CARTESIAN_POINT('',(2.163776442949,-19.43383184148,66.));
#630 = CARTESIAN_POINT('',(-2.163903246288,-19.43382718104,66.));
#631 = CARTESIAN_POINT('',(-4.326628835394,-19.34391425224,66.));
#632 = CARTESIAN_POINT('',(-6.485304475295,-19.16425812689,66.));
#633 = CARTESIAN_POINT('',(-8.635849982858,-18.89335466842,66.));
#634 = CARTESIAN_POINT('',(-10.77310938498,-18.52855363091,66.));
#635 = CARTESIAN_POINT('',(-12.89075076684,-18.06572957853,66.));
#636 = CARTESIAN_POINT('',(-14.98127193453,-17.49934709202,66.));
#637 = CARTESIAN_POINT('',(-17.67116371295,-16.60976032986,66.));
#638 = CARTESIAN_POINT('',(-18.30323885852,-16.3887563455,66.));
#639 = CARTESIAN_POINT('',(-18.93142889041,-16.15670763078,66.));
#640 = CARTESIAN_POINT('',(-19.55538055613,-15.91333134629,66.));
#641 = CARTESIAN_POINT('',(-20.17469203795,-15.65832227953,66.));
#642 = CARTESIAN_POINT('',(-20.78891148897,-15.39134930899,66.));
#643 = CARTESIAN_POINT('',(-21.39753442898,-15.11204914892,66.));
#644 = CARTESIAN_POINT('',(-22.,-14.82001737489,66.));
#645 = PCURVE('',#97,#646);
#646 = DEFINITIONAL_REPRESENTATION('',(#647),#678);
#647 = B_SPLINE_CURVE_WITH_KNOTS('',8,(#648,#649,#650,#651,#652,#653,
    #654,#655,#656,#657,#658,#659,#660,#661,#662,#663,#664,#665,#666,
    #667,#668,#669,#670,#671,#672,#673,#674,#675,#676,#677),
  .UNSPECIFIED.,.F.,.F.,(9,7,7,7,9),(0.,0.118158530835,0.500001413789,
    0.881844047383,1.),.UNSPECIFIED.);
#648 = CARTESIAN_POINT('',(0.861964055808,0.730689368189));
#649 = CARTESIAN_POINT('',(0.858266837622,0.730689368189));
#650 = CARTESIAN_POINT('',(0.854615095539,0.730689368189));
#651 = CARTESIAN_POINT('',(0.851005649457,0.730689368189));
#652 = CARTESIAN_POINT('',(0.847435646833,0.730689368189));
#653 = CARTESIAN_POINT('',(0.843902468931,0.730689368189));
#654 = CARTESIAN_POINT('',(0.840403657271,0.730689368189));
#655 = CARTESIAN_POINT('',(0.836936860288,0.730689368189));
#656 = CARTESIAN_POINT('',(0.822392545197,0.730689368189));
#657 = CARTESIAN_POINT('',(0.811601802225,0.730689368189));
#658 = CARTESIAN_POINT('',(0.801043642433,0.730689368189));
#659 = CARTESIAN_POINT('',(0.790662821981,0.730689368189));
#660 = CARTESIAN_POINT('',(0.780411522614,0.730689368189));
#661 = CARTESIAN_POINT('',(0.770247010494,0.730689368189));
#662 = CARTESIAN_POINT('',(0.760125957097,0.730689368189));
#663 = CARTESIAN_POINT('',(0.739873449516,0.730689368189));
#664 = CARTESIAN_POINT('',(0.729752400903,0.730689368189));
#665 = CARTESIAN_POINT('',(0.71958789178,0.730689368189));
#666 = CARTESIAN_POINT('',(0.709336593599,0.730689368189));
#667 = CARTESIAN_POINT('',(0.698955772477,0.730689368189));
#668 = CARTESIAN_POINT('',(0.688397610031,0.730689368189));
#669 = CARTESIAN_POINT('',(0.67760686225,0.730689368189));
#670 = CARTESIAN_POINT('',(0.66306261016,0.730689368189));
#671 = CARTESIAN_POINT('',(0.659595884632,0.730689368189));
#672 = CARTESIAN_POINT('',(0.65609714557,0.730689368189));
#673 = CARTESIAN_POINT('',(0.652564041552,0.730689368189));
#674 = CARTESIAN_POINT('',(0.648994114244,0.730689368189));
#675 = CARTESIAN_POINT('',(0.645384745072,0.730689368189));
#676 = CARTESIAN_POINT('',(0.641733081677,0.730689368189));
#677 = CARTESIAN_POINT('',(0.638035944167,0.730689368189));
#678 = ( GEOMETRIC_REPRESENTATION_CONTEXT(2) 
PARAMETRIC_REPRESENTATION_CONTEXT() REPRESENTATION_CONTEXT('2D SPACE',''
  ) );
#679 = PCURVE('',#680,#685);
#680 = PLANE('',#681);
#681 = AXIS2_PLACEMENT_3D('',#682,#683,#684);
#682 = CARTESIAN_POINT('',(-22.,-142.,66.));
#683 = DIRECTION('',(0.,0.,1.));
#684 = DIRECTION('',(1.,0.,0.));
#685 = DEFINITIONAL_REPRESENTATION('',(#686),#717);
#686 = B_SPLINE_CURVE_WITH_KNOTS('',8,(#687,#688,#689,#690,#691,#692,
    #693,#694,#695,#696,#697,#698,#699,#700,#701,#702,#703,#704,#705,
    #706,#707,#708,#709,#710,#711,#712,#713,#714,#715,#716),
  .UNSPECIFIED.,.F.,.F.,(9,7,7,7,9),(0.,0.118158530835,0.500001413789,
    0.881844047383,1.),.UNSPECIFIED.);
#687 = CARTESIAN_POINT('',(44.,127.17998262967));
#688 = CARTESIAN_POINT('',(43.397521283176,126.88794448064));
#689 = CARTESIAN_POINT('',(42.788884929162,126.60863850178));
#690 = CARTESIAN_POINT('',(42.174651831972,126.3416602419));
#691 = CARTESIAN_POINT('',(41.555326503244,126.08664639223));
#692 = CARTESIAN_POINT('',(40.931360817111,125.84326581103));
#693 = CARTESIAN_POINT('',(40.303156614639,125.61121326766));
#694 = CARTESIAN_POINT('',(39.671067167857,125.39020590634));
#695 = CARTESIAN_POINT('',(36.981157868042,124.50062108396));
#696 = CARTESIAN_POINT('',(34.890633978384,123.93424327116));
#697 = CARTESIAN_POINT('',(32.772990170214,123.47142376899));
#698 = CARTESIAN_POINT('',(30.635728581053,123.10662720743));
#699 = CARTESIAN_POINT('',(28.485181088664,122.83572820003));
#700 = CARTESIAN_POINT('',(26.326503648164,122.65607654667));
#701 = CARTESIAN_POINT('',(24.163776442949,122.56616815851));
#702 = CARTESIAN_POINT('',(19.836096753712,122.56617281895));
#703 = CARTESIAN_POINT('',(17.673371164606,122.65608574775));
#704 = CARTESIAN_POINT('',(15.514695524705,122.8357418731));
#705 = CARTESIAN_POINT('',(13.364150017142,123.10664533157));
#706 = CARTESIAN_POINT('',(11.226890615018,123.47144636908));
#707 = CARTESIAN_POINT('',(9.10924923316,123.93427042147));
#708 = CARTESIAN_POINT('',(7.018728065468,124.50065290798));
#709 = CARTESIAN_POINT('',(4.328836287049,125.39023967013));
#710 = CARTESIAN_POINT('',(3.696761141476,125.61124365449));
#711 = CARTESIAN_POINT('',(3.068571109584,125.84329236921));
#712 = CARTESIAN_POINT('',(2.444619443861,126.0866686537));
#713 = CARTESIAN_POINT('',(1.825307962045,126.34167772046));
#714 = CARTESIAN_POINT('',(1.211088511027,126.608650691));
#715 = CARTESIAN_POINT('',(0.602465571018,126.88795085107));
#716 = CARTESIAN_POINT('',(0.,127.1799826251));
#717 = ( GEOMETRIC_REPRESENTATION_CONTEXT(2) 
PARAMETRIC_REPRESENTATION_CONTEXT() REPRESENTATION_CONTEXT('2D SPACE',''
  ) );
#718 = ADVANCED_FACE('',(#719),#245,.F.);
#719 = FACE_BOUND('',#720,.F.);
#720 = EDGE_LOOP('',(#721,#744,#745,#768));
#721 = ORIENTED_EDGE('',*,*,#722,.F.);
#722 = EDGE_CURVE('',#24,#723,#725,.T.);
#723 = VERTEX_POINT('',#724);
#724 = CARTESIAN_POINT('',(-22.,-11.58155781626,66.));
#725 = SURFACE_CURVE('',#726,(#730,#737),.PCURVE_S1.);
#726 = LINE('',#727,#728);
#727 = CARTESIAN_POINT('',(-22.,-142.,66.));
#728 = VECTOR('',#729,1.);
#729 = DIRECTION('',(0.,1.,0.));
#730 = PCURVE('',#245,#731);
#731 = DEFINITIONAL_REPRESENTATION('',(#732),#736);
#732 = LINE('',#733,#734);
#733 = CARTESIAN_POINT('',(132.,0.));
#734 = VECTOR('',#735,1.);
#735 = DIRECTION('',(0.,-1.));
#736 = ( GEOMETRIC_REPRESENTATION_CONTEXT(2) 
PARAMETRIC_REPRESENTATION_CONTEXT() REPRESENTATION_CONTEXT('2D SPACE',''
  ) );
#737 = PCURVE('',#680,#738);
#738 = DEFINITIONAL_REPRESENTATION('',(#739),#743);
#739 = LINE('',#740,#741);
#740 = CARTESIAN_POINT('',(0.,0.));
#741 = VECTOR('',#742,1.);
#742 = DIRECTION('',(0.,1.));
#743 = ( GEOMETRIC_REPRESENTATION_CONTEXT(2) 
PARAMETRIC_REPRESENTATION_CONTEXT() REPRESENTATION_CONTEXT('2D SPACE',''
  ) );
#744 = ORIENTED_EDGE('',*,*,#21,.F.);
#745 = ORIENTED_EDGE('',*,*,#746,.T.);
#746 = EDGE_CURVE('',#22,#747,#749,.T.);
#747 = VERTEX_POINT('',#748);
#748 = CARTESIAN_POINT('',(-22.,-18.42304853848,-66.));
#749 = SURFACE_CURVE('',#750,(#754,#761),.PCURVE_S1.);
#750 = LINE('',#751,#752);
#751 = CARTESIAN_POINT('',(-22.,-142.,-66.));
#752 = VECTOR('',#753,1.);
#753 = DIRECTION('',(0.,1.,0.));
#754 = PCURVE('',#245,#755);
#755 = DEFINITIONAL_REPRESENTATION('',(#756),#760);
#756 = LINE('',#757,#758);
#757 = CARTESIAN_POINT('',(0.,0.));
#758 = VECTOR('',#759,1.);
#759 = DIRECTION('',(0.,-1.));
#760 = ( GEOMETRIC_REPRESENTATION_CONTEXT(2) 
PARAMETRIC_REPRESENTATION_CONTEXT() REPRESENTATION_CONTEXT('2D SPACE',''
  ) );
#761 = PCURVE('',#364,#762);
#762 = DEFINITIONAL_REPRESENTATION('',(#763),#767);
#763 = LINE('',#764,#765);
#764 = CARTESIAN_POINT('',(0.,0.));
#765 = VECTOR('',#766,1.);
#766 = DIRECTION('',(0.,1.));
#767 = ( GEOMETRIC_REPRESENTATION_CONTEXT(2) 
PARAMETRIC_REPRESENTATION_CONTEXT() REPRESENTATION_CONTEXT('2D SPACE',''
  ) );
#768 = ORIENTED_EDGE('',*,*,#769,.T.);
#769 = EDGE_CURVE('',#747,#723,#770,.T.);
#770 = SURFACE_CURVE('',#771,(#840,#912),.PCURVE_S1.);
#771 = B_SPLINE_CURVE_WITH_KNOTS('',7,(#772,#773,#774,#775,#776,#777,
    #778,#779,#780,#781,#782,#783,#784,#785,#786,#787,#788,#789,#790,
    #791,#792,#793,#794,#795,#796,#797,#798,#799,#800,#801,#802,#803,
    #804,#805,#806,#807,#808,#809,#810,#811,#812,#813,#814,#815,#816,
    #817,#818,#819,#820,#821,#822,#823,#824,#825,#826,#827,#828,#829,
    #830,#831,#832,#833,#834,#835,#836,#837,#838,#839),.UNSPECIFIED.,.F.
  ,.F.,(8,6,6,6,6,6,6,6,6,6,6,8),(0.,0.299694962473,0.479174390887,
    0.576199543735,0.626743033592,0.68153506526,0.720888706985,
    0.773234829983,0.808054500476,0.851495607162,0.931639393447,1.),
  .UNSPECIFIED.);
#772 = CARTESIAN_POINT('',(-22.,-18.42304853848,-66.));
#773 = CARTESIAN_POINT('',(-22.,-18.41664560059,-60.34025049564));
#774 = CARTESIAN_POINT('',(-22.,-18.33621179562,-54.68077346556));
#775 = CARTESIAN_POINT('',(-22.,-18.19549299291,-49.02234620298));
#776 = CARTESIAN_POINT('',(-22.,-18.00571672523,-43.36545405416));
#777 = CARTESIAN_POINT('',(-22.,-17.776443178,-37.71026625729));
#778 = CARTESIAN_POINT('',(-22.,-17.51579803702,-32.05662840996));
#779 = CARTESIAN_POINT('',(-22.,-17.05989024138,-23.01888249622));
#780 = CARTESIAN_POINT('',(-22.,-16.88034250336,-19.63415404557));
#781 = CARTESIAN_POINT('',(-22.,-16.69349060669,-16.24981812063));
#782 = CARTESIAN_POINT('',(-22.,-16.50065399641,-12.86582031802));
#783 = CARTESIAN_POINT('',(-22.,-16.30300383433,-9.482105861062));
#784 = CARTESIAN_POINT('',(-22.,-16.10156687117,-6.098619387129));
#785 = CARTESIAN_POINT('',(-22.,-15.78675484602,-0.886312352217));
#786 = CARTESIAN_POINT('',(-22.,-15.67543779324,0.942629027308));
#787 = CARTESIAN_POINT('',(-22.,-15.56341009654,2.771527047883));
#788 = CARTESIAN_POINT('',(-22.,-15.45079807082,4.600389123992));
#789 = CARTESIAN_POINT('',(-22.,-15.33771512972,6.429222028658));
#790 = CARTESIAN_POINT('',(-22.,-15.2242617856,8.258031893442));
#791 = CARTESIAN_POINT('',(-22.,-15.05127687676,11.039500325006));
#792 = CARTESIAN_POINT('',(-22.,-14.99195131178,11.992171659491));
#793 = CARTESIAN_POINT('',(-22.,-14.932561308,12.944838974508));
#794 = CARTESIAN_POINT('',(-22.,-14.8731182026,13.897502971682));
#795 = CARTESIAN_POINT('',(-22.,-14.81363231658,14.850164291652));
#796 = CARTESIAN_POINT('',(-22.,-14.75411295472,15.802823514073));
#797 = CARTESIAN_POINT('',(-22.,-14.63001871134,17.788216489545));
#798 = CARTESIAN_POINT('',(-22.,-14.56543938712,18.820949962629));
#799 = CARTESIAN_POINT('',(-22.,-14.5008410057,19.853682237493));
#800 = CARTESIAN_POINT('',(-22.,-14.43623263916,20.886413881168));
#801 = CARTESIAN_POINT('',(-22.,-14.37162185892,21.919145367087));
#802 = CARTESIAN_POINT('',(-22.,-14.3070147357,22.951877075089));
#803 = CARTESIAN_POINT('',(-22.,-14.19601854901,24.72635535196));
#804 = CARTESIAN_POINT('',(-22.,-14.1496254882,25.468101673693));
#805 = CARTESIAN_POINT('',(-22.,-14.10323834332,26.209848362023));
#806 = CARTESIAN_POINT('',(-22.,-14.05685837254,26.951595495565));
#807 = CARTESIAN_POINT('',(-22.,-14.01048640604,27.693343126138));
#808 = CARTESIAN_POINT('',(-22.,-13.96412284599,28.435091278766));
#809 = CARTESIAN_POINT('',(-22.,-13.85610847022,30.163474620375));
#810 = CARTESIAN_POINT('',(-22.,-13.79446407295,31.150110207923));
#811 = CARTESIAN_POINT('',(-22.,-13.73283443875,32.136746711661));
#812 = CARTESIAN_POINT('',(-22.,-13.67121808836,33.123384038933));
#813 = CARTESIAN_POINT('',(-22.,-13.60961209933,34.110022007089));
#814 = CARTESIAN_POINT('',(-22.,-13.54801210599,35.096660343485));
#815 = CARTESIAN_POINT('',(-22.,-13.44543725028,36.739592217789));
#816 = CARTESIAN_POINT('',(-22.,-13.40446227113,37.395885751734));
#817 = CARTESIAN_POINT('',(-22.,-13.36348564461,38.052179180186));
#818 = CARTESIAN_POINT('',(-22.,-13.32250534859,38.7084723769));
#819 = CARTESIAN_POINT('',(-22.,-13.28151905628,39.364765196526));
#820 = CARTESIAN_POINT('',(-22.,-13.24052413623,40.021057474603));
#821 = CARTESIAN_POINT('',(-22.,-13.14835786189,41.496139985819));
#822 = CARTESIAN_POINT('',(-22.,-13.09718005649,42.314929813804));
#823 = CARTESIAN_POINT('',(-22.,-13.04597854502,43.133718156342));
#824 = CARTESIAN_POINT('',(-22.,-12.99474684323,43.952504607215));
#825 = CARTESIAN_POINT('',(-22.,-12.94347767368,44.771288709167));
#826 = CARTESIAN_POINT('',(-22.,-12.89216296575,45.590069953904));
#827 = CARTESIAN_POINT('',(-22.,-12.74602382573,47.91939758808));
#828 = CARTESIAN_POINT('',(-22.,-12.65106860529,49.429935728333));
#829 = CARTESIAN_POINT('',(-22.,-12.55587233788,50.940458725683));
#830 = CARTESIAN_POINT('',(-22.,-12.46036965473,52.450962419531));
#831 = CARTESIAN_POINT('',(-22.,-12.36448508301,53.961441928382));
#832 = CARTESIAN_POINT('',(-22.,-12.26813245407,55.471891612379));
#833 = CARTESIAN_POINT('',(-22.,-12.08854560703,58.270649180305));
#834 = CARTESIAN_POINT('',(-22.,-12.00546545891,59.558966874913));
#835 = CARTESIAN_POINT('',(-22.,-11.92191334097,60.847254143137));
#836 = CARTESIAN_POINT('',(-22.,-11.83782277062,62.135506469174));
#837 = CARTESIAN_POINT('',(-22.,-11.75312091096,63.423718771901));
#838 = CARTESIAN_POINT('',(-22.,-11.66772817275,64.71188537882));
#839 = CARTESIAN_POINT('',(-22.,-11.58155781626,66.));
#840 = PCURVE('',#245,#841);
#841 = DEFINITIONAL_REPRESENTATION('',(#842),#911);
#842 = B_SPLINE_CURVE_WITH_KNOTS('',7,(#843,#844,#845,#846,#847,#848,
    #849,#850,#851,#852,#853,#854,#855,#856,#857,#858,#859,#860,#861,
    #862,#863,#864,#865,#866,#867,#868,#869,#870,#871,#872,#873,#874,
    #875,#876,#877,#878,#879,#880,#881,#882,#883,#884,#885,#886,#887,
    #888,#889,#890,#891,#892,#893,#894,#895,#896,#897,#898,#899,#900,
    #901,#902,#903,#904,#905,#906,#907,#908,#909,#910),.UNSPECIFIED.,.F.
  ,.F.,(8,6,6,6,6,6,6,6,6,6,6,8),(0.,0.299694962473,0.479174390887,
    0.576199543735,0.626743033592,0.68153506526,0.720888706985,
    0.773234829983,0.808054500476,0.851495607162,0.931639393447,1.),
  .UNSPECIFIED.);
#843 = CARTESIAN_POINT('',(0.,-123.5769514615));
#844 = CARTESIAN_POINT('',(5.659749504354,-123.5833543994));
#845 = CARTESIAN_POINT('',(11.319226534436,-123.6637882043));
#846 = CARTESIAN_POINT('',(16.977653797012,-123.804507007));
#847 = CARTESIAN_POINT('',(22.634545945832,-123.9942832747));
#848 = CARTESIAN_POINT('',(28.289733742709,-124.2235568219));
#849 = CARTESIAN_POINT('',(33.943371590038,-124.4842019629));
#850 = CARTESIAN_POINT('',(42.981117503779,-124.9401097586));
#851 = CARTESIAN_POINT('',(46.36584595443,-125.1196574966));
#852 = CARTESIAN_POINT('',(49.75018187937,-125.3065093933));
#853 = CARTESIAN_POINT('',(53.134179681971,-125.4993460035));
#854 = CARTESIAN_POINT('',(56.517894138938,-125.6969961656));
#855 = CARTESIAN_POINT('',(59.901380612871,-125.8984331288));
#856 = CARTESIAN_POINT('',(65.113687647783,-126.2132451539));
#857 = CARTESIAN_POINT('',(66.942629027308,-126.3245622067));
#858 = CARTESIAN_POINT('',(68.771527047883,-126.4365899034));
#859 = CARTESIAN_POINT('',(70.600389123992,-126.5492019291));
#860 = CARTESIAN_POINT('',(72.429222028658,-126.6622848702));
#861 = CARTESIAN_POINT('',(74.258031893442,-126.7757382143));
#862 = CARTESIAN_POINT('',(77.039500325006,-126.9487231232));
#863 = CARTESIAN_POINT('',(77.992171659491,-127.0080486882));
#864 = CARTESIAN_POINT('',(78.944838974508,-127.0674386919));
#865 = CARTESIAN_POINT('',(79.897502971682,-127.1268817973));
#866 = CARTESIAN_POINT('',(80.850164291652,-127.1863676834));
#867 = CARTESIAN_POINT('',(81.802823514073,-127.2458870452));
#868 = CARTESIAN_POINT('',(83.788216489545,-127.3699812886));
#869 = CARTESIAN_POINT('',(84.820949962629,-127.4345606128));
#870 = CARTESIAN_POINT('',(85.853682237493,-127.4991589942));
#871 = CARTESIAN_POINT('',(86.886413881168,-127.5637673608));
#872 = CARTESIAN_POINT('',(87.919145367087,-127.628378141));
#873 = CARTESIAN_POINT('',(88.951877075089,-127.6929852642));
#874 = CARTESIAN_POINT('',(90.72635535196,-127.8039814509));
#875 = CARTESIAN_POINT('',(91.468101673693,-127.8503745117));
#876 = CARTESIAN_POINT('',(92.209848362023,-127.8967616566));
#877 = CARTESIAN_POINT('',(92.951595495565,-127.9431416274));
#878 = CARTESIAN_POINT('',(93.693343126138,-127.9895135939));
#879 = CARTESIAN_POINT('',(94.435091278766,-128.035877154));
#880 = CARTESIAN_POINT('',(96.163474620375,-128.1438915297));
#881 = CARTESIAN_POINT('',(97.150110207923,-128.205535927));
#882 = CARTESIAN_POINT('',(98.136746711661,-128.2671655612));
#883 = CARTESIAN_POINT('',(99.123384038933,-128.3287819116));
#884 = CARTESIAN_POINT('',(100.11002200708,-128.3903879006));
#885 = CARTESIAN_POINT('',(101.09666034348,-128.451987894));
#886 = CARTESIAN_POINT('',(102.73959221778,-128.5545627497));
#887 = CARTESIAN_POINT('',(103.39588575173,-128.5955377288));
#888 = CARTESIAN_POINT('',(104.05217918018,-128.6365143553));
#889 = CARTESIAN_POINT('',(104.7084723769,-128.6774946514));
#890 = CARTESIAN_POINT('',(105.36476519652,-128.7184809437));
#891 = CARTESIAN_POINT('',(106.0210574746,-128.7594758637));
#892 = CARTESIAN_POINT('',(107.49613998581,-128.8516421381));
#893 = CARTESIAN_POINT('',(108.3149298138,-128.9028199435));
#894 = CARTESIAN_POINT('',(109.13371815634,-128.9540214549));
#895 = CARTESIAN_POINT('',(109.95250460721,-129.0052531567));
#896 = CARTESIAN_POINT('',(110.77128870916,-129.0565223263));
#897 = CARTESIAN_POINT('',(111.5900699539,-129.1078370342));
#898 = CARTESIAN_POINT('',(113.91939758808,-129.2539761742));
#899 = CARTESIAN_POINT('',(115.42993572833,-129.3489313947));
#900 = CARTESIAN_POINT('',(116.94045872568,-129.4441276621));
#901 = CARTESIAN_POINT('',(118.45096241953,-129.5396303452));
#902 = CARTESIAN_POINT('',(119.96144192838,-129.6355149169));
#903 = CARTESIAN_POINT('',(121.47189161237,-129.7318675459));
#904 = CARTESIAN_POINT('',(124.2706491803,-129.9114543929));
#905 = CARTESIAN_POINT('',(125.55896687491,-129.994534541));
#906 = CARTESIAN_POINT('',(126.84725414313,-130.078086659));
#907 = CARTESIAN_POINT('',(128.13550646917,-130.1621772293));
#908 = CARTESIAN_POINT('',(129.4237187719,-130.246879089));
#909 = CARTESIAN_POINT('',(130.71188537882,-130.3322718272));
#910 = CARTESIAN_POINT('',(132.,-130.4184421837));
#911 = ( GEOMETRIC_REPRESENTATION_CONTEXT(2) 
PARAMETRIC_REPRESENTATION_CONTEXT() REPRESENTATION_CONTEXT('2D SPACE',''
  ) );
#912 = PCURVE('',#913,#989);
#913 = ( BOUNDED_SURFACE() B_SPLINE_SURFACE(14,4,(
    (#914,#915,#916,#917,#918)
    ,(#919,#920,#921,#922,#923)
    ,(#924,#925,#926,#927,#928)
    ,(#929,#930,#931,#932,#933)
    ,(#934,#935,#936,#937,#938)
    ,(#939,#940,#941,#942,#943)
    ,(#944,#945,#946,#947,#948)
    ,(#949,#950,#951,#952,#953)
    ,(#954,#955,#956,#957,#958)
    ,(#959,#960,#961,#962,#963)
    ,(#964,#965,#966,#967,#968)
    ,(#969,#970,#971,#972,#973)
    ,(#974,#975,#976,#977,#978)
    ,(#979,#980,#981,#982,#983)
    ,(#984,#985,#986,#987,#988
)),.UNSPECIFIED.,.T.,.F.,.F.) B_SPLINE_SURFACE_WITH_KNOTS((15,15),(5,5),
  (0.,1.),(0.,1.),.PIECEWISE_BEZIER_KNOTS.) 
GEOMETRIC_REPRESENTATION_ITEM() RATIONAL_B_SPLINE_SURFACE((
    (1.,1.,1.,1.,1.)
    ,(1.,1.,1.,1.,1.)
    ,(1.,1.,1.,1.,1.)
    ,(1.,1.,1.,1.,1.)
    ,(1.,1.,1.,1.,1.)
    ,(1.,1.,1.,1.,1.)
    ,(1.,1.,1.,1.,1.)
    ,(1.,1.,1.,1.,1.)
    ,(1.,1.,1.,1.,1.)
    ,(1.,1.,1.,1.,1.)
    ,(1.,1.,1.,1.,1.)
    ,(1.,1.,1.,1.,1.)
    ,(1.,1.,1.,1.,1.)
    ,(1.,1.,1.,1.,1.)
,(1.,1.,1.,1.,1.))) REPRESENTATION_ITEM('') SURFACE() );
#914 = CARTESIAN_POINT('',(24.3,-5.6454473925E-15,-143.));
#915 = CARTESIAN_POINT('',(61.281642179681,1.652526969123E-13,
    -78.39388069735));
#916 = CARTESIAN_POINT('',(24.361717075776,-3.092600790556E-13,
    4.558646112895));
#917 = CARTESIAN_POINT('',(37.770728156069,1.68508011266E-13,
    69.970569624269));
#918 = CARTESIAN_POINT('',(20.52,-1.275348474789E-14,143.));
#919 = CARTESIAN_POINT('',(24.300000000006,5.654866776467,-143.));
#920 = CARTESIAN_POINT('',(61.281642179691,15.139050889893,
    -78.39388069735));
#921 = CARTESIAN_POINT('',(24.361717075756,5.670694524365,4.558646112895
    ));
#922 = CARTESIAN_POINT('',(37.770728156085,9.109523153094,
    69.970569624269));
#923 = CARTESIAN_POINT('',(20.52,4.685461043357,143.));
#924 = CARTESIAN_POINT('',(19.02898102283,11.309735640258,-143.));
#925 = CARTESIAN_POINT('',(47.988773912983,30.278107367914,
    -78.39388069735));
#926 = CARTESIAN_POINT('',(19.077310778658,11.341391141952,
    4.558646112895));
#927 = CARTESIAN_POINT('',(29.577714785993,18.219049668676,
    69.970569624269));
#928 = CARTESIAN_POINT('',(16.068917308192,9.370923816218,143.));
#929 = CARTESIAN_POINT('',(8.486936330115,15.533523766838,-143.));
#930 = CARTESIAN_POINT('',(21.403020386104,41.58591459381,
    -78.39388069735));
#931 = CARTESIAN_POINT('',(8.50849142825,15.577001483891,4.558646112895)
  );
#932 = CARTESIAN_POINT('',(13.191677572203,25.023223357304,
    69.970569624269));
#933 = CARTESIAN_POINT('',(7.166746234251,12.870633978223,143.));
#934 = CARTESIAN_POINT('',(-5.749637938219,16.895309707374,-143.));
#935 = CARTESIAN_POINT('',(-14.49988702836,45.231649757849,
    -78.39388069735));
#936 = CARTESIAN_POINT('',(-5.764240852792,16.942599009621,
    4.558646112895));
#937 = CARTESIAN_POINT('',(-8.936955208395,27.216947992129,
    69.970569624269));
#938 = CARTESIAN_POINT('',(-4.855249814352,13.998970900427,143.));
#939 = CARTESIAN_POINT('',(-20.52804854769,14.477108448784,-143.));
#940 = CARTESIAN_POINT('',(-51.76923974289,38.757709104098,
    -78.39388069735));
#941 = CARTESIAN_POINT('',(-20.58018563222,14.517629300962,
    4.558646112895));
#942 = CARTESIAN_POINT('',(-31.90779182153,23.321425564546,
    69.970569624269));
#943 = CARTESIAN_POINT('',(-17.33479655161,11.995318428938,143.));
#944 = CARTESIAN_POINT('',(-31.80971335044,8.390154090257,-143.));
#945 = CARTESIAN_POINT('',(-80.22022515938,22.461885446141,
    -78.39388069735));
#946 = CARTESIAN_POINT('',(-31.89050357489,8.41363779946,4.558646112895)
  );
#947 = CARTESIAN_POINT('',(-49.44345825886,13.515845016923,
    69.970569624269));
#948 = CARTESIAN_POINT('',(-26.86153571784,6.951841960574,143.));
#949 = CARTESIAN_POINT('',(-36.05703502962,2.474714985668E-10,-143.));
#950 = CARTESIAN_POINT('',(-90.93145344662,7.485516249413E-10,
    -78.39388069735));
#951 = CARTESIAN_POINT('',(-36.14861259349,-3.992932155718E-10,
    4.558646112895));
#952 = CARTESIAN_POINT('',(-56.04528675755,6.368508448952E-10,
    69.970569624269));
#953 = CARTESIAN_POINT('',(-30.44816291424,1.194043578337E-10,143.));
#954 = CARTESIAN_POINT('',(-31.80971335044,-8.390154090709,-143.));
#955 = CARTESIAN_POINT('',(-80.22022515945,-22.46188544751,
    -78.39388069735));
#956 = CARTESIAN_POINT('',(-31.89050357487,-8.413637798729,
    4.558646112895));
#957 = CARTESIAN_POINT('',(-49.44345825889,-13.51584501808,
    69.970569624269));
#958 = CARTESIAN_POINT('',(-26.86153571784,-6.951841960794,143.));
#959 = CARTESIAN_POINT('',(-20.52804854768,-14.47710844844,-143.));
#960 = CARTESIAN_POINT('',(-51.76923974278,-38.75770910304,
    -78.39388069735));
#961 = CARTESIAN_POINT('',(-20.58018563225,-14.51762930151,
    4.558646112895));
#962 = CARTESIAN_POINT('',(-31.90779182149,-23.32142556365,
    69.970569624269));
#963 = CARTESIAN_POINT('',(-17.33479655161,-11.99531842876,143.));
#964 = CARTESIAN_POINT('',(-5.749637938223,-16.89530970758,-143.));
#965 = CARTESIAN_POINT('',(-14.49988702845,-45.2316497585,
    -78.39388069735));
#966 = CARTESIAN_POINT('',(-5.764240852769,-16.94259900927,
    4.558646112895));
#967 = CARTESIAN_POINT('',(-8.936955208434,-27.21694799268,
    69.970569624269));
#968 = CARTESIAN_POINT('',(-4.855249814361,-13.99897090053,143.));
#969 = CARTESIAN_POINT('',(8.486936330118,-15.53352376673,-143.));
#970 = CARTESIAN_POINT('',(21.403020386154,-41.58591459348,
    -78.39388069735));
#971 = CARTESIAN_POINT('',(8.508491428241,-15.57700148406,4.558646112895
    ));
#972 = CARTESIAN_POINT('',(13.191677572225,-25.02322335703,
    69.970569624269));
#973 = CARTESIAN_POINT('',(7.166746234256,-12.87063397816,143.));
#974 = CARTESIAN_POINT('',(19.028981022829,-11.30973564029,-143.));
#975 = CARTESIAN_POINT('',(47.988773912965,-30.27810736803,
    -78.39388069735));
#976 = CARTESIAN_POINT('',(19.077310778659,-11.34139114188,
    4.558646112895));
#977 = CARTESIAN_POINT('',(29.577714785984,-18.21904966877,
    69.970569624269));
#978 = CARTESIAN_POINT('',(16.06891730819,-9.370923816238,143.));
#979 = CARTESIAN_POINT('',(24.300000000006,-5.654866776458,-143.));
#980 = CARTESIAN_POINT('',(61.281642179695,-15.13905088986,
    -78.39388069735));
#981 = CARTESIAN_POINT('',(24.361717075756,-5.670694524379,
    4.558646112895));
#982 = CARTESIAN_POINT('',(37.770728156087,-9.109523153072,
    69.970569624269));
#983 = CARTESIAN_POINT('',(20.52,-4.685461043353,143.));
#984 = CARTESIAN_POINT('',(24.3,1.459979848972E-15,-143.));
#985 = CARTESIAN_POINT('',(61.281642179681,-1.436760719466E-13,
    -78.39388069735));
#986 = CARTESIAN_POINT('',(24.361717075777,2.135793933249E-13,
    4.558646112895));
#987 = CARTESIAN_POINT('',(37.770728156069,-1.426527878457E-13,
    69.970569624269));
#988 = CARTESIAN_POINT('',(20.52,1.457369871089E-15,143.));
#989 = DEFINITIONAL_REPRESENTATION('',(#990),#1059);
#990 = B_SPLINE_CURVE_WITH_KNOTS('',7,(#991,#992,#993,#994,#995,#996,
    #997,#998,#999,#1000,#1001,#1002,#1003,#1004,#1005,#1006,#1007,#1008
    ,#1009,#1010,#1011,#1012,#1013,#1014,#1015,#1016,#1017,#1018,#1019,
    #1020,#1021,#1022,#1023,#1024,#1025,#1026,#1027,#1028,#1029,#1030,
    #1031,#1032,#1033,#1034,#1035,#1036,#1037,#1038,#1039,#1040,#1041,
    #1042,#1043,#1044,#1045,#1046,#1047,#1048,#1049,#1050,#1051,#1052,
    #1053,#1054,#1055,#1056,#1057,#1058),.UNSPECIFIED.,.F.,.F.,(8,6,6,6,
    6,6,6,6,6,6,6,8),(0.,0.299694962473,0.479174390887,0.576199543735,
    0.626743033592,0.68153506526,0.720888706985,0.773234829983,
    0.808054500476,0.851495607162,0.931639393447,1.),.UNSPECIFIED.);
#991 = CARTESIAN_POINT('',(0.658876569722,0.275839849123));
#992 = CARTESIAN_POINT('',(0.658852383328,0.295255087244));
#993 = CARTESIAN_POINT('',(0.65854854645,0.314611585847));
#994 = CARTESIAN_POINT('',(0.658016363648,0.333926053737));
#995 = CARTESIAN_POINT('',(0.657288214428,0.353213351587));
#996 = CARTESIAN_POINT('',(0.656389703334,0.372487155249));
#997 = CARTESIAN_POINT('',(0.655341473161,0.391760239447));
#998 = CARTESIAN_POINT('',(0.653454527742,0.422593552628));
#999 = CARTESIAN_POINT('',(0.65270044447,0.434146307502));
#1000 = CARTESIAN_POINT('',(0.651902873265,0.445705316445));
#1001 = CARTESIAN_POINT('',(0.651065255341,0.457272754638));
#1002 = CARTESIAN_POINT('',(0.650190755156,0.46885056613));
#1003 = CARTESIAN_POINT('',(0.64928227901,0.48044046581));
#1004 = CARTESIAN_POINT('',(0.647834322163,0.498316675371));
#1005 = CARTESIAN_POINT('',(0.647317059017,0.504593378732));
#1006 = CARTESIAN_POINT('',(0.646791032764,0.510874274781));
#1007 = CARTESIAN_POINT('',(0.646256623355,0.517159572199));
#1008 = CARTESIAN_POINT('',(0.645714177121,0.52344945678));
#1009 = CARTESIAN_POINT('',(0.645164006767,0.529744091438));
#1010 = CARTESIAN_POINT('',(0.644315911771,0.539325239128));
#1011 = CARTESIAN_POINT('',(0.64402341093,0.542608188952));
#1012 = CARTESIAN_POINT('',(0.643728927739,0.54589248538));
#1013 = CARTESIAN_POINT('',(0.643432497501,0.549178146309));
#1014 = CARTESIAN_POINT('',(0.643134151943,0.552465187829));
#1015 = CARTESIAN_POINT('',(0.642833919206,0.555753624223));
#1016 = CARTESIAN_POINT('',(0.642204335226,0.562609846605));
#1017 = CARTESIAN_POINT('',(0.641874657192,0.566177879092));
#1018 = CARTESIAN_POINT('',(0.641542821264,0.569747581329));
#1019 = CARTESIAN_POINT('',(0.641208852422,0.573318966595));
#1020 = CARTESIAN_POINT('',(0.640872769108,0.576892045551));
#1021 = CARTESIAN_POINT('',(0.640534583233,0.580466826234));
#1022 = CARTESIAN_POINT('',(0.639949896428,0.586612078462));
#1023 = CARTESIAN_POINT('',(0.639704410584,0.589181723503));
#1024 = CARTESIAN_POINT('',(0.639457844519,0.591752251178));
#1025 = CARTESIAN_POINT('',(0.639210197896,0.594323662758));
#1026 = CARTESIAN_POINT('',(0.638961468163,0.596895958782));
#1027 = CARTESIAN_POINT('',(0.638711650555,0.599469139066));
#1028 = CARTESIAN_POINT('',(0.638126987668,0.605467085344));
#1029 = CARTESIAN_POINT('',(0.637791299634,0.60889253086));
#1030 = CARTESIAN_POINT('',(0.637453658002,0.612319537107));
#1031 = CARTESIAN_POINT('',(0.637114038086,0.615748099574));
#1032 = CARTESIAN_POINT('',(0.636772406496,0.619178211377));
#1033 = CARTESIAN_POINT('',(0.636428721145,0.622609863252));
#1034 = CARTESIAN_POINT('',(0.635852918215,0.628326731451));
#1035 = CARTESIAN_POINT('',(0.63562197377,0.63061109561));
#1036 = CARTESIAN_POINT('',(0.635390082832,0.632896132606));
#1037 = CARTESIAN_POINT('',(0.635157228225,0.635181838523));
#1038 = CARTESIAN_POINT('',(0.634923390678,0.637468208959));
#1039 = CARTESIAN_POINT('',(0.634688548825,0.639755239031));
#1040 = CARTESIAN_POINT('',(0.634158407681,0.644897043985));
#1041 = CARTESIAN_POINT('',(0.633862536134,0.647752182961));
#1042 = CARTESIAN_POINT('',(0.633565019208,0.650608329879));
#1043 = CARTESIAN_POINT('',(0.633265805456,0.653465473104));
#1044 = CARTESIAN_POINT('',(0.632964837338,0.656323599786));
#1045 = CARTESIAN_POINT('',(0.63266205122,0.659182695854));
#1046 = CARTESIAN_POINT('',(0.631795289591,0.667319205743));
#1047 = CARTESIAN_POINT('',(0.631226776239,0.672598912687));
#1048 = CARTESIAN_POINT('',(0.630651395628,0.67788177094));
#1049 = CARTESIAN_POINT('',(0.630068629591,0.68316766997));
#1050 = CARTESIAN_POINT('',(0.629477871679,0.688456484357));
#1051 = CARTESIAN_POINT('',(0.628878415347,0.69374807351));
#1052 = CARTESIAN_POINT('',(0.627750003533,0.70355810573));
#1053 = CARTESIAN_POINT('',(0.627223640796,0.708075835131));
#1054 = CARTESIAN_POINT('',(0.626689844987,0.712595372822));
#1055 = CARTESIAN_POINT('',(0.626148048164,0.717116613449));
#1056 = CARTESIAN_POINT('',(0.625597615057,0.721639442952));
#1057 = CARTESIAN_POINT('',(0.625037834717,0.726163738462));
#1058 = CARTESIAN_POINT('',(0.624467912176,0.730689368189));
#1059 = ( GEOMETRIC_REPRESENTATION_CONTEXT(2) 
PARAMETRIC_REPRESENTATION_CONTEXT() REPRESENTATION_CONTEXT('2D SPACE',''
  ) );
#1060 = ADVANCED_FACE('',(#1061),#680,.T.);
#1061 = FACE_BOUND('',#1062,.T.);
#1062 = EDGE_LOOP('',(#1063,#1064,#1065,#1088));
#1063 = ORIENTED_EDGE('',*,*,#722,.F.);
#1064 = ORIENTED_EDGE('',*,*,#612,.F.);
#1065 = ORIENTED_EDGE('',*,*,#1066,.T.);
#1066 = EDGE_CURVE('',#390,#1067,#1069,.T.);
#1067 = VERTEX_POINT('',#1068);
#1068 = CARTESIAN_POINT('',(22.,-11.58155780227,66.));
#1069 = SURFACE_CURVE('',#1070,(#1074,#1081),.PCURVE_S1.);
#1070 = LINE('',#1071,#1072);
#1071 = CARTESIAN_POINT('',(22.,-142.,66.));
#1072 = VECTOR('',#1073,1.);
#1073 = DIRECTION('',(0.,1.,0.));
#1074 = PCURVE('',#680,#1075);
#1075 = DEFINITIONAL_REPRESENTATION('',(#1076),#1080);
#1076 = LINE('',#1077,#1078);
#1077 = CARTESIAN_POINT('',(44.,0.));
#1078 = VECTOR('',#1079,1.);
#1079 = DIRECTION('',(0.,1.));
#1080 = ( GEOMETRIC_REPRESENTATION_CONTEXT(2) 
PARAMETRIC_REPRESENTATION_CONTEXT() REPRESENTATION_CONTEXT('2D SPACE',''
  ) );
#1081 = PCURVE('',#535,#1082);
#1082 = DEFINITIONAL_REPRESENTATION('',(#1083),#1087);
#1083 = LINE('',#1084,#1085);
#1084 = CARTESIAN_POINT('',(132.,0.));
#1085 = VECTOR('',#1086,1.);
#1086 = DIRECTION('',(0.,-1.));
#1087 = ( GEOMETRIC_REPRESENTATION_CONTEXT(2) 
PARAMETRIC_REPRESENTATION_CONTEXT() REPRESENTATION_CONTEXT('2D SPACE',''
  ) );
#1088 = ORIENTED_EDGE('',*,*,#1089,.T.);
#1089 = EDGE_CURVE('',#1067,#723,#1090,.T.);
#1090 = SURFACE_CURVE('',#1091,(#1136,#1184),.PCURVE_S1.);
#1091 = B_SPLINE_CURVE_WITH_KNOTS('',8,(#1092,#1093,#1094,#1095,#1096,
    #1097,#1098,#1099,#1100,#1101,#1102,#1103,#1104,#1105,#1106,#1107,
    #1108,#1109,#1110,#1111,#1112,#1113,#1114,#1115,#1116,#1117,#1118,
    #1119,#1120,#1121,#1122,#1123,#1124,#1125,#1126,#1127,#1128,#1129,
    #1130,#1131,#1132,#1133,#1134,#1135),.UNSPECIFIED.,.F.,.F.,(9,7,7,7,
    7,7,9),(0.,0.107981810964,0.296611992636,0.499989123229,
    0.797010988228,0.892018404706,1.),.UNSPECIFIED.);
#1092 = CARTESIAN_POINT('',(22.,-11.58155780227,66.));
#1093 = CARTESIAN_POINT('',(21.45830477658,-11.87056396242,66.));
#1094 = CARTESIAN_POINT('',(20.909826908824,-12.1468141981,66.));
#1095 = CARTESIAN_POINT('',(20.35526750045,-12.41085059361,66.));
#1096 = CARTESIAN_POINT('',(19.795242812568,-12.66314990566,66.));
#1097 = CARTESIAN_POINT('',(19.230292014121,-12.90414045714,66.));
#1098 = CARTESIAN_POINT('',(18.660882526117,-13.13421383374,66.));
#1099 = CARTESIAN_POINT('',(18.087412959644,-13.35373138332,66.));
#1100 = CARTESIAN_POINT('',(16.501921509378,-13.92863515483,66.));
#1101 = CARTESIAN_POINT('',(15.482394050678,-14.26299501896,66.));
#1102 = CARTESIAN_POINT('',(14.453391735628,-14.56789668945,66.));
#1103 = CARTESIAN_POINT('',(13.416409194211,-14.84474125179,66.));
#1104 = CARTESIAN_POINT('',(12.372715995879,-15.09468661245,66.));
#1105 = CARTESIAN_POINT('',(11.323373519052,-15.31870897979,66.));
#1106 = CARTESIAN_POINT('',(10.269240171307,-15.51762094545,66.));
#1107 = CARTESIAN_POINT('',(8.069980150969,-15.88019598817,66.));
#1108 = CARTESIAN_POINT('',(6.924339260381,-16.03986190131,66.));
#1109 = CARTESIAN_POINT('',(5.774969334356,-16.17191839312,66.));
#1110 = CARTESIAN_POINT('',(4.622721272866,-16.27697742381,66.));
#1111 = CARTESIAN_POINT('',(3.468386838881,-16.35547786857,66.));
#1112 = CARTESIAN_POINT('',(2.312701477985,-16.40771188954,66.));
#1113 = CARTESIAN_POINT('',(1.156345203465,-16.43383067069,66.));
#1114 = CARTESIAN_POINT('',(-1.688926664492,-16.43382782897,66.));
#1115 = CARTESIAN_POINT('',(-3.377399607922,-16.37811497821,66.));
#1116 = CARTESIAN_POINT('',(-5.06384431154,-16.26673773139,66.));
#1117 = CARTESIAN_POINT('',(-6.746210803659,-16.0989815108,66.));
#1118 = CARTESIAN_POINT('',(-8.422044147079,-15.87351421783,66.));
#1119 = CARTESIAN_POINT('',(-10.08846090883,-15.58828201203,66.));
#1120 = CARTESIAN_POINT('',(-11.74213457836,-15.24042956682,66.));
#1121 = CARTESIAN_POINT('',(-13.90281011127,-14.69277593907,66.));
#1122 = CARTESIAN_POINT('',(-14.42470342521,-14.55320047428,66.));
#1123 = CARTESIAN_POINT('',(-14.94471397638,-14.40663094011,66.));
#1124 = CARTESIAN_POINT('',(-15.46268299648,-14.25291462706,66.));
#1125 = CARTESIAN_POINT('',(-15.97843337822,-14.09188493477,66.));
#1126 = CARTESIAN_POINT('',(-16.49176889373,-13.92335895849,66.));
#1127 = CARTESIAN_POINT('',(-17.002473413,-13.74713507555,66.));
#1128 = CARTESIAN_POINT('',(-18.08749683103,-13.3536992752,66.));
#1129 = CARTESIAN_POINT('',(-18.66095390657,-13.13418499028,66.));
#1130 = CARTESIAN_POINT('',(-19.23035103104,-12.9041152824,66.));
#1131 = CARTESIAN_POINT('',(-19.79528961352,-12.66312882344,66.));
#1132 = CARTESIAN_POINT('',(-20.35530225822,-12.41083404966,66.));
#1133 = CARTESIAN_POINT('',(-20.90984982671,-12.14680266287,66.));
#1134 = CARTESIAN_POINT('',(-21.45831609423,-11.87055793504,66.));
#1135 = CARTESIAN_POINT('',(-22.,-11.58155781626,66.));
#1136 = PCURVE('',#680,#1137);
#1137 = DEFINITIONAL_REPRESENTATION('',(#1138),#1183);
#1138 = B_SPLINE_CURVE_WITH_KNOTS('',8,(#1139,#1140,#1141,#1142,#1143,
    #1144,#1145,#1146,#1147,#1148,#1149,#1150,#1151,#1152,#1153,#1154,
    #1155,#1156,#1157,#1158,#1159,#1160,#1161,#1162,#1163,#1164,#1165,
    #1166,#1167,#1168,#1169,#1170,#1171,#1172,#1173,#1174,#1175,#1176,
    #1177,#1178,#1179,#1180,#1181,#1182),.UNSPECIFIED.,.F.,.F.,(9,7,7,7,
    7,7,9),(0.,0.107981810964,0.296611992636,0.499989123229,
    0.797010988228,0.892018404706,1.),.UNSPECIFIED.);
#1139 = CARTESIAN_POINT('',(44.,130.41844219772));
#1140 = CARTESIAN_POINT('',(43.45830477658,130.12943603757));
#1141 = CARTESIAN_POINT('',(42.909826908824,129.85318580189));
#1142 = CARTESIAN_POINT('',(42.35526750045,129.58914940638));
#1143 = CARTESIAN_POINT('',(41.795242812568,129.33685009433));
#1144 = CARTESIAN_POINT('',(41.230292014121,129.09585954285));
#1145 = CARTESIAN_POINT('',(40.660882526117,128.86578616626));
#1146 = CARTESIAN_POINT('',(40.087412959644,128.64626861667));
#1147 = CARTESIAN_POINT('',(38.501921509378,128.07136484516));
#1148 = CARTESIAN_POINT('',(37.482394050678,127.73700498103));
#1149 = CARTESIAN_POINT('',(36.453391735628,127.43210331054));
#1150 = CARTESIAN_POINT('',(35.416409194211,127.1552587482));
#1151 = CARTESIAN_POINT('',(34.372715995879,126.90531338754));
#1152 = CARTESIAN_POINT('',(33.323373519052,126.6812910202));
#1153 = CARTESIAN_POINT('',(32.269240171307,126.48237905454));
#1154 = CARTESIAN_POINT('',(30.069980150969,126.11980401182));
#1155 = CARTESIAN_POINT('',(28.924339260381,125.96013809868));
#1156 = CARTESIAN_POINT('',(27.774969334356,125.82808160687));
#1157 = CARTESIAN_POINT('',(26.622721272866,125.72302257618));
#1158 = CARTESIAN_POINT('',(25.468386838881,125.64452213142));
#1159 = CARTESIAN_POINT('',(24.312701477985,125.59228811045));
#1160 = CARTESIAN_POINT('',(23.156345203465,125.5661693293));
#1161 = CARTESIAN_POINT('',(20.311073335508,125.56617217102));
#1162 = CARTESIAN_POINT('',(18.622600392078,125.62188502178));
#1163 = CARTESIAN_POINT('',(16.93615568846,125.7332622686));
#1164 = CARTESIAN_POINT('',(15.253789196341,125.90101848919));
#1165 = CARTESIAN_POINT('',(13.577955852921,126.12648578216));
#1166 = CARTESIAN_POINT('',(11.911539091169,126.41171798796));
#1167 = CARTESIAN_POINT('',(10.25786542164,126.75957043317));
#1168 = CARTESIAN_POINT('',(8.09718988873,127.30722406093));
#1169 = CARTESIAN_POINT('',(7.575296574785,127.44679952571));
#1170 = CARTESIAN_POINT('',(7.055286023618,127.59336905988));
#1171 = CARTESIAN_POINT('',(6.537317003517,127.74708537293));
#1172 = CARTESIAN_POINT('',(6.021566621776,127.90811506522));
#1173 = CARTESIAN_POINT('',(5.508231106267,128.07664104151));
#1174 = CARTESIAN_POINT('',(4.997526586998,128.25286492444));
#1175 = CARTESIAN_POINT('',(3.912503168962,128.64630072479));
#1176 = CARTESIAN_POINT('',(3.339046093429,128.86581500971));
#1177 = CARTESIAN_POINT('',(2.76964896896,129.09588471759));
#1178 = CARTESIAN_POINT('',(2.204710386478,129.33687117655));
#1179 = CARTESIAN_POINT('',(1.644697741776,129.58916595033));
#1180 = CARTESIAN_POINT('',(1.090150173282,129.85319733712));
#1181 = CARTESIAN_POINT('',(0.541683905767,130.12944206495));
#1182 = CARTESIAN_POINT('',(0.,130.41844218374));
#1183 = ( GEOMETRIC_REPRESENTATION_CONTEXT(2) 
PARAMETRIC_REPRESENTATION_CONTEXT() REPRESENTATION_CONTEXT('2D SPACE',''
  ) );
#1184 = PCURVE('',#913,#1185);
#1185 = DEFINITIONAL_REPRESENTATION('',(#1186),#1231);
#1186 = B_SPLINE_CURVE_WITH_KNOTS('',8,(#1187,#1188,#1189,#1190,#1191,
    #1192,#1193,#1194,#1195,#1196,#1197,#1198,#1199,#1200,#1201,#1202,
    #1203,#1204,#1205,#1206,#1207,#1208,#1209,#1210,#1211,#1212,#1213,
    #1214,#1215,#1216,#1217,#1218,#1219,#1220,#1221,#1222,#1223,#1224,
    #1225,#1226,#1227,#1228,#1229,#1230),.UNSPECIFIED.,.F.,.F.,(9,7,7,7,
    7,7,9),(0.,0.107981810964,0.296611992636,0.499989123229,
    0.797010988228,0.892018404706,1.),.UNSPECIFIED.);
#1187 = CARTESIAN_POINT('',(0.87553208782,0.730689368189));
#1188 = CARTESIAN_POINT('',(0.871587002943,0.730689368189));
#1189 = CARTESIAN_POINT('',(0.867705028798,0.730689368189));
#1190 = CARTESIAN_POINT('',(0.863881285744,0.730689368189));
#1191 = CARTESIAN_POINT('',(0.860111524782,0.730689368189));
#1192 = CARTESIAN_POINT('',(0.856391932573,0.730689368189));
#1193 = CARTESIAN_POINT('',(0.852718984292,0.730689368189));
#1194 = CARTESIAN_POINT('',(0.849089344293,0.730689368189));
#1195 = CARTESIAN_POINT('',(0.839229373014,0.730689368189));
#1196 = CARTESIAN_POINT('',(0.833082233575,0.730689368189));
#1197 = CARTESIAN_POINT('',(0.827041229976,0.730689368189));
#1198 = CARTESIAN_POINT('',(0.821092632908,0.730689368189));
#1199 = CARTESIAN_POINT('',(0.815224598211,0.730689368189));
#1200 = CARTESIAN_POINT('',(0.809426402446,0.730689368189));
#1201 = CARTESIAN_POINT('',(0.803688040223,0.730689368189));
#1202 = CARTESIAN_POINT('',(0.791866769827,0.730689368189));
#1203 = CARTESIAN_POINT('',(0.785792837414,0.730689368189));
#1204 = CARTESIAN_POINT('',(0.779766190965,0.730689368189));
#1205 = CARTESIAN_POINT('',(0.773776452565,0.730689368189));
#1206 = CARTESIAN_POINT('',(0.767814089612,0.730689368189));
#1207 = CARTESIAN_POINT('',(0.761869960166,0.730689368189));
#1208 = CARTESIAN_POINT('',(0.755934949804,0.730689368189));
#1209 = CARTESIAN_POINT('',(0.741331572168,0.730689368189));
#1210 = CARTESIAN_POINT('',(0.732665470136,0.730689368189));
#1211 = CARTESIAN_POINT('',(0.723970609713,0.730689368189));
#1212 = CARTESIAN_POINT('',(0.715218353627,0.730689368189));
#1213 = CARTESIAN_POINT('',(0.706379863692,0.730689368189));
#1214 = CARTESIAN_POINT('',(0.697423581723,0.730689368189));
#1215 = CARTESIAN_POINT('',(0.688313234169,0.730689368189));
#1216 = CARTESIAN_POINT('',(0.676020497709,0.730689368189));
#1217 = CARTESIAN_POINT('',(0.673020811077,0.730689368189));
#1218 = CARTESIAN_POINT('',(0.669999024079,0.730689368189));
#1219 = CARTESIAN_POINT('',(0.666953553582,0.730689368189));
#1220 = CARTESIAN_POINT('',(0.663882732751,0.730689368189));
#1221 = CARTESIAN_POINT('',(0.660784779672,0.730689368189));
#1222 = CARTESIAN_POINT('',(0.657657765964,0.730689368189));
#1223 = CARTESIAN_POINT('',(0.650910124828,0.730689368189));
#1224 = CARTESIAN_POINT('',(0.647280555237,0.730689368189));
#1225 = CARTESIAN_POINT('',(0.643607678831,0.730689368189));
#1226 = CARTESIAN_POINT('',(0.639888160152,0.730689368189));
#1227 = CARTESIAN_POINT('',(0.636118474573,0.730689368189));
#1228 = CARTESIAN_POINT('',(0.632294808977,0.730689368189));
#1229 = CARTESIAN_POINT('',(0.62841291462,0.730689368189));
#1230 = CARTESIAN_POINT('',(0.624467912176,0.730689368189));
#1231 = ( GEOMETRIC_REPRESENTATION_CONTEXT(2) 
PARAMETRIC_REPRESENTATION_CONTEXT() REPRESENTATION_CONTEXT('2D SPACE',''
  ) );
#1232 = ADVANCED_FACE('',(#1233),#535,.T.);
#1233 = FACE_BOUND('',#1234,.T.);
#1234 = EDGE_LOOP('',(#1235,#1236,#1237,#1260));
#1235 = ORIENTED_EDGE('',*,*,#1066,.F.);
#1236 = ORIENTED_EDGE('',*,*,#389,.F.);
#1237 = ORIENTED_EDGE('',*,*,#1238,.T.);
#1238 = EDGE_CURVE('',#323,#1239,#1241,.T.);
#1239 = VERTEX_POINT('',#1240);
#1240 = CARTESIAN_POINT('',(22.,-18.42304854547,-66.));
#1241 = SURFACE_CURVE('',#1242,(#1246,#1253),.PCURVE_S1.);
#1242 = LINE('',#1243,#1244);
#1243 = CARTESIAN_POINT('',(22.,-142.,-66.));
#1244 = VECTOR('',#1245,1.);
#1245 = DIRECTION('',(0.,1.,0.));
#1246 = PCURVE('',#535,#1247);
#1247 = DEFINITIONAL_REPRESENTATION('',(#1248),#1252);
#1248 = LINE('',#1249,#1250);
#1249 = CARTESIAN_POINT('',(0.,0.));
#1250 = VECTOR('',#1251,1.);
#1251 = DIRECTION('',(0.,-1.));
#1252 = ( GEOMETRIC_REPRESENTATION_CONTEXT(2) 
PARAMETRIC_REPRESENTATION_CONTEXT() REPRESENTATION_CONTEXT('2D SPACE',''
  ) );
#1253 = PCURVE('',#364,#1254);
#1254 = DEFINITIONAL_REPRESENTATION('',(#1255),#1259);
#1255 = LINE('',#1256,#1257);
#1256 = CARTESIAN_POINT('',(44.,0.));
#1257 = VECTOR('',#1258,1.);
#1258 = DIRECTION('',(0.,1.));
#1259 = ( GEOMETRIC_REPRESENTATION_CONTEXT(2) 
PARAMETRIC_REPRESENTATION_CONTEXT() REPRESENTATION_CONTEXT('2D SPACE',''
  ) );
#1260 = ORIENTED_EDGE('',*,*,#1261,.T.);
#1261 = EDGE_CURVE('',#1239,#1067,#1262,.T.);
#1262 = SURFACE_CURVE('',#1263,(#1332,#1404),.PCURVE_S1.);
#1263 = B_SPLINE_CURVE_WITH_KNOTS('',7,(#1264,#1265,#1266,#1267,#1268,
    #1269,#1270,#1271,#1272,#1273,#1274,#1275,#1276,#1277,#1278,#1279,
    #1280,#1281,#1282,#1283,#1284,#1285,#1286,#1287,#1288,#1289,#1290,
    #1291,#1292,#1293,#1294,#1295,#1296,#1297,#1298,#1299,#1300,#1301,
    #1302,#1303,#1304,#1305,#1306,#1307,#1308,#1309,#1310,#1311,#1312,
    #1313,#1314,#1315,#1316,#1317,#1318,#1319,#1320,#1321,#1322,#1323,
    #1324,#1325,#1326,#1327,#1328,#1329,#1330,#1331),.UNSPECIFIED.,.F.,
  .F.,(8,6,6,6,6,6,6,6,6,6,6,8),(0.,0.299694958501,0.479174386933,
    0.576199539798,0.626743029664,0.681535061344,0.720888703078,
    0.773234826086,0.808054496586,0.851495603281,0.931639389579,1.),
  .UNSPECIFIED.);
#1264 = CARTESIAN_POINT('',(22.,-18.42304854547,-66.));
#1265 = CARTESIAN_POINT('',(22.,-18.41664560765,-60.34025057061));
#1266 = CARTESIAN_POINT('',(22.,-18.33621180462,-54.68077361546));
#1267 = CARTESIAN_POINT('',(22.,-18.19549300519,-49.02234642783));
#1268 = CARTESIAN_POINT('',(22.,-18.00571674171,-43.36545435384));
#1269 = CARTESIAN_POINT('',(22.,-17.77644319926,-37.71026663182));
#1270 = CARTESIAN_POINT('',(22.,-17.51579806339,-32.05662885928));
#1271 = CARTESIAN_POINT('',(22.,-17.05989027378,-23.01888301992));
#1272 = CARTESIAN_POINT('',(22.,-16.8803425364,-19.63415456886));
#1273 = CARTESIAN_POINT('',(22.,-16.69349064017,-16.24981864352));
#1274 = CARTESIAN_POINT('',(22.,-16.50065403018,-12.86582084052));
#1275 = CARTESIAN_POINT('',(22.,-16.30300386822,-9.482106383176));
#1276 = CARTESIAN_POINT('',(22.,-16.10156690503,-6.098619908868));
#1277 = CARTESIAN_POINT('',(22.,-15.78675487963,-0.886312873257));
#1278 = CARTESIAN_POINT('',(22.,-15.67543782673,0.942628506596));
#1279 = CARTESIAN_POINT('',(22.,-15.56341012986,2.771526527498));
#1280 = CARTESIAN_POINT('',(22.,-15.45079810394,4.600388603932));
#1281 = CARTESIAN_POINT('',(22.,-15.3377151626,6.42922150892));
#1282 = CARTESIAN_POINT('',(22.,-15.22426181821,8.258031374025));
#1283 = CARTESIAN_POINT('',(22.,-15.05127690893,11.039499806096));
#1284 = CARTESIAN_POINT('',(22.,-14.99195134379,11.992171140768));
#1285 = CARTESIAN_POINT('',(22.,-14.93256133984,12.944838455972));
#1286 = CARTESIAN_POINT('',(22.,-14.87311823426,13.897502453332));
#1287 = CARTESIAN_POINT('',(22.,-14.81363234806,14.850163773489));
#1288 = CARTESIAN_POINT('',(22.,-14.75411298602,15.802822996096));
#1289 = CARTESIAN_POINT('',(22.,-14.63001874223,17.788215971964));
#1290 = CARTESIAN_POINT('',(22.,-14.56543941779,18.820949445257));
#1291 = CARTESIAN_POINT('',(22.,-14.50084103614,19.853681720331));
#1292 = CARTESIAN_POINT('',(22.,-14.43623266938,20.886413364215));
#1293 = CARTESIAN_POINT('',(22.,-14.3716218889,21.919144850343));
#1294 = CARTESIAN_POINT('',(22.,-14.30701476544,22.951876558554));
#1295 = CARTESIAN_POINT('',(22.,-14.19601857833,24.726354835784));
#1296 = CARTESIAN_POINT('',(22.,-14.14962551735,25.46810115767));
#1297 = CARTESIAN_POINT('',(22.,-14.10323837229,26.209847846152));
#1298 = CARTESIAN_POINT('',(22.,-14.05685840132,26.951594979845));
#1299 = CARTESIAN_POINT('',(22.,-14.01048643464,27.693342610569));
#1300 = CARTESIAN_POINT('',(22.,-13.9641228744,28.435090763349));
#1301 = CARTESIAN_POINT('',(22.,-13.8561084982,30.163474105309));
#1302 = CARTESIAN_POINT('',(22.,-13.79446410068,31.150109693055));
#1303 = CARTESIAN_POINT('',(22.,-13.73283446622,32.136746196993));
#1304 = CARTESIAN_POINT('',(22.,-13.67121811558,33.123383524464));
#1305 = CARTESIAN_POINT('',(22.,-13.60961212629,34.110021492819));
#1306 = CARTESIAN_POINT('',(22.,-13.54801213269,35.096659829414));
#1307 = CARTESIAN_POINT('',(22.,-13.44543727656,36.739591704045));
#1308 = CARTESIAN_POINT('',(22.,-13.40446229724,37.395885238119));
#1309 = CARTESIAN_POINT('',(22.,-13.36348567054,38.052178666699));
#1310 = CARTESIAN_POINT('',(22.,-13.32250537435,38.708471863542));
#1311 = CARTESIAN_POINT('',(22.,-13.28151908188,39.364764683296));
#1312 = CARTESIAN_POINT('',(22.,-13.24052416166,40.021056961502));
#1313 = CARTESIAN_POINT('',(22.,-13.14835788694,41.496139472999));
#1314 = CARTESIAN_POINT('',(22.,-13.09718008133,42.314929301137));
#1315 = CARTESIAN_POINT('',(22.,-13.04597856966,43.133717643827));
#1316 = CARTESIAN_POINT('',(22.,-12.99474686765,43.952504094853));
#1317 = CARTESIAN_POINT('',(22.,-12.9434776979,44.771288196959));
#1318 = CARTESIAN_POINT('',(22.,-12.89216298977,45.59006944185));
#1319 = CARTESIAN_POINT('',(22.,-12.74602384917,47.919397076433));
#1320 = CARTESIAN_POINT('',(22.,-12.65106862838,49.42993521693));
#1321 = CARTESIAN_POINT('',(22.,-12.55587236062,50.940458214532));
#1322 = CARTESIAN_POINT('',(22.,-12.46036967713,52.450961908636));
#1323 = CARTESIAN_POINT('',(22.,-12.36448510508,53.96144141774));
#1324 = CARTESIAN_POINT('',(22.,-12.26813247583,55.471891101986));
#1325 = CARTESIAN_POINT('',(22.,-12.08854562359,58.270648743054));
#1326 = CARTESIAN_POINT('',(22.,-12.00546547052,59.55896651055));
#1327 = CARTESIAN_POINT('',(22.,-11.92191334759,60.847253851655));
#1328 = CARTESIAN_POINT('',(22.,-11.83782277219,62.135506250568));
#1329 = CARTESIAN_POINT('',(22.,-11.75312090744,63.423718626169));
#1330 = CARTESIAN_POINT('',(22.,-11.66772816404,64.711885305958));
#1331 = CARTESIAN_POINT('',(22.,-11.58155780227,66.));
#1332 = PCURVE('',#535,#1333);
#1333 = DEFINITIONAL_REPRESENTATION('',(#1334),#1403);
#1334 = B_SPLINE_CURVE_WITH_KNOTS('',7,(#1335,#1336,#1337,#1338,#1339,
    #1340,#1341,#1342,#1343,#1344,#1345,#1346,#1347,#1348,#1349,#1350,
    #1351,#1352,#1353,#1354,#1355,#1356,#1357,#1358,#1359,#1360,#1361,
    #1362,#1363,#1364,#1365,#1366,#1367,#1368,#1369,#1370,#1371,#1372,
    #1373,#1374,#1375,#1376,#1377,#1378,#1379,#1380,#1381,#1382,#1383,
    #1384,#1385,#1386,#1387,#1388,#1389,#1390,#1391,#1392,#1393,#1394,
    #1395,#1396,#1397,#1398,#1399,#1400,#1401,#1402),.UNSPECIFIED.,.F.,
  .F.,(8,6,6,6,6,6,6,6,6,6,6,8),(0.,0.299694958501,0.479174386933,
    0.576199539798,0.626743029664,0.681535061344,0.720888703078,
    0.773234826086,0.808054496586,0.851495603281,0.931639389579,1.),
  .UNSPECIFIED.);
#1335 = CARTESIAN_POINT('',(0.,-123.5769514545));
#1336 = CARTESIAN_POINT('',(5.659749429388,-123.5833543923));
#1337 = CARTESIAN_POINT('',(11.319226384537,-123.6637881953));
#1338 = CARTESIAN_POINT('',(16.977653572161,-123.8045069948));
#1339 = CARTESIAN_POINT('',(22.634545646152,-123.9942832582));
#1340 = CARTESIAN_POINT('',(28.289733368173,-124.2235568007));
#1341 = CARTESIAN_POINT('',(33.943371140714,-124.4842019366));
#1342 = CARTESIAN_POINT('',(42.981116980077,-124.9401097262));
#1343 = CARTESIAN_POINT('',(46.365845431137,-125.1196574635));
#1344 = CARTESIAN_POINT('',(49.75018135648,-125.3065093598));
#1345 = CARTESIAN_POINT('',(53.134179159474,-125.4993459698));
#1346 = CARTESIAN_POINT('',(56.517893616824,-125.6969961317));
#1347 = CARTESIAN_POINT('',(59.901380091132,-125.8984330949));
#1348 = CARTESIAN_POINT('',(65.113687126743,-126.2132451203));
#1349 = CARTESIAN_POINT('',(66.942628506596,-126.3245621732));
#1350 = CARTESIAN_POINT('',(68.771526527498,-126.4365898701));
#1351 = CARTESIAN_POINT('',(70.600388603932,-126.549201896));
#1352 = CARTESIAN_POINT('',(72.42922150892,-126.6622848374));
#1353 = CARTESIAN_POINT('',(74.258031374025,-126.7757381817));
#1354 = CARTESIAN_POINT('',(77.039499806096,-126.948723091));
#1355 = CARTESIAN_POINT('',(77.992171140768,-127.0080486562));
#1356 = CARTESIAN_POINT('',(78.944838455972,-127.0674386601));
#1357 = CARTESIAN_POINT('',(79.897502453332,-127.1268817657));
#1358 = CARTESIAN_POINT('',(80.850163773489,-127.1863676519));
#1359 = CARTESIAN_POINT('',(81.802822996096,-127.2458870139));
#1360 = CARTESIAN_POINT('',(83.788215971964,-127.3699812577));
#1361 = CARTESIAN_POINT('',(84.820949445257,-127.4345605822));
#1362 = CARTESIAN_POINT('',(85.853681720331,-127.4991589638));
#1363 = CARTESIAN_POINT('',(86.886413364215,-127.5637673306));
#1364 = CARTESIAN_POINT('',(87.919144850343,-127.628378111));
#1365 = CARTESIAN_POINT('',(88.951876558554,-127.6929852345));
#1366 = CARTESIAN_POINT('',(90.726354835784,-127.8039814216));
#1367 = CARTESIAN_POINT('',(91.46810115767,-127.8503744826));
#1368 = CARTESIAN_POINT('',(92.209847846152,-127.8967616277));
#1369 = CARTESIAN_POINT('',(92.951594979845,-127.9431415986));
#1370 = CARTESIAN_POINT('',(93.693342610569,-127.9895135653));
#1371 = CARTESIAN_POINT('',(94.435090763349,-128.0358771255));
#1372 = CARTESIAN_POINT('',(96.163474105309,-128.1438915017));
#1373 = CARTESIAN_POINT('',(97.150109693055,-128.2055358993));
#1374 = CARTESIAN_POINT('',(98.136746196993,-128.2671655337));
#1375 = CARTESIAN_POINT('',(99.123383524464,-128.3287818844));
#1376 = CARTESIAN_POINT('',(100.11002149281,-128.3903878737));
#1377 = CARTESIAN_POINT('',(101.09665982941,-128.4519878673));
#1378 = CARTESIAN_POINT('',(102.73959170404,-128.5545627234));
#1379 = CARTESIAN_POINT('',(103.39588523811,-128.5955377027));
#1380 = CARTESIAN_POINT('',(104.05217866669,-128.6365143294));
#1381 = CARTESIAN_POINT('',(104.70847186354,-128.6774946256));
#1382 = CARTESIAN_POINT('',(105.36476468329,-128.7184809181));
#1383 = CARTESIAN_POINT('',(106.0210569615,-128.7594758383));
#1384 = CARTESIAN_POINT('',(107.49613947299,-128.851642113));
#1385 = CARTESIAN_POINT('',(108.31492930113,-128.9028199186));
#1386 = CARTESIAN_POINT('',(109.13371764382,-128.9540214303));
#1387 = CARTESIAN_POINT('',(109.95250409485,-129.0052531323));
#1388 = CARTESIAN_POINT('',(110.77128819695,-129.0565223021));
#1389 = CARTESIAN_POINT('',(111.59006944185,-129.1078370102));
#1390 = CARTESIAN_POINT('',(113.91939707643,-129.2539761508));
#1391 = CARTESIAN_POINT('',(115.42993521693,-129.3489313716));
#1392 = CARTESIAN_POINT('',(116.94045821453,-129.4441276393));
#1393 = CARTESIAN_POINT('',(118.45096190863,-129.5396303228));
#1394 = CARTESIAN_POINT('',(119.96144141774,-129.6355148949));
#1395 = CARTESIAN_POINT('',(121.47189110198,-129.7318675241));
#1396 = CARTESIAN_POINT('',(124.27064874305,-129.9114543764));
#1397 = CARTESIAN_POINT('',(125.55896651055,-129.9945345294));
#1398 = CARTESIAN_POINT('',(126.84725385165,-130.0780866524));
#1399 = CARTESIAN_POINT('',(128.13550625056,-130.1621772278));
#1400 = CARTESIAN_POINT('',(129.42371862616,-130.2468790925));
#1401 = CARTESIAN_POINT('',(130.71188530595,-130.3322718359));
#1402 = CARTESIAN_POINT('',(132.,-130.4184421977));
#1403 = ( GEOMETRIC_REPRESENTATION_CONTEXT(2) 
PARAMETRIC_REPRESENTATION_CONTEXT() REPRESENTATION_CONTEXT('2D SPACE',''
  ) );
#1404 = PCURVE('',#913,#1405);
#1405 = DEFINITIONAL_REPRESENTATION('',(#1406),#1475);
#1406 = B_SPLINE_CURVE_WITH_KNOTS('',7,(#1407,#1408,#1409,#1410,#1411,
    #1412,#1413,#1414,#1415,#1416,#1417,#1418,#1419,#1420,#1421,#1422,
    #1423,#1424,#1425,#1426,#1427,#1428,#1429,#1430,#1431,#1432,#1433,
    #1434,#1435,#1436,#1437,#1438,#1439,#1440,#1441,#1442,#1443,#1444,
    #1445,#1446,#1447,#1448,#1449,#1450,#1451,#1452,#1453,#1454,#1455,
    #1456,#1457,#1458,#1459,#1460,#1461,#1462,#1463,#1464,#1465,#1466,
    #1467,#1468,#1469,#1470,#1471,#1472,#1473,#1474),.UNSPECIFIED.,.F.,
  .F.,(8,6,6,6,6,6,6,6,6,6,6,8),(0.,0.299694958501,0.479174386933,
    0.576199539798,0.626743029664,0.681535061344,0.720888703078,
    0.773234826086,0.808054496586,0.851495603281,0.931639389579,1.),
  .UNSPECIFIED.);
#1407 = CARTESIAN_POINT('',(0.841123430242,0.275839849123));
#1408 = CARTESIAN_POINT('',(0.841147616636,0.295255086987));
#1409 = CARTESIAN_POINT('',(0.841451453506,0.314611585334));
#1410 = CARTESIAN_POINT('',(0.841983636295,0.33392605297));
#1411 = CARTESIAN_POINT('',(0.842711785498,0.353213350565));
#1412 = CARTESIAN_POINT('',(0.84361029657,0.372487153972));
#1413 = CARTESIAN_POINT('',(0.84465852672,0.391760237916));
#1414 = CARTESIAN_POINT('',(0.846545472107,0.422593550841));
#1415 = CARTESIAN_POINT('',(0.847299555373,0.434146305715));
#1416 = CARTESIAN_POINT('',(0.848097126573,0.445705314658));
#1417 = CARTESIAN_POINT('',(0.848934744492,0.457272752851));
#1418 = CARTESIAN_POINT('',(0.849809244673,0.468850564343));
#1419 = CARTESIAN_POINT('',(0.850717720815,0.480440464022));
#1420 = CARTESIAN_POINT('',(0.852165677656,0.498316673583));
#1421 = CARTESIAN_POINT('',(0.8526829408,0.504593376944));
#1422 = CARTESIAN_POINT('',(0.853208967052,0.510874272993));
#1423 = CARTESIAN_POINT('',(0.853743376459,0.517159570411));
#1424 = CARTESIAN_POINT('',(0.854285822692,0.523449454992));
#1425 = CARTESIAN_POINT('',(0.854835993045,0.52974408965));
#1426 = CARTESIAN_POINT('',(0.855684088038,0.53932523734));
#1427 = CARTESIAN_POINT('',(0.855976588878,0.542608187164));
#1428 = CARTESIAN_POINT('',(0.856271072069,0.545892483592));
#1429 = CARTESIAN_POINT('',(0.856567502306,0.549178144521));
#1430 = CARTESIAN_POINT('',(0.856865847864,0.552465186041));
#1431 = CARTESIAN_POINT('',(0.8571660806,0.555753622435));
#1432 = CARTESIAN_POINT('',(0.857795664579,0.562609844817));
#1433 = CARTESIAN_POINT('',(0.858125342613,0.566177877304));
#1434 = CARTESIAN_POINT('',(0.85845717854,0.56974757954));
#1435 = CARTESIAN_POINT('',(0.858791147382,0.573318964807));
#1436 = CARTESIAN_POINT('',(0.859127230695,0.576892043763));
#1437 = CARTESIAN_POINT('',(0.859465416569,0.580466824445));
#1438 = CARTESIAN_POINT('',(0.860050103374,0.586612076674));
#1439 = CARTESIAN_POINT('',(0.860295589217,0.589181721714));
#1440 = CARTESIAN_POINT('',(0.860542155282,0.59175224939));
#1441 = CARTESIAN_POINT('',(0.860789801905,0.594323660969));
#1442 = CARTESIAN_POINT('',(0.861038531638,0.596895956994));
#1443 = CARTESIAN_POINT('',(0.861288349245,0.599469137278));
#1444 = CARTESIAN_POINT('',(0.861873012131,0.605467083556));
#1445 = CARTESIAN_POINT('',(0.862208700165,0.608892529072));
#1446 = CARTESIAN_POINT('',(0.862546341796,0.612319535319));
#1447 = CARTESIAN_POINT('',(0.862885961712,0.615748097786));
#1448 = CARTESIAN_POINT('',(0.863227593302,0.619178209589));
#1449 = CARTESIAN_POINT('',(0.863571278652,0.622609861464));
#1450 = CARTESIAN_POINT('',(0.864147081582,0.628326729663));
#1451 = CARTESIAN_POINT('',(0.864378026026,0.630611093822));
#1452 = CARTESIAN_POINT('',(0.864609916963,0.632896130818));
#1453 = CARTESIAN_POINT('',(0.86484277157,0.635181836735));
#1454 = CARTESIAN_POINT('',(0.865076609117,0.637468207171));
#1455 = CARTESIAN_POINT('',(0.86531145097,0.639755237243));
#1456 = CARTESIAN_POINT('',(0.865841592113,0.644897042197));
#1457 = CARTESIAN_POINT('',(0.86613746366,0.647752181173));
#1458 = CARTESIAN_POINT('',(0.866434980585,0.650608328091));
#1459 = CARTESIAN_POINT('',(0.866734194337,0.653465471316));
#1460 = CARTESIAN_POINT('',(0.867035162454,0.656323597997));
#1461 = CARTESIAN_POINT('',(0.867337948572,0.659182694066));
#1462 = CARTESIAN_POINT('',(0.8682047102,0.667319203955));
#1463 = CARTESIAN_POINT('',(0.868773223551,0.672598910899));
#1464 = CARTESIAN_POINT('',(0.869348604161,0.677881769151));
#1465 = CARTESIAN_POINT('',(0.869931370196,0.683167668181));
#1466 = CARTESIAN_POINT('',(0.870522128107,0.688456482569));
#1467 = CARTESIAN_POINT('',(0.871121584437,0.693748071721));
#1468 = CARTESIAN_POINT('',(0.872249996278,0.703558104197));
#1469 = CARTESIAN_POINT('',(0.872776359044,0.708075833853));
#1470 = CARTESIAN_POINT('',(0.873310154883,0.712595371799));
#1471 = CARTESIAN_POINT('',(0.873851951735,0.717116612681));
#1472 = CARTESIAN_POINT('',(0.874402384873,0.72163944244));
#1473 = CARTESIAN_POINT('',(0.874962165246,0.726163738206));
#1474 = CARTESIAN_POINT('',(0.87553208782,0.730689368189));
#1475 = ( GEOMETRIC_REPRESENTATION_CONTEXT(2) 
PARAMETRIC_REPRESENTATION_CONTEXT() REPRESENTATION_CONTEXT('2D SPACE',''
  ) );
#1476 = ADVANCED_FACE('',(#1477),#364,.F.);
#1477 = FACE_BOUND('',#1478,.F.);
#1478 = EDGE_LOOP('',(#1479,#1480,#1481,#1482));
#1479 = ORIENTED_EDGE('',*,*,#746,.F.);
#1480 = ORIENTED_EDGE('',*,*,#322,.F.);
#1481 = ORIENTED_EDGE('',*,*,#1238,.T.);
#1482 = ORIENTED_EDGE('',*,*,#1483,.T.);
#1483 = EDGE_CURVE('',#1239,#747,#1484,.T.);
#1484 = SURFACE_CURVE('',#1485,(#1516,#1550),.PCURVE_S1.);
#1485 = B_SPLINE_CURVE_WITH_KNOTS('',8,(#1486,#1487,#1488,#1489,#1490,
    #1491,#1492,#1493,#1494,#1495,#1496,#1497,#1498,#1499,#1500,#1501,
    #1502,#1503,#1504,#1505,#1506,#1507,#1508,#1509,#1510,#1511,#1512,
    #1513,#1514,#1515),.UNSPECIFIED.,.F.,.F.,(9,7,7,7,9),(0.,
    0.240324949759,0.499991192976,0.874102748872,1.),.UNSPECIFIED.);
#1486 = CARTESIAN_POINT('',(22.,-18.42304854547,-66.));
#1487 = CARTESIAN_POINT('',(20.73014625672,-18.86484959052,-66.));
#1488 = CARTESIAN_POINT('',(19.447571943684,-19.26982409456,-66.));
#1489 = CARTESIAN_POINT('',(18.154161494614,-19.63982624148,-66.));
#1490 = CARTESIAN_POINT('',(16.851539978074,-19.97633506713,-66.));
#1491 = CARTESIAN_POINT('',(15.541107533413,-20.28058384776,-66.));
#1492 = CARTESIAN_POINT('',(14.224054456509,-20.55361705682,-66.));
#1493 = CARTESIAN_POINT('',(12.901366412224,-20.79630911363,-66.));
#1494 = CARTESIAN_POINT('',(10.139452221063,-21.23959700602,-66.));
#1495 = CARTESIAN_POINT('',(8.699569211135,-21.43520830372,-66.));
#1496 = CARTESIAN_POINT('',(7.255248461226,-21.59711896897,-66.));
#1497 = CARTESIAN_POINT('',(5.807490395066,-21.726000738,-66.));
#1498 = CARTESIAN_POINT('',(4.357232182698,-21.82233774234,-66.));
#1499 = CARTESIAN_POINT('',(2.90535044878,-21.88645253716,-66.));
#1500 = CARTESIAN_POINT('',(1.452662126062,-21.91851157034,-66.));
#1501 = CARTESIAN_POINT('',(-2.093095331055,-21.91850796352,-66.));
#1502 = CARTESIAN_POINT('',(-4.185734196074,-21.85195711796,-66.));
#1503 = CARTESIAN_POINT('',(-6.276022040942,-21.71890061479,-66.));
#1504 = CARTESIAN_POINT('',(-8.361575822908,-21.51859722213,-66.));
#1505 = CARTESIAN_POINT('',(-10.43961050498,-21.24965293485,-66.));
#1506 = CARTESIAN_POINT('',(-12.50692048142,-20.90993683185,-66.));
#1507 = CARTESIAN_POINT('',(-14.55986331382,-20.4964856252,-66.));
#1508 = CARTESIAN_POINT('',(-17.27888458926,-19.83936094307,-66.));
#1509 = CARTESIAN_POINT('',(-17.96136391902,-19.66505633196,-66.));
#1510 = CARTESIAN_POINT('',(-18.64152542679,-19.48173877836,-66.));
#1511 = CARTESIAN_POINT('',(-19.31917437534,-19.28922876907,-66.));
#1512 = CARTESIAN_POINT('',(-19.99409508685,-19.0873304808,-66.));
#1513 = CARTESIAN_POINT('',(-20.66605013759,-18.87582918401,-66.));
#1514 = CARTESIAN_POINT('',(-21.33477955253,-18.65448864673,-66.));
#1515 = CARTESIAN_POINT('',(-22.,-18.42304853848,-66.));
#1516 = PCURVE('',#364,#1517);
#1517 = DEFINITIONAL_REPRESENTATION('',(#1518),#1549);
#1518 = B_SPLINE_CURVE_WITH_KNOTS('',8,(#1519,#1520,#1521,#1522,#1523,
    #1524,#1525,#1526,#1527,#1528,#1529,#1530,#1531,#1532,#1533,#1534,
    #1535,#1536,#1537,#1538,#1539,#1540,#1541,#1542,#1543,#1544,#1545,
    #1546,#1547,#1548),.UNSPECIFIED.,.F.,.F.,(9,7,7,7,9),(0.,
    0.240324949759,0.499991192976,0.874102748872,1.),.UNSPECIFIED.);
#1519 = CARTESIAN_POINT('',(44.,123.57695145453));
#1520 = CARTESIAN_POINT('',(42.73014625672,123.13515040947));
#1521 = CARTESIAN_POINT('',(41.447571943684,122.73017590543));
#1522 = CARTESIAN_POINT('',(40.154161494614,122.36017375851));
#1523 = CARTESIAN_POINT('',(38.851539978074,122.02366493286));
#1524 = CARTESIAN_POINT('',(37.541107533413,121.71941615223));
#1525 = CARTESIAN_POINT('',(36.224054456509,121.44638294317));
#1526 = CARTESIAN_POINT('',(34.901366412224,121.20369088636));
#1527 = CARTESIAN_POINT('',(32.139452221063,120.76040299397));
#1528 = CARTESIAN_POINT('',(30.699569211135,120.56479169627));
#1529 = CARTESIAN_POINT('',(29.255248461226,120.40288103102));
#1530 = CARTESIAN_POINT('',(27.807490395066,120.27399926199));
#1531 = CARTESIAN_POINT('',(26.357232182698,120.17766225765));
#1532 = CARTESIAN_POINT('',(24.90535044878,120.11354746283));
#1533 = CARTESIAN_POINT('',(23.452662126062,120.08148842965));
#1534 = CARTESIAN_POINT('',(19.906904668945,120.08149203647));
#1535 = CARTESIAN_POINT('',(17.814265803926,120.14804288203));
#1536 = CARTESIAN_POINT('',(15.723977959058,120.2810993852));
#1537 = CARTESIAN_POINT('',(13.638424177092,120.48140277786));
#1538 = CARTESIAN_POINT('',(11.560389495014,120.75034706514));
#1539 = CARTESIAN_POINT('',(9.493079518572,121.09006316814));
#1540 = CARTESIAN_POINT('',(7.440136686178,121.50351437479));
#1541 = CARTESIAN_POINT('',(4.721115410736,122.16063905693));
#1542 = CARTESIAN_POINT('',(4.038636080977,122.33494366803));
#1543 = CARTESIAN_POINT('',(3.358474573203,122.51826122163));
#1544 = CARTESIAN_POINT('',(2.680825624658,122.71077123092));
#1545 = CARTESIAN_POINT('',(2.005904913149,122.91266951919));
#1546 = CARTESIAN_POINT('',(1.333949862408,123.12417081598));
#1547 = CARTESIAN_POINT('',(0.665220447463,123.34551135326));
#1548 = CARTESIAN_POINT('',(0.,123.57695146151));
#1549 = ( GEOMETRIC_REPRESENTATION_CONTEXT(2) 
PARAMETRIC_REPRESENTATION_CONTEXT() REPRESENTATION_CONTEXT('2D SPACE',''
  ) );
#1550 = PCURVE('',#913,#1551);
#1551 = DEFINITIONAL_REPRESENTATION('',(#1552),#1583);
#1552 = B_SPLINE_CURVE_WITH_KNOTS('',8,(#1553,#1554,#1555,#1556,#1557,
    #1558,#1559,#1560,#1561,#1562,#1563,#1564,#1565,#1566,#1567,#1568,
    #1569,#1570,#1571,#1572,#1573,#1574,#1575,#1576,#1577,#1578,#1579,
    #1580,#1581,#1582),.UNSPECIFIED.,.F.,.F.,(9,7,7,7,9),(0.,
    0.240324949759,0.499991192976,0.874102748872,1.),.UNSPECIFIED.);
#1553 = CARTESIAN_POINT('',(0.841123430242,0.275839849123));
#1554 = CARTESIAN_POINT('',(0.835202113896,0.275839849123));
#1555 = CARTESIAN_POINT('',(0.829383764494,0.275839849123));
#1556 = CARTESIAN_POINT('',(0.823654809452,0.275839849123));
#1557 = CARTESIAN_POINT('',(0.818004109053,0.275839849123));
#1558 = CARTESIAN_POINT('',(0.812421916814,0.275839849123));
#1559 = CARTESIAN_POINT('',(0.806899334536,0.275839849123));
#1560 = CARTESIAN_POINT('',(0.801428001245,0.275839849123));
#1561 = CARTESIAN_POINT('',(0.790134645235,0.275839849123));
#1562 = CARTESIAN_POINT('',(0.784320468506,0.275839849123));
#1563 = CARTESIAN_POINT('',(0.778547239184,0.275839849123));
#1564 = CARTESIAN_POINT('',(0.772806050255,0.275839849123));
#1565 = CARTESIAN_POINT('',(0.767088655008,0.275839849123));
#1566 = CARTESIAN_POINT('',(0.761387113519,0.275839849123));
#1567 = CARTESIAN_POINT('',(0.755693504142,0.275839849123));
#1568 = CARTESIAN_POINT('',(0.741796408344,0.275839849123));
#1569 = CARTESIAN_POINT('',(0.733594603796,0.275839849123));
#1570 = CARTESIAN_POINT('',(0.725368810842,0.275839849123));
#1571 = CARTESIAN_POINT('',(0.717095180994,0.275839849123));
#1572 = CARTESIAN_POINT('',(0.708749714263,0.275839849123));
#1573 = CARTESIAN_POINT('',(0.700306464277,0.275839849123));
#1574 = CARTESIAN_POINT('',(0.691735919183,0.275839849123));
#1575 = CARTESIAN_POINT('',(0.680059651333,0.275839849123));
#1576 = CARTESIAN_POINT('',(0.677101098584,0.275839849123));
#1577 = CARTESIAN_POINT('',(0.674122562089,0.275839849123));
#1578 = CARTESIAN_POINT('',(0.671122598068,0.275839849123));
#1579 = CARTESIAN_POINT('',(0.668099692096,0.275839849123));
#1580 = CARTESIAN_POINT('',(0.665052232966,0.275839849123));
#1581 = CARTESIAN_POINT('',(0.661978486562,0.275839849123));
#1582 = CARTESIAN_POINT('',(0.658876569722,0.275839849123));
#1583 = ( GEOMETRIC_REPRESENTATION_CONTEXT(2) 
PARAMETRIC_REPRESENTATION_CONTEXT() REPRESENTATION_CONTEXT('2D SPACE',''
  ) );
#1584 = ADVANCED_FACE('',(#1585),#913,.F.);
#1585 = FACE_BOUND('',#1586,.F.);
#1586 = EDGE_LOOP('',(#1587,#1588,#1589,#1590));
#1587 = ORIENTED_EDGE('',*,*,#769,.F.);
#1588 = ORIENTED_EDGE('',*,*,#1483,.F.);
#1589 = ORIENTED_EDGE('',*,*,#1261,.T.);
#1590 = ORIENTED_EDGE('',*,*,#1089,.T.);
#1591 = ( GEOMETRIC_REPRESENTATION_CONTEXT(3) 
GLOBAL_UNCERTAINTY_ASSIGNED_CONTEXT((#1595)) 
GLOBAL_UNIT_ASSIGNED_CONTEXT((#1592,#1593,#1594)) REPRESENTATION_CONTEXT
('Context #1','3D Context with UNIT and UNCERTAINTY') );
#1592 = ( LENGTH_UNIT() NAMED_UNIT(*) SI_UNIT(.MILLI.,.METRE.) );
#1593 = ( NAMED_UNIT(*) PLANE_ANGLE_UNIT() SI_UNIT($,.RADIAN.) );
#1594 = ( NAMED_UNIT(*) SI_UNIT($,.STERADIAN.) SOLID_ANGLE_UNIT() );
#1595 = UNCERTAINTY_MEASURE_WITH_UNIT(LENGTH_MEASURE(5.E-06),#1592,
  'distance_accuracy_value','confusion accuracy');
#1596 = PRODUCT_RELATED_PRODUCT_CATEGORY('part',$,(#7));
ENDSEC;
END-ISO-10303-21;
